job_id,energy_qpu_kwh,energy_cpu_kwh,energy_total_kwh,cost_energy_total,phi_qpu,phi_cpu,qpu_time_s,cpu_time_s,qpu_phase_s,qpu_idle_s,qpu_wait_s,cpu_wait_s,wait_total_s,qpu_turn_s,cpu_turn_s,turn_total_s,job_turnaround_s
0,0.1101,0.0001,0.1101,0.0198,1.0,0.0009082652134423251,5.661,0.0396,5.661,0.0,0.0,0.0,0.0,5.6610000000000005,0.039599999999999996,5.7006000000000006,5.7038
1,0.0768,0.005,0.0817,0.0147,0.9400244798041616,0.061199510403916774,4.3638,3.1537,4.3636,0.0,0.0,0.0,0.0,4.3636,3.1536999999999997,7.5173,7.5201
2,0.0655,0.0047,0.0702,0.0126,0.9330484330484331,0.06695156695156695,3.5364,2.8536,3.5362,0.0,0.0,0.0,0.0,3.5362,2.8536,6.3898,6.3944
3,0.075,0.0033,0.0783,0.0141,0.9578544061302682,0.0421455938697318,4.2618,2.295,4.2619,0.0001,0.0,0.0,0.0,4.261900000000001,2.2950000000000004,6.556900000000001,6.5525
4,0.1204,0.0,0.1204,0.0217,1.0,0.0,6.8442,0.0068,6.8441,0.0,0.0,0.0,0.0,6.8441,0.0068,6.8509,6.8512
5,0.1532,0.0004,0.1536,0.0276,0.9973958333333335,0.002604166666666667,8.0736,0.2301,8.0736,0.0,0.0,0.0,0.0,8.073599999999999,0.2301,8.3037,8.3005
6,0.1064,0.0093,0.1158,0.0208,0.9188255613126078,0.08031088082901554,5.8938,6.1623,7.8936,1.9998,0.0,0.0,0.0,7.893599999999999,6.1623,14.0559,14.0605
7,0.1672,0.0,0.1672,0.0301,1.0,0.0,10.0326,0.0081,10.033,0.0004,0.0,0.0,0.0,10.033,0.0081,10.0411,10.0399
8,0.0729,0.0001,0.0729,0.0131,1.0,0.0013717421124828531,4.0368,0.0349,4.0369,0.0001,0.0,0.0,0.0,4.0369,0.0349,4.0718000000000005,4.0678
9,0.1,0.0001,0.1001,0.018,0.9990009990009991,0.000999000999000999,5.6862,0.0347,5.6862,0.0,0.0,0.0,0.0,5.6862,0.0347,5.7209,5.7205
10,0.1113,0.0007,0.1121,0.0202,0.9928635147190008,0.006244424620874219,5.8662,0.4721,5.8664,0.0002,0.0,0.0,0.0,5.8664000000000005,0.4721,6.338500000000001,6.3362
11,0.1556,0.0033,0.1589,0.0286,0.9792322215229703,0.020767778477029576,9.0828,1.9869,9.0828,0.0,0.0,0.0,0.0,9.0828,1.9868999999999999,11.069700000000001,11.0689
12,0.1485,0.0006,0.1491,0.0268,0.9959758551307846,0.004024144869215291,7.6362,0.3775,7.6363,0.0001,0.0,0.0,0.0,7.6363,0.37749999999999995,8.0138,8.0185
13,0.1644,0.0017,0.1661,0.0299,0.9897652016857315,0.010234798314268512,9.3456,0.9964,14.3453,4.9997,0.0,0.0,0.0,14.345300000000002,0.9963999999999998,15.341700000000001,15.3368
14,0.0934,0.0016,0.095,0.0171,0.983157894736842,0.016842105263157894,5.046,1.0918,5.046,0.0,0.0,0.0,0.0,5.046,1.0917999999999999,6.1378,6.133
15,0.163,0.0005,0.1635,0.0294,0.9969418960244648,0.0030581039755351682,8.7996,0.3609,8.7994,0.0,0.0,0.0,0.0,8.799399999999999,0.3609,9.1603,9.1631
16,0.1328,0.0001,0.1328,0.0239,1.0,0.0007530120481927711,7.548,0.033,7.5479,0.0,0.0,0.0,0.0,7.5479,0.033,7.580900000000001,7.5786
17,0.1177,0.0006,0.1183,0.0213,0.9949281487743026,0.005071851225697379,6.6888,0.3742,6.6886,0.0,0.0,0.0,0.0,6.6886,0.37420000000000003,7.0628,7.0612
18,0.1277,0.0006,0.1283,0.0231,0.9953234606391271,0.0046765393608729534,7.0722,0.4092,8.0722,1.0,0.0,0.0,0.0,8.0722,0.4092,8.4814,8.4839
19,0.1533,0.0014,0.1547,0.0278,0.9909502262443438,0.009049773755656108,8.4912,0.8676,9.4912,1.0,0.0,0.0,0.0,9.491200000000001,0.8675999999999999,10.3588,10.3564
20,0.1096,0.0002,0.1098,0.0198,0.9981785063752278,0.0018214936247723135,6.2304,0.1413,8.2302,1.9998,0.0,0.0,0.0,8.230200000000002,0.1413,8.371500000000001,8.3696
21,0.1162,0.0027,0.1189,0.0214,0.977291841883936,0.022708158116063918,6.6042,1.6158,11.6046,5.0004,0.0,0.0,0.0,11.604599999999998,1.6158,13.220399999999998,13.223
22,0.0606,0.0,0.0606,0.0109,1.0,0.0,3.273,0.0147,4.2726,0.9996,0.0,0.0,0.0,4.2726,0.014700000000000001,4.2873,4.2899
23,0.1223,0.0,0.1223,0.022,1.0,0.0,6.6042,0.0072,6.6043,0.0001,0.0,0.0,0.0,6.604299999999999,0.0072,6.6114999999999995,6.6101
24,0.0808,0.0,0.0808,0.0145,1.0,0.0,4.7172,0.0028,4.7174,0.0002,0.0,0.0,0.0,4.7174,0.0028,4.720199999999999,4.7192
25,0.0748,0.0,0.0748,0.0135,1.0,0.0,4.0368,0.015,5.0368,1.0,0.0,0.0,0.0,5.0367999999999995,0.015000000000000001,5.051799999999999,5.0544
26,0.0766,0.0001,0.0767,0.0138,0.998696219035202,0.001303780964797914,4.0368,0.0637,4.0368,0.0,0.0,0.0,0.0,4.0367999999999995,0.0637,4.100499999999999,4.0977
27,0.0681,0.0024,0.0706,0.0127,0.9645892351274787,0.03399433427762039,3.774,1.6291,3.7739,0.0,0.0,0.0,0.0,3.7739000000000003,1.6291,5.4030000000000005,5.4049
28,0.1079,0.0076,0.1155,0.0208,0.9341991341991341,0.0658008658008658,5.6862,5.1463,6.6863,1.0001,0.0,0.0,0.0,6.6863,5.1463,11.8326,11.8299
29,0.0808,0.0,0.0808,0.0145,1.0,0.0,4.7172,0.0056,5.7174,1.0002,0.0,0.0,0.0,5.7174,0.005600000000000001,5.723,5.7213
30,0.0426,0.0052,0.0478,0.0086,0.8912133891213389,0.10878661087866108,2.3574,3.3895,2.3574,0.0,0.0,0.0,0.0,2.3574,3.3895000000000004,5.7469,5.7508
31,0.1682,0.0019,0.1701,0.0306,0.988830099941211,0.011169900058788948,9.0828,1.0917,9.083,0.0002,0.0,0.0,0.0,9.083,1.0917,10.1747,10.1712
32,0.0985,0.0004,0.0989,0.0178,0.9959555106167847,0.004044489383215369,5.4546,0.2767,5.4545,0.0,0.0,0.0,0.0,5.4544999999999995,0.2767,5.731199999999999,5.7278
33,0.1239,0.0001,0.1239,0.0223,1.0,0.0008071025020177563,6.6888,0.0331,6.6885,0.0,0.0,0.0,0.0,6.6884999999999994,0.0331,6.7216,6.7196
34,0.1556,0.0008,0.1564,0.0282,0.9948849104859333,0.005115089514066496,9.0828,0.5089,10.0831,1.0003,0.0,0.0,0.0,10.0831,0.5089,10.592,10.5945
35,0.0478,0.003,0.0508,0.0092,0.9409448818897639,0.05905511811023623,2.718,1.919,2.718,0.0,0.0,0.0,0.0,2.718,1.919,4.6370000000000005,4.642
36,0.1125,0.0,0.1125,0.0203,1.0,0.0,6.2304,0.0069,6.2303,0.0,0.0,0.0,0.0,6.2303,0.0069,6.2372,6.2383
37,0.0621,0.0,0.0622,0.0112,0.9983922829581994,0.0,3.273,0.0198,3.2729,0.0,0.0,0.0,0.0,3.2729,0.019799999999999998,3.2927,3.2909
38,0.0577,0.0013,0.059,0.0106,0.9779661016949154,0.022033898305084745,3.1152,0.7816,4.115,0.9998,0.0,0.0,0.0,4.115,0.7816000000000001,4.8966,4.8993
39,0.0961,0.0,0.0962,0.0173,0.9989604989604991,0.0,5.1918,0.0051,5.1918,0.0,0.0,0.0,0.0,5.191799999999999,0.0051,5.1968999999999985,5.2014
40,0.1589,0.0005,0.1594,0.0287,0.9968632371392725,0.0031367628607277295,8.7996,0.2927,8.7995,0.0,0.0,0.0,0.0,8.799499999999998,0.2927,9.092199999999998,9.0951
41,0.0577,0.0064,0.0642,0.0115,0.898753894080997,0.09968847352024923,3.1968,4.1217,3.1966,0.0,0.0,0.0,0.0,3.1966,4.1217,7.3183,7.3186
42,0.0575,0.0002,0.0577,0.0104,0.9965337954939342,0.003466204506065858,3.0276,0.1447,3.0277,0.0001,0.0,0.0,0.0,3.0277,0.1447,3.1723999999999997,3.1694
43,0.0906,0.0001,0.0907,0.0163,0.9988974641675854,0.0011025358324145535,5.436,0.048,5.436,0.0,0.0,0.0,0.0,5.436,0.048,5.484,5.4818
44,0.0688,0.0,0.0688,0.0124,1.0,0.0,3.9108,0.0222,3.9109,0.0001,0.0,0.0,0.0,3.9109000000000007,0.022199999999999998,3.9331000000000005,3.9358
45,0.0426,0.0,0.0426,0.0077,1.0,0.0,2.3574,0.0278,2.3574,0.0,0.0,0.0,0.0,2.3574,0.027799999999999995,2.3852,2.3889
46,0.1746,0.0045,0.1792,0.0322,0.9743303571428572,0.02511160714285714,9.4296,2.9712,9.4296,0.0,0.0,0.0,0.0,9.4296,2.9712000000000005,12.4008,12.397
47,0.0592,0.0036,0.0628,0.0113,0.9426751592356689,0.05732484076433121,3.1968,2.1778,3.1966,0.0,0.0,0.0,0.0,3.1966,2.1778,5.3744,5.3746
48,0.0821,0.0,0.0822,0.0148,0.9987834549878347,0.0,4.5492,0.0298,4.549,0.0,0.0,0.0,0.0,4.5489999999999995,0.0298,4.578799999999999,4.5779
49,0.1454,0.0034,0.1489,0.0268,0.9764942914707857,0.022834116856950974,8.727,2.1507,8.7273,0.0003,0.0,0.0,0.0,8.7273,2.1507,10.878,10.8807
50,0.0794,0.0001,0.0795,0.0143,0.9987421383647799,0.0012578616352201257,4.6344,0.093,4.6342,0.0,0.0,0.0,0.0,4.6342,0.093,4.7272,4.7312
51,0.0901,0.0,0.0901,0.0162,1.0,0.0,4.6344,0.0107,4.634,0.0,0.0,0.0,0.0,4.634,0.010700000000000001,4.6447,4.6423
52,0.1651,0.0,0.1651,0.0297,1.0,0.0,8.4912,0.0059,8.4912,0.0,0.0,0.0,0.0,8.491200000000001,0.0059,8.497100000000001,8.4984
53,0.1631,0.0023,0.1654,0.0298,0.9860943168077388,0.013905683192261185,9.2682,1.4585,9.2682,0.0,0.0,0.0,0.0,9.2682,1.4585000000000001,10.726700000000001,10.7307
54,0.199,0.0,0.199,0.0358,1.0,0.0,10.2354,0.006,10.2354,0.0,0.0,0.0,0.0,10.2354,0.006,10.2414,10.2455
55,0.1576,0.0012,0.1587,0.0286,0.9930686830497794,0.007561436672967863,8.727,0.7457,8.7273,0.0003,0.0,0.0,0.0,8.727299999999998,0.7456999999999998,9.472999999999997,9.4733
56,0.0524,0.0018,0.0542,0.0098,0.9667896678966791,0.033210332103321034,2.8302,1.0419,2.8305,0.0003,0.0,0.0,0.0,2.8305,1.0419,3.8724,3.8678
57,0.1059,0.0001,0.106,0.0191,0.9990566037735849,0.0009433962264150945,5.8662,0.0706,5.8663,0.0001,0.0,0.0,0.0,5.866300000000001,0.0706,5.9369000000000005,5.9356
58,0.0874,0.0017,0.0891,0.016,0.9809203142536477,0.019079685746352413,4.7172,1.0675,4.7173,0.0001,0.0,0.0,0.0,4.7173,1.0675000000000001,5.7848,5.7836
59,0.1673,0.0081,0.1754,0.0316,0.9538198403648803,0.046180159635119726,9.2682,5.424,9.2682,0.0,0.0,0.0,0.0,9.2682,5.424,14.6922,14.6895
60,0.1461,0.0002,0.1464,0.0263,0.9979508196721312,0.001366120218579235,8.307,0.1279,8.3069,0.0,0.0,0.0,0.0,8.3069,0.1279,8.434800000000001,8.4365
61,0.1765,0.0,0.1765,0.0318,1.0,0.0,10.0326,0.0281,10.0329,0.0003,0.0,0.0,0.0,10.0329,0.0281,10.061,10.059
62,0.1308,0.0071,0.138,0.0248,0.9478260869565217,0.05144927536231884,7.0644,4.5174,7.0645,0.0001,0.0,0.0,0.0,7.064500000000001,4.517399999999999,11.581900000000001,11.5852
63,0.1858,0.0,0.1858,0.0334,1.0,0.0,10.0326,0.0115,10.033,0.0004,0.0,0.0,0.0,10.033,0.0115,10.0445,10.0468
64,0.1177,0.0001,0.1178,0.0212,0.999151103565365,0.0008488964346349745,7.0644,0.034,7.0646,0.0002,0.0,0.0,0.0,7.0646,0.034,7.0986,7.1031
65,0.0956,0.0,0.0956,0.0172,1.0,0.0,5.436,0.0071,5.4357,0.0,0.0,0.0,0.0,5.435700000000001,0.0070999999999999995,5.442800000000001,5.4419
66,0.1064,0.0102,0.1166,0.021,0.9125214408233276,0.0874785591766724,5.8938,6.4818,5.8935,0.0,0.0,0.0,0.0,5.8934999999999995,6.4818,12.3753,12.3748
67,0.1239,0.0012,0.1251,0.0225,0.9904076738609113,0.009592326139088728,6.6888,0.6969,6.6886,0.0,0.0,0.0,0.0,6.6886,0.6969000000000001,7.3855,7.3869
68,0.1162,0.0,0.1162,0.0209,1.0,0.0,6.6042,0.0302,6.6042,0.0,0.0,0.0,0.0,6.6042,0.030200000000000005,6.634399999999999,6.6304
69,0.1204,0.0014,0.1218,0.0219,0.9885057471264367,0.011494252873563218,6.8442,0.8515,6.8442,0.0,0.0,0.0,0.0,6.8442,0.8515,7.6956999999999995,7.6991
70,0.0648,0.0001,0.0649,0.0117,0.9984591679506933,0.0015408320493066256,3.4116,0.0831,3.4117,0.0001,0.0,0.0,0.0,3.4116999999999997,0.08310000000000001,3.4947999999999997,3.4917
71,0.0561,0.0019,0.058,0.0104,0.9672413793103447,0.03275862068965517,3.0276,1.1942,3.0276,0.0,0.0,0.0,0.0,3.0276,1.1942,4.2218,4.2266
72,0.1895,0.0,0.1896,0.0341,0.9994725738396625,0.0,10.2354,0.0049,10.2353,0.0,0.0,0.0,0.0,10.2353,0.0049,10.2402,10.2353
73,0.1048,0.0,0.1049,0.0189,0.9990467111534796,0.0,5.661,0.0249,5.6608,0.0,0.0,0.0,0.0,5.6608,0.024900000000000002,5.6857,5.6904
74,0.1618,0.0,0.1618,0.0291,1.0,0.0,8.5242,0.0187,8.5241,0.0,0.0,0.0,0.0,8.5241,0.0187,8.542800000000002,8.5477
75,0.1517,0.0,0.1518,0.0273,0.9993412384716733,0.0,7.8036,0.0098,7.8033,0.0,0.0,0.0,0.0,7.803299999999998,0.0098,7.813099999999999,7.8101
76,0.1685,0.0059,0.1744,0.0314,0.9661697247706422,0.0338302752293578,9.0978,3.7908,9.098,0.0002,0.0,0.0,0.0,9.098,3.7908,12.8888,12.8896
77,0.0786,0.0005,0.0791,0.0142,0.9936788874841972,0.006321112515802781,4.7172,0.3319,4.7173,0.0001,0.0,0.0,0.0,4.7173,0.3319,5.0492,5.0523
78,0.0622,0.0014,0.0636,0.0115,0.9779874213836477,0.0220125786163522,3.5364,0.9219,3.5361,0.0,0.0,0.0,0.0,3.5361000000000002,0.9218999999999999,4.458,4.4535
79,0.0385,0.0009,0.0393,0.0071,0.9796437659033078,0.022900763358778626,2.0766,0.6405,2.0768,0.0002,0.0,0.0,0.0,2.0768,0.6405000000000001,2.7173,2.7188
80,0.1719,0.0001,0.172,0.031,0.9994186046511628,0.0005813953488372094,10.0326,0.0886,10.0327,0.0001,0.0,0.0,0.0,10.0327,0.0886,10.1213,10.118
81,0.0562,0.004,0.0603,0.0108,0.9320066334991708,0.06633499170812604,3.1968,2.4745,3.1965,0.0,0.0,0.0,0.0,3.1965000000000003,2.4745000000000004,5.671000000000001,5.6731
82,0.1472,0.0002,0.1474,0.0265,0.9986431478968792,0.00135685210312076,8.154,0.0968,8.1538,0.0,0.0,0.0,0.0,8.1538,0.0968,8.2506,8.2484
83,0.1182,0.0072,0.1254,0.0226,0.9425837320574162,0.057416267942583726,6.5454,4.5712,6.5454,0.0,0.0,0.0,0.0,6.545399999999999,4.5712,11.116599999999998,11.1133
84,0.1149,0.0,0.115,0.0207,0.9991304347826087,0.0,6.0552,0.0099,6.0552,0.0,0.0,0.0,0.0,6.0552,0.0099,6.0651,6.0604
85,0.1682,0.0,0.1682,0.0303,1.0,0.0,9.0828,0.0086,9.0828,0.0,0.0,0.0,0.0,9.0828,0.0086,9.0914,9.0958
86,0.1007,0.0047,0.1053,0.019,0.9563152896486229,0.0446343779677113,5.436,3.1393,5.4358,0.0,0.0,0.0,0.0,5.4357999999999995,3.1393,8.575099999999999,8.5754
87,0.1258,0.0,0.1258,0.0226,1.0,0.0,7.548,0.0079,7.5479,0.0,0.0,0.0,0.0,7.5479,0.007899999999999999,7.5558000000000005,7.5521
88,0.0985,0.0,0.0986,0.0177,0.9989858012170386,0.0,5.1918,0.0034,5.1918,0.0,0.0,0.0,0.0,5.191799999999999,0.0034000000000000002,5.195199999999999,5.1942
89,0.0353,0.0,0.0353,0.0064,1.0,0.0,1.9554,0.0162,1.9555,0.0001,0.0,0.0,0.0,1.9555000000000002,0.0162,1.9717000000000002,1.9727
90,0.1598,0.0007,0.1605,0.0289,0.995638629283489,0.004361370716510903,9.0828,0.4444,9.0828,0.0,0.0,0.0,0.0,9.0828,0.4444,9.5272,9.5268
91,0.1184,0.0,0.1184,0.0213,1.0,0.0,6.393,0.0245,6.393,0.0,0.0,0.0,0.0,6.393,0.024499999999999997,6.4174999999999995,6.4206
92,0.0424,0.0001,0.0426,0.0077,0.9953051643192489,0.002347417840375587,2.1816,0.087,2.1819,0.0003,0.0,0.0,0.0,2.1819,0.087,2.2689000000000004,2.2682
93,0.0395,0.0,0.0395,0.0071,1.0,0.0,2.1312,0.0156,2.1311,0.0,0.0,0.0,0.0,2.1311,0.015599999999999998,2.1467,2.1489
94,0.1154,0.0002,0.1156,0.0208,0.9982698961937717,0.001730103806228374,6.393,0.134,6.393,0.0,0.0,0.0,0.0,6.393,0.13399999999999998,6.527,6.5295
95,0.163,0.0003,0.1633,0.0294,0.9981628903857931,0.0018371096142069808,8.7996,0.2174,8.7996,0.0,0.0,0.0,0.0,8.7996,0.2174,9.017,9.0174
96,0.0688,0.0072,0.076,0.0137,0.9052631578947369,0.09473684210526316,3.9108,4.6276,3.9108,0.0,0.0,0.0,0.0,3.9108000000000005,4.6276,8.538400000000001,8.5401
97,0.142,0.0,0.142,0.0256,1.0,0.0,8.0736,0.0066,8.0738,0.0002,0.0,0.0,0.0,8.073799999999999,0.0066,8.0804,8.0778
98,0.1159,0.0001,0.116,0.0209,0.9991379310344828,0.0008620689655172414,6.951,0.084,6.9513,0.0003,0.0,0.0,0.0,6.9513,0.084,7.035299999999999,7.0337
99,0.1566,0.0037,0.1604,0.0289,0.9763092269326683,0.023067331670822946,8.2512,2.3443,8.2509,0.0,0.0,0.0,0.0,8.2509,2.3442999999999996,10.595199999999998,10.5963
100,0.1057,0.0,0.1057,0.019,1.0,0.0,5.436,0.0065,5.4358,0.0,0.0,0.0,0.0,5.4357999999999995,0.0065,5.4422999999999995,5.4413
101,0.1535,0.0039,0.1575,0.0283,0.9746031746031746,0.02476190476190476,8.727,2.5538,8.7272,0.0002,0.0,0.0,0.0,8.7272,2.5538,11.280999999999999,11.2795
102,0.0628,0.0001,0.0629,0.0113,0.9984101748807631,0.001589825119236884,3.4758,0.0983,3.4755,0.0,0.0,0.0,0.0,3.4755000000000003,0.0983,3.5738000000000003,3.5689
103,0.071,0.0001,0.0712,0.0128,0.997191011235955,0.001404494382022472,4.0368,0.0919,4.0368,0.0,0.0,0.0,0.0,4.0367999999999995,0.09190000000000001,4.128699999999999,4.1268
104,0.0769,0.0017,0.0786,0.0142,0.9783715012722646,0.021628498727735368,4.2618,1.0953,4.2621,0.0003,0.0,0.0,0.0,4.2621,1.0953,5.3574,5.3601
105,0.083,0.0,0.083,0.0149,1.0,0.0,4.7172,0.0111,4.7174,0.0002,0.0,0.0,0.0,4.7174,0.011100000000000002,4.7284999999999995,4.7314
106,0.1308,0.0033,0.1342,0.0242,0.9746646795827123,0.024590163934426226,7.0644,2.2897,7.0644,0.0,0.0,0.0,0.0,7.064400000000001,2.2897,9.3541,9.3563
107,0.1096,0.003,0.1126,0.0203,0.9733570159857904,0.02664298401420959,6.2304,1.9699,6.2303,0.0,0.0,0.0,0.0,6.2303,1.9699,8.200199999999999,8.2012
108,0.031,0.0,0.0311,0.0056,0.9967845659163987,0.0,1.812,0.0096,1.812,0.0,0.0,0.0,0.0,1.812,0.009600000000000001,1.8216,1.8244
109,0.0846,0.0001,0.0848,0.0153,0.9976415094339622,0.0011792452830188679,4.4592,0.0753,4.4589,0.0,0.0,0.0,0.0,4.4589,0.0753,4.5342,4.5358
110,0.0543,0.0,0.0543,0.0098,1.0,0.0,2.9334,0.0053,2.933,0.0,0.0,0.0,0.0,2.933,0.005300000000000001,2.9383,2.9409
111,0.1719,0.0014,0.1732,0.0312,0.9924942263279446,0.008083140877598153,10.0326,0.839,10.0329,0.0003,0.0,0.0,0.0,10.0329,0.8390000000000001,10.8719,10.8695
112,0.1204,0.0063,0.1267,0.0228,0.9502762430939226,0.049723756906077346,6.8442,4.3521,6.8439,0.0,0.0,0.0,0.0,6.8439,4.3521,11.196,11.1982
113,0.1615,0.0015,0.163,0.0293,0.9907975460122699,0.009202453987730062,8.307,0.8924,8.307,0.0,0.0,0.0,0.0,8.307,0.8924000000000001,9.1994,9.1979
114,0.1308,0.0,0.1308,0.0236,1.0,0.0,7.6362,0.0209,7.6363,0.0001,0.0,0.0,0.0,7.6363,0.020900000000000002,7.6572000000000005,7.6523
115,0.0355,0.0029,0.0384,0.0069,0.9244791666666666,0.07552083333333333,2.0184,1.8707,2.0184,0.0,0.0,0.0,0.0,2.0183999999999997,1.8707,3.8891,3.8883
116,0.1759,0.0001,0.176,0.0317,0.9994318181818183,0.0005681818181818183,9.2682,0.0419,9.2682,0.0,0.0,0.0,0.0,9.2682,0.0419,9.3101,9.3086
117,0.1086,0.0055,0.1142,0.0206,0.9509632224168126,0.04816112084063047,5.8662,3.4918,5.8663,0.0001,0.0,0.0,0.0,5.866300000000001,3.4918,9.3581,9.3604
118,0.0616,0.0005,0.0621,0.0112,0.9919484702093397,0.008051529790660225,3.4116,0.3153,3.4117,0.0001,0.0,0.0,0.0,3.4116999999999997,0.3153,3.727,3.7299
119,0.0355,0.0063,0.0418,0.0075,0.8492822966507176,0.1507177033492823,2.0184,3.565,2.0184,0.0,0.0,0.0,0.0,2.0183999999999997,3.5649999999999995,5.583399999999999,5.5795
120,0.1347,0.0004,0.1351,0.0243,0.9970392301998519,0.002960769800148039,7.4586,0.2836,7.4586,0.0,0.0,0.0,0.0,7.458600000000001,0.28359999999999996,7.7422,7.7412
121,0.0648,0.0001,0.0649,0.0117,0.9984591679506933,0.0015408320493066256,3.4116,0.092,3.4118,0.0002,0.0,0.0,0.0,3.4117999999999995,0.092,3.5037999999999996,3.5037
122,0.1706,0.0005,0.1711,0.0308,0.9970777323202805,0.0029222676797194622,10.2354,0.3259,10.2354,0.0,0.0,0.0,0.0,10.2354,0.3259,10.561300000000001,10.5624
123,0.0635,0.0022,0.0657,0.0118,0.9665144596651447,0.03348554033485541,3.3444,1.3786,3.3443,0.0,0.0,0.0,0.0,3.3443,1.3786,4.7229,4.7265
124,0.1474,0.0006,0.148,0.0266,0.995945945945946,0.004054054054054054,7.9608,0.3573,7.9607,0.0,0.0,0.0,0.0,7.9607,0.3573,8.318,8.3221
125,0.0408,0.0002,0.041,0.0074,0.9951219512195122,0.004878048780487805,2.3172,0.1406,2.317,0.0,0.0,0.0,0.0,2.317,0.1406,2.4576000000000002,2.4569
126,0.146,0.0004,0.1465,0.0264,0.9965870307167235,0.002730375426621161,8.5242,0.2843,8.524,0.0,0.0,0.0,0.0,8.524000000000001,0.2843,8.808300000000001,8.8103
127,0.0604,0.0073,0.0677,0.0122,0.8921713441654359,0.10782865583456426,3.3444,5.042,3.3442,0.0,0.0,0.0,0.0,3.3442,5.042,8.386199999999999,8.3818
128,0.1616,0.0,0.1616,0.0291,1.0,0.0,8.727,0.0049,8.7272,0.0002,0.0,0.0,0.0,8.7272,0.0049,8.732099999999999,8.7352
129,0.2027,0.0018,0.2046,0.0368,0.9907135874877809,0.00879765395894428,10.4268,1.2564,10.4267,0.0,0.0,0.0,0.0,10.4267,1.2564,11.6831,11.6818
130,0.142,0.0001,0.1421,0.0256,0.9992962702322307,0.0007037297677691766,8.0736,0.0311,8.0737,0.0001,0.0,0.0,0.0,8.073699999999999,0.0311,8.1048,8.1078
131,0.0365,0.0,0.0365,0.0066,1.0,0.0,2.1312,0.005,2.1311,0.0,0.0,0.0,0.0,2.1311,0.005000000000000001,2.1361,2.1315
132,0.0336,0.0,0.0336,0.006,1.0,0.0,1.812,0.0213,1.812,0.0,0.0,0.0,0.0,1.812,0.0213,1.8333000000000002,1.8286
133,0.1347,0.0031,0.1378,0.0248,0.9775036284470245,0.022496371552975326,7.4586,1.8572,7.4586,0.0,0.0,0.0,0.0,7.458600000000001,1.8571999999999997,9.3158,9.3168
134,0.1019,0.0,0.1019,0.0183,1.0,0.0,5.7924,0.0136,5.7927,0.0003,0.0,0.0,0.0,5.7927,0.0136,5.8063,5.811
135,0.0628,0.0113,0.074,0.0133,0.8486486486486486,0.1527027027027027,3.4758,7.7006,3.4757,0.0,0.0,0.0,0.0,3.4757,7.7006000000000006,11.176300000000001,11.1762
136,0.0743,0.0025,0.0768,0.0138,0.9674479166666669,0.032552083333333336,4.4592,1.5939,4.4591,0.0,0.0,0.0,0.0,4.4591,1.5939,6.053000000000001,6.0534
137,0.0691,0.0,0.0692,0.0125,0.9985549132947976,0.0,4.0368,0.0141,4.0369,0.0001,0.0,0.0,0.0,4.0369,0.014099999999999998,4.051,4.0481
138,0.1255,0.0001,0.1256,0.0226,0.999203821656051,0.0007961783439490447,6.951,0.0709,6.9511,0.0001,0.0,0.0,0.0,6.9511,0.0709,7.022,7.0193
139,0.1343,0.0005,0.1349,0.0243,0.9955522609340253,0.0037064492216456637,7.6362,0.3271,7.6365,0.0003,0.0,0.0,0.0,7.6365,0.3271,7.9636,7.9658
140,0.0934,0.0001,0.0936,0.0168,0.9978632478632478,0.0010683760683760685,5.046,0.0757,5.046,0.0,0.0,0.0,0.0,5.046,0.0757,5.121700000000001,5.1244
141,0.1301,0.0,0.1301,0.0234,1.0,0.0,6.6888,0.017,6.6884,0.0,0.0,0.0,0.0,6.6884,0.016999999999999998,6.7054,6.7005
142,0.1255,0.0032,0.1287,0.0232,0.975135975135975,0.024864024864024864,6.951,2.0286,6.9513,0.0003,0.0,0.0,0.0,6.9513,2.0286,8.9799,8.9764
143,0.1413,0.0001,0.1414,0.0254,0.9992927864214993,0.0007072135785007072,7.2684,0.0336,7.2684,0.0,0.0,0.0,0.0,7.268400000000001,0.0336,7.3020000000000005,7.3045
144,0.1601,0.0008,0.1609,0.029,0.9950279676817899,0.004972032318210069,9.0978,0.5021,9.0979,0.0001,0.0,0.0,0.0,9.0979,0.5021,9.6,9.6009
145,0.0355,0.0001,0.0356,0.0064,0.997191011235955,0.002808988764044944,2.0184,0.0766,2.0184,0.0,0.0,0.0,0.0,2.0183999999999997,0.07659999999999999,2.0949999999999998,2.0929
146,0.0619,0.0002,0.0622,0.0112,0.995176848874598,0.0032154340836012866,3.3444,0.1714,3.3443,0.0,0.0,0.0,0.0,3.3443,0.1714,3.5157,3.5116
147,0.0786,0.0003,0.0789,0.0142,0.9961977186311788,0.0038022813688212928,4.7148,0.2057,4.7149,0.0001,0.0,0.0,0.0,4.7149,0.20570000000000002,4.9206,4.9254
148,0.1059,0.0015,0.1074,0.0193,0.9860335195530726,0.013966480446927375,5.8662,0.9399,5.8663,0.0001,0.0,0.0,0.0,5.866300000000001,0.9399000000000001,6.8062000000000005,6.8014
149,0.1598,0.0,0.1599,0.0288,0.9993746091307067,0.0,9.5898,0.0289,9.5898,0.0,0.0,0.0,0.0,9.5898,0.0289,9.6187,9.6184
150,0.15,0.0073,0.1573,0.0283,0.9535918626827717,0.046408137317228225,8.5242,5.1254,8.5239,0.0,0.0,0.0,0.0,8.523900000000001,5.1254,13.6493,13.6514
151,0.0956,0.0001,0.0957,0.0172,0.9989550679205853,0.0010449320794148381,5.436,0.0574,5.4357,0.0,0.0,0.0,0.0,5.4357,0.05739999999999999,5.4931,5.4917
152,0.1539,0.0,0.1539,0.0277,1.0,0.0,8.5242,0.0037,8.5242,0.0,0.0,0.0,0.0,8.5242,0.0037,8.5279,8.529
153,0.1243,0.0004,0.1247,0.0225,0.9967923015236567,0.0032076984763432237,6.393,0.2919,6.3931,0.0001,0.0,0.0,0.0,6.3931000000000004,0.2919,6.6850000000000005,6.6807
154,0.1177,0.0001,0.1178,0.0212,0.999151103565365,0.0008488964346349745,6.0552,0.053,6.0552,0.0,0.0,0.0,0.0,6.0552,0.053,6.1082,6.1064
155,0.1038,0.0001,0.1039,0.0187,0.9990375360923965,0.0009624639076034648,6.2304,0.0599,6.2301,0.0,0.0,0.0,0.0,6.230099999999999,0.059899999999999995,6.289999999999999,6.2855
156,0.0442,0.0,0.0443,0.008,0.997742663656885,0.0,2.2746,0.0207,2.2746,0.0,0.0,0.0,0.0,2.2746,0.0207,2.2953,2.291
157,0.0676,0.0002,0.0678,0.0122,0.9970501474926253,0.0029498525073746317,3.4758,0.1341,3.4756,0.0,0.0,0.0,0.0,3.4756000000000005,0.1341,3.6097000000000006,3.6134
158,0.1242,0.0003,0.1245,0.0224,0.9975903614457832,0.0024096385542168672,6.5454,0.1677,6.5454,0.0,0.0,0.0,0.0,6.545399999999999,0.16770000000000002,6.713099999999999,6.7113
159,0.1615,0.0005,0.162,0.0292,0.9969135802469136,0.0030864197530864196,8.307,0.3229,8.307,0.0,0.0,0.0,0.0,8.307,0.3229,8.629900000000001,8.6261
160,0.149,0.0001,0.149,0.0268,1.0,0.0006711409395973155,8.2512,0.0392,8.2509,0.0,0.0,0.0,0.0,8.2509,0.0392,8.290099999999999,8.2889
161,0.1312,0.0001,0.1313,0.0236,0.9992383853769993,0.0007616146230007616,7.4586,0.0356,7.4586,0.0,0.0,0.0,0.0,7.458600000000001,0.0356,7.4942,7.4968
162,0.1279,0.0056,0.1335,0.024,0.9580524344569289,0.04194756554307116,7.2684,3.455,7.2685,0.0001,0.0,0.0,0.0,7.2685,3.455,10.723500000000001,10.7214
163,0.0724,0.0061,0.0786,0.0141,0.9211195928753181,0.07760814249363868,3.9108,3.9021,3.9108,0.0,0.0,0.0,0.0,3.9108000000000005,3.9021000000000003,7.812900000000001,7.8128
164,0.0548,0.0,0.0549,0.0099,0.9981785063752278,0.0,3.1152,0.028,3.1152,0.0,0.0,0.0,0.0,3.1152,0.028,3.1432,3.1464
165,0.1558,0.0,0.1558,0.028,1.0,0.0,9.3456,0.0043,9.3454,0.0,0.0,0.0,0.0,9.345400000000001,0.0043,9.349700000000002,9.3476
166,0.0534,0.0008,0.0541,0.0097,0.9870609981515712,0.014787430683918669,3.1152,0.5138,3.115,0.0,0.0,0.0,0.0,3.115,0.5138,3.6288,3.6254
167,0.0575,0.0001,0.0575,0.0104,1.0,0.0017391304347826088,3.0276,0.0328,3.0276,0.0,0.0,0.0,0.0,3.0276,0.0328,3.0604,3.0564
168,0.1131,0.0022,0.1154,0.0208,0.9800693240901214,0.01906412478336222,6.6042,1.5447,6.6042,0.0,0.0,0.0,0.0,6.6042,1.5446999999999997,8.1489,8.1483
169,0.1213,0.0001,0.1215,0.0219,0.9983539094650207,0.000823045267489712,6.393,0.0715,6.3931,0.0001,0.0,0.0,0.0,6.3931000000000004,0.07150000000000001,6.464600000000001,6.4694
170,0.1724,0.0008,0.1732,0.0312,0.9953810623556583,0.004618937644341802,9.0828,0.5022,9.0828,0.0,0.0,0.0,0.0,9.0828,0.5022,9.585,9.5878
171,0.1007,0.0028,0.1035,0.0186,0.9729468599033817,0.02705314009661836,5.436,1.8611,5.436,0.0,0.0,0.0,0.0,5.436,1.8611000000000002,7.2971,7.2992
172,0.1162,0.0,0.1162,0.0209,1.0,0.0,6.6042,0.0068,6.6044,0.0002,0.0,0.0,0.0,6.6044,0.0068,6.6112,6.6157
173,0.15,0.0002,0.1502,0.027,0.9986684420772303,0.0013315579227696406,8.307,0.1145,8.3069,0.0,0.0,0.0,0.0,8.3069,0.1145,8.4214,8.4191
174,0.096,0.0003,0.0962,0.0173,0.997920997920998,0.0031185031185031182,5.4546,0.1738,5.4545,0.0,0.0,0.0,0.0,5.4544999999999995,0.1738,5.628299999999999,5.6265
175,0.1126,0.0,0.1127,0.0203,0.9991126885536824,0.0,5.7924,0.02,5.7927,0.0003,0.0,0.0,0.0,5.7927,0.02,5.8126999999999995,5.811
176,0.0327,0.0,0.0327,0.0059,1.0,0.0,1.812,0.0121,1.8119,0.0,0.0,0.0,0.0,1.8119,0.0121,1.824,1.8279
177,0.0913,0.0036,0.0949,0.0171,0.9620653319283458,0.037934668071654375,5.1918,2.3111,5.1918,0.0,0.0,0.0,0.0,5.191799999999999,2.3111,7.502899999999999,7.5046
178,0.1556,0.0,0.1556,0.028,1.0,0.0,9.0828,0.0117,9.0829,0.0001,0.0,0.0,0.0,9.0829,0.011699999999999999,9.0946,9.0929
179,0.0828,0.0037,0.0866,0.0156,0.956120092378753,0.042725173210161664,4.3638,2.4852,4.3635,0.0,0.0,0.0,0.0,4.363499999999999,2.4852,6.848699999999999,6.8514
180,0.1724,0.0002,0.1726,0.0311,0.9988412514484356,0.0011587485515643105,9.0828,0.1344,9.0828,0.0,0.0,0.0,0.0,9.0828,0.13440000000000002,9.2172,9.2143
181,0.1455,0.0043,0.1498,0.027,0.9712950600801068,0.02870493991989319,8.4912,2.8967,8.4913,0.0001,0.0,0.0,0.0,8.4913,2.8967,11.388000000000002,11.3928
182,0.1053,0.0001,0.1054,0.019,0.9990512333965845,0.0009487666034155599,5.6862,0.0869,5.6864,0.0002,0.0,0.0,0.0,5.6864,0.0869,5.7733,5.7684
183,0.1883,0.0,0.1883,0.0339,1.0,0.0,10.4268,0.0131,10.4267,0.0,0.0,0.0,0.0,10.4267,0.0131,10.4398,10.4394
184,0.1011,0.0002,0.1014,0.0182,0.9970414201183431,0.0019723865877712033,5.3274,0.1519,5.3274,0.0,0.0,0.0,0.0,5.3274,0.1519,5.4793,5.4777
185,0.0575,0.0003,0.0578,0.0104,0.994809688581315,0.005190311418685121,3.0276,0.2067,3.0277,0.0001,0.0,0.0,0.0,3.0277,0.2067,3.2344,3.2318
186,0.1598,0.0003,0.1601,0.0288,0.9981261711430356,0.0018738288569643971,9.5898,0.1913,9.5896,0.0,0.0,0.0,0.0,9.5896,0.1913,9.7809,9.7764
187,0.1125,0.0004,0.1129,0.0203,0.9964570416297609,0.00354295837023915,6.393,0.2604,6.3933,0.0003,0.0,0.0,0.0,6.3933,0.2604,6.6537,6.6532
188,0.0655,0.0006,0.0661,0.0119,0.9909228441754916,0.00907715582450832,3.5364,0.4388,3.5361,0.0,0.0,0.0,0.0,3.5361000000000002,0.43879999999999997,3.9749000000000003,3.9773
189,0.0961,0.0,0.0962,0.0173,0.9989604989604991,0.0,5.1918,0.0082,5.1919,0.0001,0.0,0.0,0.0,5.191899999999999,0.0082,5.200099999999999,5.2043
190,0.057,0.0002,0.0572,0.0103,0.9965034965034966,0.0034965034965034965,2.9334,0.1082,2.933,0.0,0.0,0.0,0.0,2.933,0.1082,3.0412,3.0394
191,0.1276,0.0002,0.1277,0.023,0.999216914643696,0.0015661707126076742,7.0644,0.1319,7.0646,0.0002,0.0,0.0,0.0,7.0646,0.13190000000000002,7.1965,7.1915
192,0.1558,0.0001,0.1559,0.0281,0.9993585631815265,0.0006414368184733803,9.3456,0.0703,9.3455,0.0,0.0,0.0,0.0,9.3455,0.0703,9.415799999999999,9.4143
193,0.1452,0.0051,0.1502,0.027,0.966711051930759,0.03395472703062583,8.2512,3.2052,8.251,0.0,0.0,0.0,0.0,8.251,3.2051999999999996,11.456199999999999,11.456
194,0.0543,0.0025,0.0568,0.0102,0.9559859154929577,0.04401408450704225,2.9334,1.7087,2.9333,0.0,0.0,0.0,0.0,2.9333000000000005,1.7087,4.642,4.6417
195,0.0524,0.0035,0.0559,0.0101,0.9373881932021467,0.06261180679785332,2.8302,2.07,2.8305,0.0003,0.0,0.0,0.0,2.8305,2.0700000000000003,4.9005,4.9025
196,0.0734,0.0003,0.0737,0.0133,0.9959294436906377,0.004070556309362279,3.774,0.2142,3.7739,0.0,0.0,0.0,0.0,3.7739,0.2142,3.9880999999999998,3.9877
197,0.0808,0.0035,0.0843,0.0152,0.9584816132858837,0.04151838671411625,4.3638,1.9873,4.3638,0.0,0.0,0.0,0.0,4.3637999999999995,1.9873,6.3511,6.3499
198,0.0961,0.0077,0.1039,0.0187,0.9249278152069297,0.07410972088546679,5.1918,4.4977,5.1918,0.0,0.0,0.0,0.0,5.191799999999999,4.4977,9.689499999999999,9.6874
199,0.1053,0.0092,0.1145,0.0206,0.9196506550218341,0.08034934497816594,5.6862,5.9628,5.6862,0.0,0.0,0.0,0.0,5.6862,5.9628,11.649000000000001,11.6507
200,0.0958,0.0,0.0958,0.0172,1.0,0.0,5.046,0.0037,5.0461,0.0001,0.0,0.0,0.0,5.0461,0.0037,5.0498,5.0489
201,0.0865,0.0001,0.0866,0.0156,0.9988452655889145,0.0011547344110854505,5.1918,0.038,5.1918,0.0,0.0,0.0,0.0,5.191799999999999,0.038,5.229799999999999,5.2347
202,0.1413,0.0,0.1414,0.0254,0.9992927864214993,0.0,8.2512,0.0117,8.2509,0.0,0.0,0.0,0.0,8.2509,0.011699999999999999,8.262599999999999,8.2628
203,0.1643,0.0003,0.1646,0.0296,0.9981773997569867,0.0018226002430133657,9.5898,0.2033,9.5898,0.0,0.0,0.0,0.0,9.5898,0.2033,9.7931,9.7962
204,0.1011,0.0008,0.102,0.0184,0.9911764705882353,0.007843137254901962,5.3274,0.5166,5.3278,0.0004,0.0,0.0,0.0,5.3278,0.5166000000000001,5.8444,5.8475
205,0.0548,0.0004,0.0552,0.0099,0.9927536231884059,0.007246376811594203,3.1152,0.269,3.1152,0.0,0.0,0.0,0.0,3.1152,0.269,3.3842000000000003,3.3804
206,0.1363,0.0055,0.1418,0.0255,0.961212976022567,0.038787023977433,7.548,3.8087,7.5479,0.0,0.0,0.0,0.0,7.5479,3.8087,11.3566,11.3603
207,0.0364,0.0001,0.0365,0.0066,0.9972602739726029,0.0027397260273972607,2.0184,0.0577,2.0184,0.0,0.0,0.0,0.0,2.0183999999999997,0.057699999999999994,2.0761,2.0732
208,0.1445,0.0012,0.1458,0.0262,0.9910836762688613,0.008230452674897118,7.8036,0.7147,7.8032,0.0,0.0,0.0,0.0,7.803199999999999,0.7147,8.5179,8.5163
209,0.1309,0.0006,0.1314,0.0237,0.9961948249619482,0.0045662100456621,7.248,0.3647,7.2478,0.0,0.0,0.0,0.0,7.2478,0.3647,7.6125,7.6096
210,0.1116,0.0,0.1116,0.0201,1.0,0.0,6.342,0.0043,6.342,0.0,0.0,0.0,0.0,6.3420000000000005,0.0043,6.3463,6.3498
211,0.0353,0.0,0.0353,0.0064,1.0,0.0,1.9554,0.0259,1.9554,0.0,0.0,0.0,0.0,1.9554000000000002,0.0259,1.9813000000000003,1.9798
212,0.1276,0.0069,0.1344,0.0242,0.9494047619047619,0.05133928571428572,7.0644,4.0255,7.0644,0.0,0.0,0.0,0.0,7.064400000000001,4.0255,11.0899,11.0924
213,0.1058,0.007,0.1128,0.0203,0.9379432624113476,0.06205673758865248,5.574,5.0175,5.574,0.0,0.0,0.0,0.0,5.574000000000001,5.0175,10.5915,10.5872
214,0.0671,0.0,0.0672,0.0121,0.9985119047619049,0.0,3.5364,0.0231,3.5362,0.0,0.0,0.0,0.0,3.5362,0.0231,3.5593,3.5548
215,0.0595,0.0,0.0596,0.0107,0.9983221476510067,0.0,3.4758,0.0242,3.4756,0.0,0.0,0.0,0.0,3.4756,0.0242,3.4998,3.5028
216,0.0344,0.0002,0.0346,0.0062,0.9942196531791908,0.005780346820809249,1.9554,0.1133,1.9556,0.0002,0.0,0.0,0.0,1.9556000000000002,0.11330000000000001,2.0689,2.0665
217,0.1036,0.0001,0.1037,0.0187,0.9990356798457087,0.0009643201542912247,5.3274,0.0722,5.3277,0.0003,0.0,0.0,0.0,5.3277,0.0722,5.3999,5.3955
218,0.1191,0.0021,0.1212,0.0218,0.9826732673267327,0.017326732673267325,6.951,1.3197,6.9512,0.0002,0.0,0.0,0.0,6.9512,1.3196999999999999,8.2709,8.2749
219,0.1119,0.0,0.1119,0.0201,1.0,0.0,5.8938,0.0217,5.8935,0.0,0.0,0.0,0.0,5.8934999999999995,0.0217,5.9152,5.9103
220,0.1146,0.0037,0.1183,0.0213,0.9687235841081994,0.03127641589180051,6.6888,2.1874,6.6886,0.0,0.0,0.0,0.0,6.6886,2.1874000000000002,8.876000000000001,8.8783
221,0.1213,0.0078,0.1292,0.0232,0.9388544891640866,0.06037151702786377,6.393,4.8983,6.3931,0.0001,0.0,0.0,0.0,6.3931,4.8983,11.2914,11.2959
222,0.06,0.0041,0.0641,0.0115,0.9360374414976598,0.06396255850234009,3.4116,2.9324,3.4118,0.0002,0.0,0.0,0.0,3.4117999999999995,2.9324,6.344199999999999,6.3444
223,0.0784,0.0001,0.0786,0.0141,0.9974554707379134,0.001272264631043257,4.4592,0.0791,4.4591,0.0,0.0,0.0,0.0,4.459099999999999,0.0791,4.5382,4.54
224,0.0769,0.0061,0.083,0.0149,0.9265060240963855,0.07349397590361446,4.1532,3.844,4.1535,0.0003,0.0,0.0,0.0,4.1535,3.844,7.9975000000000005,8.0023
225,0.0589,0.0026,0.0616,0.0111,0.9561688311688311,0.0422077922077922,3.5364,1.4864,3.5362,0.0,0.0,0.0,0.0,3.5362,1.4864,5.0226,5.0243
226,0.0729,0.0,0.0729,0.0131,1.0,0.0,4.0368,0.0067,4.0368,0.0,0.0,0.0,0.0,4.0367999999999995,0.0067,4.0435,4.0445
227,0.0635,0.0001,0.0635,0.0114,1.0,0.0015748031496062992,3.3444,0.0436,3.3444,0.0,0.0,0.0,0.0,3.3444,0.0436,3.388,3.3912
228,0.163,0.0062,0.1692,0.0305,0.963356973995272,0.03664302600472814,8.7996,4.0712,8.7994,0.0,0.0,0.0,0.0,8.799399999999999,4.0712,12.8706,12.8741
229,0.1223,0.0001,0.1224,0.022,0.9991830065359478,0.0008169934640522876,6.951,0.0488,6.9512,0.0002,0.0,0.0,0.0,6.9512,0.048799999999999996,7.0,6.9963
230,0.0849,0.0001,0.085,0.0153,0.9988235294117647,0.001176470588235294,4.3638,0.0863,4.3637,0.0,0.0,0.0,0.0,4.3637,0.08629999999999999,4.449999999999999,4.4516
231,0.0472,0.0,0.0472,0.0085,1.0,0.0,2.8302,0.0032,2.8303,0.0001,0.0,0.0,0.0,2.8303000000000003,0.0032,2.8335000000000004,2.8382
232,0.0982,0.0048,0.103,0.0185,0.9533980582524272,0.04660194174757282,5.436,3.2008,5.436,0.0,0.0,0.0,0.0,5.436,3.2007999999999996,8.6368,8.6339
233,0.1075,0.0001,0.1076,0.0194,0.9990706319702602,0.000929368029739777,5.661,0.0887,5.6608,0.0,0.0,0.0,0.0,5.6608,0.0887,5.7495,5.7481
234,0.1437,0.0013,0.145,0.0261,0.9910344827586207,0.00896551724137931,7.9608,0.8362,7.9607,0.0,0.0,0.0,0.0,7.960700000000001,0.8362,8.7969,8.7977
235,0.0654,0.0021,0.0675,0.0122,0.9688888888888888,0.031111111111111107,3.624,1.2805,3.6239,0.0,0.0,0.0,0.0,3.6239,1.2805,4.9044,4.9049
236,0.1383,0.0,0.1383,0.0249,1.0,0.0,8.0736,0.0127,8.0737,0.0001,0.0,0.0,0.0,8.073699999999999,0.0127,8.0864,8.0859
237,0.1258,0.0,0.1258,0.0226,1.0,0.0,7.548,0.0091,7.548,0.0,0.0,0.0,0.0,7.548,0.0091,7.5571,7.5604
238,0.1866,0.0006,0.1872,0.0337,0.9967948717948717,0.0032051282051282046,10.6086,0.3764,10.6083,0.0,0.0,0.0,0.0,10.6083,0.3764,10.9847,10.9894
239,0.038,0.0,0.0381,0.0069,0.9973753280839894,0.0,1.9554,0.0282,1.9556,0.0002,0.0,0.0,0.0,1.9556000000000002,0.028200000000000003,1.9838000000000002,1.9816
240,0.0841,0.0,0.0841,0.0151,1.0,0.0,5.046,0.017,5.0461,0.0001,0.0,0.0,0.0,5.0461,0.017,5.0631,5.0599
241,0.0589,0.0002,0.0591,0.0106,0.9966159052453469,0.0033840947546531306,3.0276,0.1253,3.0276,0.0,0.0,0.0,0.0,3.0276,0.1253,3.1529000000000003,3.1545
242,0.0375,0.0015,0.039,0.007,0.9615384615384615,0.038461538461538464,2.0766,1.1041,2.0766,0.0,0.0,0.0,0.0,2.0766,1.1041,3.1807,3.1844
243,0.1341,0.0,0.1341,0.0241,1.0,0.0,7.0644,0.0033,7.0647,0.0003,0.0,0.0,0.0,7.0647,0.0033,7.0680000000000005,7.0672
244,0.0636,0.0002,0.0639,0.0115,0.9953051643192489,0.003129890453834116,3.273,0.1502,3.273,0.0,0.0,0.0,0.0,3.273,0.15019999999999997,3.4232,3.4246
245,0.0895,0.0009,0.0904,0.0163,0.9900442477876107,0.00995575221238938,4.7148,0.6353,4.7148,0.0,0.0,0.0,0.0,4.7148,0.6353,5.3501,5.3502
246,0.0808,0.0005,0.0812,0.0146,0.9950738916256158,0.006157635467980296,4.1532,0.3187,4.1535,0.0003,0.0,0.0,0.0,4.1535,0.3187,4.4722,4.4763
247,0.1643,0.0059,0.1701,0.0306,0.9659024103468548,0.03468547912992357,9.5898,3.909,9.5896,0.0,0.0,0.0,0.0,9.5896,3.909,13.4986,13.5027
248,0.0772,0.0001,0.0774,0.0139,0.9974160206718348,0.0012919896640826874,4.6344,0.081,4.6343,0.0,0.0,0.0,0.0,4.6343,0.081,4.7153,4.7147
249,0.0785,0.001,0.0795,0.0143,0.9874213836477987,0.012578616352201259,4.0368,0.6614,4.0368,0.0,0.0,0.0,0.0,4.0367999999999995,0.6614,4.6982,4.7023
250,0.0808,0.0005,0.0813,0.0146,0.993849938499385,0.006150061500615006,4.3638,0.2979,4.3636,0.0,0.0,0.0,0.0,4.3636,0.29790000000000005,4.6615,4.6646
251,0.0611,0.0054,0.0666,0.012,0.9174174174174173,0.08108108108108107,3.4758,3.6254,3.4757,0.0,0.0,0.0,0.0,3.4757,3.6254,7.1011,7.0999
252,0.0375,0.0001,0.0376,0.0068,0.9973404255319148,0.0026595744680851063,2.1312,0.0638,2.1311,0.0,0.0,0.0,0.0,2.1311,0.0638,2.1949,2.1984
253,0.1121,0.0004,0.1126,0.0203,0.9955595026642984,0.003552397868561279,6.0552,0.2901,6.0552,0.0,0.0,0.0,0.0,6.0552,0.2901,6.3453,6.3407
254,0.1566,0.0001,0.1567,0.0282,0.9993618379068282,0.0006381620931716656,8.2512,0.0841,8.2512,0.0,0.0,0.0,0.0,8.251199999999999,0.0841,8.335299999999998,8.3397
255,0.1768,0.0003,0.1771,0.0319,0.9983060417843027,0.001693958215697346,10.6086,0.2028,10.6085,0.0,0.0,0.0,0.0,10.6085,0.20279999999999998,10.8113,10.814
256,0.0426,0.0013,0.0439,0.0079,0.970387243735763,0.0296127562642369,2.3574,0.7954,2.3574,0.0,0.0,0.0,0.0,2.3574,0.7954000000000001,3.1528,3.1489
257,0.0928,0.0016,0.0944,0.017,0.983050847457627,0.01694915254237288,4.8888,1.0737,4.8885,0.0,0.0,0.0,0.0,4.8885000000000005,1.0737,5.962200000000001,5.9646
258,0.1363,0.0027,0.139,0.025,0.9805755395683453,0.019424460431654675,7.548,1.8022,7.5479,0.0,0.0,0.0,0.0,7.5479,1.8022,9.350100000000001,9.3518
259,0.1177,0.0002,0.1179,0.0212,0.998303647158609,0.0016963528413910093,6.6888,0.1244,6.6886,0.0,0.0,0.0,0.0,6.688599999999999,0.1244,6.812999999999999,6.8122
260,0.0372,0.0004,0.0376,0.0068,0.9893617021276595,0.010638297872340425,2.2296,0.3011,2.2296,0.0,0.0,0.0,0.0,2.2296,0.3011,2.5307,2.5352
261,0.1724,0.0,0.1724,0.031,1.0,0.0,9.0828,0.0275,9.083,0.0002,0.0,0.0,0.0,9.083,0.0275,9.1105,9.1148
262,0.1036,0.0,0.1036,0.0186,1.0,0.0,5.3274,0.0039,5.3276,0.0002,0.0,0.0,0.0,5.3276,0.0039,5.3315,5.3275
263,0.1342,0.0048,0.139,0.025,0.9654676258992806,0.03453237410071942,7.248,3.3289,7.2479,0.0,0.0,0.0,0.0,7.2479,3.3289,10.576799999999999,10.5785
264,0.1703,0.0004,0.1706,0.0307,0.9982415005861665,0.002344665885111372,9.4296,0.2249,9.4296,0.0,0.0,0.0,0.0,9.4296,0.2249,9.6545,9.6503
265,0.1347,0.0021,0.1368,0.0246,0.9846491228070174,0.015350877192982455,7.4586,1.3289,7.4586,0.0,0.0,0.0,0.0,7.458600000000001,1.3289000000000002,8.787500000000001,8.7899
266,0.1631,0.0003,0.1634,0.0294,0.9981640146878825,0.0018359853121175031,9.2682,0.2098,9.2682,0.0,0.0,0.0,0.0,9.2682,0.20980000000000001,9.478,9.4751
267,0.083,0.0,0.083,0.0149,1.0,0.0,4.7172,0.0038,4.7173,0.0001,0.0,0.0,0.0,4.7173,0.0038,4.7211,4.7179
268,0.0616,0.0,0.0616,0.0111,1.0,0.0,3.4116,0.0083,3.4119,0.0003,0.0,0.0,0.0,3.4118999999999993,0.0083,3.4201999999999995,3.4236
269,0.0829,0.0114,0.0944,0.017,0.878177966101695,0.12076271186440679,4.7148,7.8638,4.7148,0.0,0.0,0.0,0.0,4.7148,7.8638,12.578600000000002,12.5783
270,0.0573,0.0002,0.0574,0.0103,0.9982578397212543,0.003484320557491289,3.3444,0.0944,3.3443,0.0,0.0,0.0,0.0,3.3443,0.0944,3.4387,3.439
271,0.0934,0.0,0.0935,0.0168,0.9989304812834224,0.0,5.046,0.0072,5.0461,0.0001,0.0,0.0,0.0,5.0461,0.0072,5.0533,5.0579
272,0.1125,0.0,0.1125,0.0202,1.0,0.0,6.2304,0.0043,6.2303,0.0,0.0,0.0,0.0,6.230300000000001,0.0043,6.2346,6.2393
273,0.0606,0.0001,0.0607,0.0109,0.9983525535420099,0.0016474464579901156,3.5364,0.0794,3.5361,0.0,0.0,0.0,0.0,3.5361000000000002,0.07939999999999998,3.6155000000000004,3.6183
274,0.0981,0.0015,0.0996,0.0179,0.9849397590361447,0.015060240963855423,5.046,1.057,5.046,0.0,0.0,0.0,0.0,5.046,1.057,6.103,6.104
275,0.0356,0.004,0.0396,0.0071,0.8989898989898989,0.10101010101010101,2.0766,2.2389,2.0767,0.0001,0.0,0.0,0.0,2.0767,2.2389,4.3156,4.311
276,0.1059,0.0013,0.1072,0.0193,0.9878731343283581,0.01212686567164179,5.8662,0.8121,5.8662,0.0,0.0,0.0,0.0,5.866200000000001,0.8121,6.678300000000001,6.6793
277,0.0797,0.0001,0.0798,0.0144,0.9987468671679197,0.0012531328320802006,4.53,0.0642,4.5299,0.0,0.0,0.0,0.0,4.5299,0.06420000000000001,4.594099999999999,4.5967
278,0.0353,0.0017,0.037,0.0067,0.9540540540540541,0.04594594594594595,1.9554,1.0886,1.9554,0.0,0.0,0.0,0.0,1.9554000000000002,1.0886,3.0440000000000005,3.0396
279,0.0591,0.0042,0.0633,0.0114,0.9336492890995262,0.06635071090047394,3.273,2.5831,3.273,0.0,0.0,0.0,0.0,3.273,2.5831,5.8561,5.8585
280,0.0691,0.0013,0.0704,0.0127,0.9815340909090908,0.01846590909090909,4.0368,0.8333,4.0369,0.0001,0.0,0.0,0.0,4.0369,0.8332999999999999,4.8702000000000005,4.8679
281,0.0349,0.0002,0.0352,0.0063,0.9914772727272727,0.005681818181818182,1.887,0.1387,1.887,0.0,0.0,0.0,0.0,1.887,0.13870000000000002,2.0257,2.022
282,0.1242,0.0,0.1243,0.0224,0.9991954947707161,0.0,6.5454,0.014,6.5454,0.0,0.0,0.0,0.0,6.545399999999999,0.013999999999999999,6.559399999999999,6.5607
283,0.1434,0.0024,0.1459,0.0263,0.9828649760109665,0.01644962302947224,8.154,1.4731,8.1539,0.0,0.0,0.0,0.0,8.1539,1.4731000000000003,9.627,9.6276
284,0.149,0.0,0.149,0.0268,1.0,0.0,8.2512,0.0223,8.2509,0.0,0.0,0.0,0.0,8.2509,0.0223,8.2732,8.2702
285,0.0547,0.0031,0.0577,0.0104,0.9480069324090121,0.053726169844020795,3.0276,2.2095,3.0276,0.0,0.0,0.0,0.0,3.0276,2.2095,5.2371,5.2408
286,0.0913,0.0,0.0913,0.0164,1.0,0.0,5.3274,0.0043,5.3277,0.0003,0.0,0.0,0.0,5.3277,0.0043,5.332,5.3356
287,0.1343,0.0087,0.1431,0.0258,0.9385045422781272,0.06079664570230607,7.6362,5.0155,7.6365,0.0003,0.0,0.0,0.0,7.6365,5.0155,12.652000000000001,12.6509
288,0.0405,0.0004,0.0408,0.0074,0.9926470588235293,0.00980392156862745,2.1312,0.2446,2.1312,0.0,0.0,0.0,0.0,2.1312,0.24460000000000004,2.3758000000000004,2.3719
289,0.0784,0.0064,0.0849,0.0153,0.923439340400471,0.07538280329799764,4.4592,3.9997,4.4591,0.0,0.0,0.0,0.0,4.459099999999999,3.9997,8.4588,8.4626
290,0.142,0.007,0.1491,0.0268,0.9523809523809522,0.046948356807511735,8.0736,4.6006,8.0736,0.0,0.0,0.0,0.0,8.073599999999999,4.6006,12.674199999999999,12.6767
291,0.0408,0.0,0.0408,0.0073,1.0,0.0,2.3172,0.0104,2.3171,0.0,0.0,0.0,0.0,2.3171,0.0104,2.3275,2.3233
292,0.1011,0.0001,0.1012,0.0182,0.9990118577075099,0.0009881422924901187,5.3274,0.0716,5.3277,0.0003,0.0,0.0,0.0,5.3277,0.0716,5.3993,5.4015
293,0.1027,0.0005,0.1032,0.0186,0.9951550387596899,0.0048449612403100775,5.6862,0.3146,5.6862,0.0,0.0,0.0,0.0,5.6862,0.3146,6.0008,5.9987
294,0.1277,0.0002,0.1279,0.023,0.998436278342455,0.001563721657544957,7.0722,0.1669,7.0722,0.0,0.0,0.0,0.0,7.0722000000000005,0.1669,7.2391000000000005,7.2384
295,0.0962,0.0028,0.099,0.0178,0.9717171717171716,0.02828282828282828,5.3274,1.7814,5.3275,0.0001,0.0,0.0,0.0,5.3275,1.7813999999999999,7.108899999999999,7.1106
296,0.0403,0.0073,0.0475,0.0086,0.848421052631579,0.15368421052631578,2.2296,4.5526,2.2295,0.0,0.0,0.0,0.0,2.2295,4.5526,6.7821,6.7838
297,0.1759,0.0,0.176,0.0317,0.9994318181818183,0.0,9.2682,0.0277,9.2682,0.0,0.0,0.0,0.0,9.2682,0.027700000000000002,9.2959,9.2969
298,0.076,0.0,0.0761,0.0137,0.9986859395532194,0.0,3.9108,0.0087,3.9108,0.0,0.0,0.0,0.0,3.9108000000000005,0.008700000000000001,3.9195000000000007,3.9168
299,0.1239,0.0055,0.1293,0.0233,0.9582366589327146,0.04253673627223511,6.6888,3.3021,6.6886,0.0,0.0,0.0,0.0,6.688599999999999,3.3021,9.990699999999999,9.9862
300,0.1308,0.0036,0.1344,0.0242,0.9732142857142858,0.026785714285714288,7.0644,2.0792,7.0644,0.0,0.0,0.0,0.0,7.064400000000001,2.0791999999999997,9.143600000000001,9.1387
301,0.1458,0.0017,0.1475,0.0265,0.9884745762711866,0.01152542372881356,8.0736,1.0437,8.0737,0.0001,0.0,0.0,0.0,8.073699999999999,1.0436999999999999,9.117399999999998,9.1127
302,0.1481,0.0042,0.1523,0.0274,0.9724228496388708,0.02757715036112935,7.8036,2.5674,7.8034,0.0,0.0,0.0,0.0,7.8034,2.5673999999999997,10.3708,10.3702
303,0.0385,0.0,0.0385,0.0069,1.0,0.0,2.0766,0.017,2.0769,0.0003,0.0,0.0,0.0,2.0769,0.017,2.0939,2.0954
304,0.1223,0.0133,0.1356,0.0244,0.9019174041297936,0.09808259587020648,6.951,8.548,6.9511,0.0001,0.0,0.0,0.0,6.9511,8.548,15.4991,15.5015
305,0.0729,0.0058,0.0787,0.0142,0.9263024142312579,0.07369758576874205,4.0368,3.5751,4.0368,0.0,0.0,0.0,0.0,4.0367999999999995,3.5751,7.6118999999999994,7.6143
306,0.0837,0.0,0.0837,0.0151,1.0,0.0,4.8888,0.0042,4.8886,0.0,0.0,0.0,0.0,4.8886,0.0042,4.8928,4.889
307,0.0355,0.0003,0.0359,0.0065,0.9888579387186628,0.008356545961002784,2.1312,0.2192,2.1308,0.0,0.0,0.0,0.0,2.1308000000000002,0.21920000000000003,2.35,2.35
308,0.1965,0.0001,0.1966,0.0354,0.9994913530010173,0.000508646998982706,10.6086,0.0691,10.6085,0.0,0.0,0.0,0.0,10.608500000000001,0.0691,10.677600000000002,10.6758
309,0.1232,0.0002,0.1234,0.0222,0.9983792544570503,0.001620745542949757,6.8238,0.11,6.8236,0.0,0.0,0.0,0.0,6.823599999999999,0.11,6.933599999999999,6.9324
310,0.0638,0.0001,0.0639,0.0115,0.9984350547730829,0.001564945226917058,3.624,0.0839,3.624,0.0,0.0,0.0,0.0,3.624,0.0839,3.7079,3.7033
311,0.0364,0.0001,0.0365,0.0066,0.9972602739726029,0.0027397260273972607,2.0184,0.0693,2.0184,0.0,0.0,0.0,0.0,2.0183999999999997,0.0693,2.0877,2.0855
312,0.12,0.0067,0.1267,0.0228,0.947119179163378,0.05288082083662194,6.8238,4.5941,6.8237,0.0,0.0,0.0,0.0,6.823699999999999,4.5941,11.4178,11.4218
313,0.0962,0.0076,0.1037,0.0187,0.9276759884281581,0.07328833172613308,5.3274,4.4853,5.3275,0.0001,0.0,0.0,0.0,5.3275,4.4853000000000005,9.8128,9.8106
314,0.0742,0.0,0.0743,0.0134,0.9986541049798116,0.0,3.9108,0.0146,3.9109,0.0001,0.0,0.0,0.0,3.9109000000000003,0.0146,3.9255000000000004,3.9217
315,0.1363,0.0,0.1363,0.0245,1.0,0.0,7.548,0.0034,7.548,0.0,0.0,0.0,0.0,7.548,0.0034,7.5514,7.5477
316,0.0447,0.0103,0.055,0.0099,0.8127272727272726,0.18727272727272729,2.3574,6.0929,2.3574,0.0,0.0,0.0,0.0,2.3574,6.0929,8.4503,8.4523
317,0.1673,0.0118,0.1791,0.0322,0.9341150195421551,0.06588498045784477,9.2682,7.1774,9.2682,0.0,0.0,0.0,0.0,9.2682,7.1774000000000004,16.4456,16.4475
318,0.1706,0.0001,0.1707,0.0307,0.9994141769185707,0.0005858230814294084,10.2354,0.0434,10.2354,0.0,0.0,0.0,0.0,10.2354,0.0434,10.2788,10.2743
319,0.1569,0.0021,0.159,0.0286,0.9867924528301887,0.01320754716981132,8.9184,1.3841,8.9181,0.0,0.0,0.0,0.0,8.918099999999999,1.3841,10.3022,10.3014
320,0.1279,0.0067,0.1346,0.0242,0.9502228826151561,0.049777117384843986,7.2684,4.2454,7.2685,0.0001,0.0,0.0,0.0,7.2685,4.2454,11.5139,11.5157
321,0.1243,0.0005,0.1248,0.0225,0.9959935897435898,0.004006410256410257,6.393,0.292,6.3931,0.0001,0.0,0.0,0.0,6.3931000000000004,0.292,6.6851,6.681
322,0.0937,0.0003,0.094,0.0169,0.9968085106382979,0.0031914893617021275,5.1918,0.1836,5.192,0.0002,0.0,0.0,0.0,5.192,0.1836,5.3756,5.3793
323,0.1213,0.0001,0.1214,0.0219,0.9991762767710051,0.0008237232289950578,6.393,0.0368,6.3931,0.0001,0.0,0.0,0.0,6.3931,0.0368,6.4299,6.4317
324,0.1682,0.0015,0.1697,0.0305,0.9911608721272834,0.00883912787271656,9.0828,0.8954,9.0828,0.0,0.0,0.0,0.0,9.0828,0.8954000000000001,9.978200000000001,9.9749
325,0.12,0.0016,0.1216,0.0219,0.9868421052631579,0.013157894736842106,6.8238,1.0811,6.8235,0.0,0.0,0.0,0.0,6.823499999999999,1.0811,7.904599999999999,7.9034
326,0.1398,0.0001,0.1399,0.0252,0.9992852037169407,0.0007147962830593281,7.548,0.0611,7.5479,0.0,0.0,0.0,0.0,7.5479,0.0611,7.609,7.6043
327,0.1485,0.0002,0.1487,0.0268,0.9986550100874243,0.0013449899125756557,7.8216,0.1328,7.8217,0.0001,0.0,0.0,0.0,7.821700000000002,0.1328,7.954500000000001,7.9582
328,0.0748,0.0003,0.075,0.0135,0.9973333333333334,0.004,4.3638,0.1767,4.3636,0.0,0.0,0.0,0.0,4.3636,0.1767,4.5403,4.5368
329,0.1179,0.0001,0.118,0.0212,0.9991525423728814,0.0008474576271186442,7.0722,0.0817,7.0722,0.0,0.0,0.0,0.0,7.0722000000000005,0.0817,7.1539,7.1539
330,0.0671,0.0107,0.0778,0.014,0.8624678663239076,0.13753213367609254,3.5364,6.2475,3.536,0.0,0.0,0.0,0.0,3.5360000000000005,6.2475000000000005,9.7835,9.7883
331,0.1243,0.0063,0.1306,0.0235,0.9517611026033691,0.04823889739663094,7.0644,4.0836,7.0646,0.0002,0.0,0.0,0.0,7.0646,4.0836,11.1482,11.1529
332,0.1673,0.0002,0.1675,0.0302,0.9988059701492537,0.0011940298507462687,9.2682,0.1284,9.2682,0.0,0.0,0.0,0.0,9.2682,0.1284,9.3966,9.4001
333,0.1208,0.0,0.1208,0.0217,1.0,0.0,6.6888,0.0125,6.6884,0.0,0.0,0.0,0.0,6.6884,0.012499999999999999,6.7009,6.6994
334,0.0562,0.0004,0.0566,0.0102,0.9929328621908128,0.00706713780918728,3.1152,0.2625,3.1151,0.0,0.0,0.0,0.0,3.1151000000000004,0.2625,3.3776000000000006,3.3795
335,0.1773,0.0023,0.1796,0.0323,0.9871937639198218,0.012806236080178173,9.8184,1.4201,9.8184,0.0,0.0,0.0,0.0,9.8184,1.4201,11.2385,11.2349
336,0.0636,0.0084,0.0721,0.013,0.8821081830790569,0.11650485436893204,3.273,5.3226,3.2728,0.0,0.0,0.0,0.0,3.2728,5.3225999999999996,8.5954,8.598
337,0.0731,0.0,0.0731,0.0132,1.0,0.0,4.1532,0.0275,4.1535,0.0003,0.0,0.0,0.0,4.1535,0.027499999999999997,4.181,4.1804
338,0.0323,0.0002,0.0326,0.0059,0.9907975460122701,0.006134969325153375,1.887,0.1574,1.887,0.0,0.0,0.0,0.0,1.887,0.15739999999999998,2.0444,2.0413
339,0.0453,0.0011,0.0464,0.0083,0.9762931034482759,0.02370689655172414,2.718,0.6916,2.7179,0.0,0.0,0.0,0.0,2.7178999999999998,0.6915999999999999,3.4094999999999995,3.4063
340,0.0384,0.0,0.0384,0.0069,1.0,0.0,2.1816,0.023,2.1816,0.0,0.0,0.0,0.0,2.1816,0.023,2.2046,2.2005
341,0.1577,0.0,0.1577,0.0284,1.0,0.0,8.307,0.0097,8.307,0.0,0.0,0.0,0.0,8.307,0.0097,8.3167,8.3136
342,0.1319,0.0001,0.132,0.0238,0.9992424242424242,0.0007575757575757576,6.951,0.0367,6.951,0.0,0.0,0.0,0.0,6.9510000000000005,0.036699999999999997,6.9877,6.99
343,0.0931,0.0024,0.0955,0.0172,0.974869109947644,0.02513089005235602,5.436,1.4832,5.4359,0.0,0.0,0.0,0.0,5.4359,1.4831999999999999,6.9191,6.9238
344,0.1145,0.0002,0.1147,0.0207,0.998256320836966,0.0017436791630340018,6.342,0.1338,6.3419,0.0,0.0,0.0,0.0,6.341900000000001,0.1338,6.475700000000001,6.4737
345,0.0451,0.0001,0.0451,0.0081,1.0,0.0022172949002217295,2.3172,0.0355,2.317,0.0,0.0,0.0,0.0,2.317,0.035500000000000004,2.3525,2.3564
346,0.1601,0.003,0.1631,0.0294,0.9816063764561619,0.018393623543838136,9.3456,1.9038,9.3453,0.0,0.0,0.0,0.0,9.345300000000002,1.9038,11.249100000000002,11.2524
347,0.1566,0.0,0.1566,0.0282,1.0,0.0,8.2512,0.0054,8.251,0.0,0.0,0.0,0.0,8.251,0.0054,8.2564,8.2601
348,0.1774,0.0001,0.1775,0.032,0.9994366197183099,0.0005633802816901409,9.3456,0.0797,9.3454,0.0,0.0,0.0,0.0,9.345400000000001,0.0797,9.425100000000002,9.4216
349,0.0415,0.0088,0.0503,0.0091,0.8250497017892645,0.1749502982107356,2.3574,6.1559,2.3574,0.0,0.0,0.0,0.0,2.3574,6.1559,8.513300000000001,8.5122
350,0.1137,0.0,0.1137,0.0205,1.0,0.0,6.8238,0.0053,6.8235,0.0,0.0,0.0,0.0,6.823499999999999,0.0053,6.828799999999999,6.8324
351,0.0928,0.0029,0.0957,0.0172,0.9696969696969697,0.030303030303030304,4.8888,1.7515,4.8884,0.0,0.0,0.0,0.0,4.888400000000001,1.7515,6.639900000000001,6.6351
352,0.1379,0.0085,0.1464,0.0264,0.9419398907103824,0.05806010928961749,7.6362,5.1026,7.6363,0.0001,0.0,0.0,0.0,7.6363,5.1026,12.738900000000001,12.7428
353,0.1801,0.0,0.1801,0.0324,1.0,0.0,10.2354,0.0118,10.2353,0.0,0.0,0.0,0.0,10.2353,0.0118,10.2471,10.2496
354,0.12,0.0,0.1201,0.0216,0.9991673605328892,0.0,6.8238,0.0051,6.8237,0.0,0.0,0.0,0.0,6.8237,0.0051,6.828799999999999,6.8318
355,0.1703,0.0001,0.1704,0.0307,0.9994131455399061,0.0005868544600938967,9.4296,0.097,9.4296,0.0,0.0,0.0,0.0,9.4296,0.097,9.5266,9.5231
356,0.0826,0.0004,0.083,0.0149,0.9951807228915663,0.0048192771084337345,4.4592,0.2996,4.459,0.0,0.0,0.0,0.0,4.459,0.2996,4.7585999999999995,4.7559
357,0.0734,0.0,0.0734,0.0132,1.0,0.0,3.774,0.0206,3.7739,0.0,0.0,0.0,0.0,3.7739000000000003,0.0206,3.7945,3.7974
358,0.1319,0.0,0.132,0.0238,0.9992424242424242,0.0,6.951,0.0086,6.951,0.0,0.0,0.0,0.0,6.9510000000000005,0.008599999999999998,6.959600000000001,6.9619
359,0.0413,0.0003,0.0416,0.0075,0.9927884615384617,0.007211538461538461,2.2296,0.2013,2.2296,0.0,0.0,0.0,0.0,2.2296,0.20130000000000003,2.4309000000000003,2.4266
360,0.1768,0.0,0.1768,0.0318,1.0,0.0,10.6086,0.0212,10.6084,0.0,0.0,0.0,0.0,10.608400000000001,0.021199999999999997,10.629600000000002,10.6299
361,0.096,0.0096,0.1055,0.019,0.9099526066350712,0.0909952606635071,5.4546,5.9446,5.4546,0.0,0.0,0.0,0.0,5.454600000000001,5.9446,11.3992,11.396
362,0.1727,0.0,0.1727,0.0311,1.0,0.0,9.0978,0.0299,9.0979,0.0001,0.0,0.0,0.0,9.0979,0.0299,9.127799999999999,9.123
363,0.1341,0.0035,0.1376,0.0248,0.9745639534883721,0.025436046511627907,7.0644,2.0683,7.0644,0.0,0.0,0.0,0.0,7.064400000000001,2.0683,9.1327,9.1285
364,0.1154,0.0032,0.1187,0.0214,0.9721988205560236,0.026958719460825613,6.393,2.2667,6.3932,0.0002,0.0,0.0,0.0,6.393199999999999,2.2666999999999997,8.659899999999999,8.6627
365,0.0606,0.0001,0.0607,0.0109,0.9983525535420099,0.0016474464579901156,3.273,0.0757,3.2728,0.0,0.0,0.0,0.0,3.2728,0.07569999999999999,3.3485,3.3502
366,0.1169,0.0004,0.1173,0.0211,0.9965899403239556,0.0034100596760443308,6.8238,0.2678,6.8235,0.0,0.0,0.0,0.0,6.823499999999999,0.26780000000000004,7.0912999999999995,7.0888
367,0.0671,0.0001,0.0672,0.0121,0.9985119047619049,0.0014880952380952382,3.5364,0.0454,3.5362,0.0,0.0,0.0,0.0,3.5362,0.045399999999999996,3.5816,3.5776
368,0.0671,0.0053,0.0724,0.013,0.9267955801104972,0.07320441988950276,3.624,3.2171,3.624,0.0,0.0,0.0,0.0,3.624,3.2171,6.8411,6.8438
369,0.0529,0.0001,0.0529,0.0095,1.0,0.001890359168241966,2.718,0.0464,2.718,0.0,0.0,0.0,0.0,2.718,0.0464,2.7644,2.7617
370,0.1373,0.0003,0.1376,0.0248,0.9978197674418605,0.002180232558139535,7.8036,0.1883,7.8035,0.0,0.0,0.0,0.0,7.8035000000000005,0.18829999999999997,7.9918000000000005,7.9924
371,0.1064,0.0,0.1065,0.0192,0.9990610328638497,0.0,5.8938,0.0251,5.8936,0.0,0.0,0.0,0.0,5.893599999999999,0.025099999999999997,5.918699999999999,5.9172
372,0.1385,0.0001,0.1385,0.0249,1.0,0.0007220216606498195,8.307,0.0541,8.307,0.0,0.0,0.0,0.0,8.307,0.054099999999999995,8.3611,8.3573
373,0.1208,0.0003,0.1211,0.0218,0.9975227085053675,0.002477291494632535,7.248,0.2084,7.2478,0.0,0.0,0.0,0.0,7.2478,0.2084,7.4562,7.4604
374,0.1618,0.0,0.1618,0.0291,1.0,0.0,8.5242,0.0101,8.5242,0.0,0.0,0.0,0.0,8.5242,0.0101,8.5343,8.5375
375,0.1818,0.0009,0.1827,0.0329,0.9950738916256157,0.0049261083743842365,9.8184,0.5968,9.8182,0.0,0.0,0.0,0.0,9.818200000000001,0.5968,10.415000000000001,10.4123
376,0.0437,0.0002,0.0438,0.0079,0.9977168949771691,0.004566210045662101,2.3574,0.1028,2.3574,0.0,0.0,0.0,0.0,2.3574,0.1028,2.4602000000000004,2.4552
377,0.1,0.0012,0.1012,0.0182,0.9881422924901186,0.011857707509881422,5.6862,0.7645,5.6863,0.0001,0.0,0.0,0.0,5.6863,0.7645000000000001,6.4508,6.4464
378,0.0865,0.0,0.0865,0.0156,1.0,0.0,5.1918,0.0109,5.1918,0.0,0.0,0.0,0.0,5.191799999999999,0.0109,5.202699999999999,5.2018
379,0.1585,0.0013,0.1599,0.0288,0.9912445278298938,0.008130081300813009,8.154,0.8251,8.154,0.0,0.0,0.0,0.0,8.154,0.8251,8.979099999999999,8.9781
380,0.1073,0.0,0.1073,0.0193,1.0,0.0,5.7924,0.0061,5.7925,0.0001,0.0,0.0,0.0,5.7925,0.0060999999999999995,5.7986,5.8032
381,0.0365,0.0039,0.0404,0.0073,0.9034653465346535,0.09653465346534654,2.1312,2.6926,2.131,0.0,0.0,0.0,0.0,2.1310000000000002,2.6926,4.823600000000001,4.8227
382,0.0794,0.0,0.0794,0.0143,1.0,0.0,4.6344,0.0274,4.634,0.0,0.0,0.0,0.0,4.634,0.0274,4.6614,4.6592
383,0.1048,0.0,0.1048,0.0189,1.0,0.0,5.661,0.0036,5.6609,0.0,0.0,0.0,0.0,5.660900000000001,0.0036000000000000008,5.6645,5.6626
384,0.1539,0.0001,0.154,0.0277,0.9993506493506494,0.0006493506493506494,8.1096,0.0379,8.1097,0.0001,0.0,0.0,0.0,8.1097,0.037899999999999996,8.1476,8.1466
385,0.1517,0.0,0.1517,0.0273,1.0,0.0,7.8036,0.0051,7.8034,0.0,0.0,0.0,0.0,7.8034,0.0051,7.8084999999999996,7.8131
386,0.0815,0.0003,0.0818,0.0147,0.9963325183374083,0.003667481662591687,4.6344,0.2095,4.6341,0.0,0.0,0.0,0.0,4.6341,0.20950000000000002,4.8436,4.843
387,0.0758,0.0001,0.0759,0.0137,0.9986824769433467,0.0013175230566534915,4.5492,0.0491,4.5491,0.0,0.0,0.0,0.0,4.5491,0.0491,4.5982,4.6009
388,0.1359,0.0001,0.136,0.0245,0.9992647058823528,0.0007352941176470588,8.154,0.0926,8.1539,0.0,0.0,0.0,0.0,8.1539,0.0926,8.2465,8.2429
389,0.0944,0.0,0.0944,0.017,1.0,0.0,5.661,0.0058,5.661,0.0,0.0,0.0,0.0,5.6610000000000005,0.0058000000000000005,5.6668,5.6623
390,0.157,0.0,0.157,0.0283,1.0,0.0,8.0736,0.0081,8.0737,0.0001,0.0,0.0,0.0,8.073699999999999,0.0081,8.0818,8.0816
391,0.055,0.0002,0.0552,0.0099,0.9963768115942029,0.0036231884057971015,2.8302,0.1127,2.8307,0.0005,0.0,0.0,0.0,2.8307,0.1127,2.9434,2.9434
392,0.1191,0.0002,0.1193,0.0215,0.9983235540653813,0.0016764459346186086,6.951,0.1417,6.9511,0.0001,0.0,0.0,0.0,6.9511,0.14170000000000002,7.0928,7.0898
393,0.1412,0.0,0.1412,0.0254,1.0,0.0,7.8216,0.0149,7.8217,0.0001,0.0,0.0,0.0,7.821700000000001,0.0149,7.836600000000001,7.8367
394,0.1007,0.0018,0.1024,0.0184,0.9833984374999999,0.017578125,5.436,1.1119,5.4358,0.0,0.0,0.0,0.0,5.4357999999999995,1.1119,6.5477,6.5446
395,0.1065,0.0062,0.1128,0.0203,0.9441489361702128,0.054964539007092195,6.0552,4.3678,6.0553,0.0001,0.0,0.0,0.0,6.055300000000001,4.367800000000001,10.423100000000002,10.4269
396,0.0742,0.0,0.0743,0.0134,0.9986541049798116,0.0,3.9108,0.0228,3.9108,0.0,0.0,0.0,0.0,3.9108000000000005,0.022799999999999997,3.9336000000000007,3.9348
397,0.0758,0.0002,0.0761,0.0137,0.9960578186596584,0.002628120893561104,4.5492,0.1571,4.5488,0.0,0.0,0.0,0.0,4.5488,0.1571,4.7059,4.7102
398,0.1182,0.0,0.1182,0.0213,1.0,0.0,6.5454,0.0052,6.5455,0.0001,0.0,0.0,0.0,6.545499999999999,0.005200000000000001,6.550699999999999,6.5534
399,0.0529,0.0002,0.0531,0.0096,0.9962335216572505,0.0037664783427495295,2.718,0.1378,2.718,0.0,0.0,0.0,0.0,2.718,0.1378,2.8558,2.8517
400,0.0779,0.0002,0.0781,0.0141,0.997439180537772,0.002560819462227913,4.5492,0.098,4.549,0.0,0.0,0.0,0.0,4.5489999999999995,0.098,4.646999999999999,4.6479
401,0.0663,0.0,0.0663,0.0119,1.0,0.0,3.4116,0.0087,3.4119,0.0003,0.0,0.0,0.0,3.4119,0.0087,3.4206000000000003,3.4244
402,0.101,0.0,0.101,0.0182,1.0,0.0,5.4546,0.0082,5.4544,0.0,0.0,0.0,0.0,5.4544,0.008199999999999999,5.4626,5.4644
403,0.0577,0.0003,0.058,0.0104,0.9948275862068965,0.005172413793103447,3.1152,0.2155,3.1151,0.0,0.0,0.0,0.0,3.1151000000000004,0.2155,3.3306000000000004,3.3354
404,0.0503,0.0,0.0503,0.0091,1.0,0.0,2.718,0.0026,2.718,0.0,0.0,0.0,0.0,2.718,0.0026,2.7206,2.7159
405,0.1731,0.0,0.1731,0.0312,1.0,0.0,9.3456,0.0181,9.3454,0.0,0.0,0.0,0.0,9.3454,0.018099999999999998,9.3635,9.3631
406,0.066,0.0002,0.0662,0.0119,0.9969788519637464,0.003021148036253777,3.4758,0.139,3.4757,0.0,0.0,0.0,0.0,3.4757000000000002,0.139,3.6147,3.6148
407,0.1389,0.0005,0.1394,0.0251,0.996413199426112,0.003586800573888092,8.1096,0.3217,8.1096,0.0,0.0,0.0,0.0,8.109599999999999,0.3217,8.431299999999998,8.4271
408,0.1711,0.0002,0.1713,0.0308,0.9988324576765908,0.0011675423234092236,8.7996,0.1425,8.7996,0.0,0.0,0.0,0.0,8.7996,0.1425,8.9421,8.945
409,0.0545,0.0001,0.0546,0.0098,0.9981684981684981,0.0018315018315018315,3.273,0.0672,3.2728,0.0,0.0,0.0,0.0,3.2727999999999997,0.06720000000000001,3.34,3.3365
410,0.1883,0.0005,0.1888,0.034,0.9973516949152542,0.002648305084745763,10.4268,0.3831,10.4268,0.0,0.0,0.0,0.0,10.4268,0.3831,10.8099,10.809
411,0.0352,0.0001,0.0353,0.0064,0.9971671388101984,0.0028328611898017,1.812,0.056,1.8119,0.0,0.0,0.0,0.0,1.8119,0.056,1.8679000000000001,1.8669
412,0.1179,0.0002,0.1181,0.0213,0.9983065198983913,0.0016934801016088063,7.0722,0.1516,7.0724,0.0002,0.0,0.0,0.0,7.0724,0.1516,7.224,7.2262
413,0.0622,0.0,0.0622,0.0112,1.0,0.0,3.1968,0.006,3.1965,0.0,0.0,0.0,0.0,3.1965000000000003,0.006000000000000001,3.2025,3.2063
414,0.0851,0.0032,0.0883,0.0159,0.9637599093997734,0.0362400906002265,4.7148,2.0379,4.7148,0.0,0.0,0.0,0.0,4.7148,2.0379,6.752700000000001,6.757
415,0.0604,0.0002,0.0606,0.0109,0.9966996699669968,0.0033003300330033004,3.624,0.1487,3.6239,0.0,0.0,0.0,0.0,3.6239,0.1487,3.7725999999999997,3.7718
416,0.0839,0.0003,0.0842,0.0152,0.9964370546318291,0.003562945368171021,4.53,0.2239,4.5299,0.0,0.0,0.0,0.0,4.5299,0.22390000000000002,4.7538,4.7541
417,0.1243,0.0001,0.1244,0.0224,0.9991961414790996,0.0008038585209003216,7.0644,0.0654,7.0644,0.0,0.0,0.0,0.0,7.064400000000001,0.06539999999999999,7.129800000000001,7.1315
418,0.0858,0.0018,0.0876,0.0158,0.9794520547945206,0.02054794520547945,4.6344,1.2269,4.6342,0.0,0.0,0.0,0.0,4.6342,1.2269,5.8611,5.8595
419,0.1236,0.0,0.1236,0.0222,1.0,0.0,6.8442,0.0073,6.8441,0.0,0.0,0.0,0.0,6.844099999999999,0.0073,6.851399999999999,6.8548
420,0.1091,0.0,0.1092,0.0196,0.9990842490842491,0.0,5.8938,0.0127,5.8937,0.0,0.0,0.0,0.0,5.893700000000001,0.0127,5.9064000000000005,5.9071
421,0.073,0.0008,0.0738,0.0133,0.9891598915989158,0.01084010840108401,4.2618,0.5345,4.262,0.0002,0.0,0.0,0.0,4.2620000000000005,0.5345,4.7965,4.7924
422,0.167,0.0,0.167,0.0301,1.0,0.0,8.7996,0.0032,8.7994,0.0,0.0,0.0,0.0,8.799399999999999,0.0032,8.802599999999998,8.8062
423,0.1464,0.0011,0.1475,0.0265,0.992542372881356,0.007457627118644069,8.1096,0.7316,8.1097,0.0001,0.0,0.0,0.0,8.1097,0.7316,8.8413,8.8445
424,0.145,0.0,0.145,0.0261,1.0,0.0,7.4586,0.0076,7.4587,0.0001,0.0,0.0,0.0,7.4587,0.007599999999999999,7.4663,7.4644
425,0.0621,0.0014,0.0634,0.0114,0.9794952681388013,0.022082018927444796,3.624,0.8055,3.6237,0.0,0.0,0.0,0.0,3.6237,0.8054999999999999,4.4292,4.4277
426,0.0619,0.0,0.0619,0.0111,1.0,0.0,3.3444,0.0047,3.3442,0.0,0.0,0.0,0.0,3.3442,0.0047,3.3489,3.3502
427,0.1533,0.0056,0.1589,0.0286,0.9647577092511012,0.035242290748898675,8.4912,3.4674,8.4913,0.0001,0.0,0.0,0.0,8.4913,3.4674,11.9587,11.9575
428,0.0429,0.0006,0.0435,0.0078,0.9862068965517242,0.013793103448275862,2.3172,0.4099,2.3171,0.0,0.0,0.0,0.0,2.3171000000000004,0.4099,2.7270000000000003,2.7319
429,0.1495,0.0,0.1495,0.0269,1.0,0.0,8.727,0.0204,8.7272,0.0002,0.0,0.0,0.0,8.727199999999998,0.020399999999999998,8.747599999999998,8.7461
430,0.1223,0.0002,0.1224,0.022,0.9991830065359478,0.0016339869281045752,6.951,0.0974,6.951,0.0,0.0,0.0,0.0,6.9510000000000005,0.0974,7.048400000000001,7.0493
431,0.0742,0.0,0.0742,0.0134,1.0,0.0,3.9108,0.0068,3.9109,0.0001,0.0,0.0,0.0,3.9109000000000003,0.0068000000000000005,3.9177000000000004,3.9166
432,0.0403,0.0005,0.0408,0.0073,0.9877450980392157,0.012254901960784314,2.2296,0.3031,2.2293,0.0,0.0,0.0,0.0,2.2293,0.30310000000000004,2.5324,2.5287
433,0.1053,0.0085,0.1138,0.0205,0.9253075571177505,0.07469244288224956,5.6862,5.6484,5.6864,0.0002,0.0,0.0,0.0,5.6864,5.6484000000000005,11.334800000000001,11.3355
434,0.1242,0.0001,0.1243,0.0224,0.9991954947707161,0.0008045052292839904,6.5454,0.0695,6.5454,0.0,0.0,0.0,0.0,6.545399999999999,0.06949999999999999,6.614899999999999,6.6104
435,0.1437,0.0,0.1438,0.0259,0.9993045897079276,0.0,7.9608,0.023,7.9606,0.0,0.0,0.0,0.0,7.9605999999999995,0.023,7.983599999999999,7.9845
436,0.0323,0.0055,0.0378,0.0068,0.8544973544973545,0.1455026455026455,1.887,3.5304,1.887,0.0,0.0,0.0,0.0,1.887,3.5304000000000006,5.417400000000001,5.4218
437,0.127,0.0,0.127,0.0229,1.0,0.0,6.6888,0.0107,6.6885,0.0,0.0,0.0,0.0,6.6884999999999994,0.0107,6.699199999999999,6.6952
438,0.1343,0.0001,0.1345,0.0242,0.9985130111524163,0.0007434944237918215,7.6362,0.0816,7.6365,0.0003,0.0,0.0,0.0,7.6365,0.08159999999999999,7.7181,7.7152
439,0.1598,0.0005,0.1603,0.0288,0.9968808484092326,0.0031191515907673115,9.0828,0.276,9.083,0.0002,0.0,0.0,0.0,9.083,0.27599999999999997,9.359,9.3633
440,0.163,0.0,0.163,0.0293,1.0,0.0,8.7996,0.0084,8.7996,0.0,0.0,0.0,0.0,8.7996,0.0084,8.808,8.8122
441,0.057,0.0001,0.0572,0.0103,0.9965034965034966,0.0017482517482517483,2.9334,0.0832,2.9331,0.0,0.0,0.0,0.0,2.9331,0.0832,3.0163,3.0151
442,0.1413,0.0007,0.142,0.0256,0.9950704225352114,0.004929577464788733,8.2512,0.4069,8.251,0.0,0.0,0.0,0.0,8.251,0.4069,8.6579,8.6582
443,0.0394,0.0013,0.0407,0.0073,0.968058968058968,0.03194103194103194,2.0766,0.8644,2.0766,0.0,0.0,0.0,0.0,2.0766,0.8644000000000001,2.941,2.9391
444,0.1376,0.0,0.1376,0.0248,1.0,0.0,7.8216,0.0049,7.8219,0.0003,0.0,0.0,0.0,7.8219,0.0049,7.8268,7.8254
445,0.1007,0.0011,0.1017,0.0183,0.9901671583087512,0.010816125860373648,5.436,0.6792,5.4359,0.0,0.0,0.0,0.0,5.4359,0.6792,6.1151,6.1143
446,0.0392,0.0071,0.0464,0.0083,0.8448275862068966,0.15301724137931036,2.2296,4.5493,2.2295,0.0,0.0,0.0,0.0,2.2295,4.549300000000001,6.7788,6.7837
447,0.1507,0.0029,0.1536,0.0277,0.9811197916666667,0.018880208333333332,8.7996,1.7529,8.7995,0.0,0.0,0.0,0.0,8.7995,1.7529000000000001,10.5524,10.5525
448,0.0931,0.0028,0.0959,0.0173,0.9708029197080292,0.029197080291970802,5.436,1.6681,5.4359,0.0,0.0,0.0,0.0,5.4359,1.6681,7.104,7.1062
449,0.1495,0.0008,0.1503,0.0271,0.9946773120425816,0.005322687957418497,8.0736,0.5379,8.0736,0.0,0.0,0.0,0.0,8.073599999999999,0.5378999999999999,8.6115,8.6075
450,0.0404,0.0017,0.0421,0.0076,0.9596199524940617,0.04038004750593824,2.1816,1.0625,4.1818,2.0002,0.0,0.0,0.0,4.1818,1.0625,5.2443,5.2417
451,0.0948,0.0001,0.0949,0.0171,0.9989462592202318,0.0010537407797681772,5.6862,0.0954,5.6863,0.0001,0.0,0.0,0.0,5.6863,0.09539999999999998,5.7817,5.779
452,0.1327,0.0002,0.1328,0.0239,0.9992469879518073,0.0015060240963855422,6.8238,0.1016,6.8237,0.0,0.0,0.0,0.0,6.823699999999999,0.1016,6.925299999999999,6.9292
453,0.1548,0.0012,0.156,0.0281,0.9923076923076922,0.007692307692307692,8.154,0.822,8.1538,0.0,0.0,0.0,0.0,8.1538,0.8220000000000001,8.9758,8.978
454,0.0606,0.0001,0.0607,0.0109,0.9983525535420099,0.0016474464579901156,3.273,0.0804,3.2727,0.0,0.0,0.0,0.0,3.2727,0.08039999999999999,3.3531,3.3563
455,0.1363,0.0016,0.1379,0.0248,0.9883973894126179,0.011602610587382161,7.548,1.0819,7.5479,0.0,0.0,0.0,0.0,7.5479,1.0819,8.6298,8.6265
456,0.0374,0.0013,0.0387,0.007,0.9664082687338502,0.03359173126614987,2.0184,0.9615,2.0185,0.0001,0.0,0.0,0.0,2.0185,0.9615,2.98,2.9801
457,0.1273,0.0,0.1273,0.0229,1.0,0.0,7.6362,0.0166,7.6363,0.0001,0.0,0.0,0.0,7.6363,0.0166,7.652900000000001,7.6505
458,0.0664,0.0,0.0664,0.012,1.0,0.0,3.774,0.008,3.7738,0.0,0.0,0.0,0.0,3.7738000000000005,0.008,3.7818000000000005,3.7781
459,0.1765,0.0006,0.1771,0.0319,0.9966120835686052,0.003387916431394692,10.0326,0.4044,10.0328,0.0002,0.0,0.0,0.0,10.0328,0.40440000000000004,10.4372,10.4365
460,0.1437,0.0001,0.1438,0.0259,0.9993045897079276,0.0006954102920723226,7.9608,0.0361,7.9608,0.0,0.0,0.0,0.0,7.960800000000001,0.0361,7.996900000000001,7.995
461,0.0355,0.0,0.0355,0.0064,1.0,0.0,2.0184,0.0039,2.0184,0.0,0.0,0.0,0.0,2.0183999999999997,0.0039,2.0222999999999995,2.0273
462,0.0766,0.0007,0.0773,0.0139,0.9909443725743856,0.00905562742561449,4.0368,0.4348,4.037,0.0002,0.0,0.0,0.0,4.037,0.43479999999999996,4.4718,4.4744
463,0.1346,0.0,0.1346,0.0242,1.0,0.0,7.2684,0.0262,7.2685,0.0001,0.0,0.0,0.0,7.2685,0.0262,7.294700000000001,7.2947
464,0.1159,0.0001,0.1159,0.0209,1.0,0.0008628127696289905,6.951,0.0421,6.9511,0.0001,0.0,0.0,0.0,6.9511,0.0421,6.9932,6.9883
465,0.1299,0.0,0.1299,0.0234,1.0,0.0,6.8442,0.0027,6.8442,0.0,0.0,0.0,0.0,6.8442,0.0027,6.8469,6.8467
466,0.0808,0.0061,0.0869,0.0156,0.9298043728423474,0.07019562715765247,4.3638,3.8155,4.3637,0.0,0.0,0.0,0.0,4.3637,3.8155,8.1792,8.1765
467,0.0934,0.0062,0.0996,0.0179,0.9377510040160643,0.06224899598393575,5.046,3.8124,5.0462,0.0002,0.0,0.0,0.0,5.0462,3.8124000000000002,8.8586,8.8542
468,0.0611,0.0028,0.0639,0.0115,0.9561815336463224,0.04381846635367762,3.4758,1.7548,3.4755,0.0,0.0,0.0,0.0,3.4755000000000003,1.7548,5.2303,5.2316
469,0.0829,0.0001,0.083,0.0149,0.9987951807228915,0.0012048192771084336,4.2618,0.0732,4.2621,0.0003,0.0,0.0,0.0,4.2621,0.0732,4.3353,4.3377
470,0.0619,0.0044,0.0663,0.0119,0.9336349924585219,0.06636500754147813,3.3444,2.8377,3.3444,0.0,0.0,0.0,0.0,3.3444,2.8377,6.1821,6.1813
471,0.1119,0.0,0.1119,0.0201,1.0,0.0,5.8938,0.0104,5.8936,0.0,0.0,0.0,0.0,5.893599999999999,0.0104,5.903999999999999,5.9071
472,0.1703,0.0011,0.1714,0.0309,0.9935822637106185,0.006417736289381564,9.4296,0.6804,9.4296,0.0,0.0,0.0,0.0,9.4296,0.6804,10.110000000000001,10.1077
473,0.1091,0.0011,0.1102,0.0198,0.9900181488203267,0.009981851179673321,6.5454,0.7796,6.5454,0.0,0.0,0.0,0.0,6.545399999999999,0.7796000000000001,7.324999999999999,7.3293
474,0.1121,0.0001,0.1122,0.0202,0.9991087344028522,0.0008912655971479501,6.0552,0.0762,6.0552,0.0,0.0,0.0,0.0,6.0552,0.07619999999999999,6.1314,6.1332
475,0.0503,0.0001,0.0504,0.0091,0.9980158730158729,0.001984126984126984,2.718,0.0598,2.7179,0.0,0.0,0.0,0.0,2.7178999999999998,0.0598,2.7777,2.7821
476,0.1065,0.0002,0.1067,0.0192,0.9981255857544516,0.0018744142455482662,6.0552,0.0985,6.0552,0.0,0.0,0.0,0.0,6.0552,0.09849999999999999,6.1537,6.1572
477,0.1454,0.0017,0.1472,0.0265,0.9877717391304348,0.01154891304347826,8.727,1.1579,8.7271,0.0001,0.0,0.0,0.0,8.7271,1.1579,9.885,9.8873
478,0.0951,0.0001,0.0951,0.0171,1.0,0.0010515247108307045,4.8888,0.0447,4.8886,0.0,0.0,0.0,0.0,4.8886,0.044700000000000004,4.9333,4.9374
479,0.0491,0.002,0.0511,0.0092,0.9608610567514677,0.03913894324853229,2.718,1.1562,2.718,0.0,0.0,0.0,0.0,2.718,1.1562000000000001,3.8742,3.8754
480,0.2027,0.0001,0.2028,0.0365,0.9995069033530571,0.0004930966469428008,10.4268,0.0475,10.4268,0.0,0.0,0.0,0.0,10.4268,0.0475,10.4743,10.4718
481,0.0548,0.0,0.0548,0.0099,1.0,0.0,3.1152,0.0035,3.1152,0.0,0.0,0.0,0.0,3.1152,0.0035000000000000005,3.1187,3.1198
482,0.0948,0.0004,0.0952,0.0171,0.995798319327731,0.004201680672268907,5.6862,0.3023,5.6863,0.0001,0.0,0.0,0.0,5.6863,0.30230000000000007,5.9886,5.9915
483,0.0809,0.0032,0.0841,0.0151,0.9619500594530321,0.0380499405469679,4.2618,2.0753,4.262,0.0002,0.0,0.0,0.0,4.2620000000000005,2.0753,6.337300000000001,6.3401
484,0.0519,0.0001,0.052,0.0094,0.9980769230769232,0.0019230769230769232,3.0276,0.0592,3.0276,0.0,0.0,0.0,0.0,3.0276,0.0592,3.0868,3.0824
485,0.1915,0.0,0.1916,0.0345,0.9994780793319415,0.0,10.6086,0.0248,10.6085,0.0,0.0,0.0,0.0,10.608500000000001,0.024800000000000003,10.633300000000002,10.6291
486,0.0404,0.0001,0.0405,0.0073,0.9975308641975308,0.0024691358024691358,2.0766,0.0592,2.0767,0.0001,0.0,0.0,0.0,2.0767,0.05919999999999999,2.1359000000000004,2.1397
487,0.0393,0.0016,0.0409,0.0074,0.960880195599022,0.039119804400977995,2.3574,1.1796,2.3574,0.0,0.0,0.0,0.0,2.3574,1.1796000000000002,3.5370000000000004,3.5407
488,0.0681,0.0,0.0681,0.0123,1.0,0.0,3.774,0.0035,3.7739,0.0,0.0,0.0,0.0,3.7739000000000003,0.0034999999999999996,3.7774,3.7778
489,0.1485,0.0,0.1485,0.0267,1.0,0.0,7.6362,0.0185,7.6362,0.0,0.0,0.0,0.0,7.6362000000000005,0.0185,7.654700000000001,7.6516
490,0.1572,0.0,0.1573,0.0283,0.9993642720915449,0.0,8.4912,0.0062,8.4914,0.0002,0.0,0.0,0.0,8.4914,0.0062,8.4976,8.498
491,0.0336,0.0,0.0337,0.0061,0.9970326409495548,0.0,2.0184,0.0309,2.0185,0.0001,0.0,0.0,0.0,2.0185,0.0309,2.0494,2.0478
492,0.1507,0.0002,0.1509,0.0272,0.998674618952949,0.0013253810470510272,8.7996,0.1174,8.7995,0.0,0.0,0.0,0.0,8.799499999999998,0.1174,8.916899999999998,8.9161
493,0.0411,0.0041,0.0452,0.0081,0.9092920353982301,0.09070796460176993,2.2746,2.575,2.2745,0.0,0.0,0.0,0.0,2.2744999999999997,2.575,4.8495,4.846
494,0.1697,0.0005,0.1701,0.0306,0.9976484420928865,0.0029394473838918285,8.727,0.3097,8.7273,0.0003,0.0,0.0,0.0,8.7273,0.3097,9.036999999999999,9.0373
495,0.1931,0.0003,0.1934,0.0348,0.9984488107549121,0.0015511892450879006,10.4268,0.1963,10.4268,0.0,0.0,0.0,0.0,10.4268,0.19630000000000003,10.6231,10.6228
496,0.1455,0.0018,0.1473,0.0265,0.9877800407331976,0.012219959266802445,8.4912,1.135,8.4913,0.0001,0.0,0.0,0.0,8.4913,1.135,9.6263,9.6273
497,0.1277,0.0016,0.1293,0.0233,0.9876256767208044,0.01237432327919567,7.0722,0.9863,7.0722,0.0,0.0,0.0,0.0,7.0722000000000005,0.9863,8.0585,8.0625
498,0.0616,0.0,0.0616,0.0111,1.0,0.0,3.4116,0.0206,3.4117,0.0001,0.0,0.0,0.0,3.4116999999999997,0.0206,3.4322999999999997,3.4276
499,0.1095,0.0001,0.1096,0.0197,0.9990875912408759,0.0009124087591240876,6.393,0.0378,6.393,0.0,0.0,0.0,0.0,6.393,0.0378,6.4308,6.4339
500,0.1769,0.0001,0.177,0.0319,0.9994350282485877,0.0005649717514124294,9.0978,0.0429,9.0978,0.0,0.0,0.0,0.0,9.0978,0.0429,9.140699999999999,9.1428
501,0.0873,0.0017,0.0891,0.016,0.9797979797979799,0.019079685746352413,4.7148,1.2588,4.7148,0.0,0.0,0.0,0.0,4.7148,1.2588000000000001,5.9736,5.9706
502,0.0913,0.0002,0.0915,0.0165,0.9978142076502733,0.002185792349726776,5.3274,0.1509,5.3276,0.0002,0.0,0.0,0.0,5.3276,0.1509,5.4785,5.4834
503,0.0592,0.0,0.0592,0.0107,1.0,0.0,3.1968,0.0201,3.1965,0.0,0.0,0.0,0.0,3.1965000000000003,0.020100000000000003,3.2166,3.2185
504,0.1312,0.0001,0.1313,0.0236,0.9992383853769993,0.0007616146230007616,7.2684,0.0417,7.2686,0.0002,0.0,0.0,0.0,7.2686,0.041699999999999994,7.3103,7.3151
505,0.0604,0.0003,0.0607,0.0109,0.9950576606260297,0.004942339373970346,3.624,0.1751,3.624,0.0,0.0,0.0,0.0,3.624,0.1751,3.7991,3.8001
506,0.0606,0.0002,0.0608,0.0109,0.9967105263157895,0.0032894736842105266,3.273,0.1333,3.2726,0.0,0.0,0.0,0.0,3.2725999999999997,0.1333,3.4059,3.4023
507,0.0616,0.0028,0.0644,0.0116,0.9565217391304348,0.043478260869565216,3.4116,1.8922,3.4117,0.0001,0.0,0.0,0.0,3.4116999999999997,1.8921999999999999,5.3039,5.3051
508,0.0472,0.0002,0.0473,0.0085,0.9978858350951374,0.004228329809725159,2.8302,0.1122,2.8302,0.0,0.0,0.0,0.0,2.8302000000000005,0.1122,2.9424000000000006,2.9392
509,0.031,0.0021,0.0332,0.006,0.9337349397590361,0.06325301204819277,1.812,1.4226,1.812,0.0,0.0,0.0,0.0,1.812,1.4226,3.2346000000000004,3.2342
510,0.1376,0.0,0.1376,0.0248,1.0,0.0,7.248,0.0277,7.2479,0.0,0.0,0.0,0.0,7.2479,0.027700000000000002,7.2756,7.2761
511,0.0545,0.0,0.0546,0.0098,0.9981684981684981,0.0,3.273,0.0047,3.2727,0.0,0.0,0.0,0.0,3.2727,0.0047,3.2774,3.2749
512,0.1236,0.0057,0.1293,0.0233,0.9559164733178654,0.044083526682134576,6.8442,3.6404,6.844,0.0,0.0,0.0,0.0,6.843999999999999,3.6404000000000005,10.4844,10.4891
513,0.0794,0.0,0.0794,0.0143,1.0,0.0,4.6344,0.0051,4.634,0.0,0.0,0.0,0.0,4.634,0.0050999999999999995,4.6391,4.6389
514,0.0815,0.0,0.0815,0.0147,1.0,0.0,4.8888,0.0108,4.8888,0.0,0.0,0.0,0.0,4.8888,0.010799999999999999,4.8995999999999995,4.8952
515,0.1299,0.0,0.1299,0.0234,1.0,0.0,6.8442,0.0031,6.8441,0.0,0.0,0.0,0.0,6.8441,0.0031,6.8472,6.8508
516,0.0394,0.0,0.0394,0.0071,1.0,0.0,2.0766,0.0034,2.0768,0.0002,0.0,0.0,0.0,2.0768,0.0034,2.0802,2.0851
517,0.1053,0.0,0.1053,0.019,1.0,0.0,5.6862,0.0269,5.6862,0.0,0.0,0.0,0.0,5.6862,0.026900000000000004,5.713100000000001,5.7106
518,0.0575,0.0031,0.0606,0.0109,0.9488448844884488,0.05115511551155115,3.0276,2.0458,3.0276,0.0,0.0,0.0,0.0,3.0276,2.0458,5.0733999999999995,5.0726
519,0.1182,0.0003,0.1185,0.0213,0.9974683544303798,0.002531645569620253,6.5454,0.1672,6.5455,0.0001,0.0,0.0,0.0,6.5455000000000005,0.16720000000000002,6.712700000000001,6.7149
520,0.1644,0.0,0.1644,0.0296,1.0,0.0,9.3456,0.0068,9.3455,0.0,0.0,0.0,0.0,9.345500000000001,0.0068000000000000005,9.352300000000001,9.3483
521,0.0392,0.0,0.0393,0.0071,0.9974554707379134,0.0,2.2296,0.0177,2.2296,0.0,0.0,0.0,0.0,2.2296,0.0177,2.2473,2.2509
522,0.0385,0.0,0.0385,0.0069,1.0,0.0,2.0766,0.0089,2.0766,0.0,0.0,0.0,0.0,2.0766,0.008900000000000002,2.0855,2.0841
523,0.1255,0.0001,0.1256,0.0226,0.999203821656051,0.0007961783439490447,6.951,0.0465,6.951,0.0,0.0,0.0,0.0,6.9510000000000005,0.0465,6.9975000000000005,6.9961
524,0.0784,0.0077,0.0862,0.0155,0.9095127610208816,0.08932714617169374,4.4592,4.9759,4.459,0.0,0.0,0.0,0.0,4.459,4.9759,9.434899999999999,9.438
525,0.0786,0.0,0.0786,0.0142,1.0,0.0,4.7148,0.0205,4.7148,0.0,0.0,0.0,0.0,4.7148,0.020499999999999997,4.7353000000000005,4.7393
526,0.0888,0.0072,0.0959,0.0173,0.9259645464025027,0.07507820646506778,5.046,4.4877,5.046,0.0,0.0,0.0,0.0,5.046,4.4877,9.5337,9.5302
527,0.0604,0.0036,0.064,0.0115,0.94375,0.056249999999999994,3.3444,2.2639,3.3441,0.0,0.0,0.0,0.0,3.3441,2.2639,5.6080000000000005,5.608
528,0.0849,0.0,0.0849,0.0153,1.0,0.0,4.3638,0.0284,4.3637,0.0,0.0,0.0,0.0,4.3637,0.0284,4.3921,4.3874
529,0.1802,0.0005,0.1807,0.0325,0.9972329828444937,0.0027670171555063644,9.2682,0.3335,9.2682,0.0,0.0,0.0,0.0,9.2682,0.3335,9.601700000000001,9.6021
530,0.1437,0.0001,0.1439,0.0259,0.9986101459346768,0.0006949270326615705,7.9608,0.0842,7.9608,0.0,0.0,0.0,0.0,7.960800000000001,0.0842,8.045,8.047
531,0.1376,0.0066,0.1442,0.026,0.9542302357836339,0.04576976421636616,7.8216,4.251,7.8218,0.0002,0.0,0.0,0.0,7.821800000000001,4.251,12.0728,12.0716
532,0.0654,0.0044,0.0698,0.0126,0.9369627507163324,0.06303724928366762,3.624,2.8147,3.6239,0.0,0.0,0.0,0.0,3.6239000000000003,2.8147,6.438600000000001,6.4398
533,0.1244,0.0048,0.1292,0.0233,0.9628482972136222,0.0371517027863777,7.0722,3.0126,7.0722,0.0,0.0,0.0,0.0,7.0722000000000005,3.0126,10.084800000000001,10.0875
534,0.0842,0.0012,0.0854,0.0154,0.9859484777517563,0.014051522248243558,4.5492,0.7536,4.5492,0.0,0.0,0.0,0.0,4.5492,0.7536,5.3027999999999995,5.3049
535,0.1101,0.0001,0.1102,0.0198,0.999092558983666,0.0009074410163339383,6.6042,0.0641,6.6045,0.0003,0.0,0.0,0.0,6.6045,0.06409999999999999,6.6686,6.6676
536,0.0437,0.0012,0.0449,0.0081,0.9732739420935412,0.026726057906458794,2.3574,0.7632,2.3574,0.0,0.0,0.0,0.0,2.3574,0.7632,3.1206,3.1232
537,0.1093,0.0024,0.1118,0.0201,0.9776386404293381,0.02146690518783542,6.0552,1.3832,6.0553,0.0001,0.0,0.0,0.0,6.055300000000001,1.3832,7.438500000000001,7.4408
538,0.1213,0.0,0.1214,0.0218,0.9991762767710051,0.0,6.393,0.0073,6.3931,0.0001,0.0,0.0,0.0,6.3931000000000004,0.0073,6.4004,6.3986
539,0.057,0.0,0.0571,0.0103,0.9982486865148862,0.0,2.9334,0.0084,2.9334,0.0,0.0,0.0,0.0,2.9334000000000002,0.0084,2.9418,2.9424
540,0.0837,0.0001,0.0838,0.0151,0.9988066825775656,0.0011933174224343676,4.8888,0.0304,4.8888,0.0,0.0,0.0,0.0,4.8888,0.0304,4.9192,4.9166
541,0.0341,0.0012,0.0352,0.0063,0.9687499999999999,0.03409090909090909,1.887,0.7466,1.8868,0.0,0.0,0.0,0.0,1.8868,0.7465999999999999,2.6334,2.638
542,0.0395,0.0023,0.0417,0.0075,0.947242206235012,0.05515587529976019,2.1312,1.4187,2.1309,0.0,0.0,0.0,0.0,2.1309,1.4186999999999999,3.5496,3.5487
543,0.0352,0.0001,0.0354,0.0064,0.9943502824858758,0.002824858757062147,1.812,0.08,1.812,0.0,0.0,0.0,0.0,1.812,0.07999999999999999,1.8920000000000001,1.8949
544,0.0562,0.0065,0.0627,0.0113,0.8963317384370015,0.1036682615629984,3.1152,4.4156,3.1152,0.0,0.0,0.0,0.0,3.1152,4.4155999999999995,7.530799999999999,7.5282
545,0.086,0.0006,0.0866,0.0156,0.9930715935334873,0.0069284064665127015,4.8888,0.385,4.8888,0.0,0.0,0.0,0.0,4.8888,0.385,5.2738,5.2773
546,0.0864,0.0011,0.0875,0.0157,0.9874285714285715,0.012571428571428574,4.5492,0.7195,4.549,0.0,0.0,0.0,0.0,4.5489999999999995,0.7195,5.2684999999999995,5.2705
547,0.1309,0.0,0.1309,0.0236,1.0,0.0,7.248,0.0187,7.248,0.0,0.0,0.0,0.0,7.248,0.018699999999999998,7.2667,7.2658
548,0.0911,0.0,0.0911,0.0164,1.0,0.0,5.046,0.0085,5.0461,0.0001,0.0,0.0,0.0,5.0461,0.008499999999999999,5.0546,5.052
549,0.1364,0.0005,0.1369,0.0246,0.9963476990504018,0.003652300949598247,7.9608,0.2981,7.9608,0.0,0.0,0.0,0.0,7.960800000000001,0.29810000000000003,8.2589,8.2614
550,0.0951,0.0001,0.0951,0.0171,1.0,0.0010515247108307045,4.8888,0.0506,4.8886,0.0,0.0,0.0,0.0,4.8886,0.0506,4.9392000000000005,4.9395
551,0.0548,0.0015,0.0563,0.0101,0.9733570159857904,0.02664298401420959,3.1152,0.956,3.1151,0.0,0.0,0.0,0.0,3.1151,0.956,4.0710999999999995,4.0735
552,0.0755,0.0,0.0755,0.0136,1.0,0.0,4.53,0.0145,4.5297,0.0,0.0,0.0,0.0,4.5297,0.014499999999999999,4.5442,4.5482
553,0.1032,0.0001,0.1033,0.0186,0.9990319457889641,0.000968054211035818,5.574,0.0457,5.5738,0.0,0.0,0.0,0.0,5.5738,0.045700000000000005,5.6195,5.6189
554,0.0557,0.0,0.0557,0.01,1.0,0.0,2.9334,0.0047,2.933,0.0,0.0,0.0,0.0,2.933,0.0047,2.9377,2.9332
555,0.1528,0.0025,0.1553,0.028,0.9839021249195106,0.016097875080489377,8.2512,1.8033,8.2509,0.0,0.0,0.0,0.0,8.2509,1.8033000000000001,10.0542,10.0494
556,0.1535,0.0,0.1535,0.0276,1.0,0.0,8.727,0.0084,8.7271,0.0001,0.0,0.0,0.0,8.7271,0.0084,8.7355,8.7315
557,0.0987,0.0001,0.0988,0.0178,0.9989878542510121,0.0010121457489878543,5.3274,0.0812,5.3276,0.0002,0.0,0.0,0.0,5.3276,0.0812,5.4088,5.4122
558,0.0408,0.0021,0.0428,0.0077,0.9532710280373833,0.04906542056074766,2.3172,1.3884,2.3169,0.0,0.0,0.0,0.0,2.3169,1.3883999999999999,3.7053,3.7065
559,0.1765,0.0003,0.1768,0.0318,0.9983031674208144,0.0016968325791855202,10.0326,0.1702,10.0328,0.0002,0.0,0.0,0.0,10.0328,0.1702,10.203,10.2029
560,0.1724,0.0,0.1724,0.031,1.0,0.0,9.0828,0.0032,9.083,0.0002,0.0,0.0,0.0,9.083,0.0032,9.0862,9.0813
561,0.146,0.0,0.146,0.0263,1.0,0.0,8.5242,0.0163,8.5241,0.0,0.0,0.0,0.0,8.5241,0.0163,8.5404,8.5368
562,0.1211,0.0001,0.1212,0.0218,0.9991749174917491,0.0008250825082508251,6.2304,0.0653,6.2302,0.0,0.0,0.0,0.0,6.230200000000001,0.0653,6.2955000000000005,6.2931
563,0.163,0.0001,0.163,0.0293,1.0,0.0006134969325153375,8.7996,0.0567,8.7996,0.0,0.0,0.0,0.0,8.7996,0.0567,8.8563,8.8514
564,0.0776,0.0,0.0776,0.014,1.0,0.0,4.53,0.0104,4.5299,0.0,0.0,0.0,0.0,4.5299,0.0104,4.540299999999999,4.5393
565,0.134,0.0048,0.1388,0.025,0.9654178674351586,0.034582132564841495,7.8216,2.9705,7.8217,0.0001,0.0,0.0,0.0,7.821700000000001,2.9705000000000004,10.792200000000001,10.7885
566,0.0619,0.0011,0.063,0.0113,0.9825396825396825,0.01746031746031746,3.3444,0.7414,3.3444,0.0,0.0,0.0,0.0,3.3444,0.7414000000000001,4.0858,4.0887
567,0.1106,0.0002,0.1108,0.0199,0.9981949458483755,0.0018050541516245488,5.6862,0.1549,5.6862,0.0,0.0,0.0,0.0,5.6862,0.1549,5.8411,5.8394
568,0.0472,0.0001,0.0473,0.0085,0.9978858350951374,0.0021141649048625794,2.8302,0.0577,2.8304,0.0002,0.0,0.0,0.0,2.8304,0.0577,2.8881,2.8851
569,0.1724,0.0,0.1724,0.031,1.0,0.0,9.0828,0.0055,9.0828,0.0,0.0,0.0,0.0,9.0828,0.0055,9.0883,9.0869
570,0.1659,0.0,0.1659,0.0299,1.0,0.0,9.4296,0.0044,9.4298,0.0002,0.0,0.0,0.0,9.4298,0.004399999999999999,9.4342,9.4359
571,0.0579,0.0,0.0579,0.0104,1.0,0.0,3.4758,0.0047,3.4757,0.0,0.0,0.0,0.0,3.4757000000000002,0.0047,3.4804000000000004,3.4829
572,0.1346,0.0004,0.135,0.0243,0.9970370370370369,0.002962962962962963,7.2684,0.211,7.2685,0.0001,0.0,0.0,0.0,7.2685,0.21100000000000002,7.479500000000001,7.4805
573,0.071,0.0,0.0711,0.0128,0.9985935302390998,0.0,4.2618,0.0265,4.2621,0.0003,0.0,0.0,0.0,4.2621,0.0265,4.288600000000001,4.2902
574,0.0392,0.0001,0.0393,0.0071,0.9974554707379134,0.002544529262086514,2.0184,0.0313,2.0185,0.0001,0.0,0.0,0.0,2.0185,0.031299999999999994,2.0498,2.0488
575,0.0447,0.0002,0.0449,0.0081,0.9955456570155901,0.004454342984409799,2.3574,0.1305,2.3575,0.0001,0.0,0.0,0.0,2.3575,0.1305,2.488,2.4928
576,0.0606,0.011,0.0716,0.0129,0.846368715083799,0.15363128491620112,3.5364,7.741,3.5359,0.0,0.0,0.0,0.0,3.5359000000000007,7.741000000000001,11.276900000000001,11.2814
577,0.066,0.0006,0.0666,0.012,0.990990990990991,0.009009009009009007,3.4758,0.3638,3.4758,0.0,0.0,0.0,0.0,3.4758,0.3638,3.8396,3.8384
578,0.1811,0.0,0.1812,0.0326,0.9994481236203091,0.0,10.0326,0.0233,10.0329,0.0003,0.0,0.0,0.0,10.0329,0.0233,10.0562,10.0518
579,0.1264,0.0102,0.1366,0.0246,0.9253294289897512,0.0746705710102489,6.8238,7.0337,6.8235,0.0,0.0,0.0,0.0,6.823499999999999,7.0337,13.857199999999999,13.8619
580,0.0729,0.0029,0.0758,0.0136,0.9617414248021108,0.03825857519788917,4.0368,1.7431,4.0368,0.0,0.0,0.0,0.0,4.0367999999999995,1.7431,5.7799,5.778
581,0.0404,0.0004,0.0408,0.0073,0.9901960784313725,0.00980392156862745,2.0766,0.2746,2.0766,0.0,0.0,0.0,0.0,2.0766,0.2746,2.3512,2.3475
582,0.149,0.0,0.149,0.0268,1.0,0.0,8.2512,0.0104,8.251,0.0,0.0,0.0,0.0,8.251,0.0104,8.2614,8.2607
583,0.157,0.0001,0.157,0.0283,1.0,0.0006369426751592357,8.0736,0.0324,8.0736,0.0,0.0,0.0,0.0,8.073599999999999,0.0324,8.106,8.1089
584,0.1116,0.0,0.1116,0.0201,1.0,0.0,6.342,0.0066,6.3419,0.0,0.0,0.0,0.0,6.341900000000001,0.0066,6.3485000000000005,6.3495
585,0.0895,0.0,0.0895,0.0161,1.0,0.0,4.7148,0.0115,4.7148,0.0,0.0,0.0,0.0,4.7148,0.0115,4.7263,4.7295
586,0.0323,0.0023,0.0346,0.0062,0.9335260115606937,0.06647398843930635,1.887,1.5217,1.887,0.0,0.0,0.0,0.0,1.887,1.5216999999999998,3.4086999999999996,3.4041
587,0.0533,0.002,0.0553,0.01,0.9638336347197106,0.03616636528028933,3.0276,1.1913,3.0276,0.0,0.0,0.0,0.0,3.0276,1.1913,4.2189,4.2192
588,0.0815,0.0011,0.0827,0.0149,0.9854897218863362,0.013301088270858526,4.6344,0.6838,4.634,0.0,0.0,0.0,0.0,4.634,0.6838000000000001,5.3178,5.3167
589,0.1528,0.0081,0.1608,0.0289,0.9502487562189055,0.05037313432835821,8.9184,5.0543,8.9179,0.0,0.0,0.0,0.0,8.9179,5.0543,13.972199999999999,13.9756
590,0.0873,0.0118,0.0991,0.0178,0.880928355196771,0.11907164480322907,4.7148,7.1835,4.7148,0.0,0.0,0.0,0.0,4.7148,7.1834999999999996,11.898299999999999,11.8945
591,0.1009,0.0031,0.104,0.0187,0.9701923076923078,0.02980769230769231,6.0552,1.9038,6.0553,0.0001,0.0,0.0,0.0,6.055300000000001,1.9038,7.959100000000001,7.9557
592,0.0776,0.0,0.0776,0.014,1.0,0.0,4.53,0.0143,4.53,0.0,0.0,0.0,0.0,4.53,0.014299999999999998,4.544300000000001,4.5417
593,0.0874,0.0002,0.0875,0.0158,0.998857142857143,0.002285714285714286,4.7172,0.1175,4.7172,0.0,0.0,0.0,0.0,4.7172,0.11750000000000002,4.8347,4.8329
594,0.1576,0.0005,0.1581,0.0285,0.9968374446552815,0.003162555344718533,8.727,0.313,8.7273,0.0003,0.0,0.0,0.0,8.7273,0.313,9.0403,9.0412
595,0.1011,0.0,0.1011,0.0182,1.0,0.0,5.3274,0.0041,5.3275,0.0001,0.0,0.0,0.0,5.327500000000001,0.0040999999999999995,5.331600000000001,5.3309
596,0.1612,0.0002,0.1614,0.029,0.9987608426270138,0.0012391573729863695,8.4912,0.1044,8.4914,0.0002,0.0,0.0,0.0,8.4914,0.10439999999999999,8.5958,8.598
597,0.0809,0.0,0.0809,0.0146,1.0,0.0,4.2618,0.0165,4.262,0.0002,0.0,0.0,0.0,4.2620000000000005,0.0165,4.2785,4.28
598,0.0716,0.0,0.0716,0.0129,1.0,0.0,3.774,0.0029,3.7739,0.0,0.0,0.0,0.0,3.7739000000000003,0.0029000000000000002,3.7768,3.774
599,0.0755,0.0001,0.0756,0.0136,0.9986772486772486,0.001322751322751323,4.53,0.0914,4.53,0.0,0.0,0.0,0.0,4.53,0.0914,4.6214,4.6246
600,0.0432,0.0,0.0432,0.0078,1.0,0.0,2.2746,0.0048,2.2745,0.0,0.0,0.0,0.0,2.2744999999999997,0.0048,2.2792999999999997,2.2838
601,0.0955,0.0003,0.0958,0.0172,0.9968684759916493,0.0031315240083507304,5.574,0.2108,5.574,0.0,0.0,0.0,0.0,5.574000000000001,0.21080000000000002,5.784800000000001,5.7812
602,0.1727,0.0077,0.1804,0.0325,0.9573170731707317,0.042682926829268296,9.8184,5.119,9.8182,0.0,0.0,0.0,0.0,9.818200000000001,5.119,14.9372,14.9346
603,0.1244,0.0041,0.1285,0.0231,0.9680933852140078,0.03190661478599222,7.0722,2.5123,7.0722,0.0,0.0,0.0,0.0,7.0722000000000005,2.5123,9.5845,9.5827
604,0.1651,0.0003,0.1654,0.0298,0.9981862152357921,0.0018137847642079807,8.4912,0.1727,8.4913,0.0001,0.0,0.0,0.0,8.4913,0.1727,8.664000000000001,8.6648
605,0.1022,0.0,0.1022,0.0184,1.0,0.0,5.661,0.0072,5.6609,0.0,0.0,0.0,0.0,5.6609,0.0072,5.6681,5.673
606,0.0996,0.0016,0.1012,0.0182,0.9841897233201581,0.0158102766798419,5.661,1.0011,5.661,0.0,0.0,0.0,0.0,5.6610000000000005,1.0011,6.662100000000001,6.6598
607,0.161,0.0011,0.1622,0.0292,0.9926017262638718,0.006781750924784217,8.9184,0.7746,8.9182,0.0,0.0,0.0,0.0,8.918199999999999,0.7746,9.692799999999998,9.6965
608,0.0852,0.0044,0.0895,0.0161,0.9519553072625698,0.04916201117318436,4.7172,2.7562,4.7173,0.0001,0.0,0.0,0.0,4.7173,2.7561999999999998,7.4735,7.4736
609,0.0604,0.0,0.0604,0.0109,1.0,0.0,3.3444,0.0234,3.3443,0.0,0.0,0.0,0.0,3.3442999999999996,0.023399999999999997,3.3676999999999997,3.3657
610,0.0371,0.0037,0.0408,0.0073,0.9093137254901961,0.09068627450980392,1.9554,2.4636,1.9554,0.0,0.0,0.0,0.0,1.9554000000000002,2.4636000000000005,4.4190000000000005,4.4184
611,0.0404,0.0002,0.0406,0.0073,0.9950738916256158,0.004926108374384237,2.1816,0.0993,2.1817,0.0001,0.0,0.0,0.0,2.1816999999999998,0.0993,2.2809999999999997,2.2846
612,0.1037,0.0017,0.1054,0.019,0.9838709677419355,0.016129032258064516,6.0552,1.0423,6.0552,0.0,0.0,0.0,0.0,6.0552,1.0423,7.0975,7.1018
613,0.1126,0.0001,0.1128,0.0203,0.99822695035461,0.0008865248226950355,5.7924,0.0952,5.7926,0.0002,0.0,0.0,0.0,5.7926,0.09519999999999999,5.8878,5.8925
614,0.0655,0.0,0.0655,0.0118,1.0,0.0,3.5364,0.0069,3.5361,0.0,0.0,0.0,0.0,3.5361000000000002,0.006900000000000001,3.543,3.5476
615,0.1145,0.0,0.1145,0.0206,1.0,0.0,6.342,0.0027,6.3419,0.0,0.0,0.0,0.0,6.3419,0.0026999999999999997,6.3446,6.3486
616,0.0577,0.0,0.0577,0.0104,1.0,0.0,3.1152,0.0088,3.1152,0.0,0.0,0.0,0.0,3.1152,0.008799999999999999,3.124,3.1222
617,0.1183,0.0008,0.119,0.0214,0.9941176470588236,0.0067226890756302525,6.2304,0.5456,6.2304,0.0,0.0,0.0,0.0,6.2304,0.5456000000000001,6.776000000000001,6.7731
618,0.0489,0.0001,0.049,0.0088,0.9979591836734694,0.0020408163265306124,2.9334,0.0457,2.9333,0.0,0.0,0.0,0.0,2.9333,0.045700000000000005,2.979,2.9766
619,0.1915,0.0025,0.194,0.0349,0.9871134020618556,0.01288659793814433,10.6086,1.5971,10.6082,0.0,0.0,0.0,0.0,10.6082,1.5971,12.2053,12.2084
620,0.1347,0.0004,0.1351,0.0243,0.9970392301998519,0.002960769800148039,7.4586,0.272,7.4586,0.0,0.0,0.0,0.0,7.458600000000001,0.272,7.730600000000001,7.7347
621,0.1183,0.0,0.1183,0.0213,1.0,0.0,6.2304,0.0086,6.2303,0.0,0.0,0.0,0.0,6.2303,0.0086,6.2389,6.2368
622,0.0951,0.0,0.0951,0.0171,1.0,0.0,4.8888,0.0173,4.8885,0.0,0.0,0.0,0.0,4.8885000000000005,0.0173,4.9058,4.9104
623,0.0404,0.0053,0.0457,0.0082,0.8840262582056893,0.11597374179431073,2.1816,3.3123,2.1816,0.0,0.0,0.0,0.0,2.1816,3.3123,5.4939,5.4932
624,0.1346,0.0008,0.1353,0.0244,0.9948263118994826,0.005912786400591279,8.0736,0.472,8.0738,0.0002,0.0,0.0,0.0,8.073799999999999,0.472,8.545799999999998,8.547
625,0.1569,0.0038,0.1607,0.0289,0.9763534536403236,0.023646546359676415,8.9184,2.3698,8.9181,0.0,0.0,0.0,0.0,8.918099999999999,2.3698,11.287899999999999,11.2846
626,0.0621,0.0024,0.0644,0.0116,0.9642857142857143,0.03726708074534161,3.624,1.4094,3.6239,0.0,0.0,0.0,0.0,3.6239,1.4094,5.0333,5.0315
627,0.0858,0.0018,0.0876,0.0158,0.9794520547945206,0.02054794520547945,4.6344,1.1653,4.634,0.0,0.0,0.0,0.0,4.634,1.1653,5.799300000000001,5.8019
628,0.1895,0.0045,0.194,0.0349,0.9768041237113402,0.02319587628865979,10.2354,2.8803,10.2351,0.0,0.0,0.0,0.0,10.2351,2.8803,13.1154,13.1166
629,0.1585,0.0,0.1586,0.0285,0.9993694829760404,0.0,8.154,0.0217,8.1539,0.0,0.0,0.0,0.0,8.1539,0.021699999999999997,8.1756,8.1783
630,0.0638,0.0,0.0638,0.0115,1.0,0.0,3.624,0.0023,3.6239,0.0,0.0,0.0,0.0,3.6239000000000003,0.0023,3.6262000000000003,3.6266
631,0.1415,0.0,0.1416,0.0255,0.9992937853107343,0.0,8.4912,0.0249,8.4914,0.0002,0.0,0.0,0.0,8.4914,0.0249,8.516300000000001,8.5118
632,0.0788,0.0,0.0789,0.0142,0.9987325728770595,0.0,4.1532,0.0149,4.1535,0.0003,0.0,0.0,0.0,4.1535,0.014900000000000002,4.1684,4.1715
633,0.1576,0.0001,0.1576,0.0284,1.0,0.000634517766497462,8.727,0.0409,8.7271,0.0001,0.0,0.0,0.0,8.727099999999998,0.040900000000000006,8.767999999999999,8.7642
634,0.0789,0.0035,0.0825,0.0148,0.9563636363636363,0.04242424242424242,4.2618,2.2233,4.2619,0.0001,0.0,0.0,0.0,4.261900000000001,2.2233,6.485200000000001,6.4842
635,0.1061,0.002,0.1081,0.0195,0.9814986123959297,0.018501387604070305,5.4546,1.2311,5.4546,0.0,0.0,0.0,0.0,5.454600000000001,1.2311,6.685700000000001,6.6854
636,0.1601,0.0019,0.1619,0.0291,0.9888820259419395,0.01173563928350834,9.0978,1.2897,9.0979,0.0001,0.0,0.0,0.0,9.097900000000001,1.2897,10.3876,10.3874
637,0.1125,0.0,0.1125,0.0202,1.0,0.0,6.393,0.0183,6.393,0.0,0.0,0.0,0.0,6.393,0.0183,6.4113,6.4149
638,0.1137,0.0005,0.1142,0.0206,0.9956217162872154,0.0043782837127845885,6.8238,0.3262,6.8235,0.0,0.0,0.0,0.0,6.823499999999999,0.3262,7.149699999999999,7.1498
639,0.1376,0.0,0.1376,0.0248,1.0,0.0,7.248,0.0068,7.2479,0.0,0.0,0.0,0.0,7.2479000000000005,0.0068,7.254700000000001,7.2524
640,0.1065,0.0,0.1065,0.0192,1.0,0.0,6.0552,0.0079,6.0553,0.0001,0.0,0.0,0.0,6.055300000000001,0.0079,6.063200000000001,6.0604
641,0.0818,0.0,0.0818,0.0147,1.0,0.0,4.53,0.0043,4.53,0.0,0.0,0.0,0.0,4.53,0.0043,4.5343,4.5333
642,0.2063,0.0002,0.2064,0.0372,0.999515503875969,0.0009689922480620156,10.6086,0.1083,10.6085,0.0,0.0,0.0,0.0,10.608500000000001,0.10830000000000001,10.716800000000001,10.7213
643,0.1375,0.0001,0.1376,0.0248,0.9992732558139535,0.0007267441860465116,8.2512,0.0572,8.2511,0.0,0.0,0.0,0.0,8.2511,0.0572,8.3083,8.3052
644,0.0362,0.0001,0.0363,0.0065,0.997245179063361,0.0027548209366391185,1.9554,0.0581,1.9554,0.0,0.0,0.0,0.0,1.9554000000000002,0.0581,2.0135,2.0102
645,0.055,0.0001,0.0552,0.0099,0.9963768115942029,0.0018115942028985507,2.8302,0.099,2.8305,0.0003,0.0,0.0,0.0,2.8305,0.099,2.9295,2.9289
646,0.0797,0.0005,0.0802,0.0144,0.9937655860349127,0.006234413965087282,4.53,0.3761,4.5299,0.0,0.0,0.0,0.0,4.5299,0.37610000000000005,4.906,4.9054
647,0.1191,0.0013,0.1204,0.0217,0.989202657807309,0.01079734219269103,6.951,0.8732,6.9512,0.0002,0.0,0.0,0.0,6.9512,0.8732000000000001,7.8244,7.8247
648,0.0557,0.0004,0.056,0.0101,0.9946428571428572,0.007142857142857143,2.9334,0.2431,2.9332,0.0,0.0,0.0,0.0,2.9332000000000003,0.24310000000000004,3.1763000000000003,3.1755
649,0.076,0.0,0.0761,0.0137,0.9986859395532194,0.0,3.9108,0.0053,3.9108,0.0,0.0,0.0,0.0,3.9108000000000005,0.0053,3.9161000000000006,3.9118
650,0.1731,0.0028,0.1759,0.0317,0.9840818646958499,0.015918135304150084,9.3456,1.6923,9.3454,0.0,0.0,0.0,0.0,9.3454,1.6923,11.0377,11.0379
651,0.06,0.0077,0.0677,0.0122,0.8862629246676514,0.1137370753323486,3.4116,4.7269,3.4118,0.0002,0.0,0.0,0.0,3.4117999999999995,4.7269,8.1387,8.1345
652,0.0639,0.0001,0.0639,0.0115,1.0,0.001564945226917058,3.5364,0.0446,3.5362,0.0,0.0,0.0,0.0,3.5362000000000005,0.0446,3.5808000000000004,3.5804
653,0.0673,0.0001,0.0674,0.0121,0.9985163204747775,0.001483679525222552,4.0368,0.0739,4.0368,0.0,0.0,0.0,0.0,4.0367999999999995,0.0739,4.1107,4.1121
654,0.0742,0.0,0.0743,0.0134,0.9986541049798116,0.0,3.9108,0.0264,3.9109,0.0001,0.0,0.0,0.0,3.9109000000000003,0.026399999999999996,3.9373000000000005,3.9359
655,0.131,0.0085,0.1395,0.0251,0.9390681003584229,0.06093189964157706,7.0722,5.6644,7.0722,0.0,0.0,0.0,0.0,7.0722000000000005,5.6644000000000005,12.736600000000001,12.7365
656,0.0489,0.0032,0.052,0.0094,0.9403846153846154,0.06153846153846154,2.9334,1.9305,2.9331,0.0,0.0,0.0,0.0,2.9331,1.9304999999999999,4.8636,4.8643
657,0.1032,0.0083,0.1115,0.0201,0.9255605381165919,0.07443946188340807,5.574,5.2156,5.5739,0.0,0.0,0.0,0.0,5.5739,5.2156,10.7895,10.7935
658,0.1495,0.0002,0.1497,0.0269,0.9986639946559785,0.0013360053440213762,8.0736,0.1336,8.0736,0.0,0.0,0.0,0.0,8.073599999999999,0.1336,8.207199999999998,8.2064
659,0.1727,0.0,0.1728,0.0311,0.9994212962962962,0.0,9.8184,0.0169,9.8182,0.0,0.0,0.0,0.0,9.818200000000001,0.016900000000000002,9.8351,9.8328
660,0.1643,0.0025,0.1667,0.03,0.9856028794241153,0.014997000599880026,9.0978,1.5625,9.0979,0.0001,0.0,0.0,0.0,9.0979,1.5625000000000002,10.6604,10.663
661,0.1467,0.0002,0.1468,0.0264,0.9993188010899181,0.0013623978201634877,8.7996,0.1055,8.7994,0.0,0.0,0.0,0.0,8.799399999999999,0.1055,8.904899999999998,8.9009
662,0.0591,0.0009,0.06,0.0108,0.985,0.015,3.1152,0.609,3.1152,0.0,0.0,0.0,0.0,3.1152,0.609,3.7242,3.7192
663,0.101,0.0096,0.1106,0.0199,0.9132007233273056,0.08679927667269438,5.8938,6.4968,5.8936,0.0,0.0,0.0,0.0,5.893599999999999,6.4967999999999995,12.3904,12.387
664,0.1734,0.0001,0.1735,0.0312,0.9994236311239194,0.0005763688760806917,8.9184,0.0409,8.9181,0.0,0.0,0.0,0.0,8.918099999999999,0.0409,8.959,8.9599
665,0.1146,0.0001,0.1147,0.0206,0.999128160418483,0.0008718395815170009,6.6888,0.0463,6.6887,0.0,0.0,0.0,0.0,6.6887,0.0463,6.734999999999999,6.7349
666,0.0867,0.0001,0.0868,0.0156,0.998847926267281,0.001152073732718894,4.4592,0.0334,4.4589,0.0,0.0,0.0,0.0,4.4589,0.0334,4.4923,4.4879
667,0.0951,0.0,0.0951,0.0171,1.0,0.0,4.8888,0.0028,4.8886,0.0,0.0,0.0,0.0,4.8886,0.0028000000000000004,4.8914,4.8924
668,0.066,0.0007,0.0667,0.012,0.989505247376312,0.010494752623688156,3.4758,0.4699,3.4757,0.0,0.0,0.0,0.0,3.4757,0.46990000000000004,3.9455999999999998,3.9417
669,0.1494,0.0017,0.1511,0.0272,0.9887491727332892,0.011250827266710787,8.4912,1.0661,8.4913,0.0001,0.0,0.0,0.0,8.4913,1.0661,9.557400000000001,9.5607
670,0.0384,0.003,0.0414,0.0075,0.9275362318840579,0.07246376811594203,2.1816,1.9865,2.1816,0.0,0.0,0.0,0.0,2.1816,1.9865,4.1681,4.1731
671,0.1121,0.0,0.1121,0.0202,1.0,0.0,6.5454,0.0168,6.5454,0.0,0.0,0.0,0.0,6.545399999999999,0.0168,6.562199999999999,6.5606
672,0.0418,0.0001,0.0419,0.0075,0.9976133651551312,0.002386634844868735,2.3172,0.0448,2.3169,0.0,0.0,0.0,0.0,2.3169,0.0448,2.3617,2.3619
673,0.1601,0.0,0.1601,0.0288,1.0,0.0,9.3456,0.0089,9.3453,0.0,0.0,0.0,0.0,9.345300000000002,0.0089,9.354200000000002,9.358
674,0.053,0.0014,0.0544,0.0098,0.9742647058823529,0.02573529411764706,2.9334,0.9215,2.9333,0.0,0.0,0.0,0.0,2.9333,0.9215,3.8548,3.8573
675,0.0958,0.0001,0.0959,0.0173,0.9989572471324296,0.0010427528675703858,5.046,0.0544,5.046,0.0,0.0,0.0,0.0,5.046,0.054400000000000004,5.1004000000000005,5.1034
676,0.1731,0.0,0.1731,0.0312,1.0,0.0,9.3456,0.0037,9.3454,0.0,0.0,0.0,0.0,9.3454,0.0037,9.3491,9.3465
677,0.0652,0.0,0.0652,0.0117,1.0,0.0,3.9108,0.0054,3.9109,0.0001,0.0,0.0,0.0,3.9109000000000007,0.005399999999999999,3.9163000000000006,3.9161
678,0.0524,0.0,0.0525,0.0094,0.9980952380952381,0.0,2.8302,0.0292,2.8304,0.0002,0.0,0.0,0.0,2.8304,0.0292,2.8596,2.8596
679,0.0362,0.0027,0.0389,0.007,0.930591259640103,0.06940874035989718,1.9554,1.9099,1.9555,0.0001,0.0,0.0,0.0,1.9555000000000002,1.9099,3.8654,3.8633
680,0.1651,0.0006,0.1657,0.0298,0.9963789981894992,0.003621001810500905,8.4912,0.4221,8.4912,0.0,0.0,0.0,0.0,8.491200000000001,0.42210000000000003,8.913300000000001,8.9157
681,0.1244,0.0037,0.1282,0.0231,0.970358814352574,0.028861154446177848,7.0722,2.2582,7.0723,0.0001,0.0,0.0,0.0,7.0723,2.2582,9.3305,9.3276
682,0.149,0.0022,0.1511,0.0272,0.9861019192587689,0.014559894109861018,8.2512,1.5506,8.251,0.0,0.0,0.0,0.0,8.251,1.5506,9.801599999999999,9.8045
683,0.1346,0.0,0.1346,0.0242,1.0,0.0,8.0736,0.004,8.0736,0.0,0.0,0.0,0.0,8.073599999999999,0.004,8.077599999999999,8.0814
684,0.1548,0.0004,0.1551,0.0279,0.9980657640232109,0.002578981302385558,8.154,0.2437,8.154,0.0,0.0,0.0,0.0,8.154,0.2437,8.3977,8.3954
685,0.0606,0.0,0.0606,0.0109,1.0,0.0,3.5364,0.0064,3.5361,0.0,0.0,0.0,0.0,3.5361000000000007,0.0063999999999999994,3.542500000000001,3.5429
686,0.0606,0.0039,0.0645,0.0116,0.9395348837209302,0.06046511627906976,3.273,2.4017,3.2727,0.0,0.0,0.0,0.0,3.2727,2.4017000000000004,5.6744,5.6696
687,0.0619,0.0,0.062,0.0112,0.9983870967741935,0.0,3.3444,0.0176,3.3444,0.0,0.0,0.0,0.0,3.3444,0.0176,3.3619999999999997,3.3572
688,0.1243,0.0031,0.1274,0.0229,0.9756671899529041,0.024332810047095758,7.0644,2.0712,7.0644,0.0,0.0,0.0,0.0,7.064400000000001,2.0712,9.1356,9.1323
689,0.0394,0.0001,0.0395,0.0071,0.9974683544303796,0.002531645569620253,2.0766,0.0484,2.0766,0.0,0.0,0.0,0.0,2.0766,0.0484,2.125,2.1202
690,0.1277,0.0015,0.1292,0.0233,0.9883900928792569,0.011609907120743033,7.0722,0.9793,7.0723,0.0001,0.0,0.0,0.0,7.0723,0.9793,8.0516,8.0564
691,0.0808,0.001,0.0817,0.0147,0.988984088127295,0.012239902080783354,4.7148,0.5526,4.7148,0.0,0.0,0.0,0.0,4.7148,0.5526,5.2674,5.2687
692,0.1659,0.0002,0.1661,0.0299,0.9987959060806743,0.0012040939193257074,9.4296,0.1178,9.4296,0.0,0.0,0.0,0.0,9.4296,0.1178,9.547400000000001,9.55
693,0.1437,0.0,0.1438,0.0259,0.9993045897079276,0.0,7.9608,0.0112,7.9608,0.0,0.0,0.0,0.0,7.960800000000001,0.011200000000000002,7.972,7.9712
694,0.055,0.0003,0.0553,0.01,0.9945750452079566,0.005424954792043399,2.8302,0.1666,2.8305,0.0003,0.0,0.0,0.0,2.8305,0.1666,2.9970999999999997,2.995
695,0.0821,0.0051,0.0872,0.0157,0.94151376146789,0.058486238532110095,4.5492,3.4191,4.549,0.0,0.0,0.0,0.0,4.5489999999999995,3.4190999999999994,7.968099999999999,7.9652
696,0.1409,0.0005,0.1414,0.0254,0.9964639321074965,0.0035360678925035363,7.8036,0.2834,7.8035,0.0,0.0,0.0,0.0,7.8035,0.28340000000000004,8.0869,8.0845
697,0.088,0.0,0.088,0.0158,1.0,0.0,4.6344,0.0234,4.6342,0.0,0.0,0.0,0.0,4.634200000000001,0.0234,4.6576,4.659
698,0.0748,0.0,0.0748,0.0135,1.0,0.0,4.0368,0.0094,4.0369,0.0001,0.0,0.0,0.0,4.0369,0.009399999999999999,4.0463000000000005,4.0495
699,0.0382,0.0,0.0382,0.0069,1.0,0.0,2.2296,0.0053,2.2295,0.0,0.0,0.0,0.0,2.2295,0.005300000000000001,2.2348,2.2392
700,0.1472,0.0023,0.1495,0.0269,0.9846153846153847,0.015384615384615385,8.154,1.5763,8.1539,0.0,0.0,0.0,0.0,8.1539,1.5763000000000003,9.7302,9.7333
701,0.1776,0.0016,0.1792,0.0323,0.9910714285714286,0.00892857142857143,9.5898,1.0654,9.5896,0.0,0.0,0.0,0.0,9.5896,1.0654,10.655000000000001,10.6502
702,0.0573,0.0,0.0573,0.0103,1.0,0.0,3.3444,0.0275,3.3444,0.0,0.0,0.0,0.0,3.3444,0.0275,3.3718999999999997,3.3738
703,0.0646,0.0013,0.066,0.0119,0.9787878787878788,0.019696969696969695,3.774,0.8682,3.774,0.0,0.0,0.0,0.0,3.774,0.8682,4.6422,4.6435
704,0.1125,0.0003,0.1128,0.0203,0.9973404255319149,0.0026595744680851063,6.2304,0.1722,6.2303,0.0,0.0,0.0,0.0,6.230300000000001,0.1722,6.402500000000001,6.3982
705,0.0913,0.0001,0.0914,0.0164,0.9989059080962802,0.0010940919037199126,5.1918,0.0353,5.1918,0.0,0.0,0.0,0.0,5.191799999999999,0.0353,5.227099999999999,5.224
706,0.0837,0.0028,0.0866,0.0156,0.9665127020785219,0.03233256351039261,4.8888,1.7171,4.8888,0.0,0.0,0.0,0.0,4.8888,1.7171,6.6059,6.603
707,0.0688,0.0053,0.0741,0.0133,0.9284750337381916,0.07152496626180836,3.9108,3.6518,3.9109,0.0001,0.0,0.0,0.0,3.9109000000000007,3.6518,7.562700000000001,7.5629
708,0.0985,0.0,0.0986,0.0177,0.9989858012170386,0.0,5.1918,0.0198,5.1918,0.0,0.0,0.0,0.0,5.191799999999999,0.0198,5.211599999999999,5.2075
709,0.1858,0.0008,0.1866,0.0336,0.9957127545551984,0.004287245444801716,10.0326,0.4985,10.0329,0.0003,0.0,0.0,0.0,10.0329,0.4985,10.5314,10.5294
710,0.1401,0.0018,0.1418,0.0255,0.9880112834978843,0.012693935119887164,7.9608,1.1431,7.9607,0.0,0.0,0.0,0.0,7.960700000000001,1.1431,9.103800000000001,9.1065
711,0.0561,0.0,0.0561,0.0101,1.0,0.0,3.0276,0.0166,3.0276,0.0,0.0,0.0,0.0,3.0276,0.0166,3.0442,3.0481
712,0.0374,0.0005,0.0378,0.0068,0.9894179894179895,0.013227513227513229,2.0184,0.3021,2.0184,0.0,0.0,0.0,0.0,2.0183999999999997,0.3020999999999999,2.3204999999999996,2.3199
713,0.1379,0.0,0.1379,0.0248,1.0,0.0,7.6362,0.0098,7.6365,0.0003,0.0,0.0,0.0,7.6365,0.0098,7.6463,7.6417
714,0.1572,0.0045,0.1618,0.0291,0.9715698393077874,0.027812113720642767,8.4912,3.2489,8.4912,0.0,0.0,0.0,0.0,8.491200000000001,3.2489,11.740100000000002,11.7409
715,0.0766,0.0056,0.0823,0.0148,0.9307411907654921,0.06804374240583232,4.0368,3.479,4.0368,0.0,0.0,0.0,0.0,4.0367999999999995,3.479,7.5158,7.5166
716,0.1236,0.0015,0.1251,0.0225,0.9880095923261392,0.011990407673860913,6.8442,1.0318,6.8441,0.0,0.0,0.0,0.0,6.8441,1.0317999999999998,7.8759,7.8729
717,0.1019,0.0,0.1019,0.0183,1.0,0.0,5.7924,0.0055,5.7925,0.0001,0.0,0.0,0.0,5.7925,0.0055000000000000005,5.798,5.7942
718,0.0562,0.0,0.0563,0.0101,0.9982238010657193,0.0,3.1968,0.0211,3.1967,0.0,0.0,0.0,0.0,3.1967,0.021099999999999997,3.2178,3.2177
719,0.1057,0.0001,0.1058,0.0191,0.999054820415879,0.000945179584120983,6.342,0.0859,6.342,0.0,0.0,0.0,0.0,6.3420000000000005,0.0859,6.4279,6.4233
720,0.1073,0.0041,0.1114,0.02,0.9631956912028726,0.03680430879712747,5.7924,2.8687,5.7927,0.0003,0.0,0.0,0.0,5.7927,2.8687,8.6614,8.6626
721,0.0595,0.0052,0.0648,0.0117,0.9182098765432098,0.08024691358024691,3.4758,3.1924,3.4757,0.0,0.0,0.0,0.0,3.4757000000000002,3.1924,6.668100000000001,6.6631
722,0.1075,0.0,0.1075,0.0193,1.0,0.0,5.661,0.0059,5.661,0.0,0.0,0.0,0.0,5.6610000000000005,0.005900000000000001,5.6669,5.6701
723,0.1858,0.0018,0.1876,0.0338,0.990405117270789,0.009594882729211088,10.0326,1.1706,10.033,0.0004,0.0,0.0,0.0,10.033,1.1705999999999999,11.2036,11.2038
724,0.0961,0.0,0.0962,0.0173,0.9989604989604991,0.0,5.1918,0.0043,5.1919,0.0001,0.0,0.0,0.0,5.1919,0.0043,5.1962,5.2009
725,0.1437,0.0022,0.1459,0.0263,0.9849211788896504,0.015078821110349555,7.9608,1.4365,7.9608,0.0,0.0,0.0,0.0,7.960800000000001,1.4365,9.397300000000001,9.399
726,0.1727,0.0009,0.1736,0.0312,0.9948156682027649,0.005184331797235023,9.8184,0.6042,9.8182,0.0,0.0,0.0,0.0,9.818200000000001,0.6042,10.422400000000001,10.4195
727,0.0575,0.0057,0.0632,0.0114,0.9098101265822784,0.09018987341772151,3.0276,3.4712,3.0276,0.0,0.0,0.0,0.0,3.0276,3.4712,6.4988,6.5017
728,0.0327,0.0017,0.0344,0.0062,0.9505813953488372,0.04941860465116279,1.812,0.9814,1.8119,0.0,0.0,0.0,0.0,1.8119,0.9814,2.7933000000000003,2.795
729,0.1125,0.0,0.1125,0.0202,1.0,0.0,6.393,0.0095,6.3931,0.0001,0.0,0.0,0.0,6.3931000000000004,0.009500000000000001,6.4026000000000005,6.4004
730,0.0638,0.0001,0.0639,0.0115,0.9984350547730829,0.001564945226917058,3.624,0.0572,3.624,0.0,0.0,0.0,0.0,3.624,0.0572,3.6812,3.6853
731,0.1312,0.0001,0.1313,0.0236,0.9992383853769993,0.0007616146230007616,7.2684,0.0514,7.2685,0.0001,0.0,0.0,0.0,7.268500000000001,0.0514,7.319900000000001,7.3155
732,0.0808,0.0001,0.0809,0.0146,0.9987639060568603,0.0012360939431396787,4.7172,0.0328,4.7175,0.0003,0.0,0.0,0.0,4.7175,0.0328,4.7503,4.7494
733,0.1811,0.0005,0.1817,0.0327,0.9966978536048432,0.00275178866263071,10.0326,0.3606,10.033,0.0004,0.0,0.0,0.0,10.033,0.36060000000000003,10.3936,10.3962
734,0.1883,0.0,0.1883,0.0339,1.0,0.0,10.4268,0.0052,10.4268,0.0,0.0,0.0,0.0,10.4268,0.0052,10.432,10.4294
735,0.0928,0.0002,0.093,0.0167,0.9978494623655914,0.002150537634408602,4.8888,0.1326,4.8886,0.0,0.0,0.0,0.0,4.8886,0.1326,5.0212,5.0186
736,0.1006,0.0001,0.1007,0.0181,0.9990069513406157,0.0009930486593843098,5.574,0.0503,5.5738,0.0,0.0,0.0,0.0,5.5738,0.050300000000000004,5.6241,5.629
737,0.1347,0.0,0.1347,0.0242,1.0,0.0,7.4586,0.0044,7.4586,0.0,0.0,0.0,0.0,7.458600000000001,0.004399999999999999,7.463000000000001,7.4619
738,0.1374,0.0008,0.1382,0.0249,0.9942112879884226,0.0057887120115774245,7.0644,0.4932,7.0644,0.0,0.0,0.0,0.0,7.064400000000001,0.4932,7.557600000000001,7.5569
739,0.073,0.0009,0.0739,0.0133,0.9878213802435725,0.012178619756427606,4.2618,0.547,4.2622,0.0004,0.0,0.0,0.0,4.2622,0.547,4.8092,4.8099
740,0.1682,0.0,0.1682,0.0303,1.0,0.0,9.0828,0.0064,9.0828,0.0,0.0,0.0,0.0,9.0828,0.0064,9.0892,9.0929
741,0.0579,0.0,0.058,0.0104,0.9982758620689655,0.0,3.4758,0.0146,3.4757,0.0,0.0,0.0,0.0,3.4757000000000002,0.0146,3.4903000000000004,3.4866
742,0.0426,0.0094,0.052,0.0094,0.8192307692307692,0.1807692307692308,2.3574,6.6056,2.3574,0.0,0.0,0.0,0.0,2.3574,6.605600000000001,8.963000000000001,8.9614
743,0.0688,0.0011,0.0699,0.0126,0.9842632331902718,0.015736766809728183,3.9108,0.6022,3.9108,0.0,0.0,0.0,0.0,3.9108000000000005,0.6022000000000001,4.513000000000001,4.5161
744,0.1342,0.0001,0.1343,0.0242,0.9992553983618765,0.0007446016381236039,7.0722,0.0498,7.0723,0.0001,0.0,0.0,0.0,7.0723,0.0498,7.1221000000000005,7.125
745,0.1379,0.0013,0.1392,0.0251,0.99066091954023,0.009339080459770116,7.6362,0.8731,7.6364,0.0002,0.0,0.0,0.0,7.6364,0.8731,8.5095,8.5076
746,0.1467,0.0002,0.1469,0.0264,0.9986385296119809,0.0013614703880190607,8.7996,0.1237,8.7996,0.0,0.0,0.0,0.0,8.7996,0.1237,8.9233,8.9274
747,0.1308,0.0,0.1308,0.0235,1.0,0.0,7.0644,0.0043,7.0644,0.0,0.0,0.0,0.0,7.064400000000001,0.0043,7.068700000000001,7.0697
748,0.1327,0.0001,0.1328,0.0239,0.9992469879518073,0.0007530120481927711,7.9608,0.0435,7.9607,0.0,0.0,0.0,0.0,7.960700000000001,0.0435,8.0042,8.0045
749,0.0364,0.0,0.0365,0.0066,0.9972602739726029,0.0,2.0184,0.0052,2.0184,0.0,0.0,0.0,0.0,2.0183999999999997,0.005200000000000001,2.0235999999999996,2.0211
750,0.1731,0.0,0.1732,0.0312,0.9994226327944573,0.0,9.5898,0.0109,9.5895,0.0,0.0,0.0,0.0,9.589500000000001,0.0109,9.6004,9.6001
751,0.1864,0.0001,0.1865,0.0336,0.9994638069705094,0.0005361930294906167,9.8184,0.06,9.8183,0.0,0.0,0.0,0.0,9.8183,0.06,9.878300000000001,9.877
752,0.0491,0.0,0.0491,0.0088,1.0,0.0,2.718,0.0261,2.718,0.0,0.0,0.0,0.0,2.718,0.026099999999999998,2.7441,2.7423
753,0.0423,0.0001,0.0424,0.0076,0.9976415094339622,0.0023584905660377358,2.2296,0.0331,2.2296,0.0,0.0,0.0,0.0,2.2296,0.033100000000000004,2.2627,2.2636
754,0.0375,0.0004,0.0379,0.0068,0.9894459102902373,0.010554089709762533,2.0766,0.276,2.0768,0.0002,0.0,0.0,0.0,2.0768,0.276,2.3528000000000002,2.3492
755,0.1242,0.0071,0.1314,0.0236,0.9452054794520549,0.054033485540334866,6.5454,4.9064,6.5454,0.0,0.0,0.0,0.0,6.545399999999999,4.9064,11.451799999999999,11.4469
756,0.101,0.0001,0.101,0.0182,1.0,0.0009900990099009901,5.1918,0.0411,5.1918,0.0,0.0,0.0,0.0,5.191799999999999,0.0411,5.232899999999999,5.2365
757,0.0576,0.0009,0.0585,0.0105,0.9846153846153846,0.015384615384615384,3.273,0.5731,3.2729,0.0,0.0,0.0,0.0,3.2729,0.5731,3.846,3.8465
758,0.1461,0.0001,0.1462,0.0263,0.9993160054719563,0.0006839945280437757,8.307,0.0311,8.307,0.0,0.0,0.0,0.0,8.307,0.0311,8.3381,8.3332
759,0.1095,0.0002,0.1097,0.0198,0.9981768459434822,0.0018231540565177757,6.393,0.1379,6.393,0.0,0.0,0.0,0.0,6.393,0.13790000000000002,6.5309,6.5348
760,0.0606,0.0116,0.0722,0.013,0.8393351800554016,0.16066481994459833,3.273,6.8269,3.2729,0.0,0.0,0.0,0.0,3.2729,6.8269,10.0998,10.0955
761,0.101,0.0001,0.1011,0.0182,0.9990108803165184,0.0009891196834817015,5.1918,0.0658,5.1918,0.0,0.0,0.0,0.0,5.191799999999999,0.0658,5.257599999999999,5.2577
762,0.1005,0.0001,0.1006,0.0181,0.9990059642147119,0.0009940357852882705,5.8662,0.0606,5.8662,0.0,0.0,0.0,0.0,5.866200000000001,0.0606,5.926800000000001,5.9295
763,0.0516,0.0002,0.0518,0.0093,0.9961389961389961,0.003861003861003861,2.9334,0.1189,2.9332,0.0,0.0,0.0,0.0,2.9332000000000003,0.11889999999999999,3.0521000000000003,3.056
764,0.1177,0.0093,0.127,0.0229,0.926771653543307,0.0732283464566929,6.6888,5.693,6.6886,0.0,0.0,0.0,0.0,6.6886,5.693,12.381599999999999,12.38
765,0.0867,0.0,0.0867,0.0156,1.0,0.0,4.4592,0.028,4.4591,0.0,0.0,0.0,0.0,4.459099999999999,0.028000000000000004,4.487099999999999,4.4886
766,0.0663,0.0001,0.0665,0.012,0.9969924812030074,0.0015037593984962407,3.4116,0.0803,3.4117,0.0001,0.0,0.0,0.0,3.4116999999999997,0.0803,3.4919999999999995,3.4932
767,0.1682,0.0005,0.1687,0.0304,0.997036158861885,0.0029638411381149973,9.8184,0.2905,9.8182,0.0,0.0,0.0,0.0,9.818200000000001,0.2905,10.1087,10.1043
768,0.1057,0.0,0.1057,0.019,1.0,0.0,6.342,0.0267,6.342,0.0,0.0,0.0,0.0,6.3420000000000005,0.026699999999999998,6.3687000000000005,6.3735
769,0.1455,0.0003,0.1458,0.0262,0.9979423868312756,0.0020576131687242796,8.4912,0.1874,8.4913,0.0001,0.0,0.0,0.0,8.4913,0.18739999999999998,8.678700000000001,8.6825
770,0.1858,0.0085,0.1943,0.035,0.9562532166752444,0.04374678332475553,10.0326,5.6914,10.0328,0.0002,0.0,0.0,0.0,10.0328,5.6914,15.7242,15.7284
771,0.1299,0.0,0.13,0.0234,0.9992307692307691,0.0,6.8442,0.0266,6.844,0.0,0.0,0.0,0.0,6.844,0.0266,6.8706000000000005,6.8662
772,0.1086,0.0,0.1086,0.0196,1.0,0.0,5.8662,0.007,5.8663,0.0001,0.0,0.0,0.0,5.866300000000001,0.007,5.8733,5.8718
773,0.1086,0.0067,0.1153,0.0208,0.9418907198612316,0.058109280138768434,5.8662,4.1238,5.8662,0.0,0.0,0.0,0.0,5.866200000000001,4.123800000000001,9.990000000000002,9.9925
774,0.0344,0.0022,0.0366,0.0066,0.9398907103825136,0.06010928961748634,1.9554,1.3486,1.9555,0.0001,0.0,0.0,0.0,1.9555000000000002,1.3486,3.3041,3.3026
775,0.142,0.001,0.1431,0.0258,0.9923130677847658,0.0069881201956673656,8.0736,0.6312,8.0737,0.0001,0.0,0.0,0.0,8.0737,0.6312,8.7049,8.7092
776,0.0375,0.0001,0.0376,0.0068,0.9973404255319148,0.0026595744680851063,2.1312,0.0847,2.1312,0.0,0.0,0.0,0.0,2.1312,0.0847,2.2159000000000004,2.2172
777,0.1864,0.0001,0.1865,0.0336,0.9994638069705094,0.0005361930294906167,9.8184,0.0935,9.8182,0.0,0.0,0.0,0.0,9.818200000000001,0.09349999999999999,9.911700000000002,9.9072
778,0.1427,0.0001,0.1427,0.0257,1.0,0.0007007708479327261,8.1096,0.0458,8.1096,0.0,0.0,0.0,0.0,8.109599999999999,0.045799999999999993,8.155399999999998,8.1529
779,0.1308,0.0058,0.1366,0.0246,0.9575402635431918,0.04245973645680819,7.0644,3.6536,7.0644,0.0,0.0,0.0,0.0,7.064400000000001,3.6536,10.718,10.7138
780,0.0889,0.0001,0.089,0.016,0.9988764044943822,0.0011235955056179776,5.1918,0.033,5.1918,0.0,0.0,0.0,0.0,5.191799999999999,0.033,5.224799999999999,5.2228
781,0.1191,0.0,0.1191,0.0214,1.0,0.0,6.951,0.0114,6.9513,0.0003,0.0,0.0,0.0,6.9513,0.0114,6.9627,6.9606
782,0.0529,0.0004,0.0532,0.0096,0.9943609022556392,0.0075187969924812035,2.718,0.2406,2.718,0.0,0.0,0.0,0.0,2.718,0.2406,2.9586,2.9607
783,0.134,0.0,0.134,0.0241,1.0,0.0,7.8216,0.0268,7.8216,0.0,0.0,0.0,0.0,7.821600000000001,0.026799999999999997,7.848400000000001,7.8525
784,0.0426,0.0002,0.0427,0.0077,0.9976580796252926,0.00468384074941452,2.3574,0.1023,2.3574,0.0,0.0,0.0,0.0,2.3574,0.1023,2.4597,2.4575
785,0.1267,0.0044,0.1311,0.0236,0.9664378337147217,0.033562166285278416,6.8442,2.8566,6.8442,0.0,0.0,0.0,0.0,6.8442,2.8566,9.7008,9.6986
786,0.1079,0.0,0.1079,0.0194,1.0,0.0,5.6862,0.0094,5.6862,0.0,0.0,0.0,0.0,5.6862,0.009399999999999999,5.695600000000001,5.698
787,0.1046,0.0049,0.1095,0.0197,0.9552511415525115,0.04474885844748858,5.7924,3.0974,5.7924,0.0,0.0,0.0,0.0,5.7924,3.0974,8.8898,8.8917
788,0.101,0.0034,0.1044,0.0188,0.9674329501915708,0.032567049808429116,5.4546,2.3308,5.4546,0.0,0.0,0.0,0.0,5.454600000000001,2.3308,7.785400000000001,7.7895
789,0.0671,0.0001,0.0672,0.0121,0.9985119047619049,0.0014880952380952382,3.624,0.0489,3.624,0.0,0.0,0.0,0.0,3.624,0.0489,3.6729000000000003,3.6729
790,0.096,0.0001,0.096,0.0173,1.0,0.0010416666666666667,5.4546,0.0478,5.4546,0.0,0.0,0.0,0.0,5.454600000000001,0.0478,5.502400000000001,5.501
791,0.0985,0.0032,0.1017,0.0183,0.968534906588004,0.03146509341199607,5.4546,1.9792,5.4545,0.0,0.0,0.0,0.0,5.454500000000001,1.9792,7.433700000000002,7.4321
792,0.1064,0.0014,0.1078,0.0194,0.9870129870129869,0.012987012987012986,5.8938,0.877,5.8934,0.0,0.0,0.0,0.0,5.893399999999999,0.8769999999999999,6.770399999999999,6.7732
793,0.1467,0.0003,0.147,0.0265,0.9979591836734695,0.002040816326530612,8.7996,0.2242,8.7995,0.0,0.0,0.0,0.0,8.7995,0.2242,9.0237,9.0254
794,0.0576,0.0,0.0576,0.0104,1.0,0.0,3.273,0.0049,3.2727,0.0,0.0,0.0,0.0,3.2727,0.0049,3.2776,3.2782
795,0.1433,0.0,0.1433,0.0258,1.0,0.0,7.548,0.0248,7.5479,0.0,0.0,0.0,0.0,7.5479,0.0248,7.5727,7.5771
796,0.1657,0.0003,0.166,0.0299,0.9981927710843372,0.0018072289156626504,8.5242,0.1797,8.5242,0.0,0.0,0.0,0.0,8.5242,0.1797,8.7039,8.6996
797,0.1389,0.0,0.1389,0.025,1.0,0.0,8.1096,0.0228,8.1097,0.0001,0.0,0.0,0.0,8.1097,0.0228,8.1325,8.1288
798,0.0607,0.0,0.0607,0.0109,1.0,0.0,3.1968,0.0298,3.1965,0.0,0.0,0.0,0.0,3.1965000000000003,0.0298,3.2263,3.2305
799,0.0981,0.0001,0.0981,0.0177,1.0,0.0010193679918450561,5.574,0.0484,5.5737,0.0,0.0,0.0,0.0,5.5737000000000005,0.0484,5.6221000000000005,5.6182
800,0.0818,0.0,0.0818,0.0147,1.0,0.0,4.53,0.0235,4.5299,0.0,0.0,0.0,0.0,4.5299,0.0235,4.5534,4.5494
801,0.1038,0.0016,0.1054,0.019,0.9848197343453511,0.015180265654648958,6.2304,1.0964,6.2302,0.0,0.0,0.0,0.0,6.2302,1.0964,7.3266,7.3249
802,0.0371,0.0001,0.0372,0.0067,0.9973118279569894,0.002688172043010753,1.9554,0.0626,1.9554,0.0,0.0,0.0,0.0,1.9554000000000002,0.0626,2.0180000000000002,2.0147
803,0.0344,0.0008,0.0352,0.0063,0.9772727272727272,0.022727272727272728,1.9554,0.5958,1.9554,0.0,0.0,0.0,0.0,1.9554000000000002,0.5957999999999999,2.5512,2.548
804,0.1464,0.0082,0.1546,0.0278,0.9469598965071152,0.05304010349288487,8.1096,5.5378,8.1096,0.0,0.0,0.0,0.0,8.109599999999999,5.5378,13.647399999999998,13.6477
805,0.0769,0.0016,0.0786,0.0141,0.9783715012722646,0.020356234096692113,4.2618,1.0863,4.2619,0.0001,0.0,0.0,0.0,4.261900000000001,1.0863,5.3482,5.353
806,0.0867,0.0005,0.0873,0.0157,0.9931271477663229,0.0057273768613974796,4.4592,0.3272,4.4591,0.0,0.0,0.0,0.0,4.459099999999999,0.3272,4.7863,4.7818
807,0.071,0.0006,0.0716,0.0129,0.9916201117318435,0.008379888268156424,4.2618,0.3821,4.262,0.0002,0.0,0.0,0.0,4.2620000000000005,0.3821,4.644100000000001,4.6486
808,0.0913,0.0001,0.0915,0.0165,0.9978142076502733,0.001092896174863388,5.1918,0.079,5.1919,0.0001,0.0,0.0,0.0,5.1919,0.07899999999999999,5.2709,5.2694
809,0.1494,0.0,0.1494,0.0269,1.0,0.0,8.4912,0.0201,8.4913,0.0001,0.0,0.0,0.0,8.4913,0.0201,8.5114,8.5102
810,0.1121,0.0012,0.1134,0.0204,0.9885361552028219,0.010582010582010581,6.0552,0.7568,6.0552,0.0,0.0,0.0,0.0,6.0552,0.7567999999999999,6.812,6.8144
811,0.0352,0.0007,0.0359,0.0065,0.9805013927576602,0.019498607242339833,1.812,0.4247,1.812,0.0,0.0,0.0,0.0,1.812,0.42469999999999997,2.2367,2.2414
812,0.1145,0.0003,0.1148,0.0207,0.9973867595818816,0.0026132404181184667,6.342,0.1847,6.342,0.0,0.0,0.0,0.0,6.3420000000000005,0.1847,6.526700000000001,6.5313
813,0.179,0.0004,0.1794,0.0323,0.9977703455964325,0.002229654403567447,9.4296,0.2249,9.4297,0.0001,0.0,0.0,0.0,9.4297,0.22490000000000002,9.6546,9.6596
814,0.1589,0.006,0.1649,0.0297,0.9636143117040632,0.036385688295936934,8.7996,3.8504,8.7995,0.0,0.0,0.0,0.0,8.799499999999998,3.8503999999999996,12.649899999999999,12.6457
815,0.0547,0.0018,0.0564,0.0102,0.9698581560283688,0.031914893617021274,3.0276,1.0094,3.0276,0.0,0.0,0.0,0.0,3.0276,1.0094,4.037,4.0344
816,0.1232,0.0,0.1232,0.0222,1.0,0.0,6.8238,0.0221,6.8235,0.0,0.0,0.0,0.0,6.8235,0.022099999999999998,6.8456,6.8412
817,0.0622,0.0005,0.0626,0.0113,0.9936102236421724,0.007987220447284345,3.1968,0.306,3.1968,0.0,0.0,0.0,0.0,3.1968,0.306,3.5028,3.5016
818,0.0786,0.0,0.0786,0.0142,1.0,0.0,4.7172,0.008,4.7174,0.0002,0.0,0.0,0.0,4.7174,0.008,4.7254,4.7242
819,0.1376,0.0014,0.1389,0.025,0.9906407487401008,0.01007919366450684,7.248,0.8594,7.248,0.0,0.0,0.0,0.0,7.248,0.8593999999999999,8.1074,8.112
820,0.0784,0.0,0.0785,0.0141,0.9987261146496815,0.0,4.4592,0.0096,4.459,0.0,0.0,0.0,0.0,4.459,0.009600000000000001,4.4685999999999995,4.4691
821,0.1538,0.0032,0.1571,0.0283,0.9789942711648632,0.020369191597708468,8.307,2.0748,8.307,0.0,0.0,0.0,0.0,8.307,2.0748,10.3818,10.3814
822,0.1243,0.0,0.1243,0.0224,1.0,0.0,7.4586,0.0043,7.4587,0.0001,0.0,0.0,0.0,7.4587,0.0043,7.463,7.4657
823,0.1458,0.0001,0.1459,0.0263,0.9993145990404387,0.0006854009595613434,8.0736,0.0743,8.0736,0.0,0.0,0.0,0.0,8.073599999999999,0.07429999999999999,8.147899999999998,8.1466
824,0.0929,0.011,0.1039,0.0187,0.8941289701636188,0.10587102983638112,5.574,6.9612,5.5738,0.0,0.0,0.0,0.0,5.5738,6.9612,12.535,12.5378
825,0.066,0.0001,0.0661,0.0119,0.9984871406959153,0.0015128593040847202,3.4758,0.0895,3.4754,0.0,0.0,0.0,0.0,3.4754000000000005,0.08950000000000001,3.5649000000000006,3.5648
826,0.1343,0.0096,0.144,0.0259,0.932638888888889,0.06666666666666667,7.6362,5.6874,7.6362,0.0,0.0,0.0,0.0,7.6362000000000005,5.6874,13.3236,13.3188
827,0.151,0.0001,0.1511,0.0272,0.9993381866313699,0.0006618133686300463,8.154,0.0642,8.1539,0.0,0.0,0.0,0.0,8.1539,0.06420000000000001,8.2181,8.2153
828,0.1006,0.0002,0.1008,0.0182,0.9980158730158729,0.001984126984126984,5.574,0.1348,5.5737,0.0,0.0,0.0,0.0,5.5737,0.1348,5.7085,5.7111
829,0.0491,0.0001,0.0492,0.0088,0.9979674796747967,0.0020325203252032522,2.718,0.05,2.7179,0.0,0.0,0.0,0.0,2.7178999999999998,0.05,2.7678999999999996,2.7703
830,0.0905,0.0003,0.0909,0.0164,0.9955995599559956,0.0033003300330033004,4.8888,0.24,4.8887,0.0,0.0,0.0,0.0,4.8887,0.24,5.1287,5.1322
831,0.0794,0.0004,0.0797,0.0144,0.9962358845671268,0.005018820577164367,4.6344,0.2247,4.6341,0.0,0.0,0.0,0.0,4.6341,0.22469999999999998,4.8588000000000005,4.8631
832,0.0706,0.0,0.0706,0.0127,1.0,0.0,3.9108,0.0153,3.911,0.0002,0.0,0.0,0.0,3.911,0.015300000000000001,3.9263,3.9304
833,0.1461,0.0089,0.155,0.0279,0.9425806451612904,0.05741935483870968,8.307,5.4849,8.3069,0.0,0.0,0.0,0.0,8.3069,5.4849000000000006,13.791800000000002,13.7948
834,0.1022,0.0004,0.1026,0.0185,0.9961013645224172,0.0038986354775828462,5.661,0.2515,5.6608,0.0,0.0,0.0,0.0,5.6608,0.2515,5.9123,5.9087
835,0.1528,0.0001,0.1529,0.0275,0.9993459777632439,0.0006540222367560497,8.2512,0.049,8.2511,0.0,0.0,0.0,0.0,8.2511,0.049,8.300099999999999,8.2978
836,0.1379,0.0004,0.1383,0.0249,0.9971077368040491,0.0028922631959508315,7.6362,0.2634,7.6364,0.0002,0.0,0.0,0.0,7.6364,0.26339999999999997,7.8998,7.9031
837,0.2063,0.0004,0.2066,0.0372,0.9985479186834463,0.001936108422071636,10.6086,0.2377,10.6084,0.0,0.0,0.0,0.0,10.6084,0.2377,10.8461,10.846
838,0.0364,0.0028,0.0392,0.0071,0.9285714285714286,0.07142857142857142,2.0184,1.7097,2.0184,0.0,0.0,0.0,0.0,2.0183999999999997,1.7097,3.7280999999999995,3.7297
839,0.1685,0.0,0.1685,0.0303,1.0,0.0,9.0978,0.0051,9.098,0.0002,0.0,0.0,0.0,9.097999999999999,0.0051,9.1031,9.0982
840,0.1765,0.0019,0.1784,0.0321,0.9893497757847532,0.010650224215246636,10.0326,1.1834,10.0329,0.0003,0.0,0.0,0.0,10.0329,1.1834,11.2163,11.2196
841,0.1895,0.0001,0.1896,0.0341,0.9994725738396625,0.0005274261603375528,10.2354,0.0489,10.2353,0.0,0.0,0.0,0.0,10.235299999999999,0.0489,10.284199999999998,10.2799
842,0.0394,0.0003,0.0397,0.0072,0.9924433249370277,0.007556675062972292,2.1816,0.2126,2.1817,0.0001,0.0,0.0,0.0,2.1816999999999998,0.2126,2.3943,2.3925
843,0.0785,0.0003,0.0788,0.0142,0.9961928934010152,0.0038071065989847713,4.0368,0.2153,4.0369,0.0001,0.0,0.0,0.0,4.0369,0.2153,4.2522,4.2495
844,0.1312,0.0004,0.1316,0.0237,0.9969604863221886,0.0030395136778115506,7.4586,0.2528,7.4586,0.0,0.0,0.0,0.0,7.458600000000001,0.2528,7.7114,7.7077
845,0.0426,0.0007,0.0433,0.0078,0.9838337182448037,0.016166281755196306,2.3574,0.4302,2.3574,0.0,0.0,0.0,0.0,2.3574,0.4302,2.7876000000000003,2.7919
846,0.1009,0.0033,0.1042,0.0188,0.9683301343570058,0.03166986564299424,6.0552,2.1849,6.0552,0.0,0.0,0.0,0.0,6.0552,2.1849,8.2401,8.2368
847,0.1036,0.0,0.1036,0.0186,1.0,0.0,5.3274,0.0109,5.3275,0.0001,0.0,0.0,0.0,5.327500000000001,0.0109,5.338400000000001,5.3405
848,0.1687,0.0005,0.1692,0.0304,0.9970449172576832,0.0029550827423167852,9.5898,0.2922,9.5896,0.0,0.0,0.0,0.0,9.5896,0.2922,9.8818,9.8841
849,0.1616,0.0001,0.1617,0.0291,0.9993815708101421,0.0006184291898577612,8.727,0.073,8.7272,0.0002,0.0,0.0,0.0,8.7272,0.073,8.8002,8.798
850,0.0934,0.0023,0.0957,0.0172,0.9759665621734588,0.024033437826541278,5.046,1.5578,5.0461,0.0001,0.0,0.0,0.0,5.0461,1.5578,6.6039,6.6027
851,0.0344,0.0026,0.037,0.0067,0.9297297297297298,0.07027027027027027,1.9554,1.7318,1.9554,0.0,0.0,0.0,0.0,1.9554000000000002,1.7318,3.6872000000000003,3.692
852,0.0557,0.0001,0.0557,0.01,1.0,0.0017953321364452424,2.9334,0.0311,2.9334,0.0,0.0,0.0,0.0,2.9334000000000002,0.031100000000000003,2.9645,2.9683
853,0.0404,0.001,0.0413,0.0074,0.9782082324455205,0.024213075060532687,2.3574,0.6627,2.3574,0.0,0.0,0.0,0.0,2.3574,0.6627000000000001,3.0201000000000002,3.0171
854,0.1057,0.0002,0.1059,0.0191,0.9981114258734656,0.0018885741265344666,5.436,0.1104,5.4358,0.0,0.0,0.0,0.0,5.4358,0.11039999999999998,5.546200000000001,5.5438
855,0.146,0.0001,0.1461,0.0263,0.9993155373032169,0.0006844626967830253,8.5242,0.0702,8.5241,0.0,0.0,0.0,0.0,8.5241,0.0702,8.5943,8.5909
856,0.1514,0.0002,0.1516,0.0273,0.9986807387862796,0.0013192612137203166,9.0828,0.1186,9.0828,0.0,0.0,0.0,0.0,9.0828,0.11859999999999998,9.201400000000001,9.2034
857,0.1177,0.0014,0.1192,0.0214,0.9874161073825504,0.01174496644295302,6.0552,1.0164,6.0553,0.0001,0.0,0.0,0.0,6.055300000000001,1.0164,7.071700000000001,7.0713
858,0.0335,0.0,0.0335,0.006,1.0,0.0,1.9554,0.008,1.9555,0.0001,0.0,0.0,0.0,1.9555000000000002,0.008,1.9635000000000002,1.9646
859,0.1086,0.0013,0.11,0.0198,0.9872727272727273,0.011818181818181818,5.8662,0.8967,5.8663,0.0001,0.0,0.0,0.0,5.866300000000001,0.8967,6.763000000000001,6.7607
860,0.1437,0.0005,0.1443,0.026,0.9958419958419957,0.003465003465003465,7.9608,0.3798,7.9607,0.0,0.0,0.0,0.0,7.960700000000001,0.37979999999999997,8.3405,8.3404
861,0.1883,0.0002,0.1884,0.0339,0.9994692144373672,0.0010615711252653928,10.4268,0.1118,10.4268,0.0,0.0,0.0,0.0,10.4268,0.11180000000000001,10.5386,10.5341
862,0.031,0.001,0.0321,0.0058,0.9657320872274144,0.031152647975077885,1.812,0.648,1.812,0.0,0.0,0.0,0.0,1.812,0.6479999999999999,2.46,2.4597
863,0.1284,0.0002,0.1286,0.0231,0.9984447900466562,0.0015552099533437016,6.6042,0.1041,6.6044,0.0002,0.0,0.0,0.0,6.6044,0.1041,6.7085,6.7044
864,0.1337,0.0001,0.1338,0.0241,0.9992526158445442,0.0007473841554559044,7.8036,0.1013,7.8033,0.0,0.0,0.0,0.0,7.8033,0.1013,7.9046,7.9087
865,0.1276,0.0,0.1276,0.023,1.0,0.0,7.0644,0.004,7.0645,0.0001,0.0,0.0,0.0,7.064500000000001,0.004,7.0685,7.0687
866,0.0699,0.0007,0.0706,0.0127,0.9900849858356942,0.009915014164305949,3.774,0.4461,3.7739,0.0,0.0,0.0,0.0,3.7739000000000003,0.4461,4.220000000000001,4.2177
867,0.0478,0.0012,0.049,0.0088,0.9755102040816327,0.024489795918367342,2.718,0.8567,2.718,0.0,0.0,0.0,0.0,2.718,0.8567,3.5747,3.5778
868,0.1301,0.0004,0.1305,0.0235,0.996934865900383,0.0030651340996168583,7.8036,0.2805,7.8036,0.0,0.0,0.0,0.0,7.8036,0.2805,8.084100000000001,8.0854
869,0.1242,0.0002,0.1244,0.0224,0.9983922829581994,0.0016077170418006433,6.5454,0.1323,6.5456,0.0002,0.0,0.0,0.0,6.5456,0.1323,6.6779,6.678
870,0.1458,0.0007,0.1465,0.0264,0.9952218430034131,0.004778156996587031,8.0736,0.4845,8.0736,0.0,0.0,0.0,0.0,8.073599999999999,0.4845,8.5581,8.5551
871,0.0424,0.0,0.0424,0.0076,1.0,0.0,2.1816,0.0139,2.1817,0.0001,0.0,0.0,0.0,2.1816999999999998,0.0139,2.1955999999999998,2.1967
872,0.0404,0.0,0.0404,0.0073,1.0,0.0,2.0766,0.0047,2.0768,0.0002,0.0,0.0,0.0,2.0768,0.004700000000000001,2.0815,2.0825
873,0.0699,0.0058,0.0757,0.0136,0.9233817701453104,0.07661822985468955,3.774,3.7138,3.774,0.0,0.0,0.0,0.0,3.774,3.7138000000000004,7.4878,7.4898
874,0.1022,0.0023,0.1045,0.0188,0.9779904306220096,0.02200956937799043,5.661,1.4157,5.6609,0.0,0.0,0.0,0.0,5.6609,1.4156999999999997,7.076599999999999,7.0761
875,0.1211,0.0001,0.1212,0.0218,0.9991749174917491,0.0008250825082508251,7.2684,0.0559,7.2686,0.0002,0.0,0.0,0.0,7.2686,0.0559,7.3245000000000005,7.3275
876,0.075,0.0,0.075,0.0135,1.0,0.0,4.2618,0.0051,4.2621,0.0003,0.0,0.0,0.0,4.2621,0.0051,4.2672,4.2629
877,0.0982,0.0045,0.1027,0.0185,0.9561830574488802,0.043816942551119765,5.436,2.8111,5.4359,0.0,0.0,0.0,0.0,5.4359,2.8110999999999997,8.247,8.2438
878,0.1058,0.0001,0.1059,0.0191,0.9990557129367329,0.0009442870632672333,5.574,0.0458,5.574,0.0,0.0,0.0,0.0,5.574000000000001,0.0458,5.619800000000001,5.6162
879,0.1951,0.0001,0.1951,0.0351,1.0,0.0005125576627370579,10.0326,0.0401,10.033,0.0004,0.0,0.0,0.0,10.033,0.0401,10.0731,10.0777
880,0.0766,0.0,0.0766,0.0138,1.0,0.0,4.0368,0.0083,4.0369,0.0001,0.0,0.0,0.0,4.0369,0.008299999999999998,4.0452,4.048
881,0.0909,0.0008,0.0917,0.0165,0.9912758996728461,0.008724100327153763,5.4546,0.5315,5.4546,0.0,0.0,0.0,0.0,5.454600000000001,0.5315,5.986100000000001,5.987
882,0.1242,0.0009,0.125,0.0225,0.9936,0.0072,7.248,0.5041,7.2478,0.0,0.0,0.0,0.0,7.2478,0.5041,7.7519,7.7536
883,0.0336,0.0003,0.034,0.0061,0.9882352941176469,0.008823529411764704,2.0184,0.2195,2.0185,0.0001,0.0,0.0,0.0,2.0185,0.2195,2.238,2.2378
884,0.1548,0.0,0.1548,0.0279,1.0,0.0,8.154,0.0031,8.1539,0.0,0.0,0.0,0.0,8.1539,0.0030999999999999995,8.157,8.158
885,0.08,0.0073,0.0874,0.0157,0.9153318077803203,0.08352402745995423,4.5492,4.773,4.5491,0.0,0.0,0.0,0.0,4.5491,4.773,9.322099999999999,9.3214
886,0.0606,0.0068,0.0674,0.0121,0.8991097922848664,0.10089020771513352,3.273,3.9805,3.2728,0.0,0.0,0.0,0.0,3.2727999999999997,3.9805,7.253299999999999,7.2568
887,0.1687,0.0,0.1688,0.0304,0.9994075829383885,0.0,9.3456,0.0078,9.3452,0.0,0.0,0.0,0.0,9.3452,0.0078,9.353,9.3547
888,0.0889,0.0001,0.089,0.016,0.9988764044943822,0.0011235955056179776,5.1918,0.0634,5.1919,0.0001,0.0,0.0,0.0,5.1919,0.0634,5.2553,5.2511
889,0.0727,0.0,0.0728,0.0131,0.9986263736263736,0.0,4.3638,0.0158,4.3637,0.0,0.0,0.0,0.0,4.3637,0.0158,4.379499999999999,4.3797
890,0.0769,0.0007,0.0776,0.014,0.9909793814432989,0.00902061855670103,4.1532,0.481,4.1534,0.0002,0.0,0.0,0.0,4.1533999999999995,0.481,4.634399999999999,4.6308
891,0.1548,0.0002,0.155,0.0279,0.9987096774193548,0.0012903225806451613,8.154,0.1142,8.154,0.0,0.0,0.0,0.0,8.154,0.1142,8.2682,8.2656
892,0.0577,0.0013,0.059,0.0106,0.9779661016949154,0.022033898305084745,3.1968,0.8379,3.1965,0.0,0.0,0.0,0.0,3.1965000000000003,0.8379,4.034400000000001,4.0346
893,0.1276,0.0004,0.128,0.023,0.996875,0.003125,7.0644,0.2576,7.0644,0.0,0.0,0.0,0.0,7.064400000000001,0.2576,7.322000000000001,7.321
894,0.1095,0.0068,0.1164,0.0209,0.9407216494845361,0.05841924398625429,6.393,4.6063,6.393,0.0,0.0,0.0,0.0,6.393,4.6063,10.9993,11.0009
895,0.1409,0.0,0.1409,0.0254,1.0,0.0,7.8036,0.0104,7.8033,0.0,0.0,0.0,0.0,7.803299999999998,0.0104,7.813699999999998,7.8148
896,0.0394,0.0005,0.0398,0.0072,0.9899497487437184,0.012562814070351758,2.1816,0.299,2.1817,0.0001,0.0,0.0,0.0,2.1816999999999998,0.299,2.4806999999999997,2.4834
897,0.1058,0.0001,0.1059,0.0191,0.9990557129367329,0.0009442870632672333,5.574,0.095,5.5739,0.0,0.0,0.0,0.0,5.5739,0.09499999999999999,5.6689,5.6694
898,0.1727,0.0001,0.1727,0.0311,1.0,0.0005790387955993052,9.0978,0.0363,9.0979,0.0001,0.0,0.0,0.0,9.0979,0.0363,9.1342,9.131
899,0.0498,0.0011,0.0509,0.0092,0.9783889980353634,0.021611001964636542,2.8302,0.7116,2.8303,0.0001,0.0,0.0,0.0,2.8303000000000003,0.7116,3.5419,3.541
900,0.0808,0.0011,0.0819,0.0147,0.9865689865689865,0.013431013431013432,4.3638,0.6896,4.3637,0.0,0.0,0.0,0.0,4.3637,0.6896,5.0533,5.0531
901,0.096,0.0009,0.0969,0.0174,0.9907120743034056,0.009287925696594427,5.4546,0.5841,5.4544,0.0,0.0,0.0,0.0,5.4544,0.5841,6.0385,6.0398
902,0.075,0.0005,0.0755,0.0136,0.9933774834437086,0.006622516556291391,4.2618,0.3574,4.2619,0.0001,0.0,0.0,0.0,4.2619,0.35739999999999994,4.6193,4.6211
903,0.0958,0.0004,0.0962,0.0173,0.9958419958419958,0.004158004158004158,5.046,0.2356,5.0461,0.0001,0.0,0.0,0.0,5.0461,0.23559999999999998,5.2817,5.2813
904,0.044,0.0,0.044,0.0079,1.0,0.0,2.3172,0.0114,2.317,0.0,0.0,0.0,0.0,2.3169999999999997,0.0114,2.3284,2.3245
905,0.1631,0.0084,0.1714,0.0309,0.9515752625437572,0.049008168028004666,9.2682,5.7562,9.2682,0.0,0.0,0.0,0.0,9.2682,5.7562,15.0244,15.0294
906,0.1883,0.0056,0.1939,0.0349,0.9711191335740073,0.02888086642599278,10.4268,3.1871,10.4268,0.0,0.0,0.0,0.0,10.4268,3.1871,13.613900000000001,13.6175
907,0.15,0.001,0.151,0.0272,0.9933774834437086,0.006622516556291391,8.307,0.6464,8.307,0.0,0.0,0.0,0.0,8.307,0.6464,8.9534,8.9561
908,0.0934,0.0005,0.0939,0.0169,0.9946751863684771,0.005324813631522897,5.046,0.3286,5.046,0.0,0.0,0.0,0.0,5.046,0.32859999999999995,5.3746,5.3734
909,0.0706,0.0002,0.0708,0.0128,0.9971751412429378,0.002824858757062147,3.9108,0.131,3.9108,0.0,0.0,0.0,0.0,3.9108000000000005,0.131,4.0418,4.0429
910,0.1125,0.0035,0.116,0.0209,0.9698275862068966,0.030172413793103446,6.2304,2.1111,6.2303,0.0,0.0,0.0,0.0,6.230300000000001,2.1111,8.3414,8.3445
911,0.1213,0.0,0.1214,0.0218,0.9991762767710051,0.0,6.393,0.0199,6.393,0.0,0.0,0.0,0.0,6.393,0.0199,6.4129,6.411
912,0.1765,0.0,0.1765,0.0318,1.0,0.0,10.0326,0.0051,10.0329,0.0003,0.0,0.0,0.0,10.0329,0.0050999999999999995,10.038,10.0417
913,0.1589,0.0002,0.1591,0.0286,0.9987429289754872,0.001257071024512885,8.7996,0.1139,8.7993,0.0,0.0,0.0,0.0,8.799299999999999,0.1139,8.913199999999998,8.9171
914,0.1904,0.0,0.1905,0.0343,0.999475065616798,0.0,10.0326,0.0206,10.0328,0.0002,0.0,0.0,0.0,10.0328,0.020599999999999997,10.0534,10.0561
915,0.071,0.0,0.071,0.0128,1.0,0.0,4.0368,0.0087,4.0368,0.0,0.0,0.0,0.0,4.0367999999999995,0.0087,4.0455,4.0459
916,0.1211,0.0,0.1212,0.0218,0.9991749174917491,0.0,7.0722,0.015,7.0722,0.0,0.0,0.0,0.0,7.0722000000000005,0.015,7.0872,7.0879
917,0.0611,0.0006,0.0618,0.0111,0.988673139158576,0.009708737864077669,3.4758,0.4233,3.4757,0.0,0.0,0.0,0.0,3.4757,0.4233,3.899,3.8951
918,0.1511,0.0002,0.1513,0.0272,0.9986781229345673,0.001321877065432915,7.9608,0.1299,7.9608,0.0,0.0,0.0,0.0,7.960800000000001,0.12990000000000002,8.0907,8.0906
919,0.1413,0.0,0.1413,0.0254,1.0,0.0,8.2512,0.006,8.2508,0.0,0.0,0.0,0.0,8.2508,0.006,8.2568,8.2526
920,0.0911,0.0058,0.0969,0.0174,0.9401444788441693,0.059855521155830746,5.046,4.052,5.046,0.0,0.0,0.0,0.0,5.046,4.0520000000000005,9.098,9.1011
921,0.1243,0.0002,0.1245,0.0224,0.9983935742971887,0.001606425702811245,6.393,0.1524,6.3931,0.0001,0.0,0.0,0.0,6.3931,0.1524,6.5455,6.5462
922,0.1569,0.0,0.1569,0.0282,1.0,0.0,8.9184,0.0064,8.9183,0.0,0.0,0.0,0.0,8.918299999999999,0.0064,8.924699999999998,8.927
923,0.1951,0.0001,0.1951,0.0351,1.0,0.0005125576627370579,10.0326,0.0343,10.0327,0.0001,0.0,0.0,0.0,10.0327,0.0343,10.067,10.0651
924,0.0978,0.0007,0.0984,0.0177,0.9939024390243902,0.007113821138211382,5.8662,0.4293,5.8662,0.0,0.0,0.0,0.0,5.866200000000001,0.4293,6.2955000000000005,6.2954
925,0.0889,0.0001,0.089,0.016,0.9988764044943822,0.0011235955056179776,5.1918,0.0326,5.1918,0.0,0.0,0.0,0.0,5.191799999999999,0.032600000000000004,5.224399999999999,5.2287
926,0.0768,0.0005,0.0772,0.0139,0.9948186528497408,0.006476683937823834,4.3638,0.3092,4.3636,0.0,0.0,0.0,0.0,4.3636,0.30920000000000003,4.6728,4.6722
927,0.0849,0.0,0.0849,0.0153,1.0,0.0,4.3638,0.0251,4.3637,0.0,0.0,0.0,0.0,4.3637,0.0251,4.3888,4.385
928,0.1032,0.0015,0.1047,0.0189,0.9856733524355301,0.014326647564469915,5.436,0.9558,5.4359,0.0,0.0,0.0,0.0,5.4359,0.9558,6.3917,6.3904
929,0.1093,0.0002,0.1095,0.0197,0.9981735159817351,0.0018264840182648403,6.0552,0.0984,6.0552,0.0,0.0,0.0,0.0,6.0552,0.09840000000000002,6.1536,6.1487
930,0.1511,0.0,0.1511,0.0272,1.0,0.0,7.9608,0.0248,7.9608,0.0,0.0,0.0,0.0,7.960800000000001,0.0248,7.985600000000001,7.9882
931,0.1343,0.0109,0.1452,0.0261,0.9249311294765841,0.07506887052341597,7.6362,7.0029,7.6364,0.0002,0.0,0.0,0.0,7.6364,7.0029,14.6393,14.6344
932,0.0404,0.0047,0.0451,0.0081,0.8957871396895787,0.10421286031042129,2.3574,3.091,2.3574,0.0,0.0,0.0,0.0,2.3574,3.091,5.4484,5.4464
933,0.1409,0.0004,0.1413,0.0254,0.9971691436659589,0.0028308563340410475,7.8036,0.2274,7.8036,0.0,0.0,0.0,0.0,7.8036,0.2274,8.031,8.0285
934,0.0711,0.0,0.0712,0.0128,0.9985955056179775,0.0,4.1532,0.0053,4.1534,0.0002,0.0,0.0,0.0,4.1534,0.0053,4.1587000000000005,4.1581
935,0.1239,0.0006,0.1245,0.0224,0.9951807228915662,0.0048192771084337345,6.6888,0.3751,6.6886,0.0,0.0,0.0,0.0,6.688599999999999,0.3751,7.063699999999999,7.0622
936,0.1243,0.0064,0.1306,0.0235,0.9517611026033691,0.04900459418070444,7.0644,3.7756,7.0645,0.0001,0.0,0.0,0.0,7.064500000000001,3.7756,10.8401,10.8395
937,0.1086,0.0,0.1087,0.0196,0.9990800367985281,0.0,6.342,0.0198,6.342,0.0,0.0,0.0,0.0,6.3420000000000005,0.019799999999999998,6.361800000000001,6.3605
938,0.053,0.0004,0.0533,0.0096,0.9943714821763602,0.0075046904315197,2.9334,0.2391,2.9333,0.0,0.0,0.0,0.0,2.9333000000000005,0.2391,3.1724000000000006,3.1691
939,0.1673,0.0121,0.1794,0.0323,0.9325529542920847,0.06744704570791527,9.2682,7.4867,9.2682,0.0,0.0,0.0,0.0,9.2682,7.4867,16.7549,16.7554
940,0.0858,0.0085,0.0943,0.017,0.909862142099682,0.09013785790031814,4.6344,5.1943,4.634,0.0,0.0,0.0,0.0,4.634,5.1943,9.8283,9.8235
941,0.1064,0.0006,0.107,0.0193,0.9943925233644859,0.005607476635514018,5.8938,0.364,5.8937,0.0,0.0,0.0,0.0,5.893699999999999,0.364,6.257699999999999,6.261
942,0.0592,0.0008,0.06,0.0108,0.9866666666666667,0.013333333333333334,3.1968,0.552,3.1968,0.0,0.0,0.0,0.0,3.1968,0.552,3.7488,3.7529
943,0.0797,0.0027,0.0824,0.0148,0.9672330097087378,0.032766990291262135,4.53,1.8434,4.53,0.0,0.0,0.0,0.0,4.53,1.8434000000000001,6.3734,6.3767
944,0.1485,0.0006,0.149,0.0268,0.9966442953020134,0.004026845637583892,7.8216,0.3643,7.8216,0.0,0.0,0.0,0.0,7.821600000000001,0.36429999999999996,8.1859,8.1875
945,0.0956,0.0021,0.0978,0.0176,0.9775051124744377,0.021472392638036807,5.436,1.4162,5.4358,0.0,0.0,0.0,0.0,5.4358,1.4162,6.852,6.855
946,0.1027,0.0,0.1027,0.0185,1.0,0.0,5.6862,0.0082,5.6862,0.0,0.0,0.0,0.0,5.6862,0.0082,5.694400000000001,5.6896
947,0.1243,0.0,0.1243,0.0224,1.0,0.0,7.0644,0.0061,7.0644,0.0,0.0,0.0,0.0,7.064400000000001,0.0060999999999999995,7.070500000000001,7.0686
948,0.1545,0.0,0.1545,0.0278,1.0,0.0,9.2682,0.0236,9.2682,0.0,0.0,0.0,0.0,9.2682,0.023600000000000003,9.2918,9.295
949,0.1652,0.0073,0.1725,0.031,0.95768115942029,0.04231884057971015,8.9184,5.0189,8.9183,0.0,0.0,0.0,0.0,8.918299999999999,5.0189,13.937199999999999,13.9394
950,0.1421,0.0002,0.1423,0.0256,0.9985945186226282,0.0014054813773717498,8.5242,0.134,8.5242,0.0,0.0,0.0,0.0,8.5242,0.134,8.6582,8.6543
951,0.1711,0.0,0.1711,0.0308,1.0,0.0,8.7996,0.0305,8.7995,0.0,0.0,0.0,0.0,8.799499999999998,0.030500000000000003,8.829999999999998,8.83
952,0.0575,0.0,0.0575,0.0103,1.0,0.0,3.0276,0.0193,3.0277,0.0001,0.0,0.0,0.0,3.0277000000000003,0.0193,3.047,3.0488
953,0.0829,0.0,0.0829,0.0149,1.0,0.0,4.2618,0.0095,4.262,0.0002,0.0,0.0,0.0,4.262,0.0095,4.2715,4.2732
954,0.0591,0.0067,0.0658,0.0118,0.8981762917933132,0.10182370820668694,3.1152,4.4502,3.1152,0.0,0.0,0.0,0.0,3.1152,4.450200000000001,7.5654,7.57
955,0.1801,0.0,0.1801,0.0324,1.0,0.0,10.2354,0.011,10.2353,0.0,0.0,0.0,0.0,10.2353,0.011000000000000001,10.2463,10.2444
956,0.1093,0.0001,0.1094,0.0197,0.9990859232175503,0.0009140767824497259,6.0552,0.0676,6.0552,0.0,0.0,0.0,0.0,6.0552,0.06760000000000001,6.1228,6.1248
957,0.073,0.0001,0.0731,0.0131,0.9986320109439124,0.0013679890560875515,4.2618,0.0342,4.262,0.0002,0.0,0.0,0.0,4.2620000000000005,0.0342,4.296200000000001,4.2986
958,0.0519,0.0029,0.0547,0.0099,0.9488117001828155,0.05301645338208409,3.0276,1.6398,3.0277,0.0001,0.0,0.0,0.0,3.0277000000000003,1.6398000000000001,4.6675,4.6699
959,0.1409,0.0001,0.141,0.0254,0.999290780141844,0.0007092198581560285,7.248,0.0572,7.248,0.0,0.0,0.0,0.0,7.248,0.05720000000000001,7.3052,7.3076
960,0.1516,0.0001,0.1517,0.0273,0.9993408042188531,0.0006591957811470007,9.0978,0.0683,9.0979,0.0001,0.0,0.0,0.0,9.0979,0.0683,9.1662,9.1656
961,0.1434,0.0049,0.1484,0.0267,0.9663072776280324,0.0330188679245283,8.154,3.3632,8.1539,0.0,0.0,0.0,0.0,8.1539,3.3632,11.5171,11.5139
962,0.1434,0.0,0.1435,0.0258,0.9993031358885018,0.0,8.154,0.0032,8.1539,0.0,0.0,0.0,0.0,8.1539,0.0031999999999999997,8.1571,8.1609
963,0.1427,0.0045,0.1471,0.0265,0.9700883752549285,0.030591434398368453,8.1096,2.8,8.1096,0.0,0.0,0.0,0.0,8.109599999999999,2.8,10.909599999999998,10.9099
964,0.1486,0.0005,0.1491,0.0268,0.9966465459423206,0.0033534540576794095,8.9184,0.2791,8.9183,0.0,0.0,0.0,0.0,8.918299999999999,0.2791,9.197399999999998,9.1954
965,0.1511,0.0036,0.1547,0.0278,0.9767291531997415,0.023270846800258562,7.9608,2.4685,7.9608,0.0,0.0,0.0,0.0,7.960800000000001,2.4685,10.429300000000001,10.4308
966,0.0421,0.0044,0.0465,0.0084,0.9053763440860215,0.0946236559139785,2.2746,2.6889,2.2744,0.0,0.0,0.0,0.0,2.2744,2.6889000000000003,4.9633,4.959
967,0.1909,0.0001,0.191,0.0344,0.9994764397905759,0.0005235602094240838,9.8184,0.0423,9.8181,0.0,0.0,0.0,0.0,9.818100000000001,0.0423,9.8604,9.8621
968,0.0961,0.0,0.0962,0.0173,0.9989604989604991,0.0,5.1918,0.0215,5.1918,0.0,0.0,0.0,0.0,5.191799999999999,0.0215,5.2132999999999985,5.2148
969,0.1774,0.0037,0.1811,0.0326,0.9795692987299834,0.020430701270016564,9.3456,2.2852,9.3453,0.0,0.0,0.0,0.0,9.345300000000002,2.2852,11.630500000000001,11.6289
970,0.1539,0.0,0.1539,0.0277,1.0,0.0,8.5242,0.0182,8.524,0.0,0.0,0.0,0.0,8.524000000000001,0.0182,8.542200000000001,8.5439
971,0.0569,0.0,0.0569,0.0102,1.0,0.0,3.4116,0.005,3.4119,0.0003,0.0,0.0,0.0,3.4118999999999993,0.004999999999999999,3.416899999999999,3.4208
972,0.1437,0.0008,0.1445,0.026,0.9944636678200692,0.0055363321799307965,7.9608,0.4982,7.9608,0.0,0.0,0.0,0.0,7.960800000000001,0.49820000000000003,8.459000000000001,8.4568
973,0.071,0.0001,0.0711,0.0128,0.9985935302390998,0.0014064697609001409,4.0368,0.0599,4.0368,0.0,0.0,0.0,0.0,4.0367999999999995,0.0599,4.096699999999999,4.0939
974,0.1965,0.0011,0.1975,0.0356,0.9949367088607595,0.005569620253164557,10.6086,0.763,10.6083,0.0,0.0,0.0,0.0,10.6083,0.7630000000000001,11.3713,11.372
975,0.1258,0.0,0.1258,0.0226,1.0,0.0,7.548,0.0025,7.548,0.0,0.0,0.0,0.0,7.548,0.0025,7.5505,7.5491
976,0.1243,0.0001,0.1244,0.0224,0.9991961414790996,0.0008038585209003216,6.393,0.041,6.3931,0.0001,0.0,0.0,0.0,6.3931,0.040999999999999995,6.4341,6.4377
977,0.1005,0.0,0.1005,0.0181,1.0,0.0,5.8662,0.0058,5.8662,0.0,0.0,0.0,0.0,5.866200000000001,0.0058000000000000005,5.872000000000001,5.8701
978,0.0965,0.0004,0.0969,0.0174,0.9958720330237358,0.00412796697626419,5.7924,0.2717,5.7926,0.0002,0.0,0.0,0.0,5.7926,0.2717,6.0643,6.0602
979,0.0349,0.0005,0.0355,0.0064,0.9830985915492959,0.014084507042253523,1.887,0.3684,1.887,0.0,0.0,0.0,0.0,1.887,0.36839999999999995,2.2554,2.2515
980,0.071,0.0,0.071,0.0128,1.0,0.0,4.2618,0.0092,4.2619,0.0001,0.0,0.0,0.0,4.2619,0.0092,4.2711,4.2732
981,0.2014,0.0044,0.2058,0.037,0.9786200194363459,0.021379980563654033,10.6086,2.871,10.6084,0.0,0.0,0.0,0.0,10.6084,2.871,13.4794,13.4747
982,0.1577,0.0003,0.158,0.0284,0.9981012658227848,0.0018987341772151896,8.1096,0.1973,8.1096,0.0,0.0,0.0,0.0,8.109599999999999,0.1973,8.306899999999999,8.306
983,0.0956,0.0,0.0956,0.0172,1.0,0.0,5.436,0.003,5.4357,0.0,0.0,0.0,0.0,5.4357,0.0029999999999999996,5.4387,5.4394
984,0.1397,0.0,0.1397,0.0251,1.0,0.0,8.154,0.0049,8.1539,0.0,0.0,0.0,0.0,8.1539,0.004900000000000001,8.1588,8.1635
985,0.1258,0.0002,0.126,0.0227,0.9984126984126984,0.0015873015873015873,7.548,0.1227,7.548,0.0,0.0,0.0,0.0,7.548,0.12269999999999999,7.6707,7.6683
986,0.1604,0.0001,0.1605,0.0289,0.9993769470404983,0.0006230529595015577,8.2512,0.0427,8.2509,0.0,0.0,0.0,0.0,8.2509,0.042699999999999995,8.2936,8.2975
987,0.1644,0.0049,0.1694,0.0305,0.9704840613931522,0.028925619834710745,9.3456,3.4292,9.3454,0.0,0.0,0.0,0.0,9.345400000000001,3.4291999999999994,12.774600000000001,12.7746
988,0.0592,0.0069,0.0661,0.0119,0.8956127080181543,0.10438729198184568,3.1968,4.3598,3.1966,0.0,0.0,0.0,0.0,3.1966,4.3598,7.5564,7.5602
989,0.1347,0.0001,0.1348,0.0243,0.9992581602373886,0.000741839762611276,7.4586,0.0726,7.4586,0.0,0.0,0.0,0.0,7.458600000000001,0.0726,7.5312,7.5318
990,0.1414,0.0001,0.1415,0.0255,0.9992932862190813,0.000706713780918728,7.6362,0.0405,7.6362,0.0,0.0,0.0,0.0,7.6362000000000005,0.0405,7.6767,7.6718
991,0.0691,0.0008,0.0699,0.0126,0.988555078683834,0.011444921316165951,4.0368,0.446,4.0369,0.0001,0.0,0.0,0.0,4.0369,0.446,4.4829,4.4807
992,0.1032,0.0,0.1032,0.0186,1.0,0.0,5.8662,0.0036,5.8663,0.0001,0.0,0.0,0.0,5.866300000000001,0.0036,5.8699,5.8668
993,0.1299,0.0004,0.1303,0.0235,0.9969301611665387,0.0030698388334612432,6.8442,0.2752,8.8441,1.9999,0.0,0.0,0.0,8.8441,0.2752,9.119299999999999,9.1222
994,0.138,0.0001,0.138,0.0248,1.0,0.0007246376811594203,7.2684,0.0336,7.2685,0.0001,0.0,0.0,0.0,7.268500000000001,0.0336,7.302100000000001,7.3053
995,0.0852,0.0021,0.0873,0.0157,0.9759450171821306,0.024054982817869414,4.7172,1.3434,4.7173,0.0001,0.0,0.0,0.0,4.7173,1.3434,6.0607,6.058
996,0.067,0.0,0.067,0.0121,1.0,0.0,3.9108,0.0309,3.9108,0.0,0.0,0.0,0.0,3.9108000000000005,0.0309,3.9417000000000004,3.9387
997,0.0779,0.0005,0.0785,0.0141,0.9923566878980892,0.006369426751592357,4.5492,0.3587,4.5489,0.0,0.0,0.0,0.0,4.5489,0.3587,4.9075999999999995,4.9054
998,0.0505,0.0002,0.0506,0.0091,0.9980237154150199,0.003952569169960475,3.0276,0.1149,3.0276,0.0,0.0,0.0,0.0,3.0276,0.11490000000000002,3.1425,3.1401
999,0.0548,0.0008,0.0556,0.01,0.985611510791367,0.014388489208633094,3.1152,0.481,3.1149,0.0,0.0,0.0,0.0,3.1149,0.481,3.5959,3.5947
1000,0.1035,0.0,0.1035,0.0186,1.0,0.0,5.4546,0.0045,5.4546,0.0,0.0,0.0,0.0,5.454600000000001,0.0045000000000000005,5.459100000000001,5.4625
1001,0.1631,0.0,0.1631,0.0294,1.0,0.0,9.2682,0.0078,9.2682,0.0,0.0,0.0,0.0,9.2682,0.0078000000000000005,9.276,9.2774
1002,0.0385,0.0007,0.0392,0.0071,0.9821428571428572,0.017857142857142856,2.0766,0.4899,2.0768,0.0002,0.0,0.0,0.0,2.0768,0.4899,2.5667,2.5647
1003,0.0404,0.0006,0.041,0.0074,0.9853658536585365,0.014634146341463412,2.3574,0.3879,2.3574,0.0,0.0,0.0,0.0,2.3574,0.3879,2.7453000000000003,2.7427
1004,0.0588,0.0021,0.0609,0.011,0.9655172413793103,0.034482758620689655,3.3444,1.4798,3.3444,0.0,0.0,0.0,0.0,3.3444,1.4797999999999998,4.824199999999999,4.82
1005,0.0621,0.0001,0.0623,0.0112,0.9967897271268058,0.0016051364365971107,3.273,0.0736,3.273,0.0,0.0,0.0,0.0,3.273,0.0736,3.3466,3.3416
1006,0.0319,0.0002,0.0321,0.0058,0.9937694704049844,0.006230529595015577,1.812,0.1119,1.812,0.0,0.0,0.0,0.0,1.812,0.11190000000000001,1.9239000000000002,1.9288
1007,0.1242,0.0,0.1242,0.0223,1.0,0.0,7.248,0.0051,7.2477,0.0,0.0,0.0,0.0,7.2477,0.0050999999999999995,7.2528,7.2484
1008,0.1204,0.0019,0.1223,0.022,0.9844644317252657,0.01553556827473426,6.8442,1.1052,6.844,0.0,0.0,0.0,0.0,6.844,1.1052,7.9492,7.945
1009,0.2027,0.0099,0.2126,0.0383,0.9534336782690498,0.04656632173095014,10.4268,5.8799,10.4268,0.0,0.0,0.0,0.0,10.4268,5.879899999999999,16.3067,16.3071
1010,0.0706,0.0,0.0706,0.0127,1.0,0.0,3.9108,0.0025,3.9111,0.0003,0.0,0.0,0.0,3.9111000000000002,0.0025,3.9136,3.9125
1011,0.1601,0.0001,0.1601,0.0288,1.0,0.0006246096189881325,9.3456,0.0306,9.3454,0.0,0.0,0.0,0.0,9.345400000000001,0.030600000000000002,9.376000000000001,9.3779
1012,0.0852,0.0,0.0852,0.0153,1.0,0.0,4.7172,0.0071,4.7173,0.0001,0.0,0.0,0.0,4.7173,0.0071,4.7244,4.7285
1013,0.0636,0.0008,0.0644,0.0116,0.9875776397515529,0.012422360248447206,3.273,0.5292,3.2727,0.0,0.0,0.0,0.0,3.2727,0.5292,3.8019,3.8057
1014,0.053,0.0004,0.0534,0.0096,0.99250936329588,0.00749063670411985,2.9334,0.2702,2.9332,0.0,0.0,0.0,0.0,2.9332000000000003,0.2702,3.2034000000000002,3.2038
1015,0.0639,0.0014,0.0653,0.0118,0.9785604900459418,0.021439509954058193,3.5364,0.9098,3.5362,0.0,0.0,0.0,0.0,3.5362000000000005,0.9097999999999999,4.446000000000001,4.4436
1016,0.1048,0.0,0.1049,0.0189,0.9990467111534796,0.0,5.661,0.0134,5.6609,0.0,0.0,0.0,0.0,5.6609,0.0134,5.6743,5.6753
1017,0.0577,0.0058,0.0636,0.0114,0.9072327044025157,0.09119496855345911,3.1968,4.0575,3.1966,0.0,0.0,0.0,0.0,3.1966,4.0575,7.2541,7.2554
1018,0.0622,0.0,0.0622,0.0112,1.0,0.0,3.5364,0.018,3.5362,0.0,0.0,0.0,0.0,3.5362,0.018,3.5542,3.553
1019,0.1659,0.0028,0.1687,0.0304,0.9834024896265561,0.016597510373443983,9.4296,1.867,9.4296,0.0,0.0,0.0,0.0,9.4296,1.867,11.296600000000002,11.2988
1020,0.0768,0.0,0.0768,0.0138,1.0,0.0,4.3638,0.0109,4.3637,0.0,0.0,0.0,0.0,4.3637,0.0109,4.3746,4.3717
1021,0.065,0.0001,0.0651,0.0117,0.9984639016897081,0.0015360983102918587,3.3444,0.0355,3.3442,0.0,0.0,0.0,0.0,3.3442,0.0355,3.3796999999999997,3.3752
1022,0.1359,0.0001,0.136,0.0245,0.9992647058823528,0.0007352941176470588,8.154,0.0563,8.1539,0.0,0.0,0.0,0.0,8.1539,0.05630000000000001,8.2102,8.2089
1023,0.0913,0.0001,0.0915,0.0165,0.9978142076502733,0.001092896174863388,5.1918,0.0739,5.1918,0.0,0.0,0.0,0.0,5.191799999999999,0.07390000000000001,5.265699999999999,5.2679
1024,0.1766,0.0019,0.1785,0.0321,0.9893557422969188,0.010644257703081233,9.0828,1.1752,9.0828,0.0,0.0,0.0,0.0,9.0828,1.1751999999999998,10.258000000000001,10.259
1025,0.1115,0.0,0.1115,0.0201,1.0,0.0,6.6888,0.0056,6.6886,0.0,0.0,0.0,0.0,6.6886,0.0056,6.6942,6.6944
1026,0.0405,0.0018,0.0422,0.0076,0.9597156398104265,0.042654028436018954,2.1312,1.2893,2.1311,0.0,0.0,0.0,0.0,2.1311,1.2893,3.4204,3.419
1027,0.0502,0.0,0.0503,0.0091,0.9980119284294235,0.0,2.9334,0.0264,2.9331,0.0,0.0,0.0,0.0,2.9330999999999996,0.0264,2.9595,2.9594
1028,0.0958,0.0059,0.1017,0.0183,0.9419862340216322,0.05801376597836775,5.046,3.3902,5.046,0.0,0.0,0.0,0.0,5.046,3.3901999999999997,8.4362,8.4319
1029,0.0841,0.0003,0.0844,0.0152,0.9964454976303316,0.003554502369668246,5.046,0.1998,5.046,0.0,0.0,0.0,0.0,5.046,0.1998,5.2458,5.248
1030,0.0731,0.0,0.0731,0.0132,1.0,0.0,4.1532,0.0079,4.1533,0.0001,0.0,0.0,0.0,4.153300000000001,0.0079,4.161200000000001,4.1598
1031,0.0415,0.0,0.0415,0.0075,1.0,0.0,2.3574,0.0058,2.3574,0.0,0.0,0.0,0.0,2.3574,0.0058000000000000005,2.3632,2.3618
1032,0.0385,0.006,0.0444,0.008,0.867117117117117,0.13513513513513514,2.0766,4.0143,2.0768,0.0002,0.0,0.0,0.0,2.0768,4.0142999999999995,6.091099999999999,6.0932
1033,0.1233,0.0,0.1234,0.0222,0.9991896272285252,0.0,6.342,0.0292,6.3419,0.0,0.0,0.0,0.0,6.341900000000001,0.029199999999999997,6.371100000000001,6.3749
1034,0.1067,0.0002,0.1069,0.0192,0.9981290926099159,0.001870907390084191,6.2304,0.1352,6.2303,0.0,0.0,0.0,0.0,6.230300000000001,0.1352,6.365500000000001,6.3677
1035,0.1066,0.0001,0.1066,0.0192,1.0,0.0009380863039399625,6.393,0.0414,6.3933,0.0003,0.0,0.0,0.0,6.3933,0.0414,6.4347,6.4322
1036,0.1643,0.0005,0.1648,0.0297,0.9969660194174758,0.003033980582524272,9.0978,0.3478,9.098,0.0002,0.0,0.0,0.0,9.097999999999999,0.3478,9.445799999999998,9.4409
1037,0.1511,0.0,0.1511,0.0272,1.0,0.0,7.9608,0.0067,7.9607,0.0,0.0,0.0,0.0,7.960700000000001,0.0067,7.967400000000001,7.9683
1038,0.0432,0.0003,0.0435,0.0078,0.9931034482758622,0.006896551724137931,2.2746,0.2089,2.2745,0.0,0.0,0.0,0.0,2.2744999999999997,0.2089,2.4833999999999996,2.4814
1039,0.0622,0.0,0.0622,0.0112,1.0,0.0,3.5364,0.0229,3.536,0.0,0.0,0.0,0.0,3.5360000000000005,0.0229,3.5589000000000004,3.5609
1040,0.1449,0.0029,0.1479,0.0266,0.9797160243407708,0.0196078431372549,7.6362,2.1018,7.6364,0.0002,0.0,0.0,0.0,7.6364,2.1018,9.738199999999999,9.7419
1041,0.0724,0.0,0.0724,0.013,1.0,0.0,3.9108,0.0029,3.911,0.0002,0.0,0.0,0.0,3.9110000000000005,0.0029000000000000007,3.9139000000000004,3.9092
1042,0.0408,0.0026,0.0434,0.0078,0.9400921658986175,0.059907834101382486,2.3172,1.6063,2.3171,0.0,0.0,0.0,0.0,2.3171,1.6063,3.9234,3.9199
1043,0.12,0.0006,0.1206,0.0217,0.9950248756218906,0.004975124378109453,6.8238,0.3791,6.8236,0.0,0.0,0.0,0.0,6.823599999999999,0.3791,7.202699999999999,7.203
1044,0.0692,0.0,0.0693,0.0125,0.9985569985569985,0.0,4.1532,0.031,4.1535,0.0003,0.0,0.0,0.0,4.1535,0.031,4.1845,4.1879
1045,0.0716,0.0,0.0716,0.0129,1.0,0.0,3.774,0.0071,3.774,0.0,0.0,0.0,0.0,3.774,0.007100000000000001,3.7811,3.7772
1046,0.1472,0.0,0.1473,0.0265,0.9993211133740666,0.0,8.154,0.0241,8.1538,0.0,0.0,0.0,0.0,8.1538,0.0241,8.177900000000001,8.173
1047,0.0607,0.0068,0.0675,0.0121,0.8992592592592592,0.10074074074074073,3.1968,4.4564,3.1967,0.0,0.0,0.0,0.0,3.1967,4.4563999999999995,7.653099999999999,7.65
1048,0.0786,0.0005,0.0791,0.0142,0.9936788874841972,0.006321112515802781,4.7172,0.3537,4.7174,0.0002,0.0,0.0,0.0,4.7174,0.3537,5.0710999999999995,5.0666
1049,0.057,0.0,0.0571,0.0103,0.9982486865148862,0.0,2.9334,0.0127,2.9331,0.0,0.0,0.0,0.0,2.9331,0.0127,2.9458,2.9435
1050,0.1064,0.0012,0.1076,0.0194,0.9888475836431226,0.011152416356877323,5.8938,0.7966,5.8935,0.0,0.0,0.0,0.0,5.8934999999999995,0.7966000000000001,6.690099999999999,6.6932
1051,0.0534,0.0075,0.0609,0.011,0.8768472906403941,0.1231527093596059,3.1152,4.2653,3.1152,0.0,0.0,0.0,0.0,3.1152,4.2653,7.3805,7.3756
1052,0.1058,0.0047,0.1105,0.0199,0.9574660633484163,0.04253393665158371,5.574,2.9523,5.5739,0.0,0.0,0.0,0.0,5.5739,2.9523,8.5262,8.522
1053,0.1817,0.0018,0.1835,0.033,0.9901907356948229,0.00980926430517711,10.6086,1.1427,10.6086,0.0,0.0,0.0,0.0,10.608600000000001,1.1427,11.7513,11.755
1054,0.1295,0.0001,0.1296,0.0233,0.9992283950617284,0.000771604938271605,6.8238,0.046,6.8237,0.0,0.0,0.0,0.0,6.8237,0.046,6.8697,6.8715
1055,0.1401,0.0004,0.1405,0.0253,0.997153024911032,0.0028469750889679713,7.9608,0.2983,7.9608,0.0,0.0,0.0,0.0,7.960800000000001,0.2983,8.2591,8.2625
1056,0.0341,0.0,0.0341,0.0061,1.0,0.0,1.887,0.0076,1.887,0.0,0.0,0.0,0.0,1.887,0.0076,1.8946,1.8964
1057,0.1895,0.0014,0.1909,0.0344,0.9926663174436878,0.007333682556312206,10.2354,0.8559,10.2353,0.0,0.0,0.0,0.0,10.2353,0.8559000000000001,11.0912,11.0877
1058,0.0934,0.0037,0.0972,0.0175,0.9609053497942387,0.038065843621399184,5.4546,2.4989,5.4546,0.0,0.0,0.0,0.0,5.454600000000001,2.4989,7.953500000000001,7.951
1059,0.1308,0.0033,0.1341,0.0241,0.9753914988814318,0.024608501118568233,7.6362,2.0064,7.6364,0.0002,0.0,0.0,0.0,7.6364,2.0064,9.642800000000001,9.6404
1060,0.1727,0.0,0.1727,0.0311,1.0,0.0,9.0978,0.0103,9.0982,0.0004,0.0,0.0,0.0,9.0982,0.0103,9.108500000000001,9.111
1061,0.0937,0.0082,0.102,0.0184,0.9186274509803922,0.0803921568627451,5.1918,5.1317,5.1919,0.0001,0.0,0.0,0.0,5.1918999999999995,5.1317,10.323599999999999,10.3236
1062,0.1464,0.0027,0.1491,0.0268,0.9818913480885312,0.018108651911468814,8.1096,1.6317,8.1096,0.0,0.0,0.0,0.0,8.109599999999999,1.6317,9.741299999999999,9.7408
1063,0.0748,0.0028,0.0776,0.014,0.9639175257731959,0.03608247422680412,4.0368,1.9607,4.0368,0.0,0.0,0.0,0.0,4.0367999999999995,1.9606999999999999,5.9975,5.9926
1064,0.1652,0.0033,0.1685,0.0303,0.9804154302670623,0.019584569732937682,8.9184,2.046,8.9182,0.0,0.0,0.0,0.0,8.918199999999999,2.046,10.964199999999998,10.9612
1065,0.1232,0.0005,0.1237,0.0223,0.9959579628132579,0.004042037186742118,6.8238,0.3221,6.8236,0.0,0.0,0.0,0.0,6.8236,0.3221,7.1457,7.1435
1066,0.0547,0.0,0.0547,0.0098,1.0,0.0,3.0276,0.0162,3.0277,0.0001,0.0,0.0,0.0,3.0277,0.0162,3.0439,3.0394
1067,0.0671,0.0,0.0671,0.0121,1.0,0.0,3.624,0.0212,3.6239,0.0,0.0,0.0,0.0,3.6239000000000003,0.0212,3.6451000000000002,3.6403
1068,0.1589,0.0008,0.1596,0.0287,0.9956140350877194,0.005012531328320803,8.7996,0.4664,8.7994,0.0,0.0,0.0,0.0,8.799399999999999,0.46640000000000004,9.265799999999999,9.2611
1069,0.0437,0.0073,0.051,0.0092,0.8568627450980393,0.1431372549019608,2.3574,5.2581,2.3574,0.0,0.0,0.0,0.0,2.3574,5.2581,7.6155,7.62
1070,0.0404,0.0,0.0404,0.0073,1.0,0.0,2.3574,0.0066,2.3574,0.0,0.0,0.0,0.0,2.3574,0.0066,2.3640000000000003,2.3609
1071,0.0588,0.0,0.0589,0.0106,0.99830220713073,0.0,3.3444,0.026,3.3443,0.0,0.0,0.0,0.0,3.3443,0.026000000000000006,3.3703,3.3675
1072,0.1643,0.0044,0.1687,0.0304,0.9739181979845881,0.02608180201541198,9.0978,2.6475,9.0979,0.0001,0.0,0.0,0.0,9.0979,2.6475,11.7454,11.7499
1073,0.1121,0.0,0.1122,0.0202,0.9991087344028522,0.0,6.0552,0.0144,6.0552,0.0,0.0,0.0,0.0,6.0552,0.0144,6.0696,6.0679
1074,0.1464,0.0099,0.1563,0.0281,0.9366602687140115,0.0633397312859885,8.1096,7.0951,8.1097,0.0001,0.0,0.0,0.0,8.1097,7.0951,15.2048,15.209
1075,0.0849,0.0,0.0849,0.0153,1.0,0.0,4.3638,0.0087,4.3637,0.0,0.0,0.0,0.0,4.3637,0.0087,4.3724,4.3695
1076,0.1162,0.0025,0.1187,0.0214,0.97893850042123,0.02106149957877001,6.6042,1.438,6.6043,0.0001,0.0,0.0,0.0,6.6043,1.438,8.042300000000001,8.0439
1077,0.0408,0.0013,0.042,0.0076,0.9714285714285714,0.03095238095238095,2.3172,0.7419,2.3171,0.0,0.0,0.0,0.0,2.3171000000000004,0.7419,3.059,3.0596
1078,0.096,0.0004,0.0963,0.0173,0.9968847352024922,0.004153686396677052,5.4546,0.2074,5.4546,0.0,0.0,0.0,0.0,5.454600000000001,0.20739999999999997,5.662000000000001,5.6614
1079,0.2063,0.0001,0.2063,0.0371,1.0,0.0004847309743092584,10.6086,0.03,10.6084,0.0,0.0,0.0,0.0,10.608400000000001,0.03,10.6384,10.6413
1080,0.0604,0.0055,0.0659,0.0119,0.9165402124430956,0.08345978755690439,3.3444,3.7627,3.3442,0.0,0.0,0.0,0.0,3.3442,3.7626999999999997,7.1068999999999996,7.1076
1081,0.1113,0.0,0.1114,0.02,0.9991023339317774,0.0,5.8662,0.0045,5.8665,0.0003,0.0,0.0,0.0,5.8665,0.0045000000000000005,5.871,5.8743
1082,0.1818,0.0,0.1819,0.0327,0.999450247388675,0.0,9.8184,0.0189,9.8181,0.0,0.0,0.0,0.0,9.818100000000001,0.018899999999999997,9.837000000000002,9.8369
1083,0.0383,0.0,0.0383,0.0069,1.0,0.0,2.0184,0.0131,2.0184,0.0,0.0,0.0,0.0,2.0183999999999997,0.013099999999999999,2.0315,2.0307
1084,0.161,0.0001,0.1611,0.029,0.9993792675356922,0.0006207324643078834,8.9184,0.0336,8.9181,0.0,0.0,0.0,0.0,8.918099999999999,0.0336,8.951699999999999,8.9549
1085,0.1277,0.0085,0.1362,0.0245,0.9375917767988254,0.062408223201174756,7.0722,5.4203,7.0722,0.0,0.0,0.0,0.0,7.0722000000000005,5.4203,12.4925,12.4939
1086,0.0524,0.0,0.0524,0.0094,1.0,0.0,2.8302,0.0035,2.8306,0.0004,0.0,0.0,0.0,2.8306,0.0035,2.8341,2.8379
1087,0.0808,0.0017,0.0825,0.0148,0.9793939393939393,0.020606060606060603,4.7148,1.0755,4.7149,0.0001,0.0,0.0,0.0,4.7149,1.0755,5.7904,5.7944
1088,0.0577,0.0043,0.062,0.0112,0.9306451612903226,0.06935483870967742,3.1968,2.5035,3.1966,0.0,0.0,0.0,0.0,3.1966,2.5035,5.7001,5.7008
1089,0.0346,0.0,0.0346,0.0062,1.0,0.0,2.0766,0.0052,2.0766,0.0,0.0,0.0,0.0,2.0766,0.0052,2.0818,2.0782
1090,0.1245,0.0013,0.1258,0.0226,0.9896661367249603,0.010333863275039745,7.2684,0.7871,7.2686,0.0002,0.0,0.0,0.0,7.268600000000001,0.7871,8.055700000000002,8.0552
1091,0.0426,0.0011,0.0437,0.0079,0.9748283752860412,0.02517162471395881,2.3574,0.6898,2.3574,0.0,0.0,0.0,0.0,2.3574,0.6898000000000001,3.0472,3.0446
1092,0.0577,0.0001,0.0578,0.0104,0.9982698961937717,0.001730103806228374,3.1152,0.0565,3.1152,0.0,0.0,0.0,0.0,3.1152,0.056499999999999995,3.1717000000000004,3.1674
1093,0.1727,0.0015,0.1743,0.0314,0.9908204245553642,0.008605851979345954,9.8184,1.0152,9.8179,0.0,0.0,0.0,0.0,9.817900000000002,1.0152,10.833100000000002,10.8341
1094,0.0639,0.0001,0.064,0.0115,0.9984375,0.0015625,3.5364,0.0884,3.536,0.0,0.0,0.0,0.0,3.5360000000000005,0.0884,3.6244000000000005,3.6196
1095,0.1293,0.0021,0.1314,0.0237,0.9840182648401827,0.01598173515981735,7.548,1.474,7.5479,0.0,0.0,0.0,0.0,7.5479,1.4740000000000002,9.0219,9.0241
1096,0.053,0.0013,0.0542,0.0098,0.977859778597786,0.023985239852398525,2.9334,0.7907,2.9332,0.0,0.0,0.0,0.0,2.9332000000000003,0.7907000000000001,3.7239000000000004,3.7195
1097,0.1363,0.0007,0.137,0.0247,0.994890510948905,0.00510948905109489,7.548,0.4902,7.548,0.0,0.0,0.0,0.0,7.548,0.49019999999999997,8.0382,8.0373
1098,0.1727,0.0017,0.1744,0.0314,0.9902522935779816,0.009747706422018347,9.8184,1.0307,9.8181,0.0,0.0,0.0,0.0,9.818100000000001,1.0307,10.8488,10.8519
1099,0.0332,0.0,0.0332,0.006,1.0,0.0,1.887,0.009,1.8869,0.0,0.0,0.0,0.0,1.8869,0.009,1.8959,1.8983
1100,0.0688,0.0,0.0688,0.0124,1.0,0.0,3.5364,0.007,3.5361,0.0,0.0,0.0,0.0,3.5361000000000002,0.006999999999999999,3.5431000000000004,3.5388
1101,0.1242,0.0,0.1243,0.0224,0.9991954947707161,0.0,6.5454,0.0092,6.5454,0.0,0.0,0.0,0.0,6.545399999999999,0.0092,6.554599999999999,6.5549
1102,0.0529,0.0001,0.0529,0.0095,1.0,0.001890359168241966,2.718,0.0369,2.718,0.0,0.0,0.0,0.0,2.718,0.036899999999999995,2.7549,2.7568
1103,0.1753,0.0038,0.1791,0.0322,0.9787828029034059,0.02121719709659408,10.2354,2.5331,10.2354,0.0,0.0,0.0,0.0,10.2354,2.5331,12.7685,12.7724
1104,0.0905,0.0007,0.0912,0.0164,0.9923245614035087,0.007675438596491228,4.8888,0.438,4.8886,0.0,0.0,0.0,0.0,4.8886,0.438,5.3266,5.3314
1105,0.0385,0.0034,0.0419,0.0075,0.918854415274463,0.08114558472553698,2.1312,2.2685,2.131,0.0,0.0,0.0,0.0,2.1310000000000002,2.2685,4.3995,4.3983
1106,0.1035,0.0002,0.1037,0.0187,0.9980713596914175,0.0019286403085824494,5.4546,0.123,5.4546,0.0,0.0,0.0,0.0,5.454600000000001,0.123,5.577600000000001,5.5815
1107,0.1511,0.0003,0.1514,0.0272,0.9980184940554822,0.0019815059445178335,7.9608,0.1742,7.9607,0.0,0.0,0.0,0.0,7.9607,0.1742,8.1349,8.1358
1108,0.0524,0.0002,0.0526,0.0095,0.9961977186311788,0.0038022813688212928,2.8302,0.1086,2.8306,0.0004,0.0,0.0,0.0,2.8306,0.1086,2.9392,2.9346
1109,0.1389,0.0001,0.139,0.025,0.9992805755395682,0.0007194244604316547,8.1096,0.0623,8.1096,0.0,0.0,0.0,0.0,8.109599999999999,0.0623,8.171899999999999,8.1759
1110,0.0885,0.0,0.0885,0.0159,1.0,0.0,4.5492,0.0055,4.549,0.0,0.0,0.0,0.0,4.5489999999999995,0.0055000000000000005,4.554499999999999,4.5539
1111,0.0404,0.0,0.0404,0.0073,1.0,0.0,2.3574,0.0226,2.3574,0.0,0.0,0.0,0.0,2.3574,0.022600000000000002,2.3800000000000003,2.3752
1112,0.088,0.0002,0.0882,0.0159,0.9977324263038548,0.0022675736961451248,4.6344,0.1504,4.6341,0.0,0.0,0.0,0.0,4.6341,0.1504,4.7845,4.7844
1113,0.161,0.0,0.1611,0.029,0.9993792675356922,0.0,8.9184,0.0311,8.9182,0.0,0.0,0.0,0.0,8.918199999999999,0.031100000000000003,8.9493,8.948
1114,0.0374,0.0,0.0374,0.0067,1.0,0.0,2.1816,0.0229,2.1818,0.0002,0.0,0.0,0.0,2.1818,0.0229,2.2047,2.2048
1115,0.076,0.0012,0.0773,0.0139,0.9831824062095732,0.015523932729624839,3.9108,0.8782,3.9109,0.0001,0.0,0.0,0.0,3.9109000000000003,0.8781999999999999,4.7891,4.7888
1116,0.1,0.0001,0.1001,0.018,0.9990009990009991,0.000999000999000999,5.6862,0.0508,5.6862,0.0,0.0,0.0,0.0,5.6862,0.0508,5.737,5.7343
1117,0.1275,0.0011,0.1286,0.0232,0.9914463452566097,0.008553654743390359,7.248,0.6818,7.2479,0.0,0.0,0.0,0.0,7.2479000000000005,0.6818,7.9297,7.9322
1118,0.055,0.0001,0.0551,0.0099,0.9981851179673321,0.0018148820326678765,2.8302,0.0374,2.8304,0.0002,0.0,0.0,0.0,2.8304,0.0374,2.8678,2.8684
1119,0.1486,0.0001,0.1488,0.0268,0.9986559139784947,0.0006720430107526882,8.9184,0.0861,8.9183,0.0,0.0,0.0,0.0,8.918299999999999,0.08609999999999998,9.004399999999999,9.0054
1120,0.1979,0.0,0.1979,0.0356,1.0,0.0,10.4268,0.0136,10.4268,0.0,0.0,0.0,0.0,10.4268,0.013600000000000001,10.4404,10.4385
1121,0.1376,0.0001,0.1377,0.0248,0.9992737835875092,0.0007262164124909224,7.8216,0.0628,7.8217,0.0001,0.0,0.0,0.0,7.821700000000002,0.0628,7.884500000000002,7.881
1122,0.1965,0.0001,0.1965,0.0354,1.0,0.0005089058524173028,10.6086,0.0401,10.6085,0.0,0.0,0.0,0.0,10.608500000000001,0.0401,10.648600000000002,10.6448
1123,0.0909,0.0001,0.091,0.0164,0.9989010989010989,0.001098901098901099,5.4546,0.0582,5.4546,0.0,0.0,0.0,0.0,5.454600000000001,0.0582,5.512800000000001,5.5172
1124,0.1146,0.0,0.1146,0.0206,1.0,0.0,5.8938,0.0186,5.8937,0.0,0.0,0.0,0.0,5.8937,0.0186,5.9123,5.9077
1125,0.0385,0.0063,0.0448,0.0081,0.859375,0.140625,2.0766,4.5511,2.0767,0.0001,0.0,0.0,0.0,2.0767,4.5511,6.627800000000001,6.629
1126,0.149,0.0,0.149,0.0268,1.0,0.0,8.2512,0.0102,8.251,0.0,0.0,0.0,0.0,8.251,0.0102,8.261199999999999,8.2625
1127,0.1548,0.0013,0.1561,0.0281,0.9916720051249199,0.008327994875080078,8.7996,0.776,8.7995,0.0,0.0,0.0,0.0,8.799499999999998,0.776,9.575499999999998,9.5777
1128,0.0519,0.0,0.052,0.0094,0.9980769230769232,0.0,3.1152,0.019,3.1149,0.0,0.0,0.0,0.0,3.1149,0.019,3.1339,3.1292
1129,0.0375,0.0061,0.0436,0.0078,0.8600917431192661,0.13990825688073397,2.1312,3.6006,2.131,0.0,0.0,0.0,0.0,2.1310000000000002,3.6006,5.7316,5.7279
1130,0.0676,0.0,0.0676,0.0122,1.0,0.0,3.4758,0.013,3.4757,0.0,0.0,0.0,0.0,3.4757000000000002,0.013,3.4887,3.4844
1131,0.1146,0.0005,0.1151,0.0207,0.9956559513466551,0.004344048653344918,5.8938,0.3102,5.8936,0.0,0.0,0.0,0.0,5.893599999999999,0.31020000000000003,6.203799999999999,6.206
1132,0.1421,0.0,0.1421,0.0256,1.0,0.0,8.5242,0.0092,8.5241,0.0,0.0,0.0,0.0,8.5241,0.0092,8.5333,8.5367
1133,0.1414,0.006,0.1474,0.0265,0.9592944369063772,0.0407055630936228,7.6362,4.3209,7.6363,0.0001,0.0,0.0,0.0,7.6363,4.3209,11.9572,11.9603
1134,0.1375,0.0,0.1376,0.0248,0.9992732558139535,0.0,8.2512,0.023,8.2508,0.0,0.0,0.0,0.0,8.2508,0.023,8.2738,8.2744
1135,0.1309,0.0007,0.1316,0.0237,0.9946808510638298,0.005319148936170213,7.248,0.434,7.2479,0.0,0.0,0.0,0.0,7.2479,0.434,7.6819,7.6819
1136,0.0442,0.0,0.0443,0.008,0.997742663656885,0.0,2.2746,0.0215,2.2744,0.0,0.0,0.0,0.0,2.2744,0.021500000000000002,2.2959,2.2988
1137,0.0729,0.0004,0.0733,0.0132,0.994542974079127,0.005457025920873124,4.0368,0.2635,4.0368,0.0,0.0,0.0,0.0,4.0367999999999995,0.2635,4.300299999999999,4.2992
1138,0.0917,0.0,0.0917,0.0165,1.0,0.0,4.7172,0.0093,4.7174,0.0002,0.0,0.0,0.0,4.7174,0.0093,4.726699999999999,4.7317
1139,0.0883,0.0015,0.0898,0.0162,0.9832962138084632,0.016703786191536747,4.8888,0.9524,4.8887,0.0,0.0,0.0,0.0,4.8887,0.9524000000000001,5.8411,5.8386
1140,0.0905,0.0002,0.0907,0.0163,0.9977949283351708,0.002205071664829107,4.8888,0.1134,4.8885,0.0,0.0,0.0,0.0,4.8885000000000005,0.1134,5.001900000000001,5.0011
1141,0.1312,0.0039,0.1351,0.0243,0.9711324944485568,0.028867505551443375,7.4586,2.5248,7.4586,0.0,0.0,0.0,0.0,7.458600000000001,2.5248,9.9834,9.9868
1142,0.0385,0.0,0.0385,0.0069,1.0,0.0,2.0766,0.0159,2.0766,0.0,0.0,0.0,0.0,2.0766,0.015899999999999997,2.0925,2.0894
1143,0.138,0.0,0.138,0.0248,1.0,0.0,7.2684,0.0195,7.2687,0.0003,0.0,0.0,0.0,7.268700000000001,0.019499999999999997,7.288200000000001,7.2907
1144,0.1065,0.0001,0.1066,0.0192,0.99906191369606,0.0009380863039399625,6.0552,0.0346,6.0553,0.0001,0.0,0.0,0.0,6.055300000000001,0.0346,6.089900000000001,6.0945
1145,0.1569,0.0072,0.1641,0.0295,0.9561243144424133,0.043875685557586835,8.9184,4.7521,8.9182,0.0,0.0,0.0,0.0,8.918199999999999,4.7520999999999995,13.670299999999997,13.6699
1146,0.1416,0.0009,0.1424,0.0256,0.9943820224719101,0.006320224719101123,7.4586,0.5331,7.4587,0.0001,0.0,0.0,0.0,7.4587,0.5331,7.9918000000000005,7.9882
1147,0.1616,0.0005,0.1621,0.0292,0.9969154842689698,0.0030845157310302285,8.727,0.3233,8.7271,0.0001,0.0,0.0,0.0,8.727099999999998,0.3233,9.050399999999998,9.0515
1148,0.0895,0.0001,0.0896,0.0161,0.9988839285714285,0.0011160714285714287,4.7148,0.0898,4.7148,0.0,0.0,0.0,0.0,4.7148,0.08979999999999999,4.804600000000001,4.8041
1149,0.0865,0.0002,0.0867,0.0156,0.9976931949250287,0.002306805074971165,5.1918,0.1294,5.1918,0.0,0.0,0.0,0.0,5.191799999999999,0.12940000000000002,5.321199999999999,5.3246
1150,0.1601,0.0017,0.1618,0.0291,0.9894932014833127,0.010506798516687267,9.3456,1.0985,9.3454,0.0,0.0,0.0,0.0,9.345400000000001,1.0985,10.443900000000001,10.4423
1151,0.0828,0.0001,0.083,0.0149,0.9975903614457831,0.0012048192771084336,4.3638,0.0802,4.3637,0.0,0.0,0.0,0.0,4.3637,0.08020000000000001,4.443899999999999,4.442
1152,0.0619,0.0078,0.0698,0.0126,0.8868194842406876,0.11174785100286533,3.3444,4.9827,3.3443,0.0,0.0,0.0,0.0,3.3442999999999996,4.9827,8.327,8.3299
1153,0.1727,0.0056,0.1783,0.0321,0.9685922602355581,0.03140773976444195,9.8184,3.7168,9.8183,0.0,0.0,0.0,0.0,9.8183,3.7167999999999997,13.5351,13.5382
1154,0.0604,0.0001,0.0605,0.0109,0.9983471074380166,0.0016528925619834713,3.3444,0.047,3.3443,0.0,0.0,0.0,0.0,3.3442999999999996,0.047,3.3912999999999998,3.393
1155,0.2014,0.0001,0.2015,0.0363,0.9995037220843671,0.0004962779156327543,10.6086,0.0975,10.6084,0.0,0.0,0.0,0.0,10.6084,0.0975,10.7059,10.704
1156,0.1254,0.0,0.1254,0.0226,1.0,0.0,6.6042,0.0047,6.6042,0.0,0.0,0.0,0.0,6.6042,0.0047,6.608899999999999,6.607
1157,0.1716,0.0003,0.1719,0.0309,0.9982547993019197,0.001745200698080279,9.2682,0.1655,9.2682,0.0,0.0,0.0,0.0,9.2682,0.16549999999999998,9.4337,9.4289
1158,0.0646,0.0,0.0647,0.0116,0.9984544049459043,0.0,3.774,0.0247,3.7739,0.0,0.0,0.0,0.0,3.7739000000000003,0.0247,3.7986000000000004,3.7994
1159,0.0374,0.0008,0.0382,0.0069,0.9790575916230367,0.020942408376963352,2.0184,0.535,2.0184,0.0,0.0,0.0,0.0,2.0183999999999997,0.535,2.5534,2.5516
1160,0.0611,0.002,0.0631,0.0114,0.9683042789223455,0.03169572107765452,3.4758,1.3377,3.4755,0.0,0.0,0.0,0.0,3.4755000000000003,1.3377000000000001,4.8132,4.8163
1161,0.0576,0.0,0.0576,0.0104,1.0,0.0,3.273,0.0193,3.2729,0.0,0.0,0.0,0.0,3.2729000000000004,0.019299999999999998,3.2922000000000002,3.2894
1162,0.1379,0.0034,0.1413,0.0254,0.975937721160651,0.0240622788393489,7.6362,2.1123,7.6363,0.0001,0.0,0.0,0.0,7.6363,2.1123000000000003,9.7486,9.7501
1163,0.0395,0.0,0.0395,0.0071,1.0,0.0,2.1312,0.0314,2.131,0.0,0.0,0.0,0.0,2.1310000000000002,0.0314,2.1624000000000003,2.1612
1164,0.0987,0.0015,0.1002,0.018,0.9850299401197604,0.014970059880239521,5.3274,0.9696,5.3275,0.0001,0.0,0.0,0.0,5.3275,0.9696,6.2970999999999995,6.2982
1165,0.0829,0.0,0.083,0.0149,0.9987951807228915,0.0,4.7148,0.0125,4.7149,0.0001,0.0,0.0,0.0,4.7149,0.012499999999999999,4.7274,4.726
1166,0.1517,0.0001,0.1518,0.0273,0.9993412384716733,0.0006587615283267457,7.8036,0.0462,7.8035,0.0,0.0,0.0,0.0,7.8035,0.0462,7.8496999999999995,7.8523
1167,0.1273,0.0,0.1273,0.0229,1.0,0.0,7.6362,0.0041,7.6363,0.0001,0.0,0.0,0.0,7.6363,0.0040999999999999995,7.6404000000000005,7.6378
1168,0.1312,0.0035,0.1347,0.0243,0.974016332590943,0.02598366740905717,7.4586,2.3321,7.4586,0.0,0.0,0.0,0.0,7.458600000000001,2.3321,9.790700000000001,9.7933
1169,0.0873,0.0001,0.0874,0.0157,0.9988558352402745,0.0011441647597254005,4.7148,0.0792,4.7148,0.0,0.0,0.0,0.0,4.7148,0.07920000000000002,4.7940000000000005,4.7981
1170,0.1455,0.0043,0.1498,0.027,0.9712950600801068,0.02870493991989319,8.4912,2.9702,8.4913,0.0001,0.0,0.0,0.0,8.4913,2.9702,11.461500000000001,11.4618
1171,0.0635,0.001,0.0644,0.0116,0.9860248447204969,0.015527950310559006,3.3444,0.6598,3.3442,0.0,0.0,0.0,0.0,3.3442000000000003,0.6598,4.0040000000000004,4.0039
1172,0.127,0.0003,0.1272,0.0229,0.9984276729559748,0.0023584905660377353,6.6888,0.1517,6.6886,0.0,0.0,0.0,0.0,6.688599999999999,0.1517,6.840299999999999,6.8436
1173,0.1006,0.0093,0.1099,0.0198,0.9153776160145587,0.08462238398544131,5.574,5.5977,5.5738,0.0,0.0,0.0,0.0,5.5738,5.597700000000001,11.171500000000002,11.1753
1174,0.1309,0.0,0.1309,0.0236,1.0,0.0,7.248,0.0157,7.248,0.0,0.0,0.0,0.0,7.248,0.0157,7.2637,7.2606
1175,0.0992,0.0063,0.1055,0.019,0.9402843601895735,0.05971563981042654,5.7924,3.8511,5.7926,0.0002,0.0,0.0,0.0,5.7926,3.8511,9.6437,9.6419
1176,0.0784,0.0023,0.0807,0.0145,0.9714993804213136,0.028500619578686496,4.4592,1.5442,4.4592,0.0,0.0,0.0,0.0,4.4592,1.5442,6.0034,6.0032
1177,0.1727,0.0006,0.1733,0.0312,0.9965377957299479,0.0034622042700519326,9.0978,0.3432,9.098,0.0002,0.0,0.0,0.0,9.098,0.3432,9.4412,9.4407
1178,0.1449,0.0,0.145,0.0261,0.9993103448275863,0.0,7.6362,0.0103,7.6363,0.0001,0.0,0.0,0.0,7.6363,0.0103,7.6466,7.6444
1179,0.1379,0.0009,0.1388,0.025,0.9935158501440922,0.00648414985590778,7.6362,0.5226,7.6364,0.0002,0.0,0.0,0.0,7.6364,0.5226000000000001,8.159,8.1576
1180,0.0961,0.0,0.0962,0.0173,0.9989604989604991,0.0,5.1918,0.0049,5.1918,0.0,0.0,0.0,0.0,5.191799999999999,0.0049,5.196699999999999,5.1955
1181,0.1398,0.0023,0.142,0.0256,0.9845070422535213,0.016197183098591552,7.548,1.6265,7.5479,0.0,0.0,0.0,0.0,7.5479,1.6265,9.1744,9.1722
1182,0.0673,0.0001,0.0674,0.0121,0.9985163204747775,0.001483679525222552,4.0368,0.06,4.0368,0.0,0.0,0.0,0.0,4.0367999999999995,0.06,4.096799999999999,4.0958
1183,0.0769,0.0001,0.077,0.0139,0.9987012987012986,0.0012987012987012987,4.1532,0.0517,4.1535,0.0003,0.0,0.0,0.0,4.1535,0.051699999999999996,4.2052000000000005,4.2003
1184,0.0974,0.0001,0.0975,0.0175,0.9989743589743589,0.0010256410256410256,5.6862,0.0412,5.6862,0.0,0.0,0.0,0.0,5.6862,0.0412,5.7274,5.7264
1185,0.06,0.0,0.06,0.0108,1.0,0.0,3.4116,0.0215,3.4117,0.0001,0.0,0.0,0.0,3.4116999999999997,0.021500000000000002,3.4332,3.4311
1186,0.0635,0.002,0.0655,0.0118,0.9694656488549618,0.030534351145038167,3.3444,1.469,3.3443,0.0,0.0,0.0,0.0,3.3443,1.469,4.8133,4.8145
1187,0.0864,0.0002,0.0866,0.0156,0.9976905311778292,0.002309468822170901,5.046,0.1212,5.0462,0.0002,0.0,0.0,0.0,5.0462,0.1212,5.1674,5.163
1188,0.1452,0.0007,0.1458,0.0262,0.9958847736625513,0.004801097393689986,8.2512,0.4279,8.251,0.0,0.0,0.0,0.0,8.251,0.42789999999999995,8.678899999999999,8.6795
1189,0.1093,0.0004,0.1098,0.0198,0.9954462659380692,0.003642987249544627,6.0552,0.311,6.0552,0.0,0.0,0.0,0.0,6.0552,0.311,6.3662,6.3633
1190,0.0663,0.0,0.0664,0.0119,0.9984939759036144,0.0,3.4116,0.009,3.4118,0.0002,0.0,0.0,0.0,3.4117999999999995,0.009000000000000001,3.4207999999999994,3.4245
1191,0.1242,0.0,0.1242,0.0224,1.0,0.0,6.5454,0.0042,6.5454,0.0,0.0,0.0,0.0,6.545399999999999,0.004200000000000001,6.549599999999999,6.5454
1192,0.1046,0.0012,0.1058,0.019,0.9886578449905481,0.011342155009451795,5.7924,0.8049,5.7926,0.0002,0.0,0.0,0.0,5.7926,0.8049000000000001,6.5975,6.5933
1193,0.1636,0.0,0.1637,0.0295,0.9993891264508246,0.0,9.8184,0.0079,9.8184,0.0,0.0,0.0,0.0,9.8184,0.0079,9.8263,9.8312
1194,0.1267,0.0004,0.1271,0.0229,0.9968528717545241,0.0031471282454760036,6.8442,0.2447,6.844,0.0,0.0,0.0,0.0,6.844,0.2447,7.0887,7.0924
1195,0.0404,0.0016,0.042,0.0076,0.9619047619047618,0.03809523809523809,2.1816,1.0512,2.1817,0.0001,0.0,0.0,0.0,2.1816999999999998,1.0512,3.2329,3.2322
1196,0.1445,0.0049,0.1494,0.0269,0.967202141900937,0.03279785809906292,7.8036,3.1323,7.8035,0.0,0.0,0.0,0.0,7.8035000000000005,3.1323,10.9358,10.9357
1197,0.0502,0.0,0.0503,0.009,0.9980119284294235,0.0,2.9334,0.0032,2.9332,0.0,0.0,0.0,0.0,2.9332000000000003,0.0031999999999999997,2.9364000000000003,2.939
1198,0.1731,0.0008,0.1739,0.0313,0.9953996549741231,0.004600345025876941,9.3456,0.5327,9.3455,0.0,0.0,0.0,0.0,9.345500000000001,0.5327000000000001,9.878200000000001,9.8751
1199,0.1866,0.0001,0.1867,0.0336,0.9994643813604712,0.0005356186395286556,10.6086,0.0331,10.6085,0.0,0.0,0.0,0.0,10.6085,0.0331,10.641599999999999,10.6436
1200,0.0776,0.0011,0.0787,0.0142,0.9860228716645488,0.01397712833545108,4.53,0.686,4.5299,0.0,0.0,0.0,0.0,4.5299000000000005,0.6859999999999999,5.2159,5.2132
1201,0.0365,0.0006,0.0371,0.0067,0.9838274932614555,0.016172506738544472,2.1312,0.3772,2.131,0.0,0.0,0.0,0.0,2.1310000000000002,0.37720000000000004,2.5082000000000004,2.5111
1202,0.1079,0.002,0.11,0.0198,0.9809090909090908,0.01818181818181818,5.6862,1.3612,5.6862,0.0,0.0,0.0,0.0,5.6862,1.3612000000000002,7.0474000000000006,7.0468
1203,0.073,0.0001,0.0731,0.0132,0.9986320109439124,0.0013679890560875515,4.2618,0.0435,4.2621,0.0003,0.0,0.0,0.0,4.2621,0.043500000000000004,4.3056,4.3029
1204,0.0374,0.0002,0.0376,0.0068,0.9946808510638299,0.005319148936170213,2.0184,0.1662,2.0184,0.0,0.0,0.0,0.0,2.0183999999999997,0.1662,2.1845999999999997,2.1802
1205,0.1211,0.0009,0.1221,0.022,0.9918099918099919,0.00737100737100737,7.2684,0.5371,7.2685,0.0001,0.0,0.0,0.0,7.2685,0.5371,7.8056,7.8049
1206,0.0788,0.0015,0.0803,0.0145,0.9813200498132005,0.018679950186799504,4.1532,0.9822,4.1534,0.0002,0.0,0.0,0.0,4.1534,0.9822000000000001,5.1356,5.1369
1207,0.0837,0.0022,0.0858,0.0154,0.9755244755244755,0.025641025641025644,4.6344,1.3242,4.6341,0.0,0.0,0.0,0.0,4.6341,1.3241999999999998,5.9582999999999995,5.9551
1208,0.0881,0.0,0.0881,0.0159,1.0,0.0,4.53,0.0142,4.5299,0.0,0.0,0.0,0.0,4.5299,0.014199999999999999,4.544099999999999,4.5457
1209,0.1208,0.0076,0.1283,0.0231,0.9415432579890881,0.059236165237724084,6.6888,5.444,6.6887,0.0,0.0,0.0,0.0,6.6887,5.444,12.1327,12.1363
1210,0.0371,0.0057,0.0428,0.0077,0.8668224299065421,0.13317757009345796,1.9554,3.4616,1.9554,0.0,0.0,0.0,0.0,1.9554000000000002,3.4616,5.417,5.4217
1211,0.0533,0.0005,0.0538,0.0097,0.9907063197026023,0.00929368029739777,3.0276,0.2869,3.0276,0.0,0.0,0.0,0.0,3.0276,0.2869,3.3145000000000002,3.318
1212,0.1347,0.0003,0.135,0.0243,0.9977777777777777,0.002222222222222222,7.4586,0.1711,7.4586,0.0,0.0,0.0,0.0,7.458600000000001,0.1711,7.629700000000001,7.6271
1213,0.075,0.001,0.076,0.0137,0.9868421052631579,0.013157894736842106,4.1532,0.6315,4.1533,0.0001,0.0,0.0,0.0,4.153300000000001,0.6315000000000001,4.784800000000001,4.7808
1214,0.1569,0.001,0.1579,0.0284,0.9936668777707409,0.006333122229259024,8.9184,0.6289,8.918,0.0,0.0,0.0,0.0,8.918,0.6289,9.546899999999999,9.5487
1215,0.1495,0.0,0.1495,0.0269,1.0,0.0,8.727,0.0083,8.7272,0.0002,0.0,0.0,0.0,8.7272,0.0083,8.7355,8.7367
1216,0.0622,0.0018,0.064,0.0115,0.9718749999999999,0.028124999999999997,3.1968,1.2128,3.1965,0.0,0.0,0.0,0.0,3.1965000000000003,1.2127999999999999,4.4093,4.411
1217,0.0846,0.0,0.0847,0.0152,0.9988193624557261,0.0,4.4592,0.0103,4.4591,0.0,0.0,0.0,0.0,4.4591,0.0103,4.4694,4.4736
1218,0.0931,0.0,0.0931,0.0168,1.0,0.0,5.436,0.0072,5.4359,0.0,0.0,0.0,0.0,5.4359,0.0072,5.4431,5.4432
1219,0.0394,0.0,0.0394,0.0071,1.0,0.0,2.0766,0.0044,2.0768,0.0002,0.0,0.0,0.0,2.0768,0.0044,2.0812,2.0802
1220,0.0846,0.0,0.0847,0.0152,0.9988193624557261,0.0,4.4592,0.0336,4.4591,0.0,0.0,0.0,0.0,4.459099999999999,0.033600000000000005,4.492699999999999,4.4887
1221,0.15,0.0018,0.1517,0.0273,0.9887936717205009,0.011865524060646011,8.5242,1.2658,8.5241,0.0,0.0,0.0,0.0,8.5241,1.2658,9.789900000000001,9.7944
1222,0.1716,0.0,0.1716,0.0309,1.0,0.0,9.2682,0.0108,9.2682,0.0,0.0,0.0,0.0,9.2682,0.0108,9.279,9.2775
1223,0.0606,0.0014,0.062,0.0112,0.9774193548387097,0.02258064516129032,3.5364,0.8608,3.5362,0.0,0.0,0.0,0.0,3.5362000000000005,0.8608,4.397,4.4006
1224,0.0731,0.0001,0.0732,0.0132,0.9986338797814207,0.001366120218579235,4.1532,0.0543,4.1535,0.0003,0.0,0.0,0.0,4.1535,0.0543,4.2078,4.2029
1225,0.101,0.0007,0.1017,0.0183,0.9931170108161259,0.00688298918387414,5.1918,0.503,5.1918,0.0,0.0,0.0,0.0,5.191799999999999,0.5029999999999999,5.694799999999999,5.6994
1226,0.0418,0.0018,0.0436,0.0078,0.9587155963302751,0.04128440366972477,2.3172,1.1613,2.317,0.0,0.0,0.0,0.0,2.317,1.1613,3.4783,3.4779
1227,0.0638,0.0003,0.064,0.0115,0.996875,0.0046875,3.624,0.1848,3.6239,0.0,0.0,0.0,0.0,3.6239,0.1848,3.8087,3.8053
1228,0.0404,0.002,0.0424,0.0076,0.9528301886792453,0.04716981132075472,2.1816,1.3604,2.1816,0.0,0.0,0.0,0.0,2.1816,1.3604,3.542,3.5446
1229,0.0453,0.0001,0.0454,0.0082,0.9977973568281938,0.002202643171806167,2.718,0.0812,2.7179,0.0,0.0,0.0,0.0,2.7178999999999998,0.0812,2.7990999999999997,2.7968
1230,0.0638,0.0,0.0638,0.0115,1.0,0.0,3.624,0.0051,3.6239,0.0,0.0,0.0,0.0,3.6239000000000003,0.0051,3.6290000000000004,3.624
1231,0.1243,0.0016,0.1259,0.0227,0.9872915011914216,0.012708498808578236,7.0644,1.1456,7.0644,0.0,0.0,0.0,0.0,7.064400000000001,1.1456,8.21,8.2131
1232,0.0511,0.0007,0.0518,0.0093,0.9864864864864865,0.013513513513513514,2.8302,0.5185,2.8304,0.0002,0.0,0.0,0.0,2.8304,0.5185,3.3489,3.3471
1233,0.1711,0.0001,0.1712,0.0308,0.9994158878504673,0.0005841121495327103,8.7996,0.0647,8.7995,0.0,0.0,0.0,0.0,8.7995,0.06470000000000001,8.8642,8.8675
1234,0.0367,0.0001,0.0368,0.0066,0.9972826086956523,0.0027173913043478264,1.887,0.1067,1.887,0.0,0.0,0.0,0.0,1.887,0.10669999999999999,1.9937,1.9918
1235,0.1304,0.0003,0.1306,0.0235,0.998468606431853,0.0022970903522205204,7.8216,0.1773,7.8216,0.0,0.0,0.0,0.0,7.821600000000001,0.17729999999999999,7.998900000000001,8.0001
1236,0.0917,0.0,0.0917,0.0165,1.0,0.0,4.7148,0.0237,4.7148,0.0,0.0,0.0,0.0,4.7148,0.0237,4.7385,4.7381
1237,0.1301,0.0001,0.1302,0.0234,0.9992319508448539,0.0007680491551459293,6.6888,0.091,6.6886,0.0,0.0,0.0,0.0,6.688599999999999,0.091,6.779599999999999,6.7819
1238,0.1673,0.0024,0.1698,0.0306,0.9852767962308598,0.014134275618374556,9.2682,1.601,9.2682,0.0,0.0,0.0,0.0,9.2682,1.601,10.8692,10.8717
1239,0.1738,0.0001,0.1739,0.0313,0.9994249568717655,0.0005750431282346176,10.4268,0.0611,10.4268,0.0,0.0,0.0,0.0,10.4268,0.061099999999999995,10.4879,10.4835
1240,0.1979,0.0,0.1979,0.0356,1.0,0.0,10.4268,0.006,10.4267,0.0,0.0,0.0,0.0,10.4267,0.006,10.4327,10.4327
1241,0.0374,0.0001,0.0374,0.0067,1.0,0.00267379679144385,2.1816,0.0447,2.1817,0.0001,0.0,0.0,0.0,2.1816999999999998,0.044700000000000004,2.2264,2.2266
1242,0.1126,0.0,0.1127,0.0203,0.9991126885536824,0.0,5.7924,0.0127,5.7926,0.0002,0.0,0.0,0.0,5.792599999999999,0.012700000000000001,5.805299999999999,5.8034
1243,0.031,0.0,0.0311,0.0056,0.9967845659163987,0.0,1.812,0.0121,1.812,0.0,0.0,0.0,0.0,1.812,0.0121,1.8241,1.8263
1244,0.0688,0.0024,0.0712,0.0128,0.9662921348314607,0.033707865168539325,3.9108,1.5248,3.9108,0.0,0.0,0.0,0.0,3.9108000000000005,1.5248,5.435600000000001,5.4386
1245,0.0364,0.0062,0.0425,0.0077,0.8564705882352941,0.14588235294117646,2.1816,3.8262,2.1818,0.0002,0.0,0.0,0.0,2.1818,3.8262,6.008,6.0119
1246,0.1091,0.0019,0.1111,0.02,0.9819981998199819,0.017101710171017102,5.8938,1.2122,5.8936,0.0,0.0,0.0,0.0,5.893599999999999,1.2122,7.1057999999999995,7.1101
1247,0.1485,0.005,0.1535,0.0276,0.9674267100977199,0.03257328990228013,7.8216,3.4837,7.8218,0.0002,0.0,0.0,0.0,7.821800000000001,3.4837,11.305500000000002,11.3018
1248,0.1682,0.0057,0.1739,0.0313,0.9672225416906267,0.0327774583093732,9.0828,3.4412,9.0829,0.0001,0.0,0.0,0.0,9.0829,3.4412000000000003,12.5241,12.5202
1249,0.1576,0.0022,0.1598,0.0288,0.9862327909887358,0.01376720901126408,8.727,1.3511,8.7272,0.0002,0.0,0.0,0.0,8.7272,1.3511,10.0783,10.0766
1250,0.1337,0.0001,0.1338,0.0241,0.9992526158445442,0.0007473841554559044,7.8036,0.0717,7.8036,0.0,0.0,0.0,0.0,7.8036,0.0717,7.8753,7.8736
1251,0.1204,0.0055,0.1259,0.0227,0.9563145353455121,0.04368546465448768,6.8442,3.6404,6.8441,0.0,0.0,0.0,0.0,6.8441,3.6404,10.4845,10.4801
1252,0.0386,0.0001,0.0387,0.007,0.9974160206718348,0.002583979328165375,2.3172,0.0672,2.3171,0.0,0.0,0.0,0.0,2.3171,0.0672,2.3843,2.3856
1253,0.182,0.0,0.182,0.0328,1.0,0.0,9.5898,0.0099,9.5898,0.0,0.0,0.0,0.0,9.5898,0.009899999999999999,9.5997,9.599
1254,0.0883,0.0015,0.0898,0.0162,0.9832962138084632,0.016703786191536747,4.8888,1.0045,4.8887,0.0,0.0,0.0,0.0,4.8887,1.0045,5.8932,5.894
1255,0.0314,0.0006,0.032,0.0058,0.9812499999999998,0.01875,1.887,0.3499,1.887,0.0,0.0,0.0,0.0,1.887,0.3499,2.2369,2.239
1256,0.1711,0.0,0.1711,0.0308,1.0,0.0,8.7996,0.0119,8.7995,0.0,0.0,0.0,0.0,8.799499999999998,0.011899999999999999,8.811399999999999,8.8154
1257,0.1177,0.0009,0.1186,0.0213,0.9924114671163575,0.007588532883642495,6.6888,0.6213,6.6886,0.0,0.0,0.0,0.0,6.688599999999999,0.6213,7.309899999999999,7.3086
1258,0.1452,0.0054,0.1505,0.0271,0.9647840531561462,0.035880398671096346,8.2512,3.5562,8.251,0.0,0.0,0.0,0.0,8.251,3.5562,11.8072,11.8119
1259,0.0692,0.0001,0.0693,0.0125,0.9985569985569985,0.001443001443001443,4.1532,0.0729,4.1535,0.0003,0.0,0.0,0.0,4.1535,0.07289999999999999,4.2264,4.2273
1260,0.0931,0.0001,0.0932,0.0168,0.9989270386266094,0.001072961373390558,5.436,0.0853,5.4359,0.0,0.0,0.0,0.0,5.4359,0.08529999999999999,5.5212,5.5239
1261,0.0577,0.0,0.0577,0.0104,1.0,0.0,3.1152,0.0094,3.1152,0.0,0.0,0.0,0.0,3.1152,0.0094,3.1246,3.124
1262,0.0874,0.0001,0.0874,0.0157,1.0,0.0011441647597254005,4.7172,0.0384,4.7175,0.0003,0.0,0.0,0.0,4.7175,0.038400000000000004,4.7559000000000005,4.7587
1263,0.0589,0.0001,0.059,0.0106,0.9983050847457627,0.0016949152542372883,3.5364,0.0415,3.5363,0.0,0.0,0.0,0.0,3.5362999999999998,0.041499999999999995,3.5778,3.5791
1264,0.055,0.0001,0.0552,0.0099,0.9963768115942029,0.0018115942028985507,2.8302,0.0919,2.8302,0.0,0.0,0.0,0.0,2.8302000000000005,0.0919,2.9221000000000004,2.9243
1265,0.1412,0.0,0.1412,0.0254,1.0,0.0,7.8216,0.0065,7.8218,0.0002,0.0,0.0,0.0,7.8218000000000005,0.006500000000000001,7.8283000000000005,7.8255
1266,0.151,0.0,0.151,0.0272,1.0,0.0,8.154,0.0248,8.1539,0.0,0.0,0.0,0.0,8.1539,0.0248,8.178700000000001,8.1782
1267,0.0426,0.0046,0.0472,0.0085,0.902542372881356,0.09745762711864407,2.3574,3.0474,2.3574,0.0,0.0,0.0,0.0,2.3574,3.0473999999999997,5.4048,5.4056
1268,0.1046,0.0013,0.1059,0.0191,0.987724268177526,0.012275731822474031,5.7924,0.8549,5.7926,0.0002,0.0,0.0,0.0,5.7926,0.8549000000000001,6.6475,6.6504
1269,0.0498,0.0,0.0498,0.009,1.0,0.0,2.8302,0.0031,2.8306,0.0004,0.0,0.0,0.0,2.8306,0.0030999999999999995,2.8337,2.8312
1270,0.0808,0.0,0.0808,0.0145,1.0,0.0,4.1532,0.0151,4.1535,0.0003,0.0,0.0,0.0,4.1535,0.0151,4.1686000000000005,4.1679
1271,0.1383,0.0,0.1383,0.0249,1.0,0.0,8.0736,0.0133,8.0736,0.0,0.0,0.0,0.0,8.073599999999999,0.0133,8.086899999999998,8.0916
1272,0.1765,0.0025,0.179,0.0322,0.9860335195530726,0.013966480446927375,10.0326,1.6744,10.0328,0.0002,0.0,0.0,0.0,10.0328,1.6744,11.7072,11.7117
1273,0.1774,0.0,0.1774,0.0319,1.0,0.0,9.3456,0.0045,9.3454,0.0,0.0,0.0,0.0,9.3454,0.0045000000000000005,9.3499,9.3538
1274,0.121,0.0,0.1211,0.0218,0.9991742361684558,0.0,7.0644,0.0312,7.0646,0.0002,0.0,0.0,0.0,7.0646,0.031200000000000002,7.0958000000000006,7.0998
1275,0.0562,0.0,0.0563,0.0101,0.9982238010657193,0.0,3.1968,0.0302,3.1966,0.0,0.0,0.0,0.0,3.1966,0.030199999999999998,3.2268,3.2242
1276,0.1618,0.0001,0.1619,0.0291,0.9993823347745523,0.0006176652254478073,8.5242,0.0839,8.5242,0.0,0.0,0.0,0.0,8.5242,0.0839,8.6081,8.6045
1277,0.1243,0.0,0.1244,0.0224,0.9991961414790996,0.0,7.4586,0.0311,7.4586,0.0,0.0,0.0,0.0,7.458600000000001,0.0311,7.489700000000001,7.4925
1278,0.0826,0.0002,0.0828,0.0149,0.997584541062802,0.002415458937198068,4.4592,0.1585,4.4592,0.0,0.0,0.0,0.0,4.4592,0.1585,4.6177,4.6207
1279,0.1731,0.0,0.1732,0.0312,0.9994226327944573,0.0,9.5898,0.0052,9.5897,0.0,0.0,0.0,0.0,9.5897,0.0052,9.5949,9.597
1280,0.0621,0.0053,0.0674,0.0121,0.9213649851632048,0.07863501483679525,3.273,3.6751,3.2729,0.0,0.0,0.0,0.0,3.2729,3.6751000000000005,6.948,6.9493
1281,0.0808,0.0013,0.0821,0.0148,0.9841656516443361,0.015834348355663823,4.3638,0.74,4.3636,0.0,0.0,0.0,0.0,4.363599999999999,0.7400000000000001,5.103599999999999,5.1015
1282,0.0676,0.0,0.0676,0.0122,1.0,0.0,3.4758,0.0047,3.4756,0.0,0.0,0.0,0.0,3.4756,0.004699999999999999,3.4803,3.484
1283,0.1682,0.0019,0.1701,0.0306,0.988830099941211,0.011169900058788948,9.0828,1.2502,9.0828,0.0,0.0,0.0,0.0,9.0828,1.2502,10.333,10.3336
1284,0.0955,0.0003,0.0957,0.0172,0.9979101358411704,0.003134796238244514,5.574,0.1533,5.5739,0.0,0.0,0.0,0.0,5.5739,0.15329999999999996,5.7272,5.7317
1285,0.1115,0.0004,0.1119,0.0201,0.996425379803396,0.003574620196604111,6.6888,0.2984,6.6886,0.0,0.0,0.0,0.0,6.688599999999999,0.2984,6.986999999999999,6.9859
1286,0.088,0.0009,0.0888,0.016,0.9909909909909909,0.010135135135135134,4.6344,0.5329,4.6341,0.0,0.0,0.0,0.0,4.6341,0.5329,5.167,5.164
1287,0.1502,0.0025,0.1527,0.0275,0.9836280288146693,0.016371971185330715,8.1096,1.536,8.1097,0.0001,0.0,0.0,0.0,8.109699999999998,1.536,9.645699999999998,9.6487
1288,0.1027,0.0001,0.1028,0.0185,0.9990272373540856,0.0009727626459143969,5.6862,0.0856,5.6862,0.0,0.0,0.0,0.0,5.6862,0.0856,5.771800000000001,5.7702
1289,0.0839,0.0039,0.0878,0.0158,0.9555808656036446,0.04441913439635535,4.53,2.5291,4.53,0.0,0.0,0.0,0.0,4.53,2.5290999999999997,7.0591,7.0571
1290,0.0987,0.0085,0.1072,0.0193,0.9207089552238805,0.07929104477611941,5.3274,5.609,5.3275,0.0001,0.0,0.0,0.0,5.327500000000001,5.608999999999999,10.936499999999999,10.9399
1291,0.0453,0.0,0.0453,0.0082,1.0,0.0,2.718,0.0213,2.7179,0.0,0.0,0.0,0.0,2.7178999999999998,0.0213,2.7392,2.739
1292,0.0621,0.0001,0.0622,0.0112,0.9983922829581994,0.0016077170418006433,3.624,0.0573,3.6237,0.0,0.0,0.0,0.0,3.6236999999999995,0.0573,3.6809999999999996,3.6765
1293,0.076,0.0001,0.0762,0.0137,0.9973753280839894,0.0013123359580052493,3.9108,0.0674,3.9108,0.0,0.0,0.0,0.0,3.9108000000000005,0.0674,3.9782000000000006,3.9733
1294,0.0562,0.004,0.0602,0.0108,0.9335548172757475,0.0664451827242525,3.1968,2.3907,3.1966,0.0,0.0,0.0,0.0,3.1966,2.3907,5.5873,5.5896
1295,0.073,0.0,0.073,0.0131,1.0,0.0,4.2618,0.0042,4.262,0.0002,0.0,0.0,0.0,4.2620000000000005,0.0042,4.2662,4.2703
1296,0.0837,0.0023,0.0859,0.0155,0.9743888242142025,0.02677532013969732,4.6344,1.4227,4.6341,0.0,0.0,0.0,0.0,4.6341,1.4226999999999999,6.0568,6.0563
1297,0.1716,0.0,0.1716,0.0309,1.0,0.0,9.2682,0.006,9.2682,0.0,0.0,0.0,0.0,9.2682,0.006000000000000001,9.2742,9.27
1298,0.1539,0.002,0.156,0.0281,0.9865384615384616,0.01282051282051282,8.1096,1.3257,8.1097,0.0001,0.0,0.0,0.0,8.109699999999998,1.3256999999999999,9.435399999999998,9.4346
1299,0.0622,0.0,0.0622,0.0112,1.0,0.0,3.5364,0.0138,3.5362,0.0,0.0,0.0,0.0,3.5362,0.0138,3.55,3.5491
1300,0.1337,0.0,0.1337,0.0241,1.0,0.0,7.8036,0.0057,7.8034,0.0,0.0,0.0,0.0,7.8034,0.0057,7.8091,7.8044
1301,0.0588,0.0,0.0588,0.0106,1.0,0.0,3.3444,0.0045,3.3443,0.0,0.0,0.0,0.0,3.3443,0.0045000000000000005,3.3488,3.3494
1302,0.0842,0.0,0.0843,0.0152,0.9988137603795967,0.0,4.5492,0.0093,4.5491,0.0,0.0,0.0,0.0,4.549099999999999,0.0093,4.558399999999999,4.5569
1303,0.164,0.0029,0.1669,0.03,0.9826243259436789,0.01737567405632115,9.0828,1.8099,9.083,0.0002,0.0,0.0,0.0,9.083,1.8099,10.892900000000001,10.8918
1304,0.0375,0.001,0.0385,0.0069,0.974025974025974,0.025974025974025976,2.0766,0.594,2.0768,0.0002,0.0,0.0,0.0,2.0768,0.5940000000000001,2.6708,2.6664
1305,0.0516,0.0009,0.0525,0.0095,0.9828571428571429,0.017142857142857144,2.9334,0.6102,2.9331,0.0,0.0,0.0,0.0,2.9331,0.6102000000000001,3.5433000000000003,3.5393
1306,0.0888,0.0015,0.0903,0.0163,0.9833887043189369,0.01661129568106312,5.3274,1.0273,5.3275,0.0001,0.0,0.0,0.0,5.3275,1.0272999999999999,6.354799999999999,6.3562
1307,0.2027,0.0,0.2028,0.0365,0.9995069033530571,0.0,10.4268,0.0125,10.4267,0.0,0.0,0.0,0.0,10.4267,0.0125,10.4392,10.4413
1308,0.1385,0.0007,0.1391,0.025,0.9956865564342201,0.00503235082674335,8.307,0.4143,8.307,0.0,0.0,0.0,0.0,8.307,0.4143,8.721300000000001,8.7216
1309,0.1532,0.0005,0.1538,0.0277,0.9960988296488947,0.0032509752925877766,8.0736,0.3093,8.0736,0.0,0.0,0.0,0.0,8.073599999999999,0.30929999999999996,8.3829,8.3878
1310,0.1643,0.0001,0.1643,0.0296,1.0,0.0006086427267194157,9.5898,0.0377,9.5897,0.0,0.0,0.0,0.0,9.5897,0.0377,9.6274,9.6323
1311,0.1073,0.0021,0.1094,0.0197,0.9808043875685558,0.019195612431444242,5.7924,1.3459,5.7926,0.0002,0.0,0.0,0.0,5.792599999999999,1.3459,7.1385,7.1398
1312,0.1601,0.0064,0.1665,0.03,0.9615615615615615,0.03843843843843844,9.3456,4.1667,9.3454,0.0,0.0,0.0,0.0,9.345400000000001,4.1667,13.5121,13.5156
1313,0.0815,0.0047,0.0863,0.0155,0.9443800695249132,0.054461181923522596,4.6344,3.165,4.634,0.0,0.0,0.0,0.0,4.634,3.165,7.799,7.797
1314,0.0951,0.0003,0.0954,0.0172,0.9968553459119497,0.003144654088050314,4.8888,0.1942,4.8886,0.0,0.0,0.0,0.0,4.8886,0.19420000000000004,5.082800000000001,5.0834
1315,0.0981,0.0,0.0981,0.0177,1.0,0.0,5.046,0.0094,5.046,0.0,0.0,0.0,0.0,5.046,0.0094,5.055400000000001,5.0527
1316,0.1301,0.0,0.1301,0.0234,1.0,0.0,7.8036,0.0246,7.8033,0.0,0.0,0.0,0.0,7.8033,0.024599999999999997,7.8279000000000005,7.8291
1317,0.0375,0.0,0.0375,0.0068,1.0,0.0,2.1312,0.0075,2.1312,0.0,0.0,0.0,0.0,2.1312,0.007500000000000001,2.1387,2.1353
1318,0.1236,0.0,0.1236,0.0222,1.0,0.0,6.8442,0.0139,6.8439,0.0,0.0,0.0,0.0,6.8439,0.013900000000000001,6.857799999999999,6.8528
1319,0.1468,0.0,0.1468,0.0264,1.0,0.0,7.548,0.0131,7.5477,0.0,0.0,0.0,0.0,7.547700000000001,0.0131,7.5608,7.5629
1320,0.0951,0.0001,0.0951,0.0171,1.0,0.0010515247108307045,4.8888,0.0609,4.8887,0.0,0.0,0.0,0.0,4.8887,0.060899999999999996,4.9496,4.9537
1321,0.0386,0.0005,0.0391,0.007,0.9872122762148338,0.01278772378516624,2.3172,0.3793,2.3172,0.0,0.0,0.0,0.0,2.3172,0.37929999999999997,2.6965000000000003,2.6949
1322,0.1093,0.0,0.1094,0.0197,0.9990859232175503,0.0,6.0552,0.0165,6.0554,0.0002,0.0,0.0,0.0,6.055400000000001,0.0165,6.0719,6.0763
1323,0.0742,0.0003,0.0745,0.0134,0.9959731543624162,0.004026845637583892,3.9108,0.1991,3.9108,0.0,0.0,0.0,0.0,3.9108000000000005,0.1991,4.1099000000000006,4.1117
1324,0.1616,0.0008,0.1624,0.0292,0.9950738916256158,0.004926108374384237,8.727,0.5491,8.7273,0.0003,0.0,0.0,0.0,8.7273,0.5490999999999999,9.276399999999999,9.2792
1325,0.0621,0.0,0.0621,0.0112,1.0,0.0,3.624,0.0115,3.624,0.0,0.0,0.0,0.0,3.624,0.0115,3.6355,3.6395
1326,0.0768,0.0011,0.0779,0.014,0.9858793324775352,0.0141206675224647,4.3638,0.684,4.3638,0.0,0.0,0.0,0.0,4.3637999999999995,0.6839999999999999,5.0478,5.0524
1327,0.1032,0.0013,0.1045,0.0188,0.9875598086124402,0.012440191387559809,5.8662,0.8228,5.8663,0.0001,0.0,0.0,0.0,5.866300000000001,0.8228,6.689100000000001,6.6871
1328,0.0353,0.0,0.0353,0.0064,1.0,0.0,1.9554,0.0063,1.9554,0.0,0.0,0.0,0.0,1.9554000000000002,0.0063,1.9617000000000002,1.9578
1329,0.1577,0.0004,0.1581,0.0285,0.9974699557242253,0.0025300442757748265,8.307,0.2785,8.307,0.0,0.0,0.0,0.0,8.307,0.2785,8.5855,8.5861
1330,0.1455,0.0001,0.1455,0.0262,1.0,0.0006872852233676976,8.4912,0.0488,8.4912,0.0,0.0,0.0,0.0,8.491200000000001,0.0488,8.540000000000001,8.5397
1331,0.1343,0.0059,0.1403,0.0253,0.9572344975053456,0.042052744119743406,7.6362,3.9695,7.6362,0.0,0.0,0.0,0.0,7.6362000000000005,3.9695,11.6057,11.6014
1332,0.0421,0.005,0.0471,0.0085,0.8938428874734606,0.10615711252653927,2.2746,3.1314,2.2746,0.0,0.0,0.0,0.0,2.2746,3.1314,5.406000000000001,5.4032
1333,0.0706,0.0001,0.0707,0.0127,0.9985855728429985,0.0014144271570014145,3.9108,0.066,3.911,0.0002,0.0,0.0,0.0,3.9110000000000005,0.066,3.9770000000000003,3.9766
1334,0.1514,0.0,0.1514,0.0272,1.0,0.0,9.0828,0.0052,9.0829,0.0001,0.0,0.0,0.0,9.0829,0.005200000000000001,9.0881,9.0892
1335,0.0913,0.0001,0.0914,0.0165,0.9989059080962802,0.0010940919037199126,5.1918,0.0467,5.1919,0.0001,0.0,0.0,0.0,5.1919,0.046700000000000005,5.238600000000001,5.242
1336,0.1485,0.0004,0.1489,0.0268,0.9973136333109469,0.002686366689053056,7.6362,0.2887,7.6364,0.0002,0.0,0.0,0.0,7.6364,0.2887,7.9251000000000005,7.9256
1337,0.1711,0.0001,0.1712,0.0308,0.9994158878504673,0.0005841121495327103,8.7996,0.0345,8.7995,0.0,0.0,0.0,0.0,8.7995,0.0345,8.834,8.8382
1338,0.0826,0.0001,0.0827,0.0149,0.9987908101571948,0.0012091898428053206,4.4592,0.0882,4.459,0.0,0.0,0.0,0.0,4.4590000000000005,0.0882,4.5472,4.5472
1339,0.0537,0.0,0.0537,0.0097,1.0,0.0,2.8302,0.0135,2.8305,0.0003,0.0,0.0,0.0,2.8305,0.0135,2.844,2.8436
1340,0.0808,0.0019,0.0826,0.0149,0.9782082324455205,0.02300242130750605,4.7148,1.296,4.7148,0.0,0.0,0.0,0.0,4.7148,1.296,6.010800000000001,6.009
1341,0.0353,0.0,0.0353,0.0064,1.0,0.0,1.9554,0.0034,1.9554,0.0,0.0,0.0,0.0,1.9554000000000002,0.0034000000000000002,1.9588000000000003,1.9592
1342,0.1177,0.0002,0.1179,0.0212,0.998303647158609,0.0016963528413910093,6.0552,0.1273,6.0553,0.0001,0.0,0.0,0.0,6.0553,0.1273,6.1826,6.1825
1343,0.1558,0.0,0.1558,0.028,1.0,0.0,9.3456,0.013,9.3454,0.0,0.0,0.0,0.0,9.3454,0.013,9.3584,9.3613
1344,0.0931,0.0006,0.0937,0.0169,0.9935965848452508,0.006403415154749199,5.436,0.3852,5.436,0.0,0.0,0.0,0.0,5.436,0.3852,5.8212,5.8202
1345,0.161,0.0,0.1611,0.029,0.9993792675356922,0.0,8.9184,0.0246,8.9181,0.0,0.0,0.0,0.0,8.918099999999999,0.024599999999999997,8.942699999999999,8.9455
1346,0.0619,0.0003,0.0622,0.0112,0.995176848874598,0.004823151125401929,3.3444,0.1855,3.3443,0.0,0.0,0.0,0.0,3.3442999999999996,0.1855,3.5298,3.5325
1347,0.0502,0.0,0.0503,0.009,0.9980119284294235,0.0,2.9334,0.0135,2.9332,0.0,0.0,0.0,0.0,2.9332000000000003,0.0135,2.9467000000000003,2.945
1348,0.1309,0.0031,0.134,0.0241,0.976865671641791,0.023134328358208955,7.248,2.0885,7.248,0.0,0.0,0.0,0.0,7.248,2.0885,9.336500000000001,9.3326
1349,0.0327,0.0061,0.0388,0.007,0.8427835051546392,0.15721649484536082,1.812,3.9986,1.8119,0.0,0.0,0.0,0.0,1.8119,3.9986,5.8105,5.8104
1350,0.0485,0.0,0.0485,0.0087,1.0,0.0,2.8302,0.0034,2.8303,0.0001,0.0,0.0,0.0,2.8303000000000003,0.0034,2.8337000000000003,2.831
1351,0.0742,0.0,0.0743,0.0134,0.9986541049798116,0.0,3.9108,0.0269,3.911,0.0002,0.0,0.0,0.0,3.911,0.0269,3.9379,3.933
1352,0.0358,0.0002,0.036,0.0065,0.9944444444444445,0.005555555555555557,1.887,0.1165,1.887,0.0,0.0,0.0,0.0,1.887,0.11649999999999999,2.0035,2.0034
1353,0.0766,0.002,0.0786,0.0141,0.9745547073791349,0.02544529262086514,4.0368,1.1505,4.0368,0.0,0.0,0.0,0.0,4.0367999999999995,1.1504999999999999,5.1873,5.191
1354,0.1768,0.0,0.1768,0.0318,1.0,0.0,10.6086,0.0115,10.6084,0.0,0.0,0.0,0.0,10.608400000000001,0.0115,10.619900000000001,10.6201
1355,0.1308,0.0014,0.1322,0.0238,0.9894099848714069,0.01059001512859304,7.0644,0.9153,7.0644,0.0,0.0,0.0,0.0,7.064400000000001,0.9152999999999999,7.979700000000001,7.9795
1356,0.1416,0.0074,0.149,0.0268,0.9503355704697988,0.049664429530201344,7.4586,4.9673,7.4587,0.0001,0.0,0.0,0.0,7.4587,4.9673,12.426,12.4273
1357,0.1685,0.0016,0.1701,0.0306,0.9905937683715462,0.00940623162845385,9.0978,1.0999,9.0981,0.0003,0.0,0.0,0.0,9.0981,1.0998999999999999,10.198,10.1992
1358,0.0375,0.0001,0.0376,0.0068,0.9973404255319148,0.0026595744680851063,2.0766,0.0691,2.0766,0.0,0.0,0.0,0.0,2.0766,0.06910000000000001,2.1457,2.1498
1359,0.0472,0.0001,0.0472,0.0085,1.0,0.00211864406779661,2.8302,0.0463,2.8304,0.0002,0.0,0.0,0.0,2.8304,0.0463,2.8767,2.8771
1360,0.0794,0.0,0.0794,0.0143,1.0,0.0,4.6344,0.0065,4.6339,0.0,0.0,0.0,0.0,4.633900000000001,0.0065,4.6404000000000005,4.6371
1361,0.1119,0.0001,0.112,0.0202,0.9991071428571429,0.0008928571428571428,5.8938,0.0525,5.8936,0.0,0.0,0.0,0.0,5.893599999999999,0.0525,5.9460999999999995,5.9466
1362,0.0805,0.0005,0.081,0.0146,0.9938271604938271,0.006172839506172839,4.4592,0.33,4.4592,0.0,0.0,0.0,0.0,4.4592,0.33,4.7892,4.7919
1363,0.1437,0.0096,0.1533,0.0276,0.9373776908023483,0.06262230919765166,7.9608,6.3799,7.9607,0.0,0.0,0.0,0.0,7.960699999999999,6.379899999999999,14.340599999999998,14.3432
1364,0.1385,0.0008,0.1393,0.0251,0.994256999282125,0.00574300071787509,8.307,0.4963,8.3068,0.0,0.0,0.0,0.0,8.3068,0.49629999999999996,8.8031,8.8051
1365,0.2063,0.0,0.2063,0.0371,1.0,0.0,10.6086,0.0254,10.6084,0.0,0.0,0.0,0.0,10.6084,0.0254,10.633799999999999,10.6343
1366,0.0628,0.0097,0.0724,0.013,0.867403314917127,0.13397790055248618,3.4758,5.9381,4.4758,1.0,0.0,0.0,0.0,4.4758000000000004,5.9381,10.413900000000002,10.411
1367,0.1682,0.01,0.1782,0.0321,0.9438832772166105,0.05611672278338945,9.8184,5.8973,9.8184,0.0,0.0,0.0,0.0,9.8184,5.8973,15.715700000000002,15.7172
1368,0.1448,0.0007,0.1455,0.0262,0.9951890034364262,0.004810996563573883,7.8216,0.4355,7.8217,0.0001,0.0,0.0,0.0,7.821700000000001,0.4355,8.257200000000001,8.2605
1369,0.1759,0.0093,0.1852,0.0333,0.9497840172786177,0.050215982721382287,9.2682,5.522,9.2682,0.0,0.0,0.0,0.0,9.2682,5.522,14.7902,14.7926
1370,0.1115,0.0,0.1115,0.0201,1.0,0.0,6.6888,0.0054,6.6887,0.0,0.0,0.0,0.0,6.6887,0.0054,6.6941,6.6939
1371,0.0962,0.0001,0.0963,0.0173,0.9989615784008307,0.001038421599169263,5.3274,0.0805,5.3275,0.0001,0.0,0.0,0.0,5.3275,0.0805,5.4079999999999995,5.4036
1372,0.1866,0.0,0.1867,0.0336,0.9994643813604712,0.0,10.6086,0.0259,10.6085,0.0,0.0,0.0,0.0,10.608500000000001,0.0259,10.634400000000001,10.6382
1373,0.0982,0.0098,0.1081,0.0195,0.9084181313598519,0.09065679925994449,5.8938,6.3675,6.8935,0.9997,0.0,0.0,0.0,6.893499999999999,6.3675,13.261,13.2597
1374,0.0755,0.0004,0.0759,0.0137,0.9947299077733861,0.005270092226613966,4.53,0.298,4.5299,0.0,0.0,0.0,0.0,4.5299000000000005,0.298,4.8279000000000005,4.8236
1375,0.1342,0.0001,0.1344,0.0242,0.9985119047619049,0.0007440476190476191,7.248,0.0863,7.2479,0.0,0.0,0.0,0.0,7.2479,0.0863,7.334199999999999,7.3295
1376,0.1931,0.0083,0.2013,0.0362,0.95926477893691,0.04123199205166418,10.4268,5.9476,10.4268,0.0,0.0,0.0,0.0,10.4268,5.9475999999999996,16.3744,16.3747
1377,0.1731,0.0,0.1732,0.0312,0.9994226327944573,0.0,9.5898,0.0038,9.5897,0.0,0.0,0.0,0.0,9.5897,0.0038,9.5935,9.5932
1378,0.1011,0.0085,0.1097,0.0197,0.9216043755697355,0.07748404740200547,5.3274,5.2216,5.3276,0.0002,0.0,0.0,0.0,5.3275999999999994,5.2216000000000005,10.549199999999999,10.552
1379,0.0543,0.0029,0.0573,0.0103,0.9476439790575917,0.0506108202443281,2.9334,1.7116,2.9329,0.0,0.0,0.0,0.0,2.9328999999999996,1.7116,4.6445,4.6405
1380,0.0592,0.0008,0.06,0.0108,0.9866666666666667,0.013333333333333334,3.1968,0.4931,3.1966,0.0,0.0,0.0,0.0,3.1966,0.4931,3.6897,3.6861
1381,0.179,0.0005,0.1795,0.0323,0.9972144846796658,0.002785515320334262,9.4296,0.3103,9.4297,0.0001,0.0,0.0,0.0,9.4297,0.3103,9.74,9.7433
1382,0.1342,0.0,0.1342,0.0242,1.0,0.0,7.248,0.0148,7.2479,0.0,0.0,0.0,0.0,7.2479000000000005,0.014799999999999999,7.262700000000001,7.2604
1383,0.0375,0.0004,0.0379,0.0068,0.9894459102902373,0.010554089709762533,2.0766,0.2555,2.0767,0.0001,0.0,0.0,0.0,2.0767,0.2555,2.3322000000000003,2.337
1384,0.0404,0.0,0.0404,0.0073,1.0,0.0,2.3574,0.0242,2.3574,0.0,0.0,0.0,0.0,2.3574,0.0242,2.3816,2.3816
1385,0.1389,0.0,0.1389,0.025,1.0,0.0,8.1096,0.0056,8.1096,0.0,0.0,0.0,0.0,8.109599999999999,0.0056,8.115199999999998,8.1136
1386,0.1343,0.001,0.1354,0.0244,0.9918759231905466,0.007385524372230429,7.6362,0.6186,7.6363,0.0001,0.0,0.0,0.0,7.6363,0.6185999999999999,8.254900000000001,8.2505
1387,0.1223,0.0002,0.1225,0.0221,0.9983673469387756,0.0016326530612244899,6.6042,0.1374,6.6043,0.0001,0.0,0.0,0.0,6.6043,0.1374,6.741700000000001,6.7382
1388,0.1753,0.0011,0.1764,0.0318,0.993764172335601,0.006235827664399093,10.2354,0.7638,10.2352,0.0,0.0,0.0,0.0,10.235199999999999,0.7638,10.998999999999999,10.9998
1389,0.0681,0.0021,0.0702,0.0126,0.97008547008547,0.029914529914529912,3.774,1.4525,3.774,0.0,0.0,0.0,0.0,3.774,1.4525,5.2265,5.2281
1390,0.1363,0.0057,0.142,0.0256,0.9598591549295776,0.04014084507042254,7.548,3.5035,7.5479,0.0,0.0,0.0,0.0,7.5479,3.5035,11.051400000000001,11.0563
1391,0.0758,0.0,0.0758,0.0137,1.0,0.0,4.5492,0.0158,4.549,0.0,0.0,0.0,0.0,4.5489999999999995,0.0158,4.564799999999999,4.5637
1392,0.0356,0.0001,0.0356,0.0064,1.0,0.002808988764044944,2.0766,0.0368,2.0767,0.0001,0.0,0.0,0.0,2.0767,0.0368,2.1135,2.1117
1393,0.1616,0.0043,0.1659,0.0299,0.974080771549126,0.02591922845087402,8.727,2.8179,8.7272,0.0002,0.0,0.0,0.0,8.7272,2.8179,11.5451,11.5489
1394,0.1774,0.0002,0.1776,0.032,0.9988738738738738,0.0011261261261261261,9.3456,0.151,9.3455,0.0,0.0,0.0,0.0,9.345500000000001,0.151,9.496500000000001,9.4925
1395,0.1255,0.0118,0.1373,0.0247,0.9140568099053168,0.08594319009468317,6.951,7.4763,6.951,0.0,0.0,0.0,0.0,6.9510000000000005,7.4763,14.4273,14.4263
1396,0.1154,0.0043,0.1198,0.0216,0.9632721202003339,0.03589315525876461,6.393,2.7409,6.393,0.0,0.0,0.0,0.0,6.393,2.7409,9.1339,9.1337
1397,0.1693,0.0,0.1693,0.0305,1.0,0.0,8.9184,0.0066,8.9179,0.0,0.0,0.0,0.0,8.9179,0.0066,8.9245,8.9223
1398,0.0652,0.0,0.0652,0.0117,1.0,0.0,3.9108,0.0067,3.9108,0.0,0.0,0.0,0.0,3.9108000000000005,0.0067,3.9175000000000004,3.9149
1399,0.0688,0.0,0.0688,0.0124,1.0,0.0,3.9108,0.0038,3.9109,0.0001,0.0,0.0,0.0,3.9109000000000003,0.0038,3.9147000000000003,3.9121
1400,0.1276,0.0002,0.1278,0.023,0.9984350547730829,0.001564945226917058,7.0644,0.1584,7.0645,0.0001,0.0,0.0,0.0,7.064500000000001,0.15839999999999999,7.222900000000001,7.2277
1401,0.1569,0.0004,0.1573,0.0283,0.9974570883661794,0.0025429116338207248,8.9184,0.3039,8.9183,0.0,0.0,0.0,0.0,8.918299999999999,0.3039,9.222199999999999,9.2248
1402,0.1883,0.0003,0.1886,0.0339,0.9984093319194062,0.0015906680805938495,10.4268,0.1907,10.4267,0.0,0.0,0.0,0.0,10.4267,0.19069999999999998,10.6174,10.6164
1403,0.1038,0.0001,0.1039,0.0187,0.9990375360923965,0.0009624639076034648,6.2304,0.0354,6.2302,0.0,0.0,0.0,0.0,6.2302,0.0354,6.2656,6.2648
1404,0.1341,0.0,0.1341,0.0241,1.0,0.0,7.0644,0.0045,7.0644,0.0,0.0,0.0,0.0,7.064400000000001,0.0045000000000000005,7.068900000000001,7.0723
1405,0.0619,0.0002,0.0622,0.0112,0.995176848874598,0.0032154340836012866,3.3444,0.1428,3.3443,0.0,0.0,0.0,0.0,3.3442999999999996,0.1428,3.4870999999999994,3.489
1406,0.1703,0.0001,0.1703,0.0307,1.0,0.0005871990604815032,9.4296,0.0443,9.4296,0.0,0.0,0.0,0.0,9.4296,0.0443,9.4739,9.476
1407,0.0604,0.0111,0.0715,0.0129,0.8447552447552449,0.15524475524475526,3.3444,6.5133,3.3444,0.0,0.0,0.0,0.0,3.3444,6.5133,9.8577,9.8614
1408,0.1979,0.0019,0.1998,0.036,0.9904904904904904,0.009509509509509509,10.4268,1.326,10.4268,0.0,0.0,0.0,0.0,10.4268,1.3259999999999998,11.7528,11.7483
1409,0.0681,0.0001,0.0682,0.0123,0.998533724340176,0.0014662756598240471,3.774,0.0457,3.774,0.0,0.0,0.0,0.0,3.774,0.045700000000000005,3.8197,3.8165
1410,0.0375,0.0014,0.0389,0.007,0.9640102827763497,0.03598971722365039,2.0766,0.8954,2.0768,0.0002,0.0,0.0,0.0,2.0768,0.8954,2.9722,2.9722
1411,0.1277,0.0001,0.1278,0.023,0.9992175273865416,0.000782472613458529,7.0722,0.0505,7.0722,0.0,0.0,0.0,0.0,7.0722000000000005,0.050499999999999996,7.122700000000001,7.1183
1412,0.0611,0.0001,0.0612,0.011,0.9983660130718955,0.0016339869281045752,3.4758,0.0405,3.4758,0.0,0.0,0.0,0.0,3.4758,0.0405,3.5163,3.5161
1413,0.1644,0.0001,0.1645,0.0296,0.9993920972644376,0.0006079027355623101,9.3456,0.052,9.3455,0.0,0.0,0.0,0.0,9.345500000000001,0.052000000000000005,9.3975,9.3993
1414,0.1192,0.0,0.1192,0.0215,1.0,0.0,6.6042,0.0037,6.6043,0.0001,0.0,0.0,0.0,6.6043,0.0036999999999999997,6.6080000000000005,6.604
1415,0.0937,0.0,0.0938,0.0169,0.9989339019189767,0.0,5.3274,0.0221,5.3275,0.0001,0.0,0.0,0.0,5.327500000000001,0.022099999999999998,5.349600000000001,5.3475
1416,0.1768,0.0,0.1768,0.0318,1.0,0.0,10.6086,0.0181,10.6084,0.0,0.0,0.0,0.0,10.6084,0.018099999999999998,10.6265,10.6241
1417,0.1693,0.0031,0.1724,0.031,0.9820185614849188,0.017981438515081206,8.9184,2.2613,8.9181,0.0,0.0,0.0,0.0,8.918099999999999,2.2613,11.1794,11.1768
1418,0.1244,0.0002,0.1246,0.0224,0.9983948635634028,0.0016051364365971107,7.0722,0.1022,7.0722,0.0,0.0,0.0,0.0,7.0722000000000005,0.10219999999999999,7.1744,7.1784
1419,0.0671,0.0018,0.069,0.0124,0.972463768115942,0.02608695652173913,3.624,1.2773,3.624,0.0,0.0,0.0,0.0,3.624,1.2773,4.9013,4.9002
1420,0.0818,0.0,0.0818,0.0147,1.0,0.0,4.53,0.0119,4.53,0.0,0.0,0.0,0.0,4.53,0.011899999999999999,4.5419,4.5454
1421,0.0576,0.0,0.0576,0.0104,1.0,0.0,3.273,0.0177,3.2728,0.0,0.0,0.0,0.0,3.2728,0.0177,3.2905,3.2915
1422,0.179,0.0,0.179,0.0322,1.0,0.0,9.4296,0.0058,9.4296,0.0,0.0,0.0,0.0,9.4296,0.0058,9.435400000000001,9.4388
1423,0.0591,0.0007,0.0599,0.0108,0.9866444073455759,0.011686143572621035,3.1152,0.446,3.1152,0.0,0.0,0.0,0.0,3.1152,0.446,3.5612000000000004,3.5654
1424,0.1101,0.0002,0.1103,0.0199,0.9981867633726202,0.0018132366273798733,5.661,0.1292,5.6609,0.0,0.0,0.0,0.0,5.660900000000001,0.1292,5.790100000000001,5.7897
1425,0.1137,0.0002,0.114,0.0205,0.9973684210526315,0.0017543859649122807,6.8238,0.1559,6.8235,0.0,0.0,0.0,0.0,6.823499999999999,0.15589999999999998,6.979399999999999,6.9807
1426,0.0727,0.0,0.0727,0.0131,1.0,0.0,4.3638,0.0093,4.3637,0.0,0.0,0.0,0.0,4.3637,0.0093,4.372999999999999,4.3686
1427,0.1569,0.0018,0.1587,0.0286,0.9886578449905482,0.011342155009451795,8.9184,1.2219,8.9183,0.0,0.0,0.0,0.0,8.9183,1.2219000000000002,10.1402,10.1377
1428,0.157,0.0,0.157,0.0283,1.0,0.0,8.0736,0.0045,8.0736,0.0,0.0,0.0,0.0,8.073599999999999,0.0045,8.0781,8.077
1429,0.1036,0.0001,0.1037,0.0187,0.9990356798457087,0.0009643201542912247,5.3274,0.0739,5.3275,0.0001,0.0,0.0,0.0,5.327500000000001,0.0739,5.401400000000001,5.4028
1430,0.0779,0.0,0.078,0.014,0.9987179487179487,0.0,4.5492,0.0195,4.549,0.0,0.0,0.0,0.0,4.5489999999999995,0.019500000000000003,4.568499999999999,4.5706
1431,0.1279,0.0017,0.1295,0.0233,0.9876447876447877,0.013127413127413126,7.2684,1.0469,7.2684,0.0,0.0,0.0,0.0,7.268400000000001,1.0469,8.3153,8.3114
1432,0.1458,0.0005,0.1462,0.0263,0.997264021887825,0.003419972640218878,8.0736,0.2961,8.0737,0.0001,0.0,0.0,0.0,8.073699999999999,0.2961,8.369799999999998,8.3659
1433,0.0547,0.0002,0.0548,0.0099,0.9981751824817517,0.0036496350364963502,3.0276,0.1233,3.0276,0.0,0.0,0.0,0.0,3.0276,0.12329999999999999,3.1509,3.1553
1434,0.15,0.0007,0.1507,0.0271,0.9953550099535501,0.0046449900464499,8.5242,0.4836,8.5241,0.0,0.0,0.0,0.0,8.5241,0.4836000000000001,9.007700000000002,9.006
1435,0.1121,0.0,0.1122,0.0202,0.9991087344028522,0.0,6.5454,0.0226,6.5454,0.0,0.0,0.0,0.0,6.545399999999999,0.022600000000000002,6.567999999999999,6.5638
1436,0.1866,0.0095,0.1961,0.0353,0.9515553289138194,0.04844467108618052,10.6086,6.3694,10.6086,0.0,0.0,0.0,0.0,10.608600000000001,6.369400000000001,16.978,16.9795
1437,0.067,0.0006,0.0676,0.0122,0.9911242603550298,0.008875739644970414,3.9108,0.3897,3.9108,0.0,0.0,0.0,0.0,3.9108000000000005,0.38970000000000005,4.3005,4.3005
1438,0.086,0.0011,0.0871,0.0157,0.9873708381171067,0.012629161882893227,4.53,0.7626,4.53,0.0,0.0,0.0,0.0,4.53,0.7626000000000001,5.2926,5.2929
1439,0.0576,0.0006,0.0581,0.0105,0.9913941480206541,0.010327022375215145,3.273,0.3992,3.2729,0.0,0.0,0.0,0.0,3.2729,0.3992,3.6721,3.6724
1440,0.1521,0.0002,0.1523,0.0274,0.9986868023637558,0.0013131976362442549,7.8216,0.1205,7.8218,0.0002,0.0,0.0,0.0,7.821800000000001,0.12049999999999998,7.942300000000001,7.9463
1441,0.0934,0.0005,0.0939,0.0169,0.9946751863684771,0.005324813631522897,5.4546,0.3103,5.4546,0.0,0.0,0.0,0.0,5.454600000000001,0.3103,5.764900000000001,5.7617
1442,0.0395,0.0,0.0395,0.0071,1.0,0.0,2.1312,0.0127,2.1309,0.0,0.0,0.0,0.0,2.1309,0.012700000000000001,2.1436,2.1474
1443,0.1211,0.0007,0.1219,0.0219,0.9934372436423298,0.005742411812961444,7.2684,0.4867,7.2686,0.0002,0.0,0.0,0.0,7.2686,0.4867,7.7553,7.7598
1444,0.1295,0.0,0.1295,0.0233,1.0,0.0,6.8238,0.0095,6.8236,0.0,0.0,0.0,0.0,6.823599999999999,0.009499999999999998,6.833099999999999,6.837
1445,0.1437,0.0082,0.152,0.0274,0.9453947368421053,0.05394736842105264,7.9608,4.6878,7.9608,0.0,0.0,0.0,0.0,7.960800000000001,4.6878,12.648600000000002,12.6462
1446,0.1615,0.0015,0.1631,0.0294,0.9901900674432864,0.009196811771919068,8.307,1.0022,8.3069,0.0,0.0,0.0,0.0,8.3069,1.0022,9.3091,9.3059
1447,0.1618,0.0039,0.1657,0.0298,0.9764634882317442,0.023536511768255886,8.5242,2.4856,8.5241,0.0,0.0,0.0,0.0,8.5241,2.4856,11.0097,11.0085
1448,0.0335,0.0001,0.0336,0.006,0.9970238095238096,0.0029761904761904765,1.9554,0.0623,1.9554,0.0,0.0,0.0,0.0,1.9554000000000002,0.06230000000000001,2.0177,2.0129
1449,0.0606,0.0009,0.0615,0.0111,0.9853658536585366,0.014634146341463414,3.273,0.6042,3.2729,0.0,0.0,0.0,0.0,3.2729000000000004,0.6042000000000001,3.8771000000000004,3.8737
1450,0.1415,0.0021,0.1436,0.0258,0.985376044568245,0.014623955431754872,8.4912,1.3988,8.4914,0.0002,0.0,0.0,0.0,8.4914,1.3987999999999998,9.8902,9.8919
1451,0.0534,0.0,0.0534,0.0096,1.0,0.0,3.1152,0.0271,3.1152,0.0,0.0,0.0,0.0,3.1152,0.027100000000000003,3.1423,3.1433
1452,0.0346,0.0,0.0347,0.0062,0.9971181556195965,0.0,2.0766,0.0286,2.0766,0.0,0.0,0.0,0.0,2.0766,0.0286,2.1052,2.1035
1453,0.1481,0.0,0.1481,0.0267,1.0,0.0,7.8036,0.0049,7.8035,0.0,0.0,0.0,0.0,7.8035000000000005,0.004900000000000001,7.808400000000001,7.8059
1454,0.0432,0.0012,0.0444,0.008,0.972972972972973,0.027027027027027025,2.2746,0.7514,2.2745,0.0,0.0,0.0,0.0,2.2744999999999997,0.7514,3.0258999999999996,3.0218
1455,0.1528,0.0,0.1528,0.0275,1.0,0.0,8.2512,0.0103,8.2509,0.0,0.0,0.0,0.0,8.2509,0.0103,8.2612,8.2591
1456,0.1615,0.0025,0.1641,0.0295,0.9841560024375381,0.015234613040828763,9.4296,1.6343,9.4297,0.0001,0.0,0.0,0.0,9.4297,1.6343,11.064,11.06
1457,0.1528,0.0002,0.153,0.0275,0.9986928104575163,0.0013071895424836603,8.2512,0.1164,8.2512,0.0,0.0,0.0,0.0,8.251199999999999,0.1164,8.3676,8.3716
1458,0.0411,0.0,0.0411,0.0074,1.0,0.0,2.2746,0.0123,2.2746,0.0,0.0,0.0,0.0,2.2746,0.0123,2.2869,2.2829
1459,0.0353,0.0001,0.0354,0.0064,0.9971751412429378,0.002824858757062147,1.9554,0.0548,1.9554,0.0,0.0,0.0,0.0,1.9554000000000002,0.0548,2.0102,2.0111
1460,0.1057,0.0003,0.106,0.0191,0.9971698113207548,0.002830188679245283,6.342,0.1983,6.342,0.0,0.0,0.0,0.0,6.3420000000000005,0.1983,6.5403,6.5383
1461,0.1035,0.001,0.1045,0.0188,0.9904306220095693,0.009569377990430623,5.4546,0.6132,5.4545,0.0,0.0,0.0,0.0,5.454500000000001,0.6132,6.067700000000001,6.0726
1462,0.1048,0.0054,0.1103,0.0198,0.9501359927470535,0.04895738893925658,5.661,3.7673,5.6609,0.0,0.0,0.0,0.0,5.660900000000001,3.7673,9.4282,9.4254
1463,0.1064,0.0058,0.1122,0.0202,0.948306595365419,0.0516934046345811,5.8938,3.606,5.8935,0.0,0.0,0.0,0.0,5.893499999999999,3.6060000000000003,9.4995,9.5029
1464,0.0606,0.0085,0.069,0.0124,0.8782608695652173,0.12318840579710144,3.5364,5.2844,3.5362,0.0,0.0,0.0,0.0,3.5362,5.284400000000001,8.8206,8.8159
1465,0.0442,0.0001,0.0443,0.008,0.997742663656885,0.0022573363431151244,2.2746,0.0374,2.2746,0.0,0.0,0.0,0.0,2.2746,0.0374,2.312,2.3091
1466,0.0858,0.0003,0.0861,0.0155,0.9965156794425087,0.003484320557491289,4.6344,0.1636,4.634,0.0,0.0,0.0,0.0,4.634,0.16360000000000002,4.7976,4.8015
1467,0.1177,0.0009,0.1186,0.0214,0.9924114671163575,0.007588532883642495,6.0552,0.5743,6.0553,0.0001,0.0,0.0,0.0,6.055300000000001,0.5743,6.629600000000001,6.6311
1468,0.1373,0.0001,0.1374,0.0247,0.9992721979621544,0.000727802037845706,7.8036,0.0435,7.8035,0.0,0.0,0.0,0.0,7.8035,0.0435,7.8469999999999995,7.843
1469,0.1131,0.0,0.1131,0.0204,1.0,0.0,6.6042,0.0127,6.6042,0.0,0.0,0.0,0.0,6.6042,0.012700000000000001,6.616899999999999,6.6208
1470,0.0826,0.0039,0.0865,0.0156,0.954913294797688,0.04508670520231214,4.4592,2.6229,4.4589,0.0,0.0,0.0,0.0,4.4589,2.6229,7.081799999999999,7.0833
1471,0.0944,0.0014,0.0957,0.0172,0.9864158829676072,0.014629049111807733,5.661,0.9223,5.6608,0.0,0.0,0.0,0.0,5.6608,0.9223,6.5831,6.5829
1472,0.1126,0.0003,0.113,0.0203,0.9964601769911504,0.0026548672566371677,5.7924,0.2069,5.7927,0.0003,0.0,0.0,0.0,5.7927,0.20690000000000003,5.9996,6.0014
1473,0.161,0.0008,0.1618,0.0291,0.9950556242274413,0.004944375772558715,8.9184,0.5068,8.9181,0.0,0.0,0.0,0.0,8.918099999999999,0.5068,9.4249,9.4271
1474,0.1931,0.0,0.1931,0.0348,1.0,0.0,10.4268,0.0121,10.4268,0.0,0.0,0.0,0.0,10.4268,0.0121,10.4389,10.4399
1475,0.1502,0.0018,0.152,0.0274,0.9881578947368421,0.011842105263157895,8.1096,1.2916,8.1096,0.0,0.0,0.0,0.0,8.109599999999999,1.2915999999999999,9.4012,9.399
1476,0.0805,0.0004,0.0809,0.0146,0.9950556242274413,0.004944375772558715,4.4592,0.2416,4.459,0.0,0.0,0.0,0.0,4.459,0.24160000000000004,4.7006,4.6989
1477,0.0394,0.0015,0.0409,0.0074,0.9633251833740831,0.03667481662591687,2.0766,0.9496,2.0766,0.0,0.0,0.0,0.0,2.0766,0.9496,3.0262000000000002,3.0288
1478,0.1177,0.0,0.1178,0.0212,0.999151103565365,0.0,7.0644,0.0335,7.0645,0.0001,0.0,0.0,0.0,7.064500000000001,0.0335,7.098000000000001,7.0954
1479,0.0917,0.0,0.0917,0.0165,1.0,0.0,4.7148,0.0058,4.7148,0.0,0.0,0.0,0.0,4.7148,0.0058000000000000005,4.7206,4.7187
1480,0.1848,0.0005,0.1853,0.0334,0.9973016729627631,0.002698327037236913,10.2354,0.309,10.2353,0.0,0.0,0.0,0.0,10.2353,0.30900000000000005,10.5443,10.5415
1481,0.1342,0.0026,0.1368,0.0246,0.9809941520467836,0.019005847953216373,7.0722,1.7637,7.0723,0.0001,0.0,0.0,0.0,7.0723,1.7637000000000003,8.836,8.8403
1482,0.1352,0.001,0.1362,0.0245,0.9926578560939794,0.007342143906020559,8.1096,0.6488,8.1097,0.0001,0.0,0.0,0.0,8.109699999999998,0.6487999999999999,8.758499999999998,8.7587
1483,0.0403,0.0002,0.0405,0.0073,0.9950617283950618,0.0049382716049382715,2.2296,0.1416,2.2295,0.0,0.0,0.0,0.0,2.2295,0.1416,2.3710999999999998,2.3697
1484,0.0987,0.0033,0.1019,0.0183,0.9685966633954857,0.0323846908734053,5.3274,2.0474,5.3277,0.0003,0.0,0.0,0.0,5.3277,2.0473999999999997,7.3751,7.3725
1485,0.0382,0.0,0.0382,0.0069,1.0,0.0,2.2296,0.0259,2.2294,0.0,0.0,0.0,0.0,2.2294,0.025899999999999996,2.2553,2.2586
1486,0.0673,0.0004,0.0677,0.0122,0.9940915805022157,0.005908419497784343,4.0368,0.2883,4.0369,0.0001,0.0,0.0,0.0,4.0369,0.2883,4.325200000000001,4.3213
1487,0.0395,0.0024,0.0419,0.0075,0.9427207637231504,0.05727923627684964,2.1312,1.5661,2.1311,0.0,0.0,0.0,0.0,2.1311,1.5661,3.6972,3.7009
1488,0.1113,0.0,0.1114,0.02,0.9991023339317774,0.0,5.8662,0.0082,5.8664,0.0002,0.0,0.0,0.0,5.8664000000000005,0.0082,5.874600000000001,5.8783
1489,0.1858,0.0001,0.1859,0.0335,0.9994620763851532,0.0005379236148466917,10.0326,0.0767,10.0326,0.0,0.0,0.0,0.0,10.0326,0.0767,10.109300000000001,10.1055
1490,0.1308,0.0002,0.131,0.0236,0.998473282442748,0.0015267175572519084,7.0644,0.1313,7.0644,0.0,0.0,0.0,0.0,7.064400000000001,0.1313,7.195700000000001,7.1953
1491,0.1866,0.0055,0.1921,0.0346,0.9713690786048933,0.028630921395106715,10.6086,3.5908,10.6085,0.0,0.0,0.0,0.0,10.608500000000001,3.5907999999999998,14.199300000000001,14.196
1492,0.1058,0.0005,0.1063,0.0191,0.9952963311382879,0.004703668861712135,5.574,0.3284,5.5737,0.0,0.0,0.0,0.0,5.5737000000000005,0.32839999999999997,5.902100000000001,5.9014
1493,0.0996,0.0,0.0996,0.0179,1.0,0.0,5.661,0.0033,5.6609,0.0,0.0,0.0,0.0,5.6609,0.0033,5.6642,5.6671
1494,0.0909,0.0,0.0909,0.0164,1.0,0.0,5.4546,0.0217,5.4546,0.0,0.0,0.0,0.0,5.454600000000001,0.0217,5.476300000000001,5.4716
1495,0.0584,0.0011,0.0595,0.0107,0.9815126050420169,0.018487394957983194,3.4116,0.6298,3.4116,0.0,0.0,0.0,0.0,3.4116,0.6298000000000001,4.0414,4.0364
1496,0.2027,0.0014,0.2042,0.0367,0.9926542605288933,0.0068560235063663075,10.4268,0.8202,10.4268,0.0,0.0,0.0,0.0,10.4268,0.8201999999999999,11.247,11.2425
1497,0.1601,0.003,0.1631,0.0294,0.9816063764561619,0.018393623543838136,9.3456,1.9978,9.3455,0.0,0.0,0.0,0.0,9.3455,1.9978,11.3433,11.3384
1498,0.0619,0.0023,0.0642,0.0116,0.9641744548286605,0.03582554517133957,3.3444,1.5234,3.3444,0.0,0.0,0.0,0.0,3.3444,1.5234,4.8678,4.8712
1499,0.0808,0.0,0.0808,0.0145,1.0,0.0,4.1532,0.005,4.1535,0.0003,0.0,0.0,0.0,4.1535,0.005,4.1585,4.1594
1500,0.1437,0.0015,0.1453,0.0261,0.988988300068823,0.01032346868547832,7.9608,1.0189,7.9608,0.0,0.0,0.0,0.0,7.960800000000001,1.0189000000000001,8.979700000000001,8.9811
1501,0.0414,0.0097,0.0511,0.0092,0.8101761252446184,0.18982387475538162,2.1816,6.2889,2.1818,0.0002,0.0,0.0,0.0,2.1818,6.288899999999999,8.470699999999999,8.4672
1502,0.0639,0.0034,0.0673,0.0121,0.9494799405646359,0.05052005943536404,3.5364,2.2693,3.5364,0.0,0.0,0.0,0.0,3.5364,2.2693,5.8057,5.8022
1503,0.0769,0.0,0.077,0.0139,0.9987012987012986,0.0,4.2618,0.0044,4.262,0.0002,0.0,0.0,0.0,4.2620000000000005,0.0044,4.266400000000001,4.2711
1504,0.1115,0.0,0.1115,0.0201,1.0,0.0,6.6888,0.01,6.6886,0.0,0.0,0.0,0.0,6.6886,0.01,6.6986,6.7019
1505,0.1149,0.0,0.1149,0.0207,1.0,0.0,6.0552,0.0072,6.0554,0.0002,0.0,0.0,0.0,6.055400000000001,0.0072,6.062600000000001,6.0602
1506,0.1373,0.0006,0.1378,0.0248,0.9963715529753265,0.0043541364296081275,7.8036,0.3775,7.8034,0.0,0.0,0.0,0.0,7.8034,0.3775,8.1809,8.1771
1507,0.1295,0.0002,0.1297,0.0233,0.9984579799537393,0.0015420200462606013,6.8238,0.1122,6.8235,0.0,0.0,0.0,0.0,6.823499999999999,0.1122,6.935699999999999,6.9376
1508,0.1588,0.0005,0.1593,0.0287,0.9968612680477087,0.0031387319522912746,9.2682,0.3273,9.2682,0.0,0.0,0.0,0.0,9.2682,0.32730000000000004,9.5955,9.5996
1509,0.0434,0.0,0.0434,0.0078,1.0,0.0,2.2296,0.004,2.2296,0.0,0.0,0.0,0.0,2.2296,0.004,2.2336,2.2347
1510,0.1154,0.0009,0.1164,0.0209,0.9914089347079038,0.007731958762886597,6.393,0.6111,6.3932,0.0002,0.0,0.0,0.0,6.3932,0.6111,7.004300000000001,7.0054
1511,0.1343,0.0041,0.1384,0.0249,0.9703757225433527,0.0296242774566474,7.6362,2.8153,7.6362,0.0,0.0,0.0,0.0,7.6362000000000005,2.8152999999999997,10.4515,10.4557
1512,0.1548,0.0003,0.1551,0.0279,0.9980657640232109,0.0019342359767891683,8.154,0.2173,8.1539,0.0,0.0,0.0,0.0,8.1539,0.2173,8.3712,8.3746
1513,0.1615,0.0,0.1616,0.0291,0.9993811881188119,0.0,8.307,0.0226,8.3069,0.0,0.0,0.0,0.0,8.3069,0.0226,8.329500000000001,8.3248
1514,0.1915,0.0049,0.1965,0.0354,0.9745547073791349,0.024936386768447834,10.6086,3.0944,10.6084,0.0,0.0,0.0,0.0,10.6084,3.0944,13.7028,13.7032
1515,0.0776,0.0004,0.078,0.014,0.9948717948717949,0.005128205128205128,4.53,0.2274,4.53,0.0,0.0,0.0,0.0,4.53,0.2274,4.7574000000000005,4.76
1516,0.0606,0.0002,0.0609,0.011,0.9950738916256158,0.003284072249589491,3.273,0.1502,3.273,0.0,0.0,0.0,0.0,3.273,0.1502,3.4232,3.4211
1517,0.1631,0.0007,0.1638,0.0295,0.9957264957264957,0.004273504273504273,9.2682,0.4687,9.2682,0.0,0.0,0.0,0.0,9.2682,0.4687,9.7369,9.7334
1518,0.1458,0.0027,0.1485,0.0267,0.9818181818181819,0.018181818181818184,8.0736,1.6988,8.0737,0.0001,0.0,0.0,0.0,8.073699999999999,1.6987999999999999,9.772499999999999,9.7773
1519,0.1644,0.0008,0.1653,0.0297,0.9945553539019963,0.004839685420447671,9.3456,0.4646,9.3454,0.0,0.0,0.0,0.0,9.345400000000001,0.4646,9.810000000000002,9.8136
1520,0.1006,0.0001,0.1008,0.0181,0.9980158730158729,0.000992063492063492,5.574,0.091,5.5736,0.0,0.0,0.0,0.0,5.5736,0.091,5.6646,5.6605
1521,0.0404,0.0003,0.0407,0.0073,0.9926289926289926,0.00737100737100737,2.1816,0.1692,2.1818,0.0002,0.0,0.0,0.0,2.1818,0.1692,2.351,2.3529
1522,0.0362,0.0031,0.0393,0.0071,0.9211195928753181,0.07888040712468193,1.9554,1.9453,1.9554,0.0,0.0,0.0,0.0,1.9554000000000002,1.9453,3.9007000000000005,3.8967
1523,0.1137,0.0108,0.1245,0.0224,0.9132530120481928,0.08674698795180723,6.8238,6.1109,6.8236,0.0,0.0,0.0,0.0,6.823599999999999,6.1109,12.9345,12.9343
1524,0.0385,0.0003,0.0388,0.007,0.9922680412371133,0.007731958762886597,2.1312,0.2154,2.131,0.0,0.0,0.0,0.0,2.1310000000000002,0.2154,2.3464,2.3495
1525,0.0332,0.0066,0.0398,0.0072,0.8341708542713567,0.1658291457286432,1.887,4.4276,1.887,0.0,0.0,0.0,0.0,1.887,4.4276,6.3146,6.3181
1526,0.1342,0.0001,0.1344,0.0242,0.9985119047619049,0.0007440476190476191,7.248,0.0987,7.2478,0.0,0.0,0.0,0.0,7.2478,0.0987,7.3465,7.3496
1527,0.1682,0.0002,0.1684,0.0303,0.998812351543943,0.0011876484560570072,9.8184,0.1345,9.8184,0.0,0.0,0.0,0.0,9.8184,0.1345,9.9529,9.9542
1528,0.1776,0.0002,0.1778,0.032,0.998875140607424,0.001124859392575928,9.5898,0.1422,9.5897,0.0,0.0,0.0,0.0,9.5897,0.1422,9.731900000000001,9.7271
1529,0.1528,0.0,0.1528,0.0275,1.0,0.0,8.2512,0.0133,8.251,0.0,0.0,0.0,0.0,8.251,0.0133,8.264299999999999,8.262
1530,0.0982,0.0041,0.1022,0.0184,0.9608610567514677,0.0401174168297456,5.436,2.7214,5.436,0.0,0.0,0.0,0.0,5.436,2.7214,8.157399999999999,8.1567
1531,0.1073,0.0015,0.1087,0.0196,0.9871205151793928,0.013799448022079117,5.7924,0.985,5.7924,0.0,0.0,0.0,0.0,5.7924,0.9850000000000001,6.7774,6.7794
1532,0.1532,0.0064,0.1597,0.0287,0.9592986850344395,0.040075140889167186,8.0736,4.0777,8.0737,0.0001,0.0,0.0,0.0,8.073699999999999,4.0777,12.151399999999999,12.1518
1533,0.0632,0.001,0.0642,0.0116,0.9844236760124613,0.015576323987538943,3.4116,0.6514,3.4117,0.0001,0.0,0.0,0.0,3.4116999999999997,0.6514000000000001,4.0630999999999995,4.0601
1534,0.0385,0.0021,0.0406,0.0073,0.9482758620689655,0.05172413793103448,2.1312,1.3474,2.1309,0.0,0.0,0.0,0.0,2.1309,1.3474,3.4783,3.4751
1535,0.1278,0.0001,0.1278,0.023,1.0,0.000782472613458529,7.4586,0.0379,7.4586,0.0,0.0,0.0,0.0,7.458600000000001,0.037899999999999996,7.4965,7.4945
1536,0.0548,0.0018,0.0566,0.0102,0.9681978798586574,0.03180212014134276,3.1152,1.2576,3.1152,0.0,0.0,0.0,0.0,3.1152,1.2576000000000003,4.372800000000001,4.3739
1537,0.1172,0.0027,0.1199,0.0216,0.9774812343619682,0.022518765638031693,6.8442,1.5977,6.8441,0.0,0.0,0.0,0.0,6.8441,1.5977000000000001,8.4418,8.4391
1538,0.1711,0.0001,0.1712,0.0308,0.9994158878504673,0.0005841121495327103,8.7996,0.0561,8.7995,0.0,0.0,0.0,0.0,8.7995,0.056100000000000004,8.8556,8.8576
1539,0.0688,0.0057,0.0745,0.0134,0.9234899328859061,0.07651006711409397,3.624,3.6419,3.624,0.0,0.0,0.0,0.0,3.624,3.6419,7.2659,7.263
1540,0.0426,0.0,0.0426,0.0077,1.0,0.0,2.3574,0.0233,2.3574,0.0,0.0,0.0,0.0,2.3574,0.023299999999999998,2.3807,2.3852
1541,0.0397,0.0001,0.0398,0.0072,0.9974874371859296,0.002512562814070352,2.3172,0.0777,2.3169,0.0,0.0,0.0,0.0,2.3169,0.0777,2.3946,2.3917
1542,0.0985,0.0,0.0985,0.0177,1.0,0.0,5.4546,0.0268,5.4546,0.0,0.0,0.0,0.0,5.454600000000001,0.0268,5.481400000000001,5.4849
1543,0.1768,0.0002,0.177,0.0319,0.9988700564971753,0.0011299435028248588,10.6086,0.0953,10.6086,0.0,0.0,0.0,0.0,10.608600000000001,0.09530000000000001,10.7039,10.6996
1544,0.0577,0.0005,0.0582,0.0105,0.9914089347079038,0.00859106529209622,3.1968,0.2999,3.1966,0.0,0.0,0.0,0.0,3.1966,0.2999,3.4965,3.5008
1545,0.0788,0.0047,0.0835,0.015,0.9437125748502992,0.0562874251497006,4.3638,3.1112,4.3637,0.0,0.0,0.0,0.0,4.3637,3.1112,7.4749,7.4705
1546,0.0341,0.0,0.0341,0.0061,1.0,0.0,1.887,0.0119,1.8869,0.0,0.0,0.0,0.0,1.8869,0.011899999999999999,1.8988,1.8999
1547,0.1057,0.0025,0.1082,0.0195,0.976894639556377,0.02310536044362292,5.436,1.7457,5.436,0.0,0.0,0.0,0.0,5.436,1.7457,7.1817,7.1777
1548,0.1027,0.0022,0.1049,0.0189,0.9790276453765492,0.020972354623450908,5.6862,1.3483,5.6863,0.0001,0.0,0.0,0.0,5.6863,1.3483000000000003,7.0346,7.0359
1549,0.0755,0.0002,0.0757,0.0136,0.9973579920739761,0.002642007926023778,4.53,0.1108,4.5299,0.0,0.0,0.0,0.0,4.5299,0.1108,4.6407,4.643
1550,0.1337,0.001,0.1346,0.0242,0.9933135215453196,0.007429420505200595,7.8036,0.6133,7.8033,0.0,0.0,0.0,0.0,7.803299999999999,0.6133,8.416599999999999,8.4122
1551,0.1121,0.0001,0.1122,0.0202,0.9991087344028522,0.0008912655971479501,6.0552,0.065,6.0553,0.0001,0.0,0.0,0.0,6.0553,0.065,6.1203,6.1194
1552,0.1233,0.0001,0.1234,0.0222,0.9991896272285252,0.0008103727714748785,6.342,0.0623,6.342,0.0,0.0,0.0,0.0,6.3420000000000005,0.0623,6.4043,6.403
1553,0.0392,0.004,0.0432,0.0078,0.9074074074074073,0.09259259259259259,2.2296,2.5468,2.2294,0.0,0.0,0.0,0.0,2.2294,2.5468,4.7762,4.774
1554,0.0364,0.0002,0.0366,0.0066,0.994535519125683,0.00546448087431694,2.0184,0.1278,2.0184,0.0,0.0,0.0,0.0,2.0183999999999997,0.1278,2.1462,2.1439
1555,0.1864,0.0027,0.189,0.034,0.9862433862433863,0.014285714285714287,9.8184,1.6687,9.8179,0.0,0.0,0.0,0.0,9.817900000000002,1.6686999999999999,11.486600000000001,11.4838
1556,0.1154,0.0038,0.1192,0.0215,0.9681208053691276,0.031879194630872486,6.393,2.3449,6.393,0.0,0.0,0.0,0.0,6.393,2.3449000000000004,8.7379,8.7331
1557,0.1604,0.0,0.1604,0.0289,1.0,0.0,8.2512,0.0056,8.2509,0.0,0.0,0.0,0.0,8.2509,0.005600000000000001,8.256499999999999,8.2546
1558,0.0561,0.0004,0.0565,0.0102,0.9929203539823008,0.007079646017699115,3.0276,0.265,3.0276,0.0,0.0,0.0,0.0,3.0276,0.26499999999999996,3.2926,3.2969
1559,0.097,0.0,0.097,0.0175,1.0,0.0,5.661,0.0075,5.6608,0.0,0.0,0.0,0.0,5.6608,0.0075,5.6683,5.6652
1560,0.0944,0.0014,0.0957,0.0172,0.9864158829676072,0.014629049111807733,5.661,0.9742,5.6609,0.0,0.0,0.0,0.0,5.6609,0.9742,6.6350999999999996,6.6365
1561,0.075,0.0052,0.0802,0.0144,0.9351620947630923,0.06483790523690773,4.1532,3.4934,4.1534,0.0002,0.0,0.0,0.0,4.1534,3.4933999999999994,7.6468,7.6423
1562,0.1293,0.0024,0.1317,0.0237,0.9817767653758541,0.01822323462414578,7.548,1.582,7.548,0.0,0.0,0.0,0.0,7.548,1.582,9.13,9.1337
1563,0.1461,0.0,0.1461,0.0263,1.0,0.0,8.307,0.0041,8.307,0.0,0.0,0.0,0.0,8.307,0.0041,8.3111,8.3086
1564,0.1548,0.0022,0.157,0.0283,0.9859872611464968,0.014012738853503185,8.7996,1.4849,8.7993,0.0,0.0,0.0,0.0,8.799299999999999,1.4849,10.284199999999998,10.2813
1565,0.1099,0.0004,0.1104,0.0199,0.9954710144927537,0.0036231884057971015,5.7924,0.2532,5.7927,0.0003,0.0,0.0,0.0,5.7927,0.2532,6.0459,6.0507
1566,0.1716,0.0,0.1716,0.0309,1.0,0.0,9.2682,0.0058,9.2682,0.0,0.0,0.0,0.0,9.2682,0.0058,9.274000000000001,9.2775
1567,0.0543,0.0,0.0543,0.0098,1.0,0.0,2.9334,0.0032,2.9333,0.0,0.0,0.0,0.0,2.9333,0.0032,2.9365,2.9358
1568,0.0901,0.0043,0.0945,0.017,0.9534391534391534,0.0455026455026455,4.6344,2.9213,4.6344,0.0,0.0,0.0,0.0,4.6344,2.9213,7.5557,7.5593
1569,0.1005,0.0,0.1005,0.0181,1.0,0.0,5.8662,0.0146,5.8662,0.0,0.0,0.0,0.0,5.866200000000001,0.0146,5.880800000000001,5.8847
1570,0.0905,0.0,0.0905,0.0163,1.0,0.0,4.8888,0.0034,4.8888,0.0,0.0,0.0,0.0,4.8888,0.0034000000000000002,4.8922,4.8925
1571,0.0982,0.0009,0.099,0.0178,0.9919191919191919,0.00909090909090909,5.436,0.5786,5.4357,0.0,0.0,0.0,0.0,5.4357,0.5786,6.0142999999999995,6.0157
1572,0.1277,0.0001,0.1278,0.023,0.9992175273865416,0.000782472613458529,7.0722,0.0529,7.0722,0.0,0.0,0.0,0.0,7.0722000000000005,0.052899999999999996,7.125100000000001,7.123
1573,0.0622,0.0001,0.0623,0.0112,0.9983948635634028,0.0016051364365971107,3.1968,0.0932,3.1966,0.0,0.0,0.0,0.0,3.1966,0.0932,3.2898,3.2869
1574,0.096,0.0002,0.0961,0.0173,0.9989594172736732,0.002081165452653486,5.4546,0.1215,5.4546,0.0,0.0,0.0,0.0,5.454600000000001,0.1215,5.576100000000001,5.5736
1575,0.0413,0.0,0.0413,0.0074,1.0,0.0,2.2296,0.0087,2.2296,0.0,0.0,0.0,0.0,2.2296,0.0087,2.2383,2.2385
1576,0.1027,0.0054,0.1081,0.0195,0.9500462534690102,0.04995374653098983,5.6862,3.3659,9.6862,4.0,0.0,0.0,0.0,9.6862,3.3659,13.0521,13.0501
1577,0.0557,0.0,0.0557,0.01,1.0,0.0,3.3444,0.0055,3.3442,0.0,0.0,0.0,0.0,3.3442,0.0055,3.3497,3.3461
1578,0.1191,0.0003,0.1194,0.0215,0.9974874371859296,0.0025125628140703514,6.951,0.1625,6.9512,0.0002,0.0,0.0,0.0,6.9512,0.1625,7.1137,7.1171
1579,0.1413,0.0,0.1414,0.0254,0.9992927864214993,0.0,7.2684,0.015,7.2685,0.0001,0.0,0.0,0.0,7.2685,0.015,7.2835,7.286
1580,0.0917,0.0,0.0917,0.0165,1.0,0.0,4.7172,0.0112,4.7173,0.0001,0.0,0.0,0.0,4.7173,0.0112,4.7284999999999995,4.7245
1581,0.0982,0.0026,0.1008,0.0181,0.9742063492063492,0.025793650793650792,5.436,1.7145,5.4358,0.0,0.0,0.0,0.0,5.4357999999999995,1.7145,7.1503,7.1526
1582,0.0874,0.0,0.0874,0.0157,1.0,0.0,4.7172,0.0311,4.7174,0.0002,0.0,0.0,0.0,4.7174,0.031100000000000003,4.7485,4.7503
1583,0.0978,0.0023,0.1,0.018,0.978,0.023,5.8662,1.4704,7.8664,2.0002,0.0,0.0,0.0,7.8664000000000005,1.4704,9.3368,9.3393
1584,0.1685,0.0001,0.1685,0.0303,1.0,0.0005934718100890207,9.0978,0.0364,9.0978,0.0,0.0,0.0,0.0,9.0978,0.0364,9.1342,9.1373
1585,0.0395,0.0039,0.0434,0.0078,0.9101382488479263,0.08986175115207373,2.1312,2.4829,6.1311,3.9999,0.0,0.0,0.0,6.1311,2.4829,8.614,8.6166
1586,0.131,0.0002,0.1311,0.0236,0.9992372234935165,0.0015255530129672007,7.0722,0.1014,7.0723,0.0001,0.0,0.0,0.0,7.0723,0.10139999999999999,7.1737,7.1756
1587,0.1643,0.0046,0.1689,0.0304,0.9727649496743636,0.027235050325636473,9.0978,3.2399,10.0981,1.0003,0.0,0.0,0.0,10.098099999999999,3.2399000000000004,13.338,13.3383
1588,0.1204,0.0001,0.1205,0.0217,0.9991701244813278,0.0008298755186721993,6.342,0.0877,6.3419,0.0,0.0,0.0,0.0,6.341899999999999,0.0877,6.429599999999999,6.4299
1589,0.0889,0.0052,0.0942,0.017,0.9437367303609342,0.05520169851380042,5.1918,3.256,9.1918,4.0,0.0,0.0,0.0,9.191799999999999,3.256,12.447799999999999,12.4445
1590,0.0681,0.0002,0.0683,0.0123,0.9970717423133235,0.0029282576866764276,3.774,0.1015,3.7738,0.0,0.0,0.0,0.0,3.7738,0.1015,3.8753,3.8731
1591,0.0382,0.0,0.0382,0.0069,1.0,0.0,2.2296,0.0075,2.2296,0.0,0.0,0.0,0.0,2.2296,0.0075,2.2371,2.2359
1592,0.1727,0.0016,0.1743,0.0314,0.9908204245553642,0.009179575444635685,9.8184,0.9852,12.8183,2.9999,0.0,0.0,0.0,12.8183,0.9852,13.803500000000001,13.8063
1593,0.0392,0.0002,0.0394,0.0071,0.9949238578680203,0.005076142131979696,2.2296,0.147,2.2295,0.0,0.0,0.0,0.0,2.2295,0.147,2.3764999999999996,2.3762
1594,0.1009,0.0,0.101,0.0182,0.999009900990099,0.0,6.0552,0.0184,6.0553,0.0001,0.0,0.0,0.0,6.055300000000001,0.018400000000000003,6.0737000000000005,6.075
1595,0.1374,0.0,0.1374,0.0247,1.0,0.0,7.0644,0.0073,7.0645,0.0001,0.0,0.0,0.0,7.064500000000001,0.0073,7.0718000000000005,7.0727
1596,0.1753,0.0014,0.1767,0.0318,0.9920769666100736,0.00792303338992643,10.2354,0.833,12.2352,1.9998,0.0,0.0,0.0,12.2352,0.833,13.068200000000001,13.0701
1597,0.1434,0.0001,0.1436,0.0258,0.9986072423398328,0.0006963788300835655,8.154,0.0876,8.1539,0.0,0.0,0.0,0.0,8.1539,0.08760000000000001,8.2415,8.2386
1598,0.0937,0.0003,0.094,0.0169,0.9968085106382979,0.0031914893617021275,5.3274,0.1838,5.3275,0.0001,0.0,0.0,0.0,5.327500000000001,0.1838,5.5113,5.5158
1599,0.0447,0.0008,0.0456,0.0082,0.9802631578947367,0.017543859649122806,2.3574,0.48,2.3574,0.0,0.0,0.0,0.0,2.3574,0.48,2.8374,2.8398
1600,0.1979,0.0003,0.1982,0.0357,0.9984863773965692,0.0015136226034308778,10.4268,0.1694,10.4268,0.0,0.0,0.0,0.0,10.4268,0.1694,10.5962,10.6
1601,0.0516,0.0,0.0516,0.0093,1.0,0.0,2.718,0.025,2.7179,0.0,0.0,0.0,0.0,2.7178999999999998,0.025,2.7428999999999997,2.744
1602,0.0413,0.001,0.0422,0.0076,0.9786729857819906,0.023696682464454975,2.2296,0.6564,2.2294,0.0,0.0,0.0,0.0,2.2294,0.6564,2.8858,2.8884
1603,0.1398,0.0031,0.1429,0.0257,0.9783065080475858,0.021693491952414275,7.548,2.0479,7.5478,0.0,0.0,0.0,0.0,7.5478000000000005,2.0479,9.5957,9.5948
1604,0.097,0.0,0.097,0.0175,1.0,0.0,5.661,0.0057,5.6608,0.0,0.0,0.0,0.0,5.6608,0.0057,5.6665,5.667
1605,0.1086,0.0065,0.1152,0.0207,0.9427083333333334,0.05642361111111111,5.8662,4.077,5.8662,0.0,0.0,0.0,0.0,5.866200000000001,4.077,9.943200000000001,9.9451
1606,0.1724,0.0075,0.1799,0.0324,0.9583101723179543,0.04168982768204558,9.0828,5.0398,9.0828,0.0,0.0,0.0,0.0,9.0828,5.0398,14.1226,14.121
1607,0.0621,0.0027,0.0647,0.0117,0.9598145285935087,0.04173106646058733,3.624,1.7373,3.624,0.0,0.0,0.0,0.0,3.624,1.7373,5.3613,5.365
1608,0.15,0.0001,0.1501,0.027,0.9993337774816787,0.0006662225183211193,8.5242,0.0543,8.5242,0.0,0.0,0.0,0.0,8.5242,0.0543,8.5785,8.5792
1609,0.1204,0.0004,0.1208,0.0217,0.9966887417218542,0.0033112582781456954,6.342,0.2449,6.342,0.0,0.0,0.0,0.0,6.3420000000000005,0.2449,6.586900000000001,6.5872
1610,0.0621,0.0006,0.0627,0.0113,0.9904306220095693,0.00956937799043062,3.624,0.4125,3.624,0.0,0.0,0.0,0.0,3.624,0.4125,4.0365,4.0347
1611,0.1006,0.0054,0.106,0.0191,0.9490566037735849,0.0509433962264151,5.574,3.1941,5.5739,0.0,0.0,0.0,0.0,5.5739,3.1940999999999997,8.768,8.77
1612,0.1343,0.0007,0.135,0.0243,0.9948148148148148,0.005185185185185185,7.6362,0.3909,7.6364,0.0002,0.0,0.0,0.0,7.6364,0.39089999999999997,8.0273,8.0246
1613,0.075,0.0058,0.0808,0.0145,0.9282178217821783,0.07178217821782178,4.2618,3.7607,4.262,0.0002,0.0,0.0,0.0,4.2620000000000005,3.7607,8.0227,8.0264
1614,0.0985,0.0,0.0985,0.0177,1.0,0.0,5.4546,0.0038,5.4545,0.0,0.0,0.0,0.0,5.4544999999999995,0.0038,5.4582999999999995,5.4552
1615,0.1141,0.0,0.1141,0.0205,1.0,0.0,6.8442,0.0073,6.844,0.0,0.0,0.0,0.0,6.843999999999999,0.0073,6.851299999999999,6.8472
1616,0.1858,0.0044,0.1902,0.0342,0.9768664563617244,0.0231335436382755,10.0326,2.6107,10.0326,0.0,0.0,0.0,0.0,10.0326,2.6107,12.6433,12.6449
1617,0.0374,0.0087,0.0461,0.0083,0.8112798264642083,0.18872017353579174,2.0184,5.0735,2.0184,0.0,0.0,0.0,0.0,2.0183999999999997,5.0735,7.0919,7.0963
1618,0.0447,0.0086,0.0534,0.0096,0.8370786516853932,0.16104868913857678,2.3574,5.104,2.3574,0.0,0.0,0.0,0.0,2.3574,5.104,7.4614,7.4593
1619,0.1244,0.0,0.1245,0.0224,0.9991967871485944,0.0,7.0722,0.0287,7.0723,0.0001,0.0,0.0,0.0,7.0723,0.0287,7.101,7.1045
1620,0.1376,0.0054,0.143,0.0257,0.9622377622377624,0.03776223776223777,7.8216,3.6389,7.8217,0.0001,0.0,0.0,0.0,7.821700000000001,3.6389,11.460600000000001,11.4602
1621,0.1121,0.0,0.1122,0.0202,0.9991087344028522,0.0,6.0552,0.0139,6.0552,0.0,0.0,0.0,0.0,6.0552,0.0139,6.0691,6.071
1622,0.1223,0.0001,0.1224,0.022,0.9991830065359478,0.0008169934640522876,6.6042,0.0469,6.6044,0.0002,0.0,0.0,0.0,6.6044,0.0469,6.6513,6.6496
1623,0.0981,0.0008,0.0988,0.0178,0.9929149797570851,0.008097165991902834,5.574,0.4818,5.574,0.0,0.0,0.0,0.0,5.574000000000001,0.4818,6.0558000000000005,6.0568
1624,0.1239,0.0001,0.124,0.0223,0.9991935483870967,0.0008064516129032258,6.6888,0.0781,6.6886,0.0,0.0,0.0,0.0,6.6886,0.07810000000000002,6.7667,6.7638
1625,0.1848,0.0,0.1848,0.0333,1.0,0.0,10.2354,0.0121,10.2351,0.0,0.0,0.0,0.0,10.2351,0.0121,10.2472,10.2507
1626,0.179,0.0001,0.1791,0.0322,0.9994416527079842,0.0005583472920156337,9.4296,0.1049,9.4296,0.0,0.0,0.0,0.0,9.4296,0.10490000000000001,9.534500000000001,9.5363
1627,0.1007,0.0027,0.1034,0.0186,0.9738878143133461,0.02611218568665377,5.436,1.6239,5.436,0.0,0.0,0.0,0.0,5.436,1.6239,7.0599,7.0618
1628,0.0797,0.0006,0.0803,0.0145,0.9925280199252802,0.0074719800747198,4.53,0.382,4.53,0.0,0.0,0.0,0.0,4.53,0.38199999999999995,4.912,4.9141
1629,0.15,0.0035,0.1535,0.0276,0.9771986970684039,0.02280130293159609,8.5242,2.1757,8.5242,0.0,0.0,0.0,0.0,8.5242,2.1757,10.6999,10.7008
1630,0.1601,0.0,0.1601,0.0288,1.0,0.0,9.0978,0.0111,9.0979,0.0001,0.0,0.0,0.0,9.097900000000001,0.011100000000000002,9.109000000000002,9.1097
1631,0.04,0.0088,0.0488,0.0088,0.8196721311475409,0.18032786885245902,2.2746,5.4925,2.2746,0.0,0.0,0.0,0.0,2.2746,5.4925,7.767099999999999,7.7678
1632,0.1572,0.0029,0.1602,0.0288,0.9812734082397003,0.018102372034956304,8.4912,1.8442,8.4915,0.0003,0.0,0.0,0.0,8.4915,1.8442,10.335700000000001,10.3364
1633,0.1243,0.0008,0.1252,0.0225,0.992811501597444,0.006389776357827476,7.4586,0.5131,7.4586,0.0,0.0,0.0,0.0,7.458600000000001,0.5131,7.9717,7.9671
1634,0.1242,0.0001,0.1243,0.0224,0.9991954947707161,0.0008045052292839904,6.5454,0.0486,6.5454,0.0,0.0,0.0,0.0,6.545399999999999,0.0486,6.593999999999999,6.5944
1635,0.1264,0.001,0.1274,0.0229,0.9921507064364207,0.007849293563579277,6.8238,0.5937,6.8235,0.0,0.0,0.0,0.0,6.8235,0.5937,7.4172,7.4138
1636,0.0616,0.0,0.0616,0.0111,1.0,0.0,3.4116,0.0051,3.4117,0.0001,0.0,0.0,0.0,3.4116999999999997,0.0050999999999999995,3.4168,3.4134
1637,0.0776,0.0,0.0776,0.014,1.0,0.0,4.53,0.0116,4.5298,0.0,0.0,0.0,0.0,4.5298,0.0116,4.541399999999999,4.5389
1638,0.0491,0.0027,0.0517,0.0093,0.9497098646034815,0.05222437137330754,2.718,1.6075,2.7178,0.0,0.0,0.0,0.0,2.7178,1.6075000000000002,4.3253,4.3214
1639,0.1048,0.003,0.1079,0.0194,0.9712696941612605,0.027803521779425397,5.661,2.1132,5.6609,0.0,0.0,0.0,0.0,5.660900000000001,2.1132,7.774100000000001,7.7706
1640,0.0426,0.0102,0.0527,0.0095,0.8083491461100569,0.19354838709677422,2.3574,6.2608,2.3574,0.0,0.0,0.0,0.0,2.3574,6.2608,8.6182,8.6171
1641,0.1046,0.0,0.1046,0.0188,1.0,0.0,5.7924,0.0147,5.7927,0.0003,0.0,0.0,0.0,5.7927,0.0147,5.8074,5.8046
1642,0.1965,0.0018,0.1983,0.0357,0.9909228441754917,0.009077155824508321,10.6086,1.265,10.6083,0.0,0.0,0.0,0.0,10.6083,1.2650000000000001,11.8733,11.8719
1643,0.1535,0.0,0.1535,0.0276,1.0,0.0,8.727,0.0054,8.7271,0.0001,0.0,0.0,0.0,8.7271,0.005399999999999999,8.7325,8.7343
1644,0.1125,0.0001,0.1125,0.0203,1.0,0.0008888888888888889,6.393,0.0447,6.3932,0.0002,0.0,0.0,0.0,6.3932,0.044700000000000004,6.4379,6.4379
1645,0.0619,0.0077,0.0696,0.0125,0.889367816091954,0.110632183908046,3.3444,5.0532,3.3443,0.0,0.0,0.0,0.0,3.3443,5.0531999999999995,8.397499999999999,8.394
1646,0.1019,0.0082,0.1101,0.0198,0.9255222524977293,0.07447774750227067,5.7924,4.9053,5.7926,0.0002,0.0,0.0,0.0,5.7926,4.9053,10.6979,10.7025
1647,0.1685,0.0,0.1685,0.0303,1.0,0.0,9.0978,0.0091,9.098,0.0002,0.0,0.0,0.0,9.098,0.0091,9.1071,9.1077
1648,0.0353,0.0,0.0353,0.0064,1.0,0.0,1.9554,0.0037,1.9554,0.0,0.0,0.0,0.0,1.9554000000000002,0.0036999999999999997,1.9591000000000003,1.9612
1649,0.0917,0.0,0.0917,0.0165,1.0,0.0,4.7148,0.0267,4.7148,0.0,0.0,0.0,0.0,4.7148,0.0267,4.7415,4.7399
1650,0.0883,0.0,0.0883,0.0159,1.0,0.0,4.8888,0.0142,4.8887,0.0,0.0,0.0,0.0,4.8887,0.014199999999999999,4.9029,4.9018
1651,0.0888,0.0,0.0888,0.016,1.0,0.0,5.3274,0.0048,5.3276,0.0002,0.0,0.0,0.0,5.3276,0.0048000000000000004,5.332400000000001,5.3282
1652,0.1022,0.0,0.1022,0.0184,1.0,0.0,5.661,0.005,5.6609,0.0,0.0,0.0,0.0,5.6609,0.005,5.6659,5.6628
1653,0.0543,0.0,0.0543,0.0098,1.0,0.0,2.9334,0.0167,2.9332,0.0,0.0,0.0,0.0,2.9332,0.0167,2.9499,2.9535
1654,0.0584,0.0002,0.0586,0.0106,0.9965870307167236,0.0034129692832764505,3.4116,0.1363,3.4117,0.0001,0.0,0.0,0.0,3.4116999999999997,0.1363,3.5479999999999996,3.5508
1655,0.0982,0.0001,0.0982,0.0177,1.0,0.0010183299389002038,5.436,0.05,5.4359,0.0,0.0,0.0,0.0,5.4359,0.049999999999999996,5.4859,5.4903
1656,0.0502,0.0018,0.0521,0.0094,0.963531669865643,0.0345489443378119,2.9334,1.2144,2.9332,0.0,0.0,0.0,0.0,2.9332000000000003,1.2144,4.147600000000001,4.1451
1657,0.1342,0.0002,0.1345,0.0242,0.9977695167286246,0.001486988847583643,7.0722,0.1391,7.0722,0.0,0.0,0.0,0.0,7.0722000000000005,0.1391,7.2113000000000005,7.2067
1658,0.1046,0.0001,0.1047,0.0188,0.9990448901623686,0.0009551098376313277,5.7924,0.0914,5.7925,0.0001,0.0,0.0,0.0,5.7925,0.09140000000000001,5.883900000000001,5.8861
1659,0.1,0.0001,0.1001,0.018,0.9990009990009991,0.000999000999000999,5.6862,0.0594,5.6862,0.0,0.0,0.0,0.0,5.6862,0.0594,5.7456000000000005,5.7417
1660,0.0302,0.0011,0.0313,0.0056,0.9648562300319489,0.03514376996805112,1.812,0.7586,1.8119,0.0,0.0,0.0,0.0,1.8119,0.7585999999999999,2.5705,2.5725
1661,0.1413,0.0019,0.1432,0.0258,0.9867318435754191,0.013268156424581005,7.2684,1.3316,7.2687,0.0003,0.0,0.0,0.0,7.268700000000001,1.3316,8.6003,8.5962
1662,0.1528,0.0007,0.1535,0.0276,0.9954397394136807,0.004560260586319218,8.2512,0.4544,8.2509,0.0,0.0,0.0,0.0,8.2509,0.4544,8.7053,8.7099
1663,0.0909,0.001,0.0919,0.0165,0.9891186071817193,0.01088139281828074,5.4546,0.7373,5.4546,0.0,0.0,0.0,0.0,5.454600000000001,0.7373000000000001,6.191900000000001,6.1918
1664,0.0458,0.0006,0.0464,0.0084,0.9870689655172414,0.01293103448275862,2.3574,0.4233,2.3574,0.0,0.0,0.0,0.0,2.3574,0.42329999999999995,2.7807,2.7803
1665,0.0505,0.0004,0.0508,0.0092,0.9940944881889765,0.007874015748031496,3.0276,0.2413,3.0277,0.0001,0.0,0.0,0.0,3.0277,0.24130000000000001,3.2689999999999997,3.2732
1666,0.1864,0.0,0.1864,0.0336,1.0,0.0,9.8184,0.023,9.8182,0.0,0.0,0.0,0.0,9.818200000000001,0.023000000000000003,9.8412,9.8426
1667,0.0815,0.0,0.0815,0.0147,1.0,0.0,4.8888,0.0037,4.8886,0.0,0.0,0.0,0.0,4.8886,0.0037,4.8923000000000005,4.8919
1668,0.0815,0.0,0.0815,0.0147,1.0,0.0,4.6344,0.0063,4.6341,0.0,0.0,0.0,0.0,4.6341,0.0063,4.6404000000000005,4.6429
1669,0.0654,0.0049,0.0704,0.0127,0.9289772727272727,0.06960227272727272,3.624,3.3347,3.624,0.0,0.0,0.0,0.0,3.624,3.3347,6.9587,6.9541
1670,0.0353,0.0,0.0353,0.0064,1.0,0.0,1.9554,0.0231,1.9555,0.0001,0.0,0.0,0.0,1.9555000000000002,0.0231,1.9786000000000001,1.9801
1671,0.1409,0.0025,0.1434,0.0258,0.9825662482566249,0.017433751743375175,7.8036,1.5849,7.8035,0.0,0.0,0.0,0.0,7.8035000000000005,1.5849,9.3884,9.3895
1672,0.1915,0.01,0.2015,0.0363,0.9503722084367245,0.04962779156327543,10.6086,6.2662,10.6082,0.0,0.0,0.0,0.0,10.6082,6.2661999999999995,16.8744,16.8715
1673,0.1434,0.0,0.1435,0.0258,0.9993031358885018,0.0,8.154,0.0233,8.1538,0.0,0.0,0.0,0.0,8.1538,0.0233,8.177100000000001,8.1732
1674,0.0883,0.0008,0.0891,0.016,0.9910213243546577,0.008978675645342313,4.8888,0.5412,4.8888,0.0,0.0,0.0,0.0,4.8888,0.5411999999999999,5.43,5.4306
1675,0.0987,0.0002,0.0989,0.0178,0.9979777553083923,0.0020222446916076846,5.3274,0.1301,5.3276,0.0002,0.0,0.0,0.0,5.3276,0.1301,5.4577,5.4595
1676,0.0616,0.0001,0.0617,0.0111,0.9983792544570503,0.001620745542949757,3.4116,0.0474,3.4117,0.0001,0.0,0.0,0.0,3.4116999999999997,0.0474,3.4591,3.4607
1677,0.0392,0.0,0.0392,0.0071,1.0,0.0,2.2296,0.0048,2.2294,0.0,0.0,0.0,0.0,2.2294,0.0048000000000000004,2.2342,2.2309
1678,0.1243,0.0004,0.1247,0.0224,0.9967923015236567,0.0032076984763432237,7.0644,0.2587,7.0647,0.0003,0.0,0.0,0.0,7.0647,0.2587,7.3234,7.3214
1679,0.1312,0.008,0.1392,0.0251,0.9425287356321841,0.0574712643678161,7.4586,5.1931,7.4586,0.0,0.0,0.0,0.0,7.458600000000001,5.1931,12.651700000000002,12.6561
1680,0.0352,0.0003,0.0355,0.0064,0.991549295774648,0.008450704225352112,1.812,0.1691,1.812,0.0,0.0,0.0,0.0,1.812,0.16909999999999997,1.9811,1.9784
1681,0.1375,0.0001,0.1376,0.0248,0.9992732558139535,0.0007267441860465116,7.0722,0.0854,7.0722,0.0,0.0,0.0,0.0,7.0722000000000005,0.0854,7.1576,7.1536
1682,0.1445,0.0,0.1445,0.026,1.0,0.0,7.8036,0.0046,7.8034,0.0,0.0,0.0,0.0,7.8034,0.0046,7.808,7.8075
1683,0.0569,0.0,0.0569,0.0102,1.0,0.0,3.4116,0.0191,3.4117,0.0001,0.0,0.0,0.0,3.4116999999999997,0.0191,3.4307999999999996,3.4308
1684,0.0367,0.0009,0.0376,0.0068,0.976063829787234,0.023936170212765957,1.887,0.5902,1.887,0.0,0.0,0.0,0.0,1.887,0.5902000000000001,2.4772,2.4732
1685,0.1037,0.0,0.1037,0.0187,1.0,0.0,6.0552,0.0058,6.0554,0.0002,0.0,0.0,0.0,6.055400000000001,0.0058000000000000005,6.0612,6.0588
1686,0.1379,0.0001,0.138,0.0248,0.9992753623188405,0.0007246376811594203,7.6362,0.0882,7.6363,0.0001,0.0,0.0,0.0,7.6363,0.0882,7.7245,7.7225
1687,0.1687,0.0001,0.1688,0.0304,0.9994075829383885,0.0005924170616113745,9.3456,0.0655,9.3453,0.0,0.0,0.0,0.0,9.345300000000002,0.0655,9.410800000000002,9.409
1688,0.161,0.0012,0.1622,0.0292,0.9926017262638718,0.007398273736128236,8.9184,0.699,8.918,0.0,0.0,0.0,0.0,8.918,0.6990000000000001,9.616999999999999,9.6161
1689,0.039,0.0001,0.0391,0.007,0.9974424552429667,0.002557544757033248,2.2746,0.0616,2.2745,0.0,0.0,0.0,0.0,2.2744999999999997,0.0616,2.3360999999999996,2.3356
1690,0.0768,0.0045,0.0813,0.0146,0.9446494464944649,0.055350553505535055,4.3638,2.9607,4.3637,0.0,0.0,0.0,0.0,4.3637,2.9607,7.3244,7.3244
1691,0.161,0.001,0.162,0.0292,0.9938271604938271,0.006172839506172839,8.9184,0.6706,8.918,0.0,0.0,0.0,0.0,8.918,0.6706,9.5886,9.587
1692,0.1566,0.0037,0.1603,0.0289,0.9769182782283219,0.023081721771678106,8.2512,2.5435,8.2508,0.0,0.0,0.0,0.0,8.2508,2.5435,10.7943,10.7979
1693,0.0734,0.0,0.0734,0.0132,1.0,0.0,3.774,0.0291,3.7739,0.0,0.0,0.0,0.0,3.7739000000000003,0.0291,3.8030000000000004,3.8047
1694,0.1184,0.0074,0.1258,0.0226,0.9411764705882354,0.05882352941176471,6.393,5.3053,6.393,0.0,0.0,0.0,0.0,6.393,5.3053,11.6983,11.6984
1695,0.0404,0.0023,0.0427,0.0077,0.946135831381733,0.053864168618266976,2.0766,1.5191,2.0767,0.0001,0.0,0.0,0.0,2.0767,1.5191,3.5958,3.5917
1696,0.1208,0.0,0.1208,0.0217,1.0,0.0,7.248,0.0121,7.2479,0.0,0.0,0.0,0.0,7.2479000000000005,0.0121,7.260000000000001,7.2629
1697,0.0797,0.0,0.0797,0.0143,1.0,0.0,4.53,0.0064,4.53,0.0,0.0,0.0,0.0,4.53,0.0064,4.5364,4.5393
1698,0.1223,0.0001,0.1224,0.022,0.9991830065359478,0.0008169934640522876,6.951,0.0804,6.9512,0.0002,0.0,0.0,0.0,6.9512,0.0804,7.0316,7.0281
1699,0.1086,0.0,0.1086,0.0196,1.0,0.0,5.8662,0.0067,5.8663,0.0001,0.0,0.0,0.0,5.866300000000001,0.006700000000000001,5.873000000000001,5.8681
1700,0.1223,0.0,0.1223,0.022,1.0,0.0,6.951,0.0117,6.951,0.0,0.0,0.0,0.0,6.9510000000000005,0.0117,6.962700000000001,6.9589
1701,0.0562,0.0001,0.0563,0.0101,0.9982238010657193,0.0017761989342806395,3.1152,0.0383,3.1151,0.0,0.0,0.0,0.0,3.1151,0.0383,3.1534,3.1553
1702,0.0928,0.0007,0.0935,0.0168,0.9925133689839571,0.0074866310160427805,4.8888,0.4517,4.8886,0.0,0.0,0.0,0.0,4.8886,0.45170000000000005,5.3403,5.3366
1703,0.0424,0.0001,0.0425,0.0077,0.9976470588235293,0.002352941176470588,2.1816,0.059,2.1818,0.0002,0.0,0.0,0.0,2.1818,0.059,2.2408,2.2446
1704,0.0934,0.0018,0.0953,0.0172,0.9800629590766002,0.01888772298006296,5.4546,1.1565,5.4546,0.0,0.0,0.0,0.0,5.454600000000001,1.1564999999999999,6.6111,6.6127
1705,0.1,0.0021,0.1021,0.0184,0.9794319294809012,0.02056807051909892,5.6862,1.3704,5.6863,0.0001,0.0,0.0,0.0,5.6863,1.3704,7.0567,7.0603
1706,0.0985,0.0,0.0986,0.0177,0.9989858012170386,0.0,5.1918,0.0201,5.192,0.0002,0.0,0.0,0.0,5.192,0.020100000000000003,5.2121,5.2086
1707,0.0349,0.0001,0.035,0.0063,0.9971428571428571,0.002857142857142857,1.887,0.0601,1.887,0.0,0.0,0.0,0.0,1.887,0.0601,1.9471,1.9478
1708,0.0397,0.0005,0.0402,0.0072,0.9875621890547264,0.012437810945273632,2.3172,0.3178,2.3172,0.0,0.0,0.0,0.0,2.3172,0.31779999999999997,2.6350000000000002,2.6386
1709,0.1347,0.0065,0.1411,0.0254,0.9546420978029765,0.04606661941885187,7.4586,4.6505,7.4586,0.0,0.0,0.0,0.0,7.458600000000001,4.6505,12.109100000000002,12.1098
1710,0.0937,0.0,0.0938,0.0169,0.9989339019189767,0.0,5.1918,0.0114,5.1919,0.0001,0.0,0.0,0.0,5.1919,0.0114,5.2033000000000005,5.2073
1711,0.1448,0.0003,0.1452,0.0261,0.997245179063361,0.002066115702479339,7.8216,0.1932,7.8219,0.0003,0.0,0.0,0.0,7.821900000000001,0.1932,8.0151,8.0179
1712,0.0874,0.0029,0.0903,0.0162,0.9678848283499446,0.03211517165005537,4.7172,1.6649,4.7175,0.0003,0.0,0.0,0.0,4.7175,1.6649000000000003,6.3824000000000005,6.3779
1713,0.1116,0.0056,0.1172,0.0211,0.9522184300341298,0.04778156996587031,6.342,3.3287,6.342,0.0,0.0,0.0,0.0,6.3420000000000005,3.3287,9.6707,9.6664
1714,0.1192,0.0065,0.1258,0.0226,0.9475357710651828,0.051669316375198726,6.6042,4.448,6.6043,0.0001,0.0,0.0,0.0,6.604299999999999,4.4479999999999995,11.052299999999999,11.0497
1715,0.1706,0.0,0.1706,0.0307,1.0,0.0,10.2354,0.0116,10.2353,0.0,0.0,0.0,0.0,10.2353,0.0116,10.2469,10.2479
1716,0.0748,0.0,0.0748,0.0135,1.0,0.0,4.3638,0.0098,4.3636,0.0,0.0,0.0,0.0,4.363599999999999,0.0098,4.373399999999999,4.3752
1717,0.1331,0.0,0.1331,0.024,1.0,0.0,6.8442,0.0242,6.8441,0.0,0.0,0.0,0.0,6.8441,0.0242,6.8683,6.8638
1718,0.0705,0.0001,0.0705,0.0127,1.0,0.001418439716312057,3.624,0.0354,3.6239,0.0,0.0,0.0,0.0,3.6239,0.035399999999999994,3.6593,3.6643
1719,0.0588,0.0,0.0589,0.0106,0.99830220713073,0.0,3.3444,0.0229,3.3441,0.0,0.0,0.0,0.0,3.3441,0.022899999999999997,3.367,3.3684
1720,0.0808,0.0026,0.0834,0.015,0.9688249400479616,0.031175059952038366,4.3638,1.6208,4.3637,0.0,0.0,0.0,0.0,4.3637,1.6208,5.9845,5.9811
1721,0.0888,0.0,0.0888,0.016,1.0,0.0,5.046,0.0074,5.0461,0.0001,0.0,0.0,0.0,5.0461,0.0073999999999999995,5.0535,5.0486
1722,0.0742,0.0,0.0742,0.0134,1.0,0.0,3.9108,0.0106,3.9109,0.0001,0.0,0.0,0.0,3.9109000000000003,0.0106,3.9215000000000004,3.9195
1723,0.0576,0.0068,0.0644,0.0116,0.8944099378881988,0.10559006211180123,3.273,4.4792,3.273,0.0,0.0,0.0,0.0,3.273,4.4792000000000005,7.7522,7.7528
1724,0.1223,0.0,0.1223,0.022,1.0,0.0,6.951,0.0044,6.9512,0.0002,0.0,0.0,0.0,6.9512,0.0044,6.9556000000000004,6.9588
1725,0.1511,0.0001,0.1513,0.0272,0.9986781229345673,0.0006609385327164574,7.9608,0.0989,7.9608,0.0,0.0,0.0,0.0,7.960800000000001,0.09890000000000002,8.059700000000001,8.0609
1726,0.1095,0.0002,0.1097,0.0197,0.9981768459434822,0.0018231540565177757,6.393,0.1118,6.3931,0.0001,0.0,0.0,0.0,6.3931000000000004,0.1118,6.5049,6.5022
1727,0.1126,0.0005,0.1132,0.0204,0.9946996466431096,0.00441696113074205,5.7924,0.3672,5.7926,0.0002,0.0,0.0,0.0,5.7926,0.3672,6.159800000000001,6.1551
1728,0.0776,0.0,0.0776,0.014,1.0,0.0,4.53,0.0092,4.53,0.0,0.0,0.0,0.0,4.53,0.0092,4.5392,4.537
1729,0.1211,0.0,0.1212,0.0218,0.9991749174917491,0.0,7.2684,0.0301,7.2685,0.0001,0.0,0.0,0.0,7.2685,0.030100000000000002,7.2986,7.2995
1730,0.1697,0.0001,0.1698,0.0306,0.9994110718492343,0.0005889281507656066,8.727,0.0905,8.7275,0.0005,0.0,0.0,0.0,8.7275,0.0905,8.818,8.8221
1731,0.1243,0.0004,0.1247,0.0224,0.9967923015236567,0.0032076984763432237,6.393,0.2557,6.3931,0.0001,0.0,0.0,0.0,6.3931000000000004,0.2557,6.6488000000000005,6.6527
1732,0.1208,0.0,0.1208,0.0217,1.0,0.0,7.248,0.011,7.2479,0.0,0.0,0.0,0.0,7.2479,0.011,7.2589,7.2544
1733,0.1284,0.0,0.1284,0.0231,1.0,0.0,6.6042,0.0133,6.6043,0.0001,0.0,0.0,0.0,6.604299999999999,0.0133,6.6175999999999995,6.6146
1734,0.1093,0.0003,0.1097,0.0197,0.9963536918869643,0.0027347310847766633,6.0552,0.2282,6.0552,0.0,0.0,0.0,0.0,6.0552,0.22820000000000001,6.2834,6.282
1735,0.1558,0.0,0.1558,0.028,1.0,0.0,9.3456,0.0204,9.3454,0.0,0.0,0.0,0.0,9.345400000000001,0.0204,9.365800000000002,9.3696
1736,0.0681,0.0,0.0682,0.0123,0.998533724340176,0.0,3.774,0.0183,3.7739,0.0,0.0,0.0,0.0,3.7739000000000003,0.0183,3.7922000000000002,3.7932
1737,0.1037,0.0001,0.1038,0.0187,0.9990366088631984,0.0009633911368015414,5.8938,0.0502,5.8935,0.0,0.0,0.0,0.0,5.8934999999999995,0.050199999999999995,5.9437,5.9459
1738,0.1558,0.0,0.1558,0.028,1.0,0.0,9.3456,0.0077,9.3455,0.0,0.0,0.0,0.0,9.345500000000001,0.0077,9.353200000000001,9.3541
1739,0.1734,0.0011,0.1745,0.0314,0.9936962750716333,0.006303724928366763,8.9184,0.7284,8.9181,0.0,0.0,0.0,0.0,8.918099999999999,0.7284000000000002,9.6465,9.6451
1740,0.1768,0.0,0.1768,0.0318,1.0,0.0,10.6086,0.0217,10.6085,0.0,0.0,0.0,0.0,10.608500000000001,0.021699999999999997,10.6302,10.6262
1741,0.0654,0.0002,0.0656,0.0118,0.996951219512195,0.003048780487804878,3.624,0.1055,3.6239,0.0,0.0,0.0,0.0,3.6239,0.1055,3.7294,3.7268
1742,0.1409,0.0005,0.1414,0.0254,0.9964639321074965,0.0035360678925035363,7.8036,0.2815,7.8035,0.0,0.0,0.0,0.0,7.8035,0.28150000000000003,8.084999999999999,8.087
1743,0.0797,0.0053,0.085,0.0153,0.9376470588235293,0.06235294117647058,4.53,3.6875,4.53,0.0,0.0,0.0,0.0,4.53,3.6875,8.217500000000001,8.2191
1744,0.076,0.0014,0.0774,0.0139,0.9819121447028424,0.018087855297157625,3.9108,0.9972,3.9108,0.0,0.0,0.0,0.0,3.9108000000000005,0.9972000000000001,4.908,4.9066
1745,0.0579,0.0001,0.058,0.0104,0.9982758620689655,0.0017241379310344827,3.4758,0.0462,3.4755,0.0,0.0,0.0,0.0,3.4755000000000007,0.046200000000000005,3.5217000000000005,3.5176
1746,0.1866,0.0001,0.1867,0.0336,0.9994643813604712,0.0005356186395286556,10.6086,0.0418,10.6084,0.0,0.0,0.0,0.0,10.6084,0.041800000000000004,10.6502,10.6478
1747,0.0616,0.001,0.0626,0.0113,0.9840255591054313,0.01597444089456869,3.4116,0.5798,3.4117,0.0001,0.0,0.0,0.0,3.4116999999999997,0.5798,3.9915,3.9914
1748,0.1577,0.0001,0.1578,0.0284,0.9993662864385299,0.0006337135614702155,8.1096,0.0464,8.1098,0.0002,0.0,0.0,0.0,8.1098,0.0464,8.1562,8.1544
1749,0.1556,0.0001,0.1557,0.028,0.9993577392421322,0.0006422607578676942,9.0828,0.0503,9.083,0.0002,0.0,0.0,0.0,9.083,0.0503,9.1333,9.1302
1750,0.1279,0.0,0.1279,0.023,1.0,0.0,7.2684,0.0046,7.2686,0.0002,0.0,0.0,0.0,7.268600000000001,0.0046,7.273200000000001,7.2702
1751,0.2063,0.0,0.2063,0.0371,1.0,0.0,10.6086,0.0249,10.6084,0.0,0.0,0.0,0.0,10.608400000000001,0.0249,10.633300000000002,10.6316
1752,0.0577,0.0086,0.0663,0.0119,0.8702865761689291,0.1297134238310709,3.1152,5.4561,3.115,0.0,0.0,0.0,0.0,3.1149999999999998,5.4561,8.5711,8.5682
1753,0.1174,0.0,0.1175,0.0211,0.9991489361702128,0.0,6.342,0.0053,6.3418,0.0,0.0,0.0,0.0,6.3418,0.0053,6.3471,6.3466
1754,0.0889,0.0002,0.0892,0.0161,0.9966367713004485,0.002242152466367713,5.1918,0.14,5.1918,0.0,0.0,0.0,0.0,5.191799999999999,0.14,5.3317999999999985,5.3321
1755,0.1685,0.0008,0.1693,0.0305,0.9952746603662138,0.004725339633786178,9.0978,0.572,9.098,0.0002,0.0,0.0,0.0,9.097999999999999,0.5720000000000001,9.669999999999998,9.6736
1756,0.151,0.0,0.151,0.0272,1.0,0.0,8.154,0.0056,8.1537,0.0,0.0,0.0,0.0,8.1537,0.0056,8.1593,8.158
1757,0.1452,0.0088,0.154,0.0277,0.9428571428571428,0.05714285714285715,8.2512,5.3596,8.251,0.0,0.0,0.0,0.0,8.251,5.3596,13.6106,13.6104
1758,0.0692,0.0,0.0692,0.0125,1.0,0.0,4.1532,0.0146,4.1537,0.0005,0.0,0.0,0.0,4.1537,0.014599999999999998,4.1682999999999995,4.1645
1759,0.031,0.0003,0.0313,0.0056,0.9904153354632588,0.009584664536741212,1.812,0.2004,1.8119,0.0,0.0,0.0,0.0,1.8119,0.2004,2.0123,2.0099
1760,0.1037,0.0019,0.1056,0.019,0.9820075757575758,0.017992424242424244,6.0552,1.1857,6.0552,0.0,0.0,0.0,0.0,6.0552,1.1857,7.2409,7.2397
1761,0.0883,0.0048,0.093,0.0167,0.9494623655913978,0.051612903225806445,4.8888,3.2407,4.8885,0.0,0.0,0.0,0.0,4.8885000000000005,3.2407,8.1292,8.1276
1762,0.1612,0.0,0.1612,0.029,1.0,0.0,8.4912,0.0033,8.4912,0.0,0.0,0.0,0.0,8.491200000000001,0.003300000000000001,8.4945,8.4896
1763,0.1379,0.0005,0.1384,0.0249,0.9963872832369942,0.0036127167630057807,7.6362,0.3258,7.6364,0.0002,0.0,0.0,0.0,7.6364,0.3258,7.9622,7.962
1764,0.1084,0.0,0.1084,0.0195,1.0,0.0,5.574,0.0055,5.5738,0.0,0.0,0.0,0.0,5.573799999999999,0.0055,5.579299999999999,5.5744
1765,0.0498,0.0001,0.0499,0.009,0.9979959919839679,0.0020040080160320644,2.8302,0.0572,2.8305,0.0003,0.0,0.0,0.0,2.8305,0.0572,2.8876999999999997,2.8841
1766,0.0413,0.0005,0.0418,0.0075,0.9880382775119618,0.01196172248803828,2.2296,0.3552,2.2295,0.0,0.0,0.0,0.0,2.2295,0.35520000000000007,2.5846999999999998,2.5851
1767,0.0913,0.0025,0.0939,0.0169,0.9723109691160811,0.026624068157614485,5.1918,1.6186,5.1918,0.0,0.0,0.0,0.0,5.191799999999999,1.6186,6.810399999999999,6.8114
1768,0.0607,0.0016,0.0623,0.0112,0.9743178170144462,0.025682182985553772,3.1968,1.0518,3.1967,0.0,0.0,0.0,0.0,3.1967,1.0517999999999998,4.2485,4.2529
1769,0.1727,0.0004,0.1731,0.0312,0.997689196995956,0.002310803004043905,9.8184,0.2207,9.8183,0.0,0.0,0.0,0.0,9.8183,0.2207,10.039000000000001,10.0428
1770,0.0937,0.0073,0.1011,0.0182,0.9268051434223542,0.0722057368941642,5.3274,4.5859,5.3275,0.0001,0.0,0.0,0.0,5.327500000000001,4.5859000000000005,9.913400000000001,9.9096
1771,0.1125,0.0,0.1125,0.0203,1.0,0.0,6.2304,0.0084,6.23,0.0,0.0,0.0,0.0,6.229999999999999,0.0084,6.238399999999999,6.2336
1772,0.1511,0.0012,0.1523,0.0274,0.9921208141825346,0.007879185817465528,7.9608,0.7416,7.9608,0.0,0.0,0.0,0.0,7.960800000000001,0.7416,8.7024,8.7006
1773,0.1182,0.0003,0.1185,0.0213,0.9974683544303798,0.002531645569620253,6.5454,0.186,6.5454,0.0,0.0,0.0,0.0,6.545399999999999,0.186,6.731399999999999,6.7333
1774,0.1644,0.0,0.1644,0.0296,1.0,0.0,9.3456,0.0083,9.3454,0.0,0.0,0.0,0.0,9.345400000000001,0.0083,9.353700000000002,9.3525
1775,0.1327,0.0001,0.1328,0.0239,0.9992469879518073,0.0007530120481927711,6.8238,0.0736,6.8236,0.0,0.0,0.0,0.0,6.823599999999999,0.0736,6.897199999999999,6.896
1776,0.0805,0.0021,0.0826,0.0149,0.9745762711864406,0.025423728813559317,4.4592,1.3271,4.4591,0.0,0.0,0.0,0.0,4.4591,1.3271000000000002,5.786200000000001,5.7876
1777,0.1213,0.0015,0.1229,0.0221,0.9869812855980473,0.012205044751830757,6.393,1.11,6.393,0.0,0.0,0.0,0.0,6.393,1.11,7.503,7.4994
1778,0.1516,0.0001,0.1518,0.0273,0.9986824769433467,0.0006587615283267457,9.0978,0.0904,9.0979,0.0001,0.0,0.0,0.0,9.097900000000001,0.0904,9.188300000000002,9.1923
1779,0.1414,0.0002,0.1416,0.0255,0.9985875706214689,0.0014124293785310734,7.6362,0.1502,7.6362,0.0,0.0,0.0,0.0,7.6362000000000005,0.1502,7.7864,7.7878
1780,0.0985,0.0,0.0985,0.0177,1.0,0.0,5.4546,0.0176,5.4546,0.0,0.0,0.0,0.0,5.454600000000001,0.017599999999999998,5.472200000000001,5.4754
1781,0.1652,0.0,0.1652,0.0297,1.0,0.0,8.9184,0.0272,8.9182,0.0,0.0,0.0,0.0,8.918199999999999,0.027200000000000002,8.9454,8.9479
1782,0.0748,0.0068,0.0815,0.0147,0.9177914110429448,0.08343558282208588,4.3638,4.8746,4.3637,0.0,0.0,0.0,0.0,4.3637,4.8746,9.238299999999999,9.2336
1783,0.1533,0.0049,0.1583,0.0285,0.9684144030322173,0.030953885028427035,8.4912,3.0669,8.4912,0.0,0.0,0.0,0.0,8.491200000000001,3.0669000000000004,11.558100000000001,11.5533
1784,0.1048,0.0003,0.1052,0.0189,0.9961977186311788,0.0028517110266159692,5.661,0.206,5.6609,0.0,0.0,0.0,0.0,5.6609,0.206,5.8669,5.8672
1785,0.0478,0.0012,0.049,0.0088,0.9755102040816327,0.024489795918367342,2.718,0.7636,2.718,0.0,0.0,0.0,0.0,2.718,0.7636,3.4816,3.483
1786,0.0607,0.0,0.0607,0.0109,1.0,0.0,3.1968,0.0099,3.1966,0.0,0.0,0.0,0.0,3.1966,0.009899999999999999,3.2065,3.2027
1787,0.1682,0.0018,0.17,0.0306,0.9894117647058822,0.010588235294117647,9.0828,1.0395,9.0828,0.0,0.0,0.0,0.0,9.0828,1.0394999999999999,10.122300000000001,10.1183
1788,0.0372,0.0068,0.044,0.0079,0.8454545454545455,0.15454545454545454,2.2296,4.2449,2.2295,0.0,0.0,0.0,0.0,2.2295,4.2448999999999995,6.474399999999999,6.478
1789,0.1716,0.0006,0.1722,0.031,0.9965156794425087,0.003484320557491289,9.2682,0.3907,9.2682,0.0,0.0,0.0,0.0,9.2682,0.39070000000000005,9.658900000000001,9.6626
1790,0.1538,0.0,0.1539,0.0277,0.9993502274204028,0.0,8.307,0.0163,8.307,0.0,0.0,0.0,0.0,8.307,0.0163,8.3233,8.3244
1791,0.1385,0.0001,0.1386,0.0249,0.9992784992784993,0.0007215007215007215,8.307,0.0798,8.307,0.0,0.0,0.0,0.0,8.307,0.0798,8.386800000000001,8.3898
1792,0.1267,0.0045,0.1312,0.0236,0.9657012195121951,0.034298780487804874,6.8442,2.7626,6.8441,0.0,0.0,0.0,0.0,6.844099999999999,2.7625999999999995,9.606699999999998,10.1071
1793,0.1184,0.0014,0.1197,0.0216,0.989139515455305,0.011695906432748537,6.393,0.8942,6.3931,0.0001,0.0,0.0,0.0,6.3931000000000004,0.8942,7.2873,7.2878
1794,0.1472,0.0001,0.1473,0.0265,0.9993211133740666,0.0006788866259334692,8.154,0.0513,8.1538,0.0,0.0,0.0,0.0,8.1538,0.0513,8.2051,8.203
1795,0.1495,0.0003,0.1498,0.027,0.9979973297730308,0.0020026702269692926,8.727,0.1829,8.7273,0.0003,0.0,0.0,0.0,8.7273,0.1829,8.9102,8.9062
1796,0.1659,0.0002,0.1661,0.0299,0.9987959060806743,0.0012040939193257074,9.4296,0.1051,9.4296,0.0,0.0,0.0,0.0,9.4296,0.1051,9.5347,9.536
1797,0.1264,0.002,0.1284,0.0231,0.9844236760124613,0.015576323987538943,6.8238,1.3533,6.8235,0.0,0.0,0.0,0.0,6.823499999999999,1.3533000000000002,8.1768,8.1805
1798,0.1191,0.0003,0.1194,0.0215,0.9974874371859296,0.0025125628140703514,6.951,0.186,6.9513,0.0003,0.0,0.0,0.0,6.9513,0.186,7.1373,7.1366
1799,0.1177,0.0,0.1178,0.0212,0.999151103565365,0.0,6.0552,0.0293,6.0554,0.0002,0.0,0.0,0.0,6.055400000000001,0.0293,6.084700000000001,6.0807
1800,0.086,0.0015,0.0875,0.0157,0.9828571428571429,0.017142857142857144,4.8888,0.8939,5.8885,0.9997,0.0,0.0,0.0,5.8885000000000005,0.8939,6.782400000000001,6.785
1801,0.0632,0.0035,0.0667,0.012,0.9475262368815593,0.052473763118440785,3.4116,2.3554,3.4118,0.0002,0.0,0.0,0.0,3.4118,2.3554000000000004,5.767200000000001,5.7679
1802,0.1009,0.0036,0.1046,0.0188,0.9646271510516253,0.03441682600382409,6.0552,2.3514,7.0553,1.0001,0.0,0.0,0.0,7.055299999999999,2.3514,9.406699999999999,9.4111
1803,0.1057,0.0,0.1057,0.019,1.0,0.0,5.436,0.0136,5.4359,0.0,0.0,0.0,0.0,5.4359,0.013600000000000001,5.4495000000000005,5.4457
1804,0.1005,0.0,0.1005,0.0181,1.0,0.0,5.8662,0.0124,5.8662,0.0,0.0,0.0,0.0,5.866200000000001,0.012400000000000001,5.878600000000001,5.883
1805,0.1273,0.0001,0.1273,0.0229,1.0,0.0007855459544383347,6.5454,0.0443,6.5454,0.0,0.0,0.0,0.0,6.545399999999999,0.0443,6.589699999999999,6.5934
1806,0.0561,0.0003,0.0563,0.0101,0.9964476021314386,0.005328596802841918,3.273,0.1664,3.2727,0.0,0.0,0.0,0.0,3.2727,0.1664,3.4391,3.4406
1807,0.0405,0.0095,0.0499,0.009,0.811623246492986,0.1903807615230461,2.1312,6.457,3.131,0.9998,0.0,0.0,0.0,3.1310000000000002,6.457,9.588000000000001,9.5874
1808,0.1682,0.0028,0.171,0.0308,0.983625730994152,0.01637426900584795,9.0828,1.8638,9.0829,0.0001,0.0,0.0,0.0,9.0829,1.8638,10.9467,10.9504
1809,0.1223,0.0063,0.1285,0.0231,0.951750972762646,0.0490272373540856,6.951,3.8399,6.9512,0.0002,0.0,0.0,0.0,6.9512,3.8399,10.7911,10.7915
1810,0.0562,0.0093,0.0655,0.0118,0.8580152671755725,0.14198473282442747,3.1968,5.1422,3.1965,0.0,0.0,0.0,0.0,3.1965000000000003,5.142200000000001,8.338700000000001,8.3369
1811,0.0671,0.0,0.0671,0.0121,1.0,0.0,3.5364,0.0121,3.5362,0.0,0.0,0.0,0.0,3.5362,0.0121,3.5483000000000002,3.5471
1812,0.0503,0.0003,0.0506,0.0091,0.9940711462450592,0.005928853754940711,2.718,0.2032,2.718,0.0,0.0,0.0,0.0,2.718,0.20320000000000002,2.9212,2.9174
1813,0.0895,0.0,0.0896,0.0161,0.9988839285714285,0.0,4.7172,0.0203,4.7174,0.0002,0.0,0.0,0.0,4.7174,0.0203,4.737699999999999,4.7416
1814,0.1328,0.0011,0.1339,0.0241,0.9917849141150112,0.008215085884988798,7.548,0.6963,7.548,0.0,0.0,0.0,0.0,7.548,0.6962999999999999,8.244299999999999,8.245
1815,0.0808,0.01,0.0908,0.0163,0.8898678414096916,0.11013215859030837,4.3638,5.889,4.3637,0.0,0.0,0.0,0.0,4.3637,5.889,10.2527,10.2549
1816,0.1385,0.0002,0.1387,0.025,0.9985580389329489,0.0014419610670511898,8.307,0.1478,8.307,0.0,0.0,0.0,0.0,8.307,0.14780000000000001,8.4548,8.4583
1817,0.1472,0.002,0.1493,0.0269,0.9859343603482921,0.013395847287340926,8.154,1.4127,8.1538,0.0,0.0,0.0,0.0,8.1538,1.4127,9.566500000000001,9.5711
1818,0.0632,0.0001,0.0633,0.0114,0.9984202211690365,0.0015797788309636653,3.4116,0.0827,3.4117,0.0001,0.0,0.0,0.0,3.4116999999999997,0.0827,3.4943999999999997,3.4916
1819,0.0985,0.0017,0.1003,0.0181,0.9820538384845464,0.01694915254237288,5.1918,1.2025,5.1918,0.0,0.0,0.0,0.0,5.191799999999999,1.2025000000000001,6.394299999999999,6.3981
1820,0.0557,0.0068,0.0625,0.0112,0.8912,0.1088,2.9334,4.3348,2.9333,0.0,0.0,0.0,0.0,2.9333000000000005,4.3347999999999995,7.2681000000000004,7.2672
1821,0.0588,0.0084,0.0673,0.0121,0.8736998514115899,0.12481426448736999,3.3444,4.6768,3.3444,0.0,0.0,0.0,0.0,3.3444,4.6768,8.0212,8.0208
1822,0.1455,0.0002,0.1456,0.0262,0.9993131868131867,0.0013736263736263735,8.4912,0.1193,8.4913,0.0001,0.0,0.0,0.0,8.4913,0.11929999999999999,8.610600000000002,8.609
1823,0.0611,0.0097,0.0709,0.0128,0.8617771509167842,0.13681241184767276,3.4758,6.7763,3.4756,0.0,0.0,0.0,0.0,3.4756,6.7763,10.2519,10.2517
1824,0.1347,0.0013,0.136,0.0245,0.990441176470588,0.009558823529411764,7.4586,0.813,7.4586,0.0,0.0,0.0,0.0,7.458600000000001,0.813,8.271600000000001,8.2705
1825,0.1703,0.0027,0.1729,0.0311,0.9849624060150376,0.015615962984384038,9.4296,1.7303,9.4297,0.0001,0.0,0.0,0.0,9.4297,1.7303000000000002,11.16,11.1603
1826,0.1558,0.0002,0.1561,0.0281,0.9980781550288277,0.0012812299807815504,9.0978,0.1465,9.098,0.0002,0.0,0.0,0.0,9.098,0.1465,9.2445,9.2443
1827,0.0621,0.0001,0.0622,0.0112,0.9983922829581994,0.0016077170418006433,3.273,0.0405,3.2727,0.0,0.0,0.0,0.0,3.2727,0.0405,3.3132,3.3085
1828,0.1427,0.0,0.1427,0.0257,1.0,0.0,8.1096,0.005,8.1096,0.0,0.0,0.0,0.0,8.109599999999999,0.005,8.1146,8.1104
1829,0.1657,0.0014,0.1672,0.0301,0.9910287081339713,0.008373205741626795,8.5242,0.936,8.5241,0.0,0.0,0.0,0.0,8.5241,0.9359999999999999,9.4601,9.4621
1830,0.1532,0.0014,0.1547,0.0278,0.9903038138332256,0.009049773755656108,8.0736,0.9255,8.0737,0.0001,0.0,0.0,0.0,8.073699999999999,0.9255,8.999199999999998,8.9962
1831,0.1154,0.0021,0.1175,0.0212,0.9821276595744681,0.017872340425531916,6.393,1.1952,6.393,0.0,0.0,0.0,0.0,6.393,1.1951999999999998,7.5882,7.5879
1832,0.1293,0.0015,0.1308,0.0235,0.9885321100917431,0.011467889908256881,7.548,0.9251,7.5479,0.0,0.0,0.0,0.0,7.5479,0.9251,8.473,8.4734
1833,0.1352,0.0041,0.1392,0.0251,0.9712643678160919,0.029454022988505753,8.1096,2.5953,8.1097,0.0001,0.0,0.0,0.0,8.109699999999998,2.5953,10.704999999999998,10.7033
1834,0.0766,0.0,0.0766,0.0138,1.0,0.0,4.0368,0.0167,4.0368,0.0,0.0,0.0,0.0,4.0367999999999995,0.0167,4.0535,4.0499
1835,0.1276,0.0004,0.128,0.023,0.996875,0.003125,7.0644,0.2949,7.0644,0.0,0.0,0.0,0.0,7.064400000000001,0.2949,7.359300000000001,7.3641
1836,0.0404,0.0022,0.0426,0.0077,0.9483568075117371,0.051643192488262914,2.1816,1.3897,2.182,0.0004,0.0,0.0,0.0,2.1820000000000004,1.3897000000000002,3.5717000000000008,3.5703
1837,0.0364,0.0,0.0365,0.0066,0.9972602739726029,0.0,2.0184,0.0044,2.0184,0.0,0.0,0.0,0.0,2.0183999999999997,0.0044,2.0227999999999997,2.0187
1838,0.1035,0.0009,0.1044,0.0188,0.9913793103448275,0.008620689655172414,5.4546,0.5729,5.4546,0.0,0.0,0.0,0.0,5.454600000000001,0.5729,6.027500000000001,6.0297
1839,0.1243,0.0075,0.1318,0.0237,0.9430955993930197,0.05690440060698027,7.0644,4.4812,7.0645,0.0001,0.0,0.0,0.0,7.064500000000001,4.481199999999999,11.5457,11.5479
1840,0.101,0.0043,0.1053,0.019,0.9591642924976258,0.04083570750237417,5.4546,2.8434,5.4546,0.0,0.0,0.0,0.0,5.454600000000001,2.8434000000000004,8.298000000000002,8.2939
1841,0.1073,0.0,0.1073,0.0193,1.0,0.0,5.7924,0.024,5.7925,0.0001,0.0,0.0,0.0,5.7924999999999995,0.024,5.8165,5.8182
1842,0.096,0.0001,0.096,0.0173,1.0,0.0010416666666666667,5.4546,0.0357,5.4546,0.0,0.0,0.0,0.0,5.454600000000001,0.035699999999999996,5.490300000000001,5.4941
1843,0.1048,0.0022,0.1071,0.0193,0.9785247432306257,0.02054154995331466,5.661,1.374,5.6608,0.0,0.0,0.0,0.0,5.6608,1.374,7.034800000000001,7.0299
1844,0.1811,0.0,0.1812,0.0326,0.9994481236203091,0.0,10.0326,0.021,10.0327,0.0001,0.0,0.0,0.0,10.0327,0.021,10.053700000000001,10.0503
1845,0.0358,0.0,0.0359,0.0065,0.9972144846796657,0.0,1.887,0.0235,1.887,0.0,0.0,0.0,0.0,1.887,0.0235,1.9105,1.9145
1846,0.0909,0.0003,0.0912,0.0164,0.9967105263157894,0.0032894736842105257,5.4546,0.1565,5.4545,0.0,0.0,0.0,0.0,5.4544999999999995,0.1565,5.611,5.6158
1847,0.0996,0.0025,0.1021,0.0184,0.9755142017629774,0.02448579823702253,5.661,1.7277,5.6609,0.0,0.0,0.0,0.0,5.660900000000001,1.7277,7.3886,7.3843
1848,0.1685,0.0012,0.1697,0.0305,0.9929286977018269,0.007071302298173246,9.0978,0.7258,9.0978,0.0,0.0,0.0,0.0,9.0978,0.7258,9.823599999999999,9.8254
1849,0.1287,0.0,0.1287,0.0232,1.0,0.0,6.951,0.0073,6.9512,0.0002,0.0,0.0,0.0,6.9512,0.007299999999999999,6.9585,6.9543
1850,0.1495,0.0,0.1495,0.0269,1.0,0.0,8.0736,0.0056,8.0737,0.0001,0.0,0.0,0.0,8.073699999999999,0.0056,8.079299999999998,8.0745
1851,0.0589,0.0004,0.0593,0.0107,0.9932546374367622,0.0067453625632377745,3.0276,0.2644,3.0277,0.0001,0.0,0.0,0.0,3.0277000000000003,0.26439999999999997,3.2921000000000005,3.2948
1852,0.1341,0.0002,0.1343,0.0242,0.9985107967237528,0.0014892032762472078,7.0644,0.1062,7.0645,0.0001,0.0,0.0,0.0,7.064500000000001,0.10619999999999999,7.170700000000001,7.1677
1853,0.1065,0.0088,0.1154,0.0208,0.9228769497400346,0.07625649913344888,6.0552,5.1636,6.0552,0.0,0.0,0.0,0.0,6.0552,5.1636,11.2188,11.221
1854,0.1511,0.0002,0.1513,0.0272,0.9986781229345673,0.001321877065432915,7.9608,0.1059,7.9608,0.0,0.0,0.0,0.0,7.960800000000001,0.10590000000000001,8.0667,8.0708
1855,0.1643,0.0008,0.165,0.0297,0.9957575757575757,0.0048484848484848485,9.5898,0.4686,9.5898,0.0,0.0,0.0,0.0,9.5898,0.4686,10.0584,10.0582
1856,0.1401,0.004,0.144,0.0259,0.9729166666666668,0.02777777777777778,7.9608,2.6293,7.9608,0.0,0.0,0.0,0.0,7.960800000000001,2.6292999999999997,10.5901,10.5872
1857,0.182,0.0,0.182,0.0328,1.0,0.0,9.5898,0.0076,9.5897,0.0,0.0,0.0,0.0,9.5897,0.0076,9.5973,9.5979
1858,0.1,0.0037,0.1038,0.0187,0.9633911368015414,0.03564547206165703,5.6862,2.6801,5.6863,0.0001,0.0,0.0,0.0,5.6863,2.6801,8.3664,8.3695
1859,0.2063,0.0003,0.2065,0.0372,0.9990314769975788,0.0014527845036319612,10.6086,0.1704,10.6085,0.0,0.0,0.0,0.0,10.608500000000001,0.1704,10.778900000000002,10.7743
1860,0.0944,0.0001,0.0944,0.017,1.0,0.001059322033898305,5.661,0.0446,5.6609,0.0,0.0,0.0,0.0,5.660900000000001,0.04460000000000001,5.705500000000001,5.7012
1861,0.1121,0.0,0.1121,0.0202,1.0,0.0,6.5454,0.005,6.5455,0.0001,0.0,0.0,0.0,6.5455000000000005,0.005,6.5505,6.5465
1862,0.1858,0.0001,0.1859,0.0335,0.9994620763851532,0.0005379236148466917,10.0326,0.0857,10.0327,0.0001,0.0,0.0,0.0,10.0327,0.0857,10.1184,10.1208
1863,0.0622,0.0022,0.0644,0.0116,0.9658385093167702,0.034161490683229816,3.5364,1.4851,3.5361,0.0,0.0,0.0,0.0,3.5361000000000002,1.4851,5.0212,5.0163
1864,0.1363,0.0001,0.1364,0.0245,0.9992668621700881,0.0007331378299120236,7.548,0.0486,7.5478,0.0,0.0,0.0,0.0,7.5478000000000005,0.048600000000000004,7.596400000000001,7.5952
1865,0.0809,0.0007,0.0816,0.0147,0.9914215686274509,0.008578431372549019,4.2618,0.4334,4.2621,0.0003,0.0,0.0,0.0,4.2621,0.4334,4.6955,4.6946
1866,0.0805,0.0,0.0805,0.0145,1.0,0.0,4.4592,0.0099,4.4591,0.0,0.0,0.0,0.0,4.4591,0.009899999999999999,4.469,4.472
1867,0.0965,0.0001,0.0966,0.0174,0.9989648033126294,0.0010351966873706005,5.7924,0.0357,5.7926,0.0002,0.0,0.0,0.0,5.7926,0.035699999999999996,5.8283000000000005,5.826
1868,0.1516,0.0,0.1516,0.0273,1.0,0.0,9.0978,0.0062,9.0981,0.0003,0.0,0.0,0.0,9.098099999999999,0.0062,9.104299999999999,9.1028
1869,0.1036,0.0017,0.1052,0.0189,0.9847908745247148,0.016159695817490494,5.3274,1.1246,5.3275,0.0001,0.0,0.0,0.0,5.327500000000001,1.1246,6.452100000000001,6.4496
1870,0.1038,0.0,0.1039,0.0187,0.9990375360923965,0.0,6.2304,0.0162,6.2304,0.0,0.0,0.0,0.0,6.2304,0.0162,6.246600000000001,6.2482
1871,0.0768,0.0002,0.0769,0.0138,0.9986996098829648,0.002600780234070221,4.3638,0.1034,4.3636,0.0,0.0,0.0,0.0,4.3636,0.10339999999999999,4.467,4.4637
1872,0.0673,0.0001,0.0674,0.0121,0.9985163204747775,0.001483679525222552,4.0368,0.0735,4.0368,0.0,0.0,0.0,0.0,4.0367999999999995,0.0735,4.1103,4.1059
1873,0.1548,0.0,0.1548,0.0279,1.0,0.0,7.9608,0.0098,7.9608,0.0,0.0,0.0,0.0,7.960800000000001,0.0098,7.970600000000001,7.9672
1874,0.0785,0.0001,0.0786,0.0141,0.9987277353689568,0.001272264631043257,4.0368,0.036,4.0368,0.0,0.0,0.0,0.0,4.0367999999999995,0.036000000000000004,4.072799999999999,4.0734
1875,0.1046,0.0048,0.1094,0.0197,0.9561243144424132,0.043875685557586835,5.7924,3.2521,5.7925,0.0001,0.0,0.0,0.0,5.7925,3.2521,9.0446,9.0449
1876,0.0808,0.0015,0.0822,0.0148,0.9829683698296837,0.018248175182481754,4.7148,0.9716,4.7148,0.0,0.0,0.0,0.0,4.7148,0.9715999999999999,5.6864,5.6834
1877,0.1486,0.0002,0.1489,0.0268,0.9979852249832103,0.001343183344526528,8.9184,0.1615,8.9182,0.0,0.0,0.0,0.0,8.918199999999999,0.1615,9.079699999999999,9.0823
1878,0.0405,0.0,0.0405,0.0073,1.0,0.0,2.1312,0.0128,2.1309,0.0,0.0,0.0,0.0,2.1309,0.0128,2.1437,2.1443
1879,0.179,0.0087,0.1877,0.0338,0.9536494405966968,0.04635055940330314,9.4296,5.7262,9.4296,0.0,0.0,0.0,0.0,9.4296,5.7262,15.155800000000001,15.159
1880,0.0576,0.0001,0.0576,0.0104,1.0,0.0017361111111111112,3.273,0.0391,3.2729,0.0,0.0,0.0,0.0,3.2729,0.0391,3.312,3.3168
1881,0.0524,0.0001,0.0525,0.0094,0.9980952380952381,0.001904761904761905,2.8302,0.0543,2.8302,0.0,0.0,0.0,0.0,2.8302000000000005,0.0543,2.8845000000000005,2.8882
1882,0.1141,0.0003,0.1144,0.0206,0.9973776223776223,0.002622377622377622,5.8662,0.224,5.8663,0.0001,0.0,0.0,0.0,5.866300000000001,0.22399999999999998,6.090300000000001,6.0933
1883,0.1533,0.0002,0.1535,0.0276,0.9986970684039087,0.0013029315960912053,8.4912,0.1097,8.4912,0.0,0.0,0.0,0.0,8.491200000000001,0.1097,8.600900000000001,8.5985
1884,0.0962,0.0066,0.1028,0.0185,0.9357976653696497,0.06420233463035019,5.3274,3.8998,5.3275,0.0001,0.0,0.0,0.0,5.327500000000001,3.8998,9.2273,9.2301
1885,0.0397,0.0,0.0397,0.0072,1.0,0.0,2.3172,0.0238,2.3172,0.0,0.0,0.0,0.0,2.3172,0.0238,2.341,2.3438
1886,0.1264,0.0001,0.1265,0.0228,0.999209486166008,0.0007905138339920949,6.8238,0.0943,6.8237,0.0,0.0,0.0,0.0,6.8237,0.0943,6.917999999999999,6.9138
1887,0.0543,0.0023,0.0566,0.0102,0.9593639575971732,0.04063604240282686,2.9334,1.5767,2.9331,0.0,0.0,0.0,0.0,2.9331,1.5766999999999998,4.5098,4.5078
1888,0.15,0.0,0.15,0.027,1.0,0.0,8.307,0.0043,8.3069,0.0,0.0,0.0,0.0,8.3069,0.0043,8.311200000000001,8.312
1889,0.15,0.0,0.15,0.027,1.0,0.0,8.5242,0.0088,8.5242,0.0,0.0,0.0,0.0,8.5242,0.008799999999999999,8.533000000000001,8.5324
1890,0.1258,0.0004,0.1262,0.0227,0.9968304278922344,0.003169572107765452,7.548,0.2469,7.5479,0.0,0.0,0.0,0.0,7.5479,0.2469,7.7948,7.7935
1891,0.0788,0.0069,0.0857,0.0154,0.9194865810968494,0.08051341890315053,4.3638,4.1747,4.3637,0.0,0.0,0.0,0.0,4.3637,4.1747000000000005,8.5384,8.5419
1892,0.0706,0.0,0.0706,0.0127,1.0,0.0,3.9108,0.0039,3.9108,0.0,0.0,0.0,0.0,3.9108000000000005,0.0039,3.9147000000000003,3.9191
1893,0.199,0.0,0.199,0.0358,1.0,0.0,10.2354,0.0181,10.2354,0.0,0.0,0.0,0.0,10.2354,0.0181,10.2535,10.2505
1894,0.071,0.0059,0.077,0.0139,0.922077922077922,0.07662337662337662,4.0368,4.0176,4.0368,0.0,0.0,0.0,0.0,4.0367999999999995,4.0176,8.0544,8.0527
1895,0.0404,0.0,0.0404,0.0073,1.0,0.0,2.3574,0.0125,2.3574,0.0,0.0,0.0,0.0,2.3574,0.0125,2.3699000000000003,2.3665
1896,0.1759,0.0043,0.1802,0.0324,0.9761376248612653,0.02386237513873474,9.2682,2.6297,9.2682,0.0,0.0,0.0,0.0,9.2682,2.6296999999999997,11.8979,11.9019
1897,0.1131,0.0022,0.1153,0.0208,0.9809193408499567,0.019080659150043366,6.6042,1.3043,6.6042,0.0,0.0,0.0,0.0,6.6042,1.3043,7.9085,7.9087
1898,0.0909,0.0002,0.0911,0.0164,0.9978046103183315,0.0021953896816684962,5.4546,0.1244,5.4544,0.0,0.0,0.0,0.0,5.4544,0.12439999999999998,5.578799999999999,5.5811
1899,0.0808,0.0043,0.0851,0.0153,0.9494712103407755,0.05052878965922444,4.3638,2.7335,4.3636,0.0,0.0,0.0,0.0,4.3636,2.7335000000000003,7.0971,7.0965
1900,0.1848,0.0039,0.1887,0.034,0.9793322734499205,0.02066772655007949,10.2354,2.7129,10.2354,0.0,0.0,0.0,0.0,10.2354,2.7129000000000003,12.9483,12.9492
1901,0.1059,0.0001,0.1061,0.0191,0.9981149858623939,0.0009425070688030161,5.8662,0.0879,5.8663,0.0001,0.0,0.0,0.0,5.866300000000001,0.08789999999999999,5.954200000000001,5.9573
1902,0.0632,0.0001,0.0633,0.0114,0.9984202211690365,0.0015797788309636653,3.4116,0.0508,3.4117,0.0001,0.0,0.0,0.0,3.4116999999999997,0.0508,3.4625,3.4619
1903,0.0636,0.0003,0.0639,0.0115,0.9953051643192489,0.004694835680751174,3.273,0.1608,3.273,0.0,0.0,0.0,0.0,3.273,0.1608,3.4338,3.4294
1904,0.1204,0.0002,0.1206,0.0217,0.9983416252072969,0.001658374792703151,6.8442,0.0963,6.8439,0.0,0.0,0.0,0.0,6.8439,0.0963,6.9402,6.944
1905,0.0985,0.0,0.0985,0.0177,1.0,0.0,5.4546,0.0076,5.4544,0.0,0.0,0.0,0.0,5.454400000000001,0.0076,5.462000000000001,5.4578
1906,0.0374,0.0,0.0374,0.0067,1.0,0.0,2.1816,0.0056,2.1816,0.0,0.0,0.0,0.0,2.1816,0.0056,2.1872,2.1908
1907,0.0394,0.002,0.0414,0.0075,0.9516908212560387,0.04830917874396135,2.0766,1.3052,2.077,0.0004,0.0,0.0,0.0,2.077,1.3052000000000001,3.3822,3.3784
1908,0.1379,0.0002,0.1381,0.0249,0.9985517740767559,0.0014482259232440262,7.6362,0.1342,7.6363,0.0001,0.0,0.0,0.0,7.6363,0.13419999999999999,7.7705,7.7694
1909,0.0748,0.0023,0.0771,0.0139,0.9701686121919585,0.029831387808041503,4.3638,1.4105,4.3638,0.0,0.0,0.0,0.0,4.3637999999999995,1.4104999999999999,5.774299999999999,5.7732
1910,0.1037,0.0,0.1037,0.0187,1.0,0.0,5.8938,0.0044,5.8937,0.0,0.0,0.0,0.0,5.8937,0.004399999999999999,5.8981,5.8939
1911,0.1264,0.0,0.1264,0.0227,1.0,0.0,6.8238,0.0049,6.8235,0.0,0.0,0.0,0.0,6.823499999999999,0.0049,6.828399999999999,6.8286
1912,0.15,0.0011,0.151,0.0272,0.9933774834437086,0.00728476821192053,8.5242,0.6806,8.5241,0.0,0.0,0.0,0.0,8.5241,0.6806,9.2047,9.2073
1913,0.04,0.0001,0.0401,0.0072,0.9975062344139652,0.002493765586034913,2.2746,0.0799,2.2746,0.0,0.0,0.0,0.0,2.2746,0.07990000000000001,2.3545,2.3535
1914,0.1319,0.0085,0.1404,0.0253,0.9394586894586894,0.060541310541310546,6.951,5.9294,6.951,0.0,0.0,0.0,0.0,6.9510000000000005,5.929399999999999,12.8804,12.8799
1915,0.0769,0.0061,0.0831,0.0149,0.9253910950661853,0.07340553549939832,4.2618,3.6112,4.2621,0.0003,0.0,0.0,0.0,4.2621,3.6111999999999997,7.8733,7.8734
1916,0.0341,0.0054,0.0395,0.0071,0.8632911392405063,0.13670886075949368,1.887,3.2231,1.887,0.0,0.0,0.0,0.0,1.887,3.2231,5.1101,5.1119
1917,0.1409,0.0,0.1409,0.0254,1.0,0.0,7.8036,0.0044,7.8033,0.0,0.0,0.0,0.0,7.803299999999999,0.004399999999999999,7.8077,7.8096
1918,0.1183,0.0002,0.1185,0.0213,0.9983122362869199,0.001687763713080169,6.2304,0.144,6.2303,0.0,0.0,0.0,0.0,6.230300000000001,0.14400000000000002,6.374300000000001,6.3702
1919,0.1379,0.0001,0.138,0.0248,0.9992753623188405,0.0007246376811594203,7.6362,0.077,7.6365,0.0003,0.0,0.0,0.0,7.6365,0.077,7.7135,7.7182
1920,0.0548,0.0012,0.056,0.0101,0.9785714285714285,0.021428571428571425,3.1968,0.7647,3.1964,0.0,0.0,0.0,0.0,3.1963999999999997,0.7646999999999999,3.9610999999999996,3.9633
1921,0.0323,0.0,0.0323,0.0058,1.0,0.0,1.887,0.0064,1.887,0.0,0.0,0.0,0.0,1.887,0.0063999999999999994,1.8934,1.8968
1922,0.1284,0.0,0.1285,0.0231,0.9992217898832684,0.0,6.6042,0.0289,6.6045,0.0003,0.0,0.0,0.0,6.6045,0.028900000000000002,6.6334,6.6377
1923,0.1309,0.0019,0.1328,0.0239,0.9856927710843373,0.01430722891566265,7.248,1.1864,7.2479,0.0,0.0,0.0,0.0,7.2479000000000005,1.1864000000000001,8.4343,8.4306
1924,0.1162,0.0001,0.1163,0.0209,0.999140154772141,0.0008598452278589854,6.6042,0.0991,6.6042,0.0,0.0,0.0,0.0,6.6042,0.0991,6.7033,6.7056
1925,0.0797,0.0012,0.0809,0.0146,0.9851668726823237,0.014833127317676142,4.53,0.7522,4.5299,0.0,0.0,0.0,0.0,4.5299,0.7522,5.2821,5.279
1926,0.0692,0.0009,0.0701,0.0126,0.9871611982881598,0.01283880171184023,4.1532,0.5985,4.1534,0.0002,0.0,0.0,0.0,4.1534,0.5985,4.751900000000001,4.7482
1927,0.0905,0.0029,0.0934,0.0168,0.9689507494646681,0.031049250535331904,4.8888,2.0966,4.8886,0.0,0.0,0.0,0.0,4.8886,2.0966,6.985200000000001,6.9854
1928,0.0537,0.0,0.0537,0.0097,1.0,0.0,2.8302,0.0046,2.8306,0.0004,0.0,0.0,0.0,2.8306,0.0046,2.8352,2.832
1929,0.1423,0.0001,0.1424,0.0256,0.9992977528089888,0.000702247191011236,8.307,0.0611,8.307,0.0,0.0,0.0,0.0,8.307,0.0611,8.3681,8.3705
1930,0.0434,0.0,0.0434,0.0078,1.0,0.0,2.2296,0.0117,2.2296,0.0,0.0,0.0,0.0,2.2296,0.011700000000000002,2.2413,2.2439
1931,0.0622,0.0001,0.0623,0.0112,0.9983948635634028,0.0016051364365971107,3.1968,0.0759,3.1965,0.0,0.0,0.0,0.0,3.1965000000000003,0.07590000000000001,3.2724,3.2761
1932,0.161,0.0,0.1611,0.029,0.9993792675356922,0.0,8.9184,0.0225,8.9181,0.0,0.0,0.0,0.0,8.918099999999999,0.0225,8.9406,8.9445
1933,0.1461,0.0004,0.1465,0.0264,0.997269624573379,0.002730375426621161,8.307,0.2339,8.3069,0.0,0.0,0.0,0.0,8.3069,0.23389999999999997,8.5408,8.5373
1934,0.1434,0.0,0.1435,0.0258,0.9993031358885018,0.0,8.154,0.0055,8.1539,0.0,0.0,0.0,0.0,8.1539,0.0055,8.1594,8.1615
1935,0.0815,0.0009,0.0825,0.0148,0.9878787878787879,0.010909090909090908,4.6344,0.5571,4.6339,0.0,0.0,0.0,0.0,4.633900000000001,0.5571,5.191000000000001,5.1869
1936,0.0724,0.0,0.0725,0.013,0.9986206896551726,0.0,3.9108,0.0312,3.9108,0.0,0.0,0.0,0.0,3.9108000000000005,0.0312,3.9420000000000006,3.9466
1937,0.1716,0.0,0.1717,0.0309,0.9994175888177054,0.0,9.2682,0.0118,9.2682,0.0,0.0,0.0,0.0,9.2682,0.0118,9.28,9.2838
1938,0.0374,0.0022,0.0396,0.0071,0.9444444444444444,0.05555555555555555,2.0184,1.4324,2.0184,0.0,0.0,0.0,0.0,2.0183999999999997,1.4324000000000001,3.4508,3.454
1939,0.1106,0.0,0.1106,0.0199,1.0,0.0,5.6862,0.0173,5.6863,0.0001,0.0,0.0,0.0,5.6863,0.0173,5.7036,5.7015
1940,0.1095,0.0,0.1095,0.0197,1.0,0.0,6.393,0.0202,6.393,0.0,0.0,0.0,0.0,6.393,0.0202,6.4132,6.4171
1941,0.0458,0.0001,0.0459,0.0083,0.9978213507625272,0.0021786492374727667,2.3574,0.0494,2.3575,0.0001,0.0,0.0,0.0,2.3575,0.0494,2.4069,2.4093
1942,0.0519,0.0001,0.052,0.0094,0.9980769230769232,0.0019230769230769232,3.1152,0.0626,3.1152,0.0,0.0,0.0,0.0,3.1152,0.0626,3.1778000000000004,3.1737
1943,0.1746,0.0,0.1746,0.0314,1.0,0.0,9.4296,0.0152,9.4296,0.0,0.0,0.0,0.0,9.4296,0.015200000000000002,9.4448,9.4441
1944,0.0981,0.0046,0.1027,0.0185,0.955209347614411,0.044790652385589096,5.574,3.0027,5.5739,0.0,0.0,0.0,0.0,5.5739,3.0027000000000004,8.576600000000001,8.58
1945,0.0478,0.0003,0.0481,0.0087,0.9937629937629938,0.0062370062370062365,2.718,0.1573,2.7179,0.0,0.0,0.0,0.0,2.7179,0.1573,2.8752000000000004,2.8772
1946,0.0958,0.0038,0.0996,0.0179,0.9618473895582329,0.03815261044176707,5.046,2.5756,5.0461,0.0001,0.0,0.0,0.0,5.0461,2.5755999999999997,7.6217,7.6265
1947,0.0985,0.002,0.1004,0.0181,0.9810756972111554,0.0199203187250996,5.4546,1.2156,5.4545,0.0,0.0,0.0,0.0,5.4544999999999995,1.2156,6.6701,6.6737
1948,0.1065,0.0001,0.1067,0.0192,0.9981255857544516,0.0009372071227741331,6.0552,0.0859,6.0552,0.0,0.0,0.0,0.0,6.0552,0.0859,6.1411,6.1461
1949,0.0769,0.0032,0.0801,0.0144,0.9600499375780274,0.039950062421972535,4.1532,2.1357,4.1534,0.0002,0.0,0.0,0.0,4.1534,2.1357,6.2891,6.2866
1950,0.1601,0.009,0.169,0.0304,0.9473372781065088,0.05325443786982248,9.0978,5.8849,9.098,0.0002,0.0,0.0,0.0,9.097999999999999,5.884900000000001,14.9829,14.9806
1951,0.1337,0.0001,0.1337,0.0241,1.0,0.0007479431563201197,7.8036,0.0489,7.8034,0.0,0.0,0.0,0.0,7.803400000000001,0.0489,7.8523000000000005,7.8542
1952,0.0616,0.0002,0.0618,0.0111,0.9967637540453075,0.003236245954692557,3.4116,0.1075,3.4117,0.0001,0.0,0.0,0.0,3.4116999999999997,0.1075,3.5191999999999997,3.5238
1953,0.1064,0.0001,0.1065,0.0192,0.9990610328638497,0.0009389671361502348,5.8938,0.0556,5.8936,0.0,0.0,0.0,0.0,5.893599999999999,0.0556,5.949199999999999,5.9489
1954,0.1577,0.0,0.1577,0.0284,1.0,0.0,8.307,0.0112,8.307,0.0,0.0,0.0,0.0,8.307,0.011200000000000002,8.318200000000001,8.3197
1955,0.1485,0.0004,0.1489,0.0268,0.9973136333109469,0.002686366689053056,7.6362,0.26,7.6362,0.0,0.0,0.0,0.0,7.6362000000000005,0.26,7.8962,7.9008
1956,0.0498,0.0,0.0498,0.009,1.0,0.0,2.8302,0.0039,2.8302,0.0,0.0,0.0,0.0,2.8302000000000005,0.0039000000000000003,2.8341000000000003,2.835
1957,0.1312,0.0003,0.1316,0.0237,0.9969604863221886,0.0022796352583586625,7.2684,0.2079,7.2685,0.0001,0.0,0.0,0.0,7.2685,0.2079,7.476400000000001,7.4745
1958,0.0458,0.0,0.0458,0.0083,1.0,0.0,2.3574,0.0075,2.3574,0.0,0.0,0.0,0.0,2.3574,0.0075,2.3649,2.3649
1959,0.0688,0.0007,0.0695,0.0125,0.9899280575539567,0.010071942446043165,3.5364,0.4421,3.5363,0.0,0.0,0.0,0.0,3.5362999999999998,0.4421,3.9783999999999997,3.979
1960,0.0711,0.0001,0.0713,0.0128,0.9971949509116409,0.001402524544179523,4.1532,0.0889,4.1534,0.0002,0.0,0.0,0.0,4.1534,0.08889999999999999,4.2423,4.2457
1961,0.1308,0.0036,0.1344,0.0242,0.9732142857142858,0.026785714285714288,7.6362,2.3054,7.6365,0.0003,0.0,0.0,0.0,7.6365,2.3054,9.9419,9.9409
1962,0.0604,0.0003,0.0607,0.0109,0.9950576606260297,0.004942339373970346,3.624,0.1824,3.624,0.0,0.0,0.0,0.0,3.624,0.1824,3.8064,3.8019
1963,0.097,0.0,0.097,0.0175,1.0,0.0,5.661,0.0144,5.661,0.0,0.0,0.0,0.0,5.6610000000000005,0.0144,5.675400000000001,5.6758
1964,0.0503,0.0001,0.0505,0.0091,0.9960396039603959,0.0019801980198019802,2.718,0.089,2.718,0.0,0.0,0.0,0.0,2.718,0.08899999999999998,2.807,2.8049
1965,0.167,0.007,0.1741,0.0313,0.9592188397472717,0.040206777713957496,8.7996,4.9397,8.7995,0.0,0.0,0.0,0.0,8.799499999999998,4.9397,13.739199999999999,13.7408
1966,0.0408,0.0104,0.0512,0.0092,0.796875,0.20312499999999997,2.3172,7.1831,2.317,0.0,0.0,0.0,0.0,2.317,7.1831,9.5001,9.5017
1967,0.0821,0.0001,0.0822,0.0148,0.9987834549878347,0.0012165450121654502,4.5492,0.0435,4.5492,0.0,0.0,0.0,0.0,4.5492,0.0435,4.5927,4.5953
1968,0.1759,0.0022,0.1781,0.0321,0.987647389107243,0.012352610892756879,9.2682,1.5426,9.2682,0.0,0.0,0.0,0.0,9.2682,1.5425999999999997,10.8108,10.8117
1969,0.0393,0.0001,0.0394,0.0071,0.9974619289340102,0.002538071065989848,2.3574,0.0418,2.3574,0.0,0.0,0.0,0.0,2.3574,0.0418,2.3992,2.4
1970,0.0332,0.0026,0.0358,0.0064,0.9273743016759777,0.07262569832402235,1.887,1.6817,1.8869,0.0,0.0,0.0,0.0,1.8869,1.6817000000000002,3.5686,3.5682
1971,0.0821,0.0088,0.0909,0.0164,0.9031903190319033,0.09680968096809682,4.5492,4.995,5.5489,0.9997,0.0,0.0,0.0,5.5489,4.995,10.5439,10.5468
1972,0.1346,0.0,0.1346,0.0242,1.0,0.0,8.0736,0.0061,8.0736,0.0,0.0,0.0,0.0,8.073599999999999,0.0061,8.079699999999999,8.0838
1973,0.0841,0.0,0.0841,0.0151,1.0,0.0,5.046,0.0068,5.046,0.0,0.0,0.0,0.0,5.046,0.0068,5.0528,5.0572
1974,0.0371,0.0,0.0371,0.0067,1.0,0.0,1.9554,0.0146,1.9554,0.0,0.0,0.0,0.0,1.9554000000000002,0.014599999999999998,1.9700000000000002,1.9744
1975,0.1287,0.0,0.1287,0.0232,1.0,0.0,6.951,0.0055,6.9512,0.0002,0.0,0.0,0.0,6.9512,0.0055,6.9567,6.9519
1976,0.1716,0.0078,0.1794,0.0323,0.9565217391304348,0.043478260869565216,9.2682,4.8989,9.2682,0.0,0.0,0.0,0.0,9.2682,4.898900000000001,14.167100000000001,14.1696
1977,0.1027,0.0002,0.1028,0.0185,0.9990272373540856,0.0019455252918287938,5.6862,0.0983,5.6863,0.0001,0.0,0.0,0.0,5.6863,0.0983,5.7846,5.7885
1978,0.0913,0.0063,0.0976,0.0176,0.9354508196721312,0.06454918032786885,5.1918,3.8182,5.1918,0.0,0.0,0.0,0.0,5.191799999999999,3.8182,9.009999999999998,9.0063
1979,0.0622,0.0007,0.0629,0.0113,0.9888712241653418,0.011128775834658189,3.5364,0.4648,3.5363,0.0,0.0,0.0,0.0,3.5362999999999998,0.4648,4.0011,3.998
1980,0.0758,0.0,0.0759,0.0137,0.9986824769433467,0.0,4.5492,0.0237,4.5491,0.0,0.0,0.0,0.0,4.549099999999999,0.0237,4.572799999999999,4.5713
1981,0.1331,0.0004,0.1335,0.024,0.997003745318352,0.00299625468164794,6.8442,0.2203,6.8442,0.0,0.0,0.0,0.0,6.8442,0.2203,7.0645,7.0667
1982,0.0537,0.0004,0.0541,0.0097,0.9926062846580406,0.0073937153419593345,2.8302,0.2077,2.8304,0.0002,0.0,0.0,0.0,2.8304,0.2077,3.0381,3.0365
1983,0.131,0.0001,0.131,0.0236,1.0,0.0007633587786259542,7.0722,0.0394,7.0722,0.0,0.0,0.0,0.0,7.0722000000000005,0.0394,7.1116,7.1136
1984,0.0498,0.0003,0.0501,0.009,0.9940119760479041,0.005988023952095808,2.8302,0.1985,2.8306,0.0004,0.0,0.0,0.0,2.8306000000000004,0.1985,3.0291000000000006,3.0245
1985,0.0748,0.0032,0.078,0.014,0.958974358974359,0.041025641025641026,4.0368,1.9894,4.037,0.0002,0.0,0.0,0.0,4.037,1.9893999999999998,6.0264,6.0239
1986,0.0332,0.0054,0.0386,0.007,0.8601036269430051,0.13989637305699482,1.887,3.4654,1.887,0.0,0.0,0.0,0.0,1.887,3.4654000000000003,5.3524,5.3507
1987,0.0808,0.0,0.0808,0.0145,1.0,0.0,4.3638,0.0041,4.3636,0.0,0.0,0.0,0.0,4.3636,0.0040999999999999995,4.3677,4.3725
1988,0.0573,0.0002,0.0575,0.0103,0.9965217391304347,0.0034782608695652175,3.3444,0.1064,3.3443,0.0,0.0,0.0,0.0,3.3443,0.1064,3.4507,3.4466
1989,0.0934,0.0053,0.0987,0.0178,0.9463019250253293,0.053698074974670724,5.4546,3.1895,5.4545,0.0,0.0,0.0,0.0,5.4545,3.1895,8.644,8.6464
1990,0.0346,0.0,0.0346,0.0062,1.0,0.0,2.0766,0.017,2.0768,0.0002,0.0,0.0,0.0,2.0768,0.017,2.0938,2.0974
1991,0.1376,0.0001,0.1377,0.0248,0.9992737835875092,0.0007262164124909224,7.248,0.0945,7.2479,0.0,0.0,0.0,0.0,7.2479,0.0945,7.3424,7.3468
1992,0.0818,0.0,0.0818,0.0147,1.0,0.0,4.53,0.011,4.5298,0.0,0.0,0.0,0.0,4.5298,0.011,4.5408,4.5387
1993,0.1211,0.0004,0.1215,0.0219,0.9967078189300411,0.003292181069958848,7.2684,0.2857,7.2685,0.0001,0.0,0.0,0.0,7.2685,0.2857,7.554200000000001,7.5542
1994,0.0429,0.0,0.0429,0.0077,1.0,0.0,2.3172,0.0128,2.3171,0.0,0.0,0.0,0.0,2.3171,0.0128,2.3299,2.3268
1995,0.1485,0.0,0.1485,0.0267,1.0,0.0,7.6362,0.0053,7.6366,0.0004,0.0,0.0,0.0,7.6366,0.005299999999999999,7.6419,7.6386
1996,0.0688,0.0,0.0688,0.0124,1.0,0.0,3.5364,0.0049,3.5362,0.0,0.0,0.0,0.0,3.5362000000000005,0.0049,3.5411000000000006,3.545
1997,0.0769,0.0001,0.0771,0.0139,0.9974059662775615,0.0012970168612191958,4.1532,0.0906,4.1534,0.0002,0.0,0.0,0.0,4.1534,0.09060000000000001,4.244000000000001,4.2478
1998,0.1278,0.0018,0.1295,0.0233,0.9868725868725868,0.013899613899613899,7.4586,1.2157,7.4586,0.0,0.0,0.0,0.0,7.458600000000001,1.2157,8.6743,8.6781
1999,0.0885,0.0,0.0885,0.0159,1.0,0.0,4.5492,0.005,4.5491,0.0,0.0,0.0,0.0,4.549099999999999,0.005,4.554099999999999,4.5568
2000,0.0934,0.0029,0.0963,0.0173,0.9698857736240913,0.030114226375908618,5.046,2.0752,5.0461,0.0001,0.0,0.0,0.0,5.0461,2.0752,7.1213,7.1223
2001,0.0883,0.0,0.0883,0.0159,1.0,0.0,4.8888,0.0069,4.8887,0.0,0.0,0.0,0.0,4.8887,0.0069,4.8956,4.8999
2002,0.1007,0.0,0.1007,0.0181,1.0,0.0,5.436,0.0132,5.436,0.0,0.0,0.0,0.0,5.436,0.0132,5.4492,5.4461
2003,0.1452,0.0052,0.1504,0.0271,0.9654255319148936,0.03457446808510638,8.2512,3.084,8.2509,0.0,0.0,0.0,0.0,8.2509,3.084,11.3349,11.3395
2004,0.1352,0.0,0.1352,0.0243,1.0,0.0,6.951,0.013,6.9511,0.0001,0.0,0.0,0.0,6.9511,0.013000000000000001,6.9641,6.9647
2005,0.0748,0.0001,0.0749,0.0135,0.9986648865153539,0.001335113484646195,4.0368,0.0708,4.0368,0.0,0.0,0.0,0.0,4.0367999999999995,0.07079999999999999,4.1076,4.103
2006,0.1951,0.0,0.1951,0.0351,1.0,0.0,10.0326,0.0062,10.033,0.0004,0.0,0.0,0.0,10.033,0.006200000000000001,10.0392,10.0414
2007,0.1121,0.0,0.1122,0.0202,0.9991087344028522,0.0,6.5454,0.0279,6.5455,0.0001,0.0,0.0,0.0,6.5455,0.027899999999999998,6.5733999999999995,6.5781
2008,0.1643,0.0003,0.1645,0.0296,0.9987841945288753,0.0018237082066869298,9.5898,0.1692,9.5896,0.0,0.0,0.0,0.0,9.5896,0.1692,9.7588,9.7577
2009,0.0654,0.0052,0.0706,0.0127,0.9263456090651558,0.07365439093484419,3.624,3.594,3.624,0.0,0.0,0.0,0.0,3.624,3.5939999999999994,7.218,7.2178
2010,0.1455,0.0005,0.146,0.0263,0.9965753424657534,0.0034246575342465756,8.4912,0.3947,8.4913,0.0001,0.0,0.0,0.0,8.4913,0.39469999999999994,8.886000000000001,8.8886
2011,0.0607,0.0,0.0607,0.0109,1.0,0.0,3.1968,0.0245,3.1967,0.0,0.0,0.0,0.0,3.1967,0.0245,3.2212,3.2243
2012,0.1184,0.0,0.1184,0.0213,1.0,0.0,6.393,0.0088,6.393,0.0,0.0,0.0,0.0,6.393,0.0088,6.4018,6.4038
2013,0.12,0.0037,0.1237,0.0223,0.9700889248181083,0.029911075181891674,6.8238,2.5429,6.8237,0.0,0.0,0.0,0.0,6.8237,2.5429000000000004,9.3666,9.3688
2014,0.0516,0.0031,0.0547,0.0099,0.943327239488117,0.056672760511883,2.9334,1.9778,2.9332,0.0,0.0,0.0,0.0,2.9332000000000003,1.9778,4.9110000000000005,4.9159
2015,0.1434,0.0,0.1435,0.0258,0.9993031358885018,0.0,8.154,0.0201,8.1539,0.0,0.0,0.0,0.0,8.1539,0.020099999999999996,8.174,8.1708
2016,0.1267,0.0,0.1267,0.0228,1.0,0.0,6.8442,0.0031,6.8442,0.0,0.0,0.0,0.0,6.8442,0.0031,6.8473,6.8451
2017,0.0888,0.0008,0.0896,0.0161,0.9910714285714286,0.00892857142857143,5.046,0.5266,5.0461,0.0001,0.0,0.0,0.0,5.0461,0.5266,5.5727,5.5712
2018,0.0901,0.0001,0.0902,0.0162,0.9988913525498891,0.0011086474501108647,4.6344,0.0478,4.6342,0.0,0.0,0.0,0.0,4.6342,0.0478,4.6819999999999995,4.6794
2019,0.0392,0.0,0.0393,0.0071,0.9974554707379134,0.0,2.0184,0.0091,2.0184,0.0,0.0,0.0,0.0,2.0183999999999997,0.0091,2.0275,2.0263
2020,0.1915,0.0004,0.1919,0.0345,0.9979155810317875,0.002084418968212611,10.6086,0.2372,10.6083,0.0,0.0,0.0,0.0,10.6083,0.23719999999999997,10.8455,10.8474
2021,0.0404,0.0001,0.0405,0.0073,0.9975308641975308,0.0024691358024691358,2.1816,0.0392,2.1818,0.0002,0.0,0.0,0.0,2.1818,0.0392,2.221,2.2177
2022,0.086,0.0014,0.0874,0.0157,0.9839816933638442,0.016018306636155607,4.8888,1.0304,4.8887,0.0,0.0,0.0,0.0,4.8887,1.0304,5.9191,5.924
2023,0.1766,0.0,0.1766,0.0318,1.0,0.0,9.0828,0.0195,9.0829,0.0001,0.0,0.0,0.0,9.0829,0.019499999999999997,9.102400000000001,9.1028
2024,0.1566,0.0,0.1567,0.0282,0.9993618379068282,0.0,8.2512,0.0212,8.251,0.0,0.0,0.0,0.0,8.251,0.0212,8.2722,8.2757
2025,0.1672,0.0002,0.1675,0.0301,0.9982089552238804,0.0011940298507462687,10.0326,0.1598,10.0328,0.0002,0.0,0.0,0.0,10.0328,0.1598,10.1926,10.1942
2026,0.1022,0.0011,0.1033,0.0186,0.989351403678606,0.010648596321393998,5.661,0.7322,5.661,0.0,0.0,0.0,0.0,5.6610000000000005,0.7322,6.3932,6.397
2027,0.0636,0.0001,0.0637,0.0115,0.9984301412872841,0.0015698587127158554,3.273,0.0382,3.2728,0.0,0.0,0.0,0.0,3.2728,0.0382,3.311,3.3094
2028,0.073,0.0005,0.0735,0.0132,0.9931972789115646,0.006802721088435375,4.2618,0.3017,4.2618,0.0,0.0,0.0,0.0,4.2618,0.30169999999999997,4.5635,4.5628
2029,0.1802,0.0001,0.1803,0.0325,0.9994453688297283,0.0005546311702717693,9.2682,0.0438,9.2682,0.0,0.0,0.0,0.0,9.2682,0.0438,9.312,9.3153
2030,0.0579,0.0005,0.0584,0.0105,0.9914383561643836,0.008561643835616438,3.4758,0.2941,3.4754,0.0,0.0,0.0,0.0,3.4754000000000005,0.29410000000000003,3.7695000000000007,3.7654
2031,0.075,0.0,0.075,0.0135,1.0,0.0,4.2618,0.0096,4.262,0.0002,0.0,0.0,0.0,4.2620000000000005,0.0096,4.2716,4.2716
2032,0.0489,0.0027,0.0516,0.0093,0.9476744186046512,0.05232558139534884,2.9334,1.9284,2.9332,0.0,0.0,0.0,0.0,2.9332,1.9284000000000001,4.8616,4.8581
2033,0.1427,0.0,0.1427,0.0257,1.0,0.0,8.1096,0.0153,8.1096,0.0,0.0,0.0,0.0,8.109599999999999,0.015299999999999998,8.124899999999998,8.1276
2034,0.1731,0.0005,0.1735,0.0312,0.9976945244956773,0.0028818443804034585,9.3456,0.2914,9.3454,0.0,0.0,0.0,0.0,9.3454,0.29140000000000005,9.6368,9.6392
2035,0.1485,0.0009,0.1494,0.0269,0.9939759036144578,0.006024096385542168,7.8216,0.6384,7.8217,0.0001,0.0,0.0,0.0,7.821700000000001,0.6384,8.4601,8.4587
2036,0.1019,0.0015,0.1034,0.0186,0.9854932301740812,0.014506769825918761,5.7924,0.932,5.7924,0.0,0.0,0.0,0.0,5.7924,0.932,6.7244,6.7264
2037,0.1073,0.0001,0.1073,0.0193,1.0,0.0009319664492078285,5.7924,0.0517,5.7925,0.0001,0.0,0.0,0.0,5.7924999999999995,0.051699999999999996,5.8442,5.8401
2038,0.1448,0.0015,0.1464,0.0263,0.9890710382513662,0.010245901639344262,7.8216,1.0359,7.8217,0.0001,0.0,0.0,0.0,7.821700000000001,1.0359,8.857600000000001,8.8559
2039,0.1223,0.0,0.1223,0.022,1.0,0.0,6.951,0.0203,6.9512,0.0002,0.0,0.0,0.0,6.9512,0.020300000000000002,6.9715,6.9669
2040,0.1264,0.0001,0.1265,0.0228,0.999209486166008,0.0007905138339920949,6.8238,0.0884,6.8237,0.0,0.0,0.0,0.0,6.823699999999999,0.08839999999999999,6.912099999999999,6.9166
2041,0.0934,0.0,0.0935,0.0168,0.9989304812834224,0.0,5.046,0.0094,5.046,0.0,0.0,0.0,0.0,5.046,0.009399999999999999,5.055400000000001,5.0593
2042,0.1727,0.0002,0.1729,0.0311,0.9988432620011567,0.0011567379988432621,9.8184,0.1138,9.8182,0.0,0.0,0.0,0.0,9.818200000000001,0.11379999999999998,9.932,9.9365
2043,0.1208,0.0002,0.121,0.0218,0.9983471074380166,0.0016528925619834713,7.248,0.1004,7.2479,0.0,0.0,0.0,0.0,7.2479,0.1004,7.348299999999999,7.3506
2044,0.1445,0.0061,0.1506,0.0271,0.9594953519256306,0.04050464807436919,7.8036,3.503,7.8034,0.0,0.0,0.0,0.0,7.803400000000001,3.503,11.3064,11.3068
2045,0.0837,0.0082,0.0918,0.0165,0.9117647058823528,0.08932461873638345,4.6344,5.2814,4.6342,0.0,0.0,0.0,0.0,4.6342,5.2814,9.9156,9.9125
2046,0.1577,0.0,0.1577,0.0284,1.0,0.0,8.1096,0.0053,8.1096,0.0,0.0,0.0,0.0,8.109599999999999,0.0053,8.114899999999999,8.1188
2047,0.1494,0.0003,0.1497,0.0269,0.9979959919839679,0.002004008016032064,8.4912,0.171,8.4912,0.0,0.0,0.0,0.0,8.491200000000001,0.171,8.6622,8.6601
2048,0.1516,0.0,0.1516,0.0273,1.0,0.0,9.0978,0.0054,9.098,0.0002,0.0,0.0,0.0,9.097999999999999,0.0054,9.103399999999999,9.1057
2049,0.0688,0.0,0.0688,0.0124,1.0,0.0,3.5364,0.0135,3.5361,0.0,0.0,0.0,0.0,3.5361000000000002,0.0135,3.5496000000000003,3.5521
2050,0.1865,0.0004,0.1869,0.0336,0.9978598180845372,0.002140181915462814,9.5898,0.2851,9.5896,0.0,0.0,0.0,0.0,9.5896,0.2851,9.8747,9.8783
2051,0.0818,0.0,0.0818,0.0147,1.0,0.0,4.53,0.0053,4.5298,0.0,0.0,0.0,0.0,4.5298,0.0053,4.5351,4.5307
2052,0.1558,0.0016,0.1573,0.0283,0.9904640813731723,0.010171646535282899,9.3456,1.0084,9.3453,0.0,0.0,0.0,0.0,9.3453,1.0084000000000002,10.3537,10.3581
2053,0.0794,0.0001,0.0795,0.0143,0.9987421383647799,0.0012578616352201257,4.6344,0.0455,4.6343,0.0,0.0,0.0,0.0,4.6343000000000005,0.045500000000000006,4.6798,4.681
2054,0.1485,0.0005,0.149,0.0268,0.9966442953020134,0.0033557046979865775,7.6362,0.3188,7.6362,0.0,0.0,0.0,0.0,7.6362000000000005,0.3188,7.955,7.9587
2055,0.071,0.0,0.071,0.0128,1.0,0.0,4.2618,0.0081,4.2618,0.0,0.0,0.0,0.0,4.2618,0.0081,4.2699,4.2664
2056,0.0472,0.0,0.0472,0.0085,1.0,0.0,2.8302,0.0032,2.8303,0.0001,0.0,0.0,0.0,2.8303000000000003,0.0032,2.8335000000000004,2.8303
2057,0.1244,0.0093,0.1337,0.0241,0.9304412864622288,0.06955871353777111,7.0722,6.0784,7.0723,0.0001,0.0,0.0,0.0,7.0723,6.0784,13.1507,13.1467
2058,0.1848,0.0001,0.1849,0.0333,0.9994591671173606,0.0005408328826392645,10.2354,0.0404,10.2354,0.0,0.0,0.0,0.0,10.2354,0.0404,10.2758,10.2764
2059,0.12,0.0001,0.1201,0.0216,0.9991673605328892,0.0008326394671107411,6.8238,0.0456,6.8238,0.0,0.0,0.0,0.0,6.823799999999999,0.0456,6.8694,6.8732
2060,0.1458,0.0,0.1458,0.0262,1.0,0.0,8.0736,0.0053,8.0737,0.0001,0.0,0.0,0.0,8.073699999999999,0.0053,8.078999999999999,8.075
2061,0.0621,0.0001,0.0622,0.0112,0.9983922829581994,0.0016077170418006433,3.273,0.0401,3.2728,0.0,0.0,0.0,0.0,3.2728,0.040100000000000004,3.3129,3.3156
2062,0.0955,0.0,0.0955,0.0172,1.0,0.0,5.574,0.0085,5.5739,0.0,0.0,0.0,0.0,5.5739,0.0085,5.5824,5.5817
2063,0.1585,0.0,0.1586,0.0285,0.9993694829760404,0.0,8.154,0.0112,8.1539,0.0,0.0,0.0,0.0,8.1539,0.0112,8.1651,8.1627
2064,0.1657,0.0001,0.1658,0.0298,0.9993968636911941,0.0006031363088057902,8.727,0.0817,8.7271,0.0001,0.0,0.0,0.0,8.7271,0.0817,8.8088,8.8124
2065,0.0372,0.0012,0.0383,0.0069,0.9712793733681461,0.031331592689295036,2.2296,0.8172,2.2296,0.0,0.0,0.0,0.0,2.2296,0.8172,3.0468,3.0476
2066,0.0548,0.0072,0.062,0.0112,0.8838709677419355,0.11612903225806451,3.1968,4.7008,3.1964,0.0,0.0,0.0,0.0,3.1964000000000006,4.7008,7.897200000000001,7.8939
2067,0.1116,0.0001,0.1117,0.0201,0.999104744852283,0.0008952551477170995,6.342,0.0569,6.3417,0.0,0.0,0.0,0.0,6.3416999999999994,0.05689999999999999,6.398599999999999,6.4006
2068,0.1445,0.0007,0.1453,0.0261,0.9944941500344114,0.004817618719889882,7.8036,0.4762,7.8032,0.0,0.0,0.0,0.0,7.803199999999999,0.4762,8.279399999999999,8.2769
2069,0.0397,0.0003,0.04,0.0072,0.9924999999999999,0.007499999999999999,2.3172,0.1627,2.317,0.0,0.0,0.0,0.0,2.317,0.1627,2.4797000000000002,2.4813
2070,0.1598,0.0061,0.1658,0.0299,0.9638118214716526,0.0367913148371532,9.0828,4.1932,9.0829,0.0001,0.0,0.0,0.0,9.0829,4.1932,13.2761,13.2777
2071,0.0821,0.0001,0.0822,0.0148,0.9987834549878347,0.0012165450121654502,4.5492,0.0735,4.549,0.0,0.0,0.0,0.0,4.5489999999999995,0.0735,4.6225,4.6203
2072,0.1485,0.0001,0.1485,0.0267,1.0,0.0006734006734006734,7.8216,0.0457,7.8217,0.0001,0.0,0.0,0.0,7.821700000000001,0.0457,7.867400000000001,7.8632
2073,0.1376,0.0,0.1376,0.0248,1.0,0.0,7.248,0.0024,7.2476,0.0,0.0,0.0,0.0,7.2476,0.0024000000000000002,7.25,7.2458
2074,0.0632,0.0001,0.0632,0.0114,1.0,0.0015822784810126582,3.4116,0.0391,3.4116,0.0,0.0,0.0,0.0,3.4116,0.0391,3.4507,3.4492
2075,0.1337,0.0001,0.1338,0.0241,0.9992526158445442,0.0007473841554559044,7.8036,0.0851,7.8036,0.0,0.0,0.0,0.0,7.8036,0.0851,7.8887,7.8915
2076,0.0644,0.0046,0.069,0.0124,0.9333333333333332,0.06666666666666667,3.4758,2.7138,3.4757,0.0,0.0,0.0,0.0,3.4757,2.7138,6.1895,6.1878
2077,0.134,0.0002,0.1342,0.0241,0.9985096870342771,0.0014903129657228018,7.8216,0.1059,7.8217,0.0001,0.0,0.0,0.0,7.821700000000001,0.1059,7.927600000000001,7.9259
2078,0.1433,0.0,0.1433,0.0258,1.0,0.0,7.548,0.0271,7.548,0.0,0.0,0.0,0.0,7.548,0.0271,7.5751,7.5771
2079,0.1106,0.0003,0.1108,0.02,0.9981949458483755,0.002707581227436823,5.6862,0.169,5.6862,0.0,0.0,0.0,0.0,5.6862,0.169,5.8552,5.859
2080,0.1727,0.0008,0.1735,0.0312,0.9953890489913545,0.004610951008645533,9.8184,0.4666,9.8183,0.0,0.0,0.0,0.0,9.8183,0.4666,10.2849,10.2852
2081,0.1064,0.0013,0.1077,0.0194,0.9879294336118848,0.012070566388115133,5.8938,0.82,5.8934,0.0,0.0,0.0,0.0,5.893399999999999,0.82,6.713399999999999,6.7124
2082,0.1381,0.0,0.1381,0.0249,1.0,0.0,7.4586,0.0034,7.4586,0.0,0.0,0.0,0.0,7.458600000000001,0.0034,7.462000000000001,7.4634
2083,0.0569,0.0001,0.0569,0.0102,1.0,0.001757469244288225,3.4116,0.0519,3.4117,0.0001,0.0,0.0,0.0,3.4116999999999997,0.0519,3.4635999999999996,3.4666
2084,0.0516,0.0018,0.0535,0.0096,0.9644859813084112,0.03364485981308411,2.9334,1.1686,2.9333,0.0,0.0,0.0,0.0,2.9333,1.1686,4.1019000000000005,4.102
2085,0.1061,0.0001,0.1061,0.0191,1.0,0.0009425070688030161,5.4546,0.0397,5.4546,0.0,0.0,0.0,0.0,5.454600000000001,0.0397,5.494300000000001,5.4941
2086,0.1776,0.0003,0.1778,0.032,0.998875140607424,0.0016872890888638917,9.5898,0.1469,9.5898,0.0,0.0,0.0,0.0,9.5898,0.14690000000000003,9.7367,9.7381
2087,0.164,0.0076,0.1716,0.0309,0.9557109557109558,0.04428904428904429,9.0828,5.2751,9.0828,0.0,0.0,0.0,0.0,9.0828,5.275099999999999,14.3579,14.3572
2088,0.1278,0.0,0.1278,0.023,1.0,0.0,7.4586,0.005,7.4586,0.0,0.0,0.0,0.0,7.458600000000001,0.005,7.4636000000000005,7.4662
2089,0.0606,0.0,0.0606,0.0109,1.0,0.0,3.273,0.0104,3.2726,0.0,0.0,0.0,0.0,3.2725999999999997,0.010400000000000001,3.283,3.2878
2090,0.1328,0.0028,0.1356,0.0244,0.9793510324483776,0.02064896755162242,7.548,1.8117,7.5478,0.0,0.0,0.0,0.0,7.5478000000000005,1.8116999999999999,9.3595,9.3583
2091,0.1376,0.0,0.1376,0.0248,1.0,0.0,7.8216,0.0169,7.8217,0.0001,0.0,0.0,0.0,7.821700000000001,0.016900000000000002,7.8386000000000005,7.8382
2092,0.1006,0.0039,0.1045,0.0188,0.9626794258373206,0.03732057416267943,5.574,2.7096,5.5737,0.0,0.0,0.0,0.0,5.5737,2.7096,8.2833,8.2856
2093,0.1154,0.0,0.1155,0.0208,0.9991341991341991,0.0,6.393,0.015,6.3931,0.0001,0.0,0.0,0.0,6.3931,0.015000000000000001,6.408099999999999,6.4089
2094,0.0706,0.0032,0.0738,0.0133,0.9566395663956638,0.04336043360433604,3.9108,1.9644,3.9109,0.0001,0.0,0.0,0.0,3.9109000000000003,1.9644000000000001,5.8753,5.8707
2095,0.1211,0.0002,0.1214,0.0219,0.9975288303130149,0.0016474464579901156,6.2304,0.1582,6.2302,0.0,0.0,0.0,0.0,6.230200000000001,0.15819999999999998,6.388400000000001,6.3893
2096,0.1177,0.0002,0.1179,0.0212,0.998303647158609,0.0016963528413910093,7.0644,0.1017,7.0645,0.0001,0.0,0.0,0.0,7.064500000000001,0.10169999999999998,7.166200000000001,7.1681
2097,0.0839,0.0002,0.0841,0.0151,0.9976218787158146,0.0023781212841854937,4.53,0.1451,4.53,0.0,0.0,0.0,0.0,4.53,0.14509999999999998,4.6751000000000005,4.6772
2098,0.086,0.0025,0.0885,0.0159,0.9717514124293785,0.028248587570621472,4.53,1.698,4.53,0.0,0.0,0.0,0.0,4.53,1.6980000000000002,6.228000000000001,6.2305
2099,0.1177,0.0002,0.1178,0.0212,0.999151103565365,0.001697792869269949,6.6888,0.0939,6.6888,0.0,0.0,0.0,0.0,6.6888,0.0939,6.782699999999999,6.7788
2100,0.1066,0.0001,0.1066,0.0192,1.0,0.0009380863039399625,6.393,0.0399,6.3932,0.0002,0.0,0.0,0.0,6.3932,0.039900000000000005,6.4331000000000005,6.4339
2101,0.1287,0.0082,0.137,0.0247,0.9394160583941605,0.059854014598540145,6.951,4.8896,6.9512,0.0002,0.0,0.0,0.0,6.9512,4.8896,11.8408,11.8395
2102,0.15,0.0005,0.1505,0.0271,0.9966777408637874,0.0033222591362126247,8.307,0.3049,8.307,0.0,0.0,0.0,0.0,8.307,0.3049,8.6119,8.6087
2103,0.0437,0.0,0.0437,0.0079,1.0,0.0,2.3574,0.0129,2.3574,0.0,0.0,0.0,0.0,2.3574,0.012899999999999998,2.3703000000000003,2.3671
2104,0.0557,0.0005,0.0563,0.0101,0.9893428063943162,0.008880994671403197,3.3444,0.3542,3.3443,0.0,0.0,0.0,0.0,3.3443,0.3542,3.6985,3.6943
2105,0.0858,0.0012,0.087,0.0157,0.9862068965517242,0.013793103448275862,4.6344,0.7842,4.6343,0.0,0.0,0.0,0.0,4.6343,0.7842,5.4185,5.4148
2106,0.0336,0.0,0.0336,0.006,1.0,0.0,1.812,0.0051,1.812,0.0,0.0,0.0,0.0,1.812,0.0050999999999999995,1.8171000000000002,1.814
2107,0.1631,0.0,0.1631,0.0294,1.0,0.0,9.2682,0.007,9.2682,0.0,0.0,0.0,0.0,9.2682,0.007,9.2752,9.2758
2108,0.0616,0.0101,0.0717,0.0129,0.8591352859135286,0.14086471408647142,3.4116,5.9424,3.4116,0.0,0.0,0.0,0.0,3.4116,5.942399999999999,9.354,9.3547
2109,0.1319,0.0024,0.1344,0.0242,0.9813988095238095,0.017857142857142856,6.951,1.4135,6.9513,0.0003,0.0,0.0,0.0,6.9513,1.4135,8.364799999999999,8.3659
2110,0.0384,0.0023,0.0407,0.0073,0.9434889434889434,0.05651105651105651,2.1816,1.5192,2.1818,0.0002,0.0,0.0,0.0,2.1818,1.5191999999999999,3.7009999999999996,3.6969
2111,0.0344,0.0,0.0344,0.0062,1.0,0.0,1.812,0.0045,1.812,0.0,0.0,0.0,0.0,1.812,0.0045,1.8165,1.816
2112,0.1577,0.0,0.1577,0.0284,1.0,0.0,8.307,0.0106,8.3068,0.0,0.0,0.0,0.0,8.3068,0.0106,8.317400000000001,8.3176
2113,0.1773,0.0035,0.1807,0.0325,0.9811842833425568,0.01936912008854455,9.8184,2.2857,9.8181,0.0,0.0,0.0,0.0,9.818100000000001,2.2857000000000003,12.103800000000001,12.1081
2114,0.1753,0.0,0.1753,0.0316,1.0,0.0,10.2354,0.012,10.2353,0.0,0.0,0.0,0.0,10.2353,0.012000000000000002,10.247300000000001,10.2516
2115,0.0628,0.0006,0.0634,0.0114,0.9905362776025236,0.00946372239747634,3.4758,0.4101,3.4755,0.0,0.0,0.0,0.0,3.4755000000000003,0.4101,3.8856,3.8855
2116,0.0837,0.0,0.0837,0.0151,1.0,0.0,4.6344,0.0115,4.6341,0.0,0.0,0.0,0.0,4.6341,0.0115,4.6456,4.6499
2117,0.0839,0.0022,0.0861,0.0155,0.9744483159117306,0.025551684088269456,4.53,1.4718,4.53,0.0,0.0,0.0,0.0,4.53,1.4718000000000002,6.0018,5.9983
2118,0.1121,0.001,0.1131,0.0204,0.9911582670203359,0.008841732979664015,6.5454,0.652,6.5454,0.0,0.0,0.0,0.0,6.545399999999999,0.6519999999999999,7.197399999999999,7.2005
2119,0.1363,0.0,0.1363,0.0245,1.0,0.0,7.548,0.0184,7.5478,0.0,0.0,0.0,0.0,7.5478000000000005,0.0184,7.5662,7.5639
2120,0.0858,0.0,0.0859,0.0155,0.9988358556461001,0.0,4.6344,0.03,4.6341,0.0,0.0,0.0,0.0,4.6341,0.030000000000000002,4.6641,4.6654
2121,0.0355,0.0007,0.0362,0.0065,0.9806629834254142,0.019337016574585635,2.0184,0.466,2.0184,0.0,0.0,0.0,0.0,2.0183999999999997,0.46599999999999997,2.4844,2.4831
2122,0.0411,0.0,0.0411,0.0074,1.0,0.0,2.2746,0.0199,2.2746,0.0,0.0,0.0,0.0,2.2746,0.0199,2.2944999999999998,2.2897
2123,0.1091,0.0014,0.1105,0.0199,0.9873303167420815,0.012669683257918552,5.8938,0.916,5.8935,0.0,0.0,0.0,0.0,5.893499999999999,0.916,6.809499999999999,6.8078
2124,0.1516,0.0001,0.1518,0.0273,0.9986824769433467,0.0006587615283267457,9.0978,0.087,9.0981,0.0003,0.0,0.0,0.0,9.0981,0.087,9.1851,9.1811
2125,0.0663,0.0,0.0664,0.0119,0.9984939759036144,0.0,3.4116,0.0116,3.4118,0.0002,0.0,0.0,0.0,3.4117999999999995,0.011600000000000001,3.4233999999999996,3.4187
2126,0.1381,0.0,0.1381,0.0249,1.0,0.0,7.4586,0.0115,7.4586,0.0,0.0,0.0,0.0,7.458600000000001,0.0115,7.4701,7.4743
2127,0.0524,0.0027,0.0552,0.0099,0.9492753623188407,0.04891304347826087,2.8302,1.7411,2.8304,0.0002,0.0,0.0,0.0,2.8304,1.7410999999999999,4.5715,4.5759
2128,0.0547,0.0003,0.055,0.0099,0.9945454545454545,0.005454545454545454,3.0276,0.1829,3.0276,0.0,0.0,0.0,0.0,3.0276,0.18289999999999998,3.2105,3.2065
2129,0.0537,0.0055,0.0592,0.0107,0.9070945945945945,0.0929054054054054,2.8302,3.0222,2.8303,0.0001,0.0,0.0,0.0,2.8303000000000003,3.0222000000000007,5.852500000000001,5.8504
2130,0.0341,0.0,0.0341,0.0061,1.0,0.0,1.887,0.0031,1.887,0.0,0.0,0.0,0.0,1.887,0.0031,1.8901000000000001,1.8937
2131,0.0478,0.0022,0.0501,0.009,0.9540918163672656,0.043912175648702596,2.718,1.3861,2.718,0.0,0.0,0.0,0.0,2.718,1.3860999999999999,4.1041,4.1065
2132,0.1437,0.0075,0.1512,0.0272,0.9503968253968254,0.0496031746031746,7.9608,4.7723,7.9608,0.0,0.0,0.0,0.0,7.960800000000001,4.7723,12.7331,12.7297
2133,0.1474,0.0,0.1474,0.0265,1.0,0.0,7.9608,0.0126,7.9608,0.0,0.0,0.0,0.0,7.960800000000001,0.0126,7.973400000000001,7.9703
2134,0.1773,0.0069,0.1842,0.0331,0.962540716612378,0.037459283387622146,9.8184,4.8075,9.8181,0.0,0.0,0.0,0.0,9.818100000000001,4.8075,14.625600000000002,14.6236
2135,0.0628,0.0049,0.0677,0.0122,0.9276218611521417,0.0723781388478582,3.4758,3.1128,3.4757,0.0,0.0,0.0,0.0,3.4757,3.1128,6.5885,6.5867
2136,0.0302,0.001,0.0312,0.0056,0.9679487179487181,0.032051282051282055,1.812,0.6187,1.8119,0.0,0.0,0.0,0.0,1.8119,0.6187,2.4306,2.4346
2137,0.031,0.0009,0.0319,0.0057,0.9717868338557994,0.02821316614420063,1.812,0.5637,1.812,0.0,0.0,0.0,0.0,1.812,0.5637,2.3757,2.3787
2138,0.1308,0.0,0.1309,0.0236,0.9992360580595876,0.0,7.0644,0.029,7.0645,0.0001,0.0,0.0,0.0,7.064500000000001,0.028999999999999998,7.093500000000001,7.089
2139,0.1192,0.0,0.1193,0.0215,0.9991617770326907,0.0,6.6042,0.008,6.6044,0.0002,0.0,0.0,0.0,6.6044,0.008,6.6124,6.6085
2140,0.1312,0.0008,0.132,0.0238,0.993939393939394,0.006060606060606061,7.4586,0.5003,7.4586,0.0,0.0,0.0,0.0,7.458600000000001,0.5003,7.958900000000001,7.9589
2141,0.0573,0.0051,0.0624,0.0112,0.9182692307692307,0.08173076923076925,3.3444,2.9862,3.3444,0.0,0.0,0.0,0.0,3.3444,2.9861999999999997,6.3306,6.3269
2142,0.1099,0.001,0.1109,0.02,0.9909828674481514,0.009017132551848512,5.7924,0.6105,5.7925,0.0001,0.0,0.0,0.0,5.7925,0.6104999999999999,6.4030000000000005,6.4001
2143,0.1174,0.0003,0.1177,0.0212,0.9974511469838573,0.0025488530161427354,6.342,0.1582,6.3418,0.0,0.0,0.0,0.0,6.341799999999999,0.1582,6.499999999999999,6.5024
2144,0.0353,0.0003,0.0356,0.0064,0.9915730337078651,0.008426966292134831,1.9554,0.1666,1.9555,0.0001,0.0,0.0,0.0,1.9555000000000002,0.1666,2.1221,2.1215
2145,0.0987,0.0002,0.0989,0.0178,0.9979777553083923,0.0020222446916076846,5.3274,0.1308,5.3276,0.0002,0.0,0.0,0.0,5.3276,0.1308,5.4584,5.4582
2146,0.1287,0.0126,0.1413,0.0254,0.910828025477707,0.08917197452229299,6.951,8.0016,6.9511,0.0001,0.0,0.0,0.0,6.9511,8.0016,14.9527,14.9521
2147,0.1445,0.0075,0.152,0.0274,0.950657894736842,0.049342105263157895,7.8036,5.0787,7.8035,0.0,0.0,0.0,0.0,7.8035000000000005,5.0786999999999995,12.882200000000001,12.8835
2148,0.0533,0.0003,0.0535,0.0096,0.9962616822429907,0.005607476635514018,3.1968,0.1473,3.1964,0.0,0.0,0.0,0.0,3.1964000000000006,0.14730000000000001,3.3437000000000006,3.3487
2149,0.1152,0.0,0.1152,0.0207,1.0,0.0,6.5454,0.005,6.5456,0.0002,0.0,0.0,0.0,6.5456,0.004999999999999999,6.5506,6.5512
2150,0.1682,0.0004,0.1686,0.0303,0.9976275207591933,0.002372479240806643,9.0828,0.2219,9.0828,0.0,0.0,0.0,0.0,9.0828,0.22190000000000001,9.3047,9.3052
2151,0.1065,0.0059,0.1124,0.0202,0.947508896797153,0.05249110320284697,6.0552,4.2338,6.0552,0.0,0.0,0.0,0.0,6.0552,4.2338,10.289,10.2913
2152,0.0829,0.0015,0.0845,0.0152,0.9810650887573964,0.01775147928994083,4.7148,0.8857,4.7148,0.0,0.0,0.0,0.0,4.7148,0.8857,5.6005,5.5994
2153,0.1046,0.0,0.1046,0.0188,1.0,0.0,5.7924,0.0053,5.7926,0.0002,0.0,0.0,0.0,5.7926,0.0053,5.7979,5.8023
2154,0.0837,0.0025,0.0862,0.0155,0.9709976798143851,0.02900232018561485,4.6344,1.59,4.6343,0.0,0.0,0.0,0.0,4.6343000000000005,1.5899999999999999,6.2243,6.2287
2155,0.1618,0.0001,0.1619,0.0291,0.9993823347745523,0.0006176652254478073,8.5242,0.0833,8.5242,0.0,0.0,0.0,0.0,8.5242,0.0833,8.6075,8.6041
2156,0.1009,0.0,0.1009,0.0182,1.0,0.0,6.0552,0.0134,6.0553,0.0001,0.0,0.0,0.0,6.055300000000001,0.0134,6.068700000000001,6.0643
2157,0.076,0.0001,0.0762,0.0137,0.9973753280839894,0.0013123359580052493,3.9108,0.0734,3.9108,0.0,0.0,0.0,0.0,3.9108000000000005,0.07339999999999999,3.9842000000000004,3.9797
2158,0.0579,0.0,0.058,0.0104,0.9982758620689655,0.0,3.4758,0.025,3.4757,0.0,0.0,0.0,0.0,3.4757000000000002,0.025,3.5007,3.4965
2159,0.0414,0.0008,0.0422,0.0076,0.9810426540284359,0.018957345971563982,2.1312,0.4459,2.1311,0.0,0.0,0.0,0.0,2.1311,0.44589999999999996,2.577,2.5746
2160,0.0341,0.0003,0.0344,0.0062,0.9912790697674418,0.00872093023255814,1.887,0.2079,1.8869,0.0,0.0,0.0,0.0,1.8869,0.2079,2.0948,2.0965
2161,0.1643,0.0,0.1643,0.0296,1.0,0.0,9.0978,0.004,9.098,0.0002,0.0,0.0,0.0,9.097999999999999,0.004,9.101999999999999,9.1051
2162,0.1643,0.0006,0.1649,0.0297,0.9963614311704063,0.0036385688295936932,9.0978,0.3652,9.0979,0.0001,0.0,0.0,0.0,9.0979,0.3652,9.463099999999999,9.4628
2163,0.0344,0.0002,0.0346,0.0062,0.9942196531791908,0.005780346820809249,1.812,0.1756,1.8119,0.0,0.0,0.0,0.0,1.8119,0.1756,1.9875,1.9881
2164,0.0818,0.0045,0.0863,0.0155,0.947856315179606,0.05214368482039397,4.53,3.2372,4.53,0.0,0.0,0.0,0.0,4.53,3.2371999999999996,7.7672,7.7629
2165,0.1448,0.0008,0.1457,0.0262,0.9938229238160605,0.005490734385724091,7.8216,0.5189,7.8218,0.0002,0.0,0.0,0.0,7.8218000000000005,0.5189,8.3407,8.3407
2166,0.0545,0.0005,0.0551,0.0099,0.9891107078039927,0.009074410163339383,3.273,0.3024,3.2728,0.0,0.0,0.0,0.0,3.2727999999999997,0.3024,3.5751999999999997,3.5788
2167,0.0888,0.0,0.0888,0.016,1.0,0.0,5.3274,0.0044,5.3276,0.0002,0.0,0.0,0.0,5.3276,0.0044,5.332000000000001,5.3329
2168,0.1007,0.0002,0.1009,0.0182,0.998017839444995,0.0019821605550049554,5.436,0.1231,5.4358,0.0,0.0,0.0,0.0,5.4358,0.12310000000000001,5.5589,5.5614
2169,0.1099,0.0006,0.1105,0.0199,0.9945701357466064,0.005429864253393665,5.7924,0.3543,5.7924,0.0,0.0,0.0,0.0,5.7924,0.35430000000000006,6.1467,6.1462
2170,0.1454,0.0001,0.1456,0.0262,0.9986263736263736,0.0006868131868131868,8.727,0.0624,8.7274,0.0004,0.0,0.0,0.0,8.7274,0.0624,8.7898,8.7858
2171,0.1458,0.0,0.1458,0.0262,1.0,0.0,8.0736,0.0073,8.0736,0.0,0.0,0.0,0.0,8.073599999999999,0.007299999999999999,8.0809,8.0847
2172,0.1061,0.0001,0.1062,0.0191,0.9990583804143126,0.0009416195856873824,5.4546,0.056,5.4546,0.0,0.0,0.0,0.0,5.454600000000001,0.055999999999999994,5.510600000000001,5.5083
2173,0.1539,0.0,0.1539,0.0277,1.0,0.0,8.5242,0.0205,8.5242,0.0,0.0,0.0,0.0,8.5242,0.0205,8.5447,8.5455
2174,0.0426,0.0,0.0426,0.0077,1.0,0.0,2.3574,0.011,2.3574,0.0,0.0,0.0,0.0,2.3574,0.011,2.3684000000000003,2.3635
2175,0.15,0.0089,0.1589,0.0286,0.9439899307740717,0.05601006922592825,8.5242,5.6825,8.5242,0.0,0.0,0.0,0.0,8.5242,5.682500000000001,14.206700000000001,14.2107
2176,0.0837,0.0014,0.0851,0.0153,0.9835487661574618,0.01645123384253819,4.6344,0.8445,4.6342,0.0,0.0,0.0,0.0,4.6342,0.8444999999999999,5.4787,5.4792
2177,0.0852,0.0,0.0852,0.0153,1.0,0.0,4.7172,0.003,4.7174,0.0002,0.0,0.0,0.0,4.7174,0.0030000000000000005,4.7204,4.7168
2178,0.1381,0.0001,0.1382,0.0249,0.9992764109985529,0.0007235890014471781,7.4586,0.0639,7.4586,0.0,0.0,0.0,0.0,7.458600000000001,0.0639,7.522500000000001,7.526
2179,0.0646,0.0001,0.0648,0.0117,0.9969135802469137,0.00154320987654321,3.774,0.0953,3.774,0.0,0.0,0.0,0.0,3.774,0.0953,3.8693,3.8647
2180,0.0352,0.0003,0.0355,0.0064,0.991549295774648,0.008450704225352112,1.812,0.1583,1.812,0.0,0.0,0.0,0.0,1.812,0.15830000000000002,1.9703000000000002,1.9688
2181,0.1746,0.0027,0.1773,0.0319,0.9847715736040609,0.015228426395939085,9.4296,1.6655,9.4296,0.0,0.0,0.0,0.0,9.4296,1.6655,11.0951,11.0916
2182,0.0858,0.0049,0.0907,0.0163,0.9459757442116868,0.054024255788313116,4.6344,2.9533,4.634,0.0,0.0,0.0,0.0,4.634,2.9533,7.587300000000001,7.5917
2183,0.1119,0.0002,0.112,0.0202,0.9991071428571429,0.0017857142857142857,5.8938,0.0995,5.8937,0.0,0.0,0.0,0.0,5.8937,0.0995,5.9932,5.9968
2184,0.1412,0.0,0.1412,0.0254,1.0,0.0,7.8216,0.0153,7.8219,0.0003,0.0,0.0,0.0,7.821900000000001,0.015300000000000001,7.837200000000001,7.8378
2185,0.039,0.0006,0.0396,0.0071,0.9848484848484848,0.015151515151515148,2.2746,0.3734,2.2746,0.0,0.0,0.0,0.0,2.2746,0.37339999999999995,2.6479999999999997,2.6512
2186,0.1346,0.0,0.1346,0.0242,1.0,0.0,7.2684,0.0187,7.2685,0.0001,0.0,0.0,0.0,7.268500000000001,0.0187,7.287200000000001,7.2875
2187,0.1636,0.0029,0.1665,0.03,0.9825825825825825,0.017417417417417414,9.8184,2.0013,9.8183,0.0,0.0,0.0,0.0,9.8183,2.0012999999999996,11.819600000000001,11.8204
2188,0.1341,0.0001,0.1342,0.0241,0.9992548435171384,0.0007451564828614009,7.0644,0.0337,7.0645,0.0001,0.0,0.0,0.0,7.064500000000001,0.033699999999999994,7.0982,7.1008
2189,0.1162,0.0001,0.1163,0.0209,0.999140154772141,0.0008598452278589854,6.6042,0.0619,6.6042,0.0,0.0,0.0,0.0,6.6042,0.061900000000000004,6.666099999999999,6.6638
2190,0.0705,0.0007,0.0712,0.0128,0.9901685393258426,0.009831460674157303,3.624,0.4759,3.624,0.0,0.0,0.0,0.0,3.624,0.4759000000000001,4.0999,4.1009
2191,0.1243,0.0016,0.1259,0.0227,0.9872915011914216,0.012708498808578236,7.0644,0.9629,7.0645,0.0001,0.0,0.0,0.0,7.064500000000001,0.9628999999999999,8.0274,8.0282
2192,0.1093,0.0,0.1094,0.0197,0.9990859232175503,0.0,6.0552,0.0166,6.0552,0.0,0.0,0.0,0.0,6.0552,0.0166,6.0718000000000005,6.0761
2193,0.1687,0.0011,0.1698,0.0306,0.9935217903415782,0.006478209658421673,9.5898,0.6384,9.5898,0.0,0.0,0.0,0.0,9.5898,0.6384000000000001,10.228200000000001,10.2297
2194,0.1494,0.0001,0.1494,0.0269,1.0,0.0006693440428380187,8.4912,0.0366,8.4913,0.0001,0.0,0.0,0.0,8.4913,0.0366,8.5279,8.5278
2195,0.044,0.009,0.053,0.0095,0.830188679245283,0.16981132075471697,2.3172,6.2032,2.3168,0.0,0.0,0.0,0.0,2.3167999999999997,6.2032,8.52,8.5162
2196,0.0664,0.0064,0.0728,0.0131,0.9120879120879121,0.0879120879120879,3.774,3.7429,3.7738,0.0,0.0,0.0,0.0,3.7738000000000005,3.7429,7.5167,7.5179
2197,0.1101,0.0007,0.1108,0.0199,0.9936823104693141,0.006317689530685921,5.661,0.3869,5.6608,0.0,0.0,0.0,0.0,5.6608,0.3869,6.0477,6.045
2198,0.1264,0.0011,0.1275,0.0229,0.9913725490196079,0.008627450980392156,6.8238,0.7009,6.8237,0.0,0.0,0.0,0.0,6.8237,0.7009,7.5245999999999995,7.5196
2199,0.15,0.0002,0.1502,0.027,0.9986684420772303,0.0013315579227696406,8.5242,0.1413,8.5242,0.0,0.0,0.0,0.0,8.5242,0.14129999999999998,8.6655,8.6644
2200,0.1409,0.0003,0.1412,0.0254,0.9978753541076487,0.0021246458923512746,7.248,0.1806,7.2479,0.0,0.0,0.0,0.0,7.2479,0.18059999999999998,7.4285,7.4255
2201,0.1073,0.0001,0.1074,0.0193,0.9990689013035383,0.0009310986964618251,5.7924,0.0903,5.7926,0.0002,0.0,0.0,0.0,5.792599999999999,0.0903,5.882899999999999,5.884
2202,0.146,0.0,0.146,0.0263,1.0,0.0,8.5242,0.0096,8.5242,0.0,0.0,0.0,0.0,8.5242,0.009600000000000001,8.533800000000001,8.5319
2203,0.0955,0.0,0.0955,0.0172,1.0,0.0,5.574,0.0187,5.5739,0.0,0.0,0.0,0.0,5.573900000000001,0.0187,5.592600000000001,5.5926
2204,0.1177,0.0002,0.1178,0.0212,0.999151103565365,0.001697792869269949,6.6888,0.1177,6.6887,0.0,0.0,0.0,0.0,6.6887,0.1177,6.8064,6.8084
2205,0.0937,0.0005,0.0942,0.017,0.994692144373673,0.005307855626326964,5.3274,0.3303,5.3275,0.0001,0.0,0.0,0.0,5.3275,0.3303,5.6578,5.6571
2206,0.0917,0.0001,0.0918,0.0165,0.9989106753812635,0.0010893246187363833,4.7172,0.0445,4.7173,0.0001,0.0,0.0,0.0,4.7173,0.0445,4.7618,4.7634
2207,0.0981,0.0,0.0981,0.0177,1.0,0.0,5.046,0.0057,5.046,0.0,0.0,0.0,0.0,5.046,0.0057,5.0517,5.0516
2208,0.0326,0.0,0.0326,0.0059,1.0,0.0,1.9554,0.0135,1.9554,0.0,0.0,0.0,0.0,1.9554000000000002,0.0135,1.9689000000000003,1.9661
2209,0.0442,0.0,0.0442,0.008,1.0,0.0,2.2746,0.0107,2.2744,0.0,0.0,0.0,0.0,2.2744,0.010700000000000001,2.2851,2.2851
2210,0.0992,0.0015,0.1007,0.0181,0.9851042701092353,0.014895729890764648,5.7924,0.9218,5.7926,0.0002,0.0,0.0,0.0,5.792599999999999,0.9218,6.7143999999999995,6.7111
2211,0.0621,0.0004,0.0625,0.0113,0.9936,0.0064,3.273,0.2687,3.2727,0.0,0.0,0.0,0.0,3.2727,0.2687,3.5414,3.5453
2212,0.1346,0.0071,0.1417,0.0255,0.9498941425546931,0.05010585744530699,8.0736,4.5308,8.0736,0.0,0.0,0.0,0.0,8.073599999999999,4.530799999999999,12.604399999999998,12.6084
2213,0.1449,0.0,0.145,0.0261,0.9993103448275863,0.0,7.6362,0.0089,7.6363,0.0001,0.0,0.0,0.0,7.6363,0.0089,7.6452,7.6444
2214,0.0978,0.0,0.0978,0.0176,1.0,0.0,5.8662,0.0163,5.8663,0.0001,0.0,0.0,0.0,5.866300000000001,0.0163,5.882600000000001,5.8818
2215,0.1342,0.0,0.1343,0.0242,0.9992553983618765,0.0,7.0722,0.0111,7.0722,0.0,0.0,0.0,0.0,7.0722000000000005,0.011099999999999999,7.0833,7.0866
2216,0.0748,0.0013,0.0761,0.0137,0.9829172141918529,0.017082785808147174,4.0368,0.9611,4.0368,0.0,0.0,0.0,0.0,4.0367999999999995,0.9611,4.9979,5.001
2217,0.0346,0.0016,0.0362,0.0065,0.9558011049723756,0.04419889502762431,2.0766,1.0619,2.0767,0.0001,0.0,0.0,0.0,2.0767,1.0619,3.1386000000000003,3.1354
2218,0.1434,0.0006,0.144,0.0259,0.9958333333333335,0.004166666666666667,8.154,0.3602,8.1539,0.0,0.0,0.0,0.0,8.1539,0.36019999999999996,8.514100000000001,8.5149
2219,0.057,0.0003,0.0574,0.0103,0.9930313588850175,0.005226480836236933,2.9334,0.2319,2.9333,0.0,0.0,0.0,0.0,2.9333,0.2319,3.1652,3.1649
2220,0.101,0.0001,0.1011,0.0182,0.9990108803165184,0.0009891196834817015,5.4546,0.0366,5.4545,0.0,0.0,0.0,0.0,5.4544999999999995,0.036599999999999994,5.491099999999999,5.4941
2221,0.1719,0.0,0.1719,0.0309,1.0,0.0,10.0326,0.0047,10.0329,0.0003,0.0,0.0,0.0,10.0329,0.0047,10.0376,10.0416
2222,0.086,0.0009,0.0869,0.0156,0.9896432681242806,0.010356731875719217,4.53,0.6589,4.53,0.0,0.0,0.0,0.0,4.53,0.6589,5.1889,5.1933
2223,0.1119,0.0,0.1119,0.0201,1.0,0.0,5.8938,0.0135,5.8935,0.0,0.0,0.0,0.0,5.8934999999999995,0.013499999999999998,5.906999999999999,5.9038
2224,0.1416,0.0,0.1416,0.0255,1.0,0.0,7.4586,0.0187,7.4586,0.0,0.0,0.0,0.0,7.458600000000001,0.0187,7.4773000000000005,7.4816
2225,0.182,0.0004,0.1824,0.0328,0.9978070175438596,0.0021929824561403508,9.5898,0.2908,9.5898,0.0,0.0,0.0,0.0,9.5898,0.2908,9.880600000000001,9.8794
2226,0.0364,0.0002,0.0366,0.0066,0.994535519125683,0.00546448087431694,2.0184,0.1223,2.0185,0.0001,0.0,0.0,0.0,2.0185,0.1223,2.1408,2.1396
2227,0.0604,0.0013,0.0617,0.0111,0.9789303079416533,0.02106969205834684,3.624,0.9122,3.624,0.0,0.0,0.0,0.0,3.624,0.9122,4.5362,4.5369
2228,0.0346,0.0001,0.0347,0.0062,0.9971181556195965,0.002881844380403458,2.0766,0.0505,2.0767,0.0001,0.0,0.0,0.0,2.0767,0.0505,2.1272,2.1283
2229,0.1834,0.0009,0.1843,0.0332,0.9951166576234401,0.0048833423765599565,10.4268,0.5478,10.4267,0.0,0.0,0.0,0.0,10.4267,0.5478000000000001,10.9745,10.9776
2230,0.1204,0.0005,0.1209,0.0218,0.9958643507030603,0.0041356492969396195,6.8442,0.3194,6.8441,0.0,0.0,0.0,0.0,6.8441,0.3194,7.1635,7.1641
2231,0.1585,0.0003,0.1589,0.0286,0.9974826935179357,0.001887979861548143,8.154,0.2328,8.1539,0.0,0.0,0.0,0.0,8.1539,0.2328,8.3867,8.3828
2232,0.164,0.0004,0.1644,0.0296,0.9975669099756692,0.0024330900243309003,9.0828,0.2877,9.0828,0.0,0.0,0.0,0.0,9.0828,0.28769999999999996,9.3705,9.3664
2233,0.0434,0.0004,0.0437,0.0079,0.9931350114416475,0.009153318077803204,2.2296,0.2487,2.2295,0.0,0.0,0.0,0.0,2.2295,0.24869999999999998,2.4781999999999997,2.4763
2234,0.0996,0.0003,0.0999,0.018,0.996996996996997,0.0030030030030030025,5.661,0.2188,5.661,0.0,0.0,0.0,0.0,5.6610000000000005,0.2188,5.8798,5.8806
2235,0.1211,0.0,0.1212,0.0218,0.9991749174917491,0.0,7.2684,0.0307,7.2685,0.0001,0.0,0.0,0.0,7.2685,0.0307,7.299200000000001,7.2959
2236,0.1096,0.0002,0.1098,0.0198,0.9981785063752278,0.0018214936247723135,6.2304,0.1101,6.2304,0.0,0.0,0.0,0.0,6.2304,0.1101,6.3405000000000005,6.3436
2237,0.1532,0.005,0.1583,0.0285,0.9677826910928617,0.031585596967782695,8.0736,3.5023,8.0736,0.0,0.0,0.0,0.0,8.073599999999999,3.5023,11.575899999999999,11.571
2238,0.1895,0.002,0.1915,0.0345,0.9895561357702349,0.010443864229765013,10.2354,1.2966,10.2352,0.0,0.0,0.0,0.0,10.2352,1.2966,11.5318,11.5329
2239,0.1548,0.0002,0.155,0.0279,0.9987096774193548,0.0012903225806451613,8.7996,0.118,8.7993,0.0,0.0,0.0,0.0,8.799299999999999,0.11800000000000001,8.9173,8.9174
2240,0.1346,0.0,0.1346,0.0242,1.0,0.0,7.2684,0.0138,7.2686,0.0002,0.0,0.0,0.0,7.2686,0.0138,7.2824,7.281
2241,0.1385,0.0004,0.1388,0.025,0.9978386167146974,0.002881844380403458,8.307,0.2464,8.3069,0.0,0.0,0.0,0.0,8.3069,0.2464,8.5533,8.5498
2242,0.0424,0.0,0.0424,0.0076,1.0,0.0,2.1816,0.0093,2.1817,0.0001,0.0,0.0,0.0,2.1816999999999998,0.0093,2.191,2.1939
2243,0.0655,0.0006,0.0661,0.0119,0.9909228441754916,0.00907715582450832,3.5364,0.3729,3.536,0.0,0.0,0.0,0.0,3.5360000000000005,0.3729,3.9089000000000005,3.9137
2244,0.0837,0.0029,0.0866,0.0156,0.9665127020785219,0.03348729792147806,4.6344,1.734,4.6342,0.0,0.0,0.0,0.0,4.6342,1.734,6.3682,6.3728
2245,0.0385,0.0064,0.0449,0.0081,0.8574610244988864,0.14253897550111358,2.1312,4.4122,2.1311,0.0,0.0,0.0,0.0,2.1311,4.4122,6.5433,6.5423
2246,0.1119,0.0023,0.1142,0.0206,0.979859894921191,0.020140105078809107,5.8938,1.3927,5.8936,0.0,0.0,0.0,0.0,5.893599999999999,1.3927,7.286299999999999,7.2846
2247,0.083,0.0067,0.0897,0.0161,0.9253065774804905,0.07469342251950947,4.7172,3.897,4.7173,0.0001,0.0,0.0,0.0,4.7173,3.8970000000000002,8.6143,8.6128
2248,0.0769,0.0004,0.0773,0.0139,0.9948253557567918,0.00517464424320828,4.1532,0.2744,4.1533,0.0001,0.0,0.0,0.0,4.1533,0.2744,4.4277,4.4266
2249,0.1364,0.0001,0.1365,0.0246,0.9992673992673992,0.0007326007326007326,7.9608,0.0882,7.9608,0.0,0.0,0.0,0.0,7.960800000000001,0.0882,8.049000000000001,8.044
2250,0.0646,0.0025,0.0672,0.0121,0.961309523809524,0.03720238095238095,3.774,1.6739,3.7739,0.0,0.0,0.0,0.0,3.7739000000000003,1.6739,5.4478,5.4459
2251,0.053,0.0007,0.0536,0.0097,0.9888059701492536,0.013059701492537313,2.9334,0.457,2.9333,0.0,0.0,0.0,0.0,2.9333,0.457,3.3903,3.3907
2252,0.0789,0.0014,0.0803,0.0145,0.9825653798256538,0.017434620174346202,4.2618,0.9358,4.2619,0.0001,0.0,0.0,0.0,4.261900000000001,0.9358,5.197700000000001,5.2025
2253,0.1651,0.0,0.1651,0.0297,1.0,0.0,8.4912,0.0139,8.4913,0.0001,0.0,0.0,0.0,8.4913,0.013900000000000001,8.5052,8.5033
2254,0.1461,0.0001,0.1462,0.0263,0.9993160054719563,0.0006839945280437757,8.307,0.0618,8.307,0.0,0.0,0.0,0.0,8.307,0.0618,8.3688,8.3738
2255,0.1,0.0001,0.1002,0.018,0.9980039920159681,0.0009980039920159682,5.6862,0.095,5.6863,0.0001,0.0,0.0,0.0,5.6863,0.095,5.7813,5.7859
2256,0.0808,0.0021,0.0829,0.0149,0.9746682750301567,0.02533172496984318,4.3638,1.4146,4.3638,0.0,0.0,0.0,0.0,4.3637999999999995,1.4145999999999999,5.7783999999999995,5.7807
2257,0.1363,0.0042,0.1405,0.0253,0.9701067615658362,0.029893238434163697,7.548,2.7969,7.548,0.0,0.0,0.0,0.0,7.548,2.7969,10.344899999999999,10.3406
2258,0.1539,0.0003,0.1543,0.0278,0.997407647440052,0.0019442644199611147,8.1096,0.202,8.1097,0.0001,0.0,0.0,0.0,8.109699999999998,0.202,8.311699999999998,8.3126
2259,0.0451,0.0,0.0451,0.0081,1.0,0.0,2.3172,0.0064,2.317,0.0,0.0,0.0,0.0,2.317,0.0063999999999999994,2.3234000000000004,2.3187
2260,0.0794,0.0001,0.0795,0.0143,0.9987421383647799,0.0012578616352201257,4.6344,0.0718,4.6342,0.0,0.0,0.0,0.0,4.6342,0.0718,4.7059999999999995,4.7092
2261,0.1065,0.0014,0.1079,0.0194,0.9870250231696015,0.012974976830398518,6.0552,0.9049,6.0553,0.0001,0.0,0.0,0.0,6.055300000000001,0.9048999999999998,6.9602,6.9599
2262,0.1121,0.0,0.1122,0.0202,0.9991087344028522,0.0,6.5454,0.0289,6.5454,0.0,0.0,0.0,0.0,6.545399999999999,0.0289,6.574299999999999,6.5695
2263,0.1643,0.0002,0.1645,0.0296,0.9987841945288753,0.0012158054711246201,9.5898,0.1509,9.5896,0.0,0.0,0.0,0.0,9.5896,0.1509,9.7405,9.7379
2264,0.1866,0.0003,0.1869,0.0336,0.9983948635634028,0.0016051364365971105,10.6086,0.1751,10.6082,0.0,0.0,0.0,0.0,10.6082,0.17509999999999998,10.7833,10.7794
2265,0.1019,0.0044,0.1063,0.0191,0.9586077140169332,0.041392285983066796,5.7924,2.8825,5.7925,0.0001,0.0,0.0,0.0,5.7925,2.8825,8.675,8.6771
2266,0.1242,0.0011,0.1254,0.0226,0.9904306220095693,0.008771929824561403,6.5454,0.6951,6.5455,0.0001,0.0,0.0,0.0,6.5455,0.6951,7.2406,7.2426
2267,0.1331,0.0,0.1331,0.024,1.0,0.0,6.8442,0.0076,6.8439,0.0,0.0,0.0,0.0,6.8439000000000005,0.007599999999999999,6.851500000000001,6.855
2268,0.0573,0.0001,0.0574,0.0103,0.9982578397212543,0.0017421602787456446,3.3444,0.0667,3.3443,0.0,0.0,0.0,0.0,3.3443,0.0667,3.411,3.4086
2269,0.1773,0.0018,0.1791,0.0322,0.9899497487437187,0.010050251256281405,9.8184,1.223,9.8181,0.0,0.0,0.0,0.0,9.818100000000001,1.223,11.041100000000002,11.0424
2270,0.1037,0.0001,0.1038,0.0187,0.9990366088631984,0.0009633911368015414,5.8938,0.0688,5.8935,0.0,0.0,0.0,0.0,5.8934999999999995,0.0688,5.9623,5.9656
2271,0.1174,0.0001,0.1175,0.0212,0.9991489361702128,0.0008510638297872341,6.342,0.0486,6.3418,0.0,0.0,0.0,0.0,6.341799999999999,0.0486,6.3904,6.3945
2272,0.0768,0.0026,0.0793,0.0143,0.9684741488020177,0.03278688524590164,4.3638,1.8411,4.3637,0.0,0.0,0.0,0.0,4.3637,1.8411,6.2048,6.2044
2273,0.1126,0.0003,0.1129,0.0203,0.9973427812223207,0.002657218777679362,5.7924,0.1671,5.7927,0.0003,0.0,0.0,0.0,5.7927,0.16710000000000003,5.9597999999999995,5.9604
2274,0.1535,0.0,0.1536,0.0276,0.9993489583333334,0.0,8.727,0.0255,8.7272,0.0002,0.0,0.0,0.0,8.727199999999998,0.025500000000000002,8.752699999999997,8.7573
2275,0.1145,0.0,0.1145,0.0206,1.0,0.0,6.342,0.0125,6.3419,0.0,0.0,0.0,0.0,6.3419,0.012499999999999999,6.3544,6.3525
2276,0.1287,0.0019,0.1306,0.0235,0.9854517611026035,0.01454823889739663,6.951,1.3775,6.9512,0.0002,0.0,0.0,0.0,6.9512,1.3775,8.3287,8.3316
2277,0.096,0.0084,0.1044,0.0188,0.9195402298850575,0.08045977011494251,5.4546,5.001,5.4546,0.0,0.0,0.0,0.0,5.454600000000001,5.0009999999999994,10.4556,10.4542
2278,0.1287,0.0012,0.1299,0.0234,0.9907621247113165,0.009237875288683603,6.951,0.7375,6.9512,0.0002,0.0,0.0,0.0,6.9512,0.7375,7.6887,7.6905
2279,0.1434,0.0,0.1435,0.0258,0.9993031358885018,0.0,8.154,0.0069,8.1539,0.0,0.0,0.0,0.0,8.1539,0.006900000000000001,8.1608,8.1564
2280,0.1352,0.0001,0.1352,0.0243,1.0,0.0007396449704142013,6.951,0.047,6.951,0.0,0.0,0.0,0.0,6.9510000000000005,0.047,6.998,6.9936
2281,0.0934,0.0009,0.0943,0.017,0.9904559915164369,0.009544008483563097,5.046,0.591,5.046,0.0,0.0,0.0,0.0,5.046,0.591,5.6370000000000005,5.6392
2282,0.0841,0.0,0.0841,0.0151,1.0,0.0,5.046,0.0324,5.046,0.0,0.0,0.0,0.0,5.046,0.0324,5.0784,5.0752
2283,0.0384,0.0,0.0384,0.0069,1.0,0.0,2.1816,0.004,2.1817,0.0001,0.0,0.0,0.0,2.1816999999999998,0.004,2.1856999999999998,2.1835
2284,0.1204,0.0006,0.121,0.0218,0.9950413223140495,0.004958677685950413,6.8442,0.3839,6.8441,0.0,0.0,0.0,0.0,6.8441,0.3839,7.228,7.2274
2285,0.1275,0.0007,0.1282,0.0231,0.9945397815912635,0.005460218408736349,7.248,0.4138,7.248,0.0,0.0,0.0,0.0,7.248,0.41380000000000006,7.6618,7.6609
2286,0.055,0.0002,0.0552,0.0099,0.9963768115942029,0.0036231884057971015,2.8302,0.1158,2.8303,0.0001,0.0,0.0,0.0,2.8303000000000003,0.1158,2.9461000000000004,2.9417
2287,0.0413,0.0,0.0413,0.0074,1.0,0.0,2.2296,0.0101,2.2295,0.0,0.0,0.0,0.0,2.2295,0.0101,2.2396,2.2372
2288,0.044,0.0001,0.0441,0.0079,0.9977324263038548,0.0022675736961451248,2.3172,0.0954,2.3172,0.0,0.0,0.0,0.0,2.3172,0.09539999999999998,2.4126000000000003,2.4163
2289,0.0654,0.0046,0.0701,0.0126,0.9329529243937233,0.06562054208273894,3.624,3.3464,3.624,0.0,0.0,0.0,0.0,3.624,3.3464,6.9704,6.9703
2290,0.0987,0.0017,0.1003,0.0181,0.9840478564307078,0.01694915254237288,5.3274,1.0755,5.3275,0.0001,0.0,0.0,0.0,5.3275,1.0755000000000001,6.403,6.3999
2291,0.1347,0.0,0.1347,0.0242,1.0,0.0,7.4586,0.005,7.4586,0.0,0.0,0.0,0.0,7.458600000000001,0.005,7.4636000000000005,7.4659
2292,0.0636,0.0005,0.0641,0.0115,0.9921996879875195,0.007800312012480499,3.273,0.3111,3.273,0.0,0.0,0.0,0.0,3.273,0.31110000000000004,3.5841000000000003,3.5858
2293,0.083,0.0,0.083,0.0149,1.0,0.0,4.7172,0.0107,4.7175,0.0003,0.0,0.0,0.0,4.7175,0.0107,4.7282,4.726
2294,0.1146,0.0003,0.1148,0.0207,0.9982578397212543,0.0026132404181184667,6.6888,0.1771,6.6887,0.0,0.0,0.0,0.0,6.6887,0.1771,6.8658,6.864
2295,0.1644,0.0025,0.1669,0.03,0.9850209706411024,0.014979029358897545,9.3456,1.7109,9.3455,0.0,0.0,0.0,0.0,9.345500000000001,1.7108999999999999,11.056400000000002,11.059
2296,0.1427,0.0083,0.1509,0.0272,0.9456593770709079,0.05500331345261763,8.1096,5.2828,8.1098,0.0002,0.0,0.0,0.0,8.109799999999998,5.2828,13.392599999999998,13.3892
2297,0.1223,0.0054,0.1277,0.023,0.9577133907595928,0.042286609240407204,6.6042,3.4123,6.6043,0.0001,0.0,0.0,0.0,6.6043,3.4122999999999997,10.0166,10.0138
2298,0.1657,0.0,0.1657,0.0298,1.0,0.0,8.727,0.0047,8.727,0.0,0.0,0.0,0.0,8.726999999999999,0.0047,8.731699999999998,8.7362
2299,0.1682,0.0,0.1682,0.0303,1.0,0.0,9.0828,0.0083,9.0828,0.0,0.0,0.0,0.0,9.0828,0.0083,9.0911,9.0921
2300,0.0724,0.0001,0.0725,0.0131,0.9986206896551726,0.0013793103448275863,3.9108,0.0526,3.9109,0.0001,0.0,0.0,0.0,3.9109000000000007,0.0526,3.9635000000000007,3.9644
2301,0.06,0.0,0.06,0.0108,1.0,0.0,3.4116,0.0049,3.4118,0.0002,0.0,0.0,0.0,3.4117999999999995,0.0049,3.4166999999999996,3.4156
2302,0.0573,0.0003,0.0576,0.0104,0.9947916666666666,0.005208333333333333,3.3444,0.1939,3.3444,0.0,0.0,0.0,0.0,3.3444,0.1939,3.5383,3.5383
2303,0.0374,0.0,0.0374,0.0067,1.0,0.0,2.0184,0.0078,2.0184,0.0,0.0,0.0,0.0,2.0183999999999997,0.0078,2.0262,2.023
2304,0.1232,0.0011,0.1243,0.0224,0.9911504424778762,0.008849557522123895,6.8238,0.7193,6.8236,0.0,0.0,0.0,0.0,6.8236,0.7193,7.5428999999999995,7.5457
2305,0.1312,0.0,0.1313,0.0236,0.9992383853769993,0.0,7.2684,0.0201,7.2686,0.0002,0.0,0.0,0.0,7.268600000000001,0.0201,7.288700000000001,7.2929
2306,0.1437,0.0,0.1438,0.0259,0.9993045897079276,0.0,7.9608,0.0291,7.9608,0.0,0.0,0.0,0.0,7.960800000000001,0.0291,7.9899000000000004,7.9917
2307,0.1037,0.0052,0.1088,0.0196,0.9531250000000001,0.04779411764705883,5.8938,3.5907,5.8934,0.0,0.0,0.0,0.0,5.8934,3.5906999999999996,9.4841,9.4877
2308,0.066,0.001,0.067,0.0121,0.9850746268656716,0.014925373134328358,3.4758,0.6205,3.4757,0.0,0.0,0.0,0.0,3.4757000000000002,0.6205000000000002,4.0962000000000005,4.0914
2309,0.1032,0.0012,0.1045,0.0188,0.9875598086124402,0.011483253588516746,5.574,0.8026,5.5738,0.0,0.0,0.0,0.0,5.5738,0.8026,6.3764,6.375
2310,0.0545,0.0015,0.056,0.0101,0.9732142857142857,0.026785714285714284,3.273,0.9424,3.2727,0.0,0.0,0.0,0.0,3.2727,0.9424,4.2151,4.2178
2311,0.053,0.0004,0.0533,0.0096,0.9943714821763602,0.0075046904315197,2.9334,0.2291,2.9333,0.0,0.0,0.0,0.0,2.9333,0.22909999999999997,3.1624,3.1614
2312,0.0956,0.0062,0.1019,0.0183,0.9381746810598626,0.060843964671246316,5.436,3.8444,5.436,0.0,0.0,0.0,0.0,5.436,3.8444000000000003,9.2804,9.2761
2313,0.08,0.0119,0.092,0.0166,0.8695652173913044,0.12934782608695652,4.5492,8.057,4.5491,0.0,0.0,0.0,0.0,4.5491,8.057,12.606100000000001,12.6047
2314,0.1716,0.0,0.1716,0.0309,1.0,0.0,9.2682,0.0056,9.2682,0.0,0.0,0.0,0.0,9.2682,0.0056,9.2738,9.2713
2315,0.1381,0.0001,0.1382,0.0249,0.9992764109985529,0.0007235890014471781,7.4586,0.0405,7.4586,0.0,0.0,0.0,0.0,7.458600000000001,0.0405,7.4991,7.503
2316,0.0364,0.0,0.0364,0.0065,1.0,0.0,2.1816,0.0161,2.1819,0.0003,0.0,0.0,0.0,2.1819,0.0161,2.198,2.1968
2317,0.1308,0.0005,0.1313,0.0236,0.9961919268849961,0.003808073115003808,7.6362,0.2826,7.6363,0.0001,0.0,0.0,0.0,7.6363,0.2826,7.918900000000001,7.9236
2318,0.0874,0.0007,0.0881,0.0159,0.9920544835414303,0.007945516458569807,4.7172,0.4026,4.7173,0.0001,0.0,0.0,0.0,4.7173,0.40259999999999996,5.1198999999999995,5.1241
2319,0.0867,0.0004,0.0871,0.0157,0.9954075774971297,0.004592422502870264,4.4592,0.2278,4.459,0.0,0.0,0.0,0.0,4.459,0.2278,4.6868,4.6822
2320,0.1295,0.0092,0.1387,0.025,0.9336697909156454,0.06633020908435473,6.8238,5.5707,6.8237,0.0,0.0,0.0,0.0,6.8237,5.5706999999999995,12.3944,12.3915
2321,0.1514,0.0061,0.1575,0.0283,0.9612698412698413,0.03873015873015873,9.0828,4.0093,9.0829,0.0001,0.0,0.0,0.0,9.0829,4.0093,13.0922,13.0879
2322,0.1053,0.0006,0.1059,0.0191,0.9943342776203967,0.005665722379603399,5.6862,0.3793,5.6862,0.0,0.0,0.0,0.0,5.6862,0.3793,6.0655,6.064
2323,0.0424,0.0003,0.0428,0.0077,0.9906542056074767,0.007009345794392523,2.1816,0.1922,2.1818,0.0002,0.0,0.0,0.0,2.1818,0.1922,2.374,2.3753
2324,0.0867,0.0011,0.0879,0.0158,0.9863481228668941,0.012514220705346985,4.4592,0.7509,4.459,0.0,0.0,0.0,0.0,4.459,0.7508999999999999,5.209899999999999,5.2091
2325,0.1731,0.0001,0.1731,0.0312,1.0,0.0005777007510109763,9.3456,0.0346,9.3455,0.0,0.0,0.0,0.0,9.345500000000001,0.0346,9.3801,9.383
2326,0.0534,0.0004,0.0538,0.0097,0.9925650557620819,0.007434944237918216,3.1152,0.2638,3.1152,0.0,0.0,0.0,0.0,3.1152,0.2638,3.379,3.3758
2327,0.1716,0.0022,0.1739,0.0313,0.9867740080506038,0.012650948821161589,9.2682,1.4971,9.2682,0.0,0.0,0.0,0.0,9.2682,1.4971,10.7653,10.7624
2328,0.0841,0.0,0.0841,0.0151,1.0,0.0,5.046,0.0182,5.0461,0.0001,0.0,0.0,0.0,5.0461,0.0182,5.0643,5.0654
2329,0.1687,0.0,0.1687,0.0304,1.0,0.0,9.5898,0.0049,9.5895,0.0,0.0,0.0,0.0,9.589500000000001,0.0049,9.5944,9.5921
2330,0.1644,0.0005,0.1649,0.0297,0.9969678593086719,0.0030321406913280777,9.3456,0.3031,9.3453,0.0,0.0,0.0,0.0,9.345300000000002,0.30310000000000004,9.648400000000002,9.6475
2331,0.0442,0.0002,0.0445,0.008,0.9932584269662923,0.0044943820224719105,2.2746,0.1573,2.2746,0.0,0.0,0.0,0.0,2.2746,0.15730000000000002,2.4319,2.428
2332,0.0829,0.0089,0.0919,0.0165,0.9020674646354734,0.09684439608269858,4.7148,5.945,4.7148,0.0,0.0,0.0,0.0,4.7148,5.945,10.6598,10.655
2333,0.1427,0.0005,0.1432,0.0258,0.9965083798882681,0.003491620111731844,8.1096,0.3546,8.1097,0.0001,0.0,0.0,0.0,8.109699999999998,0.3546,8.464299999999998,8.4645
2334,0.0639,0.0049,0.0687,0.0124,0.9301310043668123,0.07132459970887918,3.5364,3.152,3.5359,0.0,0.0,0.0,0.0,3.5359000000000007,3.152,6.687900000000001,6.6854
2335,0.167,0.0,0.1671,0.0301,0.9994015559545183,0.0,8.7996,0.0145,8.7993,0.0,0.0,0.0,0.0,8.799299999999999,0.014499999999999997,8.813799999999999,8.8183
2336,0.1965,0.0007,0.1972,0.0355,0.996450304259635,0.003549695740365112,10.6086,0.4403,10.6084,0.0,0.0,0.0,0.0,10.608400000000001,0.44029999999999997,11.048700000000002,11.0449
2337,0.0404,0.0,0.0404,0.0073,1.0,0.0,2.1816,0.0049,2.1818,0.0002,0.0,0.0,0.0,2.1818,0.004900000000000001,2.1867,2.1831
2338,0.1019,0.0,0.1019,0.0183,1.0,0.0,5.7924,0.0061,5.7928,0.0004,0.0,0.0,0.0,5.7928,0.0061,5.7989,5.8026
2339,0.0858,0.011,0.0969,0.0174,0.8854489164086687,0.11351909184726522,4.6344,6.9393,4.6341,0.0,0.0,0.0,0.0,4.6341,6.9393,11.5734,11.5761
2340,0.1414,0.0,0.1414,0.0255,1.0,0.0,7.6362,0.0098,7.6364,0.0002,0.0,0.0,0.0,7.6364,0.0098,7.6462,7.6445
2341,0.1414,0.0,0.1414,0.0255,1.0,0.0,7.6362,0.0104,7.6363,0.0001,0.0,0.0,0.0,7.6363,0.0104,7.6467,7.6418
2342,0.0789,0.0002,0.0791,0.0142,0.9974715549936788,0.0025284450063211127,4.2618,0.1255,4.2622,0.0004,0.0,0.0,0.0,4.2622,0.1255,4.3877,4.3866
2343,0.15,0.0094,0.1593,0.0287,0.9416195856873822,0.05900816070307596,8.5242,6.1316,8.5242,0.0,0.0,0.0,0.0,8.5242,6.1316,14.6558,14.658
2344,0.1437,0.0104,0.1541,0.0277,0.9325113562621674,0.06748864373783257,7.9608,6.1763,7.9608,0.0,0.0,0.0,0.0,7.960800000000001,6.1762999999999995,14.1371,14.1375
2345,0.0646,0.0004,0.065,0.0117,0.9938461538461539,0.006153846153846154,3.774,0.247,3.774,0.0,0.0,0.0,0.0,3.774,0.247,4.021,4.0222
2346,0.1312,0.0037,0.135,0.0243,0.9718518518518519,0.027407407407407408,7.2684,2.4628,7.2685,0.0001,0.0,0.0,0.0,7.2685,2.4628000000000005,9.731300000000001,9.7322
2347,0.0589,0.0,0.059,0.0106,0.9983050847457627,0.0,3.5364,0.0071,3.5361,0.0,0.0,0.0,0.0,3.5361000000000002,0.0071,3.5432,3.5418
2348,0.1811,0.0002,0.1813,0.0326,0.9988968560397133,0.0011031439602868175,10.0326,0.0965,10.0328,0.0002,0.0,0.0,0.0,10.0328,0.0965,10.1293,10.1333
2349,0.1053,0.001,0.1063,0.0191,0.9905926622765757,0.00940733772342427,5.6862,0.6677,5.6862,0.0,0.0,0.0,0.0,5.6862,0.6677,6.3539,6.3517
2350,0.0403,0.0011,0.0414,0.0074,0.9734299516908214,0.026570048309178747,2.2296,0.6648,2.2295,0.0,0.0,0.0,0.0,2.2295,0.6648,2.8943,2.8903
2351,0.0561,0.0,0.0561,0.0101,1.0,0.0,3.273,0.0059,3.2726,0.0,0.0,0.0,0.0,3.2725999999999997,0.005899999999999999,3.2784999999999997,3.2779
2352,0.1376,0.0039,0.1415,0.0255,0.9724381625441697,0.02756183745583039,7.248,2.691,7.2479,0.0,0.0,0.0,0.0,7.2479,2.691,9.9389,9.9424
2353,0.1279,0.0055,0.1333,0.024,0.9594898724681171,0.04126031507876969,7.2684,3.7813,7.2685,0.0001,0.0,0.0,0.0,7.2685,3.7813,11.049800000000001,11.054
2354,0.1765,0.0085,0.185,0.0333,0.954054054054054,0.04594594594594595,10.0326,5.383,10.0331,0.0005,0.0,0.0,0.0,10.0331,5.383,15.4161,15.4162
2355,0.1116,0.0,0.1116,0.0201,1.0,0.0,6.342,0.003,6.342,0.0,0.0,0.0,0.0,6.3420000000000005,0.003,6.345000000000001,6.3427
2356,0.0794,0.0096,0.089,0.016,0.8921348314606742,0.10786516853932585,4.6344,6.0017,4.6341,0.0,0.0,0.0,0.0,4.6341,6.0017000000000005,10.6358,10.6314
2357,0.0341,0.0016,0.0357,0.0064,0.9551820728291316,0.04481792717086835,1.887,0.9678,1.887,0.0,0.0,0.0,0.0,1.887,0.9678,2.8548,2.8516
2358,0.088,0.0,0.088,0.0158,1.0,0.0,4.6344,0.012,4.6341,0.0,0.0,0.0,0.0,4.6341,0.012,4.6461,4.6417
2359,0.0606,0.0012,0.0618,0.0111,0.9805825242718447,0.019417475728155338,3.273,0.704,3.2727,0.0,0.0,0.0,0.0,3.2727,0.704,3.9767,3.9764
2360,0.1618,0.0017,0.1635,0.0294,0.9896024464831804,0.01039755351681957,8.5242,1.0459,8.5241,0.0,0.0,0.0,0.0,8.5241,1.0459,9.57,9.5666
2361,0.0956,0.0,0.0956,0.0172,1.0,0.0,5.436,0.0032,5.4358,0.0,0.0,0.0,0.0,5.4358,0.0032,5.439,5.4381
2362,0.15,0.0004,0.1504,0.0271,0.9973404255319148,0.0026595744680851063,8.307,0.2594,8.3069,0.0,0.0,0.0,0.0,8.3069,0.25939999999999996,8.5663,8.5667
2363,0.0547,0.0002,0.0548,0.0099,0.9981751824817517,0.0036496350364963502,3.0276,0.1102,3.0276,0.0,0.0,0.0,0.0,3.0276,0.11019999999999999,3.1378,3.1428
2364,0.0965,0.0006,0.0971,0.0175,0.9938208032955715,0.006179196704428423,5.7924,0.3627,5.7926,0.0002,0.0,0.0,0.0,5.7926,0.36269999999999997,6.1553,6.1524
2365,0.1242,0.0006,0.1248,0.0225,0.9951923076923078,0.004807692307692307,6.5454,0.347,6.5454,0.0,0.0,0.0,0.0,6.545399999999999,0.347,6.8923999999999985,6.8894
2366,0.0421,0.0003,0.0424,0.0076,0.9929245283018867,0.007075471698113207,2.2746,0.1984,2.2746,0.0,0.0,0.0,0.0,2.2746,0.19840000000000002,2.473,2.472
2367,0.1801,0.0025,0.1826,0.0329,0.9863088718510405,0.013691128148959474,10.2354,1.5899,10.2354,0.0,0.0,0.0,0.0,10.2354,1.5899,11.8253,11.8231
2368,0.1401,0.0001,0.1402,0.0252,0.9992867332382311,0.0007132667617689017,7.9608,0.0771,7.9608,0.0,0.0,0.0,0.0,7.960800000000001,0.0771,8.0379,8.0404
2369,0.0367,0.0003,0.037,0.0067,0.9918918918918921,0.008108108108108109,1.887,0.1603,1.8868,0.0,0.0,0.0,0.0,1.8868,0.1603,2.0471,2.0497
2370,0.086,0.0,0.0861,0.0155,0.9988385598141696,0.0,4.8888,0.0318,4.8886,0.0,0.0,0.0,0.0,4.8886,0.0318,4.9204,4.9162
2371,0.1644,0.0003,0.1647,0.0296,0.9981785063752275,0.001821493624772313,9.3456,0.1517,9.3453,0.0,0.0,0.0,0.0,9.3453,0.1517,9.497,9.5017
2372,0.1376,0.0001,0.1377,0.0248,0.9992737835875092,0.0007262164124909224,7.248,0.0832,7.2478,0.0,0.0,0.0,0.0,7.2478,0.0832,7.3309999999999995,7.3273
2373,0.0367,0.0006,0.0373,0.0067,0.9839142091152816,0.0160857908847185,1.887,0.3893,1.887,0.0,0.0,0.0,0.0,1.887,0.38930000000000003,2.2763,2.2747
2374,0.1373,0.0001,0.1374,0.0247,0.9992721979621544,0.000727802037845706,7.8036,0.0452,7.8033,0.0,0.0,0.0,0.0,7.8033,0.0452,7.8485000000000005,7.8506
2375,0.1539,0.0002,0.1541,0.0277,0.9987021414665803,0.0012978585334198574,8.5242,0.1479,8.524,0.0,0.0,0.0,0.0,8.524000000000001,0.1479,8.6719,8.6753
2376,0.0992,0.0,0.0992,0.0179,1.0,0.0,5.7924,0.0061,5.7926,0.0002,0.0,0.0,0.0,5.7926,0.0060999999999999995,5.7987,5.8027
2377,0.1589,0.0006,0.1595,0.0287,0.9962382445141067,0.0037617554858934165,8.7996,0.4043,8.7994,0.0,0.0,0.0,0.0,8.7994,0.40430000000000005,9.2037,9.2053
2378,0.0302,0.0001,0.0303,0.0055,0.9966996699669968,0.0033003300330033004,1.812,0.054,1.812,0.0,0.0,0.0,0.0,1.812,0.054,1.866,1.8666
2379,0.1232,0.0027,0.1259,0.0227,0.9785544082605242,0.021445591739475772,6.8238,1.6382,6.8234,0.0,0.0,0.0,0.0,6.8233999999999995,1.6382,8.461599999999999,8.4583
2380,0.0839,0.0058,0.0897,0.0161,0.935340022296544,0.06465997770345595,4.53,3.8891,4.5299,0.0,0.0,0.0,0.0,4.5299000000000005,3.8891,8.419,8.4175
2381,0.0788,0.0001,0.0789,0.0142,0.9987325728770595,0.001267427122940431,4.1532,0.0301,4.1535,0.0003,0.0,0.0,0.0,4.1535,0.030099999999999995,4.1836,4.1815
2382,0.0466,0.0016,0.0482,0.0087,0.966804979253112,0.03319502074688797,2.718,1.0621,2.718,0.0,0.0,0.0,0.0,2.718,1.0621,3.7801,3.7842
2383,0.1858,0.0,0.1858,0.0334,1.0,0.0,10.0326,0.0219,10.033,0.0004,0.0,0.0,0.0,10.033,0.0219,10.0549,10.055
2384,0.0429,0.0035,0.0464,0.0084,0.9245689655172414,0.07543103448275863,2.3172,2.237,2.3172,0.0,0.0,0.0,0.0,2.3172,2.237,4.5542,4.5505
2385,0.1301,0.0002,0.1303,0.0235,0.9984650805832693,0.0015349194167306216,6.6888,0.1421,6.6886,0.0,0.0,0.0,0.0,6.6886,0.1421,6.8307,6.8337
2386,0.1242,0.0001,0.1242,0.0224,1.0,0.0008051529790660225,7.248,0.0367,7.2478,0.0,0.0,0.0,0.0,7.2478,0.0367,7.2844999999999995,7.2848
2387,0.142,0.0,0.142,0.0256,1.0,0.0,8.0736,0.0086,8.0736,0.0,0.0,0.0,0.0,8.073599999999999,0.0086,8.082199999999998,8.0775
2388,0.0981,0.0082,0.1063,0.0191,0.922859830667921,0.07714016933207903,5.574,4.696,5.5739,0.0,0.0,0.0,0.0,5.573900000000001,4.696,10.2699,10.2651
2389,0.0638,0.0055,0.0693,0.0125,0.9206349206349206,0.07936507936507936,3.624,3.7446,3.624,0.0,0.0,0.0,0.0,3.624,3.7445999999999997,7.3686,7.368
2390,0.1685,0.0003,0.1687,0.0304,0.9988144635447541,0.0017783046828689982,9.0978,0.1585,9.0981,0.0003,0.0,0.0,0.0,9.0981,0.1585,9.2566,9.2567
2391,0.0543,0.0001,0.0544,0.0098,0.9981617647058825,0.0018382352941176473,2.9334,0.053,2.9331,0.0,0.0,0.0,0.0,2.9331,0.05299999999999999,2.9861,2.9882
2392,0.0776,0.0007,0.0783,0.0141,0.9910600255427843,0.008939974457215836,4.53,0.4691,4.53,0.0,0.0,0.0,0.0,4.53,0.4691,4.9991,4.9973
2393,0.0769,0.0001,0.077,0.0139,0.9987012987012986,0.0012987012987012987,4.1532,0.059,4.1534,0.0002,0.0,0.0,0.0,4.1534,0.059,4.212400000000001,4.2132
2394,0.0591,0.0014,0.0605,0.0109,0.9768595041322314,0.023140495867768597,3.1152,0.9386,3.1152,0.0,0.0,0.0,0.0,3.1152,0.9386000000000001,4.053800000000001,4.0538
2395,0.1682,0.0,0.1682,0.0303,1.0,0.0,9.8184,0.007,9.8184,0.0,0.0,0.0,0.0,9.8184,0.006999999999999999,9.8254,9.8291
2396,0.0917,0.0001,0.0918,0.0165,0.9989106753812635,0.0010893246187363833,4.7148,0.1011,4.715,0.0002,0.0,0.0,0.0,4.715,0.1011,4.8161,4.8129
2397,0.1239,0.0025,0.1264,0.0228,0.9802215189873417,0.019778481012658226,6.6888,1.5807,6.6887,0.0,0.0,0.0,0.0,6.6887,1.5807000000000002,8.269400000000001,8.2651
2398,0.0404,0.0001,0.0405,0.0073,0.9975308641975308,0.0024691358024691358,2.1816,0.0954,2.1819,0.0003,0.0,0.0,0.0,2.1819,0.09540000000000001,2.2773000000000003,2.2786
2399,0.101,0.0012,0.1022,0.0184,0.9882583170254404,0.011741682974559686,5.8938,0.8384,5.8936,0.0,0.0,0.0,0.0,5.893599999999999,0.8384,6.731999999999999,6.7306
2400,0.0607,0.0031,0.0638,0.0115,0.95141065830721,0.04858934169278997,3.1968,2.2188,3.1965,0.0,0.0,0.0,0.0,3.1965000000000003,2.2188,5.4153,5.4147
2401,0.0353,0.001,0.0364,0.0065,0.9697802197802197,0.027472527472527472,1.9554,0.6251,1.9554,0.0,0.0,0.0,0.0,1.9554000000000002,0.6251,2.5805000000000002,2.5847
2402,0.1177,0.0055,0.1232,0.0222,0.9553571428571428,0.04464285714285714,6.6888,3.4969,6.6887,0.0,0.0,0.0,0.0,6.6887,3.4969,10.1856,10.1827
2403,0.1065,0.0,0.1065,0.0192,1.0,0.0,6.0552,0.0097,6.0552,0.0,0.0,0.0,0.0,6.0552,0.0097,6.0649,6.0679
2404,0.1448,0.0003,0.1451,0.0261,0.9979324603721572,0.002067539627842867,7.8216,0.2088,7.8217,0.0001,0.0,0.0,0.0,7.821700000000001,0.20879999999999999,8.0305,8.0353
2405,0.1232,0.0,0.1232,0.0222,1.0,0.0,6.8238,0.0133,6.8236,0.0,0.0,0.0,0.0,6.823599999999999,0.0133,6.836899999999999,6.8412
2406,0.145,0.0002,0.1453,0.0261,0.9979353062629042,0.0013764624913971094,7.4586,0.1677,7.4586,0.0,0.0,0.0,0.0,7.458600000000001,0.1677,7.6263000000000005,7.6273
2407,0.1636,0.0,0.1637,0.0295,0.9993891264508246,0.0,9.8184,0.0199,9.8183,0.0,0.0,0.0,0.0,9.8183,0.0199,9.8382,9.8361
2408,0.0314,0.0001,0.0315,0.0057,0.9968253968253967,0.0031746031746031746,1.887,0.062,1.887,0.0,0.0,0.0,0.0,1.887,0.062,1.949,1.9491
2409,0.1682,0.0027,0.1709,0.0308,0.984201287302516,0.01579871269748391,9.0828,1.9294,9.0828,0.0,0.0,0.0,0.0,9.0828,1.9293999999999998,11.0122,11.0144
2410,0.1347,0.0001,0.1347,0.0243,1.0,0.0007423904974016333,7.4586,0.0398,7.4587,0.0001,0.0,0.0,0.0,7.4587,0.039799999999999995,7.4985,7.5026
2411,0.1682,0.0008,0.169,0.0304,0.9952662721893489,0.004733727810650888,9.8184,0.5257,9.8181,0.0,0.0,0.0,0.0,9.818100000000001,0.5257,10.343800000000002,10.3459
2412,0.1126,0.0006,0.1132,0.0204,0.9946996466431096,0.005300353356890459,5.7924,0.4166,5.7926,0.0002,0.0,0.0,0.0,5.7926,0.4166,6.2092,6.2082
2413,0.1258,0.0,0.1258,0.0226,1.0,0.0,7.548,0.0069,7.5479,0.0,0.0,0.0,0.0,7.5479,0.0069,7.5548,7.5499
2414,0.1776,0.0,0.1776,0.032,1.0,0.0,9.5898,0.0185,9.5898,0.0,0.0,0.0,0.0,9.5898,0.0185,9.6083,9.6125
2415,0.0676,0.0001,0.0677,0.0122,0.9985228951255539,0.0014771048744460858,3.4758,0.0784,3.4753,0.0,0.0,0.0,0.0,3.4753000000000007,0.07840000000000001,3.5537000000000005,3.5554
2416,0.1331,0.0,0.1331,0.024,1.0,0.0,6.8442,0.029,6.8439,0.0,0.0,0.0,0.0,6.8439,0.029,6.8729,6.8753
2417,0.0591,0.0001,0.0592,0.0107,0.9983108108108107,0.0016891891891891893,3.273,0.0895,3.2729,0.0,0.0,0.0,0.0,3.2729000000000004,0.0895,3.3624000000000005,3.3645
2418,0.0758,0.0009,0.0768,0.0138,0.9869791666666669,0.01171875,4.5492,0.6745,4.5491,0.0,0.0,0.0,0.0,4.549099999999999,0.6744999999999999,5.223599999999999,5.2188
2419,0.1182,0.0026,0.1208,0.0217,0.9784768211920529,0.02152317880794702,6.5454,1.754,6.5455,0.0001,0.0,0.0,0.0,6.545499999999999,1.754,8.299499999999998,8.2992
2420,0.0415,0.0,0.0415,0.0075,1.0,0.0,2.3574,0.0098,2.3575,0.0001,0.0,0.0,0.0,2.3575,0.0098,2.3672999999999997,2.3671
2421,0.1481,0.0,0.1481,0.0267,1.0,0.0,7.8036,0.0052,7.8034,0.0,0.0,0.0,0.0,7.803399999999999,0.0052,7.808599999999999,7.811
2422,0.1507,0.0,0.1507,0.0271,1.0,0.0,8.7996,0.0036,8.7995,0.0,0.0,0.0,0.0,8.799499999999998,0.0035999999999999995,8.803099999999999,8.8066
2423,0.1213,0.0,0.1214,0.0218,0.9991762767710051,0.0,6.393,0.0049,6.393,0.0,0.0,0.0,0.0,6.393,0.0049,6.3979,6.4009
2424,0.0681,0.0,0.0682,0.0123,0.998533724340176,0.0,3.774,0.0126,3.7739,0.0,0.0,0.0,0.0,3.7739000000000003,0.0126,3.7865,3.7817
2425,0.1287,0.0003,0.129,0.0232,0.9976744186046512,0.0023255813953488367,6.951,0.1933,6.9512,0.0002,0.0,0.0,0.0,6.9512,0.19330000000000003,7.1445,7.1441
2426,0.1312,0.0005,0.1317,0.0237,0.9962034927866363,0.003796507213363705,7.2684,0.3111,7.2686,0.0002,0.0,0.0,0.0,7.268600000000001,0.3111,7.579700000000001,7.5756
2427,0.1516,0.01,0.1617,0.0291,0.9375386518243661,0.061842918985776124,9.0978,7.2211,9.0981,0.0003,0.0,0.0,0.0,9.0981,7.2211,16.319200000000002,16.3201
2428,0.0901,0.0001,0.0902,0.0162,0.9988913525498891,0.0011086474501108647,4.6344,0.0336,4.6343,0.0,0.0,0.0,0.0,4.6343000000000005,0.033600000000000005,4.6679,4.6674
2429,0.1414,0.0003,0.1418,0.0255,0.9971791255289139,0.0021156558533145273,7.6362,0.2251,7.6364,0.0002,0.0,0.0,0.0,7.6364,0.2251,7.8615,7.8664
2430,0.0864,0.0002,0.0865,0.0156,0.9988439306358383,0.0023121387283236996,4.5492,0.1051,4.5492,0.0,0.0,0.0,0.0,4.5492,0.1051,4.6543,4.6564
2431,0.0588,0.0001,0.0589,0.0106,0.99830220713073,0.001697792869269949,3.3444,0.0429,3.3443,0.0,0.0,0.0,0.0,3.3443,0.0429,3.3872,3.3922
2432,0.1095,0.0024,0.1119,0.0201,0.9785522788203753,0.021447721179624662,6.393,1.5717,6.393,0.0,0.0,0.0,0.0,6.393,1.5716999999999999,7.9647,7.9694
2433,0.1299,0.0005,0.1304,0.0235,0.9961656441717791,0.0038343558282208593,6.8442,0.2779,6.8439,0.0,0.0,0.0,0.0,6.8439,0.27790000000000004,7.1217999999999995,7.1179
2434,0.0576,0.0009,0.0585,0.0105,0.9846153846153846,0.015384615384615384,3.273,0.5622,3.2726,0.0,0.0,0.0,0.0,3.2725999999999997,0.5622,3.8347999999999995,3.8322
2435,0.1481,0.0,0.1481,0.0267,1.0,0.0,7.8036,0.0112,7.8034,0.0,0.0,0.0,0.0,7.8034,0.0112,7.8145999999999995,7.8189
2436,0.1615,0.0001,0.1616,0.0291,0.9993811881188119,0.0006188118811881188,9.4296,0.0455,9.4297,0.0001,0.0,0.0,0.0,9.4297,0.0455,9.475200000000001,9.4752
2437,0.1494,0.0007,0.15,0.027,0.9960000000000001,0.004666666666666667,8.4912,0.4005,8.4914,0.0002,0.0,0.0,0.0,8.4914,0.40049999999999997,8.8919,8.8909
2438,0.0576,0.0001,0.0577,0.0104,0.998266897746967,0.001733102253032929,3.273,0.0779,3.2726,0.0,0.0,0.0,0.0,3.2725999999999997,0.0779,3.3505,3.3518
2439,0.0394,0.0015,0.041,0.0074,0.9609756097560974,0.036585365853658534,2.0766,0.9897,2.0768,0.0002,0.0,0.0,0.0,2.0768,0.9897,3.0665,3.0682
2440,0.1848,0.0,0.1848,0.0333,1.0,0.0,10.2354,0.0145,10.2351,0.0,0.0,0.0,0.0,10.2351,0.014499999999999999,10.2496,10.2469
2441,0.1589,0.0001,0.159,0.0286,0.99937106918239,0.0006289308176100629,8.7996,0.0528,8.7994,0.0,0.0,0.0,0.0,8.799399999999999,0.0528,8.852199999999998,8.8472
2442,0.0734,0.0,0.0734,0.0132,1.0,0.0,3.774,0.0136,3.774,0.0,0.0,0.0,0.0,3.774,0.013600000000000001,3.7876,3.79
2443,0.0561,0.0042,0.0603,0.0109,0.9303482587064676,0.06965174129353234,3.273,2.9043,3.2727,0.0,0.0,0.0,0.0,3.2727,2.9043,6.177,6.1748
2444,0.1445,0.0,0.1445,0.026,1.0,0.0,7.8036,0.0247,7.8034,0.0,0.0,0.0,0.0,7.8034,0.0247,7.8281,7.8255
2445,0.1931,0.0019,0.195,0.0351,0.9902564102564102,0.009743589743589744,10.4268,1.1955,10.4266,0.0,0.0,0.0,0.0,10.4266,1.1955,11.6221,11.6193
2446,0.0982,0.0,0.0982,0.0177,1.0,0.0,5.436,0.0123,5.436,0.0,0.0,0.0,0.0,5.436,0.0123,5.4483,5.4483
2447,0.0472,0.0001,0.0473,0.0085,0.9978858350951374,0.0021141649048625794,2.8302,0.0582,2.8303,0.0001,0.0,0.0,0.0,2.8303000000000003,0.0582,2.8885,2.8915
2448,0.0635,0.0002,0.0637,0.0115,0.9968602825745682,0.003139717425431711,3.3444,0.1273,3.3444,0.0,0.0,0.0,0.0,3.3444,0.1273,3.4717,3.4743
2449,0.0839,0.0,0.0839,0.0151,1.0,0.0,4.53,0.0084,4.53,0.0,0.0,0.0,0.0,4.53,0.0084,4.5384,4.537
2450,0.0638,0.0002,0.064,0.0115,0.996875,0.003125,3.624,0.1237,3.6237,0.0,0.0,0.0,0.0,3.6237,0.12369999999999999,3.7474,3.7487
2451,0.1895,0.0001,0.1897,0.0341,0.9989457037427517,0.0005271481286241434,10.2354,0.0759,10.2353,0.0,0.0,0.0,0.0,10.2353,0.0759,10.311200000000001,10.3156
2452,0.1601,0.0023,0.1623,0.0292,0.9864448552064078,0.014171287738755391,9.0978,1.575,9.098,0.0002,0.0,0.0,0.0,9.098,1.575,10.673,10.677
2453,0.0588,0.0003,0.0591,0.0106,0.9949238578680203,0.005076142131979695,3.3444,0.1706,3.3444,0.0,0.0,0.0,0.0,3.3444,0.1706,3.5149999999999997,3.5116
2454,0.1502,0.0014,0.1515,0.0273,0.9914191419141914,0.009240924092409241,8.1096,0.8808,8.1096,0.0,0.0,0.0,0.0,8.109599999999999,0.8808000000000001,8.9904,8.9911
2455,0.0362,0.0,0.0363,0.0065,0.997245179063361,0.0,1.9554,0.03,1.9554,0.0,0.0,0.0,0.0,1.9554000000000002,0.03,1.9854000000000003,1.9832
2456,0.0769,0.0018,0.0787,0.0142,0.9771283354510799,0.022871664548919948,4.1532,1.0628,4.1536,0.0004,0.0,0.0,0.0,4.1536,1.0628000000000002,5.2164,5.214
2457,0.1243,0.0031,0.1273,0.0229,0.97643362136685,0.024351924587588374,7.0644,1.9876,7.0646,0.0002,0.0,0.0,0.0,7.0646,1.9875999999999996,9.0522,9.0557
2458,0.1341,0.0,0.1341,0.0241,1.0,0.0,7.0644,0.0031,7.0647,0.0003,0.0,0.0,0.0,7.0647,0.0031,7.0678,7.0711
2459,0.1703,0.0006,0.1708,0.0307,0.997072599531616,0.0035128805620608895,9.4296,0.4003,9.4296,0.0,0.0,0.0,0.0,9.4296,0.4003,9.8299,9.8324
2460,0.1,0.0,0.1001,0.018,0.9990009990009991,0.0,5.6862,0.0192,5.6863,0.0001,0.0,0.0,0.0,5.6863,0.019200000000000002,5.7055,5.702
2461,0.1965,0.0,0.1965,0.0354,1.0,0.0,10.6086,0.0045,10.6084,0.0,0.0,0.0,0.0,10.608400000000001,0.0045,10.612900000000002,10.6122
2462,0.0392,0.0002,0.0394,0.0071,0.9949238578680203,0.005076142131979696,2.0184,0.1138,2.0184,0.0,0.0,0.0,0.0,2.0183999999999997,0.1138,2.1321999999999997,2.1274
2463,0.0982,0.0001,0.0982,0.0177,1.0,0.0010183299389002038,5.436,0.0561,5.4359,0.0,0.0,0.0,0.0,5.4359,0.0561,5.492,5.4918
2464,0.0691,0.0006,0.0697,0.0126,0.9913916786226685,0.00860832137733142,4.0368,0.3967,4.0368,0.0,0.0,0.0,0.0,4.0367999999999995,0.3967,4.4334999999999996,4.4329
2465,0.0786,0.0,0.0787,0.0142,0.9987293519695044,0.0,4.7172,0.0309,4.7175,0.0003,0.0,0.0,0.0,4.717499999999999,0.030900000000000004,4.748399999999999,4.7508
2466,0.0788,0.0019,0.0807,0.0145,0.976456009913259,0.023543990086741018,4.3638,1.3448,4.3637,0.0,0.0,0.0,0.0,4.3637,1.3448,5.7085,5.7132
2467,0.163,0.0008,0.1638,0.0295,0.9951159951159951,0.004884004884004884,8.7996,0.5207,8.7996,0.0,0.0,0.0,0.0,8.7996,0.5206999999999999,9.3203,9.3191
2468,0.0326,0.0002,0.0328,0.0059,0.99390243902439,0.006097560975609756,1.9554,0.1368,1.9554,0.0,0.0,0.0,0.0,1.9554000000000002,0.13679999999999998,2.0922,2.0969
2469,0.1965,0.0,0.1965,0.0354,1.0,0.0,10.6086,0.0105,10.6085,0.0,0.0,0.0,0.0,10.608500000000001,0.010499999999999999,10.619000000000002,10.6209
2470,0.1773,0.0019,0.1792,0.0322,0.9893973214285715,0.010602678571428572,9.8184,1.0897,9.8182,0.0,0.0,0.0,0.0,9.818200000000001,1.0897000000000001,10.907900000000001,10.9103
2471,0.1711,0.0002,0.1713,0.0308,0.9988324576765908,0.0011675423234092236,8.7996,0.1215,8.7992,0.0,0.0,0.0,0.0,8.799199999999999,0.1215,8.920699999999998,8.9198
2472,0.0362,0.0001,0.0363,0.0065,0.997245179063361,0.0027548209366391185,1.9554,0.0664,1.9556,0.0002,0.0,0.0,0.0,1.9556000000000002,0.0664,2.0220000000000002,2.0171
2473,0.1528,0.0027,0.1555,0.028,0.982636655948553,0.017363344051446947,8.9184,1.846,8.9182,0.0,0.0,0.0,0.0,8.918199999999999,1.846,10.764199999999999,10.7625
2474,0.1858,0.0005,0.1863,0.0335,0.9973161567364466,0.0026838432635534087,10.0326,0.335,10.0329,0.0003,0.0,0.0,0.0,10.0329,0.335,10.3679,10.3635
2475,0.1753,0.0,0.1753,0.0316,1.0,0.0,10.2354,0.0094,10.2352,0.0,0.0,0.0,0.0,10.235199999999999,0.0094,10.244599999999998,10.2483
2476,0.1569,0.0023,0.1592,0.0287,0.9855527638190955,0.014447236180904521,8.9184,1.5268,8.9182,0.0,0.0,0.0,0.0,8.918199999999999,1.5268000000000002,10.444999999999999,10.4493
2477,0.1651,0.0003,0.1654,0.0298,0.9981862152357921,0.0018137847642079807,8.4912,0.21,8.4912,0.0,0.0,0.0,0.0,8.491200000000001,0.21000000000000002,8.701200000000002,8.7011
2478,0.0808,0.0038,0.0845,0.0152,0.9562130177514792,0.04497041420118343,4.7148,2.5063,4.7148,0.0,0.0,0.0,0.0,4.7148,2.5063,7.2211,7.2164
2479,0.0394,0.0006,0.04,0.0072,0.9849999999999999,0.014999999999999998,2.1816,0.3557,2.1819,0.0003,0.0,0.0,0.0,2.1819,0.35570000000000007,2.5376000000000003,2.5388
2480,0.1895,0.004,0.1936,0.0348,0.9788223140495869,0.02066115702479339,10.2354,2.7827,10.2353,0.0,0.0,0.0,0.0,10.2353,2.7827,13.018,13.0157
2481,0.1308,0.0001,0.1309,0.0236,0.9992360580595876,0.0007639419404125287,7.6362,0.0621,7.6363,0.0001,0.0,0.0,0.0,7.6363,0.0621,7.6984,7.7003
2482,0.0498,0.0,0.0498,0.009,1.0,0.0,2.8302,0.007,2.8305,0.0003,0.0,0.0,0.0,2.8305,0.007,2.8375,2.8408
2483,0.1427,0.0051,0.1477,0.0266,0.96614759647935,0.034529451591062965,8.1096,3.0668,8.1097,0.0001,0.0,0.0,0.0,8.109699999999998,3.0667999999999997,11.176499999999997,11.1806
2484,0.0543,0.0034,0.0577,0.0104,0.9410745233968804,0.05892547660311958,2.9334,2.0289,2.9333,0.0,0.0,0.0,0.0,2.9333,2.0288999999999997,4.962199999999999,4.9602
2485,0.1452,0.0095,0.1547,0.0278,0.9385908209437621,0.06140917905623788,8.2512,6.3161,8.251,0.0,0.0,0.0,0.0,8.251,6.3161,14.5671,14.572
2486,0.1636,0.0003,0.164,0.0295,0.997560975609756,0.0018292682926829265,9.8184,0.2073,9.8182,0.0,0.0,0.0,0.0,9.818200000000001,0.2073,10.025500000000001,10.0243
2487,0.0928,0.0,0.0928,0.0167,1.0,0.0,4.8888,0.0169,4.8885,0.0,0.0,0.0,0.0,4.8885000000000005,0.016900000000000002,4.9054,4.9047
2488,0.1682,0.001,0.1692,0.0305,0.9940898345153665,0.0059101654846335705,9.8184,0.5976,9.8181,0.0,0.0,0.0,0.0,9.818100000000001,0.5976,10.415700000000001,10.415
2489,0.1731,0.0018,0.1749,0.0315,0.9897084048027445,0.010291595197255574,9.3456,1.0887,9.3452,0.0,0.0,0.0,0.0,9.345200000000002,1.0887000000000002,10.433900000000001,10.4321
2490,0.1093,0.0004,0.1097,0.0198,0.9963536918869643,0.0036463081130355514,6.0552,0.2394,6.0552,0.0,0.0,0.0,0.0,6.0552,0.23939999999999997,6.2946,6.2922
2491,0.0881,0.0,0.0881,0.0159,1.0,0.0,4.53,0.0129,4.5298,0.0,0.0,0.0,0.0,4.5298,0.012900000000000002,4.5427,4.5444
2492,0.1931,0.0003,0.1934,0.0348,0.9984488107549121,0.0015511892450879006,10.4268,0.202,10.4268,0.0,0.0,0.0,0.0,10.4268,0.202,10.6288,10.625
2493,0.151,0.0006,0.1516,0.0273,0.9960422163588389,0.003957783641160949,8.154,0.3872,8.1536,0.0,0.0,0.0,0.0,8.1536,0.3872,8.5408,8.5427
2494,0.0319,0.0048,0.0367,0.0066,0.869209809264305,0.1307901907356948,1.812,3.1355,1.812,0.0,0.0,0.0,0.0,1.812,3.1355,4.9475,4.951
2495,0.0437,0.0027,0.0463,0.0083,0.9438444924406048,0.058315334773218146,2.3574,1.6112,2.3574,0.0,0.0,0.0,0.0,2.3574,1.6111999999999997,3.9686,3.9644
2496,0.0374,0.0066,0.044,0.0079,0.8500000000000001,0.15,2.0184,4.3464,2.0184,0.0,0.0,0.0,0.0,2.0183999999999997,4.3464,6.3648,6.3634
2497,0.0575,0.0003,0.0578,0.0104,0.994809688581315,0.005190311418685121,3.0276,0.1962,3.0277,0.0001,0.0,0.0,0.0,3.0277,0.19619999999999999,3.2239,3.2248
2498,0.1093,0.0007,0.1101,0.0198,0.9927338782924613,0.0063578564940962755,6.0552,0.4468,6.0553,0.0001,0.0,0.0,0.0,6.055300000000001,0.4468,6.5021,6.505
2499,0.1413,0.0,0.1414,0.0254,0.9992927864214993,0.0,8.2512,0.0274,8.251,0.0,0.0,0.0,0.0,8.251,0.027399999999999997,8.2784,8.2803
2500,0.1703,0.0,0.1703,0.0307,1.0,0.0,9.4296,0.0159,9.4297,0.0001,0.0,0.0,0.0,9.4297,0.015899999999999997,9.4456,9.4416
2501,0.1865,0.0001,0.1866,0.0336,0.9994640943193999,0.0005359056806002145,9.5898,0.0659,9.5898,0.0,0.0,0.0,0.0,9.5898,0.0659,9.6557,9.6568
2502,0.1601,0.004,0.164,0.0295,0.9762195121951218,0.024390243902439025,9.0978,2.627,9.0978,0.0,0.0,0.0,0.0,9.0978,2.6270000000000002,11.7248,11.7263
2503,0.0639,0.0,0.0639,0.0115,1.0,0.0,3.5364,0.0065,3.5362,0.0,0.0,0.0,0.0,3.5362,0.0065,3.5427,3.5445
2504,0.067,0.0058,0.0728,0.0131,0.9203296703296704,0.07967032967032966,3.9108,3.7225,3.9108,0.0,0.0,0.0,0.0,3.9108000000000005,3.7224999999999997,7.6333,7.6286
2505,0.1191,0.0,0.1191,0.0214,1.0,0.0,6.951,0.0107,6.9512,0.0002,0.0,0.0,0.0,6.9512,0.0107,6.9619,6.9613
2506,0.1511,0.0003,0.1514,0.0272,0.9980184940554822,0.0019815059445178335,7.9608,0.1739,7.9608,0.0,0.0,0.0,0.0,7.960800000000001,0.1739,8.1347,8.1376
2507,0.1414,0.0009,0.1423,0.0256,0.993675333801827,0.0063246661981728736,7.6362,0.5382,7.6362,0.0,0.0,0.0,0.0,7.6362000000000005,0.5382,8.1744,8.1699
2508,0.1532,0.0027,0.1559,0.0281,0.9826812059012187,0.01731879409878127,8.0736,1.6706,8.0736,0.0,0.0,0.0,0.0,8.073599999999999,1.6706000000000003,9.7442,9.7425
2509,0.1719,0.0008,0.1727,0.0311,0.9953676896352056,0.004632310364794442,10.0326,0.5553,10.0327,0.0001,0.0,0.0,0.0,10.0327,0.5553,10.588000000000001,10.5838
2510,0.0638,0.0011,0.0648,0.0117,0.9845679012345678,0.01697530864197531,3.624,0.7025,3.624,0.0,0.0,0.0,0.0,3.624,0.7025,4.3265,4.3302
2511,0.1801,0.0001,0.1801,0.0324,1.0,0.000555247084952804,10.2354,0.04,10.2354,0.0,0.0,0.0,0.0,10.2354,0.039999999999999994,10.2754,10.2802
2512,0.0341,0.0051,0.0392,0.0071,0.8698979591836734,0.13010204081632654,1.887,3.2852,1.887,0.0,0.0,0.0,0.0,1.887,3.2851999999999997,5.1722,5.1743
2513,0.1243,0.0001,0.1244,0.0224,0.9991961414790996,0.0008038585209003216,7.0644,0.0722,7.0644,0.0,0.0,0.0,0.0,7.064400000000001,0.0722,7.1366000000000005,7.1383
2514,0.1768,0.0003,0.1771,0.0319,0.9983060417843027,0.001693958215697346,10.6086,0.183,10.6081,0.0,0.0,0.0,0.0,10.6081,0.18300000000000002,10.7911,10.794
2515,0.1413,0.0008,0.1421,0.0256,0.9943701618578467,0.005629838142153413,7.2684,0.5252,7.2686,0.0002,0.0,0.0,0.0,7.268600000000001,0.5252,7.793800000000001,7.7944
2516,0.1022,0.0,0.1022,0.0184,1.0,0.0,5.661,0.0033,5.661,0.0,0.0,0.0,0.0,5.6610000000000005,0.0033,5.664300000000001,5.6633
2517,0.057,0.0002,0.0572,0.0103,0.9965034965034966,0.0034965034965034965,2.9334,0.1189,2.9331,0.0,0.0,0.0,0.0,2.9330999999999996,0.1189,3.0519999999999996,3.0502
2518,0.0937,0.0,0.0938,0.0169,0.9989339019189767,0.0,5.1918,0.0066,5.1919,0.0001,0.0,0.0,0.0,5.1919,0.006599999999999999,5.1985,5.1971
2519,0.0426,0.0012,0.0438,0.0079,0.9726027397260274,0.0273972602739726,2.3574,0.8598,2.3574,0.0,0.0,0.0,0.0,2.3574,0.8597999999999999,3.2172,3.2212
2520,0.1719,0.0002,0.1721,0.031,0.9988378849506101,0.0011621150493898896,10.0326,0.1237,10.033,0.0004,0.0,0.0,0.0,10.033,0.1237,10.156699999999999,10.1525
2521,0.1697,0.0001,0.1698,0.0306,0.9994110718492343,0.0005889281507656066,8.727,0.0476,8.7274,0.0004,0.0,0.0,0.0,8.7274,0.0476,8.774999999999999,8.7731
2522,0.1848,0.0091,0.1939,0.0349,0.9530685920577617,0.046931407942238275,10.2354,5.8395,10.2353,0.0,0.0,0.0,0.0,10.2353,5.8395,16.0748,16.0766
2523,0.1146,0.0,0.1146,0.0206,1.0,0.0,5.8938,0.0127,5.8937,0.0,0.0,0.0,0.0,5.893700000000001,0.0127,5.9064000000000005,5.9064
2524,0.1308,0.0025,0.1333,0.024,0.981245311327832,0.018754688672168042,7.6362,1.4942,7.6364,0.0002,0.0,0.0,0.0,7.6364,1.4942,9.1306,9.1346
2525,0.1452,0.0027,0.1479,0.0266,0.9817444219066936,0.018255578093306288,8.2512,1.8519,8.2509,0.0,0.0,0.0,0.0,8.2509,1.8519,10.1028,10.1066
2526,0.1126,0.0001,0.1128,0.0203,0.99822695035461,0.0008865248226950355,5.7924,0.0866,5.7926,0.0002,0.0,0.0,0.0,5.7926,0.08660000000000001,5.8792,5.8823
2527,0.075,0.0065,0.0815,0.0147,0.920245398773006,0.07975460122699386,4.2618,4.1973,4.2619,0.0001,0.0,0.0,0.0,4.261900000000001,4.1973,8.459200000000001,8.4638
2528,0.1006,0.0016,0.1022,0.0184,0.9843444227005871,0.01565557729941292,5.574,1.0948,5.5737,0.0,0.0,0.0,0.0,5.5737,1.0948,6.6685,6.6725
2529,0.0985,0.0,0.0986,0.0177,0.9989858012170386,0.0,5.1918,0.0042,5.1919,0.0001,0.0,0.0,0.0,5.1919,0.0042,5.1961,5.196
2530,0.0635,0.0003,0.0638,0.0115,0.9952978056426333,0.004702194357366771,3.3444,0.1856,3.3444,0.0,0.0,0.0,0.0,3.3444,0.18560000000000001,3.53,3.5324
2531,0.0365,0.0038,0.0403,0.0073,0.9057071960297766,0.09429280397022331,2.0766,2.641,2.0767,0.0001,0.0,0.0,0.0,2.0767,2.641,4.717700000000001,4.7133
2532,0.1652,0.0023,0.1674,0.0301,0.9868578255675031,0.013739545997610514,8.9184,1.4281,8.9182,0.0,0.0,0.0,0.0,8.918199999999999,1.4281000000000001,10.3463,10.3478
2533,0.0779,0.0001,0.078,0.014,0.9987179487179487,0.001282051282051282,4.5492,0.0751,4.5492,0.0,0.0,0.0,0.0,4.5492,0.0751,4.6243,4.6273
2534,0.1304,0.0,0.1304,0.0235,1.0,0.0,7.8216,0.0063,7.8216,0.0,0.0,0.0,0.0,7.821600000000001,0.0063,7.827900000000001,7.8328
2535,0.0636,0.009,0.0726,0.0131,0.8760330578512397,0.12396694214876032,3.273,6.0082,3.2728,0.0,0.0,0.0,0.0,3.2727999999999997,6.0082,9.281,9.2817
2536,0.1032,0.0003,0.1035,0.0186,0.9971014492753624,0.002898550724637681,5.436,0.1778,5.4359,0.0,0.0,0.0,0.0,5.4359,0.17779999999999999,5.613700000000001,5.6126
2537,0.1121,0.0012,0.1133,0.0204,0.9894086496028244,0.010591350397175639,6.5454,0.7761,6.5454,0.0,0.0,0.0,0.0,6.545399999999999,0.7761,7.321499999999999,7.3237
2538,0.0533,0.0,0.0533,0.0096,1.0,0.0,3.0276,0.0041,3.0276,0.0,0.0,0.0,0.0,3.0276,0.0040999999999999995,3.0317000000000003,3.0298
2539,0.199,0.0006,0.1996,0.0359,0.996993987975952,0.0030060120240480957,10.2354,0.3822,10.2352,0.0,0.0,0.0,0.0,10.235199999999999,0.38220000000000004,10.617399999999998,10.6135
2540,0.1727,0.0001,0.1728,0.0311,0.9994212962962962,0.0005787037037037037,9.0978,0.0549,9.098,0.0002,0.0,0.0,0.0,9.097999999999999,0.0549,9.152899999999999,9.1521
2541,0.1601,0.0013,0.1614,0.029,0.9919454770755887,0.008054522924411401,9.0978,0.8464,9.0979,0.0001,0.0,0.0,0.0,9.0979,0.8464,9.944299999999998,9.9442
2542,0.0472,0.0015,0.0486,0.0088,0.9711934156378601,0.0308641975308642,2.8302,0.9828,2.8306,0.0004,0.0,0.0,0.0,2.8306000000000004,0.9828,3.8134000000000006,3.8113
2543,0.0364,0.0,0.0365,0.0066,0.9972602739726029,0.0,2.0184,0.0076,2.0185,0.0001,0.0,0.0,0.0,2.0185,0.0076,2.0261,2.0229
2544,0.0937,0.0075,0.1012,0.0182,0.9258893280632412,0.0741106719367589,5.1918,4.9556,5.1918,0.0,0.0,0.0,0.0,5.191799999999999,4.9556,10.147399999999998,10.1499
2545,0.1437,0.0,0.1438,0.0259,0.9993045897079276,0.0,7.9608,0.0137,7.9608,0.0,0.0,0.0,0.0,7.960800000000001,0.0137,7.974500000000001,7.972
2546,0.1301,0.002,0.1321,0.0238,0.9848599545798638,0.015140045420136262,7.8036,1.2462,7.8033,0.0,0.0,0.0,0.0,7.8033,1.2462,9.0495,9.052
2547,0.0885,0.0001,0.0886,0.0159,0.9988713318284425,0.0011286681715575622,4.5492,0.0703,4.5491,0.0,0.0,0.0,0.0,4.5491,0.0703,4.6194,4.6216
2548,0.0808,0.0096,0.0904,0.0163,0.8938053097345133,0.10619469026548672,4.3638,5.2989,4.3637,0.0,0.0,0.0,0.0,4.3637,5.298900000000001,9.662600000000001,9.6645
2549,0.1539,0.0077,0.1616,0.0291,0.952351485148515,0.04764851485148515,8.5242,4.573,8.5242,0.0,0.0,0.0,0.0,8.5242,4.573,13.0972,13.1009
2550,0.0341,0.0,0.0341,0.0061,1.0,0.0,1.887,0.0145,1.887,0.0,0.0,0.0,0.0,1.887,0.0145,1.9015,1.8966
2551,0.0629,0.0001,0.063,0.0113,0.9984126984126984,0.0015873015873015873,3.774,0.0646,3.774,0.0,0.0,0.0,0.0,3.774,0.0646,3.8386,3.8343
2552,0.1154,0.0056,0.121,0.0218,0.9537190082644629,0.046280991735537194,6.393,4.0226,6.393,0.0,0.0,0.0,0.0,6.393,4.0226,10.4156,10.412
2553,0.083,0.0,0.083,0.0149,1.0,0.0,4.7172,0.0075,4.7175,0.0003,0.0,0.0,0.0,4.717499999999999,0.0075,4.725,4.721
2554,0.1309,0.0039,0.1347,0.0243,0.9717891610987379,0.0289532293986637,7.248,2.4445,7.2478,0.0,0.0,0.0,0.0,7.2478,2.4444999999999997,9.6923,9.689
2555,0.0516,0.0001,0.0517,0.0093,0.9980657640232108,0.0019342359767891683,2.9334,0.0511,2.9331,0.0,0.0,0.0,0.0,2.9331,0.051100000000000007,2.9842,2.9831
2556,0.1693,0.0,0.1693,0.0305,1.0,0.0,8.9184,0.0055,8.9181,0.0,0.0,0.0,0.0,8.918099999999999,0.0055,8.923599999999999,8.9238
2557,0.0385,0.0066,0.045,0.0081,0.8555555555555556,0.14666666666666667,2.1312,4.2385,2.1311,0.0,0.0,0.0,0.0,2.1311,4.2385,6.3696,6.3672
2558,0.0688,0.0,0.0688,0.0124,1.0,0.0,3.5364,0.0272,3.5363,0.0,0.0,0.0,0.0,3.5363,0.0272,3.5635000000000003,3.5622
2559,0.0911,0.0001,0.0912,0.0164,0.9989035087719298,0.0010964912280701754,5.046,0.0612,5.046,0.0,0.0,0.0,0.0,5.046,0.0612,5.107200000000001,5.1048
2560,0.1267,0.0002,0.1269,0.0228,0.9984239558707644,0.0015760441292356185,6.8442,0.1181,6.8441,0.0,0.0,0.0,0.0,6.844099999999999,0.11810000000000001,6.962199999999999,6.9626
2561,0.0789,0.0,0.0789,0.0142,1.0,0.0,4.2618,0.0046,4.2619,0.0001,0.0,0.0,0.0,4.261900000000001,0.0046,4.266500000000001,4.2704
2562,0.0664,0.0,0.0664,0.012,1.0,0.0,3.774,0.0057,3.774,0.0,0.0,0.0,0.0,3.774,0.0057,3.7797,3.783
2563,0.0323,0.0,0.0323,0.0058,1.0,0.0,1.887,0.003,1.887,0.0,0.0,0.0,0.0,1.887,0.003,1.89,1.8913
2564,0.0437,0.0,0.0437,0.0079,1.0,0.0,2.3574,0.0138,2.3574,0.0,0.0,0.0,0.0,2.3574,0.013800000000000002,2.3712,2.3665
2565,0.1352,0.0002,0.1353,0.0244,0.999260901699926,0.0014781966001478197,8.1096,0.1118,8.1097,0.0001,0.0,0.0,0.0,8.1097,0.1118,8.2215,8.2225
2566,0.1177,0.0,0.1177,0.0212,1.0,0.0,6.6888,0.0096,6.6887,0.0,0.0,0.0,0.0,6.688699999999999,0.009600000000000001,6.698299999999999,6.7031
2567,0.0562,0.0034,0.0596,0.0107,0.9429530201342282,0.057046979865771806,3.1152,2.2677,3.1152,0.0,0.0,0.0,0.0,3.1152,2.2677,5.3829,5.3858
2568,0.1652,0.0082,0.1733,0.0312,0.953260242354299,0.04731679169070975,8.9184,5.546,8.9181,0.0,0.0,0.0,0.0,8.918099999999999,5.546,14.464099999999998,14.4662
2569,0.1046,0.0,0.1046,0.0188,1.0,0.0,5.7924,0.0136,5.7925,0.0001,0.0,0.0,0.0,5.7924999999999995,0.0136,5.8061,5.8104
2570,0.1589,0.0015,0.1604,0.0289,0.9906483790523692,0.009351620947630923,8.7996,0.8535,8.7995,0.0,0.0,0.0,0.0,8.7995,0.8535,9.653,9.652
2571,0.1943,0.0035,0.1978,0.0356,0.9823053589484327,0.01769464105156724,10.2354,2.3794,10.2352,0.0,0.0,0.0,0.0,10.235199999999999,2.3794000000000004,12.6146,12.6154
2572,0.1154,0.0042,0.1197,0.0215,0.964076858813701,0.03508771929824561,6.393,2.4902,6.393,0.0,0.0,0.0,0.0,6.393,2.4901999999999997,8.883199999999999,8.8844
2573,0.1095,0.0003,0.1098,0.0198,0.9972677595628415,0.00273224043715847,6.393,0.1604,6.393,0.0,0.0,0.0,0.0,6.393,0.1604,6.5534,6.5562
2574,0.0592,0.0001,0.0593,0.0107,0.9983136593591906,0.0016863406408094436,3.1968,0.0341,3.1966,0.0,0.0,0.0,0.0,3.1966,0.0341,3.2307,3.234
2575,0.1644,0.0004,0.1648,0.0297,0.9975728155339805,0.0024271844660194177,9.3456,0.2747,9.3452,0.0,0.0,0.0,0.0,9.345200000000002,0.27469999999999994,9.619900000000001,9.6165
2576,0.1141,0.0006,0.1146,0.0206,0.9956369982547993,0.005235602094240837,6.8442,0.3523,6.8442,0.0,0.0,0.0,0.0,6.8442,0.3523,7.1964999999999995,7.2008
2577,0.1152,0.0109,0.1261,0.0227,0.9135606661379858,0.08643933386201429,6.5454,6.8901,6.5455,0.0001,0.0,0.0,0.0,6.5455000000000005,6.8901,13.4356,13.4328
2578,0.0335,0.0017,0.0352,0.0063,0.9517045454545454,0.04829545454545454,1.9554,0.9645,1.9554,0.0,0.0,0.0,0.0,1.9554000000000002,0.9645,2.9199,2.917
2579,0.1183,0.0001,0.1184,0.0213,0.9991554054054054,0.0008445945945945946,6.2304,0.0829,6.2303,0.0,0.0,0.0,0.0,6.230300000000001,0.08289999999999999,6.313200000000001,6.3145
2580,0.0711,0.0002,0.0714,0.0128,0.995798319327731,0.0028011204481792717,4.1532,0.1571,4.1535,0.0003,0.0,0.0,0.0,4.1535,0.15710000000000002,4.3106,4.3095
2581,0.0408,0.0,0.0408,0.0073,1.0,0.0,2.3172,0.01,2.317,0.0,0.0,0.0,0.0,2.317,0.01,2.327,2.3221
2582,0.0503,0.0045,0.0548,0.0099,0.917883211678832,0.08211678832116788,2.718,2.8076,2.718,0.0,0.0,0.0,0.0,2.718,2.8076000000000003,5.525600000000001,5.5304
2583,0.1931,0.0,0.1931,0.0348,1.0,0.0,10.4268,0.0144,10.4267,0.0,0.0,0.0,0.0,10.4267,0.0144,10.4411,10.4367
2584,0.0604,0.0103,0.0706,0.0127,0.8555240793201134,0.14589235127478756,3.3444,6.6176,3.3444,0.0,0.0,0.0,0.0,3.3444,6.6176,9.962,9.9582
2585,0.0611,0.0,0.0612,0.011,0.9983660130718955,0.0,3.4758,0.0062,3.4756,0.0,0.0,0.0,0.0,3.4756000000000005,0.006200000000000001,3.4818000000000007,3.4817
2586,0.1255,0.0057,0.1312,0.0236,0.9565548780487804,0.04344512195121951,6.951,3.6501,6.9511,0.0001,0.0,0.0,0.0,6.9511,3.6501,10.6012,10.6023
2587,0.1169,0.0,0.1169,0.021,1.0,0.0,6.8238,0.0054,6.8236,0.0,0.0,0.0,0.0,6.8236,0.0054,6.829,6.8252
2588,0.1184,0.0041,0.1225,0.0221,0.966530612244898,0.03346938775510205,6.393,2.5542,6.393,0.0,0.0,0.0,0.0,6.393,2.5542,8.947199999999999,8.9444
2589,0.0356,0.0009,0.0365,0.0066,0.9753424657534248,0.024657534246575342,2.0766,0.5226,2.0767,0.0001,0.0,0.0,0.0,2.0767,0.5226,2.5993000000000004,2.6021
2590,0.1533,0.0026,0.1559,0.0281,0.9833226427196919,0.01667735728030789,8.4912,1.6251,8.4913,0.0001,0.0,0.0,0.0,8.4913,1.6251,10.1164,10.1145
2591,0.1548,0.0005,0.1553,0.028,0.9967804249839021,0.0032195750160978753,8.154,0.3326,8.1539,0.0,0.0,0.0,0.0,8.1539,0.3326,8.4865,8.4845
2592,0.1212,0.0001,0.1213,0.0218,0.9991755976916735,0.0008244023083264633,6.5454,0.0822,6.5454,0.0,0.0,0.0,0.0,6.545399999999999,0.0822,6.627599999999999,6.6299
2593,0.1848,0.0106,0.1954,0.0352,0.9457523029682702,0.05424769703172979,10.2354,6.6597,10.2352,0.0,0.0,0.0,0.0,10.235199999999999,6.6597,16.8949,16.893
2594,0.0929,0.0,0.0929,0.0167,1.0,0.0,5.574,0.0198,5.5737,0.0,0.0,0.0,0.0,5.5737000000000005,0.0198,5.593500000000001,5.595
2595,0.0548,0.0009,0.0556,0.01,0.985611510791367,0.01618705035971223,3.1968,0.5697,3.1966,0.0,0.0,0.0,0.0,3.1966,0.5697,3.7663,3.7662
2596,0.0533,0.0001,0.0533,0.0096,1.0,0.001876172607879925,3.1968,0.0355,3.1965,0.0,0.0,0.0,0.0,3.1965000000000003,0.035500000000000004,3.232,3.2368
2597,0.1065,0.0002,0.1067,0.0192,0.9981255857544516,0.0018744142455482662,6.0552,0.1279,6.0552,0.0,0.0,0.0,0.0,6.0552,0.12789999999999999,6.1831000000000005,6.1848
2598,0.1116,0.0038,0.1153,0.0208,0.9679098005203817,0.03295750216825672,6.342,2.1614,6.3418,0.0,0.0,0.0,0.0,6.341799999999999,2.1614,8.5032,8.507
2599,0.0355,0.0029,0.0384,0.0069,0.9244791666666666,0.07552083333333333,2.0184,1.7282,2.0184,0.0,0.0,0.0,0.0,2.0183999999999997,1.7282,3.7466,3.7482
2600,0.0828,0.0,0.0828,0.0149,1.0,0.0,4.3638,0.0075,4.3635,0.0,0.0,0.0,0.0,4.363499999999999,0.0075,4.3709999999999996,4.3686
2601,0.1864,0.0006,0.1869,0.0336,0.9973247726056714,0.003210272873194221,9.8184,0.3565,9.8181,0.0,0.0,0.0,0.0,9.818100000000001,0.35650000000000004,10.174600000000002,10.17
2602,0.0375,0.0002,0.0377,0.0068,0.9946949602122016,0.005305039787798409,2.1312,0.0975,2.1311,0.0,0.0,0.0,0.0,2.1311,0.0975,2.2286,2.2253
2603,0.0451,0.0003,0.0454,0.0082,0.9933920704845814,0.0066079295154185015,2.3172,0.1838,2.3169,0.0,0.0,0.0,0.0,2.3169,0.18380000000000002,2.5007,2.4972
2604,0.1243,0.0061,0.1303,0.0235,0.9539524174980814,0.046815042210283965,7.0644,4.1675,7.0644,0.0,0.0,0.0,0.0,7.064400000000001,4.1675,11.231900000000001,11.233
2605,0.1652,0.0034,0.1685,0.0303,0.9804154302670623,0.020178041543026704,8.9184,2.326,8.9182,0.0,0.0,0.0,0.0,8.9182,2.326,11.244200000000001,11.2491
2606,0.1437,0.001,0.1447,0.026,0.9930891499654457,0.006910850034554251,7.9608,0.624,7.9608,0.0,0.0,0.0,0.0,7.960800000000001,0.6240000000000001,8.584800000000001,8.5891
2607,0.1287,0.0096,0.1383,0.0249,0.93058568329718,0.06941431670281994,6.951,6.2728,7.9512,1.0002,0.0,0.0,0.0,7.9512,6.2728,14.224,14.2287
2608,0.1277,0.0026,0.1303,0.0234,0.980046047582502,0.019953952417498082,7.0722,1.6802,7.0722,0.0,0.0,0.0,0.0,7.0722000000000005,1.6802000000000001,8.752400000000002,8.7563
2609,0.1145,0.0,0.1145,0.0206,1.0,0.0,6.342,0.0065,6.342,0.0,0.0,0.0,0.0,6.3420000000000005,0.0065,6.3485000000000005,6.3462
2610,0.0442,0.0013,0.0455,0.0082,0.9714285714285715,0.02857142857142857,2.2746,0.7968,2.2746,0.0,0.0,0.0,0.0,2.2746,0.7968000000000001,3.0714,3.068
2611,0.1169,0.0005,0.1174,0.0211,0.9957410562180579,0.004258943781942078,6.8238,0.3301,9.8236,2.9998,0.0,0.0,0.0,9.823599999999999,0.3301,10.153699999999999,10.1503
2612,0.1385,0.0,0.1385,0.0249,1.0,0.0,8.307,0.0174,8.307,0.0,0.0,0.0,0.0,8.307,0.0174,8.3244,8.321
2613,0.1053,0.0001,0.1054,0.019,0.9990512333965845,0.0009487666034155599,5.6862,0.0859,5.6862,0.0,0.0,0.0,0.0,5.6862,0.0859,5.7721,5.7689
2614,0.1032,0.002,0.1052,0.0189,0.9809885931558935,0.019011406844106463,5.574,1.3294,5.5737,0.0,0.0,0.0,0.0,5.5737,1.3294000000000001,6.9031,6.9
2615,0.1517,0.0,0.1518,0.0273,0.9993412384716733,0.0,7.8036,0.0119,7.8034,0.0,0.0,0.0,0.0,7.8034,0.0119,7.8153,7.818
2616,0.1502,0.0122,0.1624,0.0292,0.9248768472906405,0.07512315270935961,8.1096,7.2176,8.1096,0.0,0.0,0.0,0.0,8.109599999999999,7.217599999999999,15.327199999999998,15.3243
2617,0.1383,0.0004,0.1387,0.025,0.9971160778658977,0.0028839221341023795,8.0736,0.2677,8.0736,0.0,0.0,0.0,0.0,8.073599999999999,0.2677,8.341299999999999,8.3427
2618,0.0873,0.0006,0.0879,0.0158,0.9931740614334471,0.0068259385665529,4.7148,0.366,4.7148,0.0,0.0,0.0,0.0,4.7148,0.366,5.0808,5.0849
2619,0.0724,0.0,0.0724,0.013,1.0,0.0,3.9108,0.0094,3.9108,0.0,0.0,0.0,0.0,3.9108000000000005,0.0094,3.9202000000000004,3.9211
2620,0.0502,0.0004,0.0506,0.0091,0.9920948616600791,0.00790513833992095,2.9334,0.2174,4.9331,1.9997,0.0,0.0,0.0,4.9331000000000005,0.21739999999999998,5.1505,5.152
2621,0.0839,0.0001,0.084,0.0151,0.9988095238095238,0.0011904761904761904,4.53,0.0469,4.53,0.0,0.0,0.0,0.0,4.53,0.0469,4.5769,4.5769
2622,0.0655,0.0003,0.0658,0.0118,0.9954407294832828,0.004559270516717325,3.5364,0.2331,3.5362,0.0,0.0,0.0,0.0,3.5362000000000005,0.2331,3.7693000000000003,3.7683
2623,0.0533,0.0009,0.0541,0.0097,0.9852125693160813,0.0166358595194085,3.0276,0.5777,3.0276,0.0,0.0,0.0,0.0,3.0276,0.5777,3.6053,3.6051
2624,0.1019,0.0004,0.1023,0.0184,0.9960899315738025,0.0039100684261974585,5.7924,0.2579,5.7926,0.0002,0.0,0.0,0.0,5.792599999999999,0.2579,6.0504999999999995,6.0467
2625,0.0895,0.0054,0.0949,0.0171,0.9430979978925185,0.056902002107481565,4.7148,3.2824,4.7149,0.0001,0.0,0.0,0.0,4.7149,3.2823999999999995,7.997299999999999,7.9974
2626,0.0934,0.0,0.0934,0.0168,1.0,0.0,5.4546,0.0045,5.4546,0.0,0.0,0.0,0.0,5.454600000000001,0.0045,5.459100000000001,5.4629
2627,0.1452,0.0003,0.1455,0.0262,0.9979381443298969,0.002061855670103093,8.2512,0.1864,8.251,0.0,0.0,0.0,0.0,8.251,0.1864,8.4374,8.4353
2628,0.0611,0.0,0.0612,0.011,0.9983660130718955,0.0,3.4758,0.006,3.4757,0.0,0.0,0.0,0.0,3.4757000000000002,0.006,3.4817,3.4778
2629,0.1601,0.0003,0.1604,0.0289,0.9981296758104738,0.0018703241895261845,9.3456,0.1888,9.3452,0.0,0.0,0.0,0.0,9.3452,0.18880000000000002,9.534,9.5383
2630,0.0808,0.0003,0.0811,0.0146,0.9963008631319358,0.003699136868064118,4.3638,0.1671,4.3636,0.0,0.0,0.0,0.0,4.3636,0.1671,4.5306999999999995,4.5286
2631,0.1211,0.0,0.1212,0.0218,0.9991749174917491,0.0,6.2304,0.0321,6.2304,0.0,0.0,0.0,0.0,6.2304,0.0321,6.2625,6.2622
2632,0.0498,0.0002,0.0499,0.009,0.9979959919839679,0.004008016032064129,2.8302,0.114,2.8304,0.0002,0.0,0.0,0.0,2.8304,0.11399999999999999,2.9444,2.941
2633,0.0768,0.0004,0.0772,0.0139,0.9948186528497408,0.0051813471502590676,4.3638,0.2871,4.3636,0.0,0.0,0.0,0.0,4.3636,0.2871,4.6507,4.6511
2634,0.038,0.0002,0.0382,0.0069,0.9947643979057592,0.005235602094240838,1.9554,0.1364,1.9554,0.0,0.0,0.0,0.0,1.9554000000000002,0.13640000000000002,2.0918,2.0926
2635,0.1801,0.0004,0.1804,0.0325,0.9983370288248338,0.0022172949002217295,10.2354,0.2574,10.2353,0.0,0.0,0.0,0.0,10.2353,0.2574,10.492700000000001,10.4878
2636,0.1659,0.001,0.1669,0.03,0.994008388256441,0.005991611743559018,9.4296,0.6453,9.4296,0.0,0.0,0.0,0.0,9.4296,0.6453,10.074900000000001,10.0776
2637,0.0437,0.0105,0.0541,0.0097,0.8077634011090573,0.19408502772643255,2.3574,6.4275,2.3574,0.0,0.0,0.0,0.0,2.3574,6.4275,8.7849,8.7859
2638,0.0937,0.0062,0.0999,0.018,0.937937937937938,0.06206206206206206,5.3274,4.0105,5.3276,0.0002,0.0,0.0,0.0,5.3276,4.0104999999999995,9.3381,9.3364
2639,0.0588,0.0005,0.0593,0.0107,0.9915682967959528,0.008431703204047217,3.3444,0.2998,3.3444,0.0,0.0,0.0,0.0,3.3444,0.2998,3.6441999999999997,3.6394
2640,0.0511,0.0016,0.0527,0.0095,0.9696394686907022,0.030360531309297917,2.8302,0.9633,2.8303,0.0001,0.0,0.0,0.0,2.8303000000000003,0.9633,3.7936000000000005,3.7953
2641,0.0818,0.0057,0.0875,0.0157,0.9348571428571429,0.06514285714285716,4.53,3.5638,4.53,0.0,0.0,0.0,0.0,4.53,3.5638,8.0938,8.0903
2642,0.1152,0.0,0.1152,0.0207,1.0,0.0,6.5454,0.0223,6.5455,0.0001,0.0,0.0,0.0,6.545499999999999,0.022299999999999997,6.567799999999999,6.5663
2643,0.1759,0.0,0.1759,0.0317,1.0,0.0,9.2682,0.0066,9.2682,0.0,0.0,0.0,0.0,9.2682,0.0066,9.2748,9.2775
2644,0.1149,0.0065,0.1214,0.0219,0.9464579901153213,0.05354200988467875,6.0552,4.1462,6.0553,0.0001,0.0,0.0,0.0,6.0553,4.1462,10.2015,10.2063
2645,0.1569,0.0,0.1569,0.0282,1.0,0.0,8.9184,0.0169,8.9181,0.0,0.0,0.0,0.0,8.918099999999999,0.016900000000000002,8.934999999999999,8.9382
2646,0.0688,0.0041,0.0729,0.0131,0.9437585733882029,0.056241426611796985,3.624,2.7545,3.624,0.0,0.0,0.0,0.0,3.624,2.7545,6.378500000000001,6.3758
2647,0.1019,0.0,0.1019,0.0183,1.0,0.0,5.7924,0.0067,5.7925,0.0001,0.0,0.0,0.0,5.7925,0.0067,5.799200000000001,5.7965
2648,0.1433,0.0001,0.1434,0.0258,0.9993026499302651,0.0006973500697350071,7.548,0.0794,7.5477,0.0,0.0,0.0,0.0,7.547700000000001,0.0794,7.6271,7.6318
2649,0.1528,0.0011,0.1539,0.0277,0.9928525016244313,0.007147498375568551,8.9184,0.6884,8.9182,0.0,0.0,0.0,0.0,8.918199999999999,0.6884,9.606599999999998,9.6116
2650,0.075,0.0009,0.0759,0.0137,0.9881422924901186,0.011857707509881424,4.2618,0.642,4.262,0.0002,0.0,0.0,0.0,4.2620000000000005,0.6419999999999999,4.904,4.9027
2651,0.0621,0.0087,0.0708,0.0128,0.8771186440677966,0.12288135593220338,3.273,5.5334,3.273,0.0,0.0,0.0,0.0,3.273,5.5334,8.8064,8.8112
2652,0.1376,0.0002,0.1378,0.0248,0.9985486211901305,0.001451378809869376,7.8216,0.128,7.8218,0.0002,0.0,0.0,0.0,7.821800000000001,0.128,7.9498000000000015,7.9525
2653,0.1341,0.0002,0.1343,0.0242,0.9985107967237528,0.0014892032762472078,7.0644,0.1233,7.0644,0.0,0.0,0.0,0.0,7.064400000000001,0.12329999999999999,7.187700000000001,7.1844
2654,0.0604,0.001,0.0614,0.0111,0.9837133550488599,0.016286644951140065,3.3444,0.7379,3.3442,0.0,0.0,0.0,0.0,3.3442000000000003,0.7379,4.0821000000000005,4.0847
2655,0.1048,0.0054,0.1102,0.0198,0.9509981851179673,0.04900181488203267,5.661,3.2722,5.6609,0.0,0.0,0.0,0.0,5.6609,3.2722,8.9331,8.9346
2656,0.1308,0.002,0.1328,0.0239,0.9849397590361446,0.015060240963855422,7.6362,1.3226,7.6365,0.0003,0.0,0.0,0.0,7.6365,1.3226,8.9591,8.9554
2657,0.0575,0.0,0.0575,0.0103,1.0,0.0,3.0276,0.0145,3.0276,0.0,0.0,0.0,0.0,3.0276,0.0145,3.0421,3.0455
2658,0.1535,0.002,0.1555,0.028,0.9871382636655949,0.012861736334405145,8.727,1.2802,8.7273,0.0003,0.0,0.0,0.0,8.7273,1.2802,10.0075,10.0069
2659,0.145,0.0,0.1451,0.0261,0.9993108201240523,0.0,7.4586,0.0139,7.4586,0.0,0.0,0.0,0.0,7.458600000000001,0.013900000000000001,7.4725,7.4704
2660,0.12,0.0013,0.1214,0.0218,0.9884678747940692,0.01070840197693575,6.8238,0.8843,6.8235,0.0,0.0,0.0,0.0,6.8235,0.8843,7.7078,7.7044
2661,0.1182,0.0037,0.1219,0.0219,0.9696472518457753,0.030352748154224778,6.5454,2.3336,6.5454,0.0,0.0,0.0,0.0,6.545399999999999,2.3336,8.879,8.8797
2662,0.0323,0.0003,0.0327,0.0059,0.9877675840978594,0.009174311926605503,1.887,0.2066,1.887,0.0,0.0,0.0,0.0,1.887,0.2066,2.0936,2.0916
2663,0.0742,0.0046,0.0788,0.0142,0.9416243654822336,0.0583756345177665,3.9108,2.9794,3.9109,0.0001,0.0,0.0,0.0,3.9109000000000007,2.9794,6.890300000000001,6.8855
2664,0.0327,0.0,0.0327,0.0059,1.0,0.0,1.812,0.0025,1.8119,0.0,0.0,0.0,0.0,1.8119,0.0025,1.8144,1.8166
2665,0.0895,0.0007,0.0902,0.0162,0.9922394678492239,0.007760532150776053,4.7148,0.4018,4.7149,0.0001,0.0,0.0,0.0,4.7149,0.40180000000000005,5.1167,5.118
2666,0.1455,0.0002,0.1457,0.0262,0.9986273164035689,0.0013726835964310228,8.4912,0.1384,8.4913,0.0001,0.0,0.0,0.0,8.4913,0.1384,8.629700000000001,8.6291
2667,0.0948,0.0,0.0948,0.0171,1.0,0.0,5.6862,0.0151,5.6865,0.0003,0.0,0.0,0.0,5.6865,0.0151,5.7016,5.7062
2668,0.0429,0.0007,0.0436,0.0079,0.9839449541284404,0.016055045871559634,2.3172,0.4477,2.317,0.0,0.0,0.0,0.0,2.317,0.4477,2.7647000000000004,2.7631
2669,0.0837,0.0,0.0837,0.0151,1.0,0.0,4.8888,0.0038,4.8885,0.0,0.0,0.0,0.0,4.8885000000000005,0.0038,4.8923000000000005,4.8956
2670,0.1035,0.0,0.1036,0.0186,0.999034749034749,0.0,5.4546,0.0099,5.4546,0.0,0.0,0.0,0.0,5.454600000000001,0.009899999999999999,5.464500000000001,5.4659
2671,0.0901,0.0009,0.0911,0.0164,0.9890230515916575,0.009879253567508232,4.6344,0.6792,4.6342,0.0,0.0,0.0,0.0,4.6342,0.6792,5.3134,5.3115
2672,0.0543,0.0024,0.0568,0.0102,0.9559859154929577,0.042253521126760556,2.9334,1.6274,2.9334,0.0,0.0,0.0,0.0,2.9334000000000002,1.6274,4.5608,4.565
2673,0.1308,0.0,0.1308,0.0236,1.0,0.0,7.0644,0.015,7.0645,0.0001,0.0,0.0,0.0,7.064500000000001,0.015,7.0795,7.0844
2674,0.0414,0.0002,0.0416,0.0075,0.9951923076923077,0.004807692307692308,2.1816,0.0959,2.1817,0.0001,0.0,0.0,0.0,2.1816999999999998,0.09589999999999999,2.2775999999999996,2.2768
2675,0.0356,0.0001,0.0356,0.0064,1.0,0.002808988764044944,2.0766,0.0426,2.0766,0.0,0.0,0.0,0.0,2.0766,0.0426,2.1192,2.1143
2676,0.1067,0.0008,0.1076,0.0194,0.991635687732342,0.007434944237918216,6.2304,0.5863,6.2304,0.0,0.0,0.0,0.0,6.2304,0.5863,6.816700000000001,6.8137
2677,0.0442,0.0003,0.0445,0.008,0.9932584269662923,0.006741573033707865,2.2746,0.2222,2.2745,0.0,0.0,0.0,0.0,2.2744999999999997,0.22219999999999995,2.4966999999999997,2.4931
2678,0.0548,0.0,0.0548,0.0099,1.0,0.0,3.1152,0.0097,3.1152,0.0,0.0,0.0,0.0,3.1152,0.0097,3.1249000000000002,3.1219
2679,0.199,0.0,0.199,0.0358,1.0,0.0,10.2354,0.01,10.2353,0.0,0.0,0.0,0.0,10.235299999999999,0.01,10.245299999999999,10.2413
2680,0.1208,0.002,0.1228,0.0221,0.9837133550488599,0.016286644951140065,6.6888,1.2903,6.6885,0.0,0.0,0.0,0.0,6.6885,1.2903000000000002,7.978800000000001,7.9779
2681,0.0883,0.0,0.0883,0.0159,1.0,0.0,4.8888,0.0276,4.8888,0.0,0.0,0.0,0.0,4.8888,0.0276,4.916399999999999,4.9165
2682,0.0385,0.0,0.0385,0.0069,1.0,0.0,2.1312,0.0055,2.1309,0.0,0.0,0.0,0.0,2.1309,0.0055000000000000005,2.1364,2.1345
2683,0.0837,0.002,0.0857,0.0154,0.9766627771295215,0.023337222870478413,4.6344,1.4625,4.6342,0.0,0.0,0.0,0.0,4.634200000000001,1.4625,6.0967,6.0971
2684,0.1027,0.0013,0.104,0.0187,0.9875,0.0125,5.6862,0.8544,5.6862,0.0,0.0,0.0,0.0,5.6862,0.8543999999999999,6.5406,6.5386
2685,0.1472,0.0,0.1473,0.0265,0.9993211133740666,0.0,8.154,0.0279,8.1539,0.0,0.0,0.0,0.0,8.1539,0.027899999999999998,8.1818,8.1816
2686,0.0314,0.0,0.0315,0.0057,0.9968253968253967,0.0,1.887,0.0025,1.887,0.0,0.0,0.0,0.0,1.887,0.0025000000000000005,1.8895,1.8904
2687,0.0776,0.001,0.0786,0.0142,0.9872773536895674,0.01272264631043257,4.53,0.6824,4.5299,0.0,0.0,0.0,0.0,4.5299000000000005,0.6824,5.212300000000001,5.2081
2688,0.0415,0.0108,0.0522,0.0094,0.7950191570881225,0.20689655172413793,2.3574,6.9855,2.3574,0.0,0.0,0.0,0.0,2.3574,6.9855,9.3429,9.3379
2689,0.1883,0.0001,0.1883,0.0339,1.0,0.0005310674455655869,10.4268,0.0334,10.4268,0.0,0.0,0.0,0.0,10.4268,0.0334,10.4602,10.4584
2690,0.0865,0.0,0.0865,0.0156,1.0,0.0,5.1918,0.0087,5.1919,0.0001,0.0,0.0,0.0,5.1919,0.008700000000000001,5.2006000000000006,5.2013
2691,0.1734,0.0012,0.1746,0.0314,0.9931271477663229,0.006872852233676975,8.9184,0.8143,8.9179,0.0,0.0,0.0,0.0,8.9179,0.8143,9.732199999999999,9.7291
2692,0.1817,0.0,0.1817,0.0327,1.0,0.0,9.3456,0.0081,9.3455,0.0,0.0,0.0,0.0,9.3455,0.0081,9.3536,9.3549
2693,0.1278,0.0,0.1278,0.023,1.0,0.0,7.4586,0.0157,7.4586,0.0,0.0,0.0,0.0,7.458600000000001,0.0157,7.4743,7.4725
2694,0.1208,0.0036,0.1244,0.0224,0.9710610932475885,0.028938906752411574,6.6888,2.5251,6.6886,0.0,0.0,0.0,0.0,6.6886,2.5251,9.2137,9.2167
2695,0.1327,0.0019,0.1346,0.0242,0.985884101040119,0.01411589895988113,7.9608,1.1769,7.9607,0.0,0.0,0.0,0.0,7.960700000000001,1.1769,9.1376,9.1395
2696,0.0815,0.0029,0.0844,0.0152,0.9656398104265402,0.03436018957345971,4.8888,1.8106,4.8884,0.0,0.0,0.0,0.0,4.8884,1.8106,6.699,6.6961
2697,0.0883,0.0,0.0883,0.0159,1.0,0.0,4.8888,0.012,4.8885,0.0,0.0,0.0,0.0,4.8885000000000005,0.012000000000000002,4.9005,4.8977
2698,0.1284,0.0027,0.1311,0.0236,0.9794050343249427,0.02059496567505721,6.6042,1.7806,6.6044,0.0002,0.0,0.0,0.0,6.6044,1.7806000000000002,8.385,8.3802
2699,0.1364,0.0,0.1364,0.0246,1.0,0.0,7.9608,0.0248,7.9607,0.0,0.0,0.0,0.0,7.9607,0.0248,7.9855,7.982
2700,0.1381,0.0,0.1382,0.0249,0.9992764109985529,0.0,7.4586,0.032,7.4586,0.0,0.0,0.0,0.0,7.458600000000001,0.032,7.490600000000001,7.4928
2701,0.1287,0.0108,0.1395,0.0251,0.9225806451612903,0.07741935483870968,6.951,7.2267,6.951,0.0,0.0,0.0,0.0,6.9510000000000005,7.2267,14.177700000000002,14.1754
2702,0.1096,0.0005,0.1101,0.0198,0.9954586739327884,0.004541326067211626,6.2304,0.2776,6.2302,0.0,0.0,0.0,0.0,6.2302,0.2776,6.5078,6.5108
2703,0.06,0.0,0.06,0.0108,1.0,0.0,3.4116,0.0112,3.4118,0.0002,0.0,0.0,0.0,3.4118,0.0112,3.423,3.4274
2704,0.1433,0.0001,0.1434,0.0258,0.9993026499302651,0.0006973500697350071,7.548,0.0801,7.5479,0.0,0.0,0.0,0.0,7.5479,0.0801,7.628,7.6302
2705,0.1032,0.0027,0.1059,0.0191,0.9745042492917848,0.0254957507082153,5.8662,1.83,5.8662,0.0,0.0,0.0,0.0,5.866200000000001,1.8299999999999998,7.696200000000001,7.6976
2706,0.0367,0.0007,0.0374,0.0067,0.9812834224598931,0.01871657754010695,1.887,0.4506,1.8869,0.0,0.0,0.0,0.0,1.8869,0.4506,2.3375,2.341
2707,0.1191,0.0011,0.1202,0.0216,0.9908485856905158,0.009151414309484194,6.951,0.746,6.9512,0.0002,0.0,0.0,0.0,6.9512,0.746,7.6972000000000005,7.697
2708,0.1264,0.0,0.1264,0.0227,1.0,0.0,6.8238,0.0039,6.8236,0.0,0.0,0.0,0.0,6.8236,0.0039000000000000003,6.8275,6.8261
2709,0.0729,0.0,0.0729,0.0131,1.0,0.0,4.0368,0.0044,4.0368,0.0,0.0,0.0,0.0,4.0367999999999995,0.0044,4.0412,4.0422
2710,0.1474,0.0001,0.1475,0.0265,0.9993220338983052,0.0006779661016949153,7.9608,0.0372,7.9608,0.0,0.0,0.0,0.0,7.960800000000001,0.037200000000000004,7.998000000000001,7.9981
2711,0.1179,0.0,0.1179,0.0212,1.0,0.0,7.0722,0.0061,7.0722,0.0,0.0,0.0,0.0,7.0722000000000005,0.0061,7.0783000000000005,7.0783
2712,0.1454,0.0,0.1455,0.0262,0.9993127147766324,0.0,8.727,0.004,8.7272,0.0002,0.0,0.0,0.0,8.727199999999998,0.004,8.731199999999998,8.7263
2713,0.1731,0.0046,0.1778,0.032,0.9735658042744656,0.025871766029246342,9.5898,2.724,9.5898,0.0,0.0,0.0,0.0,9.5898,2.724,12.3138,12.3118
2714,0.1643,0.0029,0.1672,0.0301,0.9826555023923446,0.017344497607655503,9.0978,1.6948,9.0981,0.0003,0.0,0.0,0.0,9.0981,1.6947999999999999,10.7929,10.7897
2715,0.1437,0.0003,0.144,0.0259,0.9979166666666667,0.0020833333333333333,7.9608,0.1607,7.9607,0.0,0.0,0.0,0.0,7.960699999999999,0.16069999999999998,8.1214,8.1207
2716,0.1287,0.0091,0.1379,0.0248,0.9332849891225526,0.06598984771573604,6.951,6.3993,7.9512,1.0002,0.0,0.0,0.0,7.9512,6.3993,14.3505,14.3512
2717,0.0937,0.0001,0.0939,0.0169,0.997870074547391,0.0010649627263045794,5.1918,0.084,5.1918,0.0,0.0,0.0,0.0,5.191799999999999,0.084,5.2757999999999985,5.2764
2718,0.0681,0.0027,0.0709,0.0128,0.9605077574047953,0.03808180535966149,3.774,1.7664,3.7738,0.0,0.0,0.0,0.0,3.7738000000000005,1.7664,5.5402000000000005,5.544
2719,0.0355,0.0032,0.0387,0.007,0.9173126614987079,0.082687338501292,2.0184,2.0243,2.0184,0.0,0.0,0.0,0.0,2.0183999999999997,2.0242999999999998,4.0427,4.0437
2720,0.0584,0.0005,0.0589,0.0106,0.9915110356536503,0.008488964346349746,3.4116,0.3115,3.4118,0.0002,0.0,0.0,0.0,3.4117999999999995,0.3115,3.7232999999999996,3.7224
2721,0.0524,0.0004,0.0528,0.0095,0.9924242424242424,0.007575757575757576,2.8302,0.2189,2.8302,0.0,0.0,0.0,0.0,2.8302000000000005,0.2189,3.0491000000000006,3.0535
2722,0.1577,0.0001,0.1578,0.0284,0.9993662864385299,0.0006337135614702155,8.1096,0.0524,8.1097,0.0001,0.0,0.0,0.0,8.109699999999998,0.05240000000000001,8.162099999999999,8.1652
2723,0.0374,0.0015,0.0389,0.007,0.9614395886889462,0.03856041131105399,2.0184,1.0314,3.0184,1.0,0.0,0.0,0.0,3.0183999999999993,1.0314,4.049799999999999,4.0456
2724,0.0358,0.0,0.0359,0.0065,0.9972144846796657,0.0,1.887,0.0306,1.887,0.0,0.0,0.0,0.0,1.887,0.030600000000000002,1.9176,1.9141
2725,0.0955,0.0009,0.0964,0.0173,0.9906639004149378,0.00933609958506224,5.574,0.5619,5.5738,0.0,0.0,0.0,0.0,5.573799999999999,0.5619000000000001,6.1357,6.1368
2726,0.0789,0.0,0.0789,0.0142,1.0,0.0,4.2618,0.0071,4.262,0.0002,0.0,0.0,0.0,4.2620000000000005,0.0070999999999999995,4.269100000000001,4.271
2727,0.1965,0.0,0.1965,0.0354,1.0,0.0,10.6086,0.0057,10.6084,0.0,0.0,0.0,0.0,10.608400000000001,0.005699999999999999,10.6141,10.6149
2728,0.0629,0.0,0.0629,0.0113,1.0,0.0,3.774,0.0081,3.7739,0.0,0.0,0.0,0.0,3.7739000000000003,0.008100000000000001,3.7820000000000005,3.7826
2729,0.1711,0.0025,0.1736,0.0312,0.9855990783410138,0.014400921658986175,8.7996,1.6183,8.7994,0.0,0.0,0.0,0.0,8.799399999999999,1.6183,10.417699999999998,10.4223
2730,0.1773,0.0014,0.1787,0.0322,0.9921656407386682,0.00783435926133184,9.8184,0.8756,9.8183,0.0,0.0,0.0,0.0,9.8183,0.8755999999999998,10.693900000000001,10.6929
2731,0.1801,0.0004,0.1805,0.0325,0.9977839335180057,0.00221606648199446,10.2354,0.2679,10.2352,0.0,0.0,0.0,0.0,10.235199999999999,0.2679,10.5031,10.4993
2732,0.0978,0.0001,0.0979,0.0176,0.9989785495403473,0.0010214504596527069,5.8662,0.0573,5.8664,0.0002,0.0,0.0,0.0,5.8664000000000005,0.057300000000000004,5.9237,5.9251
2733,0.1223,0.0006,0.1229,0.0221,0.9951179820992678,0.004882017900732303,6.6042,0.364,6.6045,0.0003,0.0,0.0,0.0,6.6045,0.364,6.9685,6.9709
2734,0.0688,0.0004,0.0692,0.0125,0.9942196531791908,0.005780346820809249,3.624,0.2444,3.6238,0.0,0.0,0.0,0.0,3.6237999999999997,0.24440000000000003,3.8682,3.8689
2735,0.0447,0.0035,0.0483,0.0087,0.9254658385093166,0.07246376811594203,2.3574,2.5332,2.3574,0.0,0.0,0.0,0.0,2.3574,2.5332000000000003,4.890600000000001,4.8901
2736,0.1,0.002,0.1021,0.0184,0.9794319294809012,0.019588638589618023,5.6862,1.218,5.6864,0.0002,0.0,0.0,0.0,5.6864,1.218,6.9044,6.9025
2737,0.0837,0.0001,0.0838,0.0151,0.9988066825775656,0.0011933174224343676,4.8888,0.0584,4.8886,0.0,0.0,0.0,0.0,4.8886,0.05840000000000001,4.947,4.9509
2738,0.0403,0.0001,0.0404,0.0073,0.9975247524752476,0.0024752475247524753,2.2296,0.1036,2.2296,0.0,0.0,0.0,0.0,2.2296,0.10360000000000001,2.3332,2.3373
2739,0.1601,0.0,0.1601,0.0288,1.0,0.0,9.3456,0.0062,9.3454,0.0,0.0,0.0,0.0,9.345400000000001,0.0062,9.351600000000001,9.3468
2740,0.1572,0.0001,0.1572,0.0283,1.0,0.0006361323155216285,9.4296,0.0472,9.4296,0.0,0.0,0.0,0.0,9.4296,0.047200000000000006,9.4768,9.4774
2741,0.1904,0.0001,0.1905,0.0343,0.999475065616798,0.0005249343832020997,10.0326,0.045,10.033,0.0004,0.0,0.0,0.0,10.033,0.045,10.078,10.0769
2742,0.1284,0.0002,0.1286,0.0232,0.9984447900466562,0.0015552099533437016,6.6042,0.1447,6.6044,0.0002,0.0,0.0,0.0,6.6044,0.1447,6.7491,6.7495
2743,0.0681,0.0,0.0682,0.0123,0.998533724340176,0.0,3.774,0.0086,3.7739,0.0,0.0,0.0,0.0,3.7739000000000003,0.0086,3.7825,3.7783
2744,0.0516,0.0,0.0516,0.0093,1.0,0.0,2.718,0.0223,2.718,0.0,0.0,0.0,0.0,2.718,0.0223,2.7403,2.739
2745,0.1569,0.009,0.1659,0.0299,0.9457504520795661,0.054249547920433995,8.9184,5.7695,8.9183,0.0,0.0,0.0,0.0,8.918299999999999,5.769499999999999,14.687799999999998,14.6859
2746,0.0302,0.0,0.0302,0.0054,1.0,0.0,1.812,0.0152,1.812,0.0,0.0,0.0,0.0,1.812,0.015200000000000002,1.8272000000000002,1.8308
2747,0.1299,0.0006,0.1305,0.0235,0.9954022988505746,0.004597701149425286,6.8442,0.417,6.8441,0.0,0.0,0.0,0.0,6.844099999999999,0.417,7.261099999999999,7.2624
2748,0.0828,0.0,0.0828,0.0149,1.0,0.0,4.3638,0.0054,4.3636,0.0,0.0,0.0,0.0,4.3636,0.005399999999999999,4.369,4.3676
2749,0.0815,0.0001,0.0816,0.0147,0.9987745098039216,0.0012254901960784314,4.8888,0.0573,4.8886,0.0,0.0,0.0,0.0,4.8886,0.057300000000000004,4.9459,4.9477
2750,0.1053,0.0,0.1053,0.019,1.0,0.0,5.6862,0.0188,5.6862,0.0,0.0,0.0,0.0,5.6862,0.0188,5.705,5.7063
2751,0.1242,0.0,0.1242,0.0224,1.0,0.0,6.5454,0.0061,6.5454,0.0,0.0,0.0,0.0,6.545399999999999,0.0061,6.551499999999999,6.5478
2752,0.1481,0.0,0.1481,0.0267,1.0,0.0,7.8036,0.0053,7.8033,0.0,0.0,0.0,0.0,7.803299999999999,0.005300000000000001,7.808599999999999,7.8097
2753,0.1616,0.0029,0.1645,0.0296,0.982370820668693,0.01762917933130699,8.727,2.0381,8.7272,0.0002,0.0,0.0,0.0,8.727199999999998,2.0381,10.765299999999998,10.7636
2754,0.0929,0.0003,0.0932,0.0168,0.9967811158798282,0.0032188841201716734,5.574,0.2018,5.574,0.0,0.0,0.0,0.0,5.574000000000001,0.2018,5.775800000000001,5.7792
2755,0.0622,0.0,0.0622,0.0112,1.0,0.0,3.5364,0.0194,3.5361,0.0,0.0,0.0,0.0,3.5361000000000002,0.019399999999999997,3.5555000000000003,3.5583
2756,0.08,0.0011,0.0812,0.0146,0.9852216748768474,0.013546798029556653,4.5492,0.7673,4.5492,0.0,0.0,0.0,0.0,4.5492,0.7673000000000001,5.3165,5.3139
2757,0.0673,0.0001,0.0674,0.0121,0.9985163204747775,0.001483679525222552,4.0368,0.0679,4.0368,0.0,0.0,0.0,0.0,4.0367999999999995,0.0679,4.104699999999999,4.1074
2758,0.0888,0.0,0.0888,0.016,1.0,0.0,5.046,0.0168,5.046,0.0,0.0,0.0,0.0,5.046,0.016800000000000002,5.0628,5.0617
2759,0.1327,0.0001,0.1328,0.0239,0.9992469879518073,0.0007530120481927711,6.8238,0.0502,6.8238,0.0,0.0,0.0,0.0,6.823799999999999,0.0502,6.874,6.8705
2760,0.1716,0.0011,0.1727,0.0311,0.9936305732484078,0.006369426751592357,9.2682,0.7095,9.2682,0.0,0.0,0.0,0.0,9.2682,0.7095,9.9777,9.9752
2761,0.0584,0.0001,0.0585,0.0105,0.9982905982905983,0.0017094017094017094,3.4116,0.0488,3.4118,0.0002,0.0,0.0,0.0,3.4118,0.0488,3.4606,3.4629
2762,0.0724,0.0,0.0725,0.013,0.9986206896551726,0.0,3.9108,0.0284,3.9108,0.0,0.0,0.0,0.0,3.9108000000000005,0.028399999999999998,3.9392000000000005,3.9356
2763,0.0692,0.0,0.0693,0.0125,0.9985569985569985,0.0,4.1532,0.0287,4.1533,0.0001,0.0,0.0,0.0,4.1533,0.0287,4.1819999999999995,4.1833
2764,0.163,0.0004,0.1633,0.0294,0.9981628903857931,0.002449479485609308,8.7996,0.2333,8.7994,0.0,0.0,0.0,0.0,8.799399999999999,0.23329999999999998,9.032699999999998,9.0294
2765,0.0808,0.0,0.0808,0.0145,1.0,0.0,4.7172,0.003,4.7173,0.0001,0.0,0.0,0.0,4.7173,0.003,4.7203,4.7251
2766,0.0851,0.0041,0.0892,0.0161,0.9540358744394618,0.04596412556053812,4.7148,2.7666,4.7149,0.0001,0.0,0.0,0.0,4.7149,2.7666,7.4815000000000005,7.4791
2767,0.0829,0.0098,0.0927,0.0167,0.8942826321467098,0.10571736785329018,4.7148,6.3776,4.7148,0.0,0.0,0.0,0.0,4.7148,6.3776,11.092400000000001,11.0925
2768,0.1264,0.0001,0.1265,0.0228,0.999209486166008,0.0007905138339920949,6.8238,0.083,6.8236,0.0,0.0,0.0,0.0,6.823599999999999,0.083,6.906599999999999,6.91
2769,0.1244,0.0,0.1245,0.0224,0.9991967871485944,0.0,7.0722,0.0227,7.0723,0.0001,0.0,0.0,0.0,7.0723,0.0227,7.095000000000001,7.0916
2770,0.1278,0.0008,0.1285,0.0231,0.9945525291828793,0.0062256809338521405,7.4586,0.4906,7.4587,0.0001,0.0,0.0,0.0,7.4587,0.49060000000000004,7.9493,7.9523
2771,0.0829,0.0001,0.0829,0.0149,1.0,0.0012062726176115804,4.2618,0.0412,4.2621,0.0003,0.0,0.0,0.0,4.2621,0.0412,4.3033,4.299
2772,0.1245,0.0,0.1245,0.0224,1.0,0.0,7.2684,0.0118,7.2685,0.0001,0.0,0.0,0.0,7.2685,0.0118,7.2803,7.2812
2773,0.055,0.0,0.055,0.0099,1.0,0.0,2.8302,0.0061,2.8304,0.0002,0.0,0.0,0.0,2.8304,0.0061,2.8365,2.8343
2774,0.1048,0.0001,0.1049,0.0189,0.9990467111534796,0.0009532888465204958,5.661,0.0731,5.6609,0.0,0.0,0.0,0.0,5.660900000000001,0.0731,5.734000000000001,5.7353
2775,0.101,0.0093,0.1103,0.0199,0.915684496826836,0.0843155031731641,5.4546,5.6992,5.4544,0.0,0.0,0.0,0.0,5.454400000000001,5.699200000000001,11.1536,11.1511
2776,0.1095,0.0039,0.1134,0.0204,0.9656084656084656,0.03439153439153439,6.393,2.5241,6.393,0.0,0.0,0.0,0.0,6.393,2.5241000000000002,8.9171,8.9218
2777,0.053,0.0,0.053,0.0095,1.0,0.0,2.9334,0.0031,2.933,0.0,0.0,0.0,0.0,2.933,0.0031000000000000003,2.9360999999999997,2.9338
2778,0.075,0.0,0.075,0.0135,1.0,0.0,4.1532,0.0173,4.1534,0.0002,0.0,0.0,0.0,4.1534,0.0173,4.1707,4.1673
2779,0.0716,0.0,0.0717,0.0129,0.9986052998605299,0.0,3.774,0.0153,3.7739,0.0,0.0,0.0,0.0,3.7739,0.0153,3.7891999999999997,3.7881
2780,0.0909,0.0002,0.0911,0.0164,0.9978046103183315,0.0021953896816684962,5.4546,0.1041,5.4545,0.0,0.0,0.0,0.0,5.4545,0.1041,5.5586,5.5594
2781,0.1037,0.0,0.1037,0.0187,1.0,0.0,5.8938,0.0058,5.8935,0.0,0.0,0.0,0.0,5.8934999999999995,0.0058000000000000005,5.899299999999999,5.9029
2782,0.1273,0.0002,0.1275,0.023,0.9984313725490196,0.0015686274509803923,6.5454,0.146,6.5454,0.0,0.0,0.0,0.0,6.545399999999999,0.146,6.691399999999999,6.6922
2783,0.1053,0.0013,0.1066,0.0192,0.9878048780487805,0.012195121951219511,5.6862,0.8951,5.6863,0.0001,0.0,0.0,0.0,5.6863,0.8951,6.5814,6.5765
2784,0.1046,0.0001,0.1047,0.0188,0.9990448901623686,0.0009551098376313277,5.7924,0.092,5.7925,0.0001,0.0,0.0,0.0,5.7924999999999995,0.092,5.884499999999999,5.8837
2785,0.0404,0.0054,0.0458,0.0082,0.8820960698689956,0.11790393013100438,2.1816,3.2283,2.1818,0.0002,0.0,0.0,0.0,2.1818,3.2283,5.4101,5.4138
2786,0.0365,0.0001,0.0366,0.0066,0.9972677595628414,0.00273224043715847,2.0766,0.0639,2.0766,0.0,0.0,0.0,0.0,2.0766,0.06389999999999998,2.1405,2.1358
2787,0.0664,0.0007,0.0671,0.0121,0.9895678092399403,0.010432190760059612,3.774,0.4873,3.7739,0.0,0.0,0.0,0.0,3.7739000000000003,0.4873,4.2612000000000005,4.2614
2788,0.0881,0.0,0.0881,0.0159,1.0,0.0,4.53,0.0023,4.5299,0.0,0.0,0.0,0.0,4.5299000000000005,0.0023,4.5322000000000005,4.5341
2789,0.1588,0.0052,0.164,0.0295,0.9682926829268292,0.03170731707317073,9.2682,3.3385,9.2682,0.0,0.0,0.0,0.0,9.2682,3.3385000000000002,12.6067,12.6072
2790,0.1032,0.0047,0.1078,0.0194,0.9573283858998144,0.04359925788497217,5.436,2.7715,5.4359,0.0,0.0,0.0,0.0,5.4359,2.7715000000000005,8.2074,8.208
2791,0.0748,0.0056,0.0803,0.0145,0.9315068493150686,0.06973848069738481,4.3638,3.6019,4.3636,0.0,0.0,0.0,0.0,4.3636,3.6018999999999997,7.9655,7.9625
2792,0.04,0.0001,0.0401,0.0072,0.9975062344139652,0.002493765586034913,2.2746,0.0388,2.2746,0.0,0.0,0.0,0.0,2.2746,0.0388,2.3134,2.3131
2793,0.1079,0.0022,0.1102,0.0198,0.9791288566243194,0.019963702359346643,5.6862,1.3589,5.6862,0.0,0.0,0.0,0.0,5.6862,1.3589,7.045100000000001,7.0484
2794,0.0595,0.0001,0.0597,0.0107,0.9966499162479061,0.0016750418760469012,3.4758,0.0869,3.4756,0.0,0.0,0.0,0.0,3.4756,0.0869,3.5625,3.5663
2795,0.1243,0.0001,0.1244,0.0224,0.9991961414790996,0.0008038585209003216,6.393,0.0467,6.3932,0.0002,0.0,0.0,0.0,6.3932,0.0467,6.439900000000001,6.4425
2796,0.0335,0.0047,0.0382,0.0069,0.8769633507853404,0.12303664921465969,1.9554,2.8874,1.9555,0.0001,0.0,0.0,0.0,1.9555000000000002,2.8874,4.8429,4.8405
2797,0.1379,0.0005,0.1383,0.0249,0.9971077368040491,0.0036153289949385392,7.6362,0.2989,7.6365,0.0003,0.0,0.0,0.0,7.6365,0.2989,7.9354,7.9366
2798,0.0382,0.0001,0.0383,0.0069,0.9973890339425586,0.0026109660574412533,2.2296,0.0381,2.2296,0.0,0.0,0.0,0.0,2.2296,0.0381,2.2677,2.269
2799,0.0895,0.0011,0.0906,0.0163,0.987858719646799,0.012141280353200884,4.7172,0.7377,4.7173,0.0001,0.0,0.0,0.0,4.7173,0.7377,5.455,5.4532
2800,0.161,0.0069,0.168,0.0302,0.9583333333333333,0.04107142857142857,8.9184,4.5762,8.9183,0.0,0.0,0.0,0.0,8.9183,4.5762,13.4945,13.4976
2801,0.0808,0.0,0.0808,0.0145,1.0,0.0,4.7148,0.0227,4.7148,0.0,0.0,0.0,0.0,4.7148,0.022699999999999998,4.737500000000001,4.7331
2802,0.15,0.0,0.15,0.027,1.0,0.0,8.307,0.0039,8.307,0.0,0.0,0.0,0.0,8.307,0.0039,8.3109,8.3152
2803,0.0519,0.0001,0.052,0.0094,0.9980769230769232,0.0019230769230769232,3.0276,0.0698,3.0276,0.0,0.0,0.0,0.0,3.0276,0.06979999999999999,3.0974,3.0963
2804,0.1373,0.0098,0.1471,0.0265,0.9333786539768865,0.06662134602311352,7.8036,6.0454,7.8035,0.0,0.0,0.0,0.0,7.8035,6.045400000000001,13.8489,13.8472
2805,0.0364,0.0007,0.0372,0.0067,0.9784946236559141,0.01881720430107527,2.0184,0.4851,2.0184,0.0,0.0,0.0,0.0,2.0183999999999997,0.4851,2.5035,2.5056
2806,0.0498,0.0,0.0498,0.009,1.0,0.0,2.8302,0.0059,2.8306,0.0004,0.0,0.0,0.0,2.8306,0.0059,2.8365,2.8323
2807,0.0828,0.0002,0.083,0.0149,0.9975903614457831,0.0024096385542168672,4.3638,0.1322,4.3636,0.0,0.0,0.0,0.0,4.3636,0.1322,4.4958,4.4948
2808,0.0355,0.0001,0.0356,0.0064,0.997191011235955,0.002808988764044944,2.0184,0.0694,2.0184,0.0,0.0,0.0,0.0,2.0183999999999997,0.0694,2.0877999999999997,2.0859
2809,0.0808,0.0001,0.0808,0.0145,1.0,0.0012376237623762376,4.1532,0.048,4.1534,0.0002,0.0,0.0,0.0,4.1534,0.04799999999999999,4.2014000000000005,4.1983
2810,0.0858,0.0023,0.0882,0.0159,0.9727891156462585,0.026077097505668934,4.6344,1.5667,4.6342,0.0,0.0,0.0,0.0,4.6342,1.5667000000000002,6.2009,6.1995
2811,0.1486,0.0017,0.1504,0.0271,0.9880319148936171,0.011303191489361701,8.9184,1.1605,8.918,0.0,0.0,0.0,0.0,8.918,1.1605,10.0785,10.0784
2812,0.1126,0.0001,0.1127,0.0203,0.9991126885536824,0.0008873114463176575,5.7924,0.043,5.7927,0.0003,0.0,0.0,0.0,5.7927,0.043,5.8357,5.8322
2813,0.134,0.0,0.134,0.0241,1.0,0.0,7.8216,0.0313,7.8217,0.0001,0.0,0.0,0.0,7.821700000000001,0.0313,7.853000000000001,7.8559
2814,0.0808,0.0003,0.0811,0.0146,0.9963008631319358,0.003699136868064118,4.7172,0.1969,4.7173,0.0001,0.0,0.0,0.0,4.7173,0.1969,4.9142,4.9111
2815,0.0355,0.0002,0.0357,0.0064,0.9943977591036413,0.0056022408963585435,2.1312,0.1357,2.1312,0.0,0.0,0.0,0.0,2.1312,0.1357,2.2669,2.2638
2816,0.1616,0.0001,0.1617,0.0291,0.9993815708101421,0.0006184291898577612,8.727,0.0422,8.7273,0.0003,0.0,0.0,0.0,8.7273,0.0422,8.769499999999999,8.7725
2817,0.1615,0.0005,0.162,0.0292,0.9969135802469136,0.0030864197530864196,8.307,0.3483,8.307,0.0,0.0,0.0,0.0,8.307,0.34829999999999994,8.6553,8.6575
2818,0.1005,0.0003,0.1008,0.0181,0.9970238095238095,0.002976190476190476,5.8662,0.1891,5.8664,0.0002,0.0,0.0,0.0,5.8664000000000005,0.18910000000000002,6.0555,6.0523
2819,0.1802,0.0004,0.1806,0.0325,0.9977851605758582,0.0022148394241417496,9.2682,0.2875,9.2682,0.0,0.0,0.0,0.0,9.2682,0.28750000000000003,9.5557,9.5577
2820,0.1346,0.0002,0.1348,0.0243,0.9985163204747775,0.001483679525222552,7.2684,0.1247,7.2687,0.0003,0.0,0.0,0.0,7.268700000000001,0.12469999999999999,7.393400000000001,7.3946
2821,0.1169,0.0,0.1169,0.021,1.0,0.0,6.8238,0.0079,6.8236,0.0,0.0,0.0,0.0,6.8236,0.007899999999999999,6.8315,6.8305
2822,0.0874,0.0015,0.0889,0.016,0.983127109111361,0.01687289088863892,4.7172,1.0283,4.7174,0.0002,0.0,0.0,0.0,4.7174,1.0283,5.745699999999999,5.7477
2823,0.0346,0.0,0.0346,0.0062,1.0,0.0,2.0766,0.0146,2.0768,0.0002,0.0,0.0,0.0,2.0768,0.014599999999999998,2.0914,2.0889
2824,0.1577,0.0,0.1577,0.0284,1.0,0.0,8.307,0.0177,8.3069,0.0,0.0,0.0,0.0,8.3069,0.0177,8.3246,8.3288
2825,0.1116,0.0003,0.1119,0.0201,0.9973190348525469,0.0026809651474530827,6.342,0.2043,6.3417,0.0,0.0,0.0,0.0,6.3417,0.2043,6.546,6.5433
2826,0.1659,0.0109,0.1768,0.0318,0.9383484162895926,0.061651583710407236,9.4296,6.7059,9.4297,0.0001,0.0,0.0,0.0,9.4297,6.7059,16.1356,16.132
2827,0.0429,0.0049,0.0478,0.0086,0.897489539748954,0.10251046025104602,2.3172,3.1328,2.317,0.0,0.0,0.0,0.0,2.317,3.1328,5.4498,5.4532
2828,0.0671,0.0003,0.0674,0.0121,0.9955489614243325,0.004451038575667655,3.624,0.1887,3.624,0.0,0.0,0.0,0.0,3.624,0.1887,3.8127,3.8128
2829,0.1931,0.0022,0.1953,0.0352,0.9887352790578596,0.011264720942140297,10.4268,1.5064,10.4268,0.0,0.0,0.0,0.0,10.4268,1.5064,11.9332,11.9355
2830,0.0418,0.0034,0.0452,0.0081,0.9247787610619469,0.0752212389380531,2.3172,2.002,2.3171,0.0,0.0,0.0,0.0,2.3171,2.0020000000000002,4.319100000000001,4.3203
2831,0.1464,0.0003,0.1467,0.0264,0.9979550102249489,0.0020449897750511245,8.1096,0.1749,8.1096,0.0,0.0,0.0,0.0,8.109599999999999,0.17490000000000003,8.284499999999998,8.2892
2832,0.1389,0.0003,0.1392,0.0251,0.997844827586207,0.0021551724137931034,8.1096,0.1706,8.1097,0.0001,0.0,0.0,0.0,8.1097,0.17060000000000003,8.2803,8.2791
2833,0.1445,0.0027,0.1472,0.0265,0.9816576086956521,0.018342391304347828,7.8036,1.6605,7.8036,0.0,0.0,0.0,0.0,7.8036,1.6605,9.4641,9.4665
2834,0.0534,0.0006,0.0539,0.0097,0.9907235621521335,0.011131725417439701,3.1152,0.3543,3.1152,0.0,0.0,0.0,0.0,3.1152,0.35429999999999995,3.4695,3.468
2835,0.1255,0.0065,0.132,0.0238,0.9507575757575757,0.04924242424242424,6.951,4.0821,6.9512,0.0002,0.0,0.0,0.0,6.9512,4.0821000000000005,11.0333,11.0285
2836,0.1184,0.0011,0.1195,0.0215,0.990794979079498,0.009205020920502092,6.393,0.6863,6.3932,0.0002,0.0,0.0,0.0,6.393199999999999,0.6863,7.0794999999999995,7.0843
2837,0.0788,0.0012,0.08,0.0144,0.9849999999999999,0.014999999999999998,4.1532,0.7861,4.1534,0.0002,0.0,0.0,0.0,4.1534,0.7861000000000001,4.939500000000001,4.936
2838,0.0604,0.0077,0.0681,0.0123,0.8869309838472835,0.11306901615271661,3.3444,4.999,3.3441,0.0,0.0,0.0,0.0,3.3441,4.999,8.3431,8.3383
2839,0.1223,0.0006,0.1228,0.0221,0.995928338762215,0.004885993485342019,6.951,0.3825,6.9511,0.0001,0.0,0.0,0.0,6.9511,0.38250000000000006,7.333600000000001,7.3329
2840,0.1337,0.0,0.1337,0.0241,1.0,0.0,7.8036,0.0219,7.8032,0.0,0.0,0.0,0.0,7.8032,0.0219,7.8251,7.8238
2841,0.0543,0.0015,0.0558,0.0101,0.9731182795698925,0.026881720430107527,2.9334,0.9738,2.9334,0.0,0.0,0.0,0.0,2.9334000000000002,0.9738,3.9072000000000005,3.9058
2842,0.1254,0.0045,0.1299,0.0234,0.9653579676674366,0.03464203233256351,6.6042,3.0489,6.6044,0.0002,0.0,0.0,0.0,6.6044,3.0489,9.6533,9.6502
2843,0.0639,0.0,0.0639,0.0115,1.0,0.0,3.5364,0.0132,3.536,0.0,0.0,0.0,0.0,3.5360000000000005,0.013200000000000002,3.5492000000000004,3.5444
2844,0.0569,0.0,0.0569,0.0102,1.0,0.0,3.4116,0.0232,3.4117,0.0001,0.0,0.0,0.0,3.4116999999999997,0.0232,3.4349,3.4389
2845,0.0888,0.0016,0.0904,0.0163,0.9823008849557523,0.01769911504424779,5.046,1.019,5.046,0.0,0.0,0.0,0.0,5.046,1.0190000000000001,6.065,6.0614
2846,0.1287,0.0013,0.13,0.0234,0.99,0.009999999999999998,6.951,0.8727,6.9511,0.0001,0.0,0.0,0.0,6.9511,0.8727,7.8238,7.8271
2847,0.1309,0.0003,0.1311,0.0236,0.9984744469870328,0.002288329519450801,7.248,0.1895,7.248,0.0,0.0,0.0,0.0,7.248,0.1895,7.4375,7.4327
2848,0.0961,0.0,0.0962,0.0173,0.9989604989604991,0.0,5.1918,0.0034,5.1918,0.0,0.0,0.0,0.0,5.191799999999999,0.0034,5.195199999999999,5.1991
2849,0.1208,0.0,0.1208,0.0217,1.0,0.0,7.248,0.018,7.248,0.0,0.0,0.0,0.0,7.248,0.018000000000000002,7.266,7.2614
2850,0.0414,0.0001,0.0415,0.0075,0.9975903614457831,0.0024096385542168672,2.1816,0.0793,2.1819,0.0003,0.0,0.0,0.0,2.1819,0.07930000000000001,2.2612,2.2621
2851,0.1212,0.0,0.1212,0.0218,1.0,0.0,6.5454,0.0051,6.5455,0.0001,0.0,0.0,0.0,6.5455,0.0051,6.550599999999999,6.5477
2852,0.0577,0.0,0.0577,0.0104,1.0,0.0,3.1968,0.004,3.1965,0.0,0.0,0.0,0.0,3.1965000000000003,0.004,3.2005000000000003,3.1984
2853,0.1208,0.0001,0.1209,0.0218,0.9991728701406122,0.000827129859387924,6.6888,0.0753,6.6888,0.0,0.0,0.0,0.0,6.6888,0.07529999999999999,6.7641,6.7685
2854,0.15,0.0025,0.1525,0.0275,0.9836065573770492,0.01639344262295082,8.5242,1.7371,8.5241,0.0,0.0,0.0,0.0,8.5241,1.7371,10.2612,10.262
2855,0.0364,0.0,0.0365,0.0066,0.9972602739726029,0.0,2.0184,0.0157,2.0184,0.0,0.0,0.0,0.0,2.0183999999999997,0.0157,2.0340999999999996,2.033
2856,0.0548,0.0001,0.0549,0.0099,0.9981785063752278,0.0018214936247723135,3.1968,0.0877,3.1967,0.0,0.0,0.0,0.0,3.1967,0.0877,3.2843999999999998,3.2846
2857,0.1084,0.0,0.1084,0.0195,1.0,0.0,5.574,0.005,5.574,0.0,0.0,0.0,0.0,5.574000000000001,0.005,5.579000000000001,5.5752
2858,0.057,0.0,0.057,0.0103,1.0,0.0,2.9334,0.0071,2.933,0.0,0.0,0.0,0.0,2.933,0.0071,2.9400999999999997,2.9447
2859,0.1091,0.0,0.1091,0.0196,1.0,0.0,6.5454,0.0048,6.5455,0.0001,0.0,0.0,0.0,6.545499999999999,0.0048,6.550299999999999,6.5515
2860,0.1223,0.0,0.1223,0.022,1.0,0.0,6.6042,0.0035,6.6046,0.0004,0.0,0.0,0.0,6.6046,0.0035000000000000005,6.608099999999999,6.6076
2861,0.1093,0.0002,0.1096,0.0197,0.9972627737226276,0.0018248175182481751,6.0552,0.1506,6.0552,0.0,0.0,0.0,0.0,6.0552,0.15059999999999998,6.2058,6.2047
2862,0.0731,0.0,0.0731,0.0132,1.0,0.0,4.1532,0.0037,4.1534,0.0002,0.0,0.0,0.0,4.1534,0.0037,4.157100000000001,4.1602
2863,0.0604,0.0026,0.063,0.0113,0.9587301587301588,0.04126984126984127,3.3444,1.5364,3.3443,0.0,0.0,0.0,0.0,3.3443,1.5364,4.8807,4.884
2864,0.0385,0.0036,0.0421,0.0076,0.9144893111638955,0.08551068883610452,2.1312,2.2734,2.1311,0.0,0.0,0.0,0.0,2.1311,2.2733999999999996,4.4045,4.404
2865,0.1204,0.0,0.1204,0.0217,1.0,0.0,6.342,0.0162,6.3419,0.0,0.0,0.0,0.0,6.341900000000001,0.0162,6.358100000000001,6.354
2866,0.1774,0.0001,0.1775,0.0319,0.9994366197183099,0.0005633802816901409,9.3456,0.0391,9.3453,0.0,0.0,0.0,0.0,9.3453,0.0391,9.3844,9.383
2867,0.0548,0.0027,0.0575,0.0104,0.9530434782608695,0.04695652173913044,3.1152,1.9006,3.1152,0.0,0.0,0.0,0.0,3.1152,1.9005999999999998,5.0158000000000005,5.0195
2868,0.1236,0.0002,0.1238,0.0223,0.9983844911147012,0.0016155088852988692,6.8442,0.1254,6.8441,0.0,0.0,0.0,0.0,6.8441,0.1254,6.9695,6.9693
2869,0.0384,0.0,0.0384,0.0069,1.0,0.0,2.1816,0.0142,2.1818,0.0002,0.0,0.0,0.0,2.1818,0.0142,2.196,2.199
2870,0.0584,0.0003,0.0587,0.0106,0.9948892674616695,0.005110732538330494,3.4116,0.1486,3.4117,0.0001,0.0,0.0,0.0,3.4116999999999997,0.1486,3.5603,3.5571
2871,0.0413,0.0044,0.0457,0.0082,0.9037199124726478,0.09628008752735231,2.2296,2.8569,2.2296,0.0,0.0,0.0,0.0,2.2296,2.8569,5.0865,5.085
2872,0.0788,0.0001,0.0789,0.0142,0.9987325728770595,0.001267427122940431,4.3638,0.0714,4.3637,0.0,0.0,0.0,0.0,4.3637,0.0714,4.435099999999999,4.4351
2873,0.1363,0.0007,0.137,0.0247,0.994890510948905,0.00510948905109489,7.548,0.4554,7.5479,0.0,0.0,0.0,0.0,7.5479,0.4554,8.0033,8.0006
2874,0.0588,0.0083,0.0671,0.0121,0.8763040238450074,0.12369597615499253,3.3444,5.3856,3.3443,0.0,0.0,0.0,0.0,3.3443,5.3856,8.7299,8.7319
2875,0.1223,0.0008,0.1231,0.0222,0.9935012185215273,0.006498781478472787,6.951,0.4343,6.9511,0.0001,0.0,0.0,0.0,6.9511,0.4343,7.385400000000001,7.3811
2876,0.0706,0.0,0.0706,0.0127,1.0,0.0,3.9108,0.0043,3.9108,0.0,0.0,0.0,0.0,3.9108000000000005,0.004299999999999999,3.9151000000000007,3.9186
2877,0.0808,0.0,0.0808,0.0145,1.0,0.0,4.7148,0.0096,4.7149,0.0001,0.0,0.0,0.0,4.7149,0.0096,4.7245,4.7286
2878,0.1685,0.0,0.1685,0.0303,1.0,0.0,9.0978,0.0196,9.0979,0.0001,0.0,0.0,0.0,9.0979,0.0196,9.1175,9.1207
2879,0.1423,0.0064,0.1487,0.0268,0.9569603227975791,0.04303967720242098,8.307,4.4292,8.307,0.0,0.0,0.0,0.0,8.307,4.4292,12.7362,12.7376
2880,0.1242,0.0,0.1243,0.0224,0.9991954947707161,0.0,6.5454,0.0297,6.5456,0.0002,0.0,0.0,0.0,6.545599999999999,0.029699999999999997,6.5752999999999995,6.5787
2881,0.0374,0.0068,0.0442,0.008,0.8461538461538461,0.15384615384615383,2.0184,4.3082,2.0185,0.0001,0.0,0.0,0.0,2.0185,4.3082,6.326700000000001,6.3268
2882,0.0604,0.0024,0.0628,0.0113,0.961783439490446,0.03821656050955414,3.3444,1.4213,3.3443,0.0,0.0,0.0,0.0,3.3442999999999996,1.4213,4.765599999999999,4.7658
2883,0.1375,0.0014,0.1389,0.025,0.9899208063354933,0.01007919366450684,8.2512,0.8551,8.2509,0.0,0.0,0.0,0.0,8.2509,0.8551000000000001,9.106,9.103
2884,0.1084,0.0017,0.1101,0.0198,0.9845594913714804,0.015440508628519527,5.574,1.0675,5.5739,0.0,0.0,0.0,0.0,5.573900000000001,1.0675,6.641400000000001,6.644
2885,0.1331,0.0,0.1331,0.024,1.0,0.0,6.8442,0.0171,6.8441,0.0,0.0,0.0,0.0,6.8441,0.017099999999999997,6.8612,6.8624
2886,0.0928,0.0032,0.096,0.0173,0.9666666666666666,0.03333333333333333,4.8888,2.0866,4.8886,0.0,0.0,0.0,0.0,4.8886,2.0866000000000002,6.975200000000001,6.9747
2887,0.0727,0.0009,0.0737,0.0133,0.9864314789687924,0.012211668928086838,4.3638,0.5723,4.3638,0.0,0.0,0.0,0.0,4.3637999999999995,0.5723,4.9361,4.9381
2888,0.1374,0.0001,0.1375,0.0247,0.9992727272727272,0.0007272727272727272,7.0644,0.0747,7.0645,0.0001,0.0,0.0,0.0,7.064500000000001,0.07469999999999999,7.139200000000001,7.1372
2889,0.1149,0.0,0.115,0.0207,0.9991304347826087,0.0,6.0552,0.0298,6.0552,0.0,0.0,0.0,0.0,6.0552,0.0298,6.085,6.0848
2890,0.0829,0.0001,0.083,0.0149,0.9987951807228915,0.0012048192771084336,4.7148,0.0486,4.7148,0.0,0.0,0.0,0.0,4.7148,0.0486,4.763400000000001,4.7637
2891,0.0632,0.0011,0.0643,0.0116,0.9828926905132195,0.017107309486780718,3.4116,0.7791,3.4117,0.0001,0.0,0.0,0.0,3.4116999999999997,0.7791,4.190799999999999,4.1874
2892,0.1223,0.0,0.1223,0.022,1.0,0.0,6.6042,0.0067,6.6044,0.0002,0.0,0.0,0.0,6.6044,0.006699999999999999,6.6111,6.6075
2893,0.1183,0.0055,0.1237,0.0223,0.9563459983831851,0.04446240905416329,6.2304,3.3565,6.2303,0.0,0.0,0.0,0.0,6.230300000000001,3.3565,9.5868,9.5898
2894,0.1379,0.0,0.1379,0.0248,1.0,0.0,7.6362,0.0074,7.6363,0.0001,0.0,0.0,0.0,7.6363,0.0074,7.6437,7.6414
2895,0.1258,0.0003,0.1261,0.0227,0.9976209357652657,0.0023790642347343376,7.548,0.1797,7.5479,0.0,0.0,0.0,0.0,7.5479,0.1797,7.727600000000001,7.7229
2896,0.0671,0.0012,0.0683,0.0123,0.9824304538799415,0.017569546120058562,3.624,0.821,3.6238,0.0,0.0,0.0,0.0,3.6238,0.8210000000000001,4.4448,4.4435
2897,0.1776,0.002,0.1796,0.0323,0.9888641425389755,0.011135857461024499,9.5898,1.36,9.5896,0.0,0.0,0.0,0.0,9.5896,1.36,10.9496,10.949
2898,0.0992,0.0099,0.1092,0.0196,0.9084249084249083,0.09065934065934066,5.7924,6.1305,5.7925,0.0001,0.0,0.0,0.0,5.7924999999999995,6.1305000000000005,11.923,11.9226
2899,0.0743,0.0,0.0743,0.0134,1.0,0.0,4.4592,0.0179,4.459,0.0,0.0,0.0,0.0,4.4590000000000005,0.0179,4.4769000000000005,4.4759
2900,0.1,0.0006,0.1006,0.0181,0.9940357852882705,0.005964214711729622,5.6862,0.3937,5.6862,0.0,0.0,0.0,0.0,5.6862,0.3937,6.0799,6.076
2901,0.0611,0.0017,0.0628,0.0113,0.9729299363057325,0.027070063694267517,3.4758,0.9741,3.4756,0.0,0.0,0.0,0.0,3.4756,0.9741,4.4497,4.4451
2902,0.1601,0.0,0.1601,0.0288,1.0,0.0,9.3456,0.0081,9.3455,0.0,0.0,0.0,0.0,9.345500000000001,0.0081,9.353600000000002,9.3546
2903,0.0414,0.0087,0.0501,0.009,0.8263473053892215,0.17365269461077842,2.1816,6.2872,2.1817,0.0001,0.0,0.0,0.0,2.1816999999999998,6.2872,8.4689,8.4728
2904,0.0785,0.0002,0.0787,0.0142,0.9974587039390088,0.0025412960609911056,4.0368,0.1013,4.0368,0.0,0.0,0.0,0.0,4.0367999999999995,0.1013,4.1381,4.134
2905,0.1979,0.0006,0.1985,0.0357,0.996977329974811,0.0030226700251889164,10.4268,0.3432,10.4267,0.0,0.0,0.0,0.0,10.4267,0.34320000000000006,10.7699,10.771
2906,0.1548,0.0,0.1548,0.0279,1.0,0.0,8.7996,0.0134,8.7994,0.0,0.0,0.0,0.0,8.799399999999999,0.0134,8.8128,8.8098
2907,0.1817,0.0016,0.1833,0.033,0.9912711402073104,0.008728859792689581,9.3456,1.0695,9.3453,0.0,0.0,0.0,0.0,9.3453,1.0695000000000001,10.4148,10.4171
2908,0.1423,0.0042,0.1465,0.0264,0.9713310580204779,0.028668941979522185,8.307,2.3528,8.307,0.0,0.0,0.0,0.0,8.307,2.3528000000000002,10.6598,10.6638
2909,0.1258,0.0001,0.1259,0.0227,0.9992057188244637,0.0007942811755361397,7.548,0.0956,7.5478,0.0,0.0,0.0,0.0,7.5478000000000005,0.0956,7.643400000000001,7.6448
2910,0.1915,0.0004,0.1919,0.0345,0.9979155810317875,0.002084418968212611,10.6086,0.2389,10.6084,0.0,0.0,0.0,0.0,10.6084,0.2389,10.847299999999999,10.8472
2911,0.0374,0.006,0.0434,0.0078,0.8617511520737328,0.1382488479262673,2.0184,3.735,2.0184,0.0,0.0,0.0,0.0,2.0183999999999997,3.7350000000000003,5.7534,5.7543
2912,0.0394,0.0016,0.041,0.0074,0.9609756097560974,0.03902439024390244,2.1816,1.0372,2.1817,0.0001,0.0,0.0,0.0,2.1816999999999998,1.0372,3.2188999999999997,3.2162
2913,0.0905,0.007,0.0975,0.0175,0.9282051282051281,0.07179487179487179,4.8888,4.1481,4.8886,0.0,0.0,0.0,0.0,4.8886,4.1481,9.0367,9.0347
2914,0.0788,0.0021,0.0809,0.0146,0.9740420271940667,0.02595797280593325,4.1532,1.2902,4.1534,0.0002,0.0,0.0,0.0,4.1534,1.2902,5.4436,5.4405
2915,0.1177,0.0002,0.1179,0.0212,0.998303647158609,0.0016963528413910093,7.0644,0.131,7.0644,0.0,0.0,0.0,0.0,7.064400000000001,0.131,7.195400000000001,7.1987
2916,0.1075,0.0,0.1075,0.0193,1.0,0.0,5.661,0.0027,5.661,0.0,0.0,0.0,0.0,5.6610000000000005,0.0027,5.6637,5.6588
2917,0.1346,0.0015,0.1361,0.0245,0.9889786921381337,0.011021307861866276,7.2684,0.9491,7.2684,0.0,0.0,0.0,0.0,7.268400000000001,0.9491000000000002,8.217500000000001,8.2193
2918,0.0727,0.0053,0.0781,0.0141,0.9308578745198464,0.0678617157490397,4.3638,3.5328,4.3636,0.0,0.0,0.0,0.0,4.3636,3.5328,7.8964,7.8959
2919,0.06,0.0002,0.0602,0.0108,0.9966777408637874,0.003322259136212625,3.4116,0.0926,3.4117,0.0001,0.0,0.0,0.0,3.4116999999999997,0.0926,3.5042999999999997,3.5051
2920,0.0769,0.0034,0.0803,0.0145,0.9576587795765877,0.04234122042341221,4.2618,2.2817,4.2619,0.0001,0.0,0.0,0.0,4.261900000000001,2.2817,6.5436000000000005,6.5476
2921,0.0622,0.0007,0.0629,0.0113,0.9888712241653418,0.011128775834658189,3.5364,0.4174,3.5362,0.0,0.0,0.0,0.0,3.5362,0.41740000000000005,3.9536000000000002,3.9513
2922,0.1208,0.0006,0.1213,0.0218,0.9958779884583677,0.004946413849958779,6.6888,0.3312,6.6887,0.0,0.0,0.0,0.0,6.6887,0.3312,7.0199,7.0179
2923,0.1145,0.0008,0.1153,0.0208,0.9930615784908934,0.006938421509106679,6.342,0.4928,6.342,0.0,0.0,0.0,0.0,6.3420000000000005,0.4928,6.8348,6.8367
2924,0.1381,0.0,0.1382,0.0249,0.9992764109985529,0.0,7.4586,0.0295,7.4586,0.0,0.0,0.0,0.0,7.458600000000001,0.0295,7.4881,7.4878
2925,0.1548,0.0,0.1548,0.0279,1.0,0.0,8.154,0.0212,8.1537,0.0,0.0,0.0,0.0,8.1537,0.021199999999999997,8.174900000000001,8.1753
2926,0.1413,0.0013,0.1426,0.0257,0.9908835904628331,0.0091164095371669,8.2512,0.7998,8.2509,0.0,0.0,0.0,0.0,8.2509,0.7998000000000001,9.050699999999999,9.0557
2927,0.0314,0.0033,0.0348,0.0063,0.9022988505747126,0.09482758620689656,1.887,2.0414,1.887,0.0,0.0,0.0,0.0,1.887,2.0414,3.9284,3.932
2928,0.0788,0.0058,0.0846,0.0152,0.9314420803782506,0.06855791962174941,4.1532,3.763,4.1536,0.0004,0.0,0.0,0.0,4.1536,3.763,7.9166,7.9193
2929,0.1759,0.0005,0.1764,0.0318,0.9971655328798186,0.002834467120181406,9.2682,0.3288,9.2682,0.0,0.0,0.0,0.0,9.2682,0.32880000000000004,9.597,9.5951
2930,0.1169,0.002,0.1189,0.0214,0.9831791421362489,0.01682085786375105,6.8238,1.2588,6.8235,0.0,0.0,0.0,0.0,6.823499999999999,1.2588000000000001,8.0823,8.0869
2931,0.0621,0.0,0.0621,0.0112,1.0,0.0,3.624,0.0251,3.6239,0.0,0.0,0.0,0.0,3.6239000000000003,0.025100000000000004,3.6490000000000005,3.6444
2932,0.0748,0.001,0.0757,0.0136,0.988110964332893,0.013210039630118891,4.0368,0.6173,4.0368,0.0,0.0,0.0,0.0,4.0367999999999995,0.6173,4.6541,4.6535
2933,0.0729,0.0,0.0729,0.0131,1.0,0.0,4.0368,0.0069,4.0368,0.0,0.0,0.0,0.0,4.0367999999999995,0.0069,4.043699999999999,4.0394
2934,0.1657,0.0002,0.166,0.0299,0.9981927710843372,0.0012048192771084336,8.5242,0.1352,8.5241,0.0,0.0,0.0,0.0,8.5241,0.13520000000000001,8.6593,8.6581
2935,0.1141,0.0008,0.1148,0.0207,0.9939024390243902,0.006968641114982578,6.8442,0.5151,6.8442,0.0,0.0,0.0,0.0,6.8442,0.5151,7.3593,7.3544
2936,0.127,0.0006,0.1276,0.023,0.9952978056426333,0.004702194357366771,6.6888,0.42,6.6886,0.0,0.0,0.0,0.0,6.688599999999999,0.42000000000000004,7.108599999999999,7.1111
2937,0.1502,0.0,0.1502,0.027,1.0,0.0,8.1096,0.0058,8.1096,0.0,0.0,0.0,0.0,8.109599999999999,0.0058000000000000005,8.1154,8.1187
2938,0.1096,0.0073,0.1169,0.021,0.9375534644995723,0.06244653550042772,6.2304,4.4361,6.2302,0.0,0.0,0.0,0.0,6.2302,4.4361,10.6663,10.6627
2939,0.0779,0.0017,0.0797,0.0143,0.9774153074027604,0.02132998745294856,4.5492,1.1519,4.549,0.0,0.0,0.0,0.0,4.5489999999999995,1.1519,5.700899999999999,5.6988
2940,0.0447,0.0004,0.0451,0.0081,0.9911308203991129,0.008869179600886918,2.3574,0.2329,2.3574,0.0,0.0,0.0,0.0,2.3574,0.23290000000000002,2.5903,2.5951
2941,0.0692,0.0,0.0692,0.0125,1.0,0.0,4.1532,0.0052,4.1535,0.0003,0.0,0.0,0.0,4.1535,0.0052,4.1587000000000005,4.1577
2942,0.1545,0.0,0.1545,0.0278,1.0,0.0,9.2682,0.0082,9.2682,0.0,0.0,0.0,0.0,9.2682,0.008199999999999999,9.2764,9.2738
2943,0.1643,0.0077,0.172,0.031,0.955232558139535,0.04476744186046512,9.0978,5.3909,9.098,0.0002,0.0,0.0,0.0,9.098,5.3909,14.488900000000001,14.4859
2944,0.1346,0.0037,0.1383,0.0249,0.9732465654374547,0.02675343456254519,7.2684,2.3761,7.2685,0.0001,0.0,0.0,0.0,7.2685,2.3761,9.6446,9.6415
2945,0.1327,0.0024,0.135,0.0243,0.982962962962963,0.017777777777777774,6.8238,1.4428,6.8235,0.0,0.0,0.0,0.0,6.8235,1.4428,8.266300000000001,8.2676
2946,0.15,0.0009,0.1509,0.0272,0.9940357852882703,0.005964214711729622,8.307,0.5963,8.307,0.0,0.0,0.0,0.0,8.307,0.5963,8.9033,8.9028
2947,0.1464,0.0023,0.1487,0.0268,0.98453261600538,0.01546738399462004,8.1096,1.3894,8.1096,0.0,0.0,0.0,0.0,8.109599999999999,1.3894,9.498999999999999,9.495
2948,0.1319,0.0,0.132,0.0238,0.9992424242424242,0.0,6.951,0.0237,6.9512,0.0002,0.0,0.0,0.0,6.9512,0.023700000000000002,6.9749,6.9775
2949,0.1,0.0,0.1001,0.018,0.9990009990009991,0.0,5.6862,0.0118,5.6862,0.0,0.0,0.0,0.0,5.6862,0.011799999999999998,5.698,5.6951
2950,0.1279,0.0033,0.1311,0.0236,0.975591151792525,0.025171624713958812,7.2684,2.0753,7.2686,0.0002,0.0,0.0,0.0,7.2686,2.0753,9.3439,9.3447
2951,0.1521,0.0004,0.1524,0.0274,0.9980314960629921,0.0026246719160104987,7.8216,0.213,7.8216,0.0,0.0,0.0,0.0,7.821600000000001,0.21300000000000002,8.034600000000001,8.0327
2952,0.1631,0.0054,0.1685,0.0303,0.9679525222551928,0.032047477744807124,9.2682,3.3724,9.2682,0.0,0.0,0.0,0.0,9.2682,3.3724,12.6406,12.6375
2953,0.1346,0.0016,0.1362,0.0245,0.9882525697503671,0.011747430249632894,8.0736,1.1175,8.0736,0.0,0.0,0.0,0.0,8.073599999999999,1.1175,9.191099999999999,9.1907
2954,0.0356,0.0008,0.0364,0.0066,0.978021978021978,0.021978021978021976,2.0766,0.5397,2.0767,0.0001,0.0,0.0,0.0,2.0767,0.5397000000000001,2.6164000000000005,2.617
2955,0.1352,0.0,0.1352,0.0243,1.0,0.0,6.951,0.0077,6.9512,0.0002,0.0,0.0,0.0,6.9512,0.0077,6.9589,6.96
2956,0.04,0.0093,0.0493,0.0089,0.8113590263691685,0.18864097363083165,2.2746,5.791,2.2745,0.0,0.0,0.0,0.0,2.2744999999999997,5.7909999999999995,8.0655,8.0624
2957,0.1502,0.0,0.1502,0.027,1.0,0.0,8.1096,0.0064,8.1097,0.0001,0.0,0.0,0.0,8.109699999999998,0.0064,8.116099999999998,8.1151
2958,0.138,0.0069,0.1449,0.0261,0.9523809523809524,0.047619047619047616,7.2684,4.5405,7.2687,0.0003,0.0,0.0,0.0,7.268700000000001,4.540500000000001,11.8092,11.8134
2959,0.1507,0.003,0.1538,0.0277,0.9798439531859559,0.01950585175552666,8.7996,1.8292,8.7996,0.0,0.0,0.0,0.0,8.7996,1.8292000000000002,10.6288,10.6326
2960,0.1208,0.0024,0.1232,0.0222,0.9805194805194806,0.019480519480519477,6.6888,1.5568,6.6887,0.0,0.0,0.0,0.0,6.6887,1.5568000000000002,8.2455,8.2476
2961,0.0336,0.0027,0.0363,0.0065,0.9256198347107437,0.0743801652892562,1.812,1.7484,1.812,0.0,0.0,0.0,0.0,1.812,1.7483999999999997,3.5603999999999996,3.5616
2962,0.0516,0.0007,0.0523,0.0094,0.9866156787762906,0.01338432122370937,2.718,0.4101,2.718,0.0,0.0,0.0,0.0,2.718,0.41009999999999996,3.1281,3.1283
2963,0.1279,0.0014,0.1293,0.0233,0.989172467130704,0.01082753286929621,7.2684,0.9064,7.2687,0.0003,0.0,0.0,0.0,7.268700000000001,0.9064000000000001,8.1751,8.1715
2964,0.0636,0.0001,0.0638,0.0115,0.9968652037617556,0.0015673981191222572,3.273,0.0936,3.2728,0.0,0.0,0.0,0.0,3.2728,0.09359999999999999,3.3664,3.3668
2965,0.1687,0.0069,0.1756,0.0316,0.9607061503416856,0.039293849658314346,9.3456,4.3911,9.3454,0.0,0.0,0.0,0.0,9.345400000000001,4.391100000000001,13.736500000000003,13.7368
2966,0.1539,0.0011,0.155,0.0279,0.9929032258064516,0.0070967741935483875,8.1096,0.724,8.1097,0.0001,0.0,0.0,0.0,8.1097,0.724,8.8337,8.8352
2967,0.1065,0.0,0.1065,0.0192,1.0,0.0,6.0552,0.0066,6.0552,0.0,0.0,0.0,0.0,6.0552,0.006600000000000001,6.0618,6.0653
2968,0.0426,0.0,0.0426,0.0077,1.0,0.0,2.3574,0.0105,2.3574,0.0,0.0,0.0,0.0,2.3574,0.0105,2.3679,2.3629
2969,0.1786,0.0005,0.1791,0.0322,0.9972082635399219,0.0027917364600781687,10.4268,0.3502,10.4267,0.0,0.0,0.0,0.0,10.4267,0.3501999999999999,10.7769,10.7817
2970,0.1572,0.0003,0.1575,0.0283,0.9980952380952381,0.0019047619047619045,9.4296,0.205,9.4297,0.0001,0.0,0.0,0.0,9.4297,0.205,9.6347,9.6386
2971,0.1084,0.0003,0.1086,0.0196,0.9981583793738489,0.0027624309392265192,5.574,0.1851,5.5739,0.0,0.0,0.0,0.0,5.5739,0.1851,5.759,5.7582
2972,0.0319,0.0003,0.0321,0.0058,0.9937694704049844,0.009345794392523366,1.812,0.1752,1.8119,0.0,0.0,0.0,0.0,1.8119,0.1752,1.9871,1.9891
2973,0.0789,0.0082,0.0872,0.0157,0.9048165137614679,0.09403669724770643,4.2618,4.8606,4.262,0.0002,0.0,0.0,0.0,4.2620000000000005,4.860600000000001,9.122600000000002,9.1226
2974,0.127,0.0001,0.1271,0.0229,0.999213217938631,0.0007867820613690009,6.6888,0.0888,6.6886,0.0,0.0,0.0,0.0,6.688599999999999,0.0888,6.777399999999999,6.7804
2975,0.1474,0.0009,0.1483,0.0267,0.9939312204989886,0.006068779501011464,7.9608,0.6277,7.9608,0.0,0.0,0.0,0.0,7.960800000000001,0.6277,8.588500000000002,8.5931
2976,0.1242,0.0001,0.1243,0.0224,0.9991954947707161,0.0008045052292839904,7.248,0.0801,7.2479,0.0,0.0,0.0,0.0,7.2479,0.0801,7.327999999999999,7.3282
2977,0.065,0.0,0.065,0.0117,1.0,0.0,3.3444,0.0052,3.3443,0.0,0.0,0.0,0.0,3.3442999999999996,0.0052,3.3494999999999995,3.3519
2978,0.0344,0.0021,0.0365,0.0066,0.9424657534246575,0.057534246575342465,1.812,1.4519,1.8119,0.0,0.0,0.0,0.0,1.8119,1.4519,3.2638,3.2653
2979,0.1091,0.0004,0.1095,0.0197,0.9963470319634703,0.0036529680365296807,6.5454,0.274,6.5454,0.0,0.0,0.0,0.0,6.545399999999999,0.274,6.819399999999999,6.8145
2980,0.1943,0.0,0.1943,0.035,1.0,0.0,10.2354,0.0259,10.2352,0.0,0.0,0.0,0.0,10.235199999999999,0.0259,10.261099999999999,10.2624
2981,0.0355,0.0002,0.0357,0.0064,0.9943977591036413,0.0056022408963585435,2.1312,0.1432,2.1312,0.0,0.0,0.0,0.0,2.1312,0.1432,2.2744,2.2707
2982,0.0829,0.0001,0.083,0.0149,0.9987951807228915,0.0012048192771084336,4.7148,0.0485,4.715,0.0002,0.0,0.0,0.0,4.715,0.0485,4.7635,4.7606
2983,0.0561,0.0001,0.0562,0.0101,0.998220640569395,0.0017793594306049823,3.0276,0.053,3.0276,0.0,0.0,0.0,0.0,3.0276,0.053,3.0806,3.0783
2984,0.0797,0.005,0.0847,0.0153,0.9409681227863046,0.0590318772136954,4.53,3.1071,4.5299,0.0,0.0,0.0,0.0,4.5299000000000005,3.1071,7.6370000000000005,7.6399
2985,0.1295,0.0023,0.1318,0.0237,0.9825493171471927,0.017450682852807282,6.8238,1.5302,6.8235,0.0,0.0,0.0,0.0,6.823499999999999,1.5302,8.3537,8.3499
2986,0.0664,0.0055,0.0719,0.0129,0.9235048678720444,0.07649513212795549,3.774,3.239,3.7739,0.0,0.0,0.0,0.0,3.7739000000000003,3.239,7.0129,7.0124
2987,0.0604,0.0001,0.0604,0.0109,1.0,0.0016556291390728477,3.3444,0.0406,3.3444,0.0,0.0,0.0,0.0,3.3444,0.0406,3.385,3.3802
2988,0.1604,0.0006,0.1611,0.029,0.9956548727498448,0.0037243947858473,8.2512,0.3939,8.251,0.0,0.0,0.0,0.0,8.251,0.3939,8.6449,8.6404
2989,0.1412,0.0035,0.1447,0.026,0.97581202487906,0.024187975120939877,7.8216,2.3285,7.8217,0.0001,0.0,0.0,0.0,7.821700000000001,2.3285,10.150200000000002,10.1466
2990,0.1308,0.0005,0.1313,0.0236,0.9961919268849961,0.003808073115003808,7.6362,0.3573,7.6364,0.0002,0.0,0.0,0.0,7.6364,0.35729999999999995,7.9937000000000005,7.9983
2991,0.0385,0.0004,0.0388,0.007,0.9922680412371133,0.010309278350515464,2.0766,0.2544,2.0766,0.0,0.0,0.0,0.0,2.0766,0.25439999999999996,2.331,2.3267
2992,0.1589,0.0001,0.159,0.0286,0.99937106918239,0.0006289308176100629,8.7996,0.066,8.7994,0.0,0.0,0.0,0.0,8.799399999999999,0.066,8.8654,8.8641
2993,0.0466,0.0001,0.0466,0.0084,1.0,0.002145922746781116,2.718,0.0493,2.7179,0.0,0.0,0.0,0.0,2.7178999999999998,0.0493,2.7672,2.7673
2994,0.1738,0.0,0.1738,0.0313,1.0,0.0,10.4268,0.0058,10.4268,0.0,0.0,0.0,0.0,10.4268,0.0058,10.4326,10.4292
2995,0.1615,0.0004,0.162,0.0292,0.9969135802469136,0.0024691358024691358,9.4296,0.2665,9.4297,0.0001,0.0,0.0,0.0,9.4297,0.2665,9.696200000000001,9.6986
2996,0.1341,0.0058,0.1399,0.0252,0.958541815582559,0.04145818441744103,7.0644,4.1943,7.0645,0.0001,0.0,0.0,0.0,7.064500000000001,4.1943,11.2588,11.26
2997,0.1287,0.0,0.1288,0.0232,0.9992236024844722,0.0,6.951,0.0237,6.9513,0.0003,0.0,0.0,0.0,6.9513,0.0237,6.975,6.9772
2998,0.1376,0.0026,0.1402,0.0252,0.9814550641940086,0.018544935805991442,7.248,1.7941,7.2477,0.0,0.0,0.0,0.0,7.2477,1.7941,9.0418,9.0441
2999,0.0934,0.0001,0.0935,0.0168,0.9989304812834224,0.0010695187165775401,5.4546,0.0594,5.4546,0.0,0.0,0.0,0.0,5.454600000000001,0.0594,5.514000000000001,5.5098
