job_id,energy_qpu_kwh,energy_cpu_kwh,energy_total_kwh,cost_energy_total,phi_qpu,phi_cpu,qpu_time_s,cpu_time_s,qpu_phase_s,qpu_idle_s,qpu_wait_s,cpu_wait_s,wait_total_s,qpu_turn_s,cpu_turn_s,turn_total_s,job_turnaround_s
0,0.055,0.0,0.0551,0.0099,0.9981851179673321,0.0,2.8305,0.0168,2.8305,0.0,0.0,0.0,0.0,2.8305,0.0168,2.8472999999999997,2.8505
1,0.0384,0.0022,0.0406,0.0073,0.9458128078817734,0.05418719211822661,2.1819,1.5047,2.1818,0.0,0.0,0.0,0.0,2.1818,1.5047000000000001,3.6865,3.6893
2,0.0327,0.0029,0.0356,0.0064,0.9185393258426966,0.08146067415730336,1.7682,1.7742,1.7681,0.0,0.0,0.0,0.0,1.7681,1.7742,3.5423,3.5469
3,0.0375,0.0014,0.0388,0.007,0.9664948453608246,0.03608247422680412,2.1309,0.904,2.131,0.0001,0.0,0.0,0.0,2.1310000000000002,0.904,3.035,3.0306
4,0.0634,0.0,0.0634,0.0114,1.0,0.0,3.4221,0.0051,3.4221,0.0,0.0,0.0,0.0,3.4221000000000004,0.0051,3.4272000000000005,3.4275
5,0.0748,0.0003,0.075,0.0135,0.9973333333333334,0.004,4.0368,0.1691,4.0368,0.0,0.0,0.0,0.0,4.0367999999999995,0.1691,4.2059,4.2027
6,0.0518,0.0044,0.0563,0.0101,0.9200710479573712,0.07815275310834814,2.9469,3.1756,2.9468,0.0,0.0,0.0,0.0,2.9467999999999996,3.1756,6.1224,6.127
7,0.0929,0.0,0.0929,0.0167,1.0,0.0,5.0163,0.0043,5.0164,0.0001,0.0,0.0,0.0,5.016399999999999,0.0043,5.020699999999999,5.0195
8,0.0374,0.0,0.0374,0.0067,1.0,0.0,2.0184,0.0175,2.0184,0.0,0.0,0.0,0.0,2.0183999999999997,0.0175,2.0359,2.0319
9,0.0474,0.0,0.0474,0.0085,1.0,0.0,2.8431,0.0195,2.8431,0.0,0.0,0.0,0.0,2.8430999999999997,0.0195,2.8625999999999996,2.8622
10,0.0543,0.0003,0.0546,0.0098,0.9945054945054945,0.005494505494505494,2.9331,0.1728,2.9331,0.0,0.0,0.0,0.0,2.9331,0.1728,3.1059,3.1036
11,0.0799,0.002,0.0819,0.0147,0.9755799755799756,0.02442002442002442,4.5414,1.1688,4.5414,0.0,0.0,0.0,0.0,4.5414,1.1688,5.7102,5.7094
12,0.0742,0.0002,0.0745,0.0134,0.9959731543624162,0.002684563758389262,3.8181,0.1535,3.8182,0.0001,0.0,0.0,0.0,3.8181999999999996,0.1535,3.9717,3.9764
13,0.0865,0.0008,0.0873,0.0157,0.990836197021764,0.009163802978235968,4.6728,0.4835,4.6726,0.0,0.0,0.0,0.0,4.6726,0.4835,5.1561,5.1512
14,0.0444,0.0008,0.0451,0.0081,0.9844789356984479,0.017738359201773836,2.523,0.5122,2.523,0.0,0.0,0.0,0.0,2.5229999999999997,0.5122,3.0351999999999997,3.0304
15,0.0856,0.0004,0.086,0.0155,0.9953488372093023,0.004651162790697675,4.3998,0.3006,4.3998,0.0,0.0,0.0,0.0,4.3998,0.3006,4.7004,4.7032
16,0.0664,0.0,0.0664,0.012,1.0,0.0,3.774,0.0168,3.774,0.0,0.0,0.0,0.0,3.774,0.016800000000000002,3.7908,3.7885
17,0.0557,0.0003,0.056,0.0101,0.9946428571428572,0.005357142857142856,3.3444,0.1624,3.3443,0.0,0.0,0.0,0.0,3.3442999999999996,0.16240000000000002,3.5066999999999995,3.5051
18,0.0622,0.0003,0.0625,0.0112,0.9952,0.0048,3.5361,0.1752,3.5361,0.0,0.0,0.0,0.0,3.5361000000000002,0.1752,3.7113,3.7138
19,0.0826,0.0009,0.0834,0.015,0.9904076738609113,0.010791366906474819,4.2456,0.6406,4.2457,0.0001,0.0,0.0,0.0,4.2457,0.6406000000000001,4.8863,4.8839
20,0.0519,0.0001,0.052,0.0094,0.9980769230769232,0.0019230769230769232,3.1152,0.0549,3.1152,0.0,0.0,0.0,0.0,3.1151999999999997,0.0549,3.1700999999999997,3.1682
21,0.055,0.0011,0.0561,0.0101,0.9803921568627452,0.019607843137254905,3.3021,0.8014,3.3022,0.0001,0.0,0.0,0.0,3.3022,0.8014,4.1036,4.1062
22,0.0318,0.0,0.0318,0.0057,1.0,0.0,1.6365,0.0114,1.6363,0.0,0.0,0.0,0.0,1.6362999999999999,0.0114,1.6477,1.6503
23,0.0611,0.0,0.0612,0.011,0.9983660130718955,0.0,3.3021,0.0021,3.3023,0.0002,0.0,0.0,0.0,3.3023000000000002,0.0021,3.3044000000000002,3.303
24,0.0459,0.0,0.0459,0.0083,1.0,0.0,2.3586,0.002,2.3588,0.0002,0.0,0.0,0.0,2.3588,0.002,2.3608,2.3598
25,0.0374,0.0,0.0374,0.0067,1.0,0.0,2.0184,0.0089,2.0184,0.0,0.0,0.0,0.0,2.0183999999999997,0.0089,2.0273,2.0299
26,0.0355,0.0,0.0356,0.0064,0.997191011235955,0.0,2.0184,0.0332,2.0184,0.0,0.0,0.0,0.0,2.0183999999999997,0.03319999999999999,2.0515999999999996,2.0488
27,0.0349,0.0014,0.0364,0.0065,0.9587912087912087,0.03846153846153846,1.887,0.964,1.887,0.0,0.0,0.0,0.0,1.887,0.964,2.851,2.8529
28,0.0474,0.0048,0.0522,0.0094,0.9080459770114941,0.09195402298850573,2.8431,3.1165,2.8432,0.0001,0.0,0.0,0.0,2.8432,3.1165,5.9597,5.957
29,0.0459,0.0,0.0459,0.0083,1.0,0.0,2.3586,0.003,2.3587,0.0001,0.0,0.0,0.0,2.3587,0.003,2.3617,2.36
30,0.0196,0.0021,0.0217,0.0039,0.9032258064516129,0.0967741935483871,1.1787,1.3293,1.1787,0.0,0.0,0.0,0.0,1.1787,1.3293,2.508,2.5119
31,0.0883,0.0007,0.089,0.016,0.9921348314606743,0.007865168539325843,4.5414,0.4633,4.5414,0.0,0.0,0.0,0.0,4.5414,0.46330000000000005,5.004700000000001,5.0012
32,0.053,0.0002,0.0532,0.0096,0.9962406015037594,0.0037593984962406017,2.7273,0.145,2.7273,0.0,0.0,0.0,0.0,2.7273,0.145,2.8723,2.8689
33,0.0588,0.0,0.0589,0.0106,0.99830220713073,0.0,3.3444,0.0286,3.3443,0.0,0.0,0.0,0.0,3.3442999999999996,0.0286,3.3728999999999996,3.3709
34,0.0841,0.0005,0.0846,0.0152,0.9940898345153665,0.0059101654846335705,4.5414,0.3507,4.5414,0.0,0.0,0.0,0.0,4.5414,0.3507,4.8921,4.8946
35,0.0252,0.0011,0.0263,0.0047,0.9581749049429658,0.041825095057034224,1.359,0.6991,1.359,0.0,0.0,0.0,0.0,1.359,0.6990999999999999,2.0581,2.0631
36,0.0519,0.0,0.0519,0.0093,1.0,0.0,3.1152,0.0034,3.1151,0.0,0.0,0.0,0.0,3.1151,0.0034,3.1185,3.1196
37,0.0273,0.0,0.0273,0.0049,1.0,0.0,1.6365,0.0075,1.6363,0.0,0.0,0.0,0.0,1.6362999999999999,0.0075,1.6438,1.642
38,0.0303,0.0003,0.0306,0.0055,0.9901960784313726,0.00980392156862745,1.5576,0.2011,1.5575,0.0,0.0,0.0,0.0,1.5575,0.2011,1.7586000000000002,1.7613
39,0.0457,0.0,0.0457,0.0082,1.0,0.0,2.5959,0.0023,2.5959,0.0,0.0,0.0,0.0,2.5959,0.0023,2.5982,2.6027
40,0.0733,0.0002,0.0735,0.0132,0.997278911564626,0.00272108843537415,4.3998,0.1186,4.3998,0.0,0.0,0.0,0.0,4.3998,0.1186,4.5184,4.5213
41,0.0281,0.003,0.0311,0.0056,0.9035369774919615,0.09646302250803859,1.5984,1.9005,1.5983,0.0,0.0,0.0,0.0,1.5983,1.9005,3.4988,3.4991
42,0.0266,0.0001,0.0267,0.0048,0.99625468164794,0.003745318352059925,1.5138,0.0508,1.5138,0.0,0.0,0.0,0.0,1.5138000000000003,0.050800000000000005,1.5646000000000002,1.5616
43,0.0529,0.0,0.0529,0.0095,1.0,0.0,2.718,0.0234,2.718,0.0,0.0,0.0,0.0,2.718,0.0234,2.7414,2.7392
44,0.0344,0.0,0.0344,0.0062,1.0,0.0,1.9554,0.0142,1.9555,0.0001,0.0,0.0,0.0,1.9555000000000002,0.014199999999999999,1.9697000000000002,1.9724
45,0.0207,0.0,0.0208,0.0037,0.9951923076923077,0.0,1.1787,0.0113,1.1788,0.0001,0.0,0.0,0.0,1.1788,0.0113,1.1901000000000002,1.1938
46,0.0917,0.0016,0.0933,0.0168,0.9828510182207932,0.017148981779206863,4.7148,1.0941,4.7149,0.0001,0.0,0.0,0.0,4.7149,1.0941,5.809,5.8052
47,0.0281,0.0016,0.0297,0.0053,0.9461279461279462,0.05387205387205388,1.5984,1.1511,1.5984,0.0,0.0,0.0,0.0,1.5984000000000003,1.1511,2.7495000000000003,2.7497
48,0.0421,0.0,0.0421,0.0076,1.0,0.0,2.2746,0.0109,2.2746,0.0,0.0,0.0,0.0,2.2746,0.0109,2.2855,2.2846
49,0.0768,0.0023,0.0791,0.0142,0.9709228824273071,0.029077117572692792,4.3635,1.5081,4.3636,0.0001,0.0,0.0,0.0,4.3636,1.5081,5.8717,5.8744
50,0.0408,0.0001,0.0408,0.0074,1.0,0.0024509803921568627,2.3172,0.0532,2.317,0.0,0.0,0.0,0.0,2.317,0.0532,2.3702,2.3742
51,0.0451,0.0,0.0451,0.0081,1.0,0.0,2.3172,0.0079,2.3172,0.0,0.0,0.0,0.0,2.3171999999999997,0.0079,2.3250999999999995,2.3227
52,0.0708,0.0,0.0708,0.0127,1.0,0.0,4.2456,0.0032,4.2456,0.0,0.0,0.0,0.0,4.2456,0.0032,4.248799999999999,4.2501
53,0.0815,0.0011,0.0826,0.0149,0.986682808716707,0.013317191283292978,4.6341,0.6453,4.6342,0.0001,0.0,0.0,0.0,4.6342,0.6453,5.2795,5.2835
54,0.09,0.0,0.09,0.0162,1.0,0.0,5.1177,0.0019,5.1177,0.0,0.0,0.0,0.0,5.1177,0.0018999999999999998,5.1196,5.1237
55,0.0768,0.0006,0.0774,0.0139,0.9922480620155039,0.007751937984496124,4.3635,0.3352,4.3635,0.0,0.0,0.0,0.0,4.3635,0.3352,4.6987000000000005,4.699
56,0.0275,0.0005,0.028,0.005,0.9821428571428571,0.017857142857142856,1.4151,0.316,1.4151,0.0,0.0,0.0,0.0,1.4151,0.316,1.7311,1.7265
57,0.057,0.0001,0.0571,0.0103,0.9982486865148862,0.0017513134851138356,2.9331,0.0385,2.9331,0.0,0.0,0.0,0.0,2.9331,0.0385,2.9716,2.9703
58,0.0393,0.0005,0.0398,0.0072,0.9874371859296482,0.012562814070351758,2.3586,0.304,2.3587,0.0001,0.0,0.0,0.0,2.3587,0.304,2.6626999999999996,2.6615
59,0.0815,0.0036,0.0851,0.0153,0.9576968272620447,0.04230317273795535,4.6341,2.573,4.6341,0.0,0.0,0.0,0.0,4.6341,2.573,7.2071000000000005,7.2044
60,0.0808,0.0001,0.0809,0.0146,0.9987639060568603,0.0012360939431396787,4.1535,0.0755,4.1535,0.0,0.0,0.0,0.0,4.1535,0.07550000000000001,4.229,4.2307
61,0.0975,0.0,0.0976,0.0176,0.9989754098360656,0.0,5.0163,0.0133,5.0165,0.0002,0.0,0.0,0.0,5.0165,0.013300000000000001,5.0298,5.0278
62,0.0621,0.0025,0.0646,0.0116,0.9613003095975232,0.038699690402476776,3.5322,1.4842,3.5322,0.0,0.0,0.0,0.0,3.5322,1.4842,5.0164,5.0197
63,0.0975,0.0,0.0975,0.0176,1.0,0.0,5.0163,0.0051,5.0163,0.0,0.0,0.0,0.0,5.016299999999999,0.0051,5.021399999999999,5.0237
64,0.0621,0.0,0.0622,0.0112,0.9983922829581994,0.0,3.5322,0.0157,3.5322,0.0,0.0,0.0,0.0,3.5322,0.0157,3.5479,3.5524
65,0.0453,0.0,0.0453,0.0082,1.0,0.0,2.718,0.0021,2.718,0.0,0.0,0.0,0.0,2.718,0.0021,2.7201,2.7192
66,0.0518,0.0067,0.0586,0.0105,0.8839590443686006,0.1143344709897611,2.9469,4.8348,2.9469,0.0,0.0,0.0,0.0,2.9469,4.8347999999999995,7.781699999999999,7.7812
67,0.0557,0.0006,0.0563,0.0101,0.9893428063943162,0.010657193605683835,3.3444,0.3511,3.3444,0.0,0.0,0.0,0.0,3.3444000000000003,0.35109999999999997,3.6955,3.6969
68,0.0581,0.0,0.0581,0.0105,1.0,0.0,3.3021,0.0116,3.3022,0.0001,0.0,0.0,0.0,3.3022,0.0116,3.3138,3.3098
69,0.0634,0.0009,0.0643,0.0116,0.9860031104199067,0.013996889580093314,3.4221,0.5089,3.4221,0.0,0.0,0.0,0.0,3.4221000000000004,0.5089,3.9310000000000005,3.9344
70,0.0332,0.0001,0.0332,0.006,1.0,0.0030120481927710845,1.7058,0.0451,1.7059,0.0001,0.0,0.0,0.0,1.7059,0.0451,1.751,1.7479
71,0.0294,0.0007,0.0302,0.0054,0.9735099337748344,0.023178807947019868,1.5138,0.4436,1.5138,0.0,0.0,0.0,0.0,1.5138000000000003,0.4436,1.9574000000000003,1.9622
72,0.0948,0.0,0.0948,0.0171,1.0,0.0,5.1177,0.0038,5.1176,0.0,0.0,0.0,0.0,5.1175999999999995,0.0037999999999999996,5.1213999999999995,5.1165
73,0.0472,0.0,0.0472,0.0085,1.0,0.0,2.8305,0.0177,2.8305,0.0,0.0,0.0,0.0,2.8305,0.0177,2.8482,2.8529
74,0.0829,0.0,0.0829,0.0149,1.0,0.0,4.2621,0.0058,4.2621,0.0,0.0,0.0,0.0,4.2621,0.0058,4.2679,4.2728
75,0.0686,0.0,0.0687,0.0124,0.9985443959243085,0.0,3.9018,0.0063,3.9018,0.0,0.0,0.0,0.0,3.9017999999999997,0.0063,3.9080999999999997,3.9051
76,0.0758,0.0015,0.0773,0.0139,0.9805950840879691,0.01940491591203105,4.5489,1.0887,4.5489,0.0,0.0,0.0,0.0,4.5489,1.0887,5.6376,5.6384
77,0.0459,0.0003,0.0461,0.0083,0.9956616052060738,0.00650759219088937,2.3586,0.2031,2.3587,0.0001,0.0,0.0,0.0,2.3587,0.2031,2.5618,2.5649
78,0.0344,0.0005,0.0349,0.0063,0.9856733524355301,0.014326647564469915,1.7682,0.3459,1.7681,0.0,0.0,0.0,0.0,1.7681,0.34590000000000004,2.114,2.1095
79,0.0192,0.0005,0.0197,0.0035,0.9746192893401014,0.02538071065989848,1.0383,0.2747,1.0384,0.0001,0.0,0.0,0.0,1.0384,0.2747,1.3131,1.3146
80,0.0929,0.0,0.0929,0.0167,1.0,0.0,5.0163,0.0266,5.0163,0.0,0.0,0.0,0.0,5.016299999999999,0.0266,5.0428999999999995,5.0396
81,0.0281,0.0016,0.0297,0.0053,0.9461279461279462,0.05387205387205388,1.5984,1.0543,1.5984,0.0,0.0,0.0,0.0,1.5984000000000003,1.0543,2.6527000000000003,2.6548
82,0.0679,0.0001,0.068,0.0122,0.9985294117647059,0.0014705882352941176,4.077,0.0589,4.0769,0.0,0.0,0.0,0.0,4.0769,0.0589,4.135800000000001,4.1336
83,0.0606,0.0031,0.0637,0.0115,0.9513343799058084,0.048665620094191515,3.2727,2.2151,3.2727,0.0,0.0,0.0,0.0,3.2727,2.2151,5.4878,5.4845
84,0.0561,0.0,0.0561,0.0101,1.0,0.0,3.0276,0.0035,3.0276,0.0,0.0,0.0,0.0,3.0276000000000005,0.0035,3.0311000000000003,3.0264
85,0.0799,0.0,0.0799,0.0144,1.0,0.0,4.5414,0.0058,4.5414,0.0,0.0,0.0,0.0,4.5414,0.0058,4.5472,4.5516
86,0.0529,0.002,0.0549,0.0099,0.9635701275045538,0.03642987249544627,2.718,1.3337,2.718,0.0,0.0,0.0,0.0,2.718,1.3337,4.0517,4.052
87,0.0664,0.0,0.0664,0.012,1.0,0.0,3.774,0.0033,3.7739,0.0,0.0,0.0,0.0,3.7739000000000003,0.0033,3.7772,3.7735
88,0.0433,0.0,0.0433,0.0078,1.0,0.0,2.5959,0.003,2.596,0.0001,0.0,0.0,0.0,2.596,0.003,2.599,2.598
89,0.0163,0.0,0.0163,0.0029,1.0,0.0,0.9777,0.0105,0.9777,0.0,0.0,0.0,0.0,0.9777,0.010499999999999999,0.9882,0.9892
90,0.0841,0.0005,0.0846,0.0152,0.9940898345153665,0.0059101654846335705,4.5414,0.3324,4.5414,0.0,0.0,0.0,0.0,4.5414,0.33240000000000003,4.8738,4.8734
91,0.0562,0.0,0.0562,0.0101,1.0,0.0,3.1965,0.0104,3.1965,0.0,0.0,0.0,0.0,3.1964999999999995,0.0104,3.2068999999999996,3.21
92,0.0212,0.0001,0.0213,0.0038,0.9953051643192489,0.004694835680751174,1.0908,0.0364,1.0908,0.0,0.0,0.0,0.0,1.0908,0.0364,1.1272,1.1265
93,0.0207,0.0,0.0207,0.0037,1.0,0.0,1.0656,0.0092,1.0656,0.0,0.0,0.0,0.0,1.0656,0.0092,1.0748000000000002,1.077
94,0.0622,0.0001,0.0622,0.0112,1.0,0.0016077170418006433,3.1965,0.0649,3.1965,0.0,0.0,0.0,0.0,3.1964999999999995,0.0649,3.2613999999999996,3.2639
95,0.0733,0.0002,0.0735,0.0132,0.997278911564626,0.00272108843537415,4.3998,0.1213,4.3998,0.0,0.0,0.0,0.0,4.3998,0.1213,4.5211,4.5215
96,0.0362,0.0025,0.0387,0.007,0.9354005167958658,0.06459948320413438,1.9554,1.5306,1.9554,0.0,0.0,0.0,0.0,1.9554,1.5306,3.4859999999999998,3.4877
97,0.0748,0.0,0.0748,0.0135,1.0,0.0,4.0368,0.0042,4.0368,0.0,0.0,0.0,0.0,4.0367999999999995,0.0042,4.0409999999999995,4.0384
98,0.0676,0.0001,0.0676,0.0122,1.0,0.0014792899408284025,3.4755,0.0423,3.4756,0.0001,0.0,0.0,0.0,3.4756,0.0423,3.5179,3.5163
99,0.0688,0.0016,0.0703,0.0127,0.9786628733997155,0.02275960170697013,4.1256,1.1291,4.1255,0.0,0.0,0.0,0.0,4.1255,1.1291,5.2546,5.2557
100,0.0503,0.0,0.0503,0.0091,1.0,0.0,2.718,0.0036,2.718,0.0,0.0,0.0,0.0,2.718,0.0036,2.7216,2.7206
101,0.0848,0.0017,0.0865,0.0156,0.9803468208092486,0.019653179190751446,4.3635,1.1979,4.3637,0.0002,0.0,0.0,0.0,4.3637,1.1979000000000002,5.5616,5.5601
102,0.029,0.0001,0.0291,0.0052,0.9965635738831615,0.003436426116838488,1.7379,0.0644,1.7379,0.0,0.0,0.0,0.0,1.7379000000000002,0.0644,1.8023000000000002,1.7974
103,0.0336,0.0001,0.0337,0.0061,0.9970326409495548,0.002967359050445104,2.0184,0.0516,2.0184,0.0,0.0,0.0,0.0,2.0183999999999997,0.05160000000000001,2.07,2.0681
104,0.0414,0.001,0.0424,0.0076,0.9764150943396226,0.02358490566037736,2.1309,0.6993,2.131,0.0001,0.0,0.0,0.0,2.1310000000000002,0.6993,2.8303000000000003,2.833
105,0.0393,0.0,0.0393,0.0071,1.0,0.0,2.3586,0.0055,2.3587,0.0001,0.0,0.0,0.0,2.3587,0.0055,2.3642,2.3671
106,0.0654,0.0017,0.0671,0.0121,0.9746646795827123,0.025335320417287626,3.5322,1.0214,3.5322,0.0,0.0,0.0,0.0,3.5322,1.0214,4.5536,4.5558
107,0.0577,0.0019,0.0596,0.0107,0.9681208053691276,0.031879194630872486,3.1152,1.3715,3.1152,0.0,0.0,0.0,0.0,3.1151999999999997,1.3715000000000002,4.4867,4.4877
108,0.0176,0.0,0.0176,0.0032,1.0,0.0,0.906,0.0073,0.906,0.0,0.0,0.0,0.0,0.9059999999999999,0.007300000000000001,0.9132999999999999,0.9161
109,0.0392,0.0001,0.0393,0.0071,0.9974554707379134,0.002544529262086514,2.2296,0.0462,2.2295,0.0,0.0,0.0,0.0,2.2295,0.0462,2.2756999999999996,2.2773
110,0.0285,0.0,0.0285,0.0051,1.0,0.0,1.4667,0.0053,1.4665,0.0,0.0,0.0,0.0,1.4665,0.0053,1.4718,1.4744
111,0.0836,0.0005,0.0841,0.0151,0.9940546967895363,0.005945303210463734,5.0163,0.3296,5.0164,0.0001,0.0,0.0,0.0,5.016399999999999,0.3296,5.345999999999999,5.3436
112,0.0665,0.0034,0.0699,0.0126,0.9513590844062947,0.048640915593705286,3.4221,2.4199,3.4221,0.0,0.0,0.0,0.0,3.4221000000000004,2.4199,5.8420000000000005,5.8442
113,0.0731,0.0006,0.0737,0.0133,0.9918588873812754,0.008141112618724558,4.1535,0.4632,4.1534,0.0,0.0,0.0,0.0,4.1534,0.46320000000000006,4.6166,4.6151
114,0.0707,0.0,0.0707,0.0127,1.0,0.0,3.8181,0.0099,3.8182,0.0001,0.0,0.0,0.0,3.8182,0.0099,3.8281,3.8232
115,0.0178,0.0019,0.0196,0.0035,0.9081632653061225,0.09693877551020408,1.0092,1.2469,1.0092,0.0,0.0,0.0,0.0,1.0091999999999999,1.2469000000000001,2.2561,2.2553
116,0.0858,0.0,0.0858,0.0155,1.0,0.0,4.6341,0.0219,4.6341,0.0,0.0,0.0,0.0,4.6341,0.021900000000000003,4.656,4.6545
117,0.0543,0.0025,0.0568,0.0102,0.9559859154929577,0.04401408450704225,2.9331,1.4491,2.9331,0.0,0.0,0.0,0.0,2.9331,1.4491,4.3822,4.3845
118,0.03,0.0002,0.0302,0.0054,0.9933774834437086,0.006622516556291391,1.7058,0.1414,1.7058,0.0,0.0,0.0,0.0,1.7058,0.1414,1.8472,1.8501
119,0.0187,0.0023,0.021,0.0038,0.8904761904761905,0.10952380952380951,1.0092,1.3959,1.0092,0.0,0.0,0.0,0.0,1.0091999999999999,1.3959000000000001,2.4051,2.4012
120,0.0622,0.0002,0.0623,0.0112,0.9983948635634028,0.0032102728731942215,3.7293,0.1194,3.7293,0.0,0.0,0.0,0.0,3.7293000000000003,0.11939999999999999,3.8487000000000005,3.8477
121,0.0332,0.0001,0.0333,0.006,0.996996996996997,0.003003003003003003,1.7058,0.0632,1.7058,0.0,0.0,0.0,0.0,1.7058,0.0632,1.769,1.7689
122,0.0995,0.0003,0.0998,0.018,0.996993987975952,0.0030060120240480957,5.1177,0.198,5.1177,0.0,0.0,0.0,0.0,5.1177,0.198,5.3157000000000005,5.3168
123,0.031,0.0011,0.032,0.0058,0.96875,0.034375,1.6722,0.7303,1.6722,0.0,0.0,0.0,0.0,1.6722000000000001,0.7303,2.4025,2.4061
124,0.0663,0.0005,0.0668,0.012,0.9925149700598802,0.0074850299401197605,3.9804,0.2853,3.9804,0.0,0.0,0.0,0.0,3.9804,0.2853,4.2657,4.2698
125,0.0204,0.0001,0.0205,0.0037,0.9951219512195122,0.004878048780487805,1.1586,0.0768,1.1585,0.0,0.0,0.0,0.0,1.1585,0.07680000000000001,1.2353,1.2346
126,0.0789,0.0003,0.0792,0.0143,0.9962121212121211,0.003787878787878787,4.2621,0.1808,4.2621,0.0,0.0,0.0,0.0,4.2621,0.18080000000000002,4.4429,4.4449
127,0.031,0.0057,0.0367,0.0066,0.8446866485013623,0.1553133514986376,1.6722,3.6933,1.6721,0.0,0.0,0.0,0.0,1.6721,3.6933000000000002,5.3654,5.361
128,0.0848,0.0,0.0848,0.0153,1.0,0.0,4.3635,0.0024,4.3636,0.0001,0.0,0.0,0.0,4.3636,0.0024,4.366,4.3691
129,0.1014,0.0011,0.1024,0.0184,0.990234375,0.0107421875,5.2134,0.6877,5.2134,0.0,0.0,0.0,0.0,5.2134,0.6877,5.9011,5.8998
130,0.0673,0.0,0.0673,0.0121,1.0,0.0,4.0368,0.0168,4.0368,0.0,0.0,0.0,0.0,4.0367999999999995,0.016800000000000002,4.053599999999999,4.0566
131,0.0178,0.0,0.0178,0.0032,1.0,0.0,1.0656,0.0025,1.0656,0.0,0.0,0.0,0.0,1.0656,0.0025,1.0681,1.0635
132,0.0151,0.0,0.0151,0.0027,1.0,0.0,0.906,0.0106,0.906,0.0,0.0,0.0,0.0,0.9059999999999999,0.010599999999999998,0.9165999999999999,0.9119
133,0.0656,0.0016,0.0672,0.0121,0.9761904761904764,0.02380952380952381,3.7293,1.1772,3.7293,0.0,0.0,0.0,0.0,3.7293000000000003,1.1772,4.9065,4.9075
134,0.0563,0.0,0.0563,0.0101,1.0,0.0,2.8962,0.0054,2.8963,0.0001,0.0,0.0,0.0,2.8963,0.005399999999999999,2.9017,2.9064
135,0.029,0.0041,0.0331,0.006,0.8761329305135953,0.12386706948640486,1.7379,2.6634,1.7378,0.0,0.0,0.0,0.0,1.7378,2.6634,4.4012,4.4011
136,0.0372,0.0011,0.0383,0.0069,0.9712793733681461,0.028720626631853787,2.2296,0.7503,2.2296,0.0,0.0,0.0,0.0,2.2296,0.7503,2.9798999999999998,2.9803
137,0.0392,0.0,0.0393,0.0071,0.9974554707379134,0.0,2.0184,0.0063,2.0184,0.0,0.0,0.0,0.0,2.0183999999999997,0.0063,2.0246999999999997,2.0218
138,0.0676,0.0001,0.0676,0.0122,1.0,0.0014792899408284025,3.4755,0.0439,3.4756,0.0001,0.0,0.0,0.0,3.4756,0.0439,3.5195,3.5168
139,0.0636,0.0003,0.0639,0.0115,0.9953051643192489,0.004694835680751174,3.8181,0.1989,3.8182,0.0001,0.0,0.0,0.0,3.8181999999999996,0.19890000000000002,4.017099999999999,4.0193
140,0.0491,0.0,0.0491,0.0088,1.0,0.0,2.523,0.0329,2.523,0.0,0.0,0.0,0.0,2.5229999999999997,0.0329,2.5559,2.5586
141,0.065,0.0,0.065,0.0117,1.0,0.0,3.3444,0.0107,3.3443,0.0,0.0,0.0,0.0,3.3442999999999996,0.0107,3.3549999999999995,3.3501
142,0.0644,0.0012,0.0656,0.0118,0.9817073170731706,0.018292682926829264,3.4755,0.7908,3.4755,0.0,0.0,0.0,0.0,3.4755000000000003,0.7908,4.2663,4.2628
143,0.0639,0.0,0.064,0.0115,0.9984375,0.0,3.6342,0.0175,3.6343,0.0001,0.0,0.0,0.0,3.6343000000000005,0.0175,3.6518000000000006,3.6543
144,0.0842,0.0006,0.0848,0.0153,0.9929245283018867,0.007075471698113207,4.5489,0.35,4.549,0.0001,0.0,0.0,0.0,4.5489999999999995,0.35,4.898999999999999,4.8999
145,0.0196,0.0001,0.0197,0.0035,0.9949238578680203,0.005076142131979696,1.0092,0.0438,1.0092,0.0,0.0,0.0,0.0,1.0091999999999999,0.0438,1.053,1.0509
146,0.0325,0.0002,0.0327,0.0059,0.9938837920489297,0.0061162079510703364,1.6722,0.105,1.6722,0.0,0.0,0.0,0.0,1.6722000000000001,0.10500000000000001,1.7772000000000001,1.7731
147,0.0415,0.0001,0.0416,0.0075,0.997596153846154,0.002403846153846154,2.3574,0.0808,2.3574,0.0,0.0,0.0,0.0,2.3574,0.08080000000000001,2.4382,2.443
148,0.0543,0.0006,0.0549,0.0099,0.9890710382513662,0.01092896174863388,2.9331,0.4493,2.9331,0.0,0.0,0.0,0.0,2.9331,0.44930000000000003,3.3824,3.3776
149,0.0799,0.0,0.0799,0.0144,1.0,0.0,4.7949,0.0165,4.7948,0.0,0.0,0.0,0.0,4.7948,0.0165,4.8113,4.811
150,0.0789,0.0025,0.0814,0.0147,0.9692874692874692,0.030712530712530713,4.2621,1.8114,4.2621,0.0,0.0,0.0,0.0,4.2621,1.8114,6.0735,6.0756
151,0.0453,0.0,0.0453,0.0082,1.0,0.0,2.718,0.0315,2.718,0.0,0.0,0.0,0.0,2.718,0.0315,2.7495,2.7481
152,0.0789,0.0,0.0789,0.0142,1.0,0.0,4.2621,0.0025,4.2621,0.0,0.0,0.0,0.0,4.2621,0.0025,4.264600000000001,4.2657
153,0.0562,0.0002,0.0564,0.0102,0.9964539007092199,0.003546099290780142,3.1965,0.1232,3.1965,0.0,0.0,0.0,0.0,3.1964999999999995,0.1232,3.3196999999999997,3.3154
154,0.0589,0.0,0.0589,0.0106,1.0,0.0,3.0276,0.032,3.0276,0.0,0.0,0.0,0.0,3.0276000000000005,0.032,3.0596000000000005,3.0578
155,0.0519,0.0001,0.052,0.0094,0.9980769230769232,0.0019230769230769232,3.1152,0.0416,3.1151,0.0,0.0,0.0,0.0,3.1151,0.041600000000000005,3.1567,3.1522
156,0.02,0.0,0.02,0.0036,1.0,0.0,1.1373,0.0091,1.1372,0.0,0.0,0.0,0.0,1.1372,0.0091,1.1463,1.142
157,0.0338,0.0002,0.034,0.0061,0.9941176470588233,0.0058823529411764705,1.7379,0.1195,1.7379,0.0,0.0,0.0,0.0,1.7379000000000002,0.1195,1.8574000000000002,1.8611
158,0.0545,0.0001,0.0547,0.0098,0.9963436928702011,0.0018281535648994518,3.2727,0.0932,3.2727,0.0,0.0,0.0,0.0,3.2727,0.0932,3.3659,3.3641
159,0.0808,0.0002,0.081,0.0146,0.9975308641975308,0.0024691358024691358,4.1535,0.1403,4.1535,0.0,0.0,0.0,0.0,4.1535,0.14029999999999998,4.2938,4.29
160,0.0688,0.0,0.0688,0.0124,1.0,0.0,4.1256,0.0233,4.1255,0.0,0.0,0.0,0.0,4.1255,0.0233,4.1488,4.1476
161,0.0691,0.0,0.0691,0.0124,1.0,0.0,3.7293,0.0128,3.7293,0.0,0.0,0.0,0.0,3.7293000000000003,0.0128,3.7421,3.7447
162,0.0639,0.0056,0.0695,0.0125,0.9194244604316546,0.08057553956834532,3.6342,3.0951,3.6344,0.0002,0.0,0.0,0.0,3.6344000000000003,3.0951,6.7295,6.7274
163,0.0362,0.0029,0.0391,0.007,0.9258312020460359,0.07416879795396418,1.9554,2.0671,1.9554,0.0,0.0,0.0,0.0,1.9554,2.0671,4.0225,4.0224
164,0.026,0.0,0.026,0.0047,1.0,0.0,1.5576,0.0169,1.5576,0.0,0.0,0.0,0.0,1.5575999999999999,0.0169,1.5744999999999998,1.5777
165,0.0909,0.0,0.0909,0.0164,1.0,0.0,4.6728,0.002,4.6727,0.0,0.0,0.0,0.0,4.6727,0.002,4.6747,4.6726
166,0.0288,0.0005,0.0294,0.0053,0.9795918367346939,0.017006802721088437,1.5576,0.3678,1.5576,0.0,0.0,0.0,0.0,1.5575999999999999,0.3678,1.9253999999999998,1.922
167,0.0252,0.0,0.0253,0.0045,0.9960474308300395,0.0,1.5138,0.0205,1.5138,0.0,0.0,0.0,0.0,1.5138000000000003,0.0205,1.5343000000000002,1.5303
168,0.0581,0.0019,0.06,0.0108,0.9683333333333334,0.03166666666666667,3.3021,1.395,3.3021,0.0,0.0,0.0,0.0,3.3021000000000003,1.395,4.697100000000001,4.6965
169,0.0622,0.0,0.0622,0.0112,1.0,0.0,3.1965,0.0226,3.1965,0.0,0.0,0.0,0.0,3.1964999999999995,0.0226,3.2190999999999996,3.2239
170,0.0883,0.0003,0.0886,0.016,0.9966139954853274,0.003386004514672686,4.5414,0.2256,4.5415,0.0001,0.0,0.0,0.0,4.5415,0.22560000000000002,4.7671,4.7699
171,0.0478,0.001,0.0488,0.0088,0.9795081967213115,0.020491803278688523,2.718,0.7233,2.7179,0.0,0.0,0.0,0.0,2.7179,0.7233,3.4412000000000003,3.4433
172,0.055,0.0,0.055,0.0099,1.0,0.0,3.3021,0.0034,3.3022,0.0001,0.0,0.0,0.0,3.3022,0.0034000000000000002,3.3056,3.3101
173,0.0731,0.0001,0.0731,0.0132,1.0,0.0013679890560875515,4.1535,0.0427,4.1535,0.0,0.0,0.0,0.0,4.1535,0.0427,4.1962,4.1939
174,0.0455,0.0001,0.0456,0.0082,0.9978070175438596,0.0021929824561403508,2.7273,0.0577,2.7273,0.0,0.0,0.0,0.0,2.7273,0.0577,2.785,2.7832
175,0.0563,0.0,0.0563,0.0101,1.0,0.0,2.8962,0.0091,2.8963,0.0001,0.0,0.0,0.0,2.8963,0.0091,2.9054,2.9037
176,0.0176,0.0,0.0176,0.0032,1.0,0.0,0.906,0.0091,0.906,0.0,0.0,0.0,0.0,0.9059999999999999,0.0091,0.9150999999999999,0.919
177,0.0457,0.0019,0.0476,0.0086,0.9600840336134453,0.03991596638655462,2.5959,1.2075,2.596,0.0001,0.0,0.0,0.0,2.596,1.2075,3.8035,3.8052
178,0.0841,0.0,0.0841,0.0151,1.0,0.0,4.5414,0.0031,4.5414,0.0,0.0,0.0,0.0,4.5414,0.0031000000000000003,4.5445,4.5428
179,0.0364,0.0017,0.0381,0.0069,0.9553805774278216,0.04461942257217847,2.1819,1.1108,2.1818,0.0,0.0,0.0,0.0,2.1818,1.1108,3.2926,3.2953
180,0.0883,0.0001,0.0884,0.0159,0.998868778280543,0.0011312217194570135,4.5414,0.0761,4.5414,0.0,0.0,0.0,0.0,4.5414,0.0761,4.617500000000001,4.6146
181,0.0747,0.0031,0.0778,0.014,0.9601542416452443,0.03984575835475578,4.2456,2.2156,4.2456,0.0,0.0,0.0,0.0,4.2456,2.2156000000000002,6.4612,6.466
182,0.0527,0.0001,0.0527,0.0095,1.0,0.0018975332068311198,2.8431,0.0435,2.8431,0.0,0.0,0.0,0.0,2.8430999999999997,0.043500000000000004,2.8865999999999996,2.8817
183,0.0917,0.0,0.0917,0.0165,1.0,0.0,5.2134,0.0086,5.2133,0.0,0.0,0.0,0.0,5.2133,0.0086,5.221900000000001,5.2215
184,0.0493,0.0001,0.0495,0.0089,0.9959595959595958,0.00202020202020202,2.6637,0.0843,2.6638,0.0001,0.0,0.0,0.0,2.6638,0.0843,2.7481,2.7465
185,0.0266,0.0001,0.0268,0.0048,0.9925373134328357,0.0037313432835820895,1.5138,0.1036,1.5138,0.0,0.0,0.0,0.0,1.5138000000000003,0.10360000000000001,1.6174000000000002,1.6148
186,0.0799,0.0001,0.08,0.0144,0.9987499999999999,0.00125,4.7949,0.054,4.7949,0.0,0.0,0.0,0.0,4.7949,0.054000000000000006,4.8489,4.8444
187,0.0622,0.0003,0.0624,0.0112,0.9967948717948718,0.004807692307692307,3.1965,0.1826,3.1966,0.0001,0.0,0.0,0.0,3.1966,0.18259999999999998,3.3792,3.3787
188,0.0344,0.0002,0.0346,0.0062,0.9942196531791908,0.005780346820809249,1.7682,0.155,1.7681,0.0,0.0,0.0,0.0,1.7681,0.155,1.9231,1.9255
189,0.0457,0.0,0.0457,0.0082,1.0,0.0,2.5959,0.0056,2.5959,0.0,0.0,0.0,0.0,2.5959,0.0056,2.6014999999999997,2.6057
190,0.0244,0.0001,0.0245,0.0044,0.9959183673469388,0.004081632653061225,1.4667,0.0663,1.4665,0.0,0.0,0.0,0.0,1.4665,0.0663,1.5328,1.531
191,0.0687,0.0001,0.0688,0.0124,0.998546511627907,0.0014534883720930232,3.5322,0.0616,3.5322,0.0,0.0,0.0,0.0,3.5322,0.0616,3.5938,3.5888
192,0.0822,0.0001,0.0823,0.0148,0.9987849331713244,0.0012150668286755773,4.6728,0.0421,4.6728,0.0,0.0,0.0,0.0,4.6728000000000005,0.0421,4.7149,4.7134
193,0.0764,0.0025,0.0789,0.0142,0.9683143219264893,0.031685678073510776,4.1256,1.8264,4.1256,0.0,0.0,0.0,0.0,4.1256,1.8264,5.952,5.9518
194,0.0272,0.0012,0.0284,0.0051,0.9577464788732394,0.042253521126760556,1.4667,0.8125,1.4666,0.0,0.0,0.0,0.0,1.4666000000000001,0.8125,2.2791,2.2788
195,0.0249,0.0013,0.0262,0.0047,0.9503816793893128,0.049618320610687015,1.4151,0.8361,1.4151,0.0,0.0,0.0,0.0,1.4151,0.8361000000000001,2.2512,2.2532
196,0.0314,0.0001,0.0316,0.0057,0.9936708860759492,0.0031645569620253164,1.887,0.0857,1.887,0.0,0.0,0.0,0.0,1.887,0.0857,1.9727000000000001,1.9723
197,0.0404,0.0016,0.042,0.0076,0.9619047619047618,0.03809523809523809,2.1819,0.9575,2.1819,0.0,0.0,0.0,0.0,2.1818999999999997,0.9575,3.1393999999999997,3.1382
198,0.0457,0.0056,0.0513,0.0092,0.8908382066276803,0.1091617933723197,2.5959,3.4289,2.5959,0.0,0.0,0.0,0.0,2.5959,3.4289,6.0248,6.0227
199,0.0474,0.0034,0.0508,0.0091,0.9330708661417323,0.06692913385826771,2.8431,2.2321,2.8431,0.0,0.0,0.0,0.0,2.8430999999999997,2.2321,5.0752,5.0769
200,0.0491,0.0,0.0491,0.0088,1.0,0.0,2.523,0.0012,2.523,0.0,0.0,0.0,0.0,2.5229999999999997,0.0012000000000000001,2.5241999999999996,2.5233
201,0.0505,0.0,0.0505,0.0091,1.0,0.0,2.5959,0.0124,2.5959,0.0,0.0,0.0,0.0,2.5959,0.0124,2.6083,2.6132
202,0.0764,0.0,0.0764,0.0138,1.0,0.0,4.1256,0.0054,4.1256,0.0,0.0,0.0,0.0,4.1256,0.0054,4.131,4.1312
203,0.0888,0.0001,0.0889,0.016,0.998875140607424,0.001124859392575928,4.7949,0.0678,4.7949,0.0,0.0,0.0,0.0,4.7949,0.0678,4.8627,4.8658
204,0.0469,0.0004,0.0473,0.0085,0.9915433403805496,0.008456659619450317,2.6637,0.315,2.6637,0.0,0.0,0.0,0.0,2.6637,0.315,2.9787,2.9818
205,0.0288,0.0002,0.029,0.0052,0.9931034482758619,0.006896551724137931,1.5576,0.1026,1.5575,0.0,0.0,0.0,0.0,1.5575,0.1026,1.6601000000000001,1.6563
206,0.0699,0.0022,0.0721,0.013,0.969486823855756,0.03051317614424411,3.774,1.4222,3.7739,0.0,0.0,0.0,0.0,3.7739000000000003,1.4222,5.1961,5.1998
207,0.0168,0.0,0.0169,0.003,0.9940828402366865,0.0,1.0092,0.0281,1.0092,0.0,0.0,0.0,0.0,1.0091999999999999,0.0281,1.0372999999999999,1.0344
208,0.0723,0.0005,0.0728,0.0131,0.9931318681318682,0.006868131868131868,3.9018,0.3455,3.9018,0.0,0.0,0.0,0.0,3.9017999999999997,0.34550000000000003,4.2473,4.2457
209,0.0671,0.0004,0.0675,0.0121,0.9940740740740741,0.005925925925925926,3.624,0.2283,3.6239,0.0,0.0,0.0,0.0,3.6239,0.2283,3.8522,3.8493
210,0.0528,0.0,0.0529,0.0095,0.998109640831758,0.0,3.171,0.0025,3.1709,0.0,0.0,0.0,0.0,3.1709,0.0025,3.1734,3.1769
211,0.0163,0.0,0.0163,0.0029,1.0,0.0,0.9777,0.0149,0.9777,0.0,0.0,0.0,0.0,0.9777,0.0149,0.9926,0.9911
212,0.0621,0.0036,0.0658,0.0118,0.9437689969604864,0.0547112462006079,3.5322,2.1273,3.5322,0.0,0.0,0.0,0.0,3.5322,2.1273,5.6594999999999995,5.662
213,0.0516,0.0031,0.0547,0.0098,0.943327239488117,0.056672760511883,2.787,2.1978,2.787,0.0,0.0,0.0,0.0,2.787,2.1978,4.9848,4.9805
214,0.0344,0.0,0.0344,0.0062,1.0,0.0,1.7682,0.0097,1.7681,0.0,0.0,0.0,0.0,1.7681,0.0097,1.7778,1.7733
215,0.029,0.0,0.029,0.0052,1.0,0.0,1.7379,0.0096,1.7378,0.0,0.0,0.0,0.0,1.7378,0.009600000000000001,1.7474,1.7504
216,0.019,0.0001,0.0191,0.0034,0.9947643979057592,0.005235602094240838,0.9777,0.0404,0.9777,0.0,0.0,0.0,0.0,0.9777,0.040400000000000005,1.0181,1.0157
217,0.0518,0.0,0.0518,0.0093,1.0,0.0,2.6637,0.0248,2.6637,0.0,0.0,0.0,0.0,2.6637,0.0248,2.6885,2.6841
218,0.0579,0.0008,0.0587,0.0106,0.9863713798977853,0.013628620102214651,3.4755,0.5737,3.4755,0.0,0.0,0.0,0.0,3.4755000000000003,0.5737000000000001,4.049200000000001,4.0532
219,0.0546,0.0,0.0546,0.0098,1.0,0.0,2.9469,0.0147,2.9468,0.0,0.0,0.0,0.0,2.9467999999999996,0.014700000000000001,2.9614999999999996,2.9566
220,0.065,0.0013,0.0663,0.0119,0.9803921568627452,0.0196078431372549,3.3444,0.9394,3.3444,0.0,0.0,0.0,0.0,3.3444000000000003,0.9394,4.2838,4.2861
221,0.0562,0.0037,0.0599,0.0108,0.9382303839732888,0.06176961602671119,3.1965,2.5115,3.1965,0.0,0.0,0.0,0.0,3.1964999999999995,2.5115000000000003,5.708,5.7125
222,0.0332,0.0015,0.0346,0.0062,0.9595375722543353,0.04335260115606936,1.7058,1.0535,1.7059,0.0001,0.0,0.0,0.0,1.7059,1.0535,2.7594000000000003,2.7596
223,0.0392,0.0001,0.0393,0.0071,0.9974554707379134,0.002544529262086514,2.2296,0.0496,2.2295,0.0,0.0,0.0,0.0,2.2295,0.049600000000000005,2.2790999999999997,2.2809
224,0.0365,0.0038,0.0404,0.0073,0.9034653465346535,0.09405940594059406,2.0766,2.3385,2.0766,0.0,0.0,0.0,0.0,2.0766,2.3385,4.4151,4.4199
225,0.0327,0.0011,0.0339,0.0061,0.9646017699115045,0.032448377581120944,1.7682,0.7497,1.768,0.0,0.0,0.0,0.0,1.7680000000000002,0.7497,2.5177000000000005,2.5194
226,0.0374,0.0,0.0374,0.0067,1.0,0.0,2.0184,0.0035,2.0184,0.0,0.0,0.0,0.0,2.0183999999999997,0.0035000000000000005,2.0218999999999996,2.0229
227,0.031,0.0,0.031,0.0056,1.0,0.0,1.6722,0.0299,1.6721,0.0,0.0,0.0,0.0,1.6721,0.0299,1.702,1.7052
228,0.0774,0.002,0.0794,0.0143,0.9748110831234257,0.02518891687657431,4.3998,1.2003,4.3998,0.0,0.0,0.0,0.0,4.3998,1.2003,5.600099999999999,5.6036
229,0.0676,0.0,0.0676,0.0122,1.0,0.0,3.4755,0.029,3.4755,0.0,0.0,0.0,0.0,3.4755000000000003,0.028999999999999998,3.5045,3.5008
230,0.0364,0.0001,0.0364,0.0066,1.0,0.002747252747252747,2.1819,0.0348,2.1818,0.0,0.0,0.0,0.0,2.1818,0.0348,2.2166,2.2182
231,0.0262,0.0,0.0262,0.0047,1.0,0.0,1.4151,0.0018,1.4152,0.0001,0.0,0.0,0.0,1.4152,0.0018,1.417,1.4217
232,0.0503,0.0017,0.052,0.0094,0.9673076923076923,0.032692307692307694,2.718,1.0747,2.718,0.0,0.0,0.0,0.0,2.718,1.0747,3.7927,3.7898
233,0.0472,0.0001,0.0473,0.0085,0.9978858350951374,0.0021141649048625794,2.8305,0.0741,2.8305,0.0,0.0,0.0,0.0,2.8305,0.0741,2.9046,2.9032
234,0.0737,0.0004,0.0741,0.0133,0.9946018893387315,0.005398110661268557,3.9804,0.2309,3.9804,0.0,0.0,0.0,0.0,3.9804,0.2309,4.2113,4.2121
235,0.0352,0.0012,0.0365,0.0066,0.9643835616438358,0.03287671232876712,1.812,0.822,1.8119,0.0,0.0,0.0,0.0,1.8119,0.8220000000000001,2.6339,2.6344
236,0.071,0.0,0.071,0.0128,1.0,0.0,4.0368,0.0093,4.0368,0.0,0.0,0.0,0.0,4.0367999999999995,0.009300000000000001,4.046099999999999,4.0456
237,0.0734,0.0,0.0734,0.0132,1.0,0.0,3.774,0.0039,3.774,0.0,0.0,0.0,0.0,3.774,0.0039,3.7779,3.7812
238,0.0884,0.0002,0.0886,0.016,0.997742663656885,0.0022573363431151244,5.3043,0.1442,5.3043,0.0,0.0,0.0,0.0,5.3043,0.1442,5.448499999999999,5.4532
239,0.0163,0.0,0.0163,0.0029,1.0,0.0,0.9777,0.0109,0.9777,0.0,0.0,0.0,0.0,0.9777,0.0109,0.9886,0.9864
240,0.0467,0.0,0.0467,0.0084,1.0,0.0,2.523,0.006,2.5231,0.0001,0.0,0.0,0.0,2.5231,0.006,2.5290999999999997,2.5259
241,0.0294,0.0001,0.0295,0.0053,0.9966101694915255,0.0033898305084745766,1.5138,0.0417,1.5138,0.0,0.0,0.0,0.0,1.5138000000000003,0.0417,1.5555000000000003,1.5571
242,0.0202,0.0006,0.0207,0.0037,0.9758454106280193,0.02898550724637681,1.0383,0.3997,1.0383,0.0,0.0,0.0,0.0,1.0383,0.3997,1.438,1.4417
243,0.0621,0.0,0.0621,0.0112,1.0,0.0,3.5322,0.0021,3.5322,0.0,0.0,0.0,0.0,3.5322,0.0021,3.5343,3.5335
244,0.0318,0.0001,0.0319,0.0057,0.9968652037617556,0.0031347962382445144,1.6365,0.0786,1.6363,0.0,0.0,0.0,0.0,1.6362999999999999,0.0786,1.7148999999999999,1.7163
245,0.0393,0.0004,0.0397,0.0071,0.9899244332493703,0.010075566750629724,2.3574,0.2615,2.3574,0.0,0.0,0.0,0.0,2.3574,0.2615,2.6189,2.619
246,0.0385,0.0001,0.0386,0.0069,0.9974093264248703,0.0025906735751295338,2.0766,0.0942,2.0767,0.0001,0.0,0.0,0.0,2.0767,0.0942,2.1709,2.175
247,0.0844,0.0033,0.0877,0.0158,0.9623717217787914,0.037628278221208664,4.7949,2.1733,4.7948,0.0,0.0,0.0,0.0,4.7948,2.1733,6.9681,6.9722
248,0.0408,0.0001,0.0408,0.0074,1.0,0.0024509803921568627,2.3172,0.0535,2.3172,0.0,0.0,0.0,0.0,2.3171999999999997,0.053500000000000006,2.3707,2.3701
249,0.0392,0.0009,0.0401,0.0072,0.9775561097256859,0.022443890274314215,2.0184,0.5627,2.0184,0.0,0.0,0.0,0.0,2.0183999999999997,0.5627,2.5810999999999997,2.5852
250,0.0404,0.0003,0.0407,0.0073,0.9926289926289926,0.00737100737100737,2.1819,0.1605,2.1817,0.0,0.0,0.0,0.0,2.1816999999999998,0.1605,2.3421999999999996,2.3453
251,0.0322,0.0019,0.0341,0.0061,0.9442815249266863,0.05571847507331379,1.7379,1.4038,1.7379,0.0,0.0,0.0,0.0,1.7379000000000002,1.4038,3.1417,3.1405
252,0.0197,0.0001,0.0198,0.0036,0.9949494949494948,0.00505050505050505,1.0656,0.0419,1.0656,0.0,0.0,0.0,0.0,1.0656,0.04190000000000001,1.1075000000000002,1.111
253,0.0561,0.0002,0.0563,0.0101,0.9964476021314386,0.003552397868561279,3.0276,0.1322,3.0276,0.0,0.0,0.0,0.0,3.0276000000000005,0.13219999999999998,3.1598000000000006,3.1552
254,0.0726,0.0001,0.0727,0.0131,0.998624484181568,0.001375515818431912,4.1256,0.0685,4.1256,0.0,0.0,0.0,0.0,4.1256,0.06849999999999999,4.194100000000001,4.1985
255,0.0982,0.0001,0.0983,0.0177,0.9989827060020345,0.001017293997965412,5.3043,0.0667,5.3043,0.0,0.0,0.0,0.0,5.3043,0.06670000000000001,5.3709999999999996,5.3737
256,0.0207,0.0006,0.0214,0.0038,0.9672897196261683,0.028037383177570093,1.1787,0.376,1.1787,0.0,0.0,0.0,0.0,1.1787,0.376,1.5547,1.5508
257,0.0475,0.0006,0.0481,0.0087,0.9875259875259876,0.012474012474012473,2.4444,0.4346,2.4443,0.0,0.0,0.0,0.0,2.4443,0.4346,2.8789000000000002,2.8813
258,0.0629,0.0016,0.0645,0.0116,0.9751937984496123,0.024806201550387597,3.774,0.9718,3.774,0.0,0.0,0.0,0.0,3.774,0.9718,4.7458,4.7475
259,0.0619,0.0002,0.0621,0.0112,0.9967793880837358,0.00322061191626409,3.3444,0.1018,3.3444,0.0,0.0,0.0,0.0,3.3444000000000003,0.1018,3.4462,3.4454
260,0.0217,0.0002,0.0219,0.0039,0.9908675799086758,0.009132420091324202,1.1148,0.1572,1.1148,0.0,0.0,0.0,0.0,1.1148,0.1572,1.272,1.2765
261,0.0883,0.0,0.0883,0.0159,1.0,0.0,4.5414,0.0111,4.5415,0.0001,0.0,0.0,0.0,4.5415,0.0111,4.5526,4.5569
262,0.0444,0.0,0.0444,0.008,1.0,0.0,2.6637,0.0019,2.6637,0.0,0.0,0.0,0.0,2.6637,0.0019,2.6656,2.6616
263,0.0671,0.0021,0.0692,0.0125,0.9696531791907516,0.030346820809248554,3.624,1.5017,3.6239,0.0,0.0,0.0,0.0,3.6239,1.5017,5.1256,5.1273
264,0.0829,0.0002,0.0831,0.015,0.9975932611311674,0.002406738868832732,4.7148,0.1243,4.7148,0.0,0.0,0.0,0.0,4.7148,0.1243,4.8391,4.8349
265,0.0622,0.0007,0.0628,0.0113,0.9904458598726115,0.011146496815286625,3.7293,0.4329,3.7293,0.0,0.0,0.0,0.0,3.7293000000000003,0.4329,4.1622,4.1646
266,0.0858,0.0001,0.0859,0.0155,0.9988358556461001,0.0011641443538998836,4.6341,0.075,4.6341,0.0,0.0,0.0,0.0,4.6341,0.075,4.7091,4.7062
267,0.0459,0.0,0.0459,0.0083,1.0,0.0,2.3586,0.0013,2.3586,0.0,0.0,0.0,0.0,2.3586,0.0013,2.3599,2.3567
268,0.0284,0.0,0.0284,0.0051,1.0,0.0,1.7058,0.0052,1.7059,0.0001,0.0,0.0,0.0,1.7059,0.0052,1.7111,1.7145
269,0.0458,0.0057,0.0515,0.0093,0.8893203883495147,0.11067961165048544,2.3574,4.1074,2.3574,0.0,0.0,0.0,0.0,2.3574,4.1074,6.4648,6.4645
270,0.031,0.0001,0.0311,0.0056,0.9967845659163987,0.0032154340836012866,1.6722,0.0482,1.6722,0.0,0.0,0.0,0.0,1.6722000000000001,0.0482,1.7204000000000002,1.7207
271,0.0444,0.0,0.0444,0.008,1.0,0.0,2.523,0.0039,2.5231,0.0001,0.0,0.0,0.0,2.5231,0.0039,2.5269999999999997,2.5316
272,0.0519,0.0,0.0519,0.0093,1.0,0.0,3.1152,0.0016,3.1152,0.0,0.0,0.0,0.0,3.1151999999999997,0.0015999999999999999,3.1167999999999996,3.1215
273,0.0344,0.0001,0.0345,0.0062,0.9971014492753623,0.002898550724637681,1.7682,0.0569,1.7682,0.0,0.0,0.0,0.0,1.7682000000000002,0.0569,1.8251000000000002,1.8279
274,0.0444,0.001,0.0454,0.0082,0.9779735682819383,0.02202643171806167,2.523,0.5815,2.523,0.0,0.0,0.0,0.0,2.5229999999999997,0.5815,3.1045,3.1055
275,0.0192,0.002,0.0213,0.0038,0.9014084507042253,0.09389671361502348,1.0383,1.236,1.0383,0.0,0.0,0.0,0.0,1.0383,1.236,2.2743,2.2697
276,0.0516,0.0005,0.0521,0.0094,0.9904030710172744,0.009596928982725529,2.9331,0.3807,2.9331,0.0,0.0,0.0,0.0,2.9331,0.3807,3.3138,3.3148
277,0.044,0.0,0.0441,0.0079,0.9977324263038548,0.0,2.265,0.0216,2.265,0.0,0.0,0.0,0.0,2.265,0.0216,2.2866,2.2892
278,0.0163,0.0006,0.0169,0.003,0.9644970414201184,0.03550295857988166,0.9777,0.4253,0.9777,0.0,0.0,0.0,0.0,0.9777,0.4253,1.403,1.3986
279,0.0288,0.002,0.0308,0.0055,0.935064935064935,0.06493506493506493,1.6365,1.2523,1.6364,0.0,0.0,0.0,0.0,1.6364,1.2523,2.8887,2.8911
280,0.0355,0.0009,0.0364,0.0065,0.9752747252747251,0.024725274725274724,2.0184,0.5882,2.0185,0.0001,0.0,0.0,0.0,2.0185,0.5882,2.6067,2.6044
281,0.0175,0.0001,0.0176,0.0032,0.9943181818181819,0.005681818181818182,0.9435,0.0601,0.9435,0.0,0.0,0.0,0.0,0.9435,0.0601,1.0036,0.9999
282,0.0545,0.0,0.0546,0.0098,0.9981684981684981,0.0,3.2727,0.007,3.2727,0.0,0.0,0.0,0.0,3.2727,0.007,3.2797,3.281
283,0.0793,0.0013,0.0806,0.0145,0.9838709677419354,0.016129032258064516,4.077,0.8748,4.0769,0.0,0.0,0.0,0.0,4.0769,0.8748,4.951700000000001,4.9523
284,0.0802,0.0,0.0802,0.0144,1.0,0.0,4.1256,0.0138,4.1255,0.0,0.0,0.0,0.0,4.125500000000001,0.0138,4.1393,4.1363
285,0.0266,0.0018,0.0284,0.0051,0.936619718309859,0.06338028169014084,1.5138,1.142,1.5138,0.0,0.0,0.0,0.0,1.5138000000000003,1.142,2.6558,2.6595
286,0.0444,0.0,0.0444,0.008,1.0,0.0,2.6637,0.0024,2.6638,0.0001,0.0,0.0,0.0,2.6638,0.0024000000000000002,2.6662000000000003,2.6698
287,0.0672,0.0037,0.0709,0.0128,0.9478138222849082,0.05218617771509168,3.8181,2.4028,3.8181,0.0,0.0,0.0,0.0,3.8181,2.4028,6.2209,6.2198
288,0.0178,0.0002,0.018,0.0032,0.9888888888888889,0.011111111111111113,1.0656,0.1406,1.0655,0.0,0.0,0.0,0.0,1.0655000000000001,0.1406,1.2061000000000002,1.2022
289,0.0413,0.004,0.0453,0.0082,0.9116997792494482,0.08830022075055188,2.2296,2.3523,2.2296,0.0,0.0,0.0,0.0,2.2296,2.3522999999999996,4.581899999999999,4.5857
290,0.071,0.0047,0.0757,0.0136,0.937912813738441,0.062087186261558784,4.0368,3.0725,4.0368,0.0,0.0,0.0,0.0,4.0367999999999995,3.0725,7.109299999999999,7.1118
291,0.0225,0.0,0.0225,0.0041,1.0,0.0,1.1586,0.0052,1.1586,0.0,0.0,0.0,0.0,1.1585999999999999,0.0052,1.1638,1.1596
292,0.0493,0.0001,0.0494,0.0089,0.9979757085020242,0.0020242914979757085,2.6637,0.0328,2.6638,0.0001,0.0,0.0,0.0,2.6638,0.032799999999999996,2.6966,2.6988
293,0.0474,0.0003,0.0476,0.0086,0.995798319327731,0.006302521008403361,2.8431,0.1732,2.8431,0.0,0.0,0.0,0.0,2.8430999999999997,0.17320000000000002,3.0162999999999998,3.0142
294,0.0688,0.0001,0.0689,0.0124,0.9985486211901305,0.001451378809869376,3.5361,0.072,3.5361,0.0,0.0,0.0,0.0,3.5361000000000002,0.072,3.6081000000000003,3.6074
295,0.0493,0.0015,0.0509,0.0092,0.968565815324165,0.029469548133595286,2.6637,1.0192,2.6637,0.0,0.0,0.0,0.0,2.6637,1.0191999999999999,3.6829,3.6846
296,0.0186,0.005,0.0236,0.0042,0.788135593220339,0.21186440677966104,1.1148,3.2805,1.1147,0.0,0.0,0.0,0.0,1.1147,3.2805,4.3952,4.3969
297,0.0815,0.0,0.0815,0.0147,1.0,0.0,4.6341,0.0074,4.6341,0.0,0.0,0.0,0.0,4.6341,0.0073999999999999995,4.6415,4.6425
298,0.038,0.0,0.038,0.0068,1.0,0.0,1.9554,0.0036,1.9555,0.0001,0.0,0.0,0.0,1.9555000000000002,0.0036,1.9591000000000003,1.9564
299,0.0619,0.0024,0.0643,0.0116,0.9626749611197511,0.03732503888024883,3.3444,1.7188,3.3443,0.0,0.0,0.0,0.0,3.3442999999999996,1.7188,5.0630999999999995,5.0586
300,0.0621,0.0015,0.0637,0.0115,0.9748822605965463,0.02354788069073783,3.5322,1.0504,3.5322,0.0,0.0,0.0,0.0,3.5322,1.0504,4.5826,4.5777
301,0.0748,0.0006,0.0754,0.0136,0.9920424403183026,0.007957559681697613,4.0368,0.3749,4.0368,0.0,0.0,0.0,0.0,4.0367999999999995,0.3749,4.4117,4.407
302,0.0686,0.0016,0.0703,0.0127,0.9758179231863442,0.02275960170697013,3.9018,0.9814,3.9018,0.0,0.0,0.0,0.0,3.9017999999999997,0.9814,4.8831999999999995,4.8826
303,0.0202,0.0,0.0202,0.0036,1.0,0.0,1.0383,0.0081,1.0383,0.0,0.0,0.0,0.0,1.0383,0.0081,1.0464,1.0479
304,0.0611,0.0045,0.0657,0.0118,0.9299847792998479,0.0684931506849315,3.4755,2.6569,3.4755,0.0,0.0,0.0,0.0,3.4755000000000003,2.6569000000000003,6.1324000000000005,6.1348
305,0.0336,0.0036,0.0372,0.0067,0.9032258064516129,0.09677419354838711,2.0184,2.5936,2.0184,0.0,0.0,0.0,0.0,2.0183999999999997,2.5936,4.612,4.6144
306,0.043,0.0,0.043,0.0077,1.0,0.0,2.4444,0.0016,2.4443,0.0,0.0,0.0,0.0,2.4443,0.0015999999999999999,2.4459,2.4421
307,0.0207,0.0003,0.0211,0.0038,0.9810426540284359,0.014218009478672983,1.0656,0.2109,1.0656,0.0,0.0,0.0,0.0,1.0656,0.21090000000000003,1.2765000000000002,1.2765
308,0.0933,0.0001,0.0934,0.0168,0.9989293361884368,0.0010706638115631692,5.3043,0.0383,5.3042,0.0,0.0,0.0,0.0,5.3042,0.0383,5.342499999999999,5.3407
309,0.06,0.0,0.0601,0.0108,0.9983361064891847,0.0,3.4119,0.0292,3.4119,0.0,0.0,0.0,0.0,3.4119,0.0292,3.4411,3.4399
310,0.0352,0.0001,0.0353,0.0064,0.9971671388101984,0.0028328611898017,1.812,0.037,1.812,0.0,0.0,0.0,0.0,1.8119999999999998,0.037,1.8489999999999998,1.8444
311,0.0196,0.0,0.0197,0.0035,0.9949238578680203,0.0,1.0092,0.0245,1.0092,0.0,0.0,0.0,0.0,1.0091999999999999,0.0245,1.0336999999999998,1.0315
312,0.0632,0.0044,0.0676,0.0122,0.9349112426035505,0.06508875739644972,3.4119,2.703,3.4119,0.0,0.0,0.0,0.0,3.4119,2.7030000000000003,6.1149000000000004,6.1189
313,0.0469,0.0034,0.0502,0.009,0.9342629482071713,0.06772908366533864,2.6637,2.427,2.6638,0.0001,0.0,0.0,0.0,2.6638,2.427,5.0908,5.0886
314,0.038,0.0,0.038,0.0068,1.0,0.0,1.9554,0.0079,1.9554,0.0,0.0,0.0,0.0,1.9554,0.007899999999999999,1.9633,1.9595
315,0.0699,0.0,0.0699,0.0126,1.0,0.0,3.774,0.0012,3.774,0.0,0.0,0.0,0.0,3.774,0.0012000000000000001,3.7752,3.7715
316,0.0218,0.004,0.0258,0.0047,0.8449612403100775,0.15503875968992248,1.1787,2.383,1.1787,0.0,0.0,0.0,0.0,1.1787,2.383,3.5617,3.5637
317,0.0815,0.0039,0.0854,0.0154,0.9543325526932084,0.045667447306791564,4.6341,2.5564,4.6341,0.0,0.0,0.0,0.0,4.6341,2.5564,7.1905,7.1924
318,0.09,0.0,0.0901,0.0162,0.9988901220865705,0.0,5.1177,0.017,5.1176,0.0,0.0,0.0,0.0,5.1175999999999995,0.017,5.1346,5.1301
319,0.0826,0.0011,0.0837,0.0151,0.9868578255675031,0.013142174432497015,4.4592,0.7766,4.4591,0.0,0.0,0.0,0.0,4.459099999999999,0.7766,5.2357,5.2349
320,0.0673,0.0045,0.0718,0.0129,0.9373259052924791,0.06267409470752089,3.6342,2.7327,3.6342,0.0,0.0,0.0,0.0,3.6342,2.7327,6.366899999999999,6.3687
321,0.0562,0.0003,0.0566,0.0102,0.9929328621908128,0.005300353356890459,3.1965,0.188,3.1965,0.0,0.0,0.0,0.0,3.1964999999999995,0.188,3.3844999999999996,3.3804
322,0.0433,0.0001,0.0434,0.0078,0.9976958525345622,0.002304147465437788,2.5959,0.0687,2.5959,0.0,0.0,0.0,0.0,2.5959,0.0687,2.6646,2.6683
323,0.0622,0.0,0.0622,0.0112,1.0,0.0,3.1965,0.0135,3.1966,0.0001,0.0,0.0,0.0,3.1966,0.013499999999999998,3.2101,3.2119
324,0.0757,0.0005,0.0762,0.0137,0.9934383202099738,0.006561679790026247,4.5414,0.3691,4.5414,0.0,0.0,0.0,0.0,4.5414,0.3691,4.910500000000001,4.9072
325,0.06,0.0013,0.0613,0.011,0.9787928221859706,0.021207177814029362,3.4119,0.7605,3.4118,0.0,0.0,0.0,0.0,3.4117999999999995,0.7605,4.1723,4.1711
326,0.0664,0.0,0.0664,0.012,1.0,0.0,3.774,0.0247,3.7739,0.0,0.0,0.0,0.0,3.7739000000000003,0.0247,3.7986000000000004,3.7939
327,0.076,0.0001,0.0762,0.0137,0.9973753280839894,0.0013123359580052493,3.9108,0.0767,3.9109,0.0001,0.0,0.0,0.0,3.9109000000000003,0.0767,3.9876000000000005,3.9913
328,0.0424,0.0001,0.0425,0.0076,0.9976470588235293,0.002352941176470588,2.1819,0.0528,2.1818,0.0,0.0,0.0,0.0,2.1818,0.0528,2.2346,2.2311
329,0.0655,0.0001,0.0656,0.0118,0.9984756097560975,0.001524390243902439,3.5361,0.0504,3.5361,0.0,0.0,0.0,0.0,3.5361000000000002,0.0504,3.5865,3.5865
330,0.0311,0.004,0.0351,0.0063,0.886039886039886,0.11396011396011396,1.7682,2.87,1.7681,0.0,0.0,0.0,0.0,1.7681,2.8699999999999997,4.6381,4.6429
331,0.0621,0.0033,0.0655,0.0118,0.9480916030534351,0.050381679389312976,3.5322,1.9468,3.5322,0.0,0.0,0.0,0.0,3.5322,1.9468,5.479,5.4837
332,0.0815,0.0001,0.0817,0.0147,0.9975520195838434,0.0012239902080783355,4.6341,0.083,4.6341,0.0,0.0,0.0,0.0,4.6341,0.08299999999999999,4.7171,4.7206
333,0.0619,0.0,0.0619,0.0111,1.0,0.0,3.3444,0.0039,3.3442,0.0,0.0,0.0,0.0,3.3442,0.0039,3.3480999999999996,3.3466
334,0.0303,0.0002,0.0305,0.0055,0.9934426229508198,0.006557377049180329,1.5576,0.1327,1.5576,0.0,0.0,0.0,0.0,1.5575999999999999,0.13269999999999998,1.6903,1.6922
335,0.0955,0.0011,0.0965,0.0174,0.9896373056994818,0.011398963730569948,4.9092,0.7062,4.9091,0.0,0.0,0.0,0.0,4.9091000000000005,0.7061999999999999,5.6153,5.6117
336,0.0303,0.0036,0.0339,0.0061,0.8938053097345133,0.10619469026548672,1.6365,2.1941,1.6364,0.0,0.0,0.0,0.0,1.6364,2.1941,3.8305000000000002,3.8331
337,0.0346,0.0,0.0346,0.0062,1.0,0.0,2.0766,0.0184,2.0767,0.0001,0.0,0.0,0.0,2.0767,0.0184,2.0951000000000004,2.0945
338,0.0166,0.0001,0.0167,0.003,0.9940119760479043,0.005988023952095809,0.9435,0.0942,0.9435,0.0,0.0,0.0,0.0,0.9435,0.0942,1.0377,1.0346
339,0.0227,0.0005,0.0232,0.0042,0.9784482758620691,0.021551724137931036,1.359,0.3136,1.359,0.0,0.0,0.0,0.0,1.359,0.3136,1.6726,1.6694
340,0.0202,0.0,0.0202,0.0036,1.0,0.0,1.0908,0.0098,1.0908,0.0,0.0,0.0,0.0,1.0908,0.0098,1.1006,1.0965
341,0.0769,0.0,0.0769,0.0138,1.0,0.0,4.1535,0.0047,4.1535,0.0,0.0,0.0,0.0,4.1535,0.004699999999999999,4.1582,4.1551
342,0.0676,0.0,0.0676,0.0122,1.0,0.0,3.4755,0.019,3.4755,0.0,0.0,0.0,0.0,3.4755000000000003,0.019,3.4945000000000004,3.4968
343,0.0478,0.0011,0.0489,0.0088,0.9775051124744377,0.022494887525562373,2.718,0.809,2.7179,0.0,0.0,0.0,0.0,2.7179,0.8089999999999999,3.5269000000000004,3.5316
344,0.0528,0.0001,0.0529,0.0095,0.998109640831758,0.001890359168241966,3.171,0.0649,3.1709,0.0,0.0,0.0,0.0,3.1709,0.06490000000000001,3.2358000000000002,3.2338
345,0.0225,0.0,0.0226,0.0041,0.995575221238938,0.0,1.1586,0.0187,1.1585,0.0,0.0,0.0,0.0,1.1585,0.0187,1.1772,1.1811
346,0.0822,0.0014,0.0836,0.0151,0.9832535885167464,0.01674641148325359,4.6728,1.0362,4.6726,0.0,0.0,0.0,0.0,4.6726,1.0362,5.7088,5.7121
347,0.0764,0.0,0.0764,0.0138,1.0,0.0,4.1256,0.0026,4.1254,0.0,0.0,0.0,0.0,4.1254,0.0026,4.128,4.1317
348,0.0822,0.0001,0.0823,0.0148,0.9987849331713244,0.0012150668286755773,4.6728,0.0495,4.6727,0.0,0.0,0.0,0.0,4.6727,0.0495,4.7222,4.7187
349,0.0229,0.0089,0.0319,0.0057,0.7178683385579938,0.27899686520376177,1.1787,5.4181,1.1787,0.0,0.0,0.0,0.0,1.1787,5.4181,6.5968,6.5957
350,0.0663,0.0,0.0663,0.0119,1.0,0.0,3.4119,0.0019,3.4118,0.0,0.0,0.0,0.0,3.4118,0.0018999999999999998,3.4137,3.4173
351,0.0453,0.0012,0.0464,0.0084,0.9762931034482759,0.02586206896551724,2.4444,0.8506,2.4443,0.0,0.0,0.0,0.0,2.4443,0.8506,3.2949,3.2901
352,0.0672,0.0046,0.0718,0.0129,0.9359331476323118,0.06406685236768801,3.8181,2.9462,3.8181,0.0,0.0,0.0,0.0,3.8181,2.9462,6.7643,6.7682
353,0.0853,0.0,0.0853,0.0154,1.0,0.0,5.1177,0.0058,5.1175,0.0,0.0,0.0,0.0,5.1175,0.0058000000000000005,5.1232999999999995,5.1258
354,0.06,0.0,0.06,0.0108,1.0,0.0,3.4119,0.0021,3.4119,0.0,0.0,0.0,0.0,3.4119,0.0021,3.414,3.417
355,0.0829,0.0001,0.083,0.0149,0.9987951807228915,0.0012048192771084336,4.7148,0.0511,4.7148,0.0,0.0,0.0,0.0,4.7148,0.0511,4.7659,4.7624
356,0.0372,0.0004,0.0376,0.0068,0.9893617021276595,0.010638297872340425,2.2296,0.2392,2.2295,0.0,0.0,0.0,0.0,2.2295,0.2392,2.4686999999999997,2.466
357,0.0367,0.0,0.0367,0.0066,1.0,0.0,1.887,0.0168,1.887,0.0,0.0,0.0,0.0,1.887,0.016800000000000002,1.9038,1.9067
358,0.0644,0.0,0.0644,0.0116,1.0,0.0,3.4755,0.0056,3.4755,0.0,0.0,0.0,0.0,3.4755000000000003,0.0056,3.4811,3.4834
359,0.0217,0.0001,0.0218,0.0039,0.9954128440366973,0.0045871559633027525,1.1148,0.0878,1.1148,0.0,0.0,0.0,0.0,1.1148,0.0878,1.2026000000000001,1.1983
360,0.1031,0.0,0.1032,0.0186,0.999031007751938,0.0,5.3043,0.0143,5.3043,0.0,0.0,0.0,0.0,5.3043,0.0143,5.3186,5.3189
361,0.0455,0.004,0.0494,0.0089,0.9210526315789473,0.08097165991902834,2.7273,2.6459,2.7273,0.0,0.0,0.0,0.0,2.7273,2.6459,5.373200000000001,5.37
362,0.0842,0.0,0.0843,0.0152,0.9988137603795967,0.0,4.5489,0.0161,4.5489,0.0,0.0,0.0,0.0,4.5489,0.0161,4.5649999999999995,4.5602
363,0.0621,0.0012,0.0633,0.0114,0.9810426540284362,0.018957345971563982,3.5322,0.7996,3.5322,0.0,0.0,0.0,0.0,3.5322,0.7996000000000001,4.3318,4.3276
364,0.0622,0.002,0.0642,0.0116,0.9688473520249222,0.031152647975077885,3.1965,1.3973,3.1965,0.0,0.0,0.0,0.0,3.1964999999999995,1.3973,4.5938,4.5966
365,0.0318,0.0,0.0319,0.0057,0.9968652037617556,0.0,1.6365,0.0295,1.6365,0.0,0.0,0.0,0.0,1.6364999999999998,0.0295,1.666,1.6677
366,0.0569,0.0002,0.0571,0.0103,0.9964973730297724,0.003502626970227671,3.4119,0.1343,3.4117,0.0,0.0,0.0,0.0,3.4116999999999997,0.1343,3.546,3.5435
367,0.0311,0.0,0.0311,0.0056,1.0,0.0,1.7682,0.022,1.7681,0.0,0.0,0.0,0.0,1.7681,0.022000000000000002,1.7901,1.7861
368,0.0352,0.0021,0.0373,0.0067,0.9436997319034853,0.05630026809651474,1.812,1.4974,1.812,0.0,0.0,0.0,0.0,1.8119999999999998,1.4974,3.3094,3.3121
369,0.0252,0.0,0.0252,0.0045,1.0,0.0,1.359,0.0199,1.359,0.0,0.0,0.0,0.0,1.359,0.0199,1.3789,1.3762
370,0.065,0.0002,0.0652,0.0117,0.9969325153374234,0.0030674846625766876,3.9018,0.1157,3.9016,0.0,0.0,0.0,0.0,3.9015999999999997,0.1157,4.0173,4.0179
371,0.0573,0.0,0.0573,0.0103,1.0,0.0,2.9469,0.0107,2.9468,0.0,0.0,0.0,0.0,2.9467999999999996,0.010700000000000001,2.9574999999999996,2.956
372,0.0692,0.0,0.0693,0.0125,0.9985569985569985,0.0,4.1535,0.0347,4.1535,0.0,0.0,0.0,0.0,4.1535,0.0347,4.1882,4.1844
373,0.0604,0.0001,0.0605,0.0109,0.9983471074380166,0.0016528925619834713,3.624,0.0876,3.6239,0.0,0.0,0.0,0.0,3.6239,0.0876,3.7115,3.7157
374,0.0789,0.0,0.0789,0.0142,1.0,0.0,4.2621,0.0061,4.2621,0.0,0.0,0.0,0.0,4.2621,0.0060999999999999995,4.2682,4.2714
375,0.0955,0.0004,0.0959,0.0173,0.9958289885297185,0.004171011470281543,4.9092,0.3138,4.9091,0.0,0.0,0.0,0.0,4.9091000000000005,0.3138,5.2229,5.2202
376,0.0229,0.0001,0.023,0.0041,0.9956521739130435,0.004347826086956522,1.1787,0.0674,1.1787,0.0,0.0,0.0,0.0,1.1787,0.0674,1.2461,1.2411
377,0.0553,0.0005,0.0557,0.01,0.9928186714542191,0.008976660682226212,2.8431,0.3044,2.8431,0.0,0.0,0.0,0.0,2.8430999999999997,0.3044,3.1475,3.1431
378,0.0433,0.0,0.0433,0.0078,1.0,0.0,2.5959,0.0052,2.596,0.0001,0.0,0.0,0.0,2.596,0.0052,2.6012,2.6003
379,0.0679,0.0004,0.0683,0.0123,0.9941434846266471,0.005856515373352855,4.077,0.2587,4.0769,0.0,0.0,0.0,0.0,4.0769,0.2587,4.3356,4.3346
380,0.0536,0.0,0.0536,0.0097,1.0,0.0,2.8962,0.0018,2.8963,0.0001,0.0,0.0,0.0,2.8963,0.0018,2.8981,2.9027
381,0.0197,0.002,0.0217,0.0039,0.9078341013824884,0.09216589861751152,1.0656,1.4311,1.0655,0.0,0.0,0.0,0.0,1.0655000000000001,1.4311,2.4966,2.4957
382,0.0408,0.0,0.0408,0.0073,1.0,0.0,2.3172,0.0144,2.317,0.0,0.0,0.0,0.0,2.317,0.0144,2.3314000000000004,2.3292
383,0.0498,0.0,0.0498,0.009,1.0,0.0,2.8305,0.0017,2.8305,0.0,0.0,0.0,0.0,2.8305,0.0017,2.8322,2.8303
384,0.0788,0.0,0.0789,0.0142,0.9987325728770595,0.0,4.0548,0.022,4.0548,0.0,0.0,0.0,0.0,4.0548,0.022,4.0768,4.0758
385,0.0759,0.0,0.0759,0.0137,1.0,0.0,3.9018,0.0029,3.9017,0.0,0.0,0.0,0.0,3.9017,0.0029,3.9046,3.9092
386,0.0386,0.0002,0.0388,0.007,0.9948453608247423,0.005154639175257732,2.3172,0.1116,2.3171,0.0,0.0,0.0,0.0,2.3171,0.1116,2.4287,2.4281
387,0.0379,0.0,0.0379,0.0068,1.0,0.0,2.2746,0.0189,2.2745,0.0,0.0,0.0,0.0,2.2744999999999997,0.0189,2.2933999999999997,2.2961
388,0.0793,0.0001,0.0793,0.0143,1.0,0.001261034047919294,4.077,0.0389,4.077,0.0,0.0,0.0,0.0,4.077,0.038900000000000004,4.1159,4.1123
389,0.0472,0.0,0.0472,0.0085,1.0,0.0,2.8305,0.0028,2.8304,0.0,0.0,0.0,0.0,2.8304,0.0027999999999999995,2.8332,2.8287
390,0.0748,0.0,0.0748,0.0135,1.0,0.0,4.0368,0.0058,4.0368,0.0,0.0,0.0,0.0,4.0367999999999995,0.0058,4.042599999999999,4.0424
391,0.0236,0.0001,0.0236,0.0043,1.0,0.00423728813559322,1.4151,0.0426,1.4152,0.0001,0.0,0.0,0.0,1.4152,0.0426,1.4578,1.4578
392,0.0676,0.0001,0.0677,0.0122,0.9985228951255539,0.0014771048744460858,3.4755,0.0709,3.4755,0.0,0.0,0.0,0.0,3.4755000000000003,0.0709,3.5464,3.5434
393,0.0724,0.0,0.0724,0.013,1.0,0.0,3.9108,0.0055,3.9109,0.0001,0.0,0.0,0.0,3.9109000000000007,0.0055,3.9164000000000008,3.9165
394,0.0453,0.0006,0.0459,0.0083,0.9869281045751633,0.0130718954248366,2.718,0.4241,2.718,0.0,0.0,0.0,0.0,2.718,0.42410000000000003,3.1421,3.139
395,0.0533,0.0024,0.0557,0.01,0.9569120287253142,0.04308797127468581,3.0276,1.7339,3.0276,0.0,0.0,0.0,0.0,3.0276000000000005,1.7339,4.761500000000001,4.7653
396,0.038,0.0,0.038,0.0068,1.0,0.0,1.9554,0.0159,1.9554,0.0,0.0,0.0,0.0,1.9554,0.0159,1.9713,1.9725
397,0.0379,0.0002,0.0381,0.0069,0.9947506561679791,0.005249343832020997,2.2746,0.1047,2.2746,0.0,0.0,0.0,0.0,2.2746,0.1047,2.3792999999999997,2.3836
398,0.0606,0.0,0.0606,0.0109,1.0,0.0,3.2727,0.0033,3.2727,0.0,0.0,0.0,0.0,3.2727,0.0033,3.276,3.2787
399,0.0264,0.0001,0.0265,0.0048,0.9962264150943396,0.003773584905660378,1.359,0.045,1.359,0.0,0.0,0.0,0.0,1.359,0.045,1.404,1.3999
400,0.04,0.0001,0.0401,0.0072,0.9975062344139652,0.002493765586034913,2.2746,0.0416,2.2745,0.0,0.0,0.0,0.0,2.2744999999999997,0.0416,2.3160999999999996,2.317
401,0.03,0.0,0.03,0.0054,1.0,0.0,1.7058,0.0057,1.7059,0.0001,0.0,0.0,0.0,1.7059,0.0057,1.7116,1.7154
402,0.0455,0.0,0.0455,0.0082,1.0,0.0,2.7273,0.0047,2.7273,0.0,0.0,0.0,0.0,2.7273,0.0047,2.732,2.7338
403,0.0303,0.0001,0.0304,0.0055,0.9967105263157895,0.0032894736842105266,1.5576,0.1074,1.5575,0.0,0.0,0.0,0.0,1.5575,0.10740000000000001,1.6649,1.6697
404,0.0239,0.0,0.0239,0.0043,1.0,0.0,1.359,0.0018,1.359,0.0,0.0,0.0,0.0,1.359,0.0018,1.3608,1.3561
405,0.0909,0.0,0.0909,0.0164,1.0,0.0,4.6728,0.0074,4.6727,0.0,0.0,0.0,0.0,4.672700000000001,0.0074,4.6801,4.6797
406,0.029,0.0001,0.0291,0.0052,0.9965635738831615,0.003436426116838488,1.7379,0.0716,1.7379,0.0,0.0,0.0,0.0,1.7379000000000002,0.0716,1.8095000000000003,1.8096
407,0.0676,0.0002,0.0678,0.0122,0.9970501474926253,0.0029498525073746317,4.0548,0.1473,4.0548,0.0,0.0,0.0,0.0,4.0548,0.1473,4.2021,4.1979
408,0.0815,0.0001,0.0816,0.0147,0.9987745098039216,0.0012254901960784314,4.3998,0.0629,4.3998,0.0,0.0,0.0,0.0,4.3998,0.0629,4.4627,4.4656
409,0.0273,0.0001,0.0273,0.0049,1.0,0.003663003663003663,1.6365,0.043,1.6364,0.0,0.0,0.0,0.0,1.6364,0.043,1.6794,1.6759
410,0.1014,0.0002,0.1016,0.0183,0.9980314960629922,0.001968503937007874,5.2134,0.132,5.2134,0.0,0.0,0.0,0.0,5.2134,0.132,5.3454,5.3445
411,0.0151,0.0,0.0151,0.0027,1.0,0.0,0.906,0.0309,0.906,0.0,0.0,0.0,0.0,0.9059999999999999,0.030899999999999997,0.9369,0.9359
412,0.0688,0.0001,0.0689,0.0124,0.9985486211901305,0.001451378809869376,3.5361,0.0816,3.5361,0.0,0.0,0.0,0.0,3.5361000000000002,0.0816,3.6177,3.6199
413,0.0281,0.0,0.0281,0.0051,1.0,0.0,1.5984,0.0029,1.5984,0.0,0.0,0.0,0.0,1.5984000000000003,0.0029,1.6013000000000002,1.6051
414,0.0393,0.0012,0.0405,0.0073,0.9703703703703703,0.029629629629629627,2.3574,0.8656,2.3575,0.0001,0.0,0.0,0.0,2.3575,0.8656,3.2231,3.2274
415,0.0319,0.0001,0.032,0.0058,0.996875,0.003125,1.812,0.074,1.8119,0.0,0.0,0.0,0.0,1.8119,0.07400000000000001,1.8859000000000001,1.8851
416,0.044,0.0002,0.0442,0.008,0.9954751131221719,0.004524886877828054,2.265,0.1206,2.265,0.0,0.0,0.0,0.0,2.265,0.12059999999999998,2.3856,2.3859
417,0.0589,0.0,0.0589,0.0106,1.0,0.0,3.5322,0.0323,3.5322,0.0,0.0,0.0,0.0,3.5322,0.0323,3.5645000000000002,3.5662
418,0.0451,0.0008,0.0459,0.0083,0.9825708061002179,0.017429193899782133,2.3172,0.5888,2.3171,0.0,0.0,0.0,0.0,2.3171,0.5888,2.9059,2.9043
419,0.0602,0.0,0.0602,0.0108,1.0,0.0,3.4221,0.0041,3.4219,0.0,0.0,0.0,0.0,3.4219,0.0041,3.426,3.4294
420,0.0573,0.0,0.0573,0.0103,1.0,0.0,2.9469,0.0091,2.9468,0.0,0.0,0.0,0.0,2.9467999999999996,0.0091,2.9558999999999997,2.9566
421,0.0355,0.0003,0.0358,0.0064,0.9916201117318435,0.008379888268156424,2.1309,0.1945,2.131,0.0001,0.0,0.0,0.0,2.1310000000000002,0.1945,2.3255000000000003,2.3214
422,0.0856,0.0,0.0856,0.0154,1.0,0.0,4.3998,0.0016,4.3998,0.0,0.0,0.0,0.0,4.3998,0.0015999999999999999,4.4014,4.405
423,0.0676,0.0005,0.0681,0.0123,0.9926578560939794,0.007342143906020559,4.0548,0.3344,4.0548,0.0,0.0,0.0,0.0,4.0548,0.3344,4.3892,4.3924
424,0.0691,0.0,0.0691,0.0124,1.0,0.0,3.7293,0.007,3.7293,0.0,0.0,0.0,0.0,3.7293000000000003,0.007,3.7363000000000004,3.7344
425,0.0319,0.0005,0.0324,0.0058,0.9845679012345678,0.0154320987654321,1.812,0.3812,1.812,0.0,0.0,0.0,0.0,1.8119999999999998,0.3812,2.1932,2.1917
426,0.031,0.0,0.031,0.0056,1.0,0.0,1.6722,0.0034,1.6721,0.0,0.0,0.0,0.0,1.6721,0.0034,1.6755,1.6768
427,0.0826,0.0018,0.0843,0.0152,0.9798339264531436,0.021352313167259787,4.2456,1.2667,4.2456,0.0,0.0,0.0,0.0,4.2456,1.2667000000000002,5.5123,5.5111
428,0.0193,0.0002,0.0195,0.0035,0.9897435897435898,0.010256410256410256,1.1586,0.1548,1.1585,0.0,0.0,0.0,0.0,1.1585,0.1548,1.3133000000000001,1.3182
429,0.0727,0.0,0.0727,0.0131,1.0,0.0,4.3635,0.0083,4.3635,0.0,0.0,0.0,0.0,4.3635,0.0083,4.3718,4.3703
430,0.0676,0.0001,0.0677,0.0122,0.9985228951255539,0.0014771048744460858,3.4755,0.0531,3.4756,0.0001,0.0,0.0,0.0,3.4756,0.0531,3.5287,3.5296
431,0.0326,0.0,0.0326,0.0059,1.0,0.0,1.9554,0.0028,1.9554,0.0,0.0,0.0,0.0,1.9554,0.0028,1.9582,1.9571
432,0.0206,0.0003,0.0209,0.0038,0.9856459330143541,0.014354066985645933,1.1148,0.1863,1.1148,0.0,0.0,0.0,0.0,1.1148,0.18630000000000002,1.3011,1.2974
433,0.05,0.0037,0.0537,0.0097,0.9310986964618251,0.06890130353817506,2.8431,2.4685,2.8431,0.0,0.0,0.0,0.0,2.8430999999999997,2.4685,5.3116,5.3123
434,0.0545,0.0001,0.0546,0.0098,0.9981684981684981,0.0018315018315018315,3.2727,0.0392,3.2727,0.0,0.0,0.0,0.0,3.2727,0.0392,3.3119,3.3074
435,0.07,0.0,0.07,0.0126,1.0,0.0,3.9804,0.0075,3.9804,0.0,0.0,0.0,0.0,3.9804,0.0075,3.9879,3.9888
436,0.0175,0.0025,0.02,0.0036,0.8750000000000001,0.125,0.9435,1.5204,0.9435,0.0,0.0,0.0,0.0,0.9435,1.5204,2.4638999999999998,2.4683
437,0.0588,0.0,0.0588,0.0106,1.0,0.0,3.3444,0.0047,3.3442,0.0,0.0,0.0,0.0,3.3442,0.004699999999999999,3.3489,3.3449
438,0.0707,0.0001,0.0708,0.0127,0.9985875706214689,0.0014124293785310734,3.8181,0.048,3.8183,0.0002,0.0,0.0,0.0,3.8183,0.048,3.8663,3.8634
439,0.0883,0.0002,0.0885,0.0159,0.9977401129943504,0.0022598870056497176,4.5414,0.1139,4.5414,0.0,0.0,0.0,0.0,4.5414,0.1139,4.6553,4.6596
440,0.0733,0.0,0.0733,0.0132,1.0,0.0,4.3998,0.0037,4.3997,0.0,0.0,0.0,0.0,4.399699999999999,0.0037,4.4033999999999995,4.4076
441,0.0285,0.0001,0.0286,0.0051,0.9965034965034966,0.0034965034965034965,1.4667,0.0434,1.4667,0.0,0.0,0.0,0.0,1.4667,0.0434,1.5101,1.5089
442,0.0726,0.0003,0.0728,0.0131,0.9972527472527472,0.00412087912087912,4.1256,0.1586,4.1255,0.0,0.0,0.0,0.0,4.1255,0.15860000000000002,4.2841,4.2844
443,0.0192,0.0006,0.0198,0.0036,0.9696969696969695,0.030303030303030297,1.0383,0.38,1.0383,0.0,0.0,0.0,0.0,1.0383,0.38,1.4183,1.4164
444,0.076,0.0,0.076,0.0137,1.0,0.0,3.9108,0.0017,3.9108,0.0,0.0,0.0,0.0,3.9108,0.0017,3.9125,3.9111
445,0.0453,0.0007,0.046,0.0083,0.9847826086956522,0.015217391304347827,2.718,0.451,2.718,0.0,0.0,0.0,0.0,2.718,0.451,3.169,3.1682
446,0.0206,0.004,0.0246,0.0044,0.8373983739837398,0.16260162601626016,1.1148,2.4335,1.1148,0.0,0.0,0.0,0.0,1.1148,2.4335,3.5483000000000002,3.5532
447,0.0815,0.0015,0.0829,0.0149,0.9831121833534379,0.018094089264173704,4.3998,1.0492,4.3998,0.0,0.0,0.0,0.0,4.3998,1.0492,5.449,5.4491
448,0.0478,0.0012,0.049,0.0088,0.9755102040816327,0.024489795918367342,2.718,0.7464,2.718,0.0,0.0,0.0,0.0,2.718,0.7464,3.4644,3.4666
449,0.0748,0.0004,0.0752,0.0135,0.9946808510638299,0.005319148936170213,4.0368,0.2996,4.0369,0.0001,0.0,0.0,0.0,4.0369,0.2996,4.3365,4.3325
450,0.0192,0.0008,0.02,0.0036,0.9599999999999999,0.04,1.0908,0.5275,1.0908,0.0,0.0,0.0,0.0,1.0908,0.5275,1.6183,1.6157
451,0.05,0.0,0.0501,0.009,0.9980039920159681,0.0,2.8431,0.0342,2.8432,0.0001,0.0,0.0,0.0,2.8432,0.0342,2.8773999999999997,2.8747
452,0.0569,0.0001,0.0569,0.0102,1.0,0.001757469244288225,3.4119,0.0437,3.4118,0.0,0.0,0.0,0.0,3.4117999999999995,0.0437,3.4554999999999993,3.4594
453,0.0755,0.0004,0.0759,0.0137,0.9947299077733861,0.005270092226613966,4.077,0.2396,4.0769,0.0,0.0,0.0,0.0,4.0769,0.23959999999999998,4.3165000000000004,4.3187
454,0.0273,0.0001,0.0274,0.0049,0.9963503649635037,0.0036496350364963502,1.6365,0.0542,1.6365,0.0,0.0,0.0,0.0,1.6364999999999998,0.0542,1.6906999999999999,1.6939
455,0.0734,0.0006,0.074,0.0133,0.9918918918918921,0.008108108108108109,3.774,0.4591,3.774,0.0,0.0,0.0,0.0,3.774,0.45909999999999995,4.2331,4.2298
456,0.0187,0.0008,0.0195,0.0035,0.958974358974359,0.041025641025641026,1.0092,0.5686,1.0092,0.0,0.0,0.0,0.0,1.0091999999999999,0.5686,1.5777999999999999,1.5779
457,0.0742,0.0,0.0743,0.0134,0.9986541049798116,0.0,3.8181,0.0106,3.8181,0.0,0.0,0.0,0.0,3.8181,0.0106,3.8287,3.8263
458,0.0314,0.0,0.0315,0.0057,0.9968253968253967,0.0,1.887,0.0025,1.887,0.0,0.0,0.0,0.0,1.887,0.0025,1.8895,1.8858
459,0.0836,0.0003,0.0839,0.0151,0.9964243146603098,0.0035756853396901067,5.0163,0.2085,5.0163,0.0,0.0,0.0,0.0,5.016299999999999,0.20850000000000002,5.224799999999999,5.2241
460,0.0774,0.0,0.0774,0.0139,1.0,0.0,3.9804,0.0208,3.9804,0.0,0.0,0.0,0.0,3.9804,0.0208,4.0012,3.9993
461,0.0196,0.0,0.0196,0.0035,1.0,0.0,1.0092,0.0014,1.0092,0.0,0.0,0.0,0.0,1.0091999999999999,0.0014,1.0106,1.0156
462,0.0336,0.0003,0.0339,0.0061,0.9911504424778761,0.008849557522123894,2.0184,0.1796,2.0184,0.0,0.0,0.0,0.0,2.0183999999999997,0.1796,2.198,2.2006
463,0.0707,0.0,0.0707,0.0127,1.0,0.0,3.6342,0.0219,3.6343,0.0001,0.0,0.0,0.0,3.6343000000000005,0.0219,3.6562000000000006,3.6562
464,0.0644,0.0,0.0644,0.0116,1.0,0.0,3.4755,0.022,3.4755,0.0,0.0,0.0,0.0,3.4755000000000003,0.022,3.4975,3.4926
465,0.057,0.0,0.057,0.0103,1.0,0.0,3.4221,0.0016,3.4221,0.0,0.0,0.0,0.0,3.4221000000000004,0.0015999999999999999,3.4237,3.4235
466,0.0404,0.0042,0.0446,0.008,0.905829596412556,0.09417040358744394,2.1819,3.0094,2.1818,0.0,0.0,0.0,0.0,2.1818,3.0094,5.1912,5.1885
467,0.0467,0.0039,0.0506,0.0091,0.9229249011857708,0.07707509881422925,2.523,2.3937,2.5231,0.0001,0.0,0.0,0.0,2.5231,2.3937,4.9168,4.9124
468,0.0306,0.0011,0.0317,0.0057,0.9652996845425867,0.034700315457413256,1.7379,0.629,1.7378,0.0,0.0,0.0,0.0,1.7378,0.629,2.3668,2.3681
469,0.0355,0.0001,0.0356,0.0064,0.997191011235955,0.002808988764044944,2.1309,0.0549,2.1311,0.0002,0.0,0.0,0.0,2.1311,0.054900000000000004,2.186,2.1884
470,0.031,0.003,0.034,0.0061,0.9117647058823529,0.08823529411764705,1.6722,1.6549,1.6722,0.0,0.0,0.0,0.0,1.6722000000000001,1.6548999999999998,3.3270999999999997,3.3263
471,0.0573,0.0,0.0573,0.0103,1.0,0.0,2.9469,0.0053,2.9468,0.0,0.0,0.0,0.0,2.9467999999999996,0.0053,2.9520999999999997,2.9552
472,0.0786,0.0004,0.079,0.0142,0.9949367088607596,0.005063291139240506,4.7148,0.255,4.7148,0.0,0.0,0.0,0.0,4.7148,0.255,4.9698,4.9675
473,0.0606,0.0004,0.061,0.011,0.9934426229508198,0.006557377049180329,3.2727,0.2842,3.2727,0.0,0.0,0.0,0.0,3.2727,0.2842,3.5568999999999997,3.5612
474,0.0589,0.0001,0.0589,0.0106,1.0,0.001697792869269949,3.0276,0.0363,3.0276,0.0,0.0,0.0,0.0,3.0276000000000005,0.0363,3.0639000000000003,3.0657
475,0.0252,0.0,0.0252,0.0045,1.0,0.0,1.359,0.0311,1.359,0.0,0.0,0.0,0.0,1.359,0.031100000000000003,1.3901,1.3945
476,0.0533,0.0001,0.0534,0.0096,0.99812734082397,0.0018726591760299626,3.0276,0.0565,3.0276,0.0,0.0,0.0,0.0,3.0276000000000005,0.056499999999999995,3.0841000000000003,3.0876
477,0.0768,0.0009,0.0777,0.014,0.9884169884169882,0.011583011583011582,4.3635,0.6716,4.3635,0.0,0.0,0.0,0.0,4.3635,0.6716,5.0351,5.0374
478,0.0475,0.0,0.0476,0.0086,0.9978991596638654,0.0,2.4444,0.0252,2.4443,0.0,0.0,0.0,0.0,2.4443,0.0252,2.4695,2.4736
479,0.0264,0.0009,0.0273,0.0049,0.9670329670329669,0.03296703296703297,1.359,0.6615,1.359,0.0,0.0,0.0,0.0,1.359,0.6615,2.0205,2.0217
480,0.0869,0.0,0.0869,0.0156,1.0,0.0,5.2134,0.0279,5.2134,0.0,0.0,0.0,0.0,5.2134,0.0279,5.2413,5.2388
481,0.0303,0.0,0.0303,0.0055,1.0,0.0,1.5576,0.0015,1.5575,0.0,0.0,0.0,0.0,1.5575,0.0014999999999999998,1.5590000000000002,1.5601
482,0.05,0.0003,0.0503,0.0091,0.9940357852882705,0.005964214711729622,2.8431,0.1787,2.8431,0.0,0.0,0.0,0.0,2.8430999999999997,0.1787,3.0218,3.0247
483,0.0414,0.0019,0.0433,0.0078,0.956120092378753,0.04387990762124711,2.1309,1.3638,2.1311,0.0002,0.0,0.0,0.0,2.1311,1.3638,3.4949,3.4977
484,0.0294,0.0,0.0295,0.0053,0.9966101694915255,0.0,1.5138,0.0249,1.5138,0.0,0.0,0.0,0.0,1.5138000000000003,0.0249,1.5387000000000002,1.5343
485,0.0884,0.0,0.0884,0.0159,1.0,0.0,5.3043,0.0129,5.3042,0.0,0.0,0.0,0.0,5.3042,0.0129,5.3171,5.3129
486,0.0183,0.0,0.0183,0.0033,1.0,0.0,1.0383,0.0322,1.0383,0.0,0.0,0.0,0.0,1.0383,0.03219999999999999,1.0705,1.0743
487,0.0229,0.0011,0.024,0.0043,0.9541666666666666,0.04583333333333334,1.1787,0.7913,1.1787,0.0,0.0,0.0,0.0,1.1787,0.7913,1.9700000000000002,1.9737
488,0.0349,0.0,0.0349,0.0063,1.0,0.0,1.887,0.0013,1.887,0.0,0.0,0.0,0.0,1.887,0.0013,1.8883,1.8887
489,0.0742,0.0,0.0743,0.0134,0.9986541049798116,0.0,3.8181,0.012,3.8181,0.0,0.0,0.0,0.0,3.8181,0.012,3.8301,3.827
490,0.0708,0.0,0.0708,0.0127,1.0,0.0,4.2456,0.0039,4.2456,0.0,0.0,0.0,0.0,4.2456,0.0039000000000000003,4.249499999999999,4.2499
491,0.0178,0.0,0.0178,0.0032,1.0,0.0,1.0092,0.0129,1.0092,0.0,0.0,0.0,0.0,1.0091999999999999,0.0129,1.0220999999999998,1.0205
492,0.0815,0.0001,0.0815,0.0147,1.0,0.001226993865030675,4.3998,0.0383,4.3997,0.0,0.0,0.0,0.0,4.399699999999999,0.0383,4.437999999999999,4.4372
493,0.0211,0.0024,0.0234,0.0042,0.9017094017094017,0.10256410256410255,1.1373,1.6924,1.1372,0.0,0.0,0.0,0.0,1.1372,1.6924000000000001,2.8296,2.8261
494,0.0727,0.0002,0.0729,0.0131,0.9972565157750343,0.0027434842249657062,4.3635,0.1001,4.3636,0.0001,0.0,0.0,0.0,4.3636,0.1001,4.4637,4.464
495,0.1014,0.0001,0.1015,0.0183,0.9990147783251231,0.0009852216748768472,5.2134,0.0825,5.2134,0.0,0.0,0.0,0.0,5.2134,0.0825,5.2959,5.2956
496,0.0708,0.0005,0.0712,0.0128,0.9943820224719101,0.007022471910112359,4.2456,0.3074,4.2456,0.0,0.0,0.0,0.0,4.2456,0.3074,4.553,4.554
497,0.0688,0.0005,0.0693,0.0125,0.9927849927849928,0.007215007215007215,3.5361,0.3804,3.5361,0.0,0.0,0.0,0.0,3.5361000000000002,0.3804,3.9165,3.9205
498,0.0284,0.0,0.0284,0.0051,1.0,0.0,1.7058,0.009,1.7058,0.0,0.0,0.0,0.0,1.7058,0.009,1.7147999999999999,1.7101
499,0.0592,0.0,0.0592,0.0107,1.0,0.0,3.1965,0.0164,3.1966,0.0001,0.0,0.0,0.0,3.1966,0.016399999999999998,3.213,3.2161
500,0.0758,0.0,0.0759,0.0137,0.9986824769433467,0.0,4.5489,0.0226,4.549,0.0001,0.0,0.0,0.0,4.5489999999999995,0.022600000000000002,4.571599999999999,4.5737
501,0.0458,0.0015,0.0473,0.0085,0.9682875264270613,0.03171247357293869,2.3574,1.0764,2.3574,0.0,0.0,0.0,0.0,2.3574,1.0764,3.4338,3.4308
502,0.0518,0.0001,0.0519,0.0093,0.9980732177263969,0.0019267822736030828,2.6637,0.0542,2.6637,0.0,0.0,0.0,0.0,2.6637,0.0542,2.7178999999999998,2.7228
503,0.0266,0.0,0.0267,0.0048,0.99625468164794,0.0,1.5984,0.0103,1.5983,0.0,0.0,0.0,0.0,1.5983,0.0103,1.6086,1.6105
504,0.0606,0.0,0.0606,0.0109,1.0,0.0,3.6342,0.0207,3.6344,0.0002,0.0,0.0,0.0,3.6344000000000003,0.0207,3.6551000000000005,3.6599
505,0.0352,0.0001,0.0354,0.0064,0.9943502824858758,0.002824858757062147,1.812,0.0938,1.812,0.0,0.0,0.0,0.0,1.8119999999999998,0.0938,1.9057999999999997,1.9068
506,0.0273,0.0001,0.0274,0.0049,0.9963503649635037,0.0036496350364963502,1.6365,0.0635,1.6363,0.0,0.0,0.0,0.0,1.6362999999999999,0.0635,1.6997999999999998,1.6962
507,0.0332,0.0014,0.0346,0.0062,0.9595375722543353,0.04046242774566474,1.7058,0.8147,1.7059,0.0001,0.0,0.0,0.0,1.7059,0.8147,2.5206,2.5218
508,0.0262,0.0001,0.0263,0.0047,0.9961977186311788,0.0038022813688212928,1.4151,0.05,1.4151,0.0,0.0,0.0,0.0,1.4151,0.049999999999999996,1.4651,1.4619
509,0.0151,0.001,0.0161,0.0029,0.9378881987577641,0.062111801242236024,0.906,0.6857,0.906,0.0,0.0,0.0,0.0,0.9059999999999999,0.6857,1.5917,1.5913
510,0.0671,0.0,0.0671,0.0121,1.0,0.0,3.624,0.0113,3.624,0.0,0.0,0.0,0.0,3.6239999999999997,0.011300000000000001,3.6352999999999995,3.6358
511,0.0303,0.0,0.0303,0.0055,1.0,0.0,1.6365,0.0029,1.6364,0.0,0.0,0.0,0.0,1.6364,0.0029,1.6393,1.6368
512,0.057,0.0015,0.0586,0.0105,0.9726962457337884,0.025597269624573378,3.4221,1.1082,3.4221,0.0,0.0,0.0,0.0,3.4221000000000004,1.1082,4.5303,4.535
513,0.0429,0.0,0.0429,0.0077,1.0,0.0,2.3172,0.0031,2.3172,0.0,0.0,0.0,0.0,2.3171999999999997,0.0031000000000000003,2.3202999999999996,2.3201
514,0.0475,0.0,0.0475,0.0086,1.0,0.0,2.4444,0.0102,2.4443,0.0,0.0,0.0,0.0,2.4443,0.0102,2.4545000000000003,2.4501
515,0.057,0.0,0.057,0.0103,1.0,0.0,3.4221,0.0016,3.422,0.0,0.0,0.0,0.0,3.4219999999999997,0.0015999999999999999,3.4235999999999995,3.4272
516,0.0202,0.0,0.0202,0.0036,1.0,0.0,1.0383,0.0017,1.0383,0.0,0.0,0.0,0.0,1.0383,0.0016999999999999997,1.04,1.0449
517,0.0553,0.0,0.0553,0.01,1.0,0.0,2.8431,0.0088,2.8432,0.0001,0.0,0.0,0.0,2.8432,0.0088,2.852,2.8495
518,0.0266,0.0012,0.0278,0.005,0.9568345323741008,0.04316546762589928,1.5138,0.785,1.5138,0.0,0.0,0.0,0.0,1.5138000000000003,0.7849999999999999,2.2988,2.298
519,0.0636,0.0001,0.0638,0.0115,0.9968652037617556,0.0015673981191222572,3.2727,0.0798,3.2727,0.0,0.0,0.0,0.0,3.2727,0.0798,3.3525,3.3547
520,0.0779,0.0,0.0779,0.014,1.0,0.0,4.6728,0.0032,4.6727,0.0,0.0,0.0,0.0,4.672700000000001,0.0031999999999999997,4.6759,4.6719
521,0.0186,0.0,0.0186,0.0033,1.0,0.0,1.1148,0.0083,1.1148,0.0,0.0,0.0,0.0,1.1148,0.0083,1.1231,1.1267
522,0.0202,0.0,0.0202,0.0036,1.0,0.0,1.0383,0.0033,1.0383,0.0,0.0,0.0,0.0,1.0383,0.0033,1.0416,1.0402
523,0.0611,0.0001,0.0612,0.011,0.9983660130718955,0.0016339869281045752,3.4755,0.033,3.4755,0.0,0.0,0.0,0.0,3.4755000000000003,0.033,3.5085,3.5071
524,0.0392,0.0037,0.0429,0.0077,0.9137529137529137,0.08624708624708625,2.2296,2.6298,2.2296,0.0,0.0,0.0,0.0,2.2296,2.6298,4.8594,4.8625
525,0.0458,0.0,0.0459,0.0083,0.9978213507625272,0.0,2.3574,0.0152,2.3574,0.0,0.0,0.0,0.0,2.3574,0.0152,2.3726000000000003,2.3766
526,0.0444,0.0039,0.0483,0.0087,0.9192546583850931,0.08074534161490682,2.523,2.2989,2.523,0.0,0.0,0.0,0.0,2.5229999999999997,2.2988999999999997,4.821899999999999,4.8184
527,0.0294,0.0022,0.0317,0.0057,0.9274447949526814,0.06940063091482651,1.6722,1.4681,1.6721,0.0,0.0,0.0,0.0,1.6721,1.4681000000000002,3.1402,3.1402
528,0.0364,0.0,0.0364,0.0065,1.0,0.0,2.1819,0.0108,2.1818,0.0,0.0,0.0,0.0,2.1818,0.0108,2.1926,2.1879
529,0.0858,0.0003,0.0861,0.0155,0.9965156794425087,0.003484320557491289,4.6341,0.1828,4.6341,0.0,0.0,0.0,0.0,4.6341,0.1828,4.8169,4.8173
530,0.0774,0.0001,0.0775,0.0139,0.9987096774193548,0.0012903225806451613,3.9804,0.042,3.9804,0.0,0.0,0.0,0.0,3.9804,0.041999999999999996,4.0224,4.0244
531,0.0724,0.0032,0.0756,0.0136,0.9576719576719578,0.04232804232804233,3.9108,2.1034,3.9108,0.0,0.0,0.0,0.0,3.9108,2.1034,6.014200000000001,6.013
532,0.0319,0.0024,0.0342,0.0062,0.9327485380116958,0.07017543859649122,1.812,1.5759,1.812,0.0,0.0,0.0,0.0,1.8119999999999998,1.5759,3.3879,3.3891
533,0.0589,0.0019,0.0608,0.0109,0.96875,0.03125,3.5361,1.1514,3.5362,0.0001,0.0,0.0,0.0,3.5362,1.1514,4.6876,4.6903
534,0.0421,0.0006,0.0428,0.0077,0.9836448598130841,0.014018691588785047,2.2746,0.3965,2.2745,0.0,0.0,0.0,0.0,2.2744999999999997,0.39649999999999996,2.671,2.6731
535,0.055,0.0,0.0551,0.0099,0.9981851179673321,0.0,3.3021,0.0301,3.3022,0.0001,0.0,0.0,0.0,3.3022,0.030100000000000002,3.3323,3.3313
536,0.0218,0.0004,0.0222,0.004,0.9819819819819819,0.018018018018018018,1.1787,0.2774,1.1787,0.0,0.0,0.0,0.0,1.1787,0.2774,1.4561000000000002,1.4587
537,0.0589,0.0006,0.0595,0.0107,0.9899159663865547,0.010084033613445377,3.0276,0.4245,3.0276,0.0,0.0,0.0,0.0,3.0276000000000005,0.4245,3.4521000000000006,3.4544
538,0.0533,0.0,0.0533,0.0096,1.0,0.0,3.1965,0.0057,3.1966,0.0001,0.0,0.0,0.0,3.1966,0.005699999999999999,3.2023,3.2005
539,0.0244,0.0,0.0244,0.0044,1.0,0.0,1.4667,0.0029,1.4666,0.0,0.0,0.0,0.0,1.4666000000000001,0.0029,1.4695,1.4701
540,0.0453,0.0,0.0453,0.0082,1.0,0.0,2.4444,0.0188,2.4444,0.0,0.0,0.0,0.0,2.4444,0.018799999999999997,2.4632,2.4606
541,0.0175,0.0007,0.0181,0.0033,0.9668508287292817,0.03867403314917127,0.9435,0.482,0.9435,0.0,0.0,0.0,0.0,0.9435,0.482,1.4255,1.4301
542,0.0207,0.0008,0.0215,0.0039,0.9627906976744187,0.0372093023255814,1.0656,0.5256,1.0656,0.0,0.0,0.0,0.0,1.0656,0.5256000000000001,1.5912000000000002,1.5903
543,0.0159,0.0001,0.016,0.0029,0.99375,0.00625,0.906,0.0596,0.906,0.0,0.0,0.0,0.0,0.9059999999999999,0.0596,0.9655999999999999,0.9685
544,0.0288,0.0036,0.0325,0.0058,0.8861538461538461,0.11076923076923076,1.5576,2.6212,1.5576,0.0,0.0,0.0,0.0,1.5575999999999999,2.6212,4.1788,4.1762
545,0.0453,0.0004,0.0457,0.0082,0.9912472647702407,0.008752735229759301,2.4444,0.2535,2.4443,0.0,0.0,0.0,0.0,2.4443,0.2535,2.6978,2.7013
546,0.0442,0.0007,0.045,0.0081,0.9822222222222223,0.015555555555555555,2.2746,0.4426,2.2744,0.0,0.0,0.0,0.0,2.2744,0.4426,2.717,2.719
547,0.0604,0.0,0.0604,0.0109,1.0,0.0,3.624,0.0098,3.624,0.0,0.0,0.0,0.0,3.6239999999999997,0.0098,3.6337999999999995,3.6329
548,0.0491,0.0,0.0491,0.0088,1.0,0.0,2.523,0.0047,2.523,0.0,0.0,0.0,0.0,2.5229999999999997,0.004699999999999999,2.5277,2.5251
549,0.07,0.0002,0.0702,0.0126,0.9971509971509973,0.002849002849002849,3.9804,0.1459,3.9804,0.0,0.0,0.0,0.0,3.9804,0.1459,4.1263,4.1288
550,0.0475,0.0,0.0476,0.0086,0.9978991596638654,0.0,2.4444,0.0326,2.4444,0.0,0.0,0.0,0.0,2.4444,0.0326,2.477,2.4773
551,0.0288,0.0005,0.0293,0.0053,0.9829351535836177,0.017064846416382253,1.5576,0.344,1.5576,0.0,0.0,0.0,0.0,1.5575999999999999,0.34400000000000003,1.9016,1.904
552,0.0377,0.0,0.0378,0.0068,0.9973544973544973,0.0,2.265,0.0074,2.2649,0.0,0.0,0.0,0.0,2.2649,0.0074,2.2723,2.2763
553,0.0465,0.0,0.0465,0.0084,1.0,0.0,2.787,0.0226,2.7869,0.0,0.0,0.0,0.0,2.7869,0.0226,2.8095000000000003,2.8089
554,0.0272,0.0,0.0272,0.0049,1.0,0.0,1.4667,0.0022,1.4665,0.0,0.0,0.0,0.0,1.4665,0.0021999999999999997,1.4687,1.4642
555,0.0764,0.0012,0.0776,0.014,0.9845360824742267,0.015463917525773195,4.1256,0.6825,4.1254,0.0,0.0,0.0,0.0,4.1254,0.6825000000000001,4.8079,4.8031
556,0.0808,0.0,0.0808,0.0145,1.0,0.0,4.3635,0.0042,4.3637,0.0002,0.0,0.0,0.0,4.3637,0.004200000000000001,4.3679,4.3639
557,0.0444,0.0001,0.0445,0.008,0.9977528089887642,0.0022471910112359553,2.6637,0.0473,2.6638,0.0001,0.0,0.0,0.0,2.6638,0.0473,2.7111,2.7145
558,0.0215,0.0014,0.0228,0.0041,0.9429824561403508,0.06140350877192982,1.1586,0.9933,1.1584,0.0,0.0,0.0,0.0,1.1583999999999999,0.9933000000000001,2.1517,2.1529
559,0.0836,0.0002,0.0838,0.0151,0.9976133651551312,0.002386634844868735,5.0163,0.1134,5.0163,0.0,0.0,0.0,0.0,5.016299999999999,0.1134,5.1297,5.1296
560,0.0841,0.0,0.0841,0.0151,1.0,0.0,4.5414,0.0019,4.5414,0.0,0.0,0.0,0.0,4.5414,0.0019,4.5433,4.5384
561,0.0829,0.0,0.0829,0.0149,1.0,0.0,4.2621,0.0091,4.2621,0.0,0.0,0.0,0.0,4.2621,0.009099999999999999,4.2712,4.2676
562,0.0606,0.0,0.0606,0.0109,1.0,0.0,3.1152,0.0263,3.1151,0.0,0.0,0.0,0.0,3.1151,0.0263,3.1414,3.139
563,0.0774,0.0001,0.0775,0.0139,0.9987096774193548,0.0012903225806451613,4.3998,0.0383,4.3998,0.0,0.0,0.0,0.0,4.3998,0.0383,4.4381,4.4332
564,0.0377,0.0,0.0378,0.0068,0.9973544973544973,0.0,2.265,0.0084,2.265,0.0,0.0,0.0,0.0,2.265,0.0084,2.2734,2.2724
565,0.0724,0.0025,0.0749,0.0135,0.9666221628838453,0.03337783711615488,3.9108,1.797,3.9108,0.0,0.0,0.0,0.0,3.9108,1.797,5.7078,5.7041
566,0.0294,0.0007,0.0301,0.0054,0.9767441860465117,0.023255813953488372,1.6722,0.4092,1.6721,0.0,0.0,0.0,0.0,1.6721,0.4092,2.0812999999999997,2.0842
567,0.0553,0.0002,0.0554,0.01,0.9981949458483755,0.0036101083032490976,2.8431,0.0964,2.8431,0.0,0.0,0.0,0.0,2.8430999999999997,0.0964,2.9395,2.9378
568,0.0236,0.0,0.0236,0.0043,1.0,0.0,1.4151,0.0177,1.4152,0.0001,0.0,0.0,0.0,1.4152,0.0177,1.4329,1.4299
569,0.0757,0.0,0.0757,0.0136,1.0,0.0,4.5414,0.0024,4.5414,0.0,0.0,0.0,0.0,4.5414,0.0024000000000000002,4.5438,4.5424
570,0.0917,0.0,0.0917,0.0165,1.0,0.0,4.7148,0.0024,4.7149,0.0001,0.0,0.0,0.0,4.7149,0.0024000000000000002,4.7173,4.719
571,0.0322,0.0,0.0322,0.0058,1.0,0.0,1.7379,0.0033,1.7379,0.0,0.0,0.0,0.0,1.7379000000000002,0.0033,1.7412000000000003,1.7437
572,0.0673,0.0002,0.0675,0.0121,0.9970370370370369,0.002962962962962963,3.6342,0.1249,3.6343,0.0001,0.0,0.0,0.0,3.6343,0.1249,3.7592,3.7602
573,0.0355,0.0,0.0355,0.0064,1.0,0.0,2.1309,0.0147,2.1309,0.0,0.0,0.0,0.0,2.1309,0.0147,2.1456,2.1472
574,0.0168,0.0,0.0168,0.003,1.0,0.0,1.0092,0.0121,1.0092,0.0,0.0,0.0,0.0,1.0091999999999999,0.0121,1.0212999999999999,1.0203
575,0.0196,0.0001,0.0197,0.0035,0.9949238578680203,0.005076142131979696,1.1787,0.0493,1.1787,0.0,0.0,0.0,0.0,1.1787,0.0493,1.228,1.2328
576,0.0327,0.0037,0.0365,0.0066,0.8958904109589042,0.10136986301369864,1.7682,2.6783,1.7681,0.0,0.0,0.0,0.0,1.7681,2.6782999999999997,4.4464,4.4509
577,0.0322,0.0002,0.0324,0.0058,0.9938271604938272,0.00617283950617284,1.7379,0.1441,1.7379,0.0,0.0,0.0,0.0,1.7379000000000002,0.1441,1.8820000000000001,1.8808
578,0.0975,0.0,0.0976,0.0176,0.9989754098360656,0.0,5.0163,0.0088,5.0164,0.0001,0.0,0.0,0.0,5.0164,0.0088,5.0252,5.0208
579,0.06,0.005,0.065,0.0117,0.923076923076923,0.07692307692307693,3.4119,3.1007,3.4117,0.0,0.0,0.0,0.0,3.4116999999999997,3.1007,6.5123999999999995,6.5171
580,0.0374,0.0015,0.0389,0.007,0.9614395886889462,0.03856041131105399,2.0184,1.0371,2.0184,0.0,0.0,0.0,0.0,2.0183999999999997,1.0371,3.0554999999999994,3.0536
581,0.0173,0.0001,0.0175,0.0031,0.9885714285714284,0.005714285714285714,1.0383,0.0992,1.0384,0.0001,0.0,0.0,0.0,1.0384,0.09920000000000001,1.1376,1.1339
582,0.0802,0.0,0.0802,0.0144,1.0,0.0,4.1256,0.0043,4.1256,0.0,0.0,0.0,0.0,4.1256,0.0043,4.1299,4.1292
583,0.0785,0.0,0.0785,0.0141,1.0,0.0,4.0368,0.0124,4.0369,0.0001,0.0,0.0,0.0,4.0369,0.012400000000000001,4.049300000000001,4.0522
584,0.0558,0.0,0.0558,0.01,1.0,0.0,3.171,0.0023,3.1708,0.0,0.0,0.0,0.0,3.1708,0.0023,3.1731,3.1741
585,0.0393,0.0,0.0393,0.0071,1.0,0.0,2.3574,0.0055,2.3574,0.0,0.0,0.0,0.0,2.3574,0.0055,2.3629000000000002,2.3661
586,0.0166,0.0012,0.0178,0.0032,0.9325842696629214,0.06741573033707865,0.9435,0.8705,0.9435,0.0,0.0,0.0,0.0,0.9435,0.8705,1.814,1.8094
587,0.0294,0.0006,0.03,0.0054,0.98,0.02,1.5138,0.4244,1.5138,0.0,0.0,0.0,0.0,1.5138000000000003,0.4244,1.9382000000000001,1.9385
588,0.0429,0.0008,0.0437,0.0079,0.9816933638443935,0.018306636155606407,2.3172,0.484,2.3171,0.0,0.0,0.0,0.0,2.3171,0.484,2.8011,2.8
589,0.0784,0.0055,0.084,0.0151,0.9333333333333332,0.06547619047619047,4.4592,3.0696,4.459,0.0,0.0,0.0,0.0,4.459,3.0696000000000003,7.5286,7.532
590,0.0415,0.0058,0.0473,0.0085,0.8773784355179705,0.12262156448202959,2.3574,3.7618,2.3574,0.0,0.0,0.0,0.0,2.3574,3.7618,6.1192,6.1154
591,0.0533,0.0018,0.055,0.0099,0.9690909090909091,0.03272727272727272,3.0276,1.1197,3.0276,0.0,0.0,0.0,0.0,3.0276000000000005,1.1197,4.1473,4.1439
592,0.0419,0.0,0.042,0.0076,0.9976190476190475,0.0,2.265,0.0062,2.265,0.0,0.0,0.0,0.0,2.265,0.0062,2.2712000000000003,2.2686
593,0.0459,0.0001,0.0459,0.0083,1.0,0.0021786492374727667,2.3586,0.0503,2.3586,0.0,0.0,0.0,0.0,2.3586,0.0503,2.4089,2.4071
594,0.0768,0.0003,0.077,0.0139,0.9974025974025973,0.0038961038961038957,4.3635,0.1714,4.3635,0.0,0.0,0.0,0.0,4.3635,0.1714,4.5349,4.5358
595,0.0493,0.0,0.0493,0.0089,1.0,0.0,2.6637,0.0033,2.6637,0.0,0.0,0.0,0.0,2.6637,0.0033,2.667,2.6663
596,0.0747,0.0001,0.0747,0.0135,1.0,0.0013386880856760374,4.2456,0.0411,4.2456,0.0,0.0,0.0,0.0,4.2456,0.0411,4.2867,4.2889
597,0.0355,0.0,0.0355,0.0064,1.0,0.0,2.1309,0.007,2.1311,0.0002,0.0,0.0,0.0,2.1311,0.006999999999999999,2.1381,2.1396
598,0.0367,0.0,0.0367,0.0066,1.0,0.0,1.887,0.0014,1.887,0.0,0.0,0.0,0.0,1.887,0.0013999999999999998,1.8884,1.8856
599,0.044,0.0001,0.0441,0.0079,0.9977324263038548,0.0022675736961451248,2.265,0.0497,2.2649,0.0,0.0,0.0,0.0,2.2649,0.0497,2.3146,2.3178
600,0.02,0.0,0.02,0.0036,1.0,0.0,1.1373,0.0027,1.1372,0.0,0.0,0.0,0.0,1.1372,0.0027,1.1399,1.1444
601,0.0542,0.0001,0.0543,0.0098,0.9981583793738489,0.001841620626151013,2.787,0.0738,2.7869,0.0,0.0,0.0,0.0,2.7869,0.0738,2.8607,2.8571
602,0.0909,0.0044,0.0953,0.0172,0.9538300104931794,0.04616998950682057,4.9092,3.1921,4.9091,0.0,0.0,0.0,0.0,4.9091000000000005,3.1921,8.1012,8.0986
603,0.0589,0.0022,0.0612,0.011,0.9624183006535948,0.03594771241830066,3.5361,1.382,3.5361,0.0,0.0,0.0,0.0,3.5361000000000002,1.3820000000000001,4.918100000000001,4.9163
604,0.0786,0.0001,0.0787,0.0142,0.9987293519695044,0.0012706480304955528,4.2456,0.0768,4.2457,0.0001,0.0,0.0,0.0,4.245699999999999,0.07680000000000001,4.3225,4.3233
605,0.0498,0.0,0.0498,0.009,1.0,0.0,2.8305,0.0036,2.8304,0.0,0.0,0.0,0.0,2.8304,0.0036,2.834,2.8389
606,0.0498,0.0005,0.0503,0.0091,0.9900596421471173,0.009940357852882704,2.8305,0.3555,2.8305,0.0,0.0,0.0,0.0,2.8305,0.35550000000000004,3.186,3.1837
607,0.0826,0.0006,0.0832,0.015,0.9927884615384617,0.007211538461538461,4.4592,0.3661,4.4592,0.0,0.0,0.0,0.0,4.4592,0.36610000000000004,4.8253,4.829
608,0.0415,0.0027,0.0442,0.008,0.9389140271493213,0.06108597285067873,2.3586,1.8429,2.3587,0.0001,0.0,0.0,0.0,2.3587,1.8429,4.2016,4.2017
609,0.0325,0.0,0.0325,0.0059,1.0,0.0,1.6722,0.0071,1.6722,0.0,0.0,0.0,0.0,1.6722000000000001,0.007099999999999999,1.6793000000000002,1.6773
610,0.0163,0.0012,0.0175,0.0031,0.9314285714285713,0.06857142857142856,0.9777,0.735,0.9777,0.0,0.0,0.0,0.0,0.9777,0.735,1.7127,1.7121
611,0.0192,0.0001,0.0193,0.0035,0.9948186528497408,0.0051813471502590676,1.0908,0.0471,1.0908,0.0,0.0,0.0,0.0,1.0908,0.0471,1.1379,1.1415
612,0.0561,0.0009,0.0569,0.0102,0.9859402460456942,0.015817223198594025,3.0276,0.5738,3.0276,0.0,0.0,0.0,0.0,3.0276000000000005,0.5738000000000001,3.601400000000001,3.6057
613,0.0483,0.0,0.0483,0.0087,1.0,0.0,2.8962,0.0353,2.8964,0.0002,0.0,0.0,0.0,2.8964,0.0353,2.9316999999999998,2.9364
614,0.0295,0.0,0.0295,0.0053,1.0,0.0,1.7682,0.004,1.7681,0.0,0.0,0.0,0.0,1.7681,0.004,1.7721,1.7767
615,0.0617,0.0,0.0617,0.0111,1.0,0.0,3.171,0.0022,3.171,0.0,0.0,0.0,0.0,3.171,0.0022,3.1732,3.1772
616,0.0288,0.0,0.0289,0.0052,0.9965397923875433,0.0,1.5576,0.005,1.5576,0.0,0.0,0.0,0.0,1.5575999999999999,0.005,1.5625999999999998,1.5608
617,0.0519,0.0003,0.0522,0.0094,0.9942528735632183,0.005747126436781608,3.1152,0.2112,3.1152,0.0,0.0,0.0,0.0,3.1151999999999997,0.2112,3.3263999999999996,3.3235
618,0.0285,0.0,0.0286,0.0051,0.9965034965034966,0.0,1.4667,0.0275,1.4667,0.0,0.0,0.0,0.0,1.4667,0.0275,1.4942,1.4918
619,0.0982,0.0014,0.0996,0.0179,0.9859437751004017,0.014056224899598395,5.3043,0.8484,5.3041,0.0,0.0,0.0,0.0,5.3041,0.8484,6.1525,6.1556
620,0.0691,0.0002,0.0692,0.0125,0.9985549132947976,0.0028901734104046246,3.7293,0.1048,3.7293,0.0,0.0,0.0,0.0,3.7293000000000003,0.10479999999999999,3.8341000000000003,3.8382
621,0.0519,0.0,0.0519,0.0093,1.0,0.0,3.1152,0.0051,3.1151,0.0,0.0,0.0,0.0,3.1151,0.0051,3.1202,3.1181
622,0.0407,0.0,0.0408,0.0073,0.997549019607843,0.0,2.4444,0.0077,2.4442,0.0,0.0,0.0,0.0,2.4442,0.007699999999999999,2.4518999999999997,2.4565
623,0.0182,0.0039,0.0221,0.004,0.8235294117647058,0.1764705882352941,1.0908,2.4888,1.0909,0.0001,0.0,0.0,0.0,1.0909,2.4888,3.5797,3.579
624,0.071,0.0004,0.0714,0.0129,0.9943977591036413,0.0056022408963585435,4.0368,0.3059,4.0369,0.0001,0.0,0.0,0.0,4.0369,0.3059,4.3428,4.344
625,0.0867,0.0018,0.0885,0.0159,0.9796610169491526,0.02033898305084746,4.4592,1.0431,4.4591,0.0,0.0,0.0,0.0,4.459099999999999,1.0431,5.502199999999999,5.4989
626,0.0319,0.0011,0.0329,0.0059,0.9696048632218844,0.033434650455927056,1.812,0.6906,1.812,0.0,0.0,0.0,0.0,1.8119999999999998,0.6906000000000001,2.5026,2.5008
627,0.0408,0.0014,0.0422,0.0076,0.966824644549763,0.03317535545023696,2.3172,0.9398,2.317,0.0,0.0,0.0,0.0,2.317,0.9398,3.2568,3.2594
628,0.0948,0.0023,0.0971,0.0175,0.9763130792996909,0.023686920700308957,5.1177,1.6825,5.1177,0.0,0.0,0.0,0.0,5.1177,1.6825,6.8002,6.8014
629,0.0679,0.0,0.068,0.0122,0.9985294117647059,0.0,4.077,0.0094,4.0769,0.0,0.0,0.0,0.0,4.0769,0.0094,4.0863000000000005,4.089
630,0.0336,0.0,0.0336,0.006,1.0,0.0,1.812,0.0018,1.812,0.0,0.0,0.0,0.0,1.8119999999999998,0.0018,1.8137999999999999,1.8142
631,0.0786,0.0,0.0786,0.0142,1.0,0.0,4.2456,0.0114,4.2456,0.0,0.0,0.0,0.0,4.2456,0.011399999999999999,4.257,4.2525
632,0.0365,0.0,0.0365,0.0066,1.0,0.0,2.0766,0.0086,2.0766,0.0,0.0,0.0,0.0,2.0766,0.0086,2.0852,2.0883
633,0.0848,0.0,0.0849,0.0153,0.9988221436984688,0.0,4.3635,0.0208,4.3635,0.0,0.0,0.0,0.0,4.3635,0.020800000000000003,4.3843000000000005,4.3805
634,0.0375,0.0017,0.0392,0.007,0.9566326530612245,0.04336734693877551,2.1309,1.0779,2.1311,0.0002,0.0,0.0,0.0,2.1311,1.0779,3.209,3.208
635,0.0505,0.0012,0.0517,0.0093,0.97678916827853,0.023210831721470017,2.7273,0.7807,2.7273,0.0,0.0,0.0,0.0,2.7273,0.7807,3.508,3.5077
636,0.0758,0.0014,0.0772,0.0139,0.9818652849740933,0.018134715025906734,4.5489,1.0187,4.549,0.0001,0.0,0.0,0.0,4.549,1.0187,5.5677,5.5675
637,0.0562,0.0,0.0562,0.0101,1.0,0.0,3.1965,0.0094,3.1965,0.0,0.0,0.0,0.0,3.1964999999999995,0.0094,3.2058999999999993,3.2095
638,0.0632,0.0002,0.0634,0.0114,0.996845425867508,0.003154574132492114,3.4119,0.1154,3.4118,0.0,0.0,0.0,0.0,3.4117999999999995,0.1154,3.5271999999999997,3.5273
639,0.0604,0.0,0.0604,0.0109,1.0,0.0,3.624,0.0026,3.6239,0.0,0.0,0.0,0.0,3.6239,0.0026,3.6265,3.6242
640,0.0589,0.0,0.0589,0.0106,1.0,0.0,3.0276,0.0043,3.0276,0.0,0.0,0.0,0.0,3.0276000000000005,0.0043,3.0319000000000007,3.0291
641,0.0419,0.0,0.042,0.0076,0.9976190476190475,0.0,2.265,0.0041,2.265,0.0,0.0,0.0,0.0,2.265,0.0041,2.2691000000000003,2.2681
642,0.1031,0.0001,0.1032,0.0186,0.999031007751938,0.0009689922480620156,5.3043,0.0494,5.3042,0.0,0.0,0.0,0.0,5.3042,0.0494,5.3536,5.3581
643,0.0688,0.0,0.0688,0.0124,1.0,0.0,4.1256,0.0227,4.1256,0.0,0.0,0.0,0.0,4.1256,0.022699999999999998,4.148300000000001,4.1452
644,0.0163,0.0,0.0163,0.0029,1.0,0.0,0.9777,0.0335,0.9777,0.0,0.0,0.0,0.0,0.9777,0.0335,1.0112,1.0079
645,0.0262,0.0001,0.0263,0.0047,0.9961977186311788,0.0038022813688212928,1.4151,0.0661,1.4153,0.0002,0.0,0.0,0.0,1.4153,0.06609999999999999,1.4814,1.4808
646,0.0377,0.0003,0.038,0.0068,0.9921052631578947,0.007894736842105263,2.265,0.2039,2.265,0.0,0.0,0.0,0.0,2.265,0.2039,2.4689,2.4683
647,0.0676,0.0007,0.0682,0.0123,0.9912023460410556,0.010263929618768328,3.4755,0.4566,3.4755,0.0,0.0,0.0,0.0,3.4755000000000003,0.4566,3.9321,3.9324
648,0.0285,0.0001,0.0287,0.0052,0.9930313588850175,0.003484320557491289,1.4667,0.0863,1.4666,0.0,0.0,0.0,0.0,1.4666000000000001,0.0863,1.5529000000000002,1.5521
649,0.0344,0.0,0.0344,0.0062,1.0,0.0,1.9554,0.0041,1.9554,0.0,0.0,0.0,0.0,1.9554,0.0041,1.9595,1.9552
650,0.0822,0.0018,0.084,0.0151,0.9785714285714284,0.021428571428571425,4.6728,1.1137,4.6726,0.0,0.0,0.0,0.0,4.6726,1.1137,5.7863,5.7865
651,0.0284,0.0028,0.0313,0.0056,0.9073482428115016,0.08945686900958466,1.7058,2.0433,1.7058,0.0,0.0,0.0,0.0,1.7058,2.0433,3.7491,3.7449
652,0.0327,0.0,0.0328,0.0059,0.996951219512195,0.0,1.7682,0.0208,1.768,0.0,0.0,0.0,0.0,1.7680000000000002,0.0208,1.7888000000000002,1.7884
653,0.0392,0.0001,0.0393,0.0071,0.9974554707379134,0.002544529262086514,2.0184,0.0387,2.0185,0.0001,0.0,0.0,0.0,2.0185,0.0387,2.0572,2.0586
654,0.0362,0.0,0.0362,0.0065,1.0,0.0,1.9554,0.019,1.9554,0.0,0.0,0.0,0.0,1.9554,0.019,1.9744,1.973
655,0.0622,0.0046,0.0668,0.012,0.9311377245508982,0.0688622754491018,3.5361,3.3134,3.5361,0.0,0.0,0.0,0.0,3.5361000000000002,3.3133999999999997,6.8495,6.8494
656,0.0258,0.0013,0.0271,0.0049,0.9520295202952029,0.04797047970479705,1.4667,0.9497,1.4665,0.0,0.0,0.0,0.0,1.4665,0.9497,2.4162,2.4169
657,0.0516,0.0037,0.0553,0.01,0.9330922242314647,0.06690777576853527,2.787,2.4828,2.7869,0.0,0.0,0.0,0.0,2.7869,2.4828,5.2697,5.2737
658,0.0785,0.0001,0.0786,0.0142,0.9987277353689568,0.001272264631043257,4.0368,0.0699,4.0369,0.0001,0.0,0.0,0.0,4.036899999999999,0.0699,4.106799999999999,4.106
659,0.0818,0.0,0.0818,0.0147,1.0,0.0,4.9092,0.0079,4.9092,0.0,0.0,0.0,0.0,4.9092,0.007899999999999999,4.9171000000000005,4.9148
660,0.0842,0.0007,0.0849,0.0153,0.9917550058892814,0.008244994110718492,4.5489,0.4401,4.549,0.0001,0.0,0.0,0.0,4.549,0.44010000000000005,4.9891000000000005,4.9917
661,0.0733,0.0001,0.0734,0.0132,0.9986376021798364,0.0013623978201634877,4.3998,0.0731,4.3998,0.0,0.0,0.0,0.0,4.3998,0.0731,4.4729,4.4689
662,0.0303,0.0005,0.0308,0.0055,0.9837662337662337,0.016233766233766232,1.5576,0.2931,1.5576,0.0,0.0,0.0,0.0,1.5575999999999999,0.2931,1.8506999999999998,1.8457
663,0.0518,0.0046,0.0564,0.0102,0.9184397163120568,0.08156028368794327,2.9469,3.2761,2.9468,0.0,0.0,0.0,0.0,2.9467999999999996,3.2761,6.222899999999999,6.2195
664,0.0743,0.0,0.0743,0.0134,1.0,0.0,4.4592,0.0167,4.4592,0.0,0.0,0.0,0.0,4.4592,0.0167,4.4759,4.4768
665,0.0619,0.0,0.062,0.0112,0.9983870967741935,0.0,3.3444,0.0229,3.3443,0.0,0.0,0.0,0.0,3.3442999999999996,0.0229,3.3671999999999995,3.3671
666,0.0434,0.0,0.0434,0.0078,1.0,0.0,2.2296,0.0192,2.2294,0.0,0.0,0.0,0.0,2.2294,0.019200000000000002,2.2486,2.2442
667,0.043,0.0,0.043,0.0077,1.0,0.0,2.4444,0.0018,2.4444,0.0,0.0,0.0,0.0,2.4444,0.0018,2.4461999999999997,2.4472
668,0.029,0.0002,0.0291,0.0052,0.9965635738831615,0.006872852233676976,1.7379,0.1277,1.7379,0.0,0.0,0.0,0.0,1.7379000000000002,0.12769999999999998,1.8656000000000001,1.8617
669,0.0786,0.0006,0.0792,0.0143,0.9924242424242424,0.007575757575757574,4.2456,0.3743,4.2457,0.0001,0.0,0.0,0.0,4.2457,0.37429999999999997,4.62,4.6233
670,0.0192,0.0013,0.0205,0.0037,0.9365853658536584,0.06341463414634146,1.0908,0.8457,1.0908,0.0,0.0,0.0,0.0,1.0908,0.8456999999999999,1.9364999999999999,1.9415
671,0.0606,0.0,0.0606,0.0109,1.0,0.0,3.2727,0.0081,3.2727,0.0,0.0,0.0,0.0,3.2727,0.0081,3.2808,3.2792
672,0.0225,0.0,0.0226,0.0041,0.995575221238938,0.0,1.1586,0.0179,1.1586,0.0,0.0,0.0,0.0,1.1585999999999999,0.0179,1.1764999999999999,1.1767
673,0.0779,0.0,0.0779,0.014,1.0,0.0,4.6728,0.0033,4.6727,0.0,0.0,0.0,0.0,4.672700000000001,0.0033,4.676000000000001,4.6798
674,0.0244,0.0006,0.0251,0.0045,0.9721115537848606,0.023904382470119518,1.4667,0.444,1.4666,0.0,0.0,0.0,0.0,1.4666000000000001,0.444,1.9106,1.9131
675,0.0491,0.0001,0.0491,0.0088,1.0,0.0020366598778004076,2.523,0.0402,2.523,0.0,0.0,0.0,0.0,2.5229999999999997,0.0402,2.5631999999999997,2.5662
676,0.0822,0.0,0.0822,0.0148,1.0,0.0,4.6728,0.0023,4.6727,0.0,0.0,0.0,0.0,4.6727,0.0023,4.675,4.6724
677,0.038,0.0,0.038,0.0068,1.0,0.0,1.9554,0.0038,1.9554,0.0,0.0,0.0,0.0,1.9554,0.0037999999999999996,1.9592,1.959
678,0.0275,0.0,0.0275,0.005,1.0,0.0,1.4151,0.0194,1.4152,0.0001,0.0,0.0,0.0,1.4152,0.0194,1.4346,1.4346
679,0.0181,0.0017,0.0198,0.0036,0.9141414141414141,0.08585858585858584,0.9777,1.14,0.9777,0.0,0.0,0.0,0.0,0.9777,1.1400000000000001,2.1177,2.1156
680,0.0786,0.0003,0.0789,0.0142,0.9961977186311788,0.0038022813688212928,4.2456,0.2275,4.2456,0.0,0.0,0.0,0.0,4.2456,0.2275,4.4731,4.4755
681,0.0589,0.0016,0.0605,0.0109,0.9735537190082645,0.02644628099173554,3.5361,1.1277,3.5361,0.0,0.0,0.0,0.0,3.5361000000000002,1.1277,4.6638,4.6609
682,0.0802,0.0008,0.081,0.0146,0.9901234567901234,0.009876543209876543,4.1256,0.5771,4.1256,0.0,0.0,0.0,0.0,4.1256,0.5771000000000001,4.7027,4.7056
683,0.0673,0.0,0.0673,0.0121,1.0,0.0,4.0368,0.0013,4.0369,0.0001,0.0,0.0,0.0,4.036899999999999,0.0013,4.038199999999999,4.042
684,0.0755,0.0001,0.0756,0.0136,0.9986772486772486,0.001322751322751323,4.077,0.0771,4.0769,0.0,0.0,0.0,0.0,4.0769,0.07709999999999999,4.154,4.1517
685,0.0327,0.0,0.0328,0.0059,0.996951219512195,0.0,1.7682,0.0038,1.7681,0.0,0.0,0.0,0.0,1.7681,0.0037999999999999996,1.7719,1.7723
686,0.0303,0.0016,0.0319,0.0057,0.9498432601880878,0.05015673981191223,1.6365,1.1752,1.6364,0.0,0.0,0.0,0.0,1.6364,1.1752,2.8116000000000003,2.8068
687,0.0294,0.0,0.0294,0.0053,1.0,0.0,1.6722,0.0109,1.6722,0.0,0.0,0.0,0.0,1.6722000000000001,0.0109,1.6831,1.6783
688,0.0589,0.0017,0.0606,0.0109,0.971947194719472,0.028052805280528052,3.5322,1.1766,3.5322,0.0,0.0,0.0,0.0,3.5322,1.1766,4.7088,4.7055
689,0.0183,0.0001,0.0183,0.0033,1.0,0.00546448087431694,1.0383,0.04,1.0383,0.0,0.0,0.0,0.0,1.0383,0.04,1.0783,1.0735
690,0.0688,0.0005,0.0693,0.0125,0.9927849927849928,0.007215007215007215,3.5361,0.3232,3.5361,0.0,0.0,0.0,0.0,3.5361000000000002,0.3232,3.8593,3.8641
691,0.0393,0.0006,0.0399,0.0072,0.9849624060150377,0.015037593984962405,2.3574,0.3865,2.3574,0.0,0.0,0.0,0.0,2.3574,0.3865,2.7439,2.7452
692,0.0873,0.0001,0.0874,0.0157,0.9988558352402745,0.0011441647597254005,4.7148,0.0587,4.7148,0.0,0.0,0.0,0.0,4.7148,0.0587,4.7735,4.7761
693,0.0737,0.0,0.0737,0.0133,1.0,0.0,3.9804,0.0043,3.9804,0.0,0.0,0.0,0.0,3.9804,0.0043,3.9847,3.9839
694,0.0236,0.0002,0.0238,0.0043,0.9915966386554621,0.008403361344537815,1.4151,0.0971,1.4152,0.0001,0.0,0.0,0.0,1.4152,0.09709999999999999,1.5123,1.5102
695,0.0421,0.0016,0.0437,0.0079,0.9633867276887871,0.036613272311212815,2.2746,1.1419,2.2746,0.0,0.0,0.0,0.0,2.2746,1.1419000000000001,3.4165,3.4136
696,0.0759,0.0002,0.0761,0.0137,0.9973718791064389,0.002628120893561104,3.9018,0.1636,3.9016,0.0,0.0,0.0,0.0,3.9015999999999997,0.16360000000000002,4.0652,4.0628
697,0.0408,0.0,0.0408,0.0073,1.0,0.0,2.3172,0.0125,2.3171,0.0,0.0,0.0,0.0,2.3171,0.0125,2.3296,2.331
698,0.0336,0.0,0.0336,0.0061,1.0,0.0,2.0184,0.0037,2.0184,0.0,0.0,0.0,0.0,2.0183999999999997,0.0037,2.0220999999999996,2.0253
699,0.0186,0.0,0.0186,0.0033,1.0,0.0,1.1148,0.0028,1.1147,0.0,0.0,0.0,0.0,1.1147,0.0028,1.1175,1.1219
700,0.0793,0.0012,0.0805,0.0145,0.9850931677018633,0.014906832298136644,4.077,0.8612,4.077,0.0,0.0,0.0,0.0,4.077,0.8612,4.9382,4.9413
701,0.0799,0.0007,0.0806,0.0145,0.9913151364764268,0.0086848635235732,4.7949,0.4552,4.7949,0.0,0.0,0.0,0.0,4.7949,0.4552,5.2501,5.2453
702,0.0279,0.0,0.0279,0.005,1.0,0.0,1.6722,0.0101,1.6721,0.0,0.0,0.0,0.0,1.6721,0.0101,1.6822,1.6841
703,0.0367,0.0006,0.0373,0.0067,0.9839142091152816,0.0160857908847185,1.887,0.3855,1.887,0.0,0.0,0.0,0.0,1.887,0.3855,2.2725,2.2738
704,0.0548,0.0001,0.0549,0.0099,0.9981785063752278,0.0018214936247723135,3.1152,0.0462,3.1152,0.0,0.0,0.0,0.0,3.1151999999999997,0.046200000000000005,3.1613999999999995,3.1571
705,0.0505,0.0,0.0505,0.0091,1.0,0.0,2.5959,0.0164,2.5959,0.0,0.0,0.0,0.0,2.5959,0.016399999999999998,2.6123,2.6092
706,0.0453,0.0013,0.0466,0.0084,0.9721030042918455,0.027896995708154505,2.4444,0.9531,2.4444,0.0,0.0,0.0,0.0,2.4444,0.9531,3.3975,3.3946
707,0.0362,0.0036,0.0399,0.0072,0.9072681704260653,0.09022556390977444,1.9554,2.1462,1.9554,0.0,0.0,0.0,0.0,1.9554,2.1462000000000003,4.1016,4.1018
708,0.0433,0.0,0.0433,0.0078,1.0,0.0,2.5959,0.0079,2.5959,0.0,0.0,0.0,0.0,2.5959,0.0079,2.6037999999999997,2.5997
709,0.0929,0.0004,0.0933,0.0168,0.9957127545551984,0.004287245444801716,5.0163,0.3104,5.0164,0.0001,0.0,0.0,0.0,5.0164,0.3104,5.3268,5.3248
710,0.0663,0.0011,0.0674,0.0121,0.9836795252225519,0.016320474777448073,3.9804,0.7605,3.9804,0.0,0.0,0.0,0.0,3.9804,0.7605,4.7409,4.7436
711,0.0294,0.0,0.0294,0.0053,1.0,0.0,1.5138,0.0054,1.5138,0.0,0.0,0.0,0.0,1.5138000000000003,0.0054,1.5192000000000003,1.5231
712,0.0168,0.0002,0.017,0.0031,0.9882352941176469,0.011764705882352941,1.0092,0.0973,1.0092,0.0,0.0,0.0,0.0,1.0091999999999999,0.0973,1.1064999999999998,1.1059
713,0.0742,0.0,0.0742,0.0134,1.0,0.0,3.8181,0.0047,3.8182,0.0001,0.0,0.0,0.0,3.8182,0.0047,3.8229,3.8183
714,0.0747,0.0027,0.0774,0.0139,0.9651162790697675,0.034883720930232565,4.2456,1.7267,4.2456,0.0,0.0,0.0,0.0,4.2456,1.7267000000000001,5.9723,5.9731
715,0.0355,0.0035,0.039,0.007,0.9102564102564101,0.08974358974358974,2.0184,2.1134,2.0184,0.0,0.0,0.0,0.0,2.0183999999999997,2.1134,4.1318,4.1326
716,0.0665,0.0007,0.0673,0.0121,0.9881129271916791,0.010401188707280832,3.4221,0.48,3.422,0.0,0.0,0.0,0.0,3.4219999999999997,0.48,3.9019999999999997,3.899
717,0.051,0.0,0.051,0.0092,1.0,0.0,2.8962,0.0034,2.8963,0.0001,0.0,0.0,0.0,2.8963,0.0034,2.8997,2.8959
718,0.0281,0.0,0.0281,0.0051,1.0,0.0,1.5984,0.0107,1.5984,0.0,0.0,0.0,0.0,1.5984000000000003,0.0107,1.6091000000000002,1.609
719,0.0617,0.0001,0.0617,0.0111,1.0,0.001620745542949757,3.171,0.0403,3.1709,0.0,0.0,0.0,0.0,3.1709,0.0403,3.2112,3.2066
720,0.0483,0.0032,0.0514,0.0093,0.9396887159533074,0.0622568093385214,2.8962,1.9159,2.8963,0.0001,0.0,0.0,0.0,2.8963,1.9159000000000002,4.812200000000001,4.8134
721,0.0322,0.0013,0.0335,0.006,0.9611940298507462,0.03880597014925373,1.7379,0.9289,1.7379,0.0,0.0,0.0,0.0,1.7379000000000002,0.9289000000000001,2.6668000000000003,2.6618
722,0.0498,0.0,0.0498,0.009,1.0,0.0,2.8305,0.003,2.8305,0.0,0.0,0.0,0.0,2.8305,0.003,2.8335,2.8367
723,0.0929,0.001,0.0939,0.0169,0.9893503727369541,0.010649627263045794,5.0163,0.5692,5.0164,0.0001,0.0,0.0,0.0,5.016399999999999,0.5691999999999999,5.5855999999999995,5.5858
724,0.0481,0.0,0.0481,0.0087,1.0,0.0,2.5959,0.0019,2.5959,0.0,0.0,0.0,0.0,2.5959,0.0019,2.5978,2.6025
725,0.0737,0.001,0.0748,0.0135,0.9852941176470588,0.013368983957219251,3.9804,0.6907,3.9804,0.0,0.0,0.0,0.0,3.9804,0.6907,4.6711,4.6728
726,0.0864,0.0004,0.0868,0.0156,0.9953917050691244,0.004608294930875576,4.9092,0.2936,4.9091,0.0,0.0,0.0,0.0,4.9091000000000005,0.29359999999999997,5.2027,5.1998
727,0.0266,0.003,0.0296,0.0053,0.8986486486486486,0.10135135135135134,1.5138,2.1521,1.5138,0.0,0.0,0.0,0.0,1.5138000000000003,2.1521,3.6659,3.6688
728,0.0168,0.0008,0.0176,0.0032,0.9545454545454545,0.045454545454545456,0.906,0.4619,0.9059,0.0,0.0,0.0,0.0,0.9058999999999999,0.4619,1.3678,1.3695
729,0.0533,0.0,0.0533,0.0096,1.0,0.0,3.1965,0.0037,3.1966,0.0001,0.0,0.0,0.0,3.1966,0.0037,3.2003,3.1981
730,0.0352,0.0,0.0353,0.0063,0.9971671388101984,0.0,1.812,0.0157,1.812,0.0,0.0,0.0,0.0,1.8119999999999998,0.0157,1.8276999999999999,1.8318
731,0.0707,0.0,0.0707,0.0127,1.0,0.0,3.6342,0.0253,3.6342,0.0,0.0,0.0,0.0,3.6342,0.0253,3.6595,3.6551
732,0.0459,0.0,0.0459,0.0083,1.0,0.0,2.3586,0.0129,2.3586,0.0,0.0,0.0,0.0,2.3586,0.0129,2.3715,2.3706
733,0.0882,0.0002,0.0884,0.0159,0.9977375565610859,0.002262443438914027,5.0163,0.1112,5.0164,0.0001,0.0,0.0,0.0,5.0164,0.1112,5.1276,5.1302
734,0.0965,0.0,0.0965,0.0174,1.0,0.0,5.2134,0.0026,5.2134,0.0,0.0,0.0,0.0,5.2134,0.0026,5.216,5.2134
735,0.0453,0.0001,0.0453,0.0082,1.0,0.002207505518763797,2.4444,0.0484,2.4444,0.0,0.0,0.0,0.0,2.4444,0.0484,2.4928,2.4902
736,0.0465,0.0,0.0465,0.0084,1.0,0.0,2.787,0.0195,2.787,0.0,0.0,0.0,0.0,2.787,0.0195,2.8064999999999998,2.8114
737,0.0656,0.0,0.0656,0.0118,1.0,0.0,3.7293,0.0021,3.7293,0.0,0.0,0.0,0.0,3.7293000000000003,0.0021000000000000003,3.7314000000000003,3.7303
738,0.0654,0.0003,0.0658,0.0118,0.993920972644377,0.004559270516717325,3.5322,0.2509,3.5322,0.0,0.0,0.0,0.0,3.5322,0.2509,3.7831,3.7824
739,0.0355,0.0007,0.0362,0.0065,0.9806629834254142,0.019337016574585635,2.1309,0.4164,2.131,0.0001,0.0,0.0,0.0,2.1310000000000002,0.4164,2.5474,2.5481
740,0.0841,0.0,0.0841,0.0151,1.0,0.0,4.5414,0.0042,4.5414,0.0,0.0,0.0,0.0,4.5414,0.0042,4.5456,4.5493
741,0.0322,0.0,0.0322,0.0058,1.0,0.0,1.7379,0.0047,1.7379,0.0,0.0,0.0,0.0,1.7379000000000002,0.0047,1.7426000000000001,1.7389
742,0.0229,0.0032,0.0261,0.0047,0.8773946360153256,0.12260536398467432,1.1787,2.3226,1.1787,0.0,0.0,0.0,0.0,1.1787,2.3226,3.5013,3.4997
743,0.0326,0.0006,0.0332,0.006,0.9819277108433734,0.018072289156626505,1.9554,0.3314,1.9555,0.0001,0.0,0.0,0.0,1.9555000000000002,0.33140000000000003,2.2869,2.29
744,0.0589,0.0,0.059,0.0106,0.9983050847457627,0.0,3.5361,0.0261,3.5361,0.0,0.0,0.0,0.0,3.5361000000000002,0.026099999999999998,3.5622000000000003,3.5651
745,0.0742,0.0004,0.0746,0.0134,0.9946380697050938,0.005361930294906166,3.8181,0.2551,3.8182,0.0001,0.0,0.0,0.0,3.8182,0.2551,4.0733,4.0714
746,0.0856,0.0001,0.0857,0.0154,0.9988331388564761,0.0011668611435239208,4.3998,0.0812,4.3998,0.0,0.0,0.0,0.0,4.3998,0.0812,4.481,4.4851
747,0.0589,0.0,0.0589,0.0106,1.0,0.0,3.5322,0.002,3.5322,0.0,0.0,0.0,0.0,3.5322,0.002,3.5342,3.5352
748,0.0663,0.0,0.0664,0.012,0.9984939759036144,0.0,3.9804,0.0335,3.9804,0.0,0.0,0.0,0.0,3.9804,0.0335,4.0139,4.0142
749,0.0168,0.0,0.0168,0.003,1.0,0.0,1.0092,0.0019,1.0092,0.0,0.0,0.0,0.0,1.0091999999999999,0.0018999999999999998,1.0110999999999999,1.0086
750,0.0932,0.0,0.0932,0.0168,1.0,0.0,4.7949,0.0055,4.7948,0.0,0.0,0.0,0.0,4.7948,0.0055,4.8003,4.8
751,0.0955,0.0,0.0955,0.0172,1.0,0.0,4.9092,0.0293,4.9091,0.0,0.0,0.0,0.0,4.9091000000000005,0.0293,4.938400000000001,4.9371
752,0.0227,0.0,0.0227,0.0041,1.0,0.0,1.359,0.0195,1.359,0.0,0.0,0.0,0.0,1.359,0.019499999999999997,1.3785,1.3767
753,0.0196,0.0,0.0197,0.0035,0.9949238578680203,0.0,1.1148,0.0286,1.1148,0.0,0.0,0.0,0.0,1.1148,0.0286,1.1434,1.1443
754,0.0173,0.0002,0.0175,0.0031,0.9885714285714284,0.011428571428571429,1.0383,0.1361,1.0384,0.0001,0.0,0.0,0.0,1.0384,0.1361,1.1745,1.1709
755,0.0576,0.0033,0.0608,0.011,0.9473684210526315,0.054276315789473686,3.2727,2.3492,3.2727,0.0,0.0,0.0,0.0,3.2727,2.3492,5.6219,5.617
756,0.0433,0.0,0.0433,0.0078,1.0,0.0,2.5959,0.0192,2.5959,0.0,0.0,0.0,0.0,2.5959,0.0192,2.6151,2.6187
757,0.0303,0.0005,0.0308,0.0055,0.9837662337662337,0.016233766233766232,1.6365,0.3384,1.6365,0.0,0.0,0.0,0.0,1.6364999999999998,0.33840000000000003,1.9748999999999999,1.9754
758,0.0769,0.0,0.0769,0.0139,1.0,0.0,4.1535,0.0203,4.1535,0.0,0.0,0.0,0.0,4.1535,0.0203,4.1738,4.1689
759,0.0562,0.0001,0.0563,0.0101,0.9982238010657193,0.0017761989342806395,3.1965,0.0512,3.1966,0.0001,0.0,0.0,0.0,3.1966,0.051199999999999996,3.2478000000000002,3.2517
760,0.0303,0.0031,0.0334,0.006,0.907185628742515,0.09281437125748503,1.6365,2.2098,1.6365,0.0,0.0,0.0,0.0,1.6364999999999998,2.2098,3.8463,3.842
761,0.0505,0.0001,0.0505,0.0091,1.0,0.0019801980198019802,2.5959,0.0435,2.5959,0.0,0.0,0.0,0.0,2.5959,0.0435,2.6393999999999997,2.6395
762,0.0489,0.0,0.0489,0.0088,1.0,0.0,2.9331,0.0249,2.9331,0.0,0.0,0.0,0.0,2.9331,0.0249,2.958,2.9607
763,0.0285,0.0001,0.0286,0.0052,0.9965034965034966,0.0034965034965034965,1.4667,0.066,1.4665,0.0,0.0,0.0,0.0,1.4665,0.066,1.5325,1.5364
764,0.0619,0.0027,0.0646,0.0116,0.9582043343653249,0.04179566563467492,3.3444,1.9194,3.3444,0.0,0.0,0.0,0.0,3.3444000000000003,1.9194,5.2638,5.2622
765,0.0434,0.0,0.0434,0.0078,1.0,0.0,2.2296,0.0078,2.2296,0.0,0.0,0.0,0.0,2.2296,0.0078,2.2374,2.2389
766,0.03,0.0001,0.0301,0.0054,0.9966777408637874,0.003322259136212625,1.7058,0.0577,1.7058,0.0,0.0,0.0,0.0,1.7058,0.0577,1.7635,1.7647
767,0.0864,0.0003,0.0867,0.0156,0.9965397923875433,0.003460207612456747,4.9092,0.2124,4.9091,0.0,0.0,0.0,0.0,4.9091000000000005,0.2124,5.1215,5.1171
768,0.0558,0.0,0.0558,0.01,1.0,0.0,3.171,0.0163,3.1709,0.0,0.0,0.0,0.0,3.1708999999999996,0.016300000000000002,3.1872,3.192
769,0.0826,0.0002,0.0828,0.0149,0.997584541062802,0.002415458937198068,4.2456,0.1296,4.2457,0.0001,0.0,0.0,0.0,4.2457,0.1296,4.3753,4.3791
770,0.0929,0.0026,0.0955,0.0172,0.9727748691099476,0.027225130890052355,5.0163,1.8789,5.0165,0.0002,0.0,0.0,0.0,5.0165,1.8788999999999998,6.8953999999999995,6.8996
771,0.057,0.0,0.0571,0.0103,0.9982486865148862,0.0,3.4221,0.011,3.422,0.0,0.0,0.0,0.0,3.4219999999999997,0.011,3.433,3.4286
772,0.0516,0.0,0.0516,0.0093,1.0,0.0,2.9331,0.0039,2.9332,0.0001,0.0,0.0,0.0,2.9332000000000003,0.0039,2.9371,2.9356
773,0.0543,0.0034,0.0577,0.0104,0.9410745233968804,0.05892547660311958,2.9331,2.2744,2.9332,0.0001,0.0,0.0,0.0,2.9332000000000003,2.2744,5.2076,5.2101
774,0.0172,0.0008,0.018,0.0032,0.9555555555555556,0.04444444444444445,0.9777,0.4841,0.9777,0.0,0.0,0.0,0.0,0.9777,0.4841,1.4618,1.4603
775,0.0673,0.0003,0.0676,0.0122,0.9955621301775148,0.004437869822485207,4.0368,0.1747,4.037,0.0002,0.0,0.0,0.0,4.037,0.1747,4.2116999999999996,4.216
776,0.0197,0.0001,0.0198,0.0036,0.9949494949494948,0.00505050505050505,1.0656,0.0433,1.0656,0.0,0.0,0.0,0.0,1.0656,0.043300000000000005,1.1089000000000002,1.1102
777,0.0955,0.0001,0.0955,0.0172,1.0,0.0010471204188481676,4.9092,0.049,4.9091,0.0,0.0,0.0,0.0,4.9091000000000005,0.049,4.958100000000001,4.9536
778,0.0713,0.0,0.0714,0.0128,0.9985994397759104,0.0,4.0548,0.0254,4.0548,0.0,0.0,0.0,0.0,4.0548,0.0254,4.0802000000000005,4.0777
779,0.0621,0.0026,0.0648,0.0117,0.9583333333333334,0.040123456790123455,3.5322,1.8836,3.5322,0.0,0.0,0.0,0.0,3.5322,1.8836,5.4158,5.4116
780,0.0505,0.0,0.0505,0.0091,1.0,0.0,2.5959,0.0124,2.5959,0.0,0.0,0.0,0.0,2.5959,0.0124,2.6083,2.6063
781,0.0644,0.0,0.0644,0.0116,1.0,0.0,3.4755,0.0046,3.4755,0.0,0.0,0.0,0.0,3.4755000000000003,0.0046,3.4801,3.478
782,0.0227,0.0001,0.0228,0.0041,0.9956140350877193,0.0043859649122807015,1.359,0.0925,1.359,0.0,0.0,0.0,0.0,1.359,0.0925,1.4515,1.4536
783,0.0652,0.0,0.0652,0.0117,1.0,0.0,3.9108,0.0136,3.9108,0.0,0.0,0.0,0.0,3.9108,0.0136,3.9244,3.9285
784,0.0229,0.0001,0.023,0.0041,0.9956521739130435,0.004347826086956522,1.1787,0.0566,1.1787,0.0,0.0,0.0,0.0,1.1787,0.0566,1.2353,1.2331
785,0.0665,0.0026,0.0691,0.0124,0.9623733719247469,0.03762662807525326,3.4221,1.8665,3.4221,0.0,0.0,0.0,0.0,3.4221000000000004,1.8665,5.288600000000001,5.2864
786,0.05,0.0,0.05,0.009,1.0,0.0,2.8431,0.0041,2.8431,0.0,0.0,0.0,0.0,2.8430999999999997,0.0040999999999999995,2.8472,2.8496
787,0.0483,0.002,0.0502,0.009,0.9621513944223108,0.0398406374501992,2.8962,1.3098,2.8963,0.0001,0.0,0.0,0.0,2.8963,1.3098,4.2061,4.208
788,0.053,0.0016,0.0546,0.0098,0.9706959706959706,0.029304029304029304,2.7273,0.9898,2.7273,0.0,0.0,0.0,0.0,2.7273,0.9898,3.7171000000000003,3.7212
789,0.0302,0.0,0.0302,0.0054,1.0,0.0,1.812,0.0307,1.8119,0.0,0.0,0.0,0.0,1.8119,0.030699999999999998,1.8426,1.8426
790,0.048,0.0,0.048,0.0086,1.0,0.0,2.7273,0.0291,2.7272,0.0,0.0,0.0,0.0,2.7272,0.0291,2.7563,2.7549
791,0.053,0.0021,0.0551,0.0099,0.9618874773139745,0.038112522686025406,2.7273,1.4904,2.7273,0.0,0.0,0.0,0.0,2.7273,1.4904000000000002,4.217700000000001,4.2161
792,0.0518,0.0007,0.0525,0.0095,0.9866666666666667,0.013333333333333334,2.9469,0.4196,2.9468,0.0,0.0,0.0,0.0,2.9467999999999996,0.41960000000000003,3.3663999999999996,3.3692
793,0.0774,0.0002,0.0776,0.014,0.997422680412371,0.002577319587628866,4.3998,0.1462,4.3996,0.0,0.0,0.0,0.0,4.3995999999999995,0.1462,4.5458,4.5475
794,0.0318,0.0,0.0318,0.0057,1.0,0.0,1.6365,0.002,1.6364,0.0,0.0,0.0,0.0,1.6364,0.002,1.6384,1.639
795,0.0699,0.0,0.0699,0.0126,1.0,0.0,3.774,0.011,3.7739,0.0,0.0,0.0,0.0,3.7739000000000003,0.011,3.7849000000000004,3.7893
796,0.075,0.0001,0.0751,0.0135,0.9986684420772303,0.0013315579227696406,4.2621,0.071,4.2621,0.0,0.0,0.0,0.0,4.2621,0.07100000000000001,4.3331,4.3288
797,0.0751,0.0,0.0751,0.0135,1.0,0.0,4.0548,0.0089,4.0548,0.0,0.0,0.0,0.0,4.0548,0.0089,4.0637,4.06
798,0.0266,0.0,0.0267,0.0048,0.99625468164794,0.0,1.5984,0.0215,1.5984,0.0,0.0,0.0,0.0,1.5984000000000003,0.021500000000000002,1.6199000000000003,1.6241
799,0.0516,0.0,0.0516,0.0093,1.0,0.0,2.787,0.0271,2.7869,0.0,0.0,0.0,0.0,2.7869,0.0271,2.814,2.8101
800,0.0377,0.0,0.0378,0.0068,0.9973544973544973,0.0,2.265,0.0093,2.2649,0.0,0.0,0.0,0.0,2.2649,0.0093,2.2742,2.2702
801,0.0577,0.0007,0.0584,0.0105,0.988013698630137,0.011986301369863013,3.1152,0.4625,3.1152,0.0,0.0,0.0,0.0,3.1151999999999997,0.4625,3.5776999999999997,3.576
802,0.0181,0.0,0.0181,0.0033,1.0,0.0,0.9777,0.0235,0.9777,0.0,0.0,0.0,0.0,0.9777,0.0235,1.0012,0.9979
803,0.0172,0.0003,0.0175,0.0031,0.9828571428571428,0.01714285714285714,0.9777,0.1978,0.9777,0.0,0.0,0.0,0.0,0.9777,0.1978,1.1755,1.1723
804,0.0713,0.0045,0.0758,0.0137,0.9406332453825857,0.05936675461741424,4.0548,3.2486,4.0548,0.0,0.0,0.0,0.0,4.0548,3.2486,7.3034,7.3037
805,0.0375,0.0007,0.0382,0.0069,0.9816753926701571,0.018324607329842934,2.1309,0.4097,2.1309,0.0,0.0,0.0,0.0,2.1309,0.40969999999999995,2.5406,2.5454
806,0.0434,0.0003,0.0436,0.0079,0.9954128440366973,0.006880733944954128,2.2296,0.1858,2.2296,0.0,0.0,0.0,0.0,2.2296,0.18580000000000002,2.4154,2.4109
807,0.0395,0.0004,0.0399,0.0072,0.9899749373433585,0.010025062656641605,2.1309,0.2917,2.131,0.0001,0.0,0.0,0.0,2.1310000000000002,0.29169999999999996,2.4227000000000003,2.4272
808,0.0433,0.0001,0.0433,0.0078,1.0,0.002309468822170901,2.5959,0.0348,2.5959,0.0,0.0,0.0,0.0,2.5959,0.0348,2.6307,2.6292
809,0.0826,0.0,0.0826,0.0149,1.0,0.0,4.2456,0.0077,4.2456,0.0,0.0,0.0,0.0,4.2456,0.0077,4.253299999999999,4.2521
810,0.0533,0.0008,0.054,0.0097,0.987037037037037,0.014814814814814815,3.0276,0.45,3.0276,0.0,0.0,0.0,0.0,3.0276000000000005,0.45,3.4776000000000007,3.48
811,0.0168,0.0003,0.0171,0.0031,0.9824561403508771,0.017543859649122806,0.906,0.2134,0.906,0.0,0.0,0.0,0.0,0.9059999999999999,0.2134,1.1194,1.1241
812,0.0558,0.0001,0.0559,0.0101,0.9982110912343471,0.001788908765652952,3.171,0.0754,3.171,0.0,0.0,0.0,0.0,3.171,0.0754,3.2464,3.251
813,0.0873,0.0001,0.0874,0.0157,0.9988558352402745,0.0011441647597254005,4.7148,0.0706,4.7148,0.0,0.0,0.0,0.0,4.7148,0.0706,4.7854,4.7904
814,0.0774,0.0025,0.0799,0.0144,0.9687108886107634,0.03128911138923655,4.3998,1.8222,4.3998,0.0,0.0,0.0,0.0,4.3998,1.8222,6.2219999999999995,6.2178
815,0.028,0.0009,0.029,0.0052,0.9655172413793103,0.031034482758620686,1.5138,0.6247,1.5139,0.0001,0.0,0.0,0.0,1.5139,0.6247,2.1386000000000003,2.136
816,0.0632,0.0,0.0632,0.0114,1.0,0.0,3.4119,0.0111,3.4117,0.0,0.0,0.0,0.0,3.4116999999999997,0.0111,3.4227999999999996,3.4184
817,0.0311,0.0003,0.0313,0.0056,0.9936102236421724,0.009584664536741212,1.5984,0.1548,1.5984,0.0,0.0,0.0,0.0,1.5984000000000003,0.1548,1.7532000000000003,1.752
818,0.0393,0.0,0.0393,0.0071,1.0,0.0,2.3586,0.0041,2.3586,0.0,0.0,0.0,0.0,2.3586,0.0041,2.3627000000000002,2.3615
819,0.0705,0.0005,0.071,0.0128,0.9929577464788732,0.007042253521126762,3.624,0.3474,3.624,0.0,0.0,0.0,0.0,3.6239999999999997,0.34740000000000004,3.9713999999999996,3.976
820,0.0413,0.0,0.0413,0.0074,1.0,0.0,2.2296,0.0068,2.2295,0.0,0.0,0.0,0.0,2.2295,0.0068,2.2363,2.2368
821,0.0731,0.0018,0.0749,0.0135,0.9759679572763685,0.02403204272363151,4.1535,1.1576,4.1535,0.0,0.0,0.0,0.0,4.1535,1.1576,5.3111,5.3107
822,0.0725,0.0,0.0725,0.0131,1.0,0.0,3.7293,0.002,3.7293,0.0,0.0,0.0,0.0,3.7293000000000003,0.002,3.7313,3.734
823,0.071,0.0001,0.0711,0.0128,0.9985935302390998,0.0014064697609001409,4.0368,0.0368,4.0368,0.0,0.0,0.0,0.0,4.0367999999999995,0.0368,4.0736,4.0723
824,0.0465,0.0038,0.0502,0.009,0.9262948207171314,0.07569721115537849,2.787,2.7265,2.7869,0.0,0.0,0.0,0.0,2.7869,2.7265,5.513400000000001,5.5162
825,0.0306,0.0001,0.0306,0.0055,1.0,0.0032679738562091504,1.7379,0.0367,1.7378,0.0,0.0,0.0,0.0,1.7378,0.036699999999999997,1.7745,1.7744
826,0.0742,0.0042,0.0785,0.0141,0.9452229299363057,0.05350318471337579,3.8181,2.6144,3.8182,0.0001,0.0,0.0,0.0,3.8181999999999996,2.6144,6.432599999999999,6.4278
827,0.0717,0.0,0.0718,0.0129,0.9986072423398328,0.0,4.077,0.0273,4.077,0.0,0.0,0.0,0.0,4.077,0.027299999999999998,4.1043,4.1015
828,0.0516,0.0001,0.0517,0.0093,0.9980657640232108,0.0019342359767891683,2.787,0.0705,2.787,0.0,0.0,0.0,0.0,2.787,0.07050000000000001,2.8575,2.8601
829,0.0227,0.0,0.0227,0.0041,1.0,0.0,1.359,0.0231,1.359,0.0,0.0,0.0,0.0,1.359,0.023100000000000002,1.3820999999999999,1.3845
830,0.0407,0.0002,0.0409,0.0074,0.9951100244498777,0.004889975550122249,2.4444,0.134,2.4444,0.0,0.0,0.0,0.0,2.4444,0.134,2.5784,2.5819
831,0.0451,0.0001,0.0452,0.0081,0.9977876106194691,0.002212389380530974,2.3172,0.1014,2.317,0.0,0.0,0.0,0.0,2.317,0.10139999999999999,2.4184,2.4227
832,0.0344,0.0,0.0344,0.0062,1.0,0.0,1.9554,0.0083,1.9554,0.0,0.0,0.0,0.0,1.9554,0.0083,1.9637,1.9678
833,0.0808,0.0033,0.084,0.0151,0.9619047619047618,0.039285714285714285,4.1535,2.1975,4.1535,0.0,0.0,0.0,0.0,4.1535,2.1975,6.351,6.354
834,0.0472,0.0001,0.0473,0.0085,0.9978858350951374,0.0021141649048625794,2.8305,0.0875,2.8305,0.0,0.0,0.0,0.0,2.8305,0.08750000000000001,2.9179999999999997,2.9144
835,0.0688,0.0,0.0688,0.0124,1.0,0.0,4.1256,0.0211,4.1255,0.0,0.0,0.0,0.0,4.125500000000001,0.0211,4.1466,4.1443
836,0.0707,0.0003,0.071,0.0128,0.9957746478873241,0.004225352112676056,3.8181,0.1577,3.8181,0.0,0.0,0.0,0.0,3.8181,0.1577,3.9758,3.9791
837,0.0933,0.0001,0.0934,0.0168,0.9989293361884368,0.0010706638115631692,5.3043,0.0647,5.3043,0.0,0.0,0.0,0.0,5.3043,0.06470000000000001,5.369,5.3689
838,0.0187,0.0021,0.0208,0.0037,0.8990384615384617,0.10096153846153846,1.0092,1.3591,1.0092,0.0,0.0,0.0,0.0,1.0091999999999999,1.3591,2.3682999999999996,2.3699
839,0.0885,0.0,0.0885,0.0159,1.0,0.0,4.5489,0.0032,4.5489,0.0,0.0,0.0,0.0,4.5489,0.0032,4.552099999999999,4.5472
840,0.0882,0.001,0.0893,0.0161,0.9876819708846584,0.011198208286674132,5.0163,0.7322,5.0163,0.0,0.0,0.0,0.0,5.016299999999999,0.7322000000000001,5.748499999999999,5.7518
841,0.09,0.0,0.0901,0.0162,0.9988901220865705,0.0,5.1177,0.0149,5.1177,0.0,0.0,0.0,0.0,5.1177,0.014899999999999998,5.1326,5.1283
842,0.0192,0.0003,0.0195,0.0035,0.9846153846153846,0.015384615384615384,1.0908,0.1441,1.0908,0.0,0.0,0.0,0.0,1.0908,0.1441,1.2349,1.2331
843,0.0374,0.0002,0.0376,0.0068,0.9946808510638299,0.005319148936170213,2.0184,0.1166,2.0184,0.0,0.0,0.0,0.0,2.0183999999999997,0.11660000000000001,2.135,2.1323
844,0.0656,0.0002,0.0658,0.0118,0.9969604863221886,0.0030395136778115506,3.7293,0.1258,3.7293,0.0,0.0,0.0,0.0,3.7293000000000003,0.1258,3.8551,3.8514
845,0.0229,0.0002,0.0232,0.0042,0.9870689655172414,0.008620689655172415,1.1787,0.1723,1.1787,0.0,0.0,0.0,0.0,1.1787,0.17229999999999998,1.351,1.3553
846,0.0589,0.0015,0.0603,0.0109,0.9767827529021559,0.024875621890547265,3.0276,1.0636,3.0277,0.0001,0.0,0.0,0.0,3.0277000000000003,1.0636,4.0913,4.088
847,0.0444,0.0,0.0444,0.008,1.0,0.0,2.6637,0.0049,2.6637,0.0,0.0,0.0,0.0,2.6637,0.0049,2.6686,2.6707
848,0.0799,0.0002,0.0802,0.0144,0.9962593516209477,0.002493765586034913,4.7949,0.1616,4.7948,0.0,0.0,0.0,0.0,4.7948,0.16160000000000002,4.9564,4.9587
849,0.0727,0.0,0.0728,0.0131,0.9986263736263736,0.0,4.3635,0.033,4.3636,0.0001,0.0,0.0,0.0,4.3636,0.033,4.3966,4.3944
850,0.0491,0.001,0.05,0.009,0.9819999999999999,0.02,2.523,0.714,2.523,0.0,0.0,0.0,0.0,2.5229999999999997,0.714,3.2369999999999997,3.2358
851,0.0181,0.0019,0.02,0.0036,0.905,0.095,0.9777,1.0861,0.9777,0.0,0.0,0.0,0.0,0.9777,1.0861,2.0638,2.0686
852,0.0285,0.0,0.0285,0.0051,1.0,0.0,1.4667,0.0163,1.4667,0.0,0.0,0.0,0.0,1.4667,0.016300000000000002,1.4829999999999999,1.4868
853,0.0196,0.0008,0.0204,0.0037,0.9607843137254901,0.0392156862745098,1.1787,0.4988,1.1787,0.0,0.0,0.0,0.0,1.1787,0.4988,1.6775000000000002,1.6745
854,0.0529,0.0,0.0529,0.0095,1.0,0.0,2.718,0.0357,2.7179,0.0,0.0,0.0,0.0,2.7179,0.035699999999999996,2.7536,2.7512
855,0.071,0.0,0.0711,0.0128,0.9985935302390998,0.0,4.2621,0.0271,4.262,0.0,0.0,0.0,0.0,4.2620000000000005,0.0271,4.2891,4.2857
856,0.0757,0.0001,0.0758,0.0136,0.9986807387862796,0.0013192612137203166,4.5414,0.0467,4.5414,0.0,0.0,0.0,0.0,4.5414,0.0467,4.588100000000001,4.5901
857,0.0589,0.0007,0.0596,0.0107,0.988255033557047,0.01174496644295302,3.0276,0.5066,3.0276,0.0,0.0,0.0,0.0,3.0276000000000005,0.5065999999999999,3.5342000000000002,3.5338
858,0.0172,0.0,0.0172,0.0031,1.0,0.0,0.9777,0.0047,0.9778,0.0001,0.0,0.0,0.0,0.9778,0.0047,0.9825,0.9836
859,0.057,0.0005,0.0576,0.0104,0.9895833333333334,0.008680555555555556,2.9331,0.3955,2.9332,0.0001,0.0,0.0,0.0,2.9332000000000003,0.3955,3.3287000000000004,3.3264
860,0.0663,0.0002,0.0665,0.012,0.9969924812030074,0.0030075187969924814,3.9804,0.1135,3.9804,0.0,0.0,0.0,0.0,3.9804,0.11350000000000002,4.0939,4.0938
861,0.0869,0.0001,0.087,0.0157,0.9988505747126438,0.001149425287356322,5.2134,0.0616,5.2134,0.0,0.0,0.0,0.0,5.2134,0.0616,5.275,5.2705
862,0.0176,0.0006,0.0183,0.0033,0.9617486338797815,0.032786885245901634,0.906,0.4406,0.9059,0.0,0.0,0.0,0.0,0.9058999999999999,0.4406,1.3464999999999998,1.3462
863,0.0642,0.0001,0.0643,0.0116,0.9984447900466562,0.0015552099533437016,3.3021,0.0428,3.3022,0.0001,0.0,0.0,0.0,3.3022,0.0428,3.345,3.3409
864,0.065,0.0001,0.0651,0.0117,0.9984639016897081,0.0015360983102918587,3.9018,0.0554,3.9018,0.0,0.0,0.0,0.0,3.9017999999999997,0.0554,3.9572,3.9613
865,0.0621,0.0,0.0621,0.0112,1.0,0.0,3.5322,0.0021,3.5322,0.0,0.0,0.0,0.0,3.5322,0.0021,3.5343,3.5345
866,0.0367,0.0003,0.037,0.0067,0.9918918918918921,0.008108108108108109,1.887,0.2111,1.887,0.0,0.0,0.0,0.0,1.887,0.2111,2.0981,2.0958
867,0.0264,0.0006,0.0271,0.0049,0.974169741697417,0.02214022140221402,1.359,0.4196,1.359,0.0,0.0,0.0,0.0,1.359,0.4196,1.7786,1.7817
868,0.065,0.0003,0.0653,0.0118,0.995405819295559,0.004594180704441041,3.9018,0.1836,3.9016,0.0,0.0,0.0,0.0,3.9015999999999997,0.1836,4.0851999999999995,4.0865
869,0.0636,0.0001,0.0638,0.0115,0.9968652037617556,0.0015673981191222572,3.2727,0.0862,3.2727,0.0,0.0,0.0,0.0,3.2727,0.0862,3.3588999999999998,3.359
870,0.0673,0.0004,0.0676,0.0122,0.9955621301775148,0.00591715976331361,4.0368,0.2539,4.0368,0.0,0.0,0.0,0.0,4.0367999999999995,0.2539,4.290699999999999,4.2877
871,0.0212,0.0,0.0212,0.0038,1.0,0.0,1.0908,0.004,1.0909,0.0001,0.0,0.0,0.0,1.0909,0.004,1.0949,1.096
872,0.0202,0.0,0.0202,0.0036,1.0,0.0,1.0383,0.002,1.0383,0.0,0.0,0.0,0.0,1.0383,0.002,1.0403,1.0413
873,0.0367,0.0019,0.0386,0.0069,0.9507772020725389,0.049222797927461134,1.887,1.141,1.887,0.0,0.0,0.0,0.0,1.887,1.141,3.028,3.03
874,0.0498,0.0012,0.051,0.0092,0.9764705882352941,0.023529411764705882,2.8305,0.8678,2.8305,0.0,0.0,0.0,0.0,2.8305,0.8678,3.6982999999999997,3.6978
875,0.0639,0.0001,0.064,0.0115,0.9984375,0.0015625,3.6342,0.0454,3.6343,0.0001,0.0,0.0,0.0,3.6343000000000005,0.045399999999999996,3.6797000000000004,3.6827
876,0.0395,0.0,0.0395,0.0071,1.0,0.0,2.1309,0.0033,2.1309,0.0,0.0,0.0,0.0,2.1309,0.0033,2.1342,2.1299
877,0.0478,0.0028,0.0507,0.0091,0.9428007889546351,0.055226824457593686,2.718,2.0451,2.718,0.0,0.0,0.0,0.0,2.718,2.0450999999999997,4.7631,4.7599
878,0.0516,0.0,0.0516,0.0093,1.0,0.0,2.787,0.0135,2.787,0.0,0.0,0.0,0.0,2.787,0.013499999999999998,2.8005,2.7969
879,0.0836,0.0,0.0836,0.0151,1.0,0.0,5.0163,0.0136,5.0164,0.0001,0.0,0.0,0.0,5.016399999999999,0.013600000000000001,5.029999999999999,5.0346
880,0.0392,0.0,0.0393,0.0071,0.9974554707379134,0.0,2.0184,0.0032,2.0184,0.0,0.0,0.0,0.0,2.0183999999999997,0.0031999999999999997,2.0216,2.0244
881,0.053,0.0004,0.0534,0.0096,0.99250936329588,0.00749063670411985,2.7273,0.2717,2.7273,0.0,0.0,0.0,0.0,2.7273,0.2717,2.999,2.9999
882,0.0638,0.0003,0.064,0.0115,0.996875,0.0046875,3.624,0.1653,3.624,0.0,0.0,0.0,0.0,3.6239999999999997,0.1653,3.7893,3.791
883,0.0178,0.0002,0.018,0.0032,0.9888888888888889,0.011111111111111113,1.0092,0.1412,1.0092,0.0,0.0,0.0,0.0,1.0091999999999999,0.1412,1.1503999999999999,1.1502
884,0.0793,0.0,0.0793,0.0143,1.0,0.0,4.077,0.0013,4.0768,0.0,0.0,0.0,0.0,4.0768,0.0013,4.0781,4.0791
885,0.04,0.0053,0.0453,0.0081,0.8830022075055188,0.11699779249448124,2.2746,3.512,2.2744,0.0,0.0,0.0,0.0,2.2744,3.5119999999999996,5.7863999999999995,5.7857
886,0.0288,0.0051,0.0339,0.0061,0.8495575221238938,0.1504424778761062,1.6365,2.8272,1.6365,0.0,0.0,0.0,0.0,1.6364999999999998,2.8272000000000004,4.4637,4.4672
887,0.0909,0.0,0.0909,0.0164,1.0,0.0,4.6728,0.0044,4.6727,0.0,0.0,0.0,0.0,4.6727,0.004399999999999999,4.6771,4.6788
888,0.0457,0.0,0.0457,0.0082,1.0,0.0,2.5959,0.0235,2.5959,0.0,0.0,0.0,0.0,2.5959,0.0235,2.6193999999999997,2.6152
889,0.0424,0.0,0.0424,0.0076,1.0,0.0,2.1819,0.0093,2.1819,0.0,0.0,0.0,0.0,2.1818999999999997,0.0093,2.1912,2.1914
890,0.0365,0.0004,0.0369,0.0066,0.9891598915989158,0.01084010840108401,2.0766,0.2188,2.0768,0.0002,0.0,0.0,0.0,2.0768,0.2188,2.2956,2.292
891,0.0755,0.0001,0.0756,0.0136,0.9986772486772486,0.001322751322751323,4.077,0.0572,4.0769,0.0,0.0,0.0,0.0,4.0769,0.0572,4.1341,4.1315
892,0.0296,0.0009,0.0305,0.0055,0.9704918032786886,0.029508196721311476,1.5984,0.6013,1.5984,0.0,0.0,0.0,0.0,1.5984000000000003,0.6013,2.1997,2.1999
893,0.0589,0.0002,0.0591,0.0106,0.9966159052453469,0.0033840947546531306,3.5322,0.156,3.5322,0.0,0.0,0.0,0.0,3.5322,0.156,3.6882,3.6872
894,0.0562,0.0029,0.0592,0.0107,0.9493243243243242,0.04898648648648648,3.1965,1.9292,3.1965,0.0,0.0,0.0,0.0,3.1964999999999995,1.9292,5.125699999999999,5.1273
895,0.0723,0.0,0.0723,0.013,1.0,0.0,3.9018,0.006,3.9016,0.0,0.0,0.0,0.0,3.9015999999999997,0.006,3.9075999999999995,3.9087
896,0.0212,0.0003,0.0215,0.0039,0.986046511627907,0.013953488372093023,1.0908,0.1873,1.0908,0.0,0.0,0.0,0.0,1.0908,0.1873,1.2781,1.2808
897,0.0465,0.0001,0.0465,0.0084,1.0,0.002150537634408602,2.787,0.0553,2.7869,0.0,0.0,0.0,0.0,2.7869,0.0553,2.8422,2.8427
898,0.0885,0.0,0.0885,0.0159,1.0,0.0,4.5489,0.0161,4.5489,0.0,0.0,0.0,0.0,4.5489,0.0161,4.5649999999999995,4.5618
899,0.0236,0.0006,0.0242,0.0044,0.9752066115702479,0.024793388429752063,1.4151,0.4667,1.4153,0.0002,0.0,0.0,0.0,1.4153,0.4667,1.8820000000000001,1.8811
900,0.0424,0.0005,0.0429,0.0077,0.9883449883449883,0.011655011655011656,2.1819,0.3426,2.1818,0.0,0.0,0.0,0.0,2.1818,0.3426,2.5244,2.5242
901,0.0455,0.0004,0.0458,0.0083,0.9934497816593886,0.008733624454148471,2.7273,0.274,2.7273,0.0,0.0,0.0,0.0,2.7273,0.274,3.0013,3.0026
902,0.0375,0.0002,0.0377,0.0068,0.9946949602122016,0.005305039787798409,2.1309,0.1191,2.131,0.0001,0.0,0.0,0.0,2.1310000000000002,0.1191,2.2501,2.2519
903,0.0491,0.0002,0.0493,0.0089,0.9959432048681541,0.004056795131845843,2.523,0.1582,2.5231,0.0001,0.0,0.0,0.0,2.5231,0.1582,2.6813,2.6809
904,0.0225,0.0,0.0225,0.0041,1.0,0.0,1.1586,0.0062,1.1586,0.0,0.0,0.0,0.0,1.1585999999999999,0.006200000000000001,1.1647999999999998,1.1609
905,0.0858,0.0039,0.0898,0.0162,0.955456570155902,0.043429844097995544,4.6341,2.6406,4.6341,0.0,0.0,0.0,0.0,4.6341,2.6406,7.2747,7.2797
906,0.0917,0.0023,0.094,0.0169,0.975531914893617,0.02446808510638298,5.2134,1.4696,5.2134,0.0,0.0,0.0,0.0,5.2134,1.4696000000000002,6.683,6.6866
907,0.0769,0.0005,0.0774,0.0139,0.9935400516795866,0.006459948320413437,4.1535,0.3081,4.1535,0.0,0.0,0.0,0.0,4.1535,0.3081,4.4616,4.4643
908,0.0421,0.0002,0.0423,0.0076,0.9952718676122931,0.0047281323877068565,2.523,0.1544,2.523,0.0,0.0,0.0,0.0,2.5229999999999997,0.1544,2.6773999999999996,2.6762
909,0.0326,0.0001,0.0327,0.0059,0.9969418960244647,0.0030581039755351682,1.9554,0.0656,1.9554,0.0,0.0,0.0,0.0,1.9554,0.06559999999999999,2.021,2.0221
910,0.0606,0.0012,0.0617,0.0111,0.9821717990275527,0.01944894651539708,3.1152,0.8452,3.1152,0.0,0.0,0.0,0.0,3.1151999999999997,0.8452,3.9604,3.9635
911,0.0533,0.0,0.0533,0.0096,1.0,0.0,3.1965,0.0129,3.1966,0.0001,0.0,0.0,0.0,3.1966,0.0129,3.2095000000000002,3.2076
912,0.0882,0.0,0.0883,0.0159,0.9988674971687429,0.0,5.0163,0.0031,5.0164,0.0001,0.0,0.0,0.0,5.0164,0.0031000000000000003,5.0195,5.0232
913,0.0856,0.0001,0.0856,0.0154,1.0,0.0011682242990654207,4.3998,0.0552,4.3998,0.0,0.0,0.0,0.0,4.3998,0.0552,4.455,4.4589
914,0.0882,0.0,0.0883,0.0159,0.9988674971687429,0.0,5.0163,0.0101,5.0164,0.0001,0.0,0.0,0.0,5.0164,0.0101,5.0265,5.0292
915,0.0392,0.0,0.0393,0.0071,0.9974554707379134,0.0,2.0184,0.0047,2.0185,0.0001,0.0,0.0,0.0,2.0185,0.0047,2.0232,2.0236
916,0.0589,0.0,0.0589,0.0106,1.0,0.0,3.5361,0.0062,3.5362,0.0001,0.0,0.0,0.0,3.5362,0.006200000000000001,3.5424,3.5431
917,0.029,0.0002,0.0292,0.0053,0.9931506849315069,0.006849315068493151,1.7379,0.1514,1.7379,0.0,0.0,0.0,0.0,1.7379000000000002,0.15139999999999998,1.8893000000000002,1.8854
918,0.07,0.0001,0.0701,0.0126,0.9985734664764624,0.0014265335235378034,3.9804,0.0766,3.9804,0.0,0.0,0.0,0.0,3.9804,0.0766,4.057,4.0569
919,0.0764,0.0,0.0764,0.0138,1.0,0.0,4.1256,0.0031,4.1254,0.0,0.0,0.0,0.0,4.1254,0.0031000000000000003,4.1285,4.1243
920,0.0467,0.0034,0.0501,0.009,0.9321357285429142,0.06786427145708583,2.523,2.4497,2.523,0.0,0.0,0.0,0.0,2.5229999999999997,2.4497,4.9727,4.9758
921,0.0622,0.0001,0.0622,0.0112,1.0,0.0016077170418006433,3.1965,0.0544,3.1965,0.0,0.0,0.0,0.0,3.1964999999999995,0.0544,3.2508999999999992,3.2516
922,0.0867,0.0,0.0867,0.0156,1.0,0.0,4.4592,0.0026,4.459,0.0,0.0,0.0,0.0,4.459,0.0026000000000000003,4.4616,4.4639
923,0.0836,0.0,0.0836,0.0151,1.0,0.0,5.0163,0.0169,5.0164,0.0001,0.0,0.0,0.0,5.016399999999999,0.016900000000000002,5.033299999999999,5.0314
924,0.0489,0.0004,0.0493,0.0089,0.9918864097363084,0.008113590263691685,2.9331,0.2805,2.9331,0.0,0.0,0.0,0.0,2.9331,0.2805,3.2136,3.2135
925,0.0505,0.0,0.0505,0.0091,1.0,0.0,2.5959,0.023,2.5959,0.0,0.0,0.0,0.0,2.5959,0.023,2.6189,2.6232
926,0.0424,0.0002,0.0427,0.0077,0.9929742388758782,0.00468384074941452,2.1819,0.1748,2.1819,0.0,0.0,0.0,0.0,2.1818999999999997,0.1748,2.3566999999999996,2.3561
927,0.0364,0.0,0.0364,0.0065,1.0,0.0,2.1819,0.0089,2.1819,0.0,0.0,0.0,0.0,2.1818999999999997,0.0089,2.1908,2.187
928,0.0503,0.0005,0.0508,0.0091,0.9901574803149606,0.00984251968503937,2.718,0.3158,2.7178,0.0,0.0,0.0,0.0,2.7178,0.31579999999999997,3.0336,3.0323
929,0.0533,0.0001,0.0534,0.0096,0.99812734082397,0.0018726591760299626,3.0276,0.0725,3.0276,0.0,0.0,0.0,0.0,3.0276000000000005,0.0725,3.1001000000000003,3.0952
930,0.0774,0.0,0.0774,0.0139,1.0,0.0,3.9804,0.0078,3.9804,0.0,0.0,0.0,0.0,3.9804,0.0078,3.9882,3.9908
931,0.0636,0.0052,0.0688,0.0124,0.9244186046511629,0.0755813953488372,3.8181,2.9913,3.8181,0.0,0.0,0.0,0.0,3.8181,2.9913,6.8094,6.8045
932,0.0218,0.0027,0.0245,0.0044,0.889795918367347,0.11020408163265306,1.1787,1.578,1.1787,0.0,0.0,0.0,0.0,1.1787,1.578,2.7567000000000004,2.7547
933,0.0723,0.0001,0.0724,0.013,0.9986187845303867,0.0013812154696132596,3.9018,0.0648,3.9017,0.0,0.0,0.0,0.0,3.9017,0.0648,3.9665,3.964
934,0.0346,0.0,0.0346,0.0062,1.0,0.0,2.0766,0.0019,2.0767,0.0001,0.0,0.0,0.0,2.0767,0.0018999999999999998,2.0786000000000002,2.078
935,0.0619,0.0002,0.0621,0.0112,0.9967793880837358,0.00322061191626409,3.3444,0.1268,3.3444,0.0,0.0,0.0,0.0,3.3444000000000003,0.1268,3.4712,3.4697
936,0.0687,0.0026,0.0713,0.0128,0.9635343618513323,0.0364656381486676,3.5322,1.8656,3.5322,0.0,0.0,0.0,0.0,3.5322,1.8656000000000001,5.3978,5.3972
937,0.0528,0.0,0.0529,0.0095,0.998109640831758,0.0,3.171,0.0099,3.1709,0.0,0.0,0.0,0.0,3.1708999999999996,0.009899999999999999,3.1807999999999996,3.1795
938,0.0285,0.0002,0.0287,0.0052,0.9930313588850175,0.006968641114982578,1.4667,0.1195,1.4667,0.0,0.0,0.0,0.0,1.4667,0.1195,1.5861999999999998,1.5829
939,0.0858,0.0043,0.0901,0.0162,0.9522752497225305,0.04772475027746948,4.6341,2.8906,4.6341,0.0,0.0,0.0,0.0,4.6341,2.8906,7.5247,7.5252
940,0.0386,0.0029,0.0415,0.0075,0.9301204819277109,0.06987951807228915,2.3172,1.9006,2.3171,0.0,0.0,0.0,0.0,2.3171,1.9006,4.2177,4.2129
941,0.0546,0.0004,0.055,0.0099,0.9927272727272728,0.007272727272727273,2.9469,0.2211,2.9467,0.0,0.0,0.0,0.0,2.9467,0.2211,3.1677999999999997,3.1711
942,0.0311,0.0003,0.0314,0.0056,0.9904458598726115,0.009554140127388535,1.5984,0.1954,1.5983,0.0,0.0,0.0,0.0,1.5983,0.1954,1.7937,1.7978
943,0.0419,0.0015,0.0434,0.0078,0.9654377880184332,0.03456221198156682,2.265,1.017,2.265,0.0,0.0,0.0,0.0,2.265,1.017,3.282,3.2853
944,0.0652,0.0003,0.0654,0.0118,0.9969418960244647,0.004587155963302752,3.9108,0.1757,3.9108,0.0,0.0,0.0,0.0,3.9108,0.1757,4.0865,4.0881
945,0.0529,0.001,0.0539,0.0097,0.9814471243042672,0.01855287569573284,2.718,0.7285,2.718,0.0,0.0,0.0,0.0,2.718,0.7284999999999999,3.4465,3.4495
946,0.0553,0.0,0.0553,0.01,1.0,0.0,2.8431,0.0039,2.8431,0.0,0.0,0.0,0.0,2.8430999999999997,0.0039,2.8469999999999995,2.8422
947,0.0621,0.0,0.0621,0.0112,1.0,0.0,3.5322,0.0049,3.5322,0.0,0.0,0.0,0.0,3.5322,0.0049,3.5371,3.5352
948,0.0815,0.0,0.0815,0.0147,1.0,0.0,4.6341,0.012,4.6341,0.0,0.0,0.0,0.0,4.6341,0.012,4.6461,4.6493
949,0.0784,0.0034,0.0819,0.0147,0.9572649572649572,0.04151404151404151,4.4592,2.3102,4.4592,0.0,0.0,0.0,0.0,4.4592,2.3102,6.7694,6.7716
950,0.071,0.0001,0.0711,0.0128,0.9985935302390998,0.0014064697609001409,4.2621,0.0671,4.2621,0.0,0.0,0.0,0.0,4.2621,0.0671,4.3292,4.3253
951,0.0856,0.0,0.0856,0.0154,1.0,0.0,4.3998,0.0172,4.3997,0.0,0.0,0.0,0.0,4.399699999999999,0.0172,4.416899999999999,4.4169
952,0.028,0.0,0.028,0.005,1.0,0.0,1.5138,0.0075,1.5138,0.0,0.0,0.0,0.0,1.5138000000000003,0.0075,1.5213000000000003,1.5231
953,0.0414,0.0,0.0414,0.0075,1.0,0.0,2.1309,0.0037,2.1309,0.0,0.0,0.0,0.0,2.1309,0.0037,2.1346,2.1363
954,0.0288,0.0034,0.0322,0.0058,0.8944099378881988,0.10559006211180123,1.5576,2.3109,1.5576,0.0,0.0,0.0,0.0,1.5575999999999999,2.3109,3.8685,3.8731
955,0.0948,0.0,0.0948,0.0171,1.0,0.0,5.1177,0.0065,5.1176,0.0,0.0,0.0,0.0,5.1175999999999995,0.006500000000000001,5.124099999999999,5.1222
956,0.0505,0.0,0.0505,0.0091,1.0,0.0,3.0276,0.023,3.0276,0.0,0.0,0.0,0.0,3.0276000000000005,0.023,3.0506000000000006,3.0526
957,0.0375,0.0,0.0375,0.0068,1.0,0.0,2.1309,0.0176,2.1309,0.0,0.0,0.0,0.0,2.1309,0.0176,2.1485,2.1509
958,0.0252,0.0012,0.0264,0.0048,0.9545454545454546,0.04545454545454545,1.5138,0.8767,1.5138,0.0,0.0,0.0,0.0,1.5138000000000003,0.8766999999999999,2.3905000000000003,2.3929
959,0.0705,0.0,0.0705,0.0127,1.0,0.0,3.624,0.0212,3.6239,0.0,0.0,0.0,0.0,3.6239,0.0212,3.6451,3.6475
960,0.0842,0.0,0.0843,0.0152,0.9988137603795967,0.0,4.5489,0.032,4.5489,0.0,0.0,0.0,0.0,4.5489,0.032,4.5809,4.5803
961,0.0717,0.0015,0.0733,0.0132,0.9781718963165075,0.020463847203274214,4.077,1.0149,4.0769,0.0,0.0,0.0,0.0,4.0769,1.0149,5.0918,5.0886
962,0.0717,0.0,0.0717,0.0129,1.0,0.0,4.077,0.0012,4.077,0.0,0.0,0.0,0.0,4.077,0.0012,4.0782,4.082
963,0.0713,0.0016,0.073,0.0131,0.9767123287671233,0.021917808219178086,4.0548,1.1755,4.0548,0.0,0.0,0.0,0.0,4.0548,1.1755,5.2303,5.2306
964,0.0867,0.0002,0.0869,0.0156,0.9976985040276178,0.0023014959723820483,4.4592,0.1154,4.459,0.0,0.0,0.0,0.0,4.459,0.1154,4.5744,4.5724
965,0.0737,0.0018,0.0755,0.0136,0.9761589403973511,0.02384105960264901,3.9804,1.1731,3.9804,0.0,0.0,0.0,0.0,3.9804,1.1731,5.1535,5.155
966,0.019,0.0026,0.0216,0.0039,0.8796296296296295,0.12037037037037036,1.1373,1.5582,1.1373,0.0,0.0,0.0,0.0,1.1373,1.5582,2.6955,2.6912
967,0.0818,0.0,0.0818,0.0147,1.0,0.0,4.9092,0.0171,4.9091,0.0,0.0,0.0,0.0,4.9091000000000005,0.017099999999999997,4.926200000000001,4.9279
968,0.0433,0.0,0.0433,0.0078,1.0,0.0,2.5959,0.0086,2.5959,0.0,0.0,0.0,0.0,2.5959,0.0086,2.6045,2.606
969,0.0909,0.0011,0.092,0.0166,0.9880434782608696,0.011956521739130435,4.6728,0.8205,4.6726,0.0,0.0,0.0,0.0,4.6726,0.8205,5.4931,5.4915
970,0.0789,0.0,0.0789,0.0142,1.0,0.0,4.2621,0.008,4.2621,0.0,0.0,0.0,0.0,4.2621,0.008,4.2701,4.2718
971,0.0316,0.0,0.0316,0.0057,1.0,0.0,1.7058,0.0032,1.7058,0.0,0.0,0.0,0.0,1.7058,0.0032,1.709,1.7129
972,0.07,0.0004,0.0704,0.0127,0.9943181818181819,0.005681818181818182,3.9804,0.2989,3.9804,0.0,0.0,0.0,0.0,3.9804,0.2989,4.2793,4.2771
973,0.0355,0.0,0.0355,0.0064,1.0,0.0,2.0184,0.0219,2.0184,0.0,0.0,0.0,0.0,2.0183999999999997,0.0219,2.0403,2.0375
974,0.0884,0.0005,0.0889,0.016,0.9943757030371203,0.00562429696287964,5.3043,0.3643,5.3042,0.0,0.0,0.0,0.0,5.3042,0.3643,5.6685,5.6692
975,0.0734,0.0,0.0734,0.0132,1.0,0.0,3.774,0.0014,3.7739,0.0,0.0,0.0,0.0,3.7739000000000003,0.0013999999999999998,3.7753,3.7739
976,0.0622,0.0,0.0622,0.0112,1.0,0.0,3.1965,0.0189,3.1965,0.0,0.0,0.0,0.0,3.1964999999999995,0.0189,3.2153999999999994,3.219
977,0.0489,0.0,0.0489,0.0088,1.0,0.0,2.9331,0.0051,2.9331,0.0,0.0,0.0,0.0,2.9331,0.0051,2.9382,2.9363
978,0.0563,0.0003,0.0566,0.0102,0.9946996466431096,0.005300353356890459,2.8962,0.1865,2.8962,0.0,0.0,0.0,0.0,2.8962000000000003,0.1865,3.0827000000000004,3.0786
979,0.0157,0.0003,0.016,0.0029,0.9812499999999998,0.01875,0.9435,0.2065,0.9435,0.0,0.0,0.0,0.0,0.9435,0.2065,1.15,1.1461
980,0.0414,0.0,0.0414,0.0075,1.0,0.0,2.1309,0.0057,2.131,0.0001,0.0,0.0,0.0,2.1310000000000002,0.0057,2.1367000000000003,2.1388
981,0.0933,0.0029,0.0962,0.0173,0.9698544698544699,0.030145530145530144,5.3043,1.7605,5.3043,0.0,0.0,0.0,0.0,5.3043,1.7605,7.0648,7.0601
982,0.0751,0.0001,0.0752,0.0135,0.9986702127659574,0.0013297872340425532,4.0548,0.1078,4.0549,0.0001,0.0,0.0,0.0,4.0549,0.1078,4.1627,4.1618
983,0.0529,0.0,0.0529,0.0095,1.0,0.0,2.718,0.0015,2.718,0.0,0.0,0.0,0.0,2.718,0.0015,2.7195,2.7202
984,0.0717,0.0,0.0717,0.0129,1.0,0.0,4.077,0.0029,4.077,0.0,0.0,0.0,0.0,4.077,0.0029,4.0799,4.0846
985,0.0664,0.0001,0.0665,0.012,0.9984962406015038,0.0015037593984962407,3.774,0.0699,3.7739,0.0,0.0,0.0,0.0,3.7739000000000003,0.0699,3.8438000000000003,3.8414
986,0.0688,0.0,0.0688,0.0124,1.0,0.0,4.1256,0.016,4.1256,0.0,0.0,0.0,0.0,4.1256,0.016,4.1416,4.1455
987,0.0822,0.0033,0.0855,0.0154,0.9614035087719297,0.03859649122807017,4.6728,2.3817,4.6727,0.0,0.0,0.0,0.0,4.6727,2.3817000000000004,7.0544,7.0544
988,0.0296,0.0039,0.0335,0.006,0.8835820895522388,0.11641791044776117,1.5984,2.2756,1.5984,0.0,0.0,0.0,0.0,1.5984000000000003,2.2756000000000003,3.8740000000000006,3.8778
989,0.0725,0.0,0.0726,0.0131,0.9986225895316804,0.0,3.7293,0.0325,3.7293,0.0,0.0,0.0,0.0,3.7293000000000003,0.0325,3.7618000000000005,3.7624
990,0.0672,0.0,0.0672,0.0121,1.0,0.0,3.8181,0.0175,3.8182,0.0001,0.0,0.0,0.0,3.8182,0.0175,3.8357,3.8308
991,0.0392,0.0004,0.0397,0.0071,0.9874055415617128,0.010075566750629724,2.0184,0.2655,2.0184,0.0,0.0,0.0,0.0,2.0183999999999997,0.2655,2.2838999999999996,2.2817
992,0.0489,0.0,0.0489,0.0088,1.0,0.0,2.9331,0.0024,2.9331,0.0,0.0,0.0,0.0,2.9331,0.0024,2.9355,2.9324
993,0.057,0.0002,0.0572,0.0103,0.9965034965034966,0.0034965034965034965,3.4221,0.1255,3.4221,0.0,0.0,0.0,0.0,3.4221000000000004,0.1255,3.5476000000000005,3.5505
994,0.0673,0.0,0.0673,0.0121,1.0,0.0,3.6342,0.018,3.6342,0.0,0.0,0.0,0.0,3.6342,0.018,3.6521999999999997,3.6554
995,0.0459,0.0017,0.0475,0.0086,0.9663157894736842,0.035789473684210524,2.3586,1.0238,2.3586,0.0,0.0,0.0,0.0,2.3586,1.0238,3.3824,3.3797
996,0.038,0.0,0.038,0.0068,1.0,0.0,1.9554,0.016,1.9555,0.0001,0.0,0.0,0.0,1.9555000000000002,0.016,1.9715000000000003,1.9685
997,0.0442,0.0002,0.0444,0.008,0.9954954954954955,0.0045045045045045045,2.2746,0.1486,2.2746,0.0,0.0,0.0,0.0,2.2746,0.1486,2.4232,2.421
998,0.028,0.0001,0.0282,0.0051,0.9929078014184397,0.003546099290780142,1.5138,0.088,1.5139,0.0001,0.0,0.0,0.0,1.5139,0.088,1.6019,1.5995
999,0.026,0.0003,0.0263,0.0047,0.988593155893536,0.011406844106463877,1.5576,0.2283,1.5574,0.0,0.0,0.0,0.0,1.5574,0.2283,1.7856999999999998,1.7845
1000,0.0505,0.0,0.0505,0.0091,1.0,0.0,2.7273,0.0028,2.7272,0.0,0.0,0.0,0.0,2.7272,0.0028,2.73,2.7334
1001,0.0901,0.0,0.0901,0.0162,1.0,0.0,4.6341,0.0019,4.6341,0.0,0.0,0.0,0.0,4.6341,0.0018999999999999998,4.636,4.6374
1002,0.0183,0.0004,0.0187,0.0034,0.9786096256684491,0.0213903743315508,1.0383,0.2877,1.0383,0.0,0.0,0.0,0.0,1.0383,0.2877,1.326,1.324
1003,0.0229,0.0003,0.0232,0.0042,0.9870689655172414,0.01293103448275862,1.1787,0.2005,1.1787,0.0,0.0,0.0,0.0,1.1787,0.2005,1.3792,1.3766
1004,0.0279,0.001,0.0289,0.0052,0.9653979238754327,0.03460207612456748,1.6722,0.685,1.6722,0.0,0.0,0.0,0.0,1.6722000000000001,0.685,2.3572,2.353
1005,0.0303,0.0001,0.0304,0.0055,0.9967105263157895,0.0032894736842105266,1.6365,0.0399,1.6364,0.0,0.0,0.0,0.0,1.6364,0.039900000000000005,1.6763000000000001,1.6713
1006,0.0151,0.0001,0.0152,0.0027,0.993421052631579,0.006578947368421053,0.906,0.0423,0.906,0.0,0.0,0.0,0.0,0.9059999999999999,0.042300000000000004,0.9482999999999999,0.9532
1007,0.0638,0.0,0.0638,0.0115,1.0,0.0,3.624,0.0031,3.6239,0.0,0.0,0.0,0.0,3.6239,0.0031,3.627,3.6226
1008,0.0602,0.0008,0.0611,0.011,0.9852700490998363,0.01309328968903437,3.4221,0.5194,3.422,0.0,0.0,0.0,0.0,3.4219999999999997,0.5194,3.9414,3.9372
1009,0.0965,0.0034,0.0999,0.018,0.965965965965966,0.03403403403403403,5.2134,2.1879,5.2134,0.0,0.0,0.0,0.0,5.2134,2.1879,7.4013,7.4017
1010,0.0344,0.0,0.0344,0.0062,1.0,0.0,1.9554,0.0019,1.9554,0.0,0.0,0.0,0.0,1.9554,0.0018999999999999998,1.9573,1.9562
1011,0.0822,0.0,0.0822,0.0148,1.0,0.0,4.6728,0.0177,4.6728,0.0,0.0,0.0,0.0,4.6728000000000005,0.0177,4.6905,4.6924
1012,0.0415,0.0,0.0415,0.0075,1.0,0.0,2.3586,0.0037,2.3587,0.0001,0.0,0.0,0.0,2.3587,0.0037,2.3623999999999996,2.3665
1013,0.0318,0.0004,0.0322,0.0058,0.9875776397515529,0.012422360248447206,1.6365,0.2667,1.6364,0.0,0.0,0.0,0.0,1.6364,0.2667,1.9031,1.9069
1014,0.0244,0.0001,0.0246,0.0044,0.9918699186991871,0.0040650406504065045,1.4667,0.093,1.4666,0.0,0.0,0.0,0.0,1.4666000000000001,0.093,1.5596,1.56
1015,0.0327,0.0009,0.0336,0.0061,0.9732142857142858,0.026785714285714288,1.7682,0.5627,1.7681,0.0,0.0,0.0,0.0,1.7681,0.5627,2.3308,2.3284
1016,0.0472,0.0,0.0472,0.0085,1.0,0.0,2.8305,0.0083,2.8305,0.0,0.0,0.0,0.0,2.8305,0.0083,2.8388,2.8398
1017,0.0311,0.0031,0.0342,0.0061,0.9093567251461988,0.09064327485380116,1.5984,2.2131,1.5984,0.0,0.0,0.0,0.0,1.5984000000000003,2.2131,3.8115,3.8128
1018,0.0311,0.0,0.0311,0.0056,1.0,0.0,1.7682,0.0116,1.768,0.0,0.0,0.0,0.0,1.7680000000000002,0.0116,1.7796000000000003,1.7784
1019,0.0917,0.0008,0.0925,0.0167,0.9913513513513514,0.008648648648648649,4.7148,0.6071,4.7148,0.0,0.0,0.0,0.0,4.7148,0.6071,5.3219,5.3241
1020,0.0364,0.0,0.0364,0.0065,1.0,0.0,2.1819,0.0045,2.1819,0.0,0.0,0.0,0.0,2.1818999999999997,0.0045,2.1864,2.1835
1021,0.0279,0.0,0.0279,0.005,1.0,0.0,1.6722,0.025,1.6721,0.0,0.0,0.0,0.0,1.6721,0.024999999999999998,1.6970999999999998,1.6926
1022,0.0717,0.0,0.0718,0.0129,0.9986072423398328,0.0,4.077,0.0241,4.077,0.0,0.0,0.0,0.0,4.077,0.024100000000000003,4.1011,4.0998
1023,0.0433,0.0001,0.0433,0.0078,1.0,0.002309468822170901,2.5959,0.0471,2.5959,0.0,0.0,0.0,0.0,2.5959,0.0471,2.643,2.6452
1024,0.0883,0.0006,0.0889,0.016,0.9932508436445444,0.006749156355455567,4.5414,0.4417,4.5414,0.0,0.0,0.0,0.0,4.5414,0.4417,4.9831,4.9841
1025,0.0557,0.0,0.0557,0.01,1.0,0.0,3.3444,0.0027,3.3444,0.0,0.0,0.0,0.0,3.3444000000000003,0.0027,3.3471,3.3473
1026,0.0178,0.0009,0.0186,0.0034,0.956989247311828,0.048387096774193554,1.0656,0.6212,1.0656,0.0,0.0,0.0,0.0,1.0656,0.6212,1.6868,1.6854
1027,0.0285,0.0,0.0285,0.0051,1.0,0.0,1.4667,0.009,1.4667,0.0,0.0,0.0,0.0,1.4667,0.009000000000000001,1.4756999999999998,1.4756
1028,0.0444,0.0029,0.0473,0.0085,0.9386892177589852,0.06131078224101479,2.523,1.847,2.523,0.0,0.0,0.0,0.0,2.5229999999999997,1.847,4.369999999999999,4.3657
1029,0.0491,0.0002,0.0492,0.0089,0.9979674796747967,0.0040650406504065045,2.523,0.1177,2.523,0.0,0.0,0.0,0.0,2.5229999999999997,0.1177,2.6407,2.6429
1030,0.0365,0.0,0.0365,0.0066,1.0,0.0,2.0766,0.0036,2.0767,0.0001,0.0,0.0,0.0,2.0767,0.0036,2.0803000000000003,2.0789
1031,0.0207,0.0,0.0207,0.0037,1.0,0.0,1.1787,0.0032,1.1787,0.0,0.0,0.0,0.0,1.1787,0.0032,1.1819000000000002,1.1805
1032,0.0192,0.0025,0.0217,0.0039,0.8847926267281105,0.1152073732718894,1.0383,1.7856,1.0384,0.0001,0.0,0.0,0.0,1.0384,1.7856,2.824,2.8261
1033,0.0528,0.0,0.0529,0.0095,0.998109640831758,0.0,3.171,0.0106,3.1709,0.0,0.0,0.0,0.0,3.1708999999999996,0.0106,3.1814999999999998,3.1853
1034,0.0606,0.0001,0.0606,0.0109,1.0,0.0016501650165016502,3.1152,0.0445,3.1152,0.0,0.0,0.0,0.0,3.1151999999999997,0.0445,3.1597,3.1619
1035,0.0533,0.0,0.0533,0.0096,1.0,0.0,3.1965,0.0155,3.1965,0.0,0.0,0.0,0.0,3.1964999999999995,0.0155,3.2119999999999993,3.2095
1036,0.0885,0.0002,0.0887,0.016,0.9977452085682074,0.002254791431792559,4.5489,0.1753,4.549,0.0001,0.0,0.0,0.0,4.5489999999999995,0.1753,4.7242999999999995,4.7194
1037,0.0663,0.0,0.0663,0.0119,1.0,0.0,3.9804,0.0029,3.9804,0.0,0.0,0.0,0.0,3.9804,0.0029,3.9833,3.9842
1038,0.02,0.0001,0.0201,0.0036,0.9950248756218906,0.004975124378109453,1.1373,0.088,1.1373,0.0,0.0,0.0,0.0,1.1373,0.088,1.2253,1.2233
1039,0.0344,0.0,0.0344,0.0062,1.0,0.0,1.7682,0.0097,1.7682,0.0,0.0,0.0,0.0,1.7682000000000002,0.0097,1.7779000000000003,1.7799
1040,0.0672,0.0021,0.0693,0.0125,0.9696969696969696,0.0303030303030303,3.8181,1.5434,3.8181,0.0,0.0,0.0,0.0,3.8181,1.5434,5.3614999999999995,5.3652
1041,0.0362,0.0,0.0362,0.0065,1.0,0.0,1.9554,0.0021,1.9554,0.0,0.0,0.0,0.0,1.9554,0.0021000000000000003,1.9575,1.9528
1042,0.0193,0.0009,0.0202,0.0036,0.9554455445544555,0.04455445544554455,1.1586,0.5996,1.1586,0.0,0.0,0.0,0.0,1.1585999999999999,0.5995999999999999,1.7581999999999998,1.7547
1043,0.0632,0.0003,0.0634,0.0114,0.996845425867508,0.00473186119873817,3.4119,0.185,3.4117,0.0,0.0,0.0,0.0,3.4116999999999997,0.185,3.5967,3.597
1044,0.0404,0.0,0.0404,0.0073,1.0,0.0,2.0766,0.0116,2.0768,0.0002,0.0,0.0,0.0,2.0768,0.0116,2.0884,2.0918
1045,0.0349,0.0,0.0349,0.0063,1.0,0.0,1.887,0.003,1.887,0.0,0.0,0.0,0.0,1.887,0.003,1.89,1.8861
1046,0.0679,0.0,0.068,0.0122,0.9985294117647059,0.0,4.077,0.0126,4.077,0.0,0.0,0.0,0.0,4.077,0.0126,4.0896,4.0847
1047,0.0266,0.003,0.0296,0.0053,0.8986486486486486,0.10135135135135134,1.5984,2.1597,1.5983,0.0,0.0,0.0,0.0,1.5983,2.1597,3.758,3.7549
1048,0.0459,0.0006,0.0465,0.0084,0.9870967741935485,0.012903225806451611,2.3586,0.3292,2.3586,0.0,0.0,0.0,0.0,2.3586,0.32920000000000005,2.6878,2.6833
1049,0.0258,0.0,0.0258,0.0046,1.0,0.0,1.4667,0.006,1.4666,0.0,0.0,0.0,0.0,1.4666000000000001,0.005999999999999999,1.4726000000000001,1.4703
1050,0.0573,0.0005,0.0578,0.0104,0.9913494809688581,0.00865051903114187,2.9469,0.3308,2.9467,0.0,0.0,0.0,0.0,2.9467,0.3308,3.2775,3.2806
1051,0.026,0.0033,0.0292,0.0053,0.8904109589041096,0.11301369863013698,1.5576,2.3454,1.5576,0.0,0.0,0.0,0.0,1.5575999999999999,2.3454,3.903,3.8981
1052,0.0542,0.0021,0.0563,0.0101,0.9626998223801065,0.037300177619893425,2.787,1.5168,2.7869,0.0,0.0,0.0,0.0,2.7869,1.5168,4.3037,4.2995
1053,0.0982,0.0015,0.0997,0.0179,0.9849548645937813,0.015045135406218657,5.3043,0.8058,5.3043,0.0,0.0,0.0,0.0,5.3043,0.8058,6.110099999999999,6.1138
1054,0.0663,0.0,0.0664,0.0119,0.9984939759036144,0.0,3.4119,0.0267,3.4119,0.0,0.0,0.0,0.0,3.4119,0.026699999999999998,3.4386,3.4404
1055,0.07,0.0002,0.0702,0.0126,0.9971509971509973,0.002849002849002849,3.9804,0.1284,3.9804,0.0,0.0,0.0,0.0,3.9804,0.12840000000000001,4.1088,4.1122
1056,0.0157,0.0,0.0157,0.0028,1.0,0.0,0.9435,0.0046,0.9435,0.0,0.0,0.0,0.0,0.9435,0.0046,0.9481,0.9499
1057,0.0853,0.0007,0.086,0.0155,0.9918604651162791,0.00813953488372093,5.1177,0.4489,5.1176,0.0,0.0,0.0,0.0,5.1175999999999995,0.4489,5.5665,5.563
1058,0.048,0.0022,0.0502,0.009,0.9561752988047809,0.043824701195219126,2.7273,1.4137,2.7273,0.0,0.0,0.0,0.0,2.7273,1.4137,4.141,4.1385
1059,0.0742,0.0021,0.0763,0.0137,0.9724770642201834,0.02752293577981651,3.8181,1.4148,3.8181,0.0,0.0,0.0,0.0,3.8181,1.4148,5.2329,5.2305
1060,0.0758,0.0,0.0758,0.0136,1.0,0.0,4.5489,0.0039,4.549,0.0001,0.0,0.0,0.0,4.549,0.0039,4.5529,4.5554
1061,0.0481,0.0032,0.0513,0.0092,0.9376218323586745,0.06237816764132554,2.5959,2.1778,2.5959,0.0,0.0,0.0,0.0,2.5959,2.1778,4.7737,4.7737
1062,0.0713,0.0011,0.0724,0.013,0.984806629834254,0.015193370165745856,4.0548,0.7091,4.0549,0.0001,0.0,0.0,0.0,4.0549,0.7091000000000001,4.764,4.7635
1063,0.0336,0.0016,0.0352,0.0063,0.9545454545454545,0.045454545454545456,2.0184,1.0604,2.0184,0.0,0.0,0.0,0.0,2.0183999999999997,1.0604,3.0787999999999998,3.0739
1064,0.0784,0.0022,0.0807,0.0145,0.9714993804213136,0.027261462205700127,4.4592,1.5987,4.4591,0.0,0.0,0.0,0.0,4.459099999999999,1.5987,6.057799999999999,6.0548
1065,0.0663,0.0003,0.0666,0.012,0.9954954954954953,0.004504504504504504,3.4119,0.1804,3.4118,0.0,0.0,0.0,0.0,3.4117999999999995,0.1804,3.5921999999999996,3.59
1066,0.028,0.0,0.028,0.005,1.0,0.0,1.5138,0.0063,1.5138,0.0,0.0,0.0,0.0,1.5138000000000003,0.0063,1.5201000000000002,1.5156
1067,0.0352,0.0,0.0352,0.0063,1.0,0.0,1.812,0.0098,1.812,0.0,0.0,0.0,0.0,1.8119999999999998,0.0098,1.8217999999999999,1.817
1068,0.0733,0.0005,0.0738,0.0133,0.9932249322493225,0.006775067750677506,4.3998,0.3021,4.3998,0.0,0.0,0.0,0.0,4.3998,0.3021,4.7019,4.6972
1069,0.0229,0.0048,0.0277,0.005,0.8267148014440434,0.17328519855595667,1.1787,3.4371,1.1787,0.0,0.0,0.0,0.0,1.1787,3.4371,4.6158,4.6203
1070,0.0218,0.0,0.0218,0.0039,1.0,0.0,1.1787,0.0023,1.1787,0.0,0.0,0.0,0.0,1.1787,0.0023,1.181,1.1779
1071,0.0325,0.0,0.0325,0.0059,1.0,0.0,1.6722,0.0112,1.6722,0.0,0.0,0.0,0.0,1.6722000000000001,0.011200000000000002,1.6834000000000002,1.6806
1072,0.08,0.0028,0.0829,0.0149,0.9650180940892642,0.033775633293124246,4.5489,1.919,4.549,0.0001,0.0,0.0,0.0,4.5489999999999995,1.919,6.468,6.4725
1073,0.0561,0.0,0.0561,0.0101,1.0,0.0,3.0276,0.0092,3.0276,0.0,0.0,0.0,0.0,3.0276000000000005,0.0092,3.0368000000000004,3.0351
1074,0.0713,0.0042,0.0755,0.0136,0.9443708609271524,0.05562913907284768,4.0548,2.4542,4.0548,0.0,0.0,0.0,0.0,4.0548,2.4542,6.509,6.5132
1075,0.0404,0.0,0.0404,0.0073,1.0,0.0,2.1819,0.0032,2.1819,0.0,0.0,0.0,0.0,2.1818999999999997,0.0031999999999999997,2.1851,2.1822
1076,0.055,0.0015,0.0566,0.0102,0.9717314487632509,0.026501766784452298,3.3021,1.0126,3.3023,0.0002,0.0,0.0,0.0,3.3023000000000002,1.0126000000000002,4.314900000000001,4.3165
1077,0.0204,0.0006,0.021,0.0038,0.9714285714285714,0.028571428571428567,1.1586,0.426,1.1586,0.0,0.0,0.0,0.0,1.1585999999999999,0.42600000000000005,1.5846,1.5852
1078,0.053,0.0001,0.0532,0.0096,0.9962406015037594,0.0018796992481203009,2.7273,0.0909,2.7272,0.0,0.0,0.0,0.0,2.7272,0.09090000000000001,2.8181,2.8175
1079,0.1031,0.0,0.1032,0.0186,0.999031007751938,0.0,5.3043,0.0089,5.3043,0.0,0.0,0.0,0.0,5.3043,0.0089,5.313199999999999,5.3161
1080,0.031,0.0048,0.0358,0.0064,0.8659217877094972,0.1340782122905028,1.6722,3.4769,1.672,0.0,0.0,0.0,0.0,1.6720000000000002,3.4769,5.1489,5.1496
1081,0.057,0.0,0.057,0.0103,1.0,0.0,2.9331,0.0018,2.9333,0.0002,0.0,0.0,0.0,2.9333,0.0018,2.9351,2.9384
1082,0.0818,0.0,0.0818,0.0147,1.0,0.0,4.9092,0.0121,4.9092,0.0,0.0,0.0,0.0,4.9092,0.0121,4.9213000000000005,4.9212
1083,0.0187,0.0,0.0187,0.0034,1.0,0.0,1.0092,0.0079,1.0092,0.0,0.0,0.0,0.0,1.0091999999999999,0.0079,1.0171,1.0163
1084,0.0784,0.0,0.0785,0.0141,0.9987261146496815,0.0,4.4592,0.0222,4.459,0.0,0.0,0.0,0.0,4.459,0.0222,4.481199999999999,4.4844
1085,0.0655,0.0055,0.0709,0.0128,0.923836389280677,0.077574047954866,3.5361,3.9333,3.5362,0.0001,0.0,0.0,0.0,3.5362,3.9333,7.4695,7.4709
1086,0.0275,0.0,0.0275,0.005,1.0,0.0,1.4151,0.0011,1.4152,0.0001,0.0,0.0,0.0,1.4152,0.0011,1.4163000000000001,1.4201
1087,0.0437,0.0012,0.0449,0.0081,0.9732739420935412,0.026726057906458794,2.3574,0.6668,2.3575,0.0001,0.0,0.0,0.0,2.3575,0.6668000000000001,3.0243,3.0283
1088,0.0266,0.0018,0.0285,0.0051,0.9333333333333332,0.06315789473684211,1.5984,1.0654,1.5984,0.0,0.0,0.0,0.0,1.5984000000000003,1.0654,2.6638,2.6645
1089,0.0183,0.0,0.0183,0.0033,1.0,0.0,1.0383,0.0016,1.0384,0.0001,0.0,0.0,0.0,1.0384,0.0016,1.04,1.0364
1090,0.0707,0.0004,0.0711,0.0128,0.9943741209563994,0.0056258790436005636,3.6342,0.2629,3.6342,0.0,0.0,0.0,0.0,3.6342,0.26289999999999997,3.8971,3.8966
1091,0.0207,0.0008,0.0215,0.0039,0.9627906976744187,0.0372093023255814,1.1787,0.4871,1.1787,0.0,0.0,0.0,0.0,1.1787,0.4871,1.6658,1.6632
1092,0.0288,0.0,0.0289,0.0052,0.9965397923875433,0.0,1.5576,0.0287,1.5576,0.0,0.0,0.0,0.0,1.5575999999999999,0.0287,1.5862999999999998,1.582
1093,0.0818,0.0013,0.0832,0.015,0.983173076923077,0.015625,4.9092,0.8408,4.9091,0.0,0.0,0.0,0.0,4.9091000000000005,0.8408,5.7499,5.7509
1094,0.0295,0.0001,0.0295,0.0053,1.0,0.0033898305084745766,1.7682,0.0382,1.7682,0.0,0.0,0.0,0.0,1.7682000000000002,0.0382,1.8064000000000002,1.8016
1095,0.0664,0.0008,0.0672,0.0121,0.9880952380952381,0.011904761904761906,3.774,0.5847,3.774,0.0,0.0,0.0,0.0,3.774,0.5847,4.3587,4.3609
1096,0.0285,0.0005,0.029,0.0052,0.9827586206896551,0.017241379310344827,1.4667,0.3465,1.4665,0.0,0.0,0.0,0.0,1.4665,0.3465,1.813,1.8086
1097,0.0699,0.0003,0.0702,0.0126,0.9957264957264959,0.004273504273504273,3.774,0.2236,3.774,0.0,0.0,0.0,0.0,3.774,0.22360000000000002,3.9976000000000003,3.9967
1098,0.0955,0.001,0.0965,0.0174,0.9896373056994818,0.010362694300518135,4.9092,0.7539,4.9092,0.0,0.0,0.0,0.0,4.9092,0.7539,5.6631,5.6662
1099,0.0157,0.0,0.0157,0.0028,1.0,0.0,0.9435,0.0037,0.9434,0.0,0.0,0.0,0.0,0.9434,0.0037,0.9471,0.9495
1100,0.0295,0.0,0.0295,0.0053,1.0,0.0,1.7682,0.0022,1.7681,0.0,0.0,0.0,0.0,1.7681,0.0022,1.7703,1.766
1101,0.0545,0.0,0.0546,0.0098,0.9981684981684981,0.0,3.2727,0.0043,3.2727,0.0,0.0,0.0,0.0,3.2727,0.0043,3.277,3.2773
1102,0.0227,0.0,0.0227,0.0041,1.0,0.0,1.359,0.0201,1.359,0.0,0.0,0.0,0.0,1.359,0.0201,1.3791,1.381
1103,0.0948,0.0024,0.0972,0.0175,0.9753086419753086,0.024691358024691357,5.1177,1.429,5.1177,0.0,0.0,0.0,0.0,5.1177,1.429,6.5467,6.5506
1104,0.0407,0.0004,0.0412,0.0074,0.9878640776699029,0.00970873786407767,2.4444,0.2842,2.4444,0.0,0.0,0.0,0.0,2.4444,0.2842,2.7286,2.7334
1105,0.0207,0.0015,0.0222,0.004,0.9324324324324323,0.06756756756756757,1.0656,1.0553,1.0655,0.0,0.0,0.0,0.0,1.0655000000000001,1.0553,2.1208,2.1196
1106,0.0505,0.0001,0.0506,0.0091,0.9980237154150199,0.0019762845849802375,2.7273,0.0762,2.7273,0.0,0.0,0.0,0.0,2.7273,0.07619999999999999,2.8035,2.8074
1107,0.0663,0.0001,0.0665,0.012,0.9969924812030074,0.0015037593984962407,3.9804,0.0826,3.9804,0.0,0.0,0.0,0.0,3.9804,0.0826,4.063,4.0639
1108,0.0249,0.0001,0.025,0.0045,0.9959999999999999,0.004,1.4151,0.0433,1.4153,0.0002,0.0,0.0,0.0,1.4153,0.0433,1.4586,1.454
1109,0.0788,0.0,0.0789,0.0142,0.9987325728770595,0.0,4.0548,0.0194,4.0549,0.0001,0.0,0.0,0.0,4.0549,0.0194,4.0743,4.0783
1110,0.04,0.0,0.04,0.0072,1.0,0.0,2.2746,0.0042,2.2745,0.0,0.0,0.0,0.0,2.2744999999999997,0.004200000000000001,2.2786999999999997,2.2781
1111,0.0229,0.0,0.0229,0.0041,1.0,0.0,1.1787,0.0163,1.1787,0.0,0.0,0.0,0.0,1.1787,0.0163,1.195,1.1902
1112,0.0451,0.0001,0.0452,0.0081,0.9977876106194691,0.002212389380530974,2.3172,0.1043,2.3171,0.0,0.0,0.0,0.0,2.3171,0.10429999999999999,2.4213999999999998,2.4213
1113,0.0826,0.0,0.0826,0.0149,1.0,0.0,4.4592,0.0145,4.4591,0.0,0.0,0.0,0.0,4.459099999999999,0.014499999999999999,4.473599999999999,4.4723
1114,0.0182,0.0,0.0182,0.0033,1.0,0.0,1.0908,0.0068,1.0908,0.0,0.0,0.0,0.0,1.0908,0.0068000000000000005,1.0976,1.0977
1115,0.0326,0.0009,0.0335,0.006,0.9731343283582088,0.02686567164179104,1.9554,0.6372,1.9554,0.0,0.0,0.0,0.0,1.9554,0.6372,2.5926,2.5923
1116,0.0553,0.0,0.0553,0.01,1.0,0.0,2.8431,0.0253,2.8431,0.0,0.0,0.0,0.0,2.8430999999999997,0.0253,2.8684,2.8657
1117,0.0604,0.0005,0.0609,0.011,0.9917898193760263,0.008210180623973728,3.624,0.3939,3.624,0.0,0.0,0.0,0.0,3.6239999999999997,0.3939,4.0179,4.0204
1118,0.0275,0.0,0.0275,0.005,1.0,0.0,1.4151,0.011,1.4152,0.0001,0.0,0.0,0.0,1.4152,0.011000000000000001,1.4262,1.4268
1119,0.0867,0.0,0.0867,0.0156,1.0,0.0,4.4592,0.0289,4.4592,0.0,0.0,0.0,0.0,4.4592,0.028900000000000002,4.4881,4.4891
1120,0.0869,0.0,0.0869,0.0156,1.0,0.0,5.2134,0.006,5.2134,0.0,0.0,0.0,0.0,5.2134,0.006,5.2194,5.2175
1121,0.076,0.0,0.0761,0.0137,0.9986859395532194,0.0,3.9108,0.0227,3.9109,0.0001,0.0,0.0,0.0,3.9109000000000003,0.0227,3.9336,3.9301
1122,0.1031,0.0,0.1032,0.0186,0.999031007751938,0.0,5.3043,0.0198,5.3043,0.0,0.0,0.0,0.0,5.3043,0.0198,5.3241,5.3203
1123,0.0455,0.0001,0.0455,0.0082,1.0,0.002197802197802198,2.7273,0.0409,2.7273,0.0,0.0,0.0,0.0,2.7273,0.0409,2.7682,2.7726
1124,0.0491,0.0,0.0491,0.0088,1.0,0.0,2.9469,0.0088,2.9468,0.0,0.0,0.0,0.0,2.9467999999999996,0.0088,2.9555999999999996,2.951
1125,0.0183,0.0029,0.0211,0.0038,0.8672985781990521,0.13744075829383884,1.0383,2.0724,1.0383,0.0,0.0,0.0,0.0,1.0383,2.0724,3.1107,3.1119
1126,0.0726,0.0,0.0726,0.0131,1.0,0.0,4.1256,0.007,4.1256,0.0,0.0,0.0,0.0,4.1256,0.007,4.1326,4.1339
1127,0.0815,0.0007,0.0821,0.0148,0.9926918392204628,0.008526187576126673,4.3998,0.3967,4.3998,0.0,0.0,0.0,0.0,4.3998,0.3967,4.7965,4.7987
1128,0.0274,0.0,0.0274,0.0049,1.0,0.0,1.5576,0.008,1.5576,0.0,0.0,0.0,0.0,1.5575999999999999,0.008,1.5655999999999999,1.5609
1129,0.0197,0.0025,0.0222,0.004,0.8873873873873873,0.11261261261261261,1.0656,1.7658,1.0655,0.0,0.0,0.0,0.0,1.0655000000000001,1.7658,2.8313,2.8276
1130,0.0322,0.0,0.0322,0.0058,1.0,0.0,1.7379,0.0061,1.7379,0.0,0.0,0.0,0.0,1.7379000000000002,0.0060999999999999995,1.7440000000000002,1.7397
1131,0.0546,0.0004,0.055,0.0099,0.9927272727272728,0.007272727272727273,2.9469,0.296,2.9467,0.0,0.0,0.0,0.0,2.9467,0.296,3.2426999999999997,3.2449
1132,0.071,0.0,0.071,0.0128,1.0,0.0,4.2621,0.0037,4.262,0.0,0.0,0.0,0.0,4.2620000000000005,0.0037,4.265700000000001,4.2691
1133,0.0707,0.0024,0.0731,0.0132,0.9671682626538988,0.03283173734610123,3.8181,1.7181,3.8181,0.0,0.0,0.0,0.0,3.8181,1.7181,5.5362,5.5393
1134,0.0688,0.0,0.0688,0.0124,1.0,0.0,4.1256,0.0108,4.1255,0.0,0.0,0.0,0.0,4.1255,0.010799999999999999,4.136299999999999,4.1369
1135,0.0705,0.0003,0.0708,0.0127,0.9957627118644067,0.0042372881355932195,3.624,0.196,3.624,0.0,0.0,0.0,0.0,3.6239999999999997,0.196,3.82,3.82
1136,0.02,0.0,0.02,0.0036,1.0,0.0,1.1373,0.0119,1.1373,0.0,0.0,0.0,0.0,1.1373,0.011899999999999999,1.1492,1.1521
1137,0.0392,0.0002,0.0394,0.0071,0.9949238578680203,0.005076142131979696,2.0184,0.1134,2.0185,0.0001,0.0,0.0,0.0,2.0185,0.1134,2.1319,2.1308
1138,0.0415,0.0,0.0415,0.0075,1.0,0.0,2.3586,0.003,2.3587,0.0001,0.0,0.0,0.0,2.3587,0.003,2.3617,2.3667
1139,0.0407,0.0005,0.0412,0.0074,0.9878640776699029,0.012135922330097087,2.4444,0.3338,2.4444,0.0,0.0,0.0,0.0,2.4444,0.3338,2.7782,2.7757
1140,0.043,0.0001,0.0431,0.0078,0.9976798143851507,0.0023201856148491883,2.4444,0.0504,2.4442,0.0,0.0,0.0,0.0,2.4442,0.0504,2.4946,2.4938
1141,0.0691,0.0014,0.0705,0.0127,0.9801418439716312,0.019858156028368795,3.7293,1.0193,3.7293,0.0,0.0,0.0,0.0,3.7293000000000003,1.0192999999999999,4.7486,4.752
1142,0.0192,0.0,0.0192,0.0035,1.0,0.0,1.0383,0.0088,1.0385,0.0002,0.0,0.0,0.0,1.0385,0.008799999999999999,1.0473,1.0442
1143,0.0673,0.0,0.0673,0.0121,1.0,0.0,3.6342,0.0083,3.6343,0.0001,0.0,0.0,0.0,3.6343,0.0083,3.6426000000000003,3.6451
1144,0.0589,0.0,0.0589,0.0106,1.0,0.0,3.0276,0.0177,3.0276,0.0,0.0,0.0,0.0,3.0276000000000005,0.0177,3.0453000000000006,3.0499
1145,0.0743,0.0056,0.0799,0.0144,0.9299123904881103,0.07008760951188986,4.4592,4.025,4.4592,0.0,0.0,0.0,0.0,4.4592,4.0249999999999995,8.4842,8.4838
1146,0.0656,0.0005,0.0661,0.0119,0.9924357034795764,0.0075642965204236,3.7293,0.2866,3.7293,0.0,0.0,0.0,0.0,3.7293000000000003,0.28659999999999997,4.0159,4.0123
1147,0.0848,0.0002,0.0851,0.0153,0.9964747356051704,0.002350176263219742,4.3635,0.1389,4.3637,0.0002,0.0,0.0,0.0,4.3637,0.1389,4.502599999999999,4.5037
1148,0.0437,0.0001,0.0438,0.0079,0.9977168949771691,0.0022831050228310505,2.3574,0.0715,2.3574,0.0,0.0,0.0,0.0,2.3574,0.07150000000000001,2.4289,2.4284
1149,0.0481,0.0001,0.0482,0.0087,0.9979253112033194,0.002074688796680498,2.5959,0.092,2.5959,0.0,0.0,0.0,0.0,2.5959,0.092,2.6879,2.6913
1150,0.0779,0.0009,0.0787,0.0142,0.9898348157560355,0.011435832274459974,4.6728,0.5846,4.6727,0.0,0.0,0.0,0.0,4.6727,0.5846,5.2573,5.2557
1151,0.0424,0.0001,0.0425,0.0076,0.9976470588235293,0.002352941176470588,2.1819,0.0418,2.1819,0.0,0.0,0.0,0.0,2.1818999999999997,0.041800000000000004,2.2236999999999996,2.2218
1152,0.031,0.0036,0.0346,0.0062,0.8959537572254336,0.10404624277456648,1.6722,2.1594,1.6721,0.0,0.0,0.0,0.0,1.6721,2.1593999999999998,3.8314999999999997,3.8344
1153,0.0864,0.0044,0.0908,0.0163,0.9515418502202643,0.048458149779735685,4.9092,2.8169,4.9092,0.0,0.0,0.0,0.0,4.9092,2.8169,7.726100000000001,7.7292
1154,0.0325,0.0,0.0325,0.0059,1.0,0.0,1.6722,0.0236,1.672,0.0,0.0,0.0,0.0,1.6720000000000002,0.0236,1.6956000000000002,1.6973
1155,0.0982,0.0001,0.0983,0.0177,0.9989827060020345,0.001017293997965412,5.3043,0.0452,5.3042,0.0,0.0,0.0,0.0,5.3042,0.045200000000000004,5.3494,5.3475
1156,0.055,0.0,0.055,0.0099,1.0,0.0,3.3021,0.0019,3.3021,0.0,0.0,0.0,0.0,3.3021000000000003,0.0019,3.3040000000000003,3.3021
1157,0.0901,0.0001,0.0902,0.0162,0.9988913525498891,0.0011086474501108647,4.6341,0.0835,4.6341,0.0,0.0,0.0,0.0,4.6341,0.0835,4.7176,4.7128
1158,0.0349,0.0,0.035,0.0063,0.9971428571428571,0.0,1.887,0.0107,1.887,0.0,0.0,0.0,0.0,1.887,0.0107,1.8977,1.8985
1159,0.0178,0.0005,0.0182,0.0033,0.978021978021978,0.027472527472527472,1.0092,0.3429,1.0092,0.0,0.0,0.0,0.0,1.0091999999999999,0.34290000000000004,1.3520999999999999,1.3503
1160,0.0322,0.0017,0.0339,0.0061,0.9498525073746312,0.05014749262536873,1.7379,1.2047,1.7378,0.0,0.0,0.0,0.0,1.7378,1.2047,2.9425,2.9456
1161,0.0273,0.0,0.0273,0.0049,1.0,0.0,1.6365,0.0095,1.6364,0.0,0.0,0.0,0.0,1.6364,0.0095,1.6459000000000001,1.6431
1162,0.0707,0.0016,0.0723,0.013,0.9778699861687413,0.022130013831258646,3.8181,1.16,3.8182,0.0001,0.0,0.0,0.0,3.8181999999999996,1.16,4.978199999999999,4.9797
1163,0.0178,0.0,0.0178,0.0032,1.0,0.0,1.0656,0.0175,1.0655,0.0,0.0,0.0,0.0,1.0655000000000001,0.017499999999999998,1.0830000000000002,1.0818
1164,0.0493,0.0008,0.0501,0.009,0.9840319361277444,0.01596806387225549,2.6637,0.4824,2.6637,0.0,0.0,0.0,0.0,2.6637,0.4824,3.1461,3.1472
1165,0.0458,0.0,0.0458,0.0083,1.0,0.0,2.3574,0.0058,2.3574,0.0,0.0,0.0,0.0,2.3574,0.0058,2.3632,2.3618
1166,0.065,0.0,0.0651,0.0117,0.9984639016897081,0.0,3.9018,0.0238,3.9017,0.0,0.0,0.0,0.0,3.9017,0.0238,3.9255,3.9281
1167,0.0742,0.0,0.0742,0.0134,1.0,0.0,3.8181,0.0025,3.8181,0.0,0.0,0.0,0.0,3.8181,0.0024999999999999996,3.8205999999999998,3.818
1168,0.0622,0.0011,0.0633,0.0114,0.9826224328593998,0.01737756714060032,3.7293,0.8191,3.7293,0.0,0.0,0.0,0.0,3.7293000000000003,0.8190999999999999,4.5484,4.551
1169,0.0437,0.0001,0.0438,0.0079,0.9977168949771691,0.0022831050228310505,2.3574,0.0615,2.3574,0.0,0.0,0.0,0.0,2.3574,0.0615,2.4189000000000003,2.423
1170,0.0786,0.0031,0.0817,0.0147,0.9620563035495717,0.037943696450428395,4.2456,1.7944,4.2457,0.0001,0.0,0.0,0.0,4.2457,1.7944,6.040100000000001,6.0404
1171,0.0279,0.0004,0.0283,0.0051,0.9858657243816256,0.01413427561837456,1.6722,0.271,1.6722,0.0,0.0,0.0,0.0,1.6722000000000001,0.271,1.9432,1.9431
1172,0.0619,0.0002,0.0621,0.0112,0.9967793880837358,0.00322061191626409,3.3444,0.1438,3.3444,0.0,0.0,0.0,0.0,3.3444000000000003,0.1438,3.4882000000000004,3.4915
1173,0.049,0.0031,0.0521,0.0094,0.9404990403071017,0.05950095969289827,2.787,2.0016,2.7869,0.0,0.0,0.0,0.0,2.7869,2.0016,4.7885,4.7923
1174,0.0705,0.0,0.0705,0.0127,1.0,0.0,3.624,0.0059,3.624,0.0,0.0,0.0,0.0,3.6239999999999997,0.005900000000000001,3.6298999999999997,3.6268
1175,0.0536,0.0023,0.0559,0.0101,0.9588550983899822,0.04114490161001789,2.8962,1.4697,2.8962,0.0,0.0,0.0,0.0,2.8962000000000003,1.4697,4.3659,4.3641
1176,0.0392,0.0012,0.0404,0.0073,0.9702970297029703,0.0297029702970297,2.2296,0.7466,2.2296,0.0,0.0,0.0,0.0,2.2296,0.7466,2.9762,2.976
1177,0.0842,0.0004,0.0846,0.0152,0.9952718676122931,0.0047281323877068565,4.5489,0.2163,4.549,0.0001,0.0,0.0,0.0,4.5489999999999995,0.2163,4.7653,4.7648
1178,0.0672,0.0,0.0672,0.0121,1.0,0.0,3.8181,0.0053,3.8182,0.0001,0.0,0.0,0.0,3.8181999999999996,0.005299999999999999,3.8234999999999997,3.8213
1179,0.0636,0.0006,0.0643,0.0116,0.9891135303265942,0.009331259720062208,3.8181,0.3897,3.8181,0.0,0.0,0.0,0.0,3.8181,0.38970000000000005,4.2078,4.2064
1180,0.0457,0.0,0.0457,0.0082,1.0,0.0,2.5959,0.0015,2.5959,0.0,0.0,0.0,0.0,2.5959,0.0014999999999999998,2.5974,2.5962
1181,0.0699,0.0017,0.0716,0.0129,0.9762569832402236,0.023743016759776536,3.774,1.2347,3.7738,0.0,0.0,0.0,0.0,3.7738000000000005,1.2347,5.008500000000001,5.0063
1182,0.0355,0.0001,0.0356,0.0064,0.997191011235955,0.002808988764044944,2.0184,0.0432,2.0184,0.0,0.0,0.0,0.0,2.0183999999999997,0.0432,2.0616,2.0606
1183,0.0404,0.0,0.0404,0.0073,1.0,0.0,2.0766,0.022,2.0766,0.0,0.0,0.0,0.0,2.0766,0.022,2.0986,2.0937
1184,0.0527,0.0,0.0527,0.0095,1.0,0.0,2.8431,0.0195,2.8431,0.0,0.0,0.0,0.0,2.8430999999999997,0.0195,2.8625999999999996,2.8616
1185,0.0284,0.0,0.0285,0.0051,0.9964912280701754,0.0,1.7058,0.0151,1.7059,0.0001,0.0,0.0,0.0,1.7059,0.0151,1.7209999999999999,1.7189
1186,0.0294,0.0007,0.0301,0.0054,0.9767441860465117,0.023255813953488372,1.6722,0.4977,1.6722,0.0,0.0,0.0,0.0,1.6722000000000001,0.4977,2.1699,2.1711
1187,0.0467,0.0001,0.0468,0.0084,0.9978632478632478,0.002136752136752137,2.523,0.0472,2.523,0.0,0.0,0.0,0.0,2.5229999999999997,0.047200000000000006,2.5702,2.5658
1188,0.0726,0.0003,0.0728,0.0131,0.9972527472527472,0.00412087912087912,4.1256,0.164,4.1255,0.0,0.0,0.0,0.0,4.1255,0.164,4.289499999999999,4.2901
1189,0.0589,0.0001,0.059,0.0106,0.9983050847457627,0.0016949152542372883,3.0276,0.0957,3.0276,0.0,0.0,0.0,0.0,3.0276000000000005,0.09570000000000001,3.1233000000000004,3.1204
1190,0.0284,0.0,0.0284,0.0051,1.0,0.0,1.7058,0.0049,1.7058,0.0,0.0,0.0,0.0,1.7058,0.0049,1.7106999999999999,1.7144
1191,0.0576,0.0,0.0576,0.0104,1.0,0.0,3.2727,0.0032,3.2727,0.0,0.0,0.0,0.0,3.2727,0.0031999999999999997,3.2759,3.2717
1192,0.0563,0.0005,0.0569,0.0102,0.9894551845342707,0.008787346221441126,2.8962,0.388,2.8962,0.0,0.0,0.0,0.0,2.8962000000000003,0.388,3.2842000000000002,3.28
1193,0.0818,0.0,0.0818,0.0147,1.0,0.0,4.9092,0.0062,4.9092,0.0,0.0,0.0,0.0,4.9092,0.0062,4.9154,4.9203
1194,0.057,0.0002,0.0572,0.0103,0.9965034965034966,0.0034965034965034965,3.4221,0.1342,3.4221,0.0,0.0,0.0,0.0,3.4221000000000004,0.13419999999999999,3.5563000000000002,3.56
1195,0.0202,0.0009,0.0211,0.0038,0.9573459715639809,0.042654028436018954,1.0908,0.6331,1.0909,0.0001,0.0,0.0,0.0,1.0909,0.6331,1.724,1.7233
1196,0.0723,0.0013,0.0736,0.0132,0.9823369565217391,0.017663043478260868,3.9018,0.9555,3.9018,0.0,0.0,0.0,0.0,3.9017999999999997,0.9555,4.8572999999999995,4.8572
1197,0.0272,0.0,0.0272,0.0049,1.0,0.0,1.4667,0.0014,1.4666,0.0,0.0,0.0,0.0,1.4666000000000001,0.0014,1.4680000000000002,1.4706
1198,0.0909,0.0004,0.0912,0.0164,0.9967105263157894,0.0043859649122807015,4.6728,0.2656,4.6728,0.0,0.0,0.0,0.0,4.6728000000000005,0.2656,4.938400000000001,4.9353
1199,0.0982,0.0,0.0983,0.0177,0.9989827060020345,0.0,5.3043,0.0149,5.3042,0.0,0.0,0.0,0.0,5.3042,0.0149,5.3191,5.3211
1200,0.0398,0.0005,0.0403,0.0073,0.9875930521091811,0.012406947890818858,2.265,0.3213,2.265,0.0,0.0,0.0,0.0,2.265,0.3213,2.5863,2.5836
1201,0.0187,0.0002,0.0189,0.0034,0.9894179894179895,0.010582010582010583,1.0656,0.1076,1.0656,0.0,0.0,0.0,0.0,1.0656,0.1076,1.1732,1.1761
1202,0.0527,0.0015,0.0542,0.0097,0.9723247232472324,0.027675276752767528,2.8431,0.9709,2.8432,0.0001,0.0,0.0,0.0,2.8432,0.9709000000000001,3.8141,3.8135
1203,0.0375,0.0,0.0375,0.0068,1.0,0.0,2.1309,0.0227,2.131,0.0001,0.0,0.0,0.0,2.1310000000000002,0.022699999999999998,2.1537,2.151
1204,0.0168,0.0001,0.0169,0.003,0.9940828402366865,0.00591715976331361,1.0092,0.0382,1.0092,0.0,0.0,0.0,0.0,1.0091999999999999,0.0382,1.0473999999999999,1.043
1205,0.0639,0.0003,0.0643,0.0116,0.9937791601866253,0.004665629860031104,3.6342,0.2418,3.6344,0.0002,0.0,0.0,0.0,3.6344000000000003,0.24180000000000001,3.8762000000000003,3.8755
1206,0.0385,0.0009,0.0393,0.0071,0.9796437659033078,0.022900763358778626,2.0766,0.5641,2.0767,0.0001,0.0,0.0,0.0,2.0767,0.5641,2.6408000000000005,2.6421
1207,0.0408,0.0012,0.042,0.0076,0.9714285714285714,0.028571428571428567,2.3172,0.8598,2.3171,0.0,0.0,0.0,0.0,2.3171,0.8598,3.1769,3.1737
1208,0.0419,0.0,0.042,0.0076,0.9976190476190475,0.0,2.265,0.0063,2.265,0.0,0.0,0.0,0.0,2.265,0.0063,2.2713,2.2729
1209,0.065,0.0047,0.0698,0.0126,0.9312320916905444,0.0673352435530086,3.3444,2.7945,3.3443,0.0,0.0,0.0,0.0,3.3443,2.7944999999999998,6.1388,6.1424
1210,0.0181,0.0028,0.0209,0.0038,0.8660287081339715,0.1339712918660287,0.9777,1.8222,0.9777,0.0,0.0,0.0,0.0,0.9777,1.8222,2.7999,2.8046
1211,0.028,0.0003,0.0283,0.0051,0.9893992932862191,0.010600706713780918,1.5138,0.1699,1.5138,0.0,0.0,0.0,0.0,1.5138000000000003,0.1699,1.6837000000000002,1.6872
1212,0.0725,0.0002,0.0727,0.0131,0.9972489683631361,0.002751031636863824,3.7293,0.0974,3.7293,0.0,0.0,0.0,0.0,3.7293000000000003,0.0974,3.8267,3.8241
1213,0.0365,0.0003,0.0369,0.0066,0.9891598915989158,0.008130081300813007,2.0766,0.2295,2.0767,0.0001,0.0,0.0,0.0,2.0767,0.22949999999999998,2.3062,2.3022
1214,0.0784,0.0006,0.079,0.0142,0.9924050632911392,0.007594936708860758,4.4592,0.4028,4.459,0.0,0.0,0.0,0.0,4.459,0.40280000000000005,4.8618,4.8636
1215,0.0848,0.0,0.0849,0.0153,0.9988221436984688,0.0,4.3635,0.0039,4.3635,0.0,0.0,0.0,0.0,4.3635,0.0039,4.3674,4.3686
1216,0.0266,0.0008,0.0274,0.0049,0.9708029197080291,0.029197080291970802,1.5984,0.5633,1.5984,0.0,0.0,0.0,0.0,1.5984000000000003,0.5632999999999999,2.1617,2.1634
1217,0.0392,0.0,0.0392,0.0071,1.0,0.0,2.2296,0.0064,2.2296,0.0,0.0,0.0,0.0,2.2296,0.0063999999999999994,2.236,2.2402
1218,0.0478,0.0,0.0478,0.0086,1.0,0.0,2.718,0.0019,2.718,0.0,0.0,0.0,0.0,2.718,0.0018999999999999998,2.7199,2.72
1219,0.0202,0.0,0.0202,0.0036,1.0,0.0,1.0383,0.0025,1.0384,0.0001,0.0,0.0,0.0,1.0384,0.0025,1.0409,1.0399
1220,0.0434,0.0,0.0434,0.0078,1.0,0.0,2.2296,0.0225,2.2296,0.0,0.0,0.0,0.0,2.2296,0.0225,2.2521,2.2481
1221,0.071,0.0008,0.0719,0.0129,0.987482614742698,0.011126564673157162,4.2621,0.5276,4.2621,0.0,0.0,0.0,0.0,4.2621,0.5276000000000001,4.7897,4.7942
1222,0.0901,0.0,0.0901,0.0162,1.0,0.0,4.6341,0.006,4.6341,0.0,0.0,0.0,0.0,4.6341,0.006,4.6401,4.6386
1223,0.0311,0.0006,0.0317,0.0057,0.9810725552050473,0.01892744479495268,1.7682,0.4217,1.7681,0.0,0.0,0.0,0.0,1.7681,0.42169999999999996,2.1898,2.1934
1224,0.0404,0.0001,0.0404,0.0073,1.0,0.0024752475247524753,2.0766,0.0437,2.0767,0.0001,0.0,0.0,0.0,2.0767,0.0437,2.1204,2.1155
1225,0.0433,0.0004,0.0436,0.0079,0.9931192660550459,0.009174311926605505,2.5959,0.2582,2.5959,0.0,0.0,0.0,0.0,2.5959,0.2582,2.8541,2.8587
1226,0.0225,0.001,0.0235,0.0042,0.9574468085106382,0.0425531914893617,1.1586,0.7283,1.1585,0.0,0.0,0.0,0.0,1.1585,0.7283,1.8868,1.8864
1227,0.0352,0.0002,0.0354,0.0064,0.9943502824858758,0.005649717514124294,1.812,0.117,1.812,0.0,0.0,0.0,0.0,1.8119999999999998,0.11699999999999999,1.9289999999999998,1.9256
1228,0.0182,0.0009,0.019,0.0034,0.9578947368421054,0.04736842105263158,1.0908,0.553,1.0908,0.0,0.0,0.0,0.0,1.0908,0.5529999999999999,1.6438,1.6464
1229,0.0227,0.0001,0.0227,0.0041,1.0,0.004405286343612334,1.359,0.0355,1.359,0.0,0.0,0.0,0.0,1.359,0.035500000000000004,1.3945,1.3922
1230,0.0336,0.0,0.0336,0.006,1.0,0.0,1.812,0.0042,1.812,0.0,0.0,0.0,0.0,1.8119999999999998,0.0042,1.8161999999999998,1.8112
1231,0.0687,0.0008,0.0694,0.0125,0.9899135446685878,0.011527377521613832,3.5322,0.5427,3.5322,0.0,0.0,0.0,0.0,3.5322,0.5427,4.0748999999999995,4.078
1232,0.0236,0.0003,0.0239,0.0043,0.9874476987447698,0.012552301255230124,1.4151,0.2249,1.4152,0.0001,0.0,0.0,0.0,1.4152,0.2249,1.6401,1.6383
1233,0.0733,0.0,0.0734,0.0132,0.9986376021798364,0.0,4.3998,0.0213,4.3997,0.0,0.0,0.0,0.0,4.399699999999999,0.0213,4.420999999999999,4.4243
1234,0.0183,0.0001,0.0184,0.0033,0.9945652173913044,0.005434782608695653,0.9435,0.0491,0.9434,0.0,0.0,0.0,0.0,0.9434,0.0491,0.9925,0.9906
1235,0.076,0.0001,0.0761,0.0137,0.9986859395532194,0.001314060446780552,3.9108,0.0383,3.9108,0.0,0.0,0.0,0.0,3.9108,0.0383,3.9491,3.9503
1236,0.0393,0.0,0.0393,0.0071,1.0,0.0,2.3574,0.0117,2.3574,0.0,0.0,0.0,0.0,2.3574,0.011699999999999999,2.3691,2.3687
1237,0.0557,0.0001,0.0558,0.01,0.9982078853046594,0.0017921146953405018,3.3444,0.0366,3.3444,0.0,0.0,0.0,0.0,3.3444000000000003,0.0366,3.3810000000000002,3.3833
1238,0.0815,0.001,0.0825,0.0148,0.9878787878787879,0.012121212121212121,4.6341,0.6878,4.6341,0.0,0.0,0.0,0.0,4.6341,0.6878,5.3219,5.3244
1239,0.0965,0.0,0.0966,0.0174,0.9989648033126294,0.0,5.2134,0.0207,5.2134,0.0,0.0,0.0,0.0,5.2134,0.0207,5.2341,5.2297
1240,0.1014,0.0,0.1014,0.0182,1.0,0.0,5.2134,0.0027,5.2134,0.0,0.0,0.0,0.0,5.2134,0.0026999999999999997,5.2161,5.2161
1241,0.0182,0.0,0.0182,0.0033,1.0,0.0,1.0908,0.0162,1.0908,0.0,0.0,0.0,0.0,1.0908,0.0162,1.107,1.1072
1242,0.0563,0.0,0.0563,0.0101,1.0,0.0,2.8962,0.0067,2.8963,0.0001,0.0,0.0,0.0,2.8963,0.0067,2.903,2.9011
1243,0.0168,0.0,0.0168,0.003,1.0,0.0,0.906,0.0056,0.9059,0.0,0.0,0.0,0.0,0.9058999999999999,0.005600000000000001,0.9115,0.9137
1244,0.0326,0.0013,0.0339,0.0061,0.9616519174041297,0.038348082595870206,1.9554,0.7737,1.9554,0.0,0.0,0.0,0.0,1.9554,0.7737,2.7291,2.7321
1245,0.0202,0.0036,0.0238,0.0043,0.8487394957983192,0.15126050420168066,1.0908,2.1643,1.091,0.0002,0.0,0.0,0.0,1.0910000000000002,2.1643,3.2553,3.2592
1246,0.0491,0.0011,0.0502,0.009,0.9780876494023903,0.021912350597609563,2.9469,0.7136,2.9467,0.0,0.0,0.0,0.0,2.9467,0.7136,3.6603,3.6646
1247,0.076,0.0028,0.0789,0.0142,0.9632446134347276,0.035487959442332066,3.9108,1.939,3.911,0.0002,0.0,0.0,0.0,3.9110000000000005,1.9389999999999998,5.8500000000000005,5.8463
1248,0.0757,0.003,0.0787,0.0142,0.9618805590851334,0.03811944091486658,4.5414,1.8532,4.5414,0.0,0.0,0.0,0.0,4.5414,1.8532,6.3946000000000005,6.3907
1249,0.0808,0.0011,0.0819,0.0147,0.9865689865689865,0.013431013431013432,4.3635,0.6829,4.3637,0.0002,0.0,0.0,0.0,4.3637,0.6829000000000001,5.0466,5.0449
1250,0.065,0.0001,0.0651,0.0117,0.9984639016897081,0.0015360983102918587,3.9018,0.0371,3.9018,0.0,0.0,0.0,0.0,3.9017999999999997,0.0371,3.9389,3.9372
1251,0.0634,0.0023,0.0656,0.0118,0.9664634146341462,0.035060975609756094,3.4221,1.4727,3.422,0.0,0.0,0.0,0.0,3.422,1.4727,4.8947,4.8903
1252,0.0225,0.0,0.0226,0.0041,0.995575221238938,0.0,1.1586,0.0279,1.1586,0.0,0.0,0.0,0.0,1.1585999999999999,0.0279,1.1864999999999999,1.1878
1253,0.0932,0.0,0.0932,0.0168,1.0,0.0,4.7949,0.0041,4.7949,0.0,0.0,0.0,0.0,4.7949,0.0040999999999999995,4.799,4.7983
1254,0.0475,0.0006,0.0481,0.0087,0.9875259875259876,0.012474012474012473,2.4444,0.4026,2.4442,0.0,0.0,0.0,0.0,2.4442,0.4026,2.8468,2.8476
1255,0.0175,0.0004,0.0179,0.0032,0.9776536312849163,0.0223463687150838,0.9435,0.2303,0.9435,0.0,0.0,0.0,0.0,0.9435,0.2303,1.1738,1.1759
1256,0.0774,0.0,0.0774,0.0139,1.0,0.0,4.3998,0.0053,4.3998,0.0,0.0,0.0,0.0,4.3998,0.005299999999999999,4.4051,4.4091
1257,0.065,0.0005,0.0655,0.0118,0.9923664122137404,0.007633587786259542,3.3444,0.3632,3.3444,0.0,0.0,0.0,0.0,3.3444000000000003,0.36319999999999997,3.7076000000000002,3.7063
1258,0.0726,0.0014,0.074,0.0133,0.981081081081081,0.01891891891891892,4.1256,1.0087,4.1256,0.0,0.0,0.0,0.0,4.1256,1.0087000000000002,5.1343000000000005,5.139
1259,0.0365,0.0,0.0366,0.0066,0.9972677595628414,0.0,2.0766,0.0219,2.0767,0.0001,0.0,0.0,0.0,2.0767,0.0219,2.0986000000000002,2.0995
1260,0.0503,0.0001,0.0504,0.0091,0.9980158730158729,0.001984126984126984,2.718,0.0395,2.7179,0.0,0.0,0.0,0.0,2.7179,0.03949999999999999,2.7574,2.7601
1261,0.0288,0.0,0.0289,0.0052,0.9965397923875433,0.0,1.5576,0.0049,1.5575,0.0,0.0,0.0,0.0,1.5575,0.0049,1.5624,1.5618
1262,0.0415,0.0,0.0415,0.0075,1.0,0.0,2.3586,0.0114,2.3586,0.0,0.0,0.0,0.0,2.3586,0.0114,2.37,2.3728
1263,0.0295,0.0,0.0295,0.0053,1.0,0.0,1.7682,0.0261,1.7681,0.0,0.0,0.0,0.0,1.7681,0.026099999999999998,1.7942,1.7955
1264,0.0275,0.0001,0.0276,0.005,0.9963768115942029,0.0036231884057971015,1.4151,0.0648,1.4151,0.0,0.0,0.0,0.0,1.4151,0.06480000000000001,1.4799,1.4821
1265,0.076,0.0,0.076,0.0137,1.0,0.0,3.9108,0.0041,3.9108,0.0,0.0,0.0,0.0,3.9108,0.0041,3.9149000000000003,3.9121
1266,0.0717,0.0,0.0717,0.0129,1.0,0.0,4.077,0.0079,4.077,0.0,0.0,0.0,0.0,4.077,0.007899999999999999,4.0849,4.0844
1267,0.0207,0.0018,0.0226,0.0041,0.9159292035398231,0.07964601769911504,1.1787,1.3059,1.1787,0.0,0.0,0.0,0.0,1.1787,1.3059,2.4846000000000004,2.4854
1268,0.051,0.0006,0.0516,0.0093,0.9883720930232558,0.011627906976744186,2.8962,0.4374,2.8962,0.0,0.0,0.0,0.0,2.8962000000000003,0.4374,3.3336000000000006,3.3365
1269,0.0275,0.0,0.0275,0.005,1.0,0.0,1.4151,0.0024,1.4151,0.0,0.0,0.0,0.0,1.4151,0.0024000000000000002,1.4175,1.415
1270,0.0404,0.0,0.0404,0.0073,1.0,0.0,2.0766,0.0073,2.0768,0.0002,0.0,0.0,0.0,2.0768,0.007299999999999999,2.0841,2.0834
1271,0.0748,0.0,0.0748,0.0135,1.0,0.0,4.0368,0.0061,4.0368,0.0,0.0,0.0,0.0,4.0367999999999995,0.0061,4.0428999999999995,4.0476
1272,0.0975,0.0007,0.0982,0.0177,0.9928716904276986,0.007128309572301426,5.0163,0.4518,5.0165,0.0002,0.0,0.0,0.0,5.0165,0.4518,5.468299999999999,5.4728
1273,0.0779,0.0,0.0779,0.014,1.0,0.0,4.6728,0.0016,4.6727,0.0,0.0,0.0,0.0,4.6727,0.0015999999999999999,4.6743,4.6782
1274,0.0589,0.0,0.0589,0.0106,1.0,0.0,3.5322,0.0148,3.5322,0.0,0.0,0.0,0.0,3.5322,0.0148,3.547,3.551
1275,0.0266,0.0,0.0267,0.0048,0.99625468164794,0.0,1.5984,0.0174,1.5983,0.0,0.0,0.0,0.0,1.5983,0.0174,1.6157000000000001,1.6131
1276,0.0829,0.0001,0.0829,0.0149,1.0,0.0012062726176115804,4.2621,0.0355,4.2621,0.0,0.0,0.0,0.0,4.2621,0.0355,4.2976,4.294
1277,0.0622,0.0,0.0622,0.0112,1.0,0.0,3.7293,0.0208,3.7293,0.0,0.0,0.0,0.0,3.7293000000000003,0.0208,3.7501,3.7529
1278,0.0372,0.0001,0.0373,0.0067,0.9973190348525468,0.002680965147453083,2.2296,0.0915,2.2295,0.0,0.0,0.0,0.0,2.2295,0.0915,2.3209999999999997,2.324
1279,0.0844,0.0,0.0844,0.0152,1.0,0.0,4.7949,0.0024,4.7949,0.0,0.0,0.0,0.0,4.7949,0.0024,4.7973,4.7994
1280,0.0288,0.0042,0.033,0.0059,0.8727272727272727,0.12727272727272726,1.6365,3.0326,1.6364,0.0,0.0,0.0,0.0,1.6364,3.0326000000000004,4.6690000000000005,4.6703
1281,0.0404,0.0005,0.0409,0.0074,0.9877750611246944,0.012224938875305624,2.1819,0.311,2.1819,0.0,0.0,0.0,0.0,2.1818999999999997,0.311,2.4928999999999997,2.4908
1282,0.0306,0.0,0.0306,0.0055,1.0,0.0,1.7379,0.0029,1.7379,0.0,0.0,0.0,0.0,1.7379000000000002,0.0029000000000000002,1.7408000000000001,1.7445
1283,0.0883,0.0006,0.0889,0.016,0.9932508436445444,0.006749156355455567,4.5414,0.3809,4.5414,0.0,0.0,0.0,0.0,4.5414,0.3809,4.9223,4.9229
1284,0.049,0.0001,0.0491,0.0088,0.9979633401221997,0.0020366598778004076,2.787,0.0664,2.7869,0.0,0.0,0.0,0.0,2.7869,0.0664,2.8533,2.8578
1285,0.0557,0.0003,0.0561,0.0101,0.9928698752228164,0.0053475935828877,3.3444,0.2286,3.3444,0.0,0.0,0.0,0.0,3.3444000000000003,0.22860000000000003,3.5730000000000004,3.5719
1286,0.0451,0.0002,0.0453,0.0082,0.9955849889624724,0.004415011037527594,2.3172,0.1434,2.3171,0.0,0.0,0.0,0.0,2.3171,0.1434,2.4605,2.4575
1287,0.0676,0.0012,0.0687,0.0124,0.9839883551673945,0.017467248908296942,4.0548,0.7113,4.0548,0.0,0.0,0.0,0.0,4.0548,0.7112999999999999,4.7661,4.7691
1288,0.0527,0.0001,0.0528,0.0095,0.9981060606060606,0.001893939393939394,2.8431,0.0574,2.8431,0.0,0.0,0.0,0.0,2.8430999999999997,0.05740000000000001,2.9004999999999996,2.8989
1289,0.0419,0.0029,0.0449,0.0081,0.933184855233853,0.06458797327394208,2.265,1.9296,2.265,0.0,0.0,0.0,0.0,2.265,1.9296000000000002,4.1946,4.1926
1290,0.0518,0.0028,0.0546,0.0098,0.9487179487179487,0.05128205128205128,2.6637,2.0312,2.6639,0.0002,0.0,0.0,0.0,2.6639,2.0312,4.6951,4.6985
1291,0.0239,0.0,0.0239,0.0043,1.0,0.0,1.359,0.0145,1.3589,0.0,0.0,0.0,0.0,1.3589,0.014499999999999999,1.3734,1.3732
1292,0.0302,0.0,0.0302,0.0054,1.0,0.0,1.812,0.0269,1.812,0.0,0.0,0.0,0.0,1.8119999999999998,0.0269,1.8388999999999998,1.8344
1293,0.0362,0.0,0.0363,0.0065,0.997245179063361,0.0,1.9554,0.0277,1.9554,0.0,0.0,0.0,0.0,1.9554,0.0277,1.9831,1.9782
1294,0.0266,0.0015,0.0282,0.0051,0.9432624113475176,0.05319148936170213,1.5984,0.8976,1.5984,0.0,0.0,0.0,0.0,1.5984000000000003,0.8976,2.4960000000000004,2.4983
1295,0.0414,0.0,0.0414,0.0075,1.0,0.0,2.1309,0.0027,2.131,0.0001,0.0,0.0,0.0,2.1310000000000002,0.0027,2.1337,2.1378
1296,0.0451,0.0007,0.0458,0.0082,0.9847161572052402,0.015283842794759825,2.3172,0.5364,2.317,0.0,0.0,0.0,0.0,2.317,0.5364,2.8534,2.8529
1297,0.0858,0.0,0.0858,0.0154,1.0,0.0,4.6341,0.0038,4.6341,0.0,0.0,0.0,0.0,4.6341,0.0038,4.6379,4.6337
1298,0.0713,0.0011,0.0725,0.013,0.9834482758620691,0.01517241379310345,4.0548,0.7348,4.0548,0.0,0.0,0.0,0.0,4.0548,0.7348,4.7896,4.7888
1299,0.0344,0.0,0.0344,0.0062,1.0,0.0,1.7682,0.0068,1.768,0.0,0.0,0.0,0.0,1.7680000000000002,0.0068,1.7748000000000002,1.7739
1300,0.065,0.0,0.065,0.0117,1.0,0.0,3.9018,0.0021,3.9017,0.0,0.0,0.0,0.0,3.9017,0.0021000000000000003,3.9038,3.8991
1301,0.031,0.0,0.031,0.0056,1.0,0.0,1.6722,0.0019,1.6722,0.0,0.0,0.0,0.0,1.6722000000000001,0.0019,1.6741000000000001,1.6747
1302,0.0442,0.0,0.0442,0.008,1.0,0.0,2.2746,0.0051,2.2745,0.0,0.0,0.0,0.0,2.2744999999999997,0.0051,2.2796,2.2781
1303,0.0799,0.0013,0.0812,0.0146,0.9839901477832513,0.01600985221674877,4.5414,0.958,4.5414,0.0,0.0,0.0,0.0,4.5414,0.958,5.4994000000000005,5.4983
1304,0.0202,0.0003,0.0205,0.0037,0.9853658536585365,0.014634146341463412,1.0383,0.187,1.0383,0.0,0.0,0.0,0.0,1.0383,0.187,1.2253,1.2209
1305,0.0272,0.0004,0.0276,0.005,0.9855072463768115,0.014492753623188406,1.4667,0.3136,1.4666,0.0,0.0,0.0,0.0,1.4666000000000001,0.3136,1.7802000000000002,1.7762
1306,0.0444,0.0007,0.0451,0.0081,0.9844789356984479,0.015521064301552106,2.6637,0.4468,2.6638,0.0001,0.0,0.0,0.0,2.6638,0.4468,3.1106000000000003,3.112
1307,0.0917,0.0,0.0917,0.0165,1.0,0.0,5.2134,0.0045,5.2134,0.0,0.0,0.0,0.0,5.2134,0.0045,5.2179,5.22
1308,0.0808,0.0004,0.0812,0.0146,0.9950738916256158,0.004926108374384237,4.1535,0.2525,4.1535,0.0,0.0,0.0,0.0,4.1535,0.2525,4.406000000000001,4.4063
1309,0.0673,0.0002,0.0675,0.0122,0.9970370370370369,0.002962962962962963,4.0368,0.1608,4.0369,0.0001,0.0,0.0,0.0,4.0369,0.1608,4.1977,4.2026
1310,0.0799,0.0,0.0799,0.0144,1.0,0.0,4.7949,0.0197,4.7948,0.0,0.0,0.0,0.0,4.7948,0.0197,4.814500000000001,4.8194
1311,0.0563,0.001,0.0573,0.0103,0.9825479930191973,0.017452006980802792,2.8962,0.5937,2.8962,0.0,0.0,0.0,0.0,2.8962000000000003,0.5937,3.4899000000000004,3.4912
1312,0.0822,0.0037,0.0859,0.0155,0.9569266589057042,0.04307334109429569,4.6728,2.6646,4.6727,0.0,0.0,0.0,0.0,4.672700000000001,2.6646,7.337300000000001,7.3408
1313,0.0451,0.0017,0.0467,0.0084,0.9657387580299787,0.03640256959314775,2.3172,1.097,2.3171,0.0,0.0,0.0,0.0,2.3171,1.097,3.4141,3.4121
1314,0.0407,0.0002,0.0409,0.0074,0.9951100244498777,0.004889975550122249,2.4444,0.1064,2.4444,0.0,0.0,0.0,0.0,2.4444,0.1064,2.5507999999999997,2.5514
1315,0.0467,0.0,0.0467,0.0084,1.0,0.0,2.523,0.0048,2.523,0.0,0.0,0.0,0.0,2.5229999999999997,0.0048000000000000004,2.5277999999999996,2.5251
1316,0.0759,0.0,0.0759,0.0137,1.0,0.0,3.9018,0.0104,3.9016,0.0,0.0,0.0,0.0,3.9015999999999997,0.0104,3.912,3.9132
1317,0.0187,0.0,0.0188,0.0034,0.9946808510638299,0.0,1.0656,0.0045,1.0655,0.0,0.0,0.0,0.0,1.0655000000000001,0.0045000000000000005,1.07,1.0666
1318,0.057,0.0,0.057,0.0103,1.0,0.0,3.4221,0.0058,3.4221,0.0,0.0,0.0,0.0,3.4221000000000004,0.0058,3.4279,3.4229
1319,0.0699,0.0,0.0699,0.0126,1.0,0.0,3.774,0.0068,3.774,0.0,0.0,0.0,0.0,3.774,0.0068000000000000005,3.7808,3.7829
1320,0.0407,0.0,0.0408,0.0073,0.997549019607843,0.0,2.4444,0.0223,2.4442,0.0,0.0,0.0,0.0,2.4442,0.0223,2.4665,2.4706
1321,0.0225,0.0002,0.0227,0.0041,0.9911894273127753,0.008810572687224669,1.1586,0.139,1.1586,0.0,0.0,0.0,0.0,1.1585999999999999,0.13899999999999998,1.2975999999999999,1.296
1322,0.0561,0.0,0.0561,0.0101,1.0,0.0,3.0276,0.0079,3.0276,0.0,0.0,0.0,0.0,3.0276000000000005,0.007899999999999999,3.0355000000000003,3.0399
1323,0.0344,0.0002,0.0346,0.0062,0.9942196531791908,0.005780346820809249,1.9554,0.1358,1.9554,0.0,0.0,0.0,0.0,1.9554,0.1358,2.0912,2.093
1324,0.0848,0.0005,0.0853,0.0154,0.9941383352872216,0.005861664712778429,4.3635,0.334,4.3636,0.0001,0.0,0.0,0.0,4.3636,0.334,4.6975999999999996,4.7004
1325,0.0302,0.0,0.0302,0.0054,1.0,0.0,1.812,0.0062,1.8119,0.0,0.0,0.0,0.0,1.8119,0.0062,1.8181,1.8221
1326,0.0384,0.0006,0.039,0.007,0.9846153846153846,0.015384615384615384,2.1819,0.4089,2.1819,0.0,0.0,0.0,0.0,2.1818999999999997,0.40890000000000004,2.5907999999999998,2.5954
1327,0.0489,0.0008,0.0497,0.0089,0.9839034205231388,0.01609657947686117,2.9331,0.5129,2.9332,0.0001,0.0,0.0,0.0,2.9332000000000003,0.5129,3.4461000000000004,3.4441
1328,0.0163,0.0,0.0163,0.0029,1.0,0.0,0.9777,0.0041,0.9779,0.0002,0.0,0.0,0.0,0.9779,0.0040999999999999995,0.982,0.9781
1329,0.0808,0.0002,0.0809,0.0146,0.9987639060568603,0.0024721878862793575,4.1535,0.1258,4.1535,0.0,0.0,0.0,0.0,4.1535,0.1258,4.2793,4.2799
1330,0.0826,0.0,0.0826,0.0149,1.0,0.0,4.2456,0.0276,4.2457,0.0001,0.0,0.0,0.0,4.245699999999999,0.0276,4.273299999999999,4.273
1331,0.0672,0.0027,0.0699,0.0126,0.9613733905579398,0.03862660944206009,3.8181,1.9323,3.8181,0.0,0.0,0.0,0.0,3.8181,1.9323000000000001,5.7504,5.7461
1332,0.02,0.0019,0.0219,0.0039,0.9132420091324202,0.08675799086757992,1.1373,1.0363,1.1373,0.0,0.0,0.0,0.0,1.1373,1.0363,2.1736,2.1708
1333,0.0326,0.0,0.0326,0.0059,1.0,0.0,1.9554,0.0324,1.9555,0.0001,0.0,0.0,0.0,1.9555000000000002,0.0324,1.9879000000000002,1.9875
1334,0.0841,0.0,0.0841,0.0151,1.0,0.0,4.5414,0.0024,4.5414,0.0,0.0,0.0,0.0,4.5414,0.0024000000000000002,4.5438,4.5449
1335,0.0457,0.0,0.0457,0.0082,1.0,0.0,2.5959,0.029,2.5959,0.0,0.0,0.0,0.0,2.5959,0.028999999999999998,2.6249,2.6283
1336,0.0742,0.0002,0.0744,0.0134,0.9973118279569894,0.002688172043010753,3.8181,0.1469,3.8182,0.0001,0.0,0.0,0.0,3.8182,0.1469,3.9651,3.9656
1337,0.0733,0.0,0.0733,0.0132,1.0,0.0,4.3998,0.012,4.3998,0.0,0.0,0.0,0.0,4.3998,0.012,4.4117999999999995,4.416
1338,0.0372,0.0001,0.0372,0.0067,1.0,0.002688172043010753,2.2296,0.0384,2.2295,0.0,0.0,0.0,0.0,2.2295,0.0384,2.2679,2.2679
1339,0.0275,0.0,0.0275,0.005,1.0,0.0,1.4151,0.0052,1.4151,0.0,0.0,0.0,0.0,1.4151,0.0052,1.4203000000000001,1.4199
1340,0.0415,0.0011,0.0425,0.0077,0.9764705882352941,0.02588235294117647,2.3574,0.7642,2.3574,0.0,0.0,0.0,0.0,2.3574,0.7642000000000001,3.1216000000000004,3.1198
1341,0.019,0.0,0.019,0.0034,1.0,0.0,0.9777,0.0014,0.9777,0.0,0.0,0.0,0.0,0.9777,0.0013999999999999998,0.9791,0.9795
1342,0.0589,0.0001,0.059,0.0106,0.9983050847457627,0.0016949152542372883,3.0276,0.0764,3.0277,0.0001,0.0,0.0,0.0,3.0277000000000003,0.0764,3.1041000000000003,3.104
1343,0.0779,0.0,0.0779,0.014,1.0,0.0,4.6728,0.0063,4.6727,0.0,0.0,0.0,0.0,4.672700000000001,0.0063,4.679000000000001,4.6819
1344,0.0529,0.0003,0.0531,0.0096,0.9962335216572505,0.005649717514124293,2.718,0.1653,2.718,0.0,0.0,0.0,0.0,2.718,0.1653,2.8833,2.8823
1345,0.0743,0.0,0.0743,0.0134,1.0,0.0,4.4592,0.011,4.4592,0.0,0.0,0.0,0.0,4.4592,0.011000000000000001,4.4702,4.473
1346,0.0325,0.0001,0.0326,0.0059,0.9969325153374234,0.0030674846625766876,1.6722,0.0773,1.6721,0.0,0.0,0.0,0.0,1.6721,0.0773,1.7493999999999998,1.7521
1347,0.0272,0.0,0.0272,0.0049,1.0,0.0,1.4667,0.0115,1.4666,0.0,0.0,0.0,0.0,1.4666000000000001,0.0115,1.4781000000000002,1.4764
1348,0.0671,0.0016,0.0687,0.0124,0.9767103347889375,0.023289665211062592,3.624,1.0788,3.6239,0.0,0.0,0.0,0.0,3.6239,1.0788,4.7027,4.6988
1349,0.0168,0.0018,0.0186,0.0033,0.9032258064516129,0.09677419354838711,0.906,1.2967,0.906,0.0,0.0,0.0,0.0,0.9059999999999999,1.2967,2.2027,2.2026
1350,0.0262,0.0,0.0262,0.0047,1.0,0.0,1.4151,0.001,1.4152,0.0001,0.0,0.0,0.0,1.4152,0.001,1.4162,1.4135
1351,0.0326,0.0,0.0326,0.0059,1.0,0.0,1.9554,0.0121,1.9554,0.0,0.0,0.0,0.0,1.9554,0.0121,1.9675,1.9626
1352,0.0183,0.0001,0.0184,0.0033,0.9945652173913044,0.005434782608695653,0.9435,0.0356,0.9435,0.0,0.0,0.0,0.0,0.9435,0.0356,0.9791,0.979
1353,0.0392,0.0008,0.04,0.0072,0.98,0.02,2.0184,0.5517,2.0184,0.0,0.0,0.0,0.0,2.0183999999999997,0.5517000000000001,2.5701,2.5738
1354,0.0982,0.0,0.0982,0.0177,1.0,0.0,5.3043,0.0073,5.3042,0.0,0.0,0.0,0.0,5.3042,0.007299999999999999,5.3115,5.3117
1355,0.0589,0.0007,0.0595,0.0107,0.9899159663865547,0.011764705882352941,3.5322,0.4492,3.5322,0.0,0.0,0.0,0.0,3.5322,0.4492,3.9814,3.9812
1356,0.0656,0.0032,0.0688,0.0124,0.9534883720930233,0.046511627906976744,3.7293,2.274,3.7293,0.0,0.0,0.0,0.0,3.7293000000000003,2.274,6.0033,6.0046
1357,0.0842,0.0017,0.0859,0.0155,0.9802095459837019,0.019790454016298017,4.5489,0.9409,4.549,0.0001,0.0,0.0,0.0,4.549,0.9409000000000001,5.4899000000000004,5.4911
1358,0.0202,0.0,0.0202,0.0036,1.0,0.0,1.0383,0.0234,1.0383,0.0,0.0,0.0,0.0,1.0383,0.0234,1.0617,1.0658
1359,0.0249,0.0,0.0249,0.0045,1.0,0.0,1.4151,0.0245,1.4152,0.0001,0.0,0.0,0.0,1.4152,0.0245,1.4397,1.4401
1360,0.0451,0.0,0.0451,0.0081,1.0,0.0,2.3172,0.0023,2.3171,0.0,0.0,0.0,0.0,2.3171,0.0023,2.3194,2.3161
1361,0.0518,0.0,0.0519,0.0093,0.9980732177263969,0.0,2.9469,0.0155,2.9469,0.0,0.0,0.0,0.0,2.9469,0.0155,2.9623999999999997,2.9629
1362,0.0434,0.0004,0.0437,0.0079,0.9931350114416475,0.009153318077803204,2.2296,0.2144,2.2294,0.0,0.0,0.0,0.0,2.2294,0.2144,2.4438,2.4465
1363,0.07,0.0047,0.0747,0.0134,0.9370816599732263,0.06291834002677377,3.9804,2.8286,3.9803,0.0,0.0,0.0,0.0,3.9802999999999997,2.8286000000000002,6.8088999999999995,6.8115
1364,0.0769,0.0004,0.0774,0.0139,0.9935400516795866,0.00516795865633075,4.1535,0.2612,4.1535,0.0,0.0,0.0,0.0,4.1535,0.2612,4.4147,4.4167
1365,0.0884,0.0,0.0884,0.0159,1.0,0.0,5.3043,0.0102,5.3042,0.0,0.0,0.0,0.0,5.3042,0.0102,5.3144,5.3149
1366,0.0322,0.0038,0.036,0.0065,0.8944444444444445,0.10555555555555557,1.7379,2.7686,1.7378,0.0,0.0,0.0,0.0,1.7378,2.7686,4.5064,4.5035
1367,0.0864,0.0038,0.0902,0.0162,0.9578713968957872,0.04212860310421286,4.9092,2.3491,4.9092,0.0,0.0,0.0,0.0,4.9092,2.3491,7.2583,7.2598
1368,0.0688,0.0005,0.0693,0.0125,0.9927849927849928,0.007215007215007215,3.9108,0.3056,3.911,0.0002,0.0,0.0,0.0,3.9110000000000005,0.3056,4.216600000000001,4.2199
1369,0.0858,0.0049,0.0907,0.0163,0.9459757442116868,0.054024255788313116,4.6341,2.8452,4.6341,0.0,0.0,0.0,0.0,4.6341,2.8452,7.4793,7.4817
1370,0.0557,0.0,0.0557,0.01,1.0,0.0,3.3444,0.0021,3.3443,0.0,0.0,0.0,0.0,3.3442999999999996,0.0021,3.3463999999999996,3.3462
1371,0.0444,0.0,0.0444,0.008,1.0,0.0,2.6637,0.0256,2.6638,0.0001,0.0,0.0,0.0,2.6638,0.0256,2.6894,2.685
1372,0.1031,0.0,0.1032,0.0186,0.999031007751938,0.0,5.3043,0.0136,5.3042,0.0,0.0,0.0,0.0,5.3042,0.013600000000000001,5.3178,5.3216
1373,0.0573,0.0053,0.0626,0.0113,0.9153354632587859,0.08466453674121406,2.9469,3.3486,2.9468,0.0,0.0,0.0,0.0,2.9467999999999996,3.3486000000000002,6.2954,6.2941
1374,0.0377,0.0003,0.038,0.0068,0.9921052631578947,0.007894736842105263,2.265,0.1608,2.2649,0.0,0.0,0.0,0.0,2.2649,0.1608,2.4257,2.4214
1375,0.0671,0.0001,0.0672,0.0121,0.9985119047619049,0.0014880952380952382,3.624,0.0376,3.6239,0.0,0.0,0.0,0.0,3.6239,0.037599999999999995,3.6614999999999998,3.6568
1376,0.0917,0.0031,0.0949,0.0171,0.9662802950474184,0.032665964172813484,5.2134,2.0508,5.2134,0.0,0.0,0.0,0.0,5.2134,2.0507999999999997,7.2642,7.2645
1377,0.0932,0.0,0.0932,0.0168,1.0,0.0,4.7949,0.002,4.7948,0.0,0.0,0.0,0.0,4.7948,0.002,4.7968,4.7965
1378,0.0444,0.003,0.0474,0.0085,0.9367088607594938,0.06329113924050633,2.6637,2.1733,2.6638,0.0001,0.0,0.0,0.0,2.6638,2.1733,4.8370999999999995,4.8399
1379,0.0272,0.0015,0.0287,0.0052,0.9477351916376306,0.05226480836236934,1.4667,1.0364,1.4665,0.0,0.0,0.0,0.0,1.4665,1.0364,2.5029,2.4989
1380,0.0281,0.0005,0.0286,0.0052,0.9825174825174825,0.017482517482517484,1.5984,0.2842,1.5983,0.0,0.0,0.0,0.0,1.5983,0.2842,1.8825,1.8789
1381,0.0917,0.0003,0.092,0.0166,0.9967391304347827,0.003260869565217391,4.7148,0.2165,4.7148,0.0,0.0,0.0,0.0,4.7148,0.2165,4.9313,4.9346
1382,0.0705,0.0,0.0705,0.0127,1.0,0.0,3.624,0.0048,3.6239,0.0,0.0,0.0,0.0,3.6239,0.0048,3.6287,3.6264
1383,0.0173,0.0002,0.0175,0.0032,0.9885714285714284,0.011428571428571429,1.0383,0.1327,1.0384,0.0001,0.0,0.0,0.0,1.0384,0.13269999999999998,1.1711,1.1759
1384,0.0218,0.0,0.0218,0.0039,1.0,0.0,1.1787,0.0099,1.1787,0.0,0.0,0.0,0.0,1.1787,0.009899999999999999,1.1886,1.1886
1385,0.0713,0.0,0.0713,0.0128,1.0,0.0,4.0548,0.004,4.0548,0.0,0.0,0.0,0.0,4.0548,0.004,4.0588,4.0572
1386,0.0707,0.0005,0.0712,0.0128,0.9929775280898876,0.007022471910112359,3.8181,0.3307,3.8181,0.0,0.0,0.0,0.0,3.8181,0.3307,4.1488,4.1444
1387,0.0581,0.0001,0.0582,0.0105,0.9982817869415808,0.001718213058419244,3.3021,0.0576,3.3021,0.0,0.0,0.0,0.0,3.3021000000000003,0.0576,3.3597,3.3562
1388,0.09,0.0006,0.0906,0.0163,0.9933774834437086,0.00662251655629139,5.1177,0.4221,5.1177,0.0,0.0,0.0,0.0,5.1177,0.4221,5.5398000000000005,5.5406
1389,0.0367,0.0016,0.0383,0.0069,0.9582245430809401,0.04177545691906005,1.887,1.1248,1.887,0.0,0.0,0.0,0.0,1.887,1.1248,3.0118,3.0134
1390,0.0664,0.0019,0.0683,0.0123,0.972181551976574,0.027818448023426062,3.774,1.3474,3.774,0.0,0.0,0.0,0.0,3.774,1.3474000000000002,5.1214,5.1263
1391,0.0442,0.0,0.0442,0.008,1.0,0.0,2.2746,0.0103,2.2744,0.0,0.0,0.0,0.0,2.2744,0.0103,2.2847,2.2836
1392,0.0202,0.0,0.0202,0.0036,1.0,0.0,1.0383,0.0206,1.0383,0.0,0.0,0.0,0.0,1.0383,0.0206,1.0589,1.0571
1393,0.0768,0.0026,0.0793,0.0143,0.9684741488020177,0.03278688524590164,4.3635,1.6992,4.3635,0.0,0.0,0.0,0.0,4.3635,1.6992,6.0627,6.0665
1394,0.0779,0.0001,0.078,0.014,0.9987179487179487,0.001282051282051282,4.6728,0.0555,4.6727,0.0,0.0,0.0,0.0,4.672700000000001,0.055499999999999994,4.728200000000001,4.7242
1395,0.0644,0.0052,0.0695,0.0125,0.9266187050359711,0.07482014388489208,3.4755,3.2444,3.4755,0.0,0.0,0.0,0.0,3.4755000000000003,3.2444,6.719900000000001,6.7189
1396,0.0592,0.0014,0.0606,0.0109,0.976897689768977,0.0231023102310231,3.1965,0.7612,3.1965,0.0,0.0,0.0,0.0,3.1964999999999995,0.7612,3.9576999999999996,3.9575
1397,0.0784,0.0,0.0785,0.0141,0.9987261146496815,0.0,4.4592,0.0023,4.4592,0.0,0.0,0.0,0.0,4.4592,0.0023,4.4615,4.4593
1398,0.038,0.0,0.038,0.0068,1.0,0.0,1.9554,0.0042,1.9554,0.0,0.0,0.0,0.0,1.9554,0.0042,1.9596,1.957
1399,0.0362,0.0,0.0362,0.0065,1.0,0.0,1.9554,0.0027,1.9554,0.0,0.0,0.0,0.0,1.9554,0.0026999999999999997,1.9581,1.9555
1400,0.0654,0.0001,0.0655,0.0118,0.998473282442748,0.0015267175572519084,3.5322,0.0626,3.5322,0.0,0.0,0.0,0.0,3.5322,0.0626,3.5948,3.5996
1401,0.0743,0.0003,0.0746,0.0134,0.9959785522788205,0.004021447721179625,4.4592,0.1945,4.4592,0.0,0.0,0.0,0.0,4.4592,0.1945,4.6537,4.6563
1402,0.1014,0.0001,0.1015,0.0183,0.9990147783251231,0.0009852216748768472,5.2134,0.0724,5.2134,0.0,0.0,0.0,0.0,5.2134,0.07239999999999999,5.2858,5.2848
1403,0.0519,0.0,0.0519,0.0094,1.0,0.0,3.1152,0.0204,3.1152,0.0,0.0,0.0,0.0,3.1151999999999997,0.020399999999999998,3.1355999999999997,3.1348
1404,0.0589,0.0,0.0589,0.0106,1.0,0.0,3.5322,0.0033,3.5323,0.0001,0.0,0.0,0.0,3.5323,0.0033,3.5356,3.539
1405,0.0325,0.0001,0.0327,0.0059,0.9938837920489297,0.0030581039755351682,1.6722,0.108,1.6722,0.0,0.0,0.0,0.0,1.6722000000000001,0.10800000000000001,1.7802000000000002,1.7821
1406,0.0829,0.0,0.083,0.0149,0.9987951807228915,0.0,4.7148,0.0168,4.7148,0.0,0.0,0.0,0.0,4.7148,0.0168,4.7316,4.7337
1407,0.0279,0.0034,0.0313,0.0056,0.8913738019169329,0.10862619808306709,1.6722,2.0529,1.6721,0.0,0.0,0.0,0.0,1.6721,2.0529,3.725,3.7287
1408,0.1014,0.0013,0.1026,0.0185,0.9883040935672516,0.012670565302144249,5.2134,0.904,5.2134,0.0,0.0,0.0,0.0,5.2134,0.904,6.1174,6.1129
1409,0.0367,0.0,0.0367,0.0066,1.0,0.0,1.887,0.0316,1.887,0.0,0.0,0.0,0.0,1.887,0.0316,1.9186,1.9154
1410,0.0192,0.0007,0.02,0.0036,0.9599999999999999,0.034999999999999996,1.0383,0.5315,1.0384,0.0001,0.0,0.0,0.0,1.0384,0.5315,1.5699,1.5699
1411,0.0655,0.0,0.0655,0.0118,1.0,0.0,3.5361,0.0241,3.5361,0.0,0.0,0.0,0.0,3.5361000000000002,0.0241,3.5602,3.5558
1412,0.029,0.0,0.029,0.0052,1.0,0.0,1.7379,0.0216,1.7377,0.0,0.0,0.0,0.0,1.7377000000000002,0.021599999999999998,1.7593000000000003,1.7591
1413,0.0822,0.0001,0.0823,0.0148,0.9987849331713244,0.0012150668286755773,4.6728,0.0448,4.6728,0.0,0.0,0.0,0.0,4.6728000000000005,0.0448,4.717600000000001,4.7194
1414,0.0611,0.0,0.0612,0.011,0.9983660130718955,0.0,3.3021,0.0017,3.3021,0.0,0.0,0.0,0.0,3.3021000000000003,0.0016999999999999997,3.3038000000000003,3.2998
1415,0.0444,0.0,0.0444,0.008,1.0,0.0,2.6637,0.0081,2.6638,0.0001,0.0,0.0,0.0,2.6638,0.0081,2.6719000000000004,2.6698
1416,0.0933,0.0,0.0933,0.0168,1.0,0.0,5.3043,0.0102,5.3043,0.0,0.0,0.0,0.0,5.3043,0.0102,5.3145,5.3121
1417,0.0826,0.0018,0.0844,0.0152,0.9786729857819906,0.021327014218009477,4.4592,1.2855,4.4592,0.0,0.0,0.0,0.0,4.4592,1.2854999999999999,5.7447,5.7421
1418,0.0655,0.0001,0.0656,0.0118,0.9984756097560975,0.001524390243902439,3.5361,0.0493,3.5361,0.0,0.0,0.0,0.0,3.5361000000000002,0.0493,3.5854000000000004,3.5894
1419,0.0336,0.0016,0.0352,0.0063,0.9545454545454545,0.045454545454545456,1.812,1.0569,1.812,0.0,0.0,0.0,0.0,1.8119999999999998,1.0569,2.8689,2.8678
1420,0.0398,0.0,0.0399,0.0072,0.9974937343358397,0.0,2.265,0.0042,2.2649,0.0,0.0,0.0,0.0,2.2649,0.0042,2.2691,2.2726
1421,0.0288,0.0,0.0288,0.0052,1.0,0.0,1.6365,0.0085,1.6364,0.0,0.0,0.0,0.0,1.6364,0.0085,1.6449,1.6459
1422,0.0917,0.0,0.0917,0.0165,1.0,0.0,4.7148,0.0025,4.7148,0.0,0.0,0.0,0.0,4.7148,0.0025,4.717300000000001,4.7207
1423,0.026,0.0004,0.0264,0.0047,0.9848484848484849,0.015151515151515152,1.5576,0.2931,1.5576,0.0,0.0,0.0,0.0,1.5575999999999999,0.29309999999999997,1.8506999999999998,1.8549
1424,0.055,0.0001,0.0551,0.0099,0.9981851179673321,0.0018148820326678765,2.8305,0.0531,2.8304,0.0,0.0,0.0,0.0,2.8304,0.0531,2.8835,2.8831
1425,0.0569,0.0001,0.057,0.0103,0.9982456140350877,0.0017543859649122807,3.4119,0.0855,3.4118,0.0,0.0,0.0,0.0,3.4117999999999995,0.08549999999999999,3.4972999999999996,3.4986
1426,0.0384,0.0,0.0384,0.0069,1.0,0.0,2.1819,0.0031,2.1819,0.0,0.0,0.0,0.0,2.1818999999999997,0.0030999999999999995,2.1849999999999996,2.1806
1427,0.0867,0.0012,0.0879,0.0158,0.9863481228668941,0.0136518771331058,4.4592,0.8201,4.4591,0.0,0.0,0.0,0.0,4.459099999999999,0.8201,5.2791999999999994,5.2767
1428,0.0673,0.0,0.0673,0.0121,1.0,0.0,4.0368,0.002,4.0368,0.0,0.0,0.0,0.0,4.0367999999999995,0.002,4.038799999999999,4.0377
1429,0.0493,0.0,0.0494,0.0089,0.9979757085020242,0.0,2.6637,0.0271,2.6639,0.0002,0.0,0.0,0.0,2.6639,0.0271,2.691,2.6924
1430,0.0421,0.0,0.0421,0.0076,1.0,0.0,2.2746,0.0073,2.2745,0.0,0.0,0.0,0.0,2.2744999999999997,0.007299999999999999,2.2817999999999996,2.2839
1431,0.0673,0.0008,0.0681,0.0123,0.9882525697503671,0.011747430249632894,3.6342,0.5834,3.6342,0.0,0.0,0.0,0.0,3.6342,0.5833999999999999,4.2176,4.2137
1432,0.071,0.0002,0.0713,0.0128,0.9957924263674613,0.002805049088359046,4.0368,0.1766,4.0368,0.0,0.0,0.0,0.0,4.0367999999999995,0.17659999999999998,4.213399999999999,4.2095
1433,0.0266,0.0001,0.0267,0.0048,0.99625468164794,0.003745318352059925,1.5138,0.0611,1.5138,0.0,0.0,0.0,0.0,1.5138000000000003,0.0611,1.5749000000000002,1.5793
1434,0.0789,0.0003,0.0792,0.0143,0.9962121212121211,0.003787878787878787,4.2621,0.2208,4.262,0.0,0.0,0.0,0.0,4.2620000000000005,0.22080000000000002,4.4828,4.4811
1435,0.0636,0.0,0.0637,0.0115,0.9984301412872841,0.0,3.2727,0.0146,3.2727,0.0,0.0,0.0,0.0,3.2727,0.0146,3.2873,3.2831
1436,0.0933,0.0057,0.099,0.0178,0.9424242424242423,0.05757575757575757,5.3043,3.816,5.3043,0.0,0.0,0.0,0.0,5.3043,3.816,9.1203,9.1218
1437,0.0344,0.0002,0.0346,0.0062,0.9942196531791908,0.005780346820809249,1.9554,0.1731,1.9554,0.0,0.0,0.0,0.0,1.9554,0.1731,2.1285,2.1285
1438,0.0398,0.0005,0.0404,0.0073,0.9851485148514852,0.012376237623762377,2.265,0.3691,2.265,0.0,0.0,0.0,0.0,2.265,0.3691,2.6341,2.6344
1439,0.0273,0.0003,0.0275,0.005,0.9927272727272728,0.010909090909090908,1.6365,0.1669,1.6364,0.0,0.0,0.0,0.0,1.6364,0.1669,1.8033000000000001,1.8036
1440,0.076,0.0001,0.0761,0.0137,0.9986859395532194,0.001314060446780552,3.9108,0.0629,3.9108,0.0,0.0,0.0,0.0,3.9108,0.0629,3.9737,3.9777
1441,0.048,0.0004,0.0484,0.0087,0.9917355371900827,0.008264462809917356,2.7273,0.2382,2.7273,0.0,0.0,0.0,0.0,2.7273,0.2382,2.9655,2.9623
1442,0.0207,0.0,0.0207,0.0037,1.0,0.0,1.0656,0.0067,1.0656,0.0,0.0,0.0,0.0,1.0656,0.006699999999999999,1.0723,1.0761
1443,0.0707,0.0004,0.071,0.0128,0.9957746478873241,0.00563380281690141,3.6342,0.2579,3.6342,0.0,0.0,0.0,0.0,3.6342,0.2579,3.8921,3.8966
1444,0.06,0.0,0.06,0.0108,1.0,0.0,3.4119,0.0035,3.4119,0.0,0.0,0.0,0.0,3.4119,0.0035000000000000005,3.4154,3.4193
1445,0.0663,0.0031,0.0695,0.0125,0.953956834532374,0.044604316546762585,3.9804,2.0677,3.9804,0.0,0.0,0.0,0.0,3.9804,2.0677000000000003,6.0481,6.0457
1446,0.0731,0.0007,0.0738,0.0133,0.9905149051490514,0.009485094850948509,4.1535,0.4358,4.1535,0.0,0.0,0.0,0.0,4.1535,0.4358,4.589300000000001,4.5861
1447,0.0789,0.002,0.0809,0.0146,0.9752781211372064,0.024721878862793572,4.2621,1.3829,4.2621,0.0,0.0,0.0,0.0,4.2621,1.3829,5.6450000000000005,5.6438
1448,0.0172,0.0,0.0172,0.0031,1.0,0.0,0.9777,0.0247,0.9777,0.0,0.0,0.0,0.0,0.9777,0.0247,1.0024,0.9976
1449,0.0303,0.0006,0.0309,0.0056,0.9805825242718447,0.019417475728155338,1.6365,0.4419,1.6364,0.0,0.0,0.0,0.0,1.6364,0.44189999999999996,2.0783,2.0749
1450,0.0786,0.0014,0.08,0.0144,0.9825,0.017499999999999998,4.2456,0.9867,4.2456,0.0,0.0,0.0,0.0,4.2456,0.9866999999999999,5.2322999999999995,5.234
1451,0.026,0.0,0.026,0.0047,1.0,0.0,1.5576,0.0131,1.5576,0.0,0.0,0.0,0.0,1.5575999999999999,0.0131,1.5707,1.5717
1452,0.0183,0.0,0.0183,0.0033,1.0,0.0,1.0383,0.0171,1.0383,0.0,0.0,0.0,0.0,1.0383,0.0171,1.0554,1.0537
1453,0.0723,0.0,0.0723,0.013,1.0,0.0,3.9018,0.0019,3.9018,0.0,0.0,0.0,0.0,3.9017999999999997,0.0019,3.9036999999999997,3.9012
1454,0.02,0.0003,0.0204,0.0037,0.9803921568627451,0.014705882352941175,1.1373,0.2294,1.1373,0.0,0.0,0.0,0.0,1.1373,0.2294,1.3667,1.3626
1455,0.0688,0.0,0.0688,0.0124,1.0,0.0,4.1256,0.0049,4.1256,0.0,0.0,0.0,0.0,4.1256,0.0049,4.1305000000000005,4.1284
1456,0.0917,0.0013,0.093,0.0167,0.9860215053763441,0.013978494623655913,4.7148,0.9412,4.7149,0.0001,0.0,0.0,0.0,4.7149,0.9412,5.6561,5.6521
1457,0.0688,0.0001,0.0688,0.0124,1.0,0.0014534883720930232,4.1256,0.047,4.1254,0.0,0.0,0.0,0.0,4.1254,0.047,4.1724,4.1764
1458,0.019,0.0,0.019,0.0034,1.0,0.0,1.1373,0.0071,1.1373,0.0,0.0,0.0,0.0,1.1373,0.0070999999999999995,1.1444,1.1404
1459,0.019,0.0001,0.0191,0.0034,0.9947643979057592,0.005235602094240838,0.9777,0.0343,0.9777,0.0,0.0,0.0,0.0,0.9777,0.0343,1.012,1.0129
1460,0.0587,0.0002,0.0589,0.0106,0.9966044142614601,0.003395585738539898,3.171,0.1043,3.171,0.0,0.0,0.0,0.0,3.171,0.1043,3.2752999999999997,3.2733
1461,0.048,0.0005,0.0485,0.0087,0.9896907216494846,0.010309278350515464,2.7273,0.2995,2.7273,0.0,0.0,0.0,0.0,2.7273,0.2995,3.0268,3.0317
1462,0.0524,0.0029,0.0554,0.01,0.9458483754512637,0.052346570397111915,2.8305,1.9914,2.8305,0.0,0.0,0.0,0.0,2.8305,1.9914,4.821899999999999,4.8191
1463,0.0573,0.0021,0.0594,0.0107,0.9646464646464645,0.03535353535353535,2.9469,1.427,2.9467,0.0,0.0,0.0,0.0,2.9467,1.427,4.3736999999999995,4.3771
1464,0.0327,0.0061,0.0389,0.007,0.840616966580977,0.15681233933161956,1.7682,4.1143,1.7681,0.0,0.0,0.0,0.0,1.7681,4.1143,5.8824000000000005,5.8777
1465,0.019,0.0,0.019,0.0034,1.0,0.0,1.1373,0.0202,1.1373,0.0,0.0,0.0,0.0,1.1373,0.020200000000000003,1.1575,1.1546
1466,0.0408,0.0002,0.0409,0.0074,0.9975550122249389,0.004889975550122249,2.3172,0.1049,2.317,0.0,0.0,0.0,0.0,2.317,0.1049,2.4219,2.4258
1467,0.0533,0.0002,0.0535,0.0096,0.9962616822429907,0.003738317757009346,3.0276,0.1558,3.0276,0.0,0.0,0.0,0.0,3.0276000000000005,0.1558,3.1834000000000007,3.1849
1468,0.0723,0.0,0.0723,0.013,1.0,0.0,3.9018,0.0286,3.9017,0.0,0.0,0.0,0.0,3.9017,0.0286,3.9303,3.9263
1469,0.0611,0.0,0.0612,0.011,0.9983660130718955,0.0,3.3021,0.0058,3.3021,0.0,0.0,0.0,0.0,3.3021000000000003,0.0058,3.3079,3.3118
1470,0.0392,0.0018,0.041,0.0074,0.9560975609756097,0.04390243902439024,2.2296,1.0731,2.2295,0.0,0.0,0.0,0.0,2.2295,1.0731,3.3026,3.3041
1471,0.0472,0.0006,0.0478,0.0086,0.9874476987447698,0.012552301255230124,2.8305,0.4287,2.8304,0.0,0.0,0.0,0.0,2.8304,0.42869999999999997,3.2591,3.2589
1472,0.0563,0.0001,0.0564,0.0102,0.99822695035461,0.001773049645390071,2.8962,0.0756,2.8963,0.0001,0.0,0.0,0.0,2.8963,0.0756,2.9719,2.9737
1473,0.0867,0.0005,0.0873,0.0157,0.9931271477663229,0.0057273768613974796,4.4592,0.3511,4.4592,0.0,0.0,0.0,0.0,4.4592,0.3511,4.8103,4.8125
1474,0.0917,0.0,0.0917,0.0165,1.0,0.0,5.2134,0.007,5.2133,0.0,0.0,0.0,0.0,5.2133,0.006999999999999999,5.2203,5.2213
1475,0.0713,0.0011,0.0724,0.013,0.984806629834254,0.015193370165745856,4.0548,0.7952,4.0548,0.0,0.0,0.0,0.0,4.0548,0.7952,4.8500000000000005,4.8478
1476,0.0372,0.0002,0.0374,0.0067,0.9946524064171122,0.0053475935828877,2.2296,0.1676,2.2296,0.0,0.0,0.0,0.0,2.2296,0.1676,2.3972,2.3955
1477,0.0173,0.0007,0.018,0.0032,0.9611111111111111,0.03888888888888889,1.0383,0.4906,1.0384,0.0001,0.0,0.0,0.0,1.0384,0.49060000000000004,1.529,1.5316
1478,0.0687,0.0,0.0687,0.0124,1.0,0.0,3.5322,0.0184,3.5323,0.0001,0.0,0.0,0.0,3.5322999999999998,0.0184,3.5507,3.5481
1479,0.0458,0.0,0.0458,0.0083,1.0,0.0,2.3574,0.0034,2.3574,0.0,0.0,0.0,0.0,2.3574,0.0034000000000000002,2.3608000000000002,2.3589
1480,0.0995,0.0004,0.0999,0.018,0.995995995995996,0.004004004004004004,5.1177,0.2438,5.1177,0.0,0.0,0.0,0.0,5.1177,0.2438,5.3615,5.3587
1481,0.0589,0.0017,0.0606,0.0109,0.971947194719472,0.028052805280528052,3.5361,1.1628,3.5361,0.0,0.0,0.0,0.0,3.5361000000000002,1.1628,4.6989,4.7032
1482,0.0751,0.0008,0.0759,0.0137,0.9894598155467721,0.010540184453227932,4.0548,0.4841,4.0548,0.0,0.0,0.0,0.0,4.0548,0.48410000000000003,4.5389,4.5391
1483,0.0186,0.0001,0.0187,0.0034,0.9946524064171122,0.0053475935828877,1.1148,0.0821,1.1148,0.0,0.0,0.0,0.0,1.1148,0.0821,1.1969,1.1955
1484,0.0493,0.0014,0.0507,0.0091,0.972386587771203,0.027613412228796843,2.6637,0.9913,2.6638,0.0001,0.0,0.0,0.0,2.6638,0.9913,3.6551,3.6525
1485,0.0206,0.0,0.0207,0.0037,0.9951690821256038,0.0,1.1148,0.0129,1.1148,0.0,0.0,0.0,0.0,1.1148,0.012900000000000002,1.1277,1.131
1486,0.0355,0.0002,0.0357,0.0064,0.9943977591036413,0.0056022408963585435,2.0184,0.1217,2.0184,0.0,0.0,0.0,0.0,2.0183999999999997,0.1217,2.1401,2.1362
1487,0.0207,0.0007,0.0214,0.0039,0.9672897196261683,0.03271028037383178,1.0656,0.5077,1.0656,0.0,0.0,0.0,0.0,1.0656,0.5077,1.5733000000000001,1.577
1488,0.0516,0.0,0.0516,0.0093,1.0,0.0,2.9331,0.0032,2.9331,0.0,0.0,0.0,0.0,2.9331,0.0032,2.9363,2.94
1489,0.0882,0.0001,0.0883,0.0159,0.9988674971687429,0.0011325028312570782,5.0163,0.0404,5.0164,0.0001,0.0,0.0,0.0,5.0164,0.0404,5.0568,5.053
1490,0.0654,0.0001,0.0655,0.0118,0.998473282442748,0.0015267175572519084,3.5322,0.0819,3.5322,0.0,0.0,0.0,0.0,3.5322,0.0819,3.6141,3.6137
1491,0.0933,0.0018,0.0952,0.0171,0.9800420168067225,0.018907563025210083,5.3043,1.3225,5.3043,0.0,0.0,0.0,0.0,5.3043,1.3225000000000002,6.626799999999999,6.6235
1492,0.049,0.0003,0.0493,0.0089,0.9939148073022314,0.006085192697768763,2.787,0.207,2.7869,0.0,0.0,0.0,0.0,2.7869,0.20700000000000002,2.9939,2.9932
1493,0.055,0.0,0.055,0.0099,1.0,0.0,2.8305,0.0019,2.8305,0.0,0.0,0.0,0.0,2.8305,0.0019,2.8324,2.8353
1494,0.053,0.0,0.0531,0.0095,0.9981167608286252,0.0,2.7273,0.014,2.7273,0.0,0.0,0.0,0.0,2.7273,0.013999999999999999,2.7413,2.7366
1495,0.0332,0.0005,0.0337,0.0061,0.9851632047477744,0.01483679525222552,1.7058,0.3235,1.7058,0.0,0.0,0.0,0.0,1.7058,0.3235,2.0293,2.0243
1496,0.1014,0.0004,0.1018,0.0183,0.9960707269155207,0.003929273084479371,5.2134,0.2608,5.2134,0.0,0.0,0.0,0.0,5.2134,0.26080000000000003,5.4742,5.4697
1497,0.0822,0.0012,0.0834,0.015,0.9856115107913668,0.014388489208633093,4.6728,0.7002,4.6727,0.0,0.0,0.0,0.0,4.6727,0.7002,5.3729,5.368
1498,0.031,0.0009,0.0318,0.0057,0.9748427672955974,0.028301886792452827,1.6722,0.6277,1.6722,0.0,0.0,0.0,0.0,1.6722000000000001,0.6277,2.2999,2.3033
1499,0.0365,0.0,0.0365,0.0066,1.0,0.0,2.0766,0.002,2.0766,0.0,0.0,0.0,0.0,2.0766,0.002,2.0786,2.0795
1500,0.07,0.0008,0.0708,0.0127,0.9887005649717515,0.011299435028248588,3.9804,0.503,3.9804,0.0,0.0,0.0,0.0,3.9804,0.503,4.4834,4.4848
1501,0.0192,0.0038,0.023,0.0041,0.8347826086956521,0.16521739130434782,1.0908,2.7237,1.0908,0.0,0.0,0.0,0.0,1.0908,2.7237,3.8145,3.811
1502,0.0344,0.0025,0.0369,0.0066,0.9322493224932249,0.06775067750677506,1.7682,1.4097,1.768,0.0,0.0,0.0,0.0,1.7680000000000002,1.4097,3.1777,3.1742
1503,0.0355,0.0,0.0355,0.0064,1.0,0.0,2.1309,0.003,2.131,0.0001,0.0,0.0,0.0,2.1310000000000002,0.003,2.1340000000000003,2.1387
1504,0.0619,0.0,0.0619,0.0111,1.0,0.0,3.3444,0.0061,3.3443,0.0,0.0,0.0,0.0,3.3442999999999996,0.0061,3.3503999999999996,3.3537
1505,0.0561,0.0,0.0561,0.0101,1.0,0.0,3.0276,0.0043,3.0276,0.0,0.0,0.0,0.0,3.0276000000000005,0.0043,3.0319000000000007,3.0295
1506,0.0686,0.0002,0.0689,0.0124,0.9956458635703918,0.002902757619738752,3.9018,0.1609,3.9018,0.0,0.0,0.0,0.0,3.9017999999999997,0.16090000000000002,4.0626999999999995,4.0589
1507,0.06,0.0001,0.0601,0.0108,0.9983361064891847,0.0016638935108153079,3.4119,0.046,3.4117,0.0,0.0,0.0,0.0,3.4116999999999997,0.046,3.4576999999999996,3.4596
1508,0.0901,0.0004,0.0905,0.0163,0.9955801104972376,0.004419889502762431,4.6341,0.2312,4.6341,0.0,0.0,0.0,0.0,4.6341,0.23120000000000002,4.8653,4.8694
1509,0.0186,0.0,0.0186,0.0033,1.0,0.0,1.1148,0.0031,1.1147,0.0,0.0,0.0,0.0,1.1147,0.0031,1.1178000000000001,1.1189
1510,0.0562,0.0005,0.0567,0.0102,0.9911816578483245,0.008818342151675485,3.1965,0.3355,3.1965,0.0,0.0,0.0,0.0,3.1964999999999995,0.33549999999999996,3.5319999999999996,3.5331
1511,0.0742,0.0025,0.0767,0.0138,0.9674054758800521,0.03259452411994785,3.8181,1.8008,3.8181,0.0,0.0,0.0,0.0,3.8181,1.8008000000000002,5.6189,5.6231
1512,0.0679,0.0001,0.0681,0.0123,0.9970631424375919,0.0014684287812041117,4.077,0.0762,4.077,0.0,0.0,0.0,0.0,4.077,0.0762,4.1532,4.1566
1513,0.0692,0.0,0.0693,0.0125,0.9985569985569985,0.0,4.1535,0.0184,4.1535,0.0,0.0,0.0,0.0,4.1535,0.0184,4.1719,4.1672
1514,0.0884,0.0029,0.0913,0.0164,0.968236582694414,0.031763417305585975,5.3043,1.7846,5.3041,0.0,0.0,0.0,0.0,5.3041,1.7846,7.0887,7.0891
1515,0.044,0.0002,0.0442,0.008,0.9954751131221719,0.004524886877828054,2.265,0.1321,2.265,0.0,0.0,0.0,0.0,2.265,0.1321,2.3971,2.3997
1516,0.0318,0.0001,0.0319,0.0057,0.9968652037617556,0.0031347962382445144,1.6365,0.0541,1.6365,0.0,0.0,0.0,0.0,1.6364999999999998,0.054099999999999995,1.6905999999999999,1.6885
1517,0.0858,0.0002,0.086,0.0155,0.9976744186046512,0.0023255813953488376,4.6341,0.1391,4.6341,0.0,0.0,0.0,0.0,4.6341,0.1391,4.7732,4.7697
1518,0.0748,0.002,0.0767,0.0138,0.9752281616688396,0.026075619295958277,4.0368,1.1373,4.0368,0.0,0.0,0.0,0.0,4.0367999999999995,1.1373,5.174099999999999,5.1789
1519,0.0865,0.0004,0.0869,0.0157,0.9953970080552358,0.004602991944764097,4.6728,0.2504,4.6728,0.0,0.0,0.0,0.0,4.6728000000000005,0.2504,4.9232000000000005,4.9268
1520,0.0516,0.0001,0.0517,0.0093,0.9980657640232108,0.0019342359767891683,2.787,0.0364,2.7869,0.0,0.0,0.0,0.0,2.7869,0.0364,2.8233,2.8192
1521,0.0192,0.0001,0.0193,0.0035,0.9948186528497408,0.0051813471502590676,1.0908,0.0605,1.0908,0.0,0.0,0.0,0.0,1.0908,0.0605,1.1513,1.1532
1522,0.0172,0.0012,0.0184,0.0033,0.9347826086956522,0.06521739130434782,0.9777,0.8957,0.9777,0.0,0.0,0.0,0.0,0.9777,0.8956999999999999,1.8734,1.8694
1523,0.0663,0.0032,0.0696,0.0125,0.9525862068965517,0.04597701149425288,3.4119,2.315,3.4117,0.0,0.0,0.0,0.0,3.4116999999999997,2.315,5.726699999999999,5.7265
1524,0.0178,0.0001,0.0179,0.0032,0.9944134078212291,0.00558659217877095,1.0656,0.0761,1.0656,0.0,0.0,0.0,0.0,1.0656,0.0761,1.1417000000000002,1.1448
1525,0.0166,0.0044,0.021,0.0038,0.7904761904761904,0.20952380952380953,0.9435,2.5998,0.9435,0.0,0.0,0.0,0.0,0.9435,2.5998,3.5433000000000003,3.5468
1526,0.0671,0.0001,0.0672,0.0121,0.9985119047619049,0.0014880952380952382,3.624,0.046,3.6238,0.0,0.0,0.0,0.0,3.6237999999999997,0.046,3.6697999999999995,3.6729
1527,0.0818,0.0001,0.082,0.0148,0.997560975609756,0.0012195121951219512,4.9092,0.0894,4.9092,0.0,0.0,0.0,0.0,4.9092,0.08940000000000001,4.998600000000001,4.9999
1528,0.0799,0.0001,0.0801,0.0144,0.9975031210986266,0.0012484394506866417,4.7949,0.0974,4.7948,0.0,0.0,0.0,0.0,4.7948,0.0974,4.892200000000001,4.8874
1529,0.0802,0.0,0.0802,0.0144,1.0,0.0,4.1256,0.0051,4.1256,0.0,0.0,0.0,0.0,4.1256,0.0051,4.1307,4.1284
1530,0.0503,0.0021,0.0524,0.0094,0.9599236641221374,0.04007633587786259,2.718,1.3648,2.7179,0.0,0.0,0.0,0.0,2.7179,1.3648,4.0827,4.082
1531,0.0563,0.0006,0.0569,0.0102,0.9894551845342707,0.010544815465729348,2.8962,0.4014,2.8963,0.0001,0.0,0.0,0.0,2.8963,0.40140000000000003,3.2977000000000003,3.2997
1532,0.071,0.0041,0.0751,0.0135,0.9454061251664446,0.05459387483355527,4.0368,2.7985,4.037,0.0002,0.0,0.0,0.0,4.037,2.7984999999999998,6.8355,6.8359
1533,0.03,0.0006,0.0306,0.0055,0.9803921568627451,0.0196078431372549,1.7058,0.3726,1.7058,0.0,0.0,0.0,0.0,1.7058,0.37260000000000004,2.0784000000000002,2.0754
1534,0.0187,0.0009,0.0196,0.0035,0.9540816326530613,0.04591836734693878,1.0656,0.4752,1.0655,0.0,0.0,0.0,0.0,1.0655000000000001,0.47520000000000007,1.5407000000000002,1.5375
1535,0.0725,0.0,0.0725,0.0131,1.0,0.0,3.7293,0.0254,3.7293,0.0,0.0,0.0,0.0,3.7293000000000003,0.0254,3.7547,3.7527
1536,0.0303,0.0006,0.0309,0.0056,0.9805825242718447,0.019417475728155338,1.5576,0.4652,1.5576,0.0,0.0,0.0,0.0,1.5575999999999999,0.46519999999999995,2.0227999999999997,2.0239
1537,0.0602,0.0015,0.0617,0.0111,0.9756888168557536,0.024311183144246355,3.4221,0.994,3.422,0.0,0.0,0.0,0.0,3.422,0.994,4.416,4.4133
1538,0.0774,0.0,0.0775,0.0139,0.9987096774193548,0.0,4.3998,0.0308,4.3997,0.0,0.0,0.0,0.0,4.399699999999999,0.0308,4.430499999999999,4.4325
1539,0.0302,0.003,0.0332,0.006,0.9096385542168675,0.09036144578313253,1.812,1.7754,1.812,0.0,0.0,0.0,0.0,1.8119999999999998,1.7753999999999999,3.5873999999999997,3.5845
1540,0.0229,0.0,0.0229,0.0041,1.0,0.0,1.1787,0.0154,1.1787,0.0,0.0,0.0,0.0,1.1787,0.0154,1.1941000000000002,1.1986
1541,0.0225,0.0001,0.0226,0.0041,0.995575221238938,0.004424778761061948,1.1586,0.0417,1.1586,0.0,0.0,0.0,0.0,1.1585999999999999,0.0417,1.2003,1.1974
1542,0.048,0.0,0.048,0.0086,1.0,0.0,2.7273,0.0109,2.7272,0.0,0.0,0.0,0.0,2.7272,0.0109,2.7380999999999998,2.7416
1543,0.0933,0.0001,0.0934,0.0168,0.9989293361884368,0.0010706638115631692,5.3043,0.0754,5.3043,0.0,0.0,0.0,0.0,5.3043,0.0754,5.3797,5.3754
1544,0.0311,0.0003,0.0313,0.0056,0.9936102236421724,0.009584664536741212,1.5984,0.1839,1.5984,0.0,0.0,0.0,0.0,1.5984000000000003,0.1839,1.7823000000000002,1.7866
1545,0.0384,0.0013,0.0397,0.0071,0.9672544080604534,0.0327455919395466,2.1819,0.9239,2.1817,0.0,0.0,0.0,0.0,2.1816999999999998,0.9238999999999999,3.1056,3.1012
1546,0.0175,0.0,0.0175,0.0031,1.0,0.0,0.9435,0.0073,0.9435,0.0,0.0,0.0,0.0,0.9435,0.0073,0.9508,0.9519
1547,0.0453,0.0011,0.0464,0.0083,0.9762931034482759,0.02370689655172414,2.718,0.7697,2.718,0.0,0.0,0.0,0.0,2.718,0.7697,3.4877000000000002,3.4837
1548,0.0553,0.0011,0.0564,0.0102,0.9804964539007093,0.01950354609929078,2.8431,0.6928,2.8431,0.0,0.0,0.0,0.0,2.8430999999999997,0.6928000000000001,3.5359,3.5372
1549,0.044,0.0001,0.0442,0.0079,0.9954751131221719,0.002262443438914027,2.265,0.0745,2.2649,0.0,0.0,0.0,0.0,2.2649,0.07450000000000001,2.3394,2.3417
1550,0.0759,0.0004,0.0763,0.0137,0.9947575360419396,0.005242463958060288,3.9018,0.2953,3.9017,0.0,0.0,0.0,0.0,3.9017,0.2953,4.197,4.1926
1551,0.0561,0.0001,0.0561,0.0101,1.0,0.0017825311942959003,3.0276,0.0375,3.0276,0.0,0.0,0.0,0.0,3.0276000000000005,0.0375,3.0651000000000006,3.0642
1552,0.0528,0.0,0.0529,0.0095,0.998109640831758,0.0,3.171,0.0255,3.171,0.0,0.0,0.0,0.0,3.171,0.0255,3.1965,3.1952
1553,0.0217,0.0025,0.0242,0.0043,0.8966942148760331,0.10330578512396695,1.1148,1.6671,1.1148,0.0,0.0,0.0,0.0,1.1148,1.6671,2.7819000000000003,2.7797
1554,0.0196,0.0001,0.0198,0.0036,0.9898989898989898,0.00505050505050505,1.0092,0.0796,1.0092,0.0,0.0,0.0,0.0,1.0091999999999999,0.0796,1.0888,1.0865
1555,0.0909,0.0013,0.0922,0.0166,0.9859002169197396,0.014099783080260303,4.9092,0.8304,4.9091,0.0,0.0,0.0,0.0,4.9091000000000005,0.8304,5.7395000000000005,5.7367
1556,0.0592,0.0016,0.0608,0.0109,0.9736842105263158,0.026315789473684213,3.1965,1.019,3.1966,0.0001,0.0,0.0,0.0,3.1966,1.0190000000000001,4.2156,4.2108
1557,0.0688,0.0,0.0688,0.0124,1.0,0.0,4.1256,0.004,4.1255,0.0,0.0,0.0,0.0,4.1255,0.004,4.129499999999999,4.1276
1558,0.0252,0.0002,0.0254,0.0046,0.9921259842519685,0.007874015748031496,1.5138,0.109,1.5138,0.0,0.0,0.0,0.0,1.5138000000000003,0.109,1.6228000000000002,1.6271
1559,0.0498,0.0,0.0498,0.009,1.0,0.0,2.8305,0.0031,2.8304,0.0,0.0,0.0,0.0,2.8304,0.0031,2.8335,2.8304
1560,0.055,0.0007,0.0557,0.01,0.9874326750448833,0.012567324955116697,2.8305,0.4908,2.8304,0.0,0.0,0.0,0.0,2.8304,0.4908,3.3212,3.3226
1561,0.0365,0.0027,0.0393,0.0071,0.9287531806615775,0.06870229007633588,2.0766,1.977,2.0768,0.0002,0.0,0.0,0.0,2.0768,1.9769999999999999,4.0538,4.0493
1562,0.0629,0.0012,0.0641,0.0115,0.9812792511700467,0.018720748829953195,3.774,0.7473,3.774,0.0,0.0,0.0,0.0,3.774,0.7473000000000001,4.5213,4.525
1563,0.0808,0.0,0.0808,0.0145,1.0,0.0,4.1535,0.002,4.1534,0.0,0.0,0.0,0.0,4.1534,0.002,4.1554,4.1529
1564,0.0815,0.0021,0.0836,0.015,0.9748803827751197,0.025119617224880382,4.3998,1.2484,4.3998,0.0,0.0,0.0,0.0,4.3998,1.2484,5.6482,5.6453
1565,0.051,0.0001,0.0511,0.0092,0.9980430528375733,0.001956947162426615,2.8962,0.0907,2.8962,0.0,0.0,0.0,0.0,2.8962000000000003,0.0907,2.9869000000000003,2.9917
1566,0.0901,0.0,0.0901,0.0162,1.0,0.0,4.6341,0.0019,4.6341,0.0,0.0,0.0,0.0,4.6341,0.0019,4.636,4.6395
1567,0.0258,0.0,0.0258,0.0046,1.0,0.0,1.4667,0.0017,1.4667,0.0,0.0,0.0,0.0,1.4667,0.0017,1.4684,1.4677
1568,0.0408,0.0026,0.0434,0.0078,0.9400921658986175,0.059907834101382486,2.3172,1.8683,2.3171,0.0,0.0,0.0,0.0,2.3171,1.8683,4.1854,4.189
1569,0.0489,0.0,0.0489,0.0088,1.0,0.0,2.9331,0.0045,2.9331,0.0,0.0,0.0,0.0,2.9331,0.0045,2.9376,2.9415
1570,0.0475,0.0,0.0475,0.0086,1.0,0.0,2.4444,0.0016,2.4442,0.0,0.0,0.0,0.0,2.4442,0.0015999999999999999,2.4457999999999998,2.4461
1571,0.0453,0.0004,0.0457,0.0082,0.9912472647702407,0.008752735229759301,2.718,0.3099,2.718,0.0,0.0,0.0,0.0,2.718,0.3099,3.0279,3.0293
1572,0.0688,0.0,0.0688,0.0124,1.0,0.0,3.5361,0.0197,3.5361,0.0,0.0,0.0,0.0,3.5361000000000002,0.019700000000000002,3.5558,3.5537
1573,0.0296,0.0001,0.0297,0.0053,0.9966329966329966,0.0033670033670033673,1.5984,0.0472,1.5983,0.0,0.0,0.0,0.0,1.5983,0.0472,1.6455,1.6426
1574,0.048,0.0001,0.0481,0.0087,0.997920997920998,0.002079002079002079,2.7273,0.0789,2.7273,0.0,0.0,0.0,0.0,2.7273,0.0789,2.8062,2.8037
1575,0.0217,0.0,0.0217,0.0039,1.0,0.0,1.1148,0.0066,1.1146,0.0,0.0,0.0,0.0,1.1146,0.0066,1.1212,1.1214
1576,0.0474,0.0012,0.0485,0.0087,0.977319587628866,0.02474226804123711,2.8431,0.8312,2.8431,0.0,0.0,0.0,0.0,2.8430999999999997,0.8312,3.6742999999999997,3.6723
1577,0.0325,0.0,0.0325,0.0059,1.0,0.0,1.6722,0.0032,1.6722,0.0,0.0,0.0,0.0,1.6722000000000001,0.0032,1.6754000000000002,1.6718
1578,0.0676,0.0002,0.0678,0.0122,0.9970501474926253,0.0029498525073746317,3.4755,0.1249,3.4755,0.0,0.0,0.0,0.0,3.4755000000000003,0.12490000000000001,3.6004000000000005,3.6038
1579,0.0606,0.0,0.0606,0.0109,1.0,0.0,3.6342,0.0089,3.6343,0.0001,0.0,0.0,0.0,3.6343,0.0089,3.6432,3.6457
1580,0.0415,0.0,0.0415,0.0075,1.0,0.0,2.3586,0.0059,2.3587,0.0001,0.0,0.0,0.0,2.3587,0.0059,2.3646,2.3606
1581,0.0529,0.0013,0.0541,0.0097,0.977818853974122,0.024029574861367836,2.718,0.8177,2.718,0.0,0.0,0.0,0.0,2.718,0.8177000000000001,3.5357000000000003,3.538
1582,0.0393,0.0,0.0393,0.0071,1.0,0.0,2.3586,0.0084,2.3586,0.0,0.0,0.0,0.0,2.3586,0.008400000000000001,2.367,2.3688
1583,0.057,0.0011,0.0581,0.0105,0.981067125645439,0.0189328743545611,2.9331,0.6914,2.9332,0.0001,0.0,0.0,0.0,2.9332000000000003,0.6914,3.6246,3.6271
1584,0.0758,0.0,0.0758,0.0137,1.0,0.0,4.5489,0.0237,4.5489,0.0,0.0,0.0,0.0,4.5489,0.0237,4.5725999999999996,4.5757
1585,0.0178,0.002,0.0197,0.0036,0.9035532994923858,0.10152284263959392,1.0656,1.2731,1.0655,0.0,0.0,0.0,0.0,1.0655000000000001,1.2731,2.3386,2.3412
1586,0.0655,0.0001,0.0656,0.0118,0.9984756097560975,0.001524390243902439,3.5361,0.0584,3.5361,0.0,0.0,0.0,0.0,3.5361000000000002,0.058399999999999994,3.5945,3.5964
1587,0.08,0.002,0.082,0.0148,0.975609756097561,0.024390243902439025,4.5489,1.1828,4.5489,0.0,0.0,0.0,0.0,4.5489,1.1828,5.7317,5.732
1588,0.0558,0.0001,0.0559,0.0101,0.9982110912343471,0.001788908765652952,3.171,0.0524,3.1709,0.0,0.0,0.0,0.0,3.1708999999999996,0.0524,3.2232999999999996,3.2236
1589,0.0505,0.0021,0.0526,0.0095,0.9600760456273765,0.03992395437262357,2.5959,1.5426,2.5959,0.0,0.0,0.0,0.0,2.5959,1.5426,4.1385,4.1352
1590,0.0314,0.0001,0.0316,0.0057,0.9936708860759492,0.0031645569620253164,1.887,0.0802,1.8869,0.0,0.0,0.0,0.0,1.8869,0.08020000000000001,1.9671,1.9649
1591,0.0217,0.0,0.0217,0.0039,1.0,0.0,1.1148,0.0045,1.1148,0.0,0.0,0.0,0.0,1.1148,0.0045000000000000005,1.1193,1.1181
1592,0.0955,0.0011,0.0966,0.0174,0.9886128364389234,0.011387163561076604,4.9092,0.7581,4.9091,0.0,0.0,0.0,0.0,4.9091000000000005,0.7581,5.6672,5.67
1593,0.0217,0.0001,0.0218,0.0039,0.9954128440366973,0.0045871559633027525,1.1148,0.0603,1.1148,0.0,0.0,0.0,0.0,1.1148,0.06029999999999999,1.1751,1.1748
1594,0.0561,0.0,0.0561,0.0101,1.0,0.0,3.0276,0.0095,3.0276,0.0,0.0,0.0,0.0,3.0276000000000005,0.0095,3.0371000000000006,3.0384
1595,0.0621,0.0,0.0621,0.0112,1.0,0.0,3.5322,0.0043,3.5322,0.0,0.0,0.0,0.0,3.5322,0.0043,3.5365,3.5374
1596,0.0853,0.0006,0.0859,0.0155,0.9930151338766007,0.0069848661233993005,5.1177,0.4538,5.1176,0.0,0.0,0.0,0.0,5.1175999999999995,0.4538,5.5714,5.5733
1597,0.0717,0.0001,0.0718,0.0129,0.9986072423398328,0.001392757660167131,4.077,0.0511,4.0769,0.0,0.0,0.0,0.0,4.0769,0.0511,4.128,4.1251
1598,0.0444,0.0002,0.0446,0.008,0.9955156950672646,0.004484304932735426,2.6637,0.0946,2.6637,0.0,0.0,0.0,0.0,2.6637,0.09459999999999999,2.7582999999999998,2.7628
1599,0.0229,0.0002,0.0232,0.0042,0.9870689655172414,0.008620689655172415,1.1787,0.1578,1.1787,0.0,0.0,0.0,0.0,1.1787,0.1578,1.3365,1.3389
1600,0.0965,0.0002,0.0967,0.0174,0.9979317476732162,0.002068252326783868,5.2134,0.1435,5.2134,0.0,0.0,0.0,0.0,5.2134,0.14350000000000002,5.3569,5.3607
1601,0.0227,0.0,0.0227,0.0041,1.0,0.0,1.359,0.0079,1.3589,0.0,0.0,0.0,0.0,1.3589,0.007899999999999999,1.3668,1.3679
1602,0.0217,0.0005,0.0222,0.004,0.9774774774774775,0.02252252252252252,1.1148,0.366,1.1148,0.0,0.0,0.0,0.0,1.1148,0.36600000000000005,1.4808000000000001,1.4834
1603,0.0699,0.0014,0.0713,0.0128,0.9803646563814867,0.019635343618513323,3.774,0.9837,3.7739,0.0,0.0,0.0,0.0,3.7739000000000003,0.9837,4.7576,4.7567
1604,0.055,0.0,0.055,0.0099,1.0,0.0,2.8305,0.0027,2.8304,0.0,0.0,0.0,0.0,2.8304,0.0027,2.8331,2.8336
1605,0.0489,0.0029,0.0518,0.0093,0.944015444015444,0.055984555984555984,2.9331,1.934,2.9331,0.0,0.0,0.0,0.0,2.9331,1.934,4.8671,4.869
1606,0.0841,0.0031,0.0872,0.0157,0.9644495412844036,0.03555045871559633,4.5414,2.0428,4.5414,0.0,0.0,0.0,0.0,4.5414,2.0427999999999997,6.5842,6.5826
1607,0.0319,0.0013,0.0332,0.006,0.9608433734939759,0.0391566265060241,1.812,0.7679,1.812,0.0,0.0,0.0,0.0,1.8119999999999998,0.7678999999999999,2.5799,2.5836
1608,0.0829,0.0001,0.0829,0.0149,1.0,0.0012062726176115804,4.2621,0.0383,4.2621,0.0,0.0,0.0,0.0,4.2621,0.0383,4.3004,4.3011
1609,0.0558,0.0001,0.0559,0.0101,0.9982110912343471,0.001788908765652952,3.171,0.0677,3.1709,0.0,0.0,0.0,0.0,3.1708999999999996,0.0677,3.2385999999999995,3.2389
1610,0.0319,0.0002,0.0321,0.0058,0.9937694704049844,0.006230529595015577,1.812,0.1272,1.812,0.0,0.0,0.0,0.0,1.8119999999999998,0.1272,1.9391999999999998,1.9374
1611,0.049,0.0018,0.0508,0.0091,0.9645669291338583,0.03543307086614173,2.787,1.2906,2.787,0.0,0.0,0.0,0.0,2.787,1.2906,4.0776,4.0796
1612,0.0707,0.0002,0.0709,0.0128,0.9971791255289139,0.0028208744710860366,3.8181,0.1512,3.8182,0.0001,0.0,0.0,0.0,3.8182,0.1512,3.9694000000000003,3.9667
1613,0.0414,0.0046,0.0461,0.0083,0.8980477223427331,0.09978308026030368,2.1309,2.9205,2.1311,0.0002,0.0,0.0,0.0,2.1311,2.9204999999999997,5.0516,5.0553
1614,0.048,0.0,0.048,0.0086,1.0,0.0,2.7273,0.0023,2.7273,0.0,0.0,0.0,0.0,2.7273,0.0023,2.7296,2.7265
1615,0.0634,0.0,0.0634,0.0114,1.0,0.0,3.4221,0.0032,3.422,0.0,0.0,0.0,0.0,3.422,0.0031999999999999997,3.4252000000000002,3.4211
1616,0.0882,0.002,0.0902,0.0162,0.9778270509977827,0.022172949002217293,5.0163,1.172,5.0163,0.0,0.0,0.0,0.0,5.016299999999999,1.1720000000000002,6.1883,6.1899
1617,0.0196,0.0021,0.0217,0.0039,0.9032258064516129,0.0967741935483871,1.0092,1.497,1.0092,0.0,0.0,0.0,0.0,1.0091999999999999,1.497,2.5061999999999998,2.5106
1618,0.0196,0.0063,0.0259,0.0047,0.7567567567567568,0.24324324324324326,1.1787,3.4696,1.1787,0.0,0.0,0.0,0.0,1.1787,3.4696,4.6483,4.6462
1619,0.0622,0.0,0.0622,0.0112,1.0,0.0,3.5361,0.0086,3.5361,0.0,0.0,0.0,0.0,3.5361000000000002,0.0086,3.5447,3.5482
1620,0.0724,0.0034,0.0758,0.0136,0.9551451187335093,0.04485488126649076,3.9108,2.4457,3.9109,0.0001,0.0,0.0,0.0,3.9109000000000003,2.4457,6.3566,6.3562
1621,0.0561,0.0,0.0561,0.0101,1.0,0.0,3.0276,0.0103,3.0276,0.0,0.0,0.0,0.0,3.0276000000000005,0.0103,3.0379000000000005,3.0398
1622,0.0581,0.0,0.0581,0.0105,1.0,0.0,3.3021,0.028,3.3021,0.0,0.0,0.0,0.0,3.3021000000000003,0.028,3.3301000000000003,3.3284
1623,0.0465,0.0004,0.0468,0.0084,0.9935897435897435,0.008547008547008548,2.787,0.2449,2.7869,0.0,0.0,0.0,0.0,2.7869,0.2449,3.0318,3.0328
1624,0.065,0.0001,0.0651,0.0117,0.9984639016897081,0.0015360983102918587,3.3444,0.0488,3.3442,0.0,0.0,0.0,0.0,3.3442,0.0488,3.393,3.3901
1625,0.0995,0.0,0.0995,0.0179,1.0,0.0,5.1177,0.0056,5.1176,0.0,0.0,0.0,0.0,5.1175999999999995,0.0056,5.1232,5.1267
1626,0.0873,0.0001,0.0874,0.0157,0.9988558352402745,0.0011441647597254005,4.7148,0.0609,4.7148,0.0,0.0,0.0,0.0,4.7148,0.0609,4.7757000000000005,4.7775
1627,0.0453,0.0012,0.0465,0.0084,0.9741935483870968,0.025806451612903222,2.718,0.7273,2.718,0.0,0.0,0.0,0.0,2.718,0.7273000000000001,3.4453,3.4472
1628,0.0419,0.0003,0.0422,0.0076,0.9928909952606635,0.007109004739336492,2.265,0.2087,2.265,0.0,0.0,0.0,0.0,2.265,0.2087,2.4737,2.4758
1629,0.075,0.0021,0.0771,0.0139,0.9727626459143969,0.02723735408560311,4.2621,1.3145,4.2621,0.0,0.0,0.0,0.0,4.2621,1.3145,5.5766,5.5775
1630,0.0758,0.0,0.0758,0.0136,1.0,0.0,4.5489,0.0051,4.5489,0.0,0.0,0.0,0.0,4.5489,0.0050999999999999995,4.553999999999999,4.5547
1631,0.02,0.0053,0.0253,0.0046,0.7905138339920948,0.20948616600790515,1.1373,3.5046,1.1373,0.0,0.0,0.0,0.0,1.1373,3.5046,4.6419,4.6426
1632,0.0786,0.0009,0.0795,0.0143,0.9886792452830189,0.011320754716981131,4.2456,0.5809,4.2458,0.0002,0.0,0.0,0.0,4.2458,0.5809,4.8267,4.8274
1633,0.0725,0.0004,0.0729,0.0131,0.9945130315500684,0.0054869684499314125,3.7293,0.2299,3.7293,0.0,0.0,0.0,0.0,3.7293000000000003,0.22989999999999997,3.9592,3.9546
1634,0.0606,0.0,0.0606,0.0109,1.0,0.0,3.2727,0.0181,3.2727,0.0,0.0,0.0,0.0,3.2727,0.018099999999999998,3.2908,3.2912
1635,0.06,0.0005,0.0605,0.0109,0.9917355371900827,0.008264462809917356,3.4119,0.3587,3.4118,0.0,0.0,0.0,0.0,3.4118,0.3587,3.7705,3.7671
1636,0.03,0.0,0.03,0.0054,1.0,0.0,1.7058,0.0033,1.7058,0.0,0.0,0.0,0.0,1.7058,0.0033,1.7091,1.7057
1637,0.0377,0.0,0.0378,0.0068,0.9973544973544973,0.0,2.265,0.0046,2.265,0.0,0.0,0.0,0.0,2.265,0.0046,2.2696,2.2671
1638,0.0239,0.0014,0.0253,0.0046,0.9446640316205535,0.05533596837944664,1.359,1.0083,1.359,0.0,0.0,0.0,0.0,1.359,1.0083,2.3673,2.3634
1639,0.055,0.002,0.057,0.0103,0.9649122807017544,0.03508771929824561,2.8305,1.2813,2.8305,0.0,0.0,0.0,0.0,2.8305,1.2813,4.1118,4.1083
1640,0.0196,0.007,0.0266,0.0048,0.7368421052631579,0.26315789473684215,1.1787,3.8745,1.1787,0.0,0.0,0.0,0.0,1.1787,3.8745,5.0532,5.0521
1641,0.0536,0.0,0.0536,0.0097,1.0,0.0,2.8962,0.0048,2.8963,0.0001,0.0,0.0,0.0,2.8963,0.0048,2.9011,2.8983
1642,0.0982,0.0015,0.0997,0.0179,0.9849548645937813,0.015045135406218657,5.3043,1.051,5.3042,0.0,0.0,0.0,0.0,5.3042,1.051,6.3552,6.3538
1643,0.0808,0.0,0.0808,0.0145,1.0,0.0,4.3635,0.0031,4.3635,0.0,0.0,0.0,0.0,4.3635,0.0030999999999999995,4.3666,4.3684
1644,0.0562,0.0,0.0563,0.0101,0.9982238010657193,0.0,3.1965,0.0183,3.1965,0.0,0.0,0.0,0.0,3.1964999999999995,0.0183,3.2147999999999994,3.2148
1645,0.0279,0.0048,0.0326,0.0059,0.8558282208588959,0.147239263803681,1.6722,3.4375,1.6722,0.0,0.0,0.0,0.0,1.6722000000000001,3.4375,5.1097,5.1062
1646,0.0536,0.0046,0.0582,0.0105,0.9209621993127148,0.07903780068728522,2.8962,2.524,2.8962,0.0,0.0,0.0,0.0,2.8962000000000003,2.524,5.4202,5.4248
1647,0.0842,0.0,0.0843,0.0152,0.9988137603795967,0.0,4.5489,0.0082,4.549,0.0001,0.0,0.0,0.0,4.549,0.0082,4.557200000000001,4.5578
1648,0.0181,0.0,0.0181,0.0033,1.0,0.0,0.9777,0.0014,0.9777,0.0,0.0,0.0,0.0,0.9777,0.0014,0.9791,0.9812
1649,0.0458,0.0,0.0459,0.0083,0.9978213507625272,0.0,2.3574,0.0115,2.3574,0.0,0.0,0.0,0.0,2.3574,0.0115,2.3689,2.3673
1650,0.0407,0.0,0.0407,0.0073,1.0,0.0,2.4444,0.0049,2.4443,0.0,0.0,0.0,0.0,2.4443,0.0049,2.4492000000000003,2.4481
1651,0.0493,0.0,0.0493,0.0089,1.0,0.0,2.6637,0.0025,2.6638,0.0001,0.0,0.0,0.0,2.6638,0.0024999999999999996,2.6663,2.6621
1652,0.0524,0.0,0.0524,0.0094,1.0,0.0,2.8305,0.0041,2.8305,0.0,0.0,0.0,0.0,2.8305,0.0040999999999999995,2.8346,2.8315
1653,0.0244,0.0,0.0245,0.0044,0.9959183673469388,0.0,1.4667,0.0062,1.4666,0.0,0.0,0.0,0.0,1.4666000000000001,0.0062,1.4728,1.4764
1654,0.0332,0.0002,0.0333,0.006,0.996996996996997,0.006006006006006006,1.7058,0.1112,1.706,0.0002,0.0,0.0,0.0,1.706,0.11120000000000001,1.8172,1.82
1655,0.0478,0.0,0.0479,0.0086,0.9979123173277663,0.0,2.718,0.0339,2.7179,0.0,0.0,0.0,0.0,2.7179,0.0339,2.7518000000000002,2.7562
1656,0.0244,0.0007,0.0252,0.0045,0.9682539682539683,0.027777777777777776,1.4667,0.5365,1.4666,0.0,0.0,0.0,0.0,1.4666000000000001,0.5365,2.0031,2.0006
1657,0.0688,0.0001,0.0688,0.0124,1.0,0.0014534883720930232,3.5361,0.0539,3.5362,0.0001,0.0,0.0,0.0,3.5362,0.053899999999999997,3.5901,3.5855
1658,0.0483,0.0001,0.0483,0.0087,1.0,0.002070393374741201,2.8962,0.0565,2.8962,0.0,0.0,0.0,0.0,2.8962000000000003,0.0565,2.9527000000000005,2.9549
1659,0.0527,0.0,0.0527,0.0095,1.0,0.0,2.8431,0.0188,2.8431,0.0,0.0,0.0,0.0,2.8430999999999997,0.018799999999999997,2.8619,2.858
1660,0.0159,0.0006,0.0165,0.003,0.9636363636363636,0.03636363636363636,0.906,0.4384,0.906,0.0,0.0,0.0,0.0,0.9059999999999999,0.4384,1.3443999999999998,1.3464
1661,0.0639,0.0009,0.0648,0.0117,0.9861111111111112,0.01388888888888889,3.6342,0.632,3.6343,0.0001,0.0,0.0,0.0,3.6343000000000005,0.632,4.2663,4.2622
1662,0.0764,0.0003,0.0767,0.0138,0.9960886571056061,0.003911342894393741,4.1256,0.1948,4.1255,0.0,0.0,0.0,0.0,4.125500000000001,0.1948,4.3203000000000005,4.3249
1663,0.053,0.0003,0.0534,0.0096,0.99250936329588,0.005617977528089887,2.7273,0.2455,2.7272,0.0,0.0,0.0,0.0,2.7272,0.2455,2.9726999999999997,2.9726
1664,0.0229,0.0003,0.0232,0.0042,0.9870689655172414,0.01293103448275862,1.1787,0.1699,1.1787,0.0,0.0,0.0,0.0,1.1787,0.1699,1.3486,1.3482
1665,0.0252,0.0002,0.0254,0.0046,0.9921259842519685,0.007874015748031496,1.5138,0.1568,1.5138,0.0,0.0,0.0,0.0,1.5138000000000003,0.1568,1.6706000000000003,1.6748
1666,0.0955,0.0,0.0955,0.0172,1.0,0.0,4.9092,0.0101,4.9092,0.0,0.0,0.0,0.0,4.9092,0.010100000000000001,4.919300000000001,4.9207
1667,0.043,0.0,0.043,0.0077,1.0,0.0,2.4444,0.0018,2.4444,0.0,0.0,0.0,0.0,2.4444,0.0018,2.4461999999999997,2.4458
1668,0.0386,0.0,0.0386,0.007,1.0,0.0,2.3172,0.0039,2.317,0.0,0.0,0.0,0.0,2.317,0.0039,2.3209,2.3234
1669,0.0319,0.0028,0.0347,0.0062,0.9193083573487031,0.08069164265129683,1.812,2.0451,1.812,0.0,0.0,0.0,0.0,1.8119999999999998,2.0451,3.8571,3.8525
1670,0.019,0.0,0.019,0.0034,1.0,0.0,0.9777,0.0139,0.9777,0.0,0.0,0.0,0.0,0.9777,0.0139,0.9916,0.9931
1671,0.0686,0.0009,0.0696,0.0125,0.985632183908046,0.01293103448275862,3.9018,0.6289,3.9018,0.0,0.0,0.0,0.0,3.9017999999999997,0.6289,4.5306999999999995,4.5318
1672,0.0982,0.0029,0.1012,0.0182,0.9703557312252964,0.028656126482213436,5.3043,2.1128,5.3041,0.0,0.0,0.0,0.0,5.3041,2.1128,7.4169,7.414
1673,0.0679,0.0,0.068,0.0122,0.9985294117647059,0.0,4.077,0.0096,4.077,0.0,0.0,0.0,0.0,4.077,0.009600000000000001,4.0866,4.0827
1674,0.0453,0.0004,0.0457,0.0082,0.9912472647702407,0.008752735229759301,2.4444,0.2635,2.4443,0.0,0.0,0.0,0.0,2.4443,0.2635,2.7078,2.7084
1675,0.0518,0.0001,0.0519,0.0093,0.9980732177263969,0.0019267822736030828,2.6637,0.0592,2.6638,0.0001,0.0,0.0,0.0,2.6638,0.059199999999999996,2.7230000000000003,2.7248
1676,0.0316,0.0,0.0316,0.0057,1.0,0.0,1.7058,0.0162,1.7059,0.0001,0.0,0.0,0.0,1.7059,0.0162,1.7221,1.7237
1677,0.0186,0.0,0.0186,0.0033,1.0,0.0,1.1148,0.003,1.1148,0.0,0.0,0.0,0.0,1.1148,0.003,1.1178,1.1145
1678,0.0654,0.0002,0.0656,0.0118,0.996951219512195,0.003048780487804878,3.5322,0.1177,3.5322,0.0,0.0,0.0,0.0,3.5322,0.1177,3.6499,3.6479
1679,0.0622,0.0023,0.0645,0.0116,0.9643410852713178,0.03565891472868217,3.7293,1.6865,3.7293,0.0,0.0,0.0,0.0,3.7293000000000003,1.6864999999999999,5.4158,5.4202
1680,0.0151,0.0002,0.0153,0.0027,0.9869281045751634,0.013071895424836602,0.906,0.1067,0.906,0.0,0.0,0.0,0.0,0.9059999999999999,0.1067,1.0127,1.01
1681,0.0688,0.0001,0.0689,0.0124,0.9985486211901305,0.001451378809869376,3.5361,0.0648,3.5362,0.0001,0.0,0.0,0.0,3.5362,0.0648,3.601,3.597
1682,0.0723,0.0,0.0723,0.013,1.0,0.0,3.9018,0.0029,3.9017,0.0,0.0,0.0,0.0,3.9017,0.0029,3.9046,3.9041
1683,0.03,0.0,0.03,0.0054,1.0,0.0,1.7058,0.0078,1.7058,0.0,0.0,0.0,0.0,1.7058,0.0078000000000000005,1.7136,1.7136
1684,0.0183,0.0003,0.0187,0.0034,0.9786096256684491,0.0160427807486631,0.9435,0.2183,0.9435,0.0,0.0,0.0,0.0,0.9435,0.2183,1.1618,1.1578
1685,0.0505,0.0,0.0505,0.0091,1.0,0.0,3.0276,0.0049,3.0276,0.0,0.0,0.0,0.0,3.0276000000000005,0.0049,3.0325000000000006,3.0301
1686,0.0742,0.0001,0.0743,0.0134,0.9986541049798116,0.0013458950201884253,3.8181,0.0363,3.8181,0.0,0.0,0.0,0.0,3.8181,0.0363,3.8544,3.8524
1687,0.0779,0.0,0.0779,0.014,1.0,0.0,4.6728,0.0302,4.6726,0.0,0.0,0.0,0.0,4.6726,0.030199999999999998,4.7028,4.701
1688,0.0826,0.0007,0.0833,0.015,0.9915966386554623,0.008403361344537815,4.4592,0.4695,4.4591,0.0,0.0,0.0,0.0,4.459099999999999,0.46950000000000003,4.928599999999999,4.9277
1689,0.019,0.0001,0.019,0.0034,1.0,0.005263157894736843,1.1373,0.04,1.1373,0.0,0.0,0.0,0.0,1.1373,0.04,1.1773,1.1768
1690,0.0404,0.0019,0.0423,0.0076,0.9550827423167849,0.04491725768321513,2.1819,1.3358,2.1818,0.0,0.0,0.0,0.0,2.1818,1.3357999999999999,3.5176,3.5176
1691,0.0743,0.0004,0.0747,0.0134,0.9946452476572959,0.00535475234270415,4.4592,0.2326,4.459,0.0,0.0,0.0,0.0,4.459,0.23259999999999997,4.691599999999999,4.69
1692,0.0802,0.0026,0.0828,0.0149,0.9685990338164251,0.03140096618357488,4.1256,1.6439,4.1254,0.0,0.0,0.0,0.0,4.1254,1.6439000000000001,5.7693,5.7729
1693,0.0332,0.0,0.0332,0.006,1.0,0.0,1.887,0.013,1.887,0.0,0.0,0.0,0.0,1.887,0.012999999999999998,1.9,1.9017
1694,0.0592,0.0022,0.0614,0.0111,0.9641693811074918,0.035830618892508145,3.1965,1.4745,3.1965,0.0,0.0,0.0,0.0,3.1964999999999995,1.4745,4.670999999999999,4.6711
1695,0.0173,0.0016,0.019,0.0034,0.9105263157894736,0.08421052631578949,1.0383,1.1849,1.0384,0.0001,0.0,0.0,0.0,1.0384,1.1849,2.2233,2.2192
1696,0.0638,0.0,0.0638,0.0115,1.0,0.0,3.624,0.0047,3.624,0.0,0.0,0.0,0.0,3.6239999999999997,0.0047,3.6287,3.6316
1697,0.0377,0.0,0.0378,0.0068,0.9973544973544973,0.0,2.265,0.0032,2.265,0.0,0.0,0.0,0.0,2.265,0.0031999999999999997,2.2682,2.2711
1698,0.0676,0.0001,0.0676,0.0122,1.0,0.0014792899408284025,3.4755,0.0411,3.4756,0.0001,0.0,0.0,0.0,3.4756,0.0411,3.5167,3.5132
1699,0.0543,0.0,0.0543,0.0098,1.0,0.0,2.9331,0.0045,2.9331,0.0,0.0,0.0,0.0,2.9331,0.0045,2.9376,2.9327
1700,0.0579,0.0,0.0579,0.0104,1.0,0.0,3.4755,0.004,3.4755,0.0,0.0,0.0,0.0,3.4755000000000003,0.004,3.4795000000000003,3.4757
1701,0.0274,0.0,0.0274,0.0049,1.0,0.0,1.5576,0.0241,1.5576,0.0,0.0,0.0,0.0,1.5575999999999999,0.024099999999999996,1.5816999999999999,1.5836
1702,0.0475,0.0002,0.0478,0.0086,0.9937238493723849,0.0041841004184100415,2.4444,0.1785,2.4443,0.0,0.0,0.0,0.0,2.4443,0.1785,2.6228000000000002,2.6191
1703,0.0182,0.0001,0.0182,0.0033,1.0,0.005494505494505494,1.0908,0.038,1.0908,0.0,0.0,0.0,0.0,1.0908,0.038,1.1288,1.1326
1704,0.0505,0.0009,0.0514,0.0093,0.9824902723735409,0.017509727626459144,2.7273,0.5382,2.7273,0.0,0.0,0.0,0.0,2.7273,0.5382,3.2655000000000003,3.2671
1705,0.05,0.0011,0.0511,0.0092,0.9784735812133073,0.02152641878669276,2.8431,0.8031,2.8431,0.0,0.0,0.0,0.0,2.8430999999999997,0.8031,3.6462,3.6498
1706,0.0505,0.0,0.0505,0.0091,1.0,0.0,2.5959,0.01,2.5959,0.0,0.0,0.0,0.0,2.5959,0.01,2.6058999999999997,2.6024
1707,0.0183,0.0,0.0184,0.0033,0.9945652173913044,0.0,0.9435,0.0291,0.9435,0.0,0.0,0.0,0.0,0.9435,0.0291,0.9726,0.9733
1708,0.0193,0.0002,0.0195,0.0035,0.9897435897435898,0.010256410256410256,1.1586,0.1499,1.1586,0.0,0.0,0.0,0.0,1.1585999999999999,0.1499,1.3084999999999998,1.3121
1709,0.0691,0.0035,0.0726,0.0131,0.9517906336088153,0.048209366391184574,3.7293,2.5178,3.7293,0.0,0.0,0.0,0.0,3.7293000000000003,2.5178000000000003,6.2471000000000005,6.2478
1710,0.0433,0.0,0.0433,0.0078,1.0,0.0,2.5959,0.0034,2.5959,0.0,0.0,0.0,0.0,2.5959,0.0034,2.5993,2.6033
1711,0.0688,0.0002,0.069,0.0124,0.9971014492753623,0.002898550724637681,3.9108,0.1242,3.9108,0.0,0.0,0.0,0.0,3.9108,0.1242,4.035,4.0378
1712,0.0415,0.0022,0.0437,0.0079,0.9496567505720823,0.05034324942791762,2.3586,1.2792,2.3586,0.0,0.0,0.0,0.0,2.3586,1.2792000000000001,3.6378000000000004,3.6333
1713,0.0558,0.0023,0.0581,0.0105,0.9604130808950087,0.039586919104991396,3.171,1.5331,3.171,0.0,0.0,0.0,0.0,3.171,1.5331,4.7040999999999995,4.6998
1714,0.0642,0.0022,0.0664,0.012,0.966867469879518,0.03313253012048193,3.3021,1.4881,3.3021,0.0,0.0,0.0,0.0,3.3021000000000003,1.4881,4.7902000000000005,4.7876
1715,0.0948,0.0,0.0948,0.0171,1.0,0.0,5.1177,0.0042,5.1176,0.0,0.0,0.0,0.0,5.1175999999999995,0.0042,5.1217999999999995,5.1228
1716,0.0384,0.0,0.0384,0.0069,1.0,0.0,2.1819,0.005,2.1818,0.0,0.0,0.0,0.0,2.1818,0.005,2.1868,2.1886
1717,0.0665,0.0,0.0666,0.012,0.9984984984984985,0.0,3.4221,0.0117,3.4221,0.0,0.0,0.0,0.0,3.4221000000000004,0.011699999999999999,3.4338,3.4293
1718,0.0302,0.0,0.0302,0.0054,1.0,0.0,1.812,0.0211,1.8119,0.0,0.0,0.0,0.0,1.8119,0.0211,1.833,1.838
1719,0.0325,0.0,0.0325,0.0059,1.0,0.0,1.6722,0.0118,1.6722,0.0,0.0,0.0,0.0,1.6722000000000001,0.0118,1.6840000000000002,1.6854
1720,0.0364,0.0007,0.0371,0.0067,0.9811320754716981,0.018867924528301886,2.1819,0.5223,2.1819,0.0,0.0,0.0,0.0,2.1818999999999997,0.5223,2.7041999999999997,2.7008
1721,0.0491,0.0,0.0491,0.0088,1.0,0.0,2.523,0.0037,2.523,0.0,0.0,0.0,0.0,2.5229999999999997,0.0037,2.5266999999999995,2.5218
1722,0.0326,0.0,0.0326,0.0059,1.0,0.0,1.9554,0.0048,1.9554,0.0,0.0,0.0,0.0,1.9554,0.0048000000000000004,1.9602,1.9582
1723,0.0318,0.0052,0.037,0.0067,0.8594594594594596,0.14054054054054055,1.6365,3.2544,1.6365,0.0,0.0,0.0,0.0,1.6364999999999998,3.2544,4.8909,4.8915
1724,0.0611,0.0,0.0611,0.011,1.0,0.0,3.4755,0.0028,3.4756,0.0001,0.0,0.0,0.0,3.4756,0.0028,3.4784,3.4816
1725,0.0663,0.0001,0.0664,0.012,0.9984939759036144,0.0015060240963855422,3.9804,0.06,3.9804,0.0,0.0,0.0,0.0,3.9804,0.06,4.0404,4.0416
1726,0.0622,0.0001,0.0623,0.0112,0.9983948635634028,0.0016051364365971107,3.1965,0.0648,3.1965,0.0,0.0,0.0,0.0,3.1964999999999995,0.0648,3.2612999999999994,3.2586
1727,0.0563,0.0003,0.0566,0.0102,0.9946996466431096,0.005300353356890459,2.8962,0.2318,2.8963,0.0001,0.0,0.0,0.0,2.8963,0.2318,3.1281,3.1234
1728,0.044,0.0,0.0441,0.0079,0.9977324263038548,0.0,2.265,0.0079,2.265,0.0,0.0,0.0,0.0,2.265,0.0079,2.2729,2.2707
1729,0.0606,0.0,0.0606,0.0109,1.0,0.0,3.6342,0.0287,3.6343,0.0001,0.0,0.0,0.0,3.6343,0.0287,3.6630000000000003,3.6639
1730,0.0848,0.0,0.0849,0.0153,0.9988221436984688,0.0,4.3635,0.0351,4.3635,0.0,0.0,0.0,0.0,4.3635,0.0351,4.3986,4.4027
1731,0.0533,0.0002,0.0535,0.0096,0.9962616822429907,0.003738317757009346,3.1965,0.164,3.1965,0.0,0.0,0.0,0.0,3.1964999999999995,0.16399999999999998,3.3604999999999996,3.3644
1732,0.0705,0.0,0.0705,0.0127,1.0,0.0,3.624,0.0052,3.6239,0.0,0.0,0.0,0.0,3.6239,0.0052,3.6290999999999998,3.6246
1733,0.0642,0.0,0.0642,0.0116,1.0,0.0,3.3021,0.0053,3.3021,0.0,0.0,0.0,0.0,3.3021000000000003,0.0053,3.3074000000000003,3.3044
1734,0.0505,0.0002,0.0506,0.0091,0.9980237154150199,0.003952569169960475,3.0276,0.1222,3.0276,0.0,0.0,0.0,0.0,3.0276000000000005,0.1222,3.1498000000000004,3.1484
1735,0.0779,0.0,0.0779,0.014,1.0,0.0,4.6728,0.0122,4.6727,0.0,0.0,0.0,0.0,4.6727,0.012199999999999999,4.6849,4.6887
1736,0.0367,0.0,0.0367,0.0066,1.0,0.0,1.887,0.0056,1.887,0.0,0.0,0.0,0.0,1.887,0.005599999999999999,1.8926,1.8936
1737,0.0573,0.0,0.0573,0.0103,1.0,0.0,2.9469,0.0272,2.9469,0.0,0.0,0.0,0.0,2.9469,0.027200000000000002,2.9741,2.9763
1738,0.0865,0.0,0.0865,0.0156,1.0,0.0,4.6728,0.0057,4.6728,0.0,0.0,0.0,0.0,4.6728000000000005,0.0057,4.6785000000000005,4.6794
1739,0.0743,0.0004,0.0747,0.0134,0.9946452476572959,0.00535475234270415,4.4592,0.2793,4.459,0.0,0.0,0.0,0.0,4.459,0.2793,4.7383,4.7369
1740,0.0933,0.0,0.0933,0.0168,1.0,0.0,5.3043,0.0092,5.3043,0.0,0.0,0.0,0.0,5.3043,0.0092,5.3134999999999994,5.3095
1741,0.0319,0.0001,0.0319,0.0058,1.0,0.0031347962382445144,1.812,0.0496,1.812,0.0,0.0,0.0,0.0,1.8119999999999998,0.0496,1.8616,1.859
1742,0.0723,0.0004,0.0726,0.0131,0.9958677685950414,0.005509641873278237,3.9018,0.2311,3.9018,0.0,0.0,0.0,0.0,3.9017999999999997,0.23110000000000003,4.132899999999999,4.1349
1743,0.044,0.0027,0.0467,0.0084,0.9421841541755889,0.05781584582441114,2.265,1.9296,2.265,0.0,0.0,0.0,0.0,2.265,1.9296,4.1946,4.1962
1744,0.0326,0.0005,0.0331,0.006,0.9848942598187311,0.015105740181268883,1.9554,0.2993,1.9554,0.0,0.0,0.0,0.0,1.9554,0.2993,2.2547,2.2533
1745,0.0338,0.0,0.0338,0.0061,1.0,0.0,1.7379,0.0165,1.7378,0.0,0.0,0.0,0.0,1.7378,0.0165,1.7543,1.7502
1746,0.0884,0.0,0.0884,0.0159,1.0,0.0,5.3043,0.0323,5.3043,0.0,0.0,0.0,0.0,5.3043,0.032299999999999995,5.3366,5.3342
1747,0.0332,0.0005,0.0336,0.0061,0.9880952380952381,0.014880952380952382,1.7058,0.3373,1.7059,0.0001,0.0,0.0,0.0,1.7059,0.3373,2.0432,2.0431
1748,0.0676,0.0,0.0676,0.0122,1.0,0.0,4.0548,0.0282,4.0548,0.0,0.0,0.0,0.0,4.0548,0.028200000000000003,4.083,4.0812
1749,0.0883,0.0,0.0883,0.0159,1.0,0.0,4.5414,0.0288,4.5414,0.0,0.0,0.0,0.0,4.5414,0.0288,4.570200000000001,4.5671
1750,0.0673,0.0,0.0673,0.0121,1.0,0.0,3.6342,0.0021,3.6342,0.0,0.0,0.0,0.0,3.6342,0.0021,3.6363,3.6333
1751,0.0933,0.0,0.0933,0.0168,1.0,0.0,5.3043,0.0145,5.3042,0.0,0.0,0.0,0.0,5.3042,0.0145,5.3187,5.317
1752,0.026,0.0027,0.0287,0.0052,0.9059233449477352,0.09407665505226481,1.5576,1.9438,1.5576,0.0,0.0,0.0,0.0,1.5575999999999999,1.9438,3.5014,3.4985
1753,0.0528,0.0,0.0529,0.0095,0.998109640831758,0.0,3.171,0.0023,3.171,0.0,0.0,0.0,0.0,3.171,0.0023,3.1733,3.1728
1754,0.0505,0.0001,0.0506,0.0091,0.9980237154150199,0.0019762845849802375,2.5959,0.0579,2.5959,0.0,0.0,0.0,0.0,2.5959,0.05789999999999999,2.6538,2.6541
1755,0.0885,0.0004,0.0889,0.016,0.9955005624296962,0.004499437570303712,4.5489,0.2556,4.5489,0.0,0.0,0.0,0.0,4.5489,0.2556,4.8045,4.8081
1756,0.0793,0.0,0.0793,0.0143,1.0,0.0,4.077,0.0033,4.0769,0.0,0.0,0.0,0.0,4.0769,0.0033,4.0802000000000005,4.0789
1757,0.0726,0.0038,0.0763,0.0137,0.9515072083879422,0.04980340760157274,4.1256,2.4543,4.1256,0.0,0.0,0.0,0.0,4.1256,2.4543,6.5799,6.5797
1758,0.0365,0.0,0.0365,0.0066,1.0,0.0,2.0766,0.0064,2.0766,0.0,0.0,0.0,0.0,2.0766,0.0064,2.083,2.0792
1759,0.0159,0.0001,0.0161,0.0029,0.9875776397515529,0.006211180124223603,0.906,0.0923,0.906,0.0,0.0,0.0,0.0,0.9059999999999999,0.0923,0.9983,0.9959
1760,0.0533,0.0007,0.054,0.0097,0.987037037037037,0.012962962962962963,3.0276,0.4867,3.0276,0.0,0.0,0.0,0.0,3.0276000000000005,0.4867,3.5143000000000004,3.5131
1761,0.0453,0.0031,0.0484,0.0087,0.9359504132231405,0.0640495867768595,2.4444,2.0282,2.4443,0.0,0.0,0.0,0.0,2.4443,2.0282,4.4725,4.4709
1762,0.0786,0.0,0.0786,0.0142,1.0,0.0,4.2456,0.0021,4.2456,0.0,0.0,0.0,0.0,4.2456,0.0021,4.2477,4.2428
1763,0.0707,0.0002,0.0709,0.0128,0.9971791255289139,0.0028208744710860366,3.8181,0.1522,3.8181,0.0,0.0,0.0,0.0,3.8181,0.1522,3.9703,3.9701
1764,0.0465,0.0,0.0465,0.0084,1.0,0.0,2.787,0.0019,2.787,0.0,0.0,0.0,0.0,2.787,0.0019,2.7889,2.784
1765,0.0249,0.0,0.0249,0.0045,1.0,0.0,1.4151,0.0253,1.4152,0.0001,0.0,0.0,0.0,1.4152,0.025299999999999996,1.4405000000000001,1.4369
1766,0.0217,0.0002,0.0219,0.0039,0.9908675799086758,0.009132420091324202,1.1148,0.1545,1.1148,0.0,0.0,0.0,0.0,1.1148,0.1545,1.2693,1.2697
1767,0.0457,0.0012,0.0468,0.0084,0.9764957264957265,0.025641025641025637,2.5959,0.7003,2.5959,0.0,0.0,0.0,0.0,2.5959,0.7003,3.2962,3.2972
1768,0.0281,0.0008,0.0289,0.0052,0.972318339100346,0.027681660899653984,1.5984,0.5532,1.5984,0.0,0.0,0.0,0.0,1.5984000000000003,0.5532,2.1516,2.156
1769,0.0909,0.0001,0.091,0.0164,0.9989010989010989,0.001098901098901099,4.9092,0.0755,4.9092,0.0,0.0,0.0,0.0,4.9092,0.0755,4.9847,4.9885
1770,0.0469,0.0038,0.0506,0.0091,0.9268774703557312,0.07509881422924901,2.6637,2.7063,2.6637,0.0,0.0,0.0,0.0,2.6637,2.7063,5.37,5.3662
1771,0.0606,0.0,0.0606,0.0109,1.0,0.0,3.1152,0.0035,3.1152,0.0,0.0,0.0,0.0,3.1151999999999997,0.0034999999999999996,3.1186999999999996,3.1139
1772,0.07,0.0005,0.0706,0.0127,0.9915014164305951,0.007082152974504249,3.9804,0.3108,3.9804,0.0,0.0,0.0,0.0,3.9804,0.31079999999999997,4.2912,4.2894
1773,0.0545,0.0001,0.0547,0.0098,0.9963436928702011,0.0018281535648994518,3.2727,0.0974,3.2727,0.0,0.0,0.0,0.0,3.2727,0.0974,3.3701,3.372
1774,0.0822,0.0,0.0822,0.0148,1.0,0.0,4.6728,0.0028,4.6727,0.0,0.0,0.0,0.0,4.6727,0.0028,4.6754999999999995,4.6743
1775,0.0663,0.0001,0.0664,0.012,0.9984939759036144,0.0015060240963855422,3.4119,0.0407,3.4118,0.0,0.0,0.0,0.0,3.4118,0.0407,3.4525,3.4513
1776,0.0434,0.0008,0.0441,0.0079,0.9841269841269842,0.018140589569160998,2.2296,0.4936,2.2295,0.0,0.0,0.0,0.0,2.2295,0.4936,2.7230999999999996,2.7245
1777,0.0533,0.0007,0.054,0.0097,0.987037037037037,0.012962962962962963,3.1965,0.5105,3.1965,0.0,0.0,0.0,0.0,3.1964999999999995,0.5105,3.7069999999999994,3.7034
1778,0.0842,0.0001,0.0843,0.0152,0.9988137603795967,0.0011862396204033216,4.5489,0.0371,4.549,0.0001,0.0,0.0,0.0,4.5489999999999995,0.0371,4.586099999999999,4.5901
1779,0.0742,0.0001,0.0744,0.0134,0.9973118279569894,0.0013440860215053765,3.8181,0.1045,3.8182,0.0001,0.0,0.0,0.0,3.8182,0.10450000000000001,3.9227,3.9241
1780,0.0455,0.0,0.0455,0.0082,1.0,0.0,2.7273,0.0081,2.7273,0.0,0.0,0.0,0.0,2.7273,0.0081,2.7354000000000003,2.7386
1781,0.0826,0.0,0.0826,0.0149,1.0,0.0,4.4592,0.007,4.4591,0.0,0.0,0.0,0.0,4.459099999999999,0.006999999999999999,4.466099999999999,4.4686
1782,0.0384,0.0034,0.0418,0.0075,0.9186602870813397,0.0813397129186603,2.1819,2.4297,2.1818,0.0,0.0,0.0,0.0,2.1818,2.4297,4.6114999999999995,4.6068
1783,0.0747,0.0017,0.0764,0.0137,0.9777486910994765,0.02225130890052356,4.2456,1.0949,4.2456,0.0,0.0,0.0,0.0,4.2456,1.0949,5.3405,5.3357
1784,0.055,0.0002,0.0552,0.0099,0.9963768115942029,0.0036231884057971015,2.8305,0.108,2.8305,0.0,0.0,0.0,0.0,2.8305,0.10800000000000001,2.9385,2.9388
1785,0.0227,0.0008,0.0234,0.0042,0.9700854700854701,0.03418803418803419,1.359,0.4711,1.359,0.0,0.0,0.0,0.0,1.359,0.4711000000000001,1.8301,1.8315
1786,0.0266,0.0,0.0266,0.0048,1.0,0.0,1.5984,0.0051,1.5982,0.0,0.0,0.0,0.0,1.5982,0.0051,1.6033000000000002,1.5995
1787,0.0883,0.0008,0.0891,0.016,0.9910213243546577,0.008978675645342313,4.5414,0.5494,4.5414,0.0,0.0,0.0,0.0,4.5414,0.5494,5.090800000000001,5.0868
1788,0.0196,0.0037,0.0233,0.0042,0.8412017167381973,0.15879828326180256,1.1148,2.4266,1.1147,0.0,0.0,0.0,0.0,1.1147,2.4266,3.5413,3.5449
1789,0.0815,0.0003,0.0818,0.0147,0.9963325183374083,0.003667481662591687,4.6341,0.161,4.6341,0.0,0.0,0.0,0.0,4.6341,0.161,4.7951,4.7988
1790,0.0692,0.0,0.0692,0.0125,1.0,0.0,4.1535,0.0094,4.1535,0.0,0.0,0.0,0.0,4.1535,0.009399999999999999,4.1629000000000005,4.164
1791,0.0808,0.0,0.0808,0.0145,1.0,0.0,4.1535,0.0249,4.1534,0.0,0.0,0.0,0.0,4.1534,0.0249,4.1783,4.1813
1792,0.057,0.0018,0.0589,0.0106,0.967741935483871,0.03056027164685908,3.4221,1.1295,3.422,0.0,0.0,0.0,0.0,3.422,1.1295,4.5515,4.5519
1793,0.0592,0.0013,0.0605,0.0109,0.978512396694215,0.021487603305785124,3.1965,0.8229,3.1967,0.0002,0.0,0.0,0.0,3.1967,0.8229,4.0196,4.0201
1794,0.0717,0.0,0.0718,0.0129,0.9986072423398328,0.0,4.077,0.0219,4.077,0.0,0.0,0.0,0.0,4.077,0.021900000000000003,4.0988999999999995,4.0968
1795,0.0848,0.0001,0.0849,0.0153,0.9988221436984688,0.001177856301531213,4.3635,0.0663,4.3635,0.0,0.0,0.0,0.0,4.3635,0.0663,4.4298,4.4258
1796,0.0917,0.0001,0.0917,0.0165,1.0,0.0010905125408942203,4.7148,0.0475,4.7148,0.0,0.0,0.0,0.0,4.7148,0.0475,4.762300000000001,4.7636
1797,0.0663,0.0013,0.0676,0.0122,0.9807692307692308,0.019230769230769232,3.4119,0.7513,3.4118,0.0,0.0,0.0,0.0,3.4118,0.7513,4.1631,4.1668
1798,0.0579,0.0001,0.0581,0.0105,0.9965576592082617,0.0017211703958691911,3.4755,0.0983,3.4756,0.0001,0.0,0.0,0.0,3.4756,0.0983,3.5739,3.5732
1799,0.0533,0.0,0.0533,0.0096,1.0,0.0,3.0276,0.0183,3.0277,0.0001,0.0,0.0,0.0,3.0277000000000003,0.0183,3.0460000000000003,3.042
1800,0.0407,0.001,0.0417,0.0075,0.9760191846522781,0.023980815347721823,2.4444,0.5371,2.4444,0.0,0.0,0.0,0.0,2.4444,0.5371,2.9815,2.9841
1801,0.03,0.002,0.032,0.0058,0.9375,0.0625,1.7058,1.4349,1.7058,0.0,0.0,0.0,0.0,1.7058,1.4349000000000003,3.1407000000000003,3.1414
1802,0.0561,0.0015,0.0575,0.0104,0.9756521739130434,0.02608695652173913,3.0276,0.9871,3.0276,0.0,0.0,0.0,0.0,3.0276000000000005,0.9870999999999999,4.0147,4.0191
1803,0.0453,0.0,0.0453,0.0082,1.0,0.0,2.718,0.0068,2.718,0.0,0.0,0.0,0.0,2.718,0.0068000000000000005,2.7248,2.721
1804,0.0543,0.0,0.0543,0.0098,1.0,0.0,2.9331,0.0057,2.9331,0.0,0.0,0.0,0.0,2.9331,0.0057,2.9388,2.9432
1805,0.0636,0.0,0.0637,0.0115,0.9984301412872841,0.0,3.2727,0.025,3.2727,0.0,0.0,0.0,0.0,3.2727,0.025,3.2977,3.3014
1806,0.0273,0.0001,0.0274,0.0049,0.9963503649635037,0.0036496350364963502,1.6365,0.0614,1.6365,0.0,0.0,0.0,0.0,1.6364999999999998,0.061399999999999996,1.6978999999999997,1.6994
1807,0.0187,0.003,0.0217,0.0039,0.8617511520737328,0.1382488479262673,1.0656,1.9865,1.0655,0.0,0.0,0.0,0.0,1.0655000000000001,1.9865,3.052,3.0514
1808,0.0799,0.0012,0.0811,0.0146,0.9852034525277434,0.014796547472256472,4.5414,0.8489,4.5414,0.0,0.0,0.0,0.0,4.5414,0.8489,5.3903,5.394
1809,0.0644,0.0024,0.0668,0.012,0.9640718562874252,0.03592814371257485,3.4755,1.6172,3.4755,0.0,0.0,0.0,0.0,3.4755000000000003,1.6172,5.092700000000001,5.0931
1810,0.0296,0.0047,0.0343,0.0062,0.8629737609329448,0.1370262390670554,1.5984,2.7785,1.5984,0.0,0.0,0.0,0.0,1.5984000000000003,2.7785,4.376900000000001,4.3751
1811,0.0344,0.0,0.0344,0.0062,1.0,0.0,1.7682,0.0049,1.7681,0.0,0.0,0.0,0.0,1.7681,0.0049,1.773,1.7718
1812,0.0252,0.0003,0.0254,0.0046,0.9921259842519685,0.011811023622047244,1.359,0.1453,1.359,0.0,0.0,0.0,0.0,1.359,0.14529999999999998,1.5043,1.5005
1813,0.0437,0.0,0.0437,0.0079,1.0,0.0,2.3586,0.0155,2.3588,0.0002,0.0,0.0,0.0,2.3588,0.0155,2.3743,2.3782
1814,0.0699,0.0005,0.0704,0.0127,0.9928977272727273,0.007102272727272727,3.774,0.279,3.774,0.0,0.0,0.0,0.0,3.774,0.27899999999999997,4.053,4.0537
1815,0.0384,0.0044,0.0428,0.0077,0.897196261682243,0.10280373831775702,2.1819,3.0085,2.1819,0.0,0.0,0.0,0.0,2.1818999999999997,3.0085,5.1904,5.1926
1816,0.0731,0.0001,0.0732,0.0132,0.9986338797814207,0.001366120218579235,4.1535,0.0663,4.1535,0.0,0.0,0.0,0.0,4.1535,0.0663,4.2198,4.2233
1817,0.0717,0.0015,0.0732,0.0132,0.9795081967213115,0.020491803278688523,4.077,0.9427,4.0768,0.0,0.0,0.0,0.0,4.0768,0.9427000000000001,5.019500000000001,5.0241
1818,0.03,0.0001,0.0301,0.0054,0.9966777408637874,0.003322259136212625,1.7058,0.0465,1.7059,0.0001,0.0,0.0,0.0,1.7059,0.0465,1.7524,1.7496
1819,0.0481,0.0008,0.0489,0.0088,0.983640081799591,0.016359918200409,2.5959,0.5904,2.5959,0.0,0.0,0.0,0.0,2.5959,0.5904,3.1863,3.1901
1820,0.0258,0.0038,0.0296,0.0053,0.8716216216216216,0.12837837837837837,1.4667,2.1305,1.4666,0.0,0.0,0.0,0.0,1.4666000000000001,2.1305,3.5971,3.5962
1821,0.031,0.0045,0.0355,0.0064,0.8732394366197184,0.1267605633802817,1.6722,3.0444,1.6721,0.0,0.0,0.0,0.0,1.6721,3.0443999999999996,4.7165,4.7161
1822,0.0747,0.0001,0.0748,0.0135,0.9986631016042781,0.001336898395721925,4.2456,0.0397,4.2458,0.0002,0.0,0.0,0.0,4.2458,0.0397,4.2855,4.2839
1823,0.0306,0.0049,0.0354,0.0064,0.8644067796610169,0.1384180790960452,1.7379,3.1453,1.7378,0.0,0.0,0.0,0.0,1.7378,3.1453,4.883100000000001,4.8829
1824,0.0725,0.0011,0.0736,0.0132,0.9850543478260869,0.014945652173913044,3.7293,0.7036,3.7293,0.0,0.0,0.0,0.0,3.7293000000000003,0.7036,4.4329,4.4318
1825,0.0829,0.0018,0.0847,0.0153,0.9787485242030697,0.021251475796930343,4.7148,1.1055,4.7148,0.0,0.0,0.0,0.0,4.7148,1.1055,5.8203000000000005,5.8206
1826,0.08,0.0001,0.0801,0.0144,0.9987515605493134,0.0012484394506866417,4.5489,0.0639,4.549,0.0001,0.0,0.0,0.0,4.5489999999999995,0.0639,4.6129,4.6127
1827,0.0303,0.0,0.0303,0.0055,1.0,0.0,1.6365,0.0183,1.6364,0.0,0.0,0.0,0.0,1.6364,0.018299999999999997,1.6547,1.65
1828,0.0713,0.0,0.0713,0.0128,1.0,0.0,4.0548,0.004,4.0548,0.0,0.0,0.0,0.0,4.0548,0.004,4.0588,4.0546
1829,0.0829,0.0006,0.0835,0.015,0.992814371257485,0.007185628742514969,4.2621,0.3988,4.262,0.0,0.0,0.0,0.0,4.2620000000000005,0.39879999999999993,4.6608,4.6628
1830,0.0673,0.0008,0.0681,0.0123,0.9882525697503671,0.011747430249632894,4.0368,0.571,4.0368,0.0,0.0,0.0,0.0,4.0367999999999995,0.5710000000000001,4.607799999999999,4.6048
1831,0.0622,0.0009,0.063,0.0113,0.9873015873015872,0.014285714285714285,3.1965,0.6347,3.1966,0.0001,0.0,0.0,0.0,3.1966,0.6347,3.8313,3.831
1832,0.0629,0.0005,0.0634,0.0114,0.9921135646687697,0.007886435331230285,3.774,0.3353,3.774,0.0,0.0,0.0,0.0,3.774,0.33530000000000004,4.1093,4.1097
1833,0.0751,0.0017,0.0768,0.0138,0.9778645833333334,0.022135416666666668,4.0548,1.257,4.0548,0.0,0.0,0.0,0.0,4.0548,1.2570000000000001,5.3118,5.3101
1834,0.0355,0.0,0.0355,0.0064,1.0,0.0,2.0184,0.0052,2.0184,0.0,0.0,0.0,0.0,2.0183999999999997,0.0052,2.0235999999999996,2.02
1835,0.0621,0.0003,0.0625,0.0112,0.9936,0.0048,3.5322,0.1805,3.5322,0.0,0.0,0.0,0.0,3.5322,0.1805,3.7127,3.7175
1836,0.0202,0.0017,0.0219,0.0039,0.9223744292237442,0.0776255707762557,1.0908,1.131,1.091,0.0002,0.0,0.0,0.0,1.0910000000000002,1.1310000000000002,2.2220000000000004,2.2206
1837,0.0187,0.0,0.0187,0.0034,1.0,0.0,1.0092,0.0021,1.0092,0.0,0.0,0.0,0.0,1.0091999999999999,0.0021,1.0112999999999999,1.0072
1838,0.0505,0.0004,0.0509,0.0092,0.9921414538310414,0.007858546168958742,2.7273,0.2678,2.7273,0.0,0.0,0.0,0.0,2.7273,0.26780000000000004,2.9951,2.9973
1839,0.0654,0.0038,0.0692,0.0125,0.9450867052023122,0.05491329479768786,3.5322,2.0951,3.5323,0.0001,0.0,0.0,0.0,3.5323,2.0951,5.6274,5.6296
1840,0.0455,0.0019,0.0474,0.0085,0.959915611814346,0.04008438818565401,2.7273,1.3817,2.7273,0.0,0.0,0.0,0.0,2.7273,1.3817,4.109,4.1049
1841,0.0563,0.0,0.0563,0.0101,1.0,0.0,2.8962,0.0084,2.8962,0.0,0.0,0.0,0.0,2.8962000000000003,0.0084,2.9046000000000003,2.9063
1842,0.0505,0.0,0.0505,0.0091,1.0,0.0,2.7273,0.0256,2.7273,0.0,0.0,0.0,0.0,2.7273,0.025599999999999998,2.7529,2.7567
1843,0.0498,0.0012,0.051,0.0092,0.9764705882352941,0.023529411764705882,2.8305,0.7964,2.8304,0.0,0.0,0.0,0.0,2.8304,0.7964,3.6268000000000002,3.6219
1844,0.0929,0.0,0.0929,0.0167,1.0,0.0,5.0163,0.0098,5.0164,0.0001,0.0,0.0,0.0,5.0164,0.0098,5.0262,5.0228
1845,0.0175,0.0,0.0175,0.0031,1.0,0.0,0.9435,0.0109,0.9435,0.0,0.0,0.0,0.0,0.9435,0.0109,0.9544,0.9584
1846,0.0455,0.0001,0.0456,0.0082,0.9978070175438596,0.0021929824561403508,2.7273,0.0806,2.7273,0.0,0.0,0.0,0.0,2.7273,0.08059999999999999,2.8079,2.8127
1847,0.055,0.0008,0.0558,0.01,0.985663082437276,0.014336917562724014,2.8305,0.5406,2.8305,0.0,0.0,0.0,0.0,2.8305,0.5406,3.3710999999999998,3.3668
1848,0.0758,0.0009,0.0767,0.0138,0.9882659713168188,0.011734028683181224,4.5489,0.5362,4.5489,0.0,0.0,0.0,0.0,4.5489,0.5362,5.0851,5.0869
1849,0.0676,0.0,0.0676,0.0122,1.0,0.0,3.4755,0.0024,3.4755,0.0,0.0,0.0,0.0,3.4755000000000003,0.0024,3.4779000000000004,3.4737
1850,0.0673,0.0,0.0673,0.0121,1.0,0.0,4.0368,0.0024,4.0368,0.0,0.0,0.0,0.0,4.0367999999999995,0.0024000000000000002,4.039199999999999,4.0344
1851,0.028,0.0002,0.0283,0.0051,0.9893992932862191,0.00706713780918728,1.5138,0.1521,1.5138,0.0,0.0,0.0,0.0,1.5138000000000003,0.1521,1.6659000000000002,1.6686
1852,0.0654,0.0001,0.0655,0.0118,0.998473282442748,0.0015267175572519084,3.5322,0.0692,3.5322,0.0,0.0,0.0,0.0,3.5322,0.0692,3.6014,3.5984
1853,0.0561,0.0038,0.0599,0.0108,0.9365609348914857,0.06343906510851419,3.0276,2.7326,3.0276,0.0,0.0,0.0,0.0,3.0276000000000005,2.7326,5.760200000000001,5.7624
1854,0.0774,0.0001,0.0775,0.0139,0.9987096774193548,0.0012903225806451613,3.9804,0.0435,3.9804,0.0,0.0,0.0,0.0,3.9804,0.043500000000000004,4.0239,4.028
1855,0.0799,0.0006,0.0805,0.0145,0.9925465838509316,0.007453416149068322,4.7949,0.3532,4.7949,0.0,0.0,0.0,0.0,4.7949,0.35319999999999996,5.1481,5.1479
1856,0.0663,0.0019,0.0683,0.0123,0.9707174231332357,0.027818448023426062,3.9804,1.3913,3.9803,0.0,0.0,0.0,0.0,3.9802999999999997,1.3913000000000002,5.3716,5.3687
1857,0.0888,0.0,0.0888,0.016,1.0,0.0,4.7949,0.0063,4.7949,0.0,0.0,0.0,0.0,4.7949,0.0063,4.801200000000001,4.8018
1858,0.05,0.0021,0.0522,0.0094,0.9578544061302682,0.04022988505747126,2.8431,1.3291,2.8431,0.0,0.0,0.0,0.0,2.8430999999999997,1.3291,4.1722,4.1753
1859,0.0933,0.0001,0.0934,0.0168,0.9989293361884368,0.0010706638115631692,5.3043,0.0647,5.3043,0.0,0.0,0.0,0.0,5.3043,0.06470000000000001,5.369,5.3644
1860,0.055,0.0,0.0551,0.0099,0.9981851179673321,0.0,2.8305,0.0268,2.8304,0.0,0.0,0.0,0.0,2.8304,0.0268,2.8572,2.8529
1861,0.0606,0.0,0.0606,0.0109,1.0,0.0,3.2727,0.0027,3.2727,0.0,0.0,0.0,0.0,3.2727,0.0027,3.2754,3.2714
1862,0.0975,0.0001,0.0976,0.0176,0.9989754098360656,0.0010245901639344263,5.0163,0.0514,5.0163,0.0,0.0,0.0,0.0,5.016299999999999,0.0514,5.067699999999999,5.0701
1863,0.0295,0.0014,0.0309,0.0056,0.9546925566343042,0.04530744336569579,1.7682,0.9027,1.7682,0.0,0.0,0.0,0.0,1.7682000000000002,0.9027000000000001,2.6709000000000005,2.666
1864,0.0734,0.0001,0.0734,0.0132,1.0,0.0013623978201634877,3.774,0.0353,3.774,0.0,0.0,0.0,0.0,3.774,0.0353,3.8093,3.8081
1865,0.0355,0.0004,0.0359,0.0065,0.9888579387186628,0.011142061281337047,2.1309,0.3063,2.1311,0.0002,0.0,0.0,0.0,2.1311,0.3063,2.4374000000000002,2.4365
1866,0.0372,0.0,0.0372,0.0067,1.0,0.0,2.2296,0.004,2.2296,0.0,0.0,0.0,0.0,2.2296,0.004,2.2336,2.2366
1867,0.0563,0.0,0.0563,0.0101,1.0,0.0,2.8962,0.0238,2.8962,0.0,0.0,0.0,0.0,2.8962000000000003,0.0238,2.9200000000000004,2.9177
1868,0.0758,0.0,0.0758,0.0136,1.0,0.0,4.5489,0.0039,4.5489,0.0,0.0,0.0,0.0,4.5489,0.0039,4.5527999999999995,4.5513
1869,0.0469,0.001,0.0478,0.0086,0.9811715481171547,0.02092050209205021,2.6637,0.6928,2.6637,0.0,0.0,0.0,0.0,2.6637,0.6928,3.3565,3.354
1870,0.0577,0.0,0.0577,0.0104,1.0,0.0,3.1152,0.0104,3.1152,0.0,0.0,0.0,0.0,3.1151999999999997,0.0104,3.1256,3.1272
1871,0.0424,0.0001,0.0425,0.0076,0.9976470588235293,0.002352941176470588,2.1819,0.0506,2.1818,0.0,0.0,0.0,0.0,2.1818,0.0506,2.2324,2.2291
1872,0.0374,0.0001,0.0374,0.0067,1.0,0.00267379679144385,2.0184,0.0343,2.0184,0.0,0.0,0.0,0.0,2.0183999999999997,0.0343,2.0526999999999997,2.0483
1873,0.07,0.0,0.07,0.0126,1.0,0.0,3.9804,0.0044,3.9804,0.0,0.0,0.0,0.0,3.9804,0.004399999999999999,3.9848,3.9814
1874,0.0355,0.0,0.0355,0.0064,1.0,0.0,2.0184,0.0131,2.0184,0.0,0.0,0.0,0.0,2.0183999999999997,0.0131,2.0315,2.0321
1875,0.0483,0.0018,0.0501,0.009,0.9640718562874252,0.03592814371257485,2.8962,1.1645,2.8964,0.0002,0.0,0.0,0.0,2.8964,1.1644999999999999,4.0609,4.0612
1876,0.0415,0.0006,0.0421,0.0076,0.985748218527316,0.014251781472684084,2.3574,0.4226,2.3574,0.0,0.0,0.0,0.0,2.3574,0.4226,2.7800000000000002,2.777
1877,0.0867,0.0002,0.0869,0.0156,0.9976985040276178,0.0023014959723820483,4.4592,0.0988,4.4591,0.0,0.0,0.0,0.0,4.459099999999999,0.0988,4.557899999999999,4.5605
1878,0.0207,0.0,0.0207,0.0037,1.0,0.0,1.0656,0.0072,1.0655,0.0,0.0,0.0,0.0,1.0655000000000001,0.0072,1.0727000000000002,1.0733
1879,0.0786,0.0049,0.0835,0.015,0.9413173652694611,0.05868263473053892,4.7148,3.3506,4.7149,0.0001,0.0,0.0,0.0,4.7149,3.3506,8.0655,8.0687
1880,0.0318,0.0,0.0319,0.0057,0.9968652037617556,0.0,1.6365,0.0216,1.6365,0.0,0.0,0.0,0.0,1.6364999999999998,0.0216,1.6581,1.6629
1881,0.0275,0.0,0.0276,0.005,0.9963768115942029,0.0,1.4151,0.0215,1.4152,0.0001,0.0,0.0,0.0,1.4152,0.021500000000000002,1.4367,1.4404
1882,0.057,0.0001,0.0572,0.0103,0.9965034965034966,0.0017482517482517483,2.9331,0.0808,2.9331,0.0,0.0,0.0,0.0,2.9331,0.08080000000000001,3.0139,3.0169
1883,0.0747,0.0001,0.0748,0.0135,0.9986631016042781,0.001336898395721925,4.2456,0.0647,4.2456,0.0,0.0,0.0,0.0,4.2456,0.06470000000000001,4.3103,4.3079
1884,0.0469,0.0036,0.0504,0.0091,0.9305555555555555,0.07142857142857142,2.6637,2.2488,2.6638,0.0001,0.0,0.0,0.0,2.6638,2.2488,4.9126,4.9154
1885,0.0225,0.0,0.0225,0.0041,1.0,0.0,1.1586,0.0098,1.1586,0.0,0.0,0.0,0.0,1.1585999999999999,0.0098,1.1683999999999999,1.1712
1886,0.0663,0.0001,0.0664,0.012,0.9984939759036144,0.0015060240963855422,3.4119,0.0491,3.4118,0.0,0.0,0.0,0.0,3.4118,0.049100000000000005,3.4609,3.4567
1887,0.0258,0.0016,0.0274,0.0049,0.9416058394160584,0.058394160583941604,1.4667,1.1295,1.4666,0.0,0.0,0.0,0.0,1.4666000000000001,1.1295,2.5961,2.5941
1888,0.0731,0.0,0.0731,0.0132,1.0,0.0,4.1535,0.0023,4.1535,0.0,0.0,0.0,0.0,4.1535,0.0023,4.1558,4.1566
1889,0.071,0.0,0.071,0.0128,1.0,0.0,4.2621,0.0054,4.2621,0.0,0.0,0.0,0.0,4.2621,0.005399999999999999,4.2675,4.2669
1890,0.0734,0.0001,0.0735,0.0132,0.9986394557823131,0.001360544217687075,3.774,0.0727,3.7739,0.0,0.0,0.0,0.0,3.7739000000000003,0.0727,3.8466000000000005,3.8453
1891,0.0404,0.0028,0.0432,0.0078,0.9351851851851851,0.06481481481481481,2.1819,2.0352,2.1819,0.0,0.0,0.0,0.0,2.1818999999999997,2.0352,4.2171,4.2206
1892,0.0362,0.0,0.0362,0.0065,1.0,0.0,1.9554,0.0012,1.9554,0.0,0.0,0.0,0.0,1.9554,0.0012000000000000001,1.9566000000000001,1.961
1893,0.0995,0.0,0.0995,0.0179,1.0,0.0,5.1177,0.0123,5.1177,0.0,0.0,0.0,0.0,5.1177,0.012299999999999998,5.13,5.127
1894,0.0355,0.002,0.0375,0.0067,0.9466666666666667,0.05333333333333334,2.0184,1.4113,2.0184,0.0,0.0,0.0,0.0,2.0183999999999997,1.4113,3.4296999999999995,3.428
1895,0.0218,0.0,0.0218,0.0039,1.0,0.0,1.1787,0.0041,1.1787,0.0,0.0,0.0,0.0,1.1787,0.0040999999999999995,1.1828,1.1794
1896,0.0772,0.0017,0.0789,0.0142,0.9784537389100127,0.021546261089987324,4.6341,1.1322,4.6341,0.0,0.0,0.0,0.0,4.6341,1.1322,5.7663,5.7703
1897,0.0611,0.0012,0.0623,0.0112,0.9807383627608347,0.019261637239165328,3.3021,0.7841,3.3021,0.0,0.0,0.0,0.0,3.3021000000000003,0.7841,4.0862,4.0864
1898,0.053,0.0001,0.0531,0.0096,0.9981167608286252,0.0018832391713747647,2.7273,0.0756,2.7273,0.0,0.0,0.0,0.0,2.7273,0.0756,2.8029,2.8052
1899,0.0404,0.0026,0.043,0.0077,0.9395348837209303,0.06046511627906977,2.1819,1.6815,2.1819,0.0,0.0,0.0,0.0,2.1818999999999997,1.6815,3.8633999999999995,3.8628
1900,0.09,0.0028,0.0928,0.0167,0.9698275862068966,0.03017241379310345,5.1177,1.733,5.1177,0.0,0.0,0.0,0.0,5.1177,1.7329999999999999,6.8507,6.8516
1901,0.057,0.0001,0.0571,0.0103,0.9982486865148862,0.0017513134851138356,2.9331,0.0577,2.9332,0.0001,0.0,0.0,0.0,2.9332000000000003,0.0577,2.9909000000000003,2.994
1902,0.0332,0.0,0.0332,0.006,1.0,0.0,1.7058,0.0203,1.7058,0.0,0.0,0.0,0.0,1.7058,0.0203,1.7261,1.7255
1903,0.0273,0.0001,0.0274,0.0049,0.9963503649635037,0.0036496350364963502,1.6365,0.0619,1.6365,0.0,0.0,0.0,0.0,1.6364999999999998,0.0619,1.6984,1.694
1904,0.0665,0.0001,0.0666,0.012,0.9984984984984985,0.0015015015015015015,3.4221,0.0507,3.4221,0.0,0.0,0.0,0.0,3.4221000000000004,0.0507,3.4728000000000003,3.4766
1905,0.048,0.0,0.048,0.0086,1.0,0.0,2.7273,0.0061,2.7273,0.0,0.0,0.0,0.0,2.7273,0.0060999999999999995,2.7334,2.7292
1906,0.0182,0.0,0.0182,0.0033,1.0,0.0,1.0908,0.0029,1.0908,0.0,0.0,0.0,0.0,1.0908,0.0029,1.0937,1.0973
1907,0.0173,0.0007,0.018,0.0032,0.9611111111111111,0.03888888888888889,1.0383,0.4465,1.0383,0.0,0.0,0.0,0.0,1.0383,0.4465,1.4848,1.481
1908,0.0636,0.0001,0.0638,0.0115,0.9968652037617556,0.0015673981191222572,3.8181,0.0867,3.8181,0.0,0.0,0.0,0.0,3.8181,0.0867,3.9048,3.9037
1909,0.0424,0.0012,0.0436,0.0078,0.9724770642201835,0.027522935779816512,2.1819,0.8312,2.1819,0.0,0.0,0.0,0.0,2.1818999999999997,0.8311999999999999,3.0130999999999997,3.012
1910,0.0546,0.0,0.0546,0.0098,1.0,0.0,2.9469,0.0033,2.9468,0.0,0.0,0.0,0.0,2.9467999999999996,0.0033,2.9500999999999995,2.9459
1911,0.06,0.0,0.06,0.0108,1.0,0.0,3.4119,0.0032,3.4118,0.0,0.0,0.0,0.0,3.4117999999999995,0.0032,3.4149999999999996,3.4152
1912,0.071,0.0003,0.0713,0.0128,0.9957924263674613,0.004207573632538569,4.2621,0.2035,4.2621,0.0,0.0,0.0,0.0,4.2621,0.2035,4.4656,4.4682
1913,0.0221,0.0001,0.0222,0.004,0.9954954954954955,0.0045045045045045045,1.1373,0.0449,1.1372,0.0,0.0,0.0,0.0,1.1372,0.0449,1.1821,1.1811
1914,0.0611,0.0037,0.0649,0.0117,0.9414483821263483,0.05701078582434515,3.4755,2.204,3.4756,0.0001,0.0,0.0,0.0,3.4756,2.204,5.679600000000001,5.6791
1915,0.0414,0.0039,0.0453,0.0082,0.9139072847682119,0.08609271523178808,2.1309,2.7787,2.1309,0.0,0.0,0.0,0.0,2.1309,2.7787,4.9096,4.9097
1916,0.0166,0.0032,0.0198,0.0036,0.8383838383838383,0.1616161616161616,0.9435,1.9979,0.9435,0.0,0.0,0.0,0.0,0.9435,1.9979,2.9414,2.9432
1917,0.0759,0.0,0.0759,0.0137,1.0,0.0,3.9018,0.0033,3.9017,0.0,0.0,0.0,0.0,3.9017,0.0033,3.905,3.9069
1918,0.0548,0.0001,0.0549,0.0099,0.9981785063752278,0.0018214936247723135,3.1152,0.0521,3.1151,0.0,0.0,0.0,0.0,3.1151,0.0521,3.1672,3.1631
1919,0.0707,0.0,0.0707,0.0127,1.0,0.0,3.8181,0.0316,3.8183,0.0002,0.0,0.0,0.0,3.8183,0.0316,3.8499,3.8546
1920,0.0311,0.0007,0.0318,0.0057,0.9779874213836477,0.0220125786163522,1.5984,0.4863,1.5982,0.0,0.0,0.0,0.0,1.5982,0.4863,2.0845000000000002,2.0867
1921,0.0166,0.0,0.0166,0.003,1.0,0.0,0.9435,0.0027,0.9435,0.0,0.0,0.0,0.0,0.9435,0.0027,0.9462,0.9496
1922,0.055,0.0,0.055,0.0099,1.0,0.0,3.3021,0.0095,3.3021,0.0,0.0,0.0,0.0,3.3021000000000003,0.0095,3.3116000000000003,3.3159
1923,0.0705,0.0004,0.0709,0.0128,0.9943582510578277,0.005641748942172073,3.624,0.3127,3.6239,0.0,0.0,0.0,0.0,3.6239,0.3127,3.9366,3.9329
1924,0.0611,0.0001,0.0612,0.011,0.9983660130718955,0.0016339869281045752,3.3021,0.0576,3.3021,0.0,0.0,0.0,0.0,3.3021000000000003,0.057600000000000005,3.3597,3.362
1925,0.0377,0.0007,0.0384,0.0069,0.9817708333333334,0.018229166666666668,2.265,0.4877,2.265,0.0,0.0,0.0,0.0,2.265,0.4877,2.7527,2.7496
1926,0.0385,0.0004,0.0388,0.007,0.9922680412371133,0.010309278350515464,2.0766,0.2827,2.0768,0.0002,0.0,0.0,0.0,2.0768,0.2827,2.3595,2.3558
1927,0.0453,0.0014,0.0467,0.0084,0.9700214132762313,0.029978586723768737,2.4444,1.0244,2.4444,0.0,0.0,0.0,0.0,2.4444,1.0244,3.4688,3.469
1928,0.0249,0.0,0.0249,0.0045,1.0,0.0,1.4151,0.0012,1.4152,0.0001,0.0,0.0,0.0,1.4152,0.0012000000000000001,1.4164,1.4132
1929,0.0731,0.0001,0.0731,0.0132,1.0,0.0013679890560875515,4.1535,0.0362,4.1535,0.0,0.0,0.0,0.0,4.1535,0.0362,4.1897,4.1921
1930,0.0196,0.0,0.0196,0.0035,1.0,0.0,1.1148,0.0065,1.1147,0.0,0.0,0.0,0.0,1.1147,0.0065,1.1212,1.1238
1931,0.0296,0.0001,0.0297,0.0053,0.9966329966329966,0.0033670033670033673,1.5984,0.0318,1.5983,0.0,0.0,0.0,0.0,1.5983,0.0318,1.6301,1.6338
1932,0.0784,0.0,0.0785,0.0141,0.9987261146496815,0.0,4.4592,0.0132,4.4592,0.0,0.0,0.0,0.0,4.4592,0.0132,4.4724,4.4763
1933,0.0731,0.0002,0.0733,0.0132,0.9972714870395634,0.002728512960436562,4.1535,0.1427,4.1535,0.0,0.0,0.0,0.0,4.1535,0.1427,4.2962,4.2927
1934,0.0793,0.0,0.0793,0.0143,1.0,0.0,4.077,0.002,4.0769,0.0,0.0,0.0,0.0,4.0769,0.002,4.0789,4.081
1935,0.0451,0.0005,0.0456,0.0082,0.9890350877192983,0.010964912280701754,2.3172,0.3572,2.317,0.0,0.0,0.0,0.0,2.317,0.35719999999999996,2.6742,2.6701
1936,0.0362,0.0,0.0362,0.0065,1.0,0.0,1.9554,0.0202,1.9554,0.0,0.0,0.0,0.0,1.9554,0.020200000000000003,1.9756,1.9802
1937,0.0815,0.0,0.0815,0.0147,1.0,0.0,4.6341,0.0091,4.6341,0.0,0.0,0.0,0.0,4.6341,0.0091,4.6432,4.647
1938,0.0178,0.0016,0.0194,0.0035,0.9175257731958762,0.08247422680412371,1.0092,1.166,1.0092,0.0,0.0,0.0,0.0,1.0091999999999999,1.1660000000000001,2.1752000000000002,2.1784
1939,0.0527,0.0,0.0527,0.0095,1.0,0.0,2.8431,0.0076,2.8432,0.0001,0.0,0.0,0.0,2.8432,0.0076,2.8508,2.8487
1940,0.0533,0.0,0.0533,0.0096,1.0,0.0,3.1965,0.0069,3.1965,0.0,0.0,0.0,0.0,3.1964999999999995,0.0069,3.2033999999999994,3.2073
1941,0.0229,0.0,0.0229,0.0041,1.0,0.0,1.1787,0.0199,1.1787,0.0,0.0,0.0,0.0,1.1787,0.0199,1.1986,1.201
1942,0.0303,0.0,0.0303,0.0055,1.0,0.0,1.5576,0.0302,1.5576,0.0,0.0,0.0,0.0,1.5575999999999999,0.0302,1.5877999999999999,1.5837
1943,0.0917,0.0,0.0917,0.0165,1.0,0.0,4.7148,0.0058,4.7148,0.0,0.0,0.0,0.0,4.7148,0.0058,4.7206,4.7199
1944,0.0465,0.0014,0.0478,0.0086,0.9728033472803347,0.02928870292887029,2.787,1.0061,2.787,0.0,0.0,0.0,0.0,2.787,1.0061,3.7931,3.7965
1945,0.0264,0.0001,0.0266,0.0048,0.9924812030075189,0.0037593984962406017,1.359,0.0918,1.359,0.0,0.0,0.0,0.0,1.359,0.09179999999999999,1.4508,1.4528
1946,0.0421,0.0009,0.043,0.0077,0.9790697674418605,0.020930232558139535,2.523,0.6615,2.523,0.0,0.0,0.0,0.0,2.5229999999999997,0.6615,3.1845,3.1893
1947,0.048,0.0011,0.0491,0.0088,0.9775967413441956,0.022403258655804482,2.7273,0.605,2.7273,0.0,0.0,0.0,0.0,2.7273,0.605,3.3323,3.3359
1948,0.0533,0.0001,0.0533,0.0096,1.0,0.001876172607879925,3.0276,0.0383,3.0276,0.0,0.0,0.0,0.0,3.0276000000000005,0.0383,3.0659000000000005,3.0709
1949,0.0385,0.0013,0.0397,0.0072,0.9697732997481109,0.0327455919395466,2.0766,0.9179,2.0767,0.0001,0.0,0.0,0.0,2.0767,0.9178999999999999,2.9946,2.9921
1950,0.0885,0.0039,0.0924,0.0166,0.9577922077922078,0.04220779220779221,4.5489,2.8285,4.549,0.0001,0.0,0.0,0.0,4.5489999999999995,2.8285,7.3774999999999995,7.3752
1951,0.0759,0.0,0.0759,0.0137,1.0,0.0,3.9018,0.0165,3.9018,0.0,0.0,0.0,0.0,3.9017999999999997,0.0165,3.9183,3.9202
1952,0.0332,0.0001,0.0332,0.006,1.0,0.0030120481927710845,1.7058,0.0408,1.7058,0.0,0.0,0.0,0.0,1.7058,0.0408,1.7466,1.7512
1953,0.0491,0.0,0.0491,0.0088,1.0,0.0,2.9469,0.0185,2.9468,0.0,0.0,0.0,0.0,2.9467999999999996,0.0185,2.9652999999999996,2.965
1954,0.0692,0.0,0.0692,0.0125,1.0,0.0,4.1535,0.0043,4.1535,0.0,0.0,0.0,0.0,4.1535,0.0043,4.1578,4.1593
1955,0.0672,0.0002,0.0674,0.0121,0.9970326409495548,0.002967359050445104,3.8181,0.122,3.8182,0.0001,0.0,0.0,0.0,3.8181999999999996,0.122,3.9401999999999995,3.9448
1956,0.0236,0.0,0.0236,0.0042,1.0,0.0,1.4151,0.0012,1.4151,0.0,0.0,0.0,0.0,1.4151,0.0012,1.4163000000000001,1.4172
1957,0.0707,0.0002,0.0709,0.0128,0.9971791255289139,0.0028208744710860366,3.6342,0.1373,3.6342,0.0,0.0,0.0,0.0,3.6342,0.1373,3.7715,3.7696
1958,0.0196,0.0,0.0196,0.0035,1.0,0.0,1.1787,0.0021,1.1787,0.0,0.0,0.0,0.0,1.1787,0.0021,1.1808,1.1808
1959,0.0295,0.0002,0.0297,0.0053,0.9932659932659932,0.006734006734006735,1.7682,0.1615,1.768,0.0,0.0,0.0,0.0,1.7680000000000002,0.1615,1.9295000000000002,1.9301
1960,0.0365,0.0,0.0366,0.0066,0.9972677595628414,0.0,2.0766,0.0274,2.0766,0.0,0.0,0.0,0.0,2.0766,0.0274,2.104,2.1074
1961,0.0707,0.0014,0.0721,0.013,0.9805825242718447,0.01941747572815534,3.8181,1.0307,3.8181,0.0,0.0,0.0,0.0,3.8181,1.0307,4.8488,4.8478
1962,0.0352,0.0002,0.0354,0.0064,0.9943502824858758,0.005649717514124294,1.812,0.1101,1.812,0.0,0.0,0.0,0.0,1.8119999999999998,0.1101,1.9221,1.9176
1963,0.055,0.0,0.055,0.0099,1.0,0.0,2.8305,0.0042,2.8304,0.0,0.0,0.0,0.0,2.8304,0.0042,2.8346,2.835
1964,0.0264,0.0001,0.0265,0.0048,0.9962264150943396,0.003773584905660378,1.359,0.0332,1.359,0.0,0.0,0.0,0.0,1.359,0.0332,1.3921999999999999,1.3901
1965,0.0815,0.0035,0.085,0.0153,0.9588235294117646,0.041176470588235294,4.3998,1.9576,4.3997,0.0,0.0,0.0,0.0,4.399699999999999,1.9576,6.3572999999999995,6.3589
1966,0.0215,0.0036,0.0251,0.0045,0.8565737051792828,0.14342629482071712,1.1586,2.3761,1.1585,0.0,0.0,0.0,0.0,1.1585,2.3761,3.5346,3.5362
1967,0.0379,0.0,0.0379,0.0068,1.0,0.0,2.2746,0.0171,2.2745,0.0,0.0,0.0,0.0,2.2744999999999997,0.017099999999999997,2.2916,2.2942
1968,0.0815,0.0009,0.0824,0.0148,0.9890776699029127,0.010922330097087379,4.6341,0.5843,4.6341,0.0,0.0,0.0,0.0,4.6341,0.5843,5.2184,5.2193
1969,0.0196,0.0,0.0197,0.0035,0.9949238578680203,0.0,1.1787,0.0272,1.1787,0.0,0.0,0.0,0.0,1.1787,0.0272,1.2059,1.2067
1970,0.0166,0.0014,0.018,0.0032,0.9222222222222223,0.07777777777777778,0.9435,1.0343,0.9434,0.0,0.0,0.0,0.0,0.9434,1.0343,1.9777,1.9773
1971,0.0421,0.0048,0.047,0.0085,0.8957446808510638,0.10212765957446808,2.2746,2.9439,2.2746,0.0,0.0,0.0,0.0,2.2746,2.9439,5.218500000000001,5.2214
1972,0.0785,0.0,0.0785,0.0141,1.0,0.0,4.0368,0.0062,4.0368,0.0,0.0,0.0,0.0,4.0367999999999995,0.0062,4.042999999999999,4.0471
1973,0.0444,0.0,0.0444,0.008,1.0,0.0,2.523,0.0054,2.523,0.0,0.0,0.0,0.0,2.5229999999999997,0.005399999999999999,2.5283999999999995,2.5328
1974,0.0163,0.0,0.0163,0.0029,1.0,0.0,0.9777,0.0086,0.9778,0.0001,0.0,0.0,0.0,0.9778,0.0086,0.9864,0.9908
1975,0.0676,0.0,0.0676,0.0122,1.0,0.0,3.4755,0.0024,3.4755,0.0,0.0,0.0,0.0,3.4755000000000003,0.0024000000000000002,3.4779000000000004,3.4731
1976,0.0815,0.004,0.0855,0.0154,0.9532163742690059,0.04678362573099415,4.6341,2.5931,4.6341,0.0,0.0,0.0,0.0,4.6341,2.5930999999999997,7.2272,7.2297
1977,0.0474,0.0001,0.0475,0.0085,0.9978947368421052,0.002105263157894737,2.8431,0.0636,2.8432,0.0001,0.0,0.0,0.0,2.8432,0.0636,2.9068,2.9107
1978,0.0481,0.0021,0.0502,0.009,0.9581673306772908,0.04183266932270916,2.5959,1.5199,2.5959,0.0,0.0,0.0,0.0,2.5959,1.5199,4.1158,4.1121
1979,0.0344,0.0002,0.0346,0.0062,0.9942196531791908,0.005780346820809249,1.7682,0.1298,1.7681,0.0,0.0,0.0,0.0,1.7681,0.1298,1.8979,1.8948
1980,0.04,0.0,0.04,0.0072,1.0,0.0,2.2746,0.0109,2.2746,0.0,0.0,0.0,0.0,2.2746,0.0109,2.2855,2.284
1981,0.057,0.0001,0.0572,0.0103,0.9965034965034966,0.0017482517482517483,3.4221,0.0811,3.4221,0.0,0.0,0.0,0.0,3.4221000000000004,0.0811,3.5032000000000005,3.5054
1982,0.0275,0.0001,0.0276,0.005,0.9963768115942029,0.0036231884057971015,1.4151,0.0764,1.4151,0.0,0.0,0.0,0.0,1.4151,0.0764,1.4915,1.4899
1983,0.0589,0.0,0.059,0.0106,0.9983050847457627,0.0,3.5361,0.0256,3.5361,0.0,0.0,0.0,0.0,3.5361000000000002,0.025599999999999998,3.5617,3.5637
1984,0.0275,0.0001,0.0276,0.005,0.9963768115942029,0.0036231884057971015,1.4151,0.091,1.4152,0.0001,0.0,0.0,0.0,1.4152,0.091,1.5062,1.5016
1985,0.0374,0.0012,0.0386,0.0069,0.9689119170984456,0.0310880829015544,2.0184,0.7099,2.0184,0.0,0.0,0.0,0.0,2.0183999999999997,0.7099,2.7283,2.7258
1986,0.0175,0.0028,0.0202,0.0036,0.8663366336633664,0.13861386138613863,0.9435,1.8904,0.9435,0.0,0.0,0.0,0.0,0.9435,1.8904,2.8339,2.8322
1987,0.0364,0.0,0.0364,0.0065,1.0,0.0,2.1819,0.0016,2.1818,0.0,0.0,0.0,0.0,2.1818,0.0015999999999999999,2.1834,2.1882
1988,0.031,0.0001,0.031,0.0056,1.0,0.0032258064516129032,1.6722,0.042,1.6722,0.0,0.0,0.0,0.0,1.6722000000000001,0.042,1.7142000000000002,1.7101
1989,0.0455,0.0022,0.0477,0.0086,0.9538784067085954,0.04612159329140462,2.7273,1.3519,2.7273,0.0,0.0,0.0,0.0,2.7273,1.3519,4.0792,4.0816
1990,0.0202,0.0,0.0202,0.0036,1.0,0.0,1.0383,0.0105,1.0383,0.0,0.0,0.0,0.0,1.0383,0.010499999999999999,1.0488,1.0524
1991,0.0705,0.0001,0.0705,0.0127,1.0,0.001418439716312057,3.624,0.039,3.624,0.0,0.0,0.0,0.0,3.6239999999999997,0.039,3.663,3.6674
1992,0.0419,0.0,0.042,0.0076,0.9976190476190475,0.0,2.265,0.0049,2.265,0.0,0.0,0.0,0.0,2.265,0.0049,2.2699000000000003,2.2678
1993,0.0707,0.0002,0.0708,0.0127,0.9985875706214689,0.002824858757062147,3.6342,0.1151,3.6342,0.0,0.0,0.0,0.0,3.6342,0.1151,3.7493,3.7493
1994,0.0193,0.0,0.0193,0.0035,1.0,0.0,1.1586,0.0038,1.1585,0.0,0.0,0.0,0.0,1.1585,0.0037999999999999996,1.1623,1.1592
1995,0.0636,0.0,0.0636,0.0115,1.0,0.0,3.8181,0.0018,3.8181,0.0,0.0,0.0,0.0,3.8181,0.0018,3.8198999999999996,3.8166
1996,0.0327,0.0,0.0327,0.0059,1.0,0.0,1.7682,0.0036,1.7681,0.0,0.0,0.0,0.0,1.7681,0.0036,1.7717,1.7756
1997,0.0404,0.0001,0.0404,0.0073,1.0,0.0024752475247524753,2.0766,0.0386,2.0767,0.0001,0.0,0.0,0.0,2.0767,0.038599999999999995,2.1153000000000004,2.1191
1998,0.0622,0.0011,0.0633,0.0114,0.9826224328593998,0.01737756714060032,3.7293,0.8073,3.7293,0.0,0.0,0.0,0.0,3.7293000000000003,0.8073,4.5366,4.5404
1999,0.04,0.0,0.04,0.0072,1.0,0.0,2.2746,0.0023,2.2745,0.0,0.0,0.0,0.0,2.2744999999999997,0.0023,2.2767999999999997,2.2795
2000,0.0491,0.002,0.0511,0.0092,0.9608610567514677,0.03913894324853229,2.523,1.3591,2.523,0.0,0.0,0.0,0.0,2.5229999999999997,1.3591,3.8820999999999994,3.8831
2001,0.0453,0.0,0.0453,0.0081,1.0,0.0,2.4444,0.0039,2.4443,0.0,0.0,0.0,0.0,2.4443,0.0039,2.4482,2.4525
2002,0.0478,0.0,0.0478,0.0086,1.0,0.0,2.718,0.0076,2.7179,0.0,0.0,0.0,0.0,2.7179,0.0076,2.7255000000000003,2.7224
2003,0.0726,0.0022,0.0747,0.0135,0.9718875502008032,0.029451137884872827,4.1256,1.5555,4.1255,0.0,0.0,0.0,0.0,4.1255,1.5554999999999999,5.680999999999999,5.6856
2004,0.0676,0.0,0.0676,0.0122,1.0,0.0,3.4755,0.0049,3.4755,0.0,0.0,0.0,0.0,3.4755000000000003,0.0049,3.4804000000000004,3.481
2005,0.0336,0.0001,0.0337,0.0061,0.9970326409495548,0.002967359050445104,2.0184,0.0473,2.0184,0.0,0.0,0.0,0.0,2.0183999999999997,0.0473,2.0656999999999996,2.0611
2006,0.0882,0.0,0.0883,0.0159,0.9988674971687429,0.0,5.0163,0.0021,5.0163,0.0,0.0,0.0,0.0,5.016299999999999,0.0021,5.0184,5.0206
2007,0.0545,0.0,0.0546,0.0098,0.9981684981684981,0.0,3.2727,0.0201,3.2727,0.0,0.0,0.0,0.0,3.2727,0.0201,3.2927999999999997,3.2975
2008,0.0932,0.0001,0.0934,0.0168,0.9978586723768738,0.0010706638115631692,4.7949,0.0676,4.7949,0.0,0.0,0.0,0.0,4.7949,0.0676,4.8625,4.8614
2009,0.0319,0.0021,0.0339,0.0061,0.9410029498525073,0.061946902654867256,1.812,1.4909,1.812,0.0,0.0,0.0,0.0,1.8119999999999998,1.4909,3.3028999999999997,3.3027
2010,0.0708,0.0003,0.0711,0.0128,0.9957805907172996,0.004219409282700422,4.2456,0.1962,4.2457,0.0001,0.0,0.0,0.0,4.245699999999999,0.19619999999999999,4.4418999999999995,4.4445
2011,0.0296,0.0,0.0296,0.0053,1.0,0.0,1.5984,0.009,1.5982,0.0,0.0,0.0,0.0,1.5982,0.009000000000000001,1.6072,1.6103
2012,0.0622,0.0,0.0622,0.0112,1.0,0.0,3.1965,0.0045,3.1965,0.0,0.0,0.0,0.0,3.1964999999999995,0.0045,3.2009999999999996,3.203
2013,0.0632,0.0024,0.0656,0.0118,0.9634146341463414,0.03658536585365853,3.4119,1.5117,3.4117,0.0,0.0,0.0,0.0,3.4116999999999997,1.5117,4.9234,4.9256
2014,0.0272,0.0011,0.0283,0.0051,0.9611307420494699,0.03886925795053004,1.4667,0.7472,1.4666,0.0,0.0,0.0,0.0,1.4666000000000001,0.7472000000000001,2.2138,2.2187
2015,0.0793,0.0,0.0793,0.0143,1.0,0.0,4.077,0.0126,4.077,0.0,0.0,0.0,0.0,4.077,0.0126,4.0896,4.0864
2016,0.0602,0.0,0.0602,0.0108,1.0,0.0,3.4221,0.0018,3.422,0.0,0.0,0.0,0.0,3.422,0.0018,3.4238,3.4216
2017,0.0421,0.0003,0.0424,0.0076,0.9929245283018867,0.007075471698113207,2.523,0.2465,2.523,0.0,0.0,0.0,0.0,2.5229999999999997,0.2465,2.7695,2.768
2018,0.0451,0.0,0.0451,0.0081,1.0,0.0,2.3172,0.0182,2.3172,0.0,0.0,0.0,0.0,2.3171999999999997,0.0182,2.3354,2.3328
2019,0.0196,0.0,0.0196,0.0035,1.0,0.0,1.0092,0.0027,1.0092,0.0,0.0,0.0,0.0,1.0091999999999999,0.0027,1.0118999999999998,1.0107
2020,0.1031,0.0001,0.1032,0.0186,0.999031007751938,0.0009689922480620156,5.3043,0.0659,5.3043,0.0,0.0,0.0,0.0,5.3043,0.0659,5.3702,5.3721
2021,0.0182,0.0,0.0182,0.0033,1.0,0.0,1.0908,0.029,1.091,0.0002,0.0,0.0,0.0,1.0910000000000002,0.029,1.12,1.1167
2022,0.0407,0.0006,0.0414,0.0074,0.9830917874396136,0.014492753623188404,2.4444,0.4641,2.4443,0.0,0.0,0.0,0.0,2.4443,0.4641,2.9084000000000003,2.9133
2023,0.0883,0.0,0.0883,0.0159,1.0,0.0,4.5414,0.0048,4.5415,0.0001,0.0,0.0,0.0,4.5415,0.0048000000000000004,4.5463000000000005,4.5467
2024,0.0688,0.0,0.0688,0.0124,1.0,0.0,4.1256,0.0132,4.1255,0.0,0.0,0.0,0.0,4.1255,0.0132,4.1387,4.1422
2025,0.0975,0.0001,0.0976,0.0176,0.9989754098360656,0.0010245901639344263,5.0163,0.0582,5.0163,0.0,0.0,0.0,0.0,5.016299999999999,0.058199999999999995,5.0745,5.0761
2026,0.0472,0.0008,0.048,0.0086,0.9833333333333333,0.016666666666666666,2.8305,0.5722,2.8305,0.0,0.0,0.0,0.0,2.8305,0.5722,3.4027,3.4065
2027,0.0318,0.0,0.0319,0.0057,0.9968652037617556,0.0,1.6365,0.0251,1.6364,0.0,0.0,0.0,0.0,1.6364,0.0251,1.6615,1.6599
2028,0.0395,0.0002,0.0397,0.0071,0.9949622166246852,0.005037783375314862,2.1309,0.1259,2.1309,0.0,0.0,0.0,0.0,2.1309,0.1259,2.2568,2.2561
2029,0.0858,0.0,0.0859,0.0155,0.9988358556461001,0.0,4.6341,0.0264,4.6341,0.0,0.0,0.0,0.0,4.6341,0.0264,4.6605,4.6638
2030,0.0306,0.0002,0.0308,0.0055,0.9935064935064934,0.006493506493506494,1.7379,0.1335,1.7378,0.0,0.0,0.0,0.0,1.7378,0.1335,1.8713,1.8672
2031,0.0355,0.0,0.0355,0.0064,1.0,0.0,2.1309,0.0054,2.131,0.0001,0.0,0.0,0.0,2.1310000000000002,0.0054,2.1364,2.1364
2032,0.0272,0.0014,0.0286,0.0051,0.9510489510489509,0.04895104895104895,1.4667,1.034,1.4666,0.0,0.0,0.0,0.0,1.4666000000000001,1.034,2.5006000000000004,2.4971
2033,0.0713,0.0,0.0713,0.0128,1.0,0.0,4.0548,0.0081,4.0548,0.0,0.0,0.0,0.0,4.0548,0.0081,4.0629,4.0656
2034,0.0865,0.0002,0.0867,0.0156,0.9976931949250287,0.002306805074971165,4.6728,0.1215,4.6727,0.0,0.0,0.0,0.0,4.6727,0.1215,4.7942,4.7966
2035,0.0652,0.0003,0.0655,0.0118,0.9954198473282442,0.0045801526717557245,3.9108,0.1624,3.9109,0.0001,0.0,0.0,0.0,3.9109000000000003,0.1624,4.073300000000001,4.0719
2036,0.0563,0.0006,0.0569,0.0102,0.9894551845342707,0.010544815465729348,2.8962,0.4376,2.8962,0.0,0.0,0.0,0.0,2.8962000000000003,0.4376,3.3338,3.3358
2037,0.0483,0.0,0.0483,0.0087,1.0,0.0,2.8962,0.0221,2.8962,0.0,0.0,0.0,0.0,2.8962000000000003,0.0221,2.9183000000000003,2.9142
2038,0.0724,0.0005,0.073,0.0131,0.9917808219178084,0.006849315068493151,3.9108,0.3817,3.9108,0.0,0.0,0.0,0.0,3.9108,0.38170000000000004,4.2925,4.2908
2039,0.0579,0.0,0.0579,0.0104,1.0,0.0,3.4755,0.0089,3.4756,0.0001,0.0,0.0,0.0,3.4756,0.0089,3.4845,3.4799
2040,0.0632,0.0001,0.0633,0.0114,0.9984202211690365,0.0015797788309636653,3.4119,0.0469,3.4118,0.0,0.0,0.0,0.0,3.4118,0.0469,3.4587,3.4632
2041,0.0491,0.0,0.0491,0.0088,1.0,0.0,2.523,0.0047,2.523,0.0,0.0,0.0,0.0,2.5229999999999997,0.004699999999999999,2.5277,2.5316
2042,0.0955,0.0001,0.0956,0.0172,0.9989539748953975,0.0010460251046025104,4.9092,0.073,4.9091,0.0,0.0,0.0,0.0,4.9091000000000005,0.073,4.982100000000001,4.9866
2043,0.0604,0.0001,0.0605,0.0109,0.9983471074380166,0.0016528925619834713,3.624,0.0602,3.6239,0.0,0.0,0.0,0.0,3.6239,0.060200000000000004,3.6841,3.6864
2044,0.0723,0.0024,0.0746,0.0134,0.9691689008042896,0.032171581769437,3.9018,1.712,3.9017,0.0,0.0,0.0,0.0,3.9017,1.7120000000000002,5.6137,5.6141
2045,0.0408,0.0065,0.0473,0.0085,0.8625792811839323,0.13742071881606766,2.3172,4.1983,2.3172,0.0,0.0,0.0,0.0,2.3171999999999997,4.1983,6.515499999999999,6.5124
2046,0.0788,0.0,0.0788,0.0142,1.0,0.0,4.0548,0.003,4.0548,0.0,0.0,0.0,0.0,4.0548,0.003,4.0578,4.0617
2047,0.0708,0.0003,0.071,0.0128,0.9971830985915494,0.004225352112676056,4.2456,0.1454,4.2456,0.0,0.0,0.0,0.0,4.2456,0.1454,4.391,4.3889
2048,0.0842,0.0,0.0842,0.0152,1.0,0.0,4.5489,0.0033,4.5491,0.0002,0.0,0.0,0.0,4.5491,0.0033,4.5524000000000004,4.5547
2049,0.0327,0.0,0.0328,0.0059,0.996951219512195,0.0,1.7682,0.0051,1.7681,0.0,0.0,0.0,0.0,1.7681,0.0051,1.7732,1.7757
2050,0.0799,0.0002,0.0801,0.0144,0.9975031210986266,0.0024968789013732834,4.7949,0.0974,4.7948,0.0,0.0,0.0,0.0,4.7948,0.09739999999999999,4.892200000000001,4.8958
2051,0.044,0.0,0.044,0.0079,1.0,0.0,2.265,0.002,2.2649,0.0,0.0,0.0,0.0,2.2649,0.002,2.2668999999999997,2.2625
2052,0.0865,0.0012,0.0877,0.0158,0.9863169897377422,0.013683010262257695,4.6728,0.7384,4.6728,0.0,0.0,0.0,0.0,4.6728000000000005,0.7384000000000001,5.411200000000001,5.4156
2053,0.0451,0.0,0.0451,0.0081,1.0,0.0,2.3172,0.0246,2.317,0.0,0.0,0.0,0.0,2.317,0.024599999999999997,2.3416,2.3428
2054,0.0672,0.0002,0.0674,0.0121,0.9970326409495548,0.002967359050445104,3.8181,0.1518,3.8181,0.0,0.0,0.0,0.0,3.8181,0.1518,3.9699,3.9736
2055,0.0375,0.0,0.0375,0.0067,1.0,0.0,2.1309,0.0034,2.131,0.0001,0.0,0.0,0.0,2.1310000000000002,0.0034000000000000002,2.1344000000000003,2.1309
2056,0.0275,0.0,0.0275,0.005,1.0,0.0,1.4151,0.0021,1.4151,0.0,0.0,0.0,0.0,1.4151,0.0021,1.4172,1.414
2057,0.0655,0.0045,0.07,0.0126,0.9357142857142856,0.06428571428571428,3.5361,3.236,3.5361,0.0,0.0,0.0,0.0,3.5361000000000002,3.236,6.7721,6.7681
2058,0.09,0.0,0.0901,0.0162,0.9988901220865705,0.0,5.1177,0.0146,5.1177,0.0,0.0,0.0,0.0,5.1177,0.014599999999999998,5.1323,5.1329
2059,0.0663,0.0,0.0664,0.0119,0.9984939759036144,0.0,3.4119,0.0242,3.4119,0.0,0.0,0.0,0.0,3.4119,0.0242,3.4361,3.4399
2060,0.071,0.0,0.071,0.0128,1.0,0.0,4.0368,0.0019,4.0368,0.0,0.0,0.0,0.0,4.0367999999999995,0.0019,4.0386999999999995,4.0347
2061,0.0288,0.0,0.0288,0.0052,1.0,0.0,1.6365,0.017,1.6363,0.0,0.0,0.0,0.0,1.6362999999999999,0.017,1.6532999999999998,1.656
2062,0.049,0.0,0.049,0.0088,1.0,0.0,2.787,0.0056,2.787,0.0,0.0,0.0,0.0,2.787,0.0056,2.7925999999999997,2.7919
2063,0.0679,0.0,0.068,0.0122,0.9985294117647059,0.0,4.077,0.0052,4.077,0.0,0.0,0.0,0.0,4.077,0.0052,4.0822,4.0798
2064,0.0848,0.0,0.0849,0.0153,0.9988221436984688,0.0,4.3635,0.0274,4.3636,0.0001,0.0,0.0,0.0,4.3636,0.0274,4.391,4.3946
2065,0.0196,0.0005,0.0201,0.0036,0.9751243781094527,0.024875621890547265,1.1148,0.3339,1.1148,0.0,0.0,0.0,0.0,1.1148,0.33390000000000003,1.4487,1.4495
2066,0.0266,0.004,0.0306,0.0055,0.869281045751634,0.13071895424836602,1.5984,2.8498,1.5984,0.0,0.0,0.0,0.0,1.5984000000000003,2.8498,4.4482,4.4449
2067,0.0617,0.0,0.0617,0.0111,1.0,0.0,3.171,0.0247,3.171,0.0,0.0,0.0,0.0,3.171,0.0247,3.1957,3.1977
2068,0.0686,0.0006,0.0692,0.0125,0.991329479768786,0.008670520231213872,3.9018,0.3285,3.9016,0.0,0.0,0.0,0.0,3.9015999999999997,0.3285,4.2301,4.2276
2069,0.0204,0.0002,0.0206,0.0037,0.9902912621359223,0.00970873786407767,1.1586,0.1312,1.1586,0.0,0.0,0.0,0.0,1.1585999999999999,0.13119999999999998,1.2897999999999998,1.2914
2070,0.0883,0.0027,0.0911,0.0164,0.9692645444566411,0.0296377607025247,4.5414,1.7084,4.5414,0.0,0.0,0.0,0.0,4.5414,1.7084000000000001,6.2498000000000005,6.2514
2071,0.04,0.0001,0.0401,0.0072,0.9975062344139652,0.002493765586034913,2.2746,0.0585,2.2745,0.0,0.0,0.0,0.0,2.2744999999999997,0.0585,2.3329999999999997,2.3308
2072,0.0688,0.0,0.0688,0.0124,1.0,0.0,3.9108,0.03,3.9109,0.0001,0.0,0.0,0.0,3.9109000000000003,0.030000000000000002,3.9409,3.9367
2073,0.0638,0.0,0.0638,0.0115,1.0,0.0,3.624,0.0014,3.624,0.0,0.0,0.0,0.0,3.6239999999999997,0.0014,3.6253999999999995,3.6212
2074,0.0284,0.0,0.0285,0.0051,0.9964912280701754,0.0,1.7058,0.0191,1.7059,0.0001,0.0,0.0,0.0,1.7059,0.0191,1.7249999999999999,1.7235
2075,0.0686,0.0001,0.0687,0.0124,0.9985443959243085,0.001455604075691412,3.9018,0.0384,3.9017,0.0,0.0,0.0,0.0,3.9017,0.038400000000000004,3.9401,3.9429
2076,0.0322,0.0022,0.0344,0.0062,0.936046511627907,0.06395348837209303,1.7379,1.4627,1.7377,0.0,0.0,0.0,0.0,1.7377000000000002,1.4627,3.2004,3.1987
2077,0.0724,0.0001,0.0725,0.0131,0.9986206896551726,0.0013793103448275863,3.9108,0.0893,3.9109,0.0001,0.0,0.0,0.0,3.9109000000000007,0.08929999999999999,4.0002,3.9985
2078,0.0734,0.0,0.0734,0.0132,1.0,0.0,3.774,0.0137,3.774,0.0,0.0,0.0,0.0,3.774,0.0137,3.7877,3.7897
2079,0.0553,0.0001,0.0554,0.01,0.9981949458483755,0.0018050541516245488,2.8431,0.0917,2.8432,0.0001,0.0,0.0,0.0,2.8432,0.0917,2.9349,2.9387
2080,0.0818,0.0004,0.0823,0.0148,0.9939246658566221,0.004860267314702309,4.9092,0.3005,4.9091,0.0,0.0,0.0,0.0,4.9091000000000005,0.3005,5.2096,5.2099
2081,0.0491,0.0007,0.0498,0.009,0.9859437751004017,0.014056224899598395,2.9469,0.4391,2.9469,0.0,0.0,0.0,0.0,2.9469,0.43910000000000005,3.386,3.385
2082,0.0656,0.0,0.0656,0.0118,1.0,0.0,3.7293,0.0016,3.7293,0.0,0.0,0.0,0.0,3.7293000000000003,0.0015999999999999999,3.7309,3.7323
2083,0.0332,0.0,0.0332,0.006,1.0,0.0,1.7058,0.0179,1.7058,0.0,0.0,0.0,0.0,1.7058,0.0179,1.7237,1.7267
2084,0.0244,0.0006,0.0251,0.0045,0.9721115537848606,0.023904382470119518,1.4667,0.4666,1.4666,0.0,0.0,0.0,0.0,1.4666000000000001,0.4666,1.9332000000000003,1.9333
2085,0.053,0.0,0.0531,0.0096,0.9981167608286252,0.0,2.7273,0.0244,2.7273,0.0,0.0,0.0,0.0,2.7273,0.024399999999999998,2.7517,2.7515
2086,0.0799,0.0002,0.0801,0.0144,0.9975031210986266,0.0024968789013732834,4.7949,0.0883,4.7949,0.0,0.0,0.0,0.0,4.7949,0.08829999999999999,4.8832,4.8846
2087,0.0841,0.003,0.0871,0.0157,0.965556831228473,0.034443168771526984,4.5414,2.1511,4.5414,0.0,0.0,0.0,0.0,4.5414,2.1511,6.692500000000001,6.6918
2088,0.0622,0.0,0.0622,0.0112,1.0,0.0,3.7293,0.0016,3.7293,0.0,0.0,0.0,0.0,3.7293000000000003,0.0015999999999999999,3.7309,3.7335
2089,0.0273,0.0,0.0273,0.0049,1.0,0.0,1.6365,0.0047,1.6363,0.0,0.0,0.0,0.0,1.6362999999999999,0.0047,1.6409999999999998,1.6458
2090,0.0699,0.0017,0.0716,0.0129,0.9762569832402236,0.023743016759776536,3.774,0.9644,3.774,0.0,0.0,0.0,0.0,3.774,0.9644,4.7384,4.7372
2091,0.076,0.0,0.0761,0.0137,0.9986859395532194,0.0,3.9108,0.0066,3.9109,0.0001,0.0,0.0,0.0,3.9109000000000007,0.0066,3.917500000000001,3.9171
2092,0.0516,0.0014,0.053,0.0095,0.9735849056603774,0.026415094339622643,2.787,0.9814,2.787,0.0,0.0,0.0,0.0,2.787,0.9814,3.7683999999999997,3.7707
2093,0.0533,0.0,0.0533,0.0096,1.0,0.0,3.1965,0.0099,3.1966,0.0001,0.0,0.0,0.0,3.1966,0.0099,3.2065,3.2073
2094,0.038,0.0011,0.0391,0.007,0.9718670076726342,0.028132992327365727,1.9554,0.7063,1.9554,0.0,0.0,0.0,0.0,1.9554,0.7063,2.6617,2.6571
2095,0.0606,0.0001,0.0607,0.0109,0.9983525535420099,0.0016474464579901156,3.1152,0.0545,3.1151,0.0,0.0,0.0,0.0,3.1151,0.0545,3.1696,3.1705
2096,0.0589,0.0001,0.059,0.0106,0.9983050847457627,0.0016949152542372883,3.5322,0.0595,3.5322,0.0,0.0,0.0,0.0,3.5322,0.059500000000000004,3.5917,3.5936
2097,0.044,0.0001,0.0442,0.008,0.9954751131221719,0.002262443438914027,2.265,0.091,2.265,0.0,0.0,0.0,0.0,2.265,0.091,2.3560000000000003,2.3581
2098,0.0419,0.0009,0.0429,0.0077,0.9766899766899767,0.02097902097902098,2.265,0.6743,2.265,0.0,0.0,0.0,0.0,2.265,0.6743,2.9393000000000002,2.9418
2099,0.0619,0.0001,0.062,0.0112,0.9983870967741935,0.0016129032258064516,3.3444,0.0449,3.3443,0.0,0.0,0.0,0.0,3.3443,0.044899999999999995,3.3892,3.3853
2100,0.0622,0.0,0.0622,0.0112,1.0,0.0,3.1965,0.0202,3.1966,0.0001,0.0,0.0,0.0,3.1966,0.0202,3.2168,3.2176
2101,0.0644,0.0043,0.0687,0.0124,0.9374090247452693,0.06259097525473072,3.4755,2.8364,3.4756,0.0001,0.0,0.0,0.0,3.4756,2.8364000000000003,6.312,6.3107
2102,0.0731,0.0001,0.0732,0.0132,0.9986338797814207,0.001366120218579235,4.1535,0.0907,4.1535,0.0,0.0,0.0,0.0,4.1535,0.0907,4.2442,4.241
2103,0.0196,0.0,0.0197,0.0035,0.9949238578680203,0.0,1.1787,0.0045,1.1787,0.0,0.0,0.0,0.0,1.1787,0.0045,1.1832,1.18
2104,0.0279,0.0003,0.0282,0.0051,0.9893617021276596,0.010638297872340425,1.6722,0.205,1.6721,0.0,0.0,0.0,0.0,1.6721,0.20500000000000002,1.8771,1.8729
2105,0.0386,0.0004,0.0391,0.007,0.9872122762148338,0.010230179028132991,2.3172,0.2626,2.317,0.0,0.0,0.0,0.0,2.317,0.2626,2.5796,2.5759
2106,0.0176,0.0,0.0176,0.0032,1.0,0.0,0.906,0.0052,0.906,0.0,0.0,0.0,0.0,0.9059999999999999,0.0052,0.9111999999999999,0.9081
2107,0.0858,0.0,0.0858,0.0154,1.0,0.0,4.6341,0.0023,4.6341,0.0,0.0,0.0,0.0,4.6341,0.0023,4.6364,4.637
2108,0.0316,0.0051,0.0367,0.0066,0.8610354223433243,0.13896457765667575,1.7058,3.2235,1.7058,0.0,0.0,0.0,0.0,1.7058,3.2235000000000005,4.9293000000000005,4.93
2109,0.0644,0.0009,0.0652,0.0117,0.9877300613496933,0.013803680981595092,3.4755,0.6282,3.4756,0.0001,0.0,0.0,0.0,3.4756,0.6282,4.1038,4.1049
2110,0.0192,0.0007,0.0199,0.0036,0.9648241206030149,0.035175879396984924,1.0908,0.4613,1.091,0.0002,0.0,0.0,0.0,1.0910000000000002,0.46130000000000004,1.5523000000000002,1.5482
2111,0.0176,0.0,0.0176,0.0032,1.0,0.0,0.906,0.0036,0.906,0.0,0.0,0.0,0.0,0.9059999999999999,0.0036,0.9096,0.9091
2112,0.0692,0.0,0.0692,0.0125,1.0,0.0,4.1535,0.0043,4.1535,0.0,0.0,0.0,0.0,4.1535,0.0043,4.1578,4.158
2113,0.0864,0.0011,0.0875,0.0157,0.9874285714285715,0.012571428571428574,4.9092,0.7822,4.9092,0.0,0.0,0.0,0.0,4.9092,0.7822,5.6914,5.6957
2114,0.0948,0.0,0.0948,0.0171,1.0,0.0,5.1177,0.0058,5.1177,0.0,0.0,0.0,0.0,5.1177,0.0058,5.1235,5.1278
2115,0.029,0.0003,0.0292,0.0053,0.9931506849315069,0.010273972602739725,1.7379,0.1988,1.7379,0.0,0.0,0.0,0.0,1.7379000000000002,0.19879999999999998,1.9367,1.9366
2116,0.0429,0.0,0.0429,0.0077,1.0,0.0,2.3172,0.0047,2.3172,0.0,0.0,0.0,0.0,2.3171999999999997,0.0047,2.3219,2.3262
2117,0.044,0.0013,0.0454,0.0082,0.9691629955947135,0.028634361233480173,2.265,0.8827,2.265,0.0,0.0,0.0,0.0,2.265,0.8827,3.1477000000000004,3.1442
2118,0.0576,0.0003,0.0579,0.0104,0.9948186528497409,0.005181347150259067,3.2727,0.2256,3.2727,0.0,0.0,0.0,0.0,3.2727,0.22560000000000002,3.4983,3.5014
2119,0.0699,0.0,0.0699,0.0126,1.0,0.0,3.774,0.0066,3.774,0.0,0.0,0.0,0.0,3.774,0.0066,3.7806,3.7783
2120,0.0408,0.0,0.0408,0.0073,1.0,0.0,2.3172,0.0104,2.3172,0.0,0.0,0.0,0.0,2.3171999999999997,0.0104,2.3276,2.3289
2121,0.0196,0.0005,0.0201,0.0036,0.9751243781094527,0.024875621890547265,1.0092,0.2626,1.0092,0.0,0.0,0.0,0.0,1.0091999999999999,0.2626,1.2717999999999998,1.2705
2122,0.02,0.0,0.02,0.0036,1.0,0.0,1.1373,0.0123,1.1373,0.0,0.0,0.0,0.0,1.1373,0.012299999999999998,1.1496,1.1448
2123,0.0573,0.0006,0.0579,0.0104,0.9896373056994818,0.010362694300518133,2.9469,0.4166,2.9468,0.0,0.0,0.0,0.0,2.9467999999999996,0.41659999999999997,3.3633999999999995,3.3617
2124,0.08,0.0001,0.0801,0.0144,0.9987515605493134,0.0012484394506866417,4.5489,0.069,4.5489,0.0,0.0,0.0,0.0,4.5489,0.069,4.6179,4.6139
2125,0.0284,0.0,0.0284,0.0051,1.0,0.0,1.7058,0.0044,1.7058,0.0,0.0,0.0,0.0,1.7058,0.004399999999999999,1.7102,1.7055
2126,0.0691,0.0,0.0691,0.0124,1.0,0.0,3.7293,0.0048,3.7293,0.0,0.0,0.0,0.0,3.7293000000000003,0.0048000000000000004,3.7341,3.7383
2127,0.0236,0.0017,0.0253,0.0045,0.9328063241106719,0.06719367588932806,1.4151,1.1315,1.4152,0.0001,0.0,0.0,0.0,1.4152,1.1315,2.5467,2.5511
2128,0.0252,0.0001,0.0253,0.0046,0.9960474308300395,0.003952569169960475,1.5138,0.0719,1.5138,0.0,0.0,0.0,0.0,1.5138000000000003,0.07189999999999999,1.5857000000000003,1.5817
2129,0.0249,0.0022,0.0271,0.0049,0.9188191881918819,0.08118081180811809,1.4151,1.6155,1.4151,0.0,0.0,0.0,0.0,1.4151,1.6155,3.0305999999999997,3.0285
2130,0.0175,0.0,0.0175,0.0031,1.0,0.0,0.9435,0.0019,0.9435,0.0,0.0,0.0,0.0,0.9435,0.0019,0.9454,0.949
2131,0.0264,0.0009,0.0273,0.0049,0.9670329670329669,0.03296703296703297,1.359,0.5985,1.359,0.0,0.0,0.0,0.0,1.359,0.5985,1.9575,1.9599
2132,0.07,0.0034,0.0734,0.0132,0.9536784741144414,0.04632152588555857,3.9804,2.0727,3.9804,0.0,0.0,0.0,0.0,3.9804,2.0727,6.053100000000001,6.0497
2133,0.0774,0.0,0.0774,0.0139,1.0,0.0,3.9804,0.0056,3.9803,0.0,0.0,0.0,0.0,3.9802999999999997,0.0056,3.9858999999999996,3.9828
2134,0.0909,0.0047,0.0956,0.0172,0.9508368200836819,0.04916317991631799,4.9092,2.7159,4.9092,0.0,0.0,0.0,0.0,4.9092,2.7159,7.6251,7.6231
2135,0.0306,0.0018,0.0324,0.0058,0.9444444444444444,0.05555555555555556,1.7379,1.3097,1.7378,0.0,0.0,0.0,0.0,1.7378,1.3096999999999999,3.0475,3.0457
2136,0.0168,0.0006,0.0174,0.0031,0.9655172413793104,0.034482758620689655,0.906,0.3232,0.906,0.0,0.0,0.0,0.0,0.9059999999999999,0.3232,1.2291999999999998,1.2332
2137,0.0168,0.0006,0.0173,0.0031,0.9710982658959537,0.03468208092485549,0.906,0.3323,0.9058,0.0,0.0,0.0,0.0,0.9057999999999999,0.3323,1.2381,1.2411
2138,0.0589,0.0,0.0589,0.0106,1.0,0.0,3.5322,0.0237,3.5322,0.0,0.0,0.0,0.0,3.5322,0.0237,3.5559,3.5514
2139,0.0611,0.0,0.0612,0.011,0.9983660130718955,0.0,3.3021,0.0029,3.3021,0.0,0.0,0.0,0.0,3.3021000000000003,0.0029,3.305,3.3011
2140,0.0622,0.0004,0.0626,0.0113,0.9936102236421724,0.006389776357827476,3.7293,0.2638,3.7293,0.0,0.0,0.0,0.0,3.7293000000000003,0.2638,3.9931,3.9931
2141,0.0325,0.0015,0.0341,0.0061,0.9530791788856305,0.04398826979472141,1.6722,1.0061,1.6722,0.0,0.0,0.0,0.0,1.6722000000000001,1.0061,2.6783,2.6746
2142,0.0536,0.0005,0.0542,0.0098,0.988929889298893,0.00922509225092251,2.8962,0.3234,2.8962,0.0,0.0,0.0,0.0,2.8962000000000003,0.3234,3.2196000000000002,3.2167
2143,0.0587,0.0002,0.0589,0.0106,0.9966044142614601,0.003395585738539898,3.171,0.1348,3.171,0.0,0.0,0.0,0.0,3.171,0.1348,3.3057999999999996,3.3082
2144,0.019,0.0001,0.0191,0.0034,0.9947643979057592,0.005235602094240838,0.9777,0.0539,0.9777,0.0,0.0,0.0,0.0,0.9777,0.053899999999999997,1.0316,1.031
2145,0.0493,0.0001,0.0495,0.0089,0.9959595959595958,0.00202020202020202,2.6637,0.0955,2.6638,0.0001,0.0,0.0,0.0,2.6638,0.0955,2.7593,2.7591
2146,0.0579,0.0057,0.0636,0.0115,0.910377358490566,0.08962264150943396,3.4755,3.4814,3.4755,0.0,0.0,0.0,0.0,3.4755000000000003,3.4814,6.9569,6.9563
2147,0.0686,0.0029,0.0715,0.0129,0.9594405594405594,0.04055944055944056,3.9018,1.8672,3.9018,0.0,0.0,0.0,0.0,3.9017999999999997,1.8672,5.769,5.7703
2148,0.0296,0.0001,0.0297,0.0053,0.9966329966329966,0.0033670033670033673,1.5984,0.0528,1.5984,0.0,0.0,0.0,0.0,1.5984000000000003,0.0528,1.6512000000000002,1.6562
2149,0.0636,0.0,0.0636,0.0115,1.0,0.0,3.2727,0.0022,3.2727,0.0,0.0,0.0,0.0,3.2727,0.0022,3.2749,3.2755
2150,0.0841,0.0003,0.0844,0.0152,0.9964454976303316,0.003554502369668246,4.5414,0.1822,4.5416,0.0002,0.0,0.0,0.0,4.541600000000001,0.1822,4.723800000000001,4.7243
2151,0.0505,0.0032,0.0537,0.0097,0.9404096834264433,0.059590316573556804,3.0276,2.2988,3.0277,0.0001,0.0,0.0,0.0,3.0277000000000003,2.2988,5.3265,5.3288
2152,0.0458,0.0005,0.0463,0.0083,0.9892008639308855,0.01079913606911447,2.3574,0.3334,2.3574,0.0,0.0,0.0,0.0,2.3574,0.33340000000000003,2.6908000000000003,2.6897
2153,0.051,0.0,0.051,0.0092,1.0,0.0,2.8962,0.0023,2.8962,0.0,0.0,0.0,0.0,2.8962000000000003,0.0023,2.8985000000000003,2.9029
2154,0.0451,0.0012,0.0463,0.0083,0.9740820734341252,0.025917926565874726,2.3172,0.8364,2.317,0.0,0.0,0.0,0.0,2.317,0.8363999999999999,3.1534,3.1578
2155,0.0829,0.0001,0.0829,0.0149,1.0,0.0012062726176115804,4.2621,0.0339,4.2621,0.0,0.0,0.0,0.0,4.2621,0.0339,4.296,4.2926
2156,0.0505,0.0,0.0505,0.0091,1.0,0.0,3.0276,0.0138,3.0276,0.0,0.0,0.0,0.0,3.0276000000000005,0.0138,3.0414000000000003,3.037
2157,0.0362,0.0001,0.0363,0.0065,0.997245179063361,0.0027548209366391185,1.9554,0.0385,1.9554,0.0,0.0,0.0,0.0,1.9554,0.038500000000000006,1.9939,1.9894
2158,0.0322,0.0,0.0322,0.0058,1.0,0.0,1.7379,0.0096,1.7378,0.0,0.0,0.0,0.0,1.7378,0.009600000000000001,1.7474,1.7432
2159,0.0178,0.0005,0.0183,0.0033,0.9726775956284153,0.0273224043715847,1.0656,0.3517,1.0656,0.0,0.0,0.0,0.0,1.0656,0.3517,1.4173,1.4149
2160,0.0166,0.0001,0.0167,0.003,0.9940119760479043,0.005988023952095809,0.9435,0.0699,0.9435,0.0,0.0,0.0,0.0,0.9435,0.0699,1.0134,1.0151
2161,0.0885,0.0,0.0885,0.0159,1.0,0.0,4.5489,0.0033,4.5489,0.0,0.0,0.0,0.0,4.5489,0.0033,4.5522,4.5553
2162,0.0842,0.0003,0.0845,0.0152,0.9964497041420117,0.003550295857988165,4.5489,0.1973,4.549,0.0001,0.0,0.0,0.0,4.5489999999999995,0.1973,4.7463,4.746
2163,0.0176,0.0001,0.0177,0.0032,0.9943502824858758,0.005649717514124294,0.906,0.0882,0.906,0.0,0.0,0.0,0.0,0.9059999999999999,0.0882,0.9942,0.9948
2164,0.0377,0.0023,0.04,0.0072,0.9424999999999999,0.057499999999999996,2.265,1.6308,2.265,0.0,0.0,0.0,0.0,2.265,1.6308,3.8958000000000004,3.8915
2165,0.076,0.0002,0.0763,0.0137,0.9960681520314547,0.002621231979030144,3.9108,0.1501,3.9108,0.0,0.0,0.0,0.0,3.9108,0.1501,4.0609,4.0609
2166,0.0273,0.0002,0.0275,0.005,0.9927272727272728,0.007272727272727273,1.6365,0.1536,1.6363,0.0,0.0,0.0,0.0,1.6362999999999999,0.15360000000000001,1.7898999999999998,1.7935
2167,0.0493,0.0,0.0493,0.0089,1.0,0.0,2.6637,0.0019,2.6637,0.0,0.0,0.0,0.0,2.6637,0.0018999999999999998,2.6656,2.6665
2168,0.0529,0.0001,0.0529,0.0095,1.0,0.001890359168241966,2.718,0.0432,2.718,0.0,0.0,0.0,0.0,2.718,0.0432,2.7612,2.7637
2169,0.0483,0.0003,0.0486,0.0087,0.9938271604938272,0.006172839506172839,2.8962,0.1896,2.8962,0.0,0.0,0.0,0.0,2.8962000000000003,0.1896,3.0858000000000003,3.0853
2170,0.0727,0.0001,0.0728,0.0131,0.9986263736263736,0.0013736263736263735,4.3635,0.0329,4.3635,0.0,0.0,0.0,0.0,4.3635,0.0329,4.3964,4.3924
2171,0.071,0.0,0.071,0.0128,1.0,0.0,4.0368,0.0046,4.0368,0.0,0.0,0.0,0.0,4.0367999999999995,0.0046,4.041399999999999,4.0452
2172,0.0505,0.0001,0.0506,0.0091,0.9980237154150199,0.0019762845849802375,2.7273,0.0447,2.7273,0.0,0.0,0.0,0.0,2.7273,0.044700000000000004,2.7720000000000002,2.7697
2173,0.075,0.0,0.075,0.0135,1.0,0.0,4.2621,0.0101,4.2621,0.0,0.0,0.0,0.0,4.2621,0.0101,4.272200000000001,4.273
2174,0.0196,0.0,0.0197,0.0035,0.9949238578680203,0.0,1.1787,0.0066,1.1787,0.0,0.0,0.0,0.0,1.1787,0.0066,1.1853,1.1804
2175,0.0789,0.0034,0.0823,0.0148,0.9586877278250304,0.04131227217496962,4.2621,2.4469,4.2621,0.0,0.0,0.0,0.0,4.2621,2.4469000000000003,6.7090000000000005,6.713
2176,0.0408,0.0008,0.0416,0.0075,0.9807692307692308,0.019230769230769232,2.3172,0.5071,2.3171,0.0,0.0,0.0,0.0,2.3171,0.5071,2.8242,2.8247
2177,0.0415,0.0,0.0415,0.0075,1.0,0.0,2.3586,0.0011,2.3587,0.0001,0.0,0.0,0.0,2.3587,0.0011,2.3598,2.3562
2178,0.0691,0.0001,0.0691,0.0124,1.0,0.0014471780028943561,3.7293,0.0385,3.7293,0.0,0.0,0.0,0.0,3.7293000000000003,0.0385,3.7678000000000003,3.7713
2179,0.0367,0.0001,0.0368,0.0066,0.9972826086956523,0.0027173913043478264,1.887,0.0407,1.887,0.0,0.0,0.0,0.0,1.887,0.0407,1.9277,1.9231
2180,0.0176,0.0002,0.0178,0.0032,0.9887640449438203,0.011235955056179777,0.906,0.1297,0.906,0.0,0.0,0.0,0.0,0.9059999999999999,0.12969999999999998,1.0356999999999998,1.0342
2181,0.0829,0.0013,0.0843,0.0152,0.9833926453143536,0.015421115065243178,4.7148,0.808,4.7148,0.0,0.0,0.0,0.0,4.7148,0.808,5.5228,5.5193
2182,0.0408,0.0021,0.0428,0.0077,0.9532710280373833,0.04906542056074766,2.3172,1.3951,2.317,0.0,0.0,0.0,0.0,2.317,1.3951,3.7121000000000004,3.7165
2183,0.0573,0.0001,0.0574,0.0103,0.9982578397212543,0.0017421602787456446,2.9469,0.0361,2.9469,0.0,0.0,0.0,0.0,2.9469,0.0361,2.9829999999999997,2.9866
2184,0.0688,0.0,0.0688,0.0124,1.0,0.0,3.9108,0.005,3.9109,0.0001,0.0,0.0,0.0,3.9109000000000003,0.005,3.9159,3.9165
2185,0.019,0.0002,0.0192,0.0034,0.9895833333333334,0.010416666666666668,1.1373,0.1399,1.1372,0.0,0.0,0.0,0.0,1.1372,0.1399,1.2771,1.2803
2186,0.0639,0.0,0.0639,0.0115,1.0,0.0,3.6342,0.0057,3.6343,0.0001,0.0,0.0,0.0,3.6343000000000005,0.0057,3.6400000000000006,3.6403
2187,0.0864,0.0024,0.0887,0.016,0.9740698985343856,0.02705749718151071,4.9092,1.5074,4.9092,0.0,0.0,0.0,0.0,4.9092,1.5074,6.416600000000001,6.4174
2188,0.0687,0.0,0.0687,0.0124,1.0,0.0,3.5322,0.0117,3.5322,0.0,0.0,0.0,0.0,3.5322,0.0117,3.5439,3.5465
2189,0.0581,0.0,0.0581,0.0105,1.0,0.0,3.3021,0.0294,3.3021,0.0,0.0,0.0,0.0,3.3021000000000003,0.0294,3.3315,3.3292
2190,0.0352,0.0003,0.0355,0.0064,0.991549295774648,0.008450704225352112,1.812,0.1988,1.812,0.0,0.0,0.0,0.0,1.8119999999999998,0.1988,2.0107999999999997,2.0118
2191,0.0654,0.0006,0.066,0.0119,0.9909090909090909,0.00909090909090909,3.5322,0.4298,3.5323,0.0001,0.0,0.0,0.0,3.5323,0.4298,3.9621000000000004,3.9629
2192,0.0505,0.0,0.0505,0.0091,1.0,0.0,3.0276,0.0078,3.0277,0.0001,0.0,0.0,0.0,3.0277000000000003,0.0078,3.0355000000000003,3.0398
2193,0.0799,0.0004,0.0803,0.0144,0.9950186799501868,0.004981320049813201,4.7949,0.2207,4.7949,0.0,0.0,0.0,0.0,4.7949,0.2207,5.0156,5.0171
2194,0.0826,0.0,0.0826,0.0149,1.0,0.0,4.2456,0.0143,4.2456,0.0,0.0,0.0,0.0,4.2456,0.0143,4.2599,4.2598
2195,0.0215,0.0033,0.0248,0.0045,0.8669354838709677,0.13306451612903225,1.1586,2.1878,1.1586,0.0,0.0,0.0,0.0,1.1585999999999999,2.1878,3.3464,3.3426
2196,0.0332,0.0029,0.0361,0.0065,0.9196675900277008,0.08033240997229917,1.887,2.0102,1.887,0.0,0.0,0.0,0.0,1.887,2.0102,3.8972,3.8984
2197,0.0524,0.0003,0.0527,0.0095,0.9943074003795067,0.0056925996204933585,2.8305,0.2085,2.8305,0.0,0.0,0.0,0.0,2.8305,0.20850000000000002,3.0389999999999997,3.0363
2198,0.0632,0.0006,0.0638,0.0115,0.9905956112852666,0.009404388714733543,3.4119,0.4415,3.4119,0.0,0.0,0.0,0.0,3.4119,0.4415,3.8534,3.8484
2199,0.075,0.0001,0.0751,0.0135,0.9986684420772303,0.0013315579227696406,4.2621,0.1016,4.2621,0.0,0.0,0.0,0.0,4.2621,0.1016,4.363700000000001,4.3626
2200,0.0604,0.0001,0.0605,0.0109,0.9983471074380166,0.0016528925619834713,3.624,0.0804,3.6239,0.0,0.0,0.0,0.0,3.6239,0.0804,3.7043,3.7013
2201,0.0563,0.0001,0.0564,0.0101,0.99822695035461,0.001773049645390071,2.8962,0.0377,2.8962,0.0,0.0,0.0,0.0,2.8962000000000003,0.0377,2.9339000000000004,2.935
2202,0.075,0.0,0.075,0.0135,1.0,0.0,4.2621,0.0035,4.2621,0.0,0.0,0.0,0.0,4.2621,0.0035000000000000005,4.2656,4.2637
2203,0.0465,0.0,0.0465,0.0084,1.0,0.0,2.787,0.0102,2.7868,0.0,0.0,0.0,0.0,2.7868,0.0102,2.797,2.797
2204,0.0619,0.0001,0.062,0.0112,0.9983870967741935,0.0016129032258064516,3.3444,0.0567,3.3443,0.0,0.0,0.0,0.0,3.3442999999999996,0.0567,3.401,3.403
2205,0.0518,0.0002,0.052,0.0094,0.9961538461538462,0.0038461538461538464,2.6637,0.1392,2.6637,0.0,0.0,0.0,0.0,2.6637,0.1392,2.8029,2.8022
2206,0.0459,0.0,0.0459,0.0083,1.0,0.0,2.3586,0.0263,2.3586,0.0,0.0,0.0,0.0,2.3586,0.0263,2.3849,2.3865
2207,0.0467,0.0,0.0467,0.0084,1.0,0.0,2.523,0.0032,2.523,0.0,0.0,0.0,0.0,2.5229999999999997,0.0032,2.5262,2.5261
2208,0.0163,0.0,0.0163,0.0029,1.0,0.0,0.9777,0.0068,0.9777,0.0,0.0,0.0,0.0,0.9777,0.0068,0.9845,0.9817
2209,0.0211,0.0,0.0211,0.0038,1.0,0.0,1.1373,0.0045,1.1373,0.0,0.0,0.0,0.0,1.1373,0.0045000000000000005,1.1418,1.1418
2210,0.051,0.0004,0.0513,0.0092,0.9941520467836257,0.0077972709551656924,2.8962,0.2597,2.8963,0.0001,0.0,0.0,0.0,2.8963,0.25970000000000004,3.156,3.1527
2211,0.0273,0.0003,0.0275,0.005,0.9927272727272728,0.010909090909090908,1.6365,0.1611,1.6364,0.0,0.0,0.0,0.0,1.6364,0.1611,1.7975,1.8014
2212,0.0785,0.0033,0.0818,0.0147,0.9596577017114915,0.040342298288508556,4.0368,2.1521,4.0368,0.0,0.0,0.0,0.0,4.0367999999999995,2.1521,6.188899999999999,6.1929
2213,0.0742,0.0,0.0742,0.0134,1.0,0.0,3.8181,0.0054,3.8181,0.0,0.0,0.0,0.0,3.8181,0.0054,3.8234999999999997,3.8227
2214,0.0543,0.0,0.0543,0.0098,1.0,0.0,2.9331,0.0051,2.9332,0.0001,0.0,0.0,0.0,2.9332000000000003,0.0051,2.9383000000000004,2.9375
2215,0.0589,0.0,0.0589,0.0106,1.0,0.0,3.5361,0.0045,3.5362,0.0001,0.0,0.0,0.0,3.5362,0.0045,3.5407,3.544
2216,0.0374,0.0007,0.038,0.0068,0.9842105263157895,0.01842105263157895,2.0184,0.4747,2.0184,0.0,0.0,0.0,0.0,2.0183999999999997,0.4747,2.4930999999999996,2.4962
2217,0.0183,0.0005,0.0188,0.0034,0.9734042553191489,0.026595744680851064,1.0383,0.383,1.0383,0.0,0.0,0.0,0.0,1.0383,0.383,1.4213,1.4181
2218,0.0679,0.0005,0.0685,0.0123,0.9912408759124087,0.0072992700729927005,4.077,0.3385,4.077,0.0,0.0,0.0,0.0,4.077,0.3385,4.4155,4.4163
2219,0.0285,0.0002,0.0287,0.0052,0.9930313588850175,0.006968641114982578,1.4667,0.1105,1.4667,0.0,0.0,0.0,0.0,1.4667,0.11049999999999999,1.5772,1.5769
2220,0.053,0.0,0.0531,0.0096,0.9981167608286252,0.0,2.7273,0.0192,2.7273,0.0,0.0,0.0,0.0,2.7273,0.019200000000000002,2.7465,2.7495
2221,0.0836,0.0,0.0836,0.015,1.0,0.0,5.0163,0.0024,5.0165,0.0002,0.0,0.0,0.0,5.0165,0.0024000000000000002,5.0188999999999995,5.0229
2222,0.044,0.0007,0.0448,0.0081,0.9821428571428571,0.015625,2.265,0.5284,2.265,0.0,0.0,0.0,0.0,2.265,0.5284,2.7934,2.7978
2223,0.0518,0.0,0.0519,0.0093,0.9980732177263969,0.0,2.9469,0.0064,2.9468,0.0,0.0,0.0,0.0,2.9467999999999996,0.0063999999999999994,2.9532,2.95
2224,0.0691,0.0,0.0691,0.0124,1.0,0.0,3.7293,0.0077,3.7293,0.0,0.0,0.0,0.0,3.7293000000000003,0.0077,3.737,3.7413
2225,0.0844,0.0002,0.0846,0.0152,0.9976359338061467,0.0023640661938534283,4.7949,0.1746,4.7949,0.0,0.0,0.0,0.0,4.7949,0.1746,4.9695,4.9683
2226,0.0196,0.0001,0.0197,0.0035,0.9949238578680203,0.005076142131979696,1.0092,0.0476,1.0092,0.0,0.0,0.0,0.0,1.0091999999999999,0.0476,1.0568,1.0556
2227,0.0302,0.0004,0.0306,0.0055,0.9869281045751634,0.013071895424836602,1.812,0.2838,1.812,0.0,0.0,0.0,0.0,1.8119999999999998,0.2838,2.0957999999999997,2.0965
2228,0.0192,0.0001,0.0193,0.0035,0.9948186528497408,0.0051813471502590676,1.0383,0.0444,1.0385,0.0002,0.0,0.0,0.0,1.0385,0.0444,1.0829,1.084
2229,0.0965,0.0005,0.097,0.0175,0.9948453608247423,0.005154639175257732,5.2134,0.3415,5.2134,0.0,0.0,0.0,0.0,5.2134,0.3415,5.5549,5.558
2230,0.0602,0.0002,0.0604,0.0109,0.9966887417218542,0.0033112582781456954,3.4221,0.1239,3.4221,0.0,0.0,0.0,0.0,3.4221000000000004,0.1239,3.5460000000000003,3.5466
2231,0.0679,0.0001,0.068,0.0122,0.9985294117647059,0.0014705882352941176,4.077,0.0705,4.0769,0.0,0.0,0.0,0.0,4.0769,0.07050000000000001,4.1474,4.1435
2232,0.0883,0.0003,0.0886,0.0159,0.9966139954853274,0.003386004514672686,4.5414,0.189,4.5414,0.0,0.0,0.0,0.0,4.5414,0.189,4.7304,4.7263
2233,0.0206,0.0002,0.0209,0.0038,0.9856459330143541,0.009569377990430623,1.1148,0.1577,1.1148,0.0,0.0,0.0,0.0,1.1148,0.1577,1.2725,1.2706
2234,0.055,0.0002,0.0552,0.0099,0.9963768115942029,0.0036231884057971015,2.8305,0.1184,2.8305,0.0,0.0,0.0,0.0,2.8305,0.1184,2.9488999999999996,2.9497
2235,0.0673,0.0,0.0673,0.0121,1.0,0.0,3.6342,0.011,3.6342,0.0,0.0,0.0,0.0,3.6342,0.011,3.6452,3.6419
2236,0.0519,0.0001,0.0521,0.0094,0.9961612284069098,0.0019193857965451057,3.1152,0.09,3.1151,0.0,0.0,0.0,0.0,3.1151,0.09,3.2051,3.2082
2237,0.071,0.0025,0.0736,0.0132,0.9646739130434782,0.033967391304347824,4.0368,1.8276,4.0368,0.0,0.0,0.0,0.0,4.0367999999999995,1.8276000000000001,5.8644,5.8595
2238,0.0995,0.001,0.1005,0.0181,0.9900497512437811,0.009950248756218905,5.1177,0.7024,5.1176,0.0,0.0,0.0,0.0,5.1175999999999995,0.7024000000000001,5.819999999999999,5.8211
2239,0.0733,0.0001,0.0735,0.0132,0.997278911564626,0.001360544217687075,4.3998,0.0759,4.3997,0.0,0.0,0.0,0.0,4.399699999999999,0.0759,4.475599999999999,4.4757
2240,0.0639,0.0,0.064,0.0115,0.9984375,0.0,3.6342,0.0128,3.6342,0.0,0.0,0.0,0.0,3.6342,0.012799999999999999,3.647,3.6456
2241,0.0731,0.0002,0.0732,0.0132,0.9986338797814207,0.00273224043715847,4.1535,0.1172,4.1535,0.0,0.0,0.0,0.0,4.1535,0.1172,4.270700000000001,4.2672
2242,0.0182,0.0,0.0182,0.0033,1.0,0.0,1.0908,0.0037,1.0909,0.0001,0.0,0.0,0.0,1.0909,0.0037,1.0946,1.0975
2243,0.0344,0.0002,0.0346,0.0062,0.9942196531791908,0.005780346820809249,1.7682,0.1558,1.7682,0.0,0.0,0.0,0.0,1.7682000000000002,0.1558,1.9240000000000002,1.9288
2244,0.0429,0.0011,0.044,0.0079,0.9750000000000001,0.025,2.3172,0.6765,2.3171,0.0,0.0,0.0,0.0,2.3171,0.6765,2.9936,2.9982
2245,0.0187,0.0036,0.0223,0.004,0.8385650224215248,0.16143497757847533,1.0656,2.3739,1.0656,0.0,0.0,0.0,0.0,1.0656,2.3739,3.4395,3.4385
2246,0.0546,0.0012,0.0557,0.01,0.9802513464991024,0.021543985637342906,2.9469,0.724,2.9467,0.0,0.0,0.0,0.0,2.9467,0.7240000000000001,3.6707,3.669
2247,0.0437,0.0028,0.0464,0.0084,0.9418103448275863,0.0603448275862069,2.3586,1.9863,2.3586,0.0,0.0,0.0,0.0,2.3586,1.9863,4.3449,4.3434
2248,0.0385,0.0003,0.0387,0.007,0.9948320413436693,0.007751937984496124,2.0766,0.184,2.0767,0.0001,0.0,0.0,0.0,2.0767,0.184,2.2607000000000004,2.2596
2249,0.07,0.0001,0.0701,0.0126,0.9985734664764624,0.0014265335235378034,3.9804,0.046,3.9804,0.0,0.0,0.0,0.0,3.9804,0.046,4.0264,4.0214
2250,0.0349,0.0011,0.0361,0.0065,0.9667590027700831,0.030470914127423823,1.887,0.7376,1.887,0.0,0.0,0.0,0.0,1.887,0.7376,2.6246,2.6227
2251,0.0244,0.0004,0.0248,0.0045,0.9838709677419356,0.01612903225806452,1.4667,0.2664,1.4665,0.0,0.0,0.0,0.0,1.4665,0.26639999999999997,1.7328999999999999,1.7333
2252,0.0414,0.0006,0.042,0.0076,0.9857142857142857,0.014285714285714284,2.1309,0.4217,2.1309,0.0,0.0,0.0,0.0,2.1309,0.4217,2.5526,2.5574
2253,0.0747,0.0,0.0747,0.0134,1.0,0.0,4.2456,0.0063,4.2456,0.0,0.0,0.0,0.0,4.2456,0.0063,4.2519,4.25
2254,0.0808,0.0,0.0808,0.0145,1.0,0.0,4.1535,0.0281,4.1535,0.0,0.0,0.0,0.0,4.1535,0.0281,4.1816,4.1866
2255,0.0474,0.0,0.0474,0.0085,1.0,0.0,2.8431,0.0282,2.8431,0.0,0.0,0.0,0.0,2.8430999999999997,0.0282,2.8712999999999997,2.8759
2256,0.0384,0.0007,0.039,0.007,0.9846153846153846,0.017948717948717947,2.1819,0.4708,2.1819,0.0,0.0,0.0,0.0,2.1818999999999997,0.4708,2.6527,2.655
2257,0.0699,0.0026,0.0725,0.0131,0.9641379310344829,0.03586206896551724,3.774,1.7551,3.774,0.0,0.0,0.0,0.0,3.774,1.7551,5.5291,5.5248
2258,0.0713,0.0001,0.0714,0.0129,0.9985994397759104,0.0014005602240896359,4.0548,0.0716,4.0549,0.0001,0.0,0.0,0.0,4.0549,0.0716,4.1265,4.1274
2259,0.0215,0.0,0.0215,0.0039,1.0,0.0,1.1586,0.0042,1.1585,0.0,0.0,0.0,0.0,1.1585,0.004200000000000001,1.1627,1.158
2260,0.0429,0.0001,0.043,0.0077,0.9976744186046512,0.0023255813953488376,2.3172,0.0364,2.3171,0.0,0.0,0.0,0.0,2.3171,0.0364,2.3535,2.3567
2261,0.0533,0.0007,0.054,0.0097,0.987037037037037,0.012962962962962963,3.0276,0.4709,3.0276,0.0,0.0,0.0,0.0,3.0276000000000005,0.47090000000000004,3.4985000000000004,3.4982
2262,0.0545,0.0,0.0546,0.0098,0.9981684981684981,0.0,3.2727,0.0098,3.2727,0.0,0.0,0.0,0.0,3.2727,0.0098,3.2824999999999998,3.2777
2263,0.0932,0.0001,0.0933,0.0168,0.9989281886387997,0.001071811361200429,4.7949,0.0665,4.7949,0.0,0.0,0.0,0.0,4.7949,0.0665,4.8614,4.8588
2264,0.1031,0.0001,0.1032,0.0186,0.999031007751938,0.0009689922480620156,5.3043,0.0775,5.3042,0.0,0.0,0.0,0.0,5.3042,0.0775,5.3816999999999995,5.3778
2265,0.0483,0.0015,0.0498,0.009,0.9698795180722892,0.030120481927710847,2.8962,0.975,2.8962,0.0,0.0,0.0,0.0,2.8962000000000003,0.9749999999999999,3.8712,3.8733
2266,0.0545,0.0005,0.055,0.0099,0.9909090909090909,0.00909090909090909,3.2727,0.3093,3.2728,0.0001,0.0,0.0,0.0,3.2728,0.3093,3.5821,3.5841
2267,0.0634,0.0,0.0634,0.0114,1.0,0.0,3.4221,0.0043,3.422,0.0,0.0,0.0,0.0,3.4219999999999997,0.0043,3.4263,3.4298
2268,0.0325,0.0001,0.0326,0.0059,0.9969325153374234,0.0030674846625766876,1.6722,0.0577,1.6722,0.0,0.0,0.0,0.0,1.6722000000000001,0.0577,1.7299000000000002,1.7275
2269,0.0909,0.001,0.0919,0.0165,0.9891186071817193,0.01088139281828074,4.9092,0.6622,4.9091,0.0,0.0,0.0,0.0,4.9091000000000005,0.6622,5.571300000000001,5.5726
2270,0.0491,0.0,0.0492,0.0088,0.9979674796747967,0.0,2.9469,0.0306,2.9467,0.0,0.0,0.0,0.0,2.9467,0.0306,2.9773,2.9806
2271,0.0528,0.0,0.0529,0.0095,0.998109640831758,0.0,3.171,0.0213,3.171,0.0,0.0,0.0,0.0,3.171,0.021300000000000003,3.1923,3.1964
2272,0.0364,0.0016,0.0379,0.0068,0.9604221635883905,0.04221635883905013,2.1819,1.0512,2.1819,0.0,0.0,0.0,0.0,2.1818999999999997,1.0512000000000001,3.2331,3.2327
2273,0.0563,0.0001,0.0564,0.0102,0.99822695035461,0.001773049645390071,2.8962,0.0892,2.8963,0.0001,0.0,0.0,0.0,2.8963,0.0892,2.9855,2.9861
2274,0.0848,0.0,0.0849,0.0153,0.9988221436984688,0.0,4.3635,0.0109,4.3636,0.0001,0.0,0.0,0.0,4.3636,0.0109,4.3745,4.3791
2275,0.0528,0.0,0.0529,0.0095,0.998109640831758,0.0,3.171,0.0062,3.171,0.0,0.0,0.0,0.0,3.171,0.0062,3.1772,3.1753
2276,0.0676,0.0012,0.0688,0.0124,0.9825581395348836,0.01744186046511628,3.4755,0.8759,3.4755,0.0,0.0,0.0,0.0,3.4755000000000003,0.8759,4.3514,4.3543
2277,0.048,0.0056,0.0536,0.0097,0.8955223880597015,0.1044776119402985,2.7273,3.6586,2.7273,0.0,0.0,0.0,0.0,2.7273,3.6586,6.3858999999999995,6.3845
2278,0.0644,0.0008,0.0651,0.0117,0.9892473118279569,0.01228878648233487,3.4755,0.5346,3.4756,0.0001,0.0,0.0,0.0,3.4756,0.5346,4.0102,4.012
2279,0.0679,0.0,0.068,0.0122,0.9985294117647059,0.0,4.077,0.0023,4.077,0.0,0.0,0.0,0.0,4.077,0.0023,4.0793,4.0749
2280,0.0579,0.0,0.0579,0.0104,1.0,0.0,3.4755,0.015,3.4757,0.0002,0.0,0.0,0.0,3.4757,0.015000000000000001,3.4907,3.4863
2281,0.0491,0.0003,0.0493,0.0089,0.9959432048681541,0.006085192697768763,2.523,0.1753,2.5231,0.0001,0.0,0.0,0.0,2.5231,0.1753,2.6984,2.7006
2282,0.0421,0.0,0.0421,0.0076,1.0,0.0,2.523,0.013,2.523,0.0,0.0,0.0,0.0,2.5229999999999997,0.013000000000000001,2.5359999999999996,2.5328
2283,0.0212,0.0,0.0212,0.0038,1.0,0.0,1.0908,0.0023,1.091,0.0002,0.0,0.0,0.0,1.0910000000000002,0.0023,1.0933000000000002,1.0911
2284,0.0602,0.0004,0.0606,0.0109,0.9933993399339933,0.006600660066006601,3.4221,0.2815,3.422,0.0,0.0,0.0,0.0,3.4219999999999997,0.28150000000000003,3.7034999999999996,3.7029
2285,0.0705,0.0002,0.0707,0.0127,0.9971711456859971,0.002828854314002829,3.624,0.1299,3.6239,0.0,0.0,0.0,0.0,3.6239,0.12990000000000002,3.7538,3.7529
2286,0.0275,0.0001,0.0276,0.005,0.9963768115942029,0.0036231884057971015,1.4151,0.0431,1.4153,0.0002,0.0,0.0,0.0,1.4153,0.0431,1.4584,1.454
2287,0.0217,0.0,0.0217,0.0039,1.0,0.0,1.1148,0.0045,1.1146,0.0,0.0,0.0,0.0,1.1146,0.0045,1.1191,1.1167
2288,0.0204,0.0001,0.0205,0.0037,0.9951219512195122,0.004878048780487805,1.1586,0.0711,1.1585,0.0,0.0,0.0,0.0,1.1585,0.0711,1.2296,1.2333
2289,0.0352,0.0018,0.037,0.0067,0.9513513513513514,0.04864864864864865,1.812,1.1613,1.812,0.0,0.0,0.0,0.0,1.8119999999999998,1.1613,2.9733,2.9732
2290,0.0444,0.0009,0.0453,0.0082,0.9801324503311258,0.019867549668874173,2.6637,0.6128,2.6637,0.0,0.0,0.0,0.0,2.6637,0.6128,3.2765,3.2734
2291,0.0725,0.0,0.0725,0.0131,1.0,0.0,3.7293,0.0029,3.7293,0.0,0.0,0.0,0.0,3.7293000000000003,0.0029,3.7322,3.7345
2292,0.0303,0.0002,0.0306,0.0055,0.9901960784313726,0.006535947712418301,1.6365,0.1545,1.6364,0.0,0.0,0.0,0.0,1.6364,0.1545,1.7909000000000002,1.7926
2293,0.0415,0.0,0.0415,0.0075,1.0,0.0,2.3586,0.0084,2.3587,0.0001,0.0,0.0,0.0,2.3587,0.008400000000000001,2.3670999999999998,2.3649
2294,0.0557,0.0001,0.0558,0.0101,0.9982078853046594,0.0017921146953405018,3.3444,0.0646,3.3442,0.0,0.0,0.0,0.0,3.3442,0.0646,3.4088,3.407
2295,0.0909,0.0018,0.0926,0.0167,0.9816414686825053,0.019438444924406047,4.6728,1.2057,4.6728,0.0,0.0,0.0,0.0,4.6728000000000005,1.2056999999999998,5.878500000000001,5.8811
2296,0.0676,0.004,0.0716,0.0129,0.9441340782122905,0.0558659217877095,4.0548,2.706,4.0549,0.0001,0.0,0.0,0.0,4.0549,2.706,6.7608999999999995,6.7575
2297,0.0611,0.0026,0.0637,0.0115,0.9591836734693877,0.04081632653061224,3.3021,1.8554,3.3023,0.0002,0.0,0.0,0.0,3.3023000000000002,1.8554000000000002,5.1577,5.1549
2298,0.0808,0.0,0.0808,0.0145,1.0,0.0,4.3635,0.0026,4.3637,0.0002,0.0,0.0,0.0,4.3637,0.0026,4.3663,4.3708
2299,0.0841,0.0,0.0841,0.0151,1.0,0.0,4.5414,0.0038,4.5414,0.0,0.0,0.0,0.0,4.5414,0.0038000000000000004,4.5452,4.5462
2300,0.038,0.0,0.0381,0.0069,0.9973753280839894,0.0,1.9554,0.0289,1.9554,0.0,0.0,0.0,0.0,1.9554,0.0289,1.9843,1.9852
2301,0.0316,0.0,0.0316,0.0057,1.0,0.0,1.7058,0.0021,1.7058,0.0,0.0,0.0,0.0,1.7058,0.0021,1.7079,1.7068
2302,0.0325,0.0001,0.0327,0.0059,0.9938837920489297,0.0030581039755351682,1.6722,0.0868,1.6721,0.0,0.0,0.0,0.0,1.6721,0.0868,1.7589,1.7589
2303,0.0187,0.0,0.0187,0.0034,1.0,0.0,1.0092,0.0044,1.0092,0.0,0.0,0.0,0.0,1.0091999999999999,0.004399999999999999,1.0135999999999998,1.0104
2304,0.06,0.0005,0.0605,0.0109,0.9917355371900827,0.008264462809917356,3.4119,0.3464,3.4118,0.0,0.0,0.0,0.0,3.4117999999999995,0.34640000000000004,3.7581999999999995,3.761
2305,0.0606,0.0,0.0606,0.0109,1.0,0.0,3.6342,0.0071,3.6343,0.0001,0.0,0.0,0.0,3.6343000000000005,0.0071,3.6414000000000004,3.6456
2306,0.0774,0.0,0.0774,0.0139,1.0,0.0,3.9804,0.0186,3.9804,0.0,0.0,0.0,0.0,3.9804,0.018600000000000002,3.999,4.0008
2307,0.0573,0.0021,0.0594,0.0107,0.9646464646464645,0.03535353535353535,2.9469,1.427,2.9467,0.0,0.0,0.0,0.0,2.9467,1.427,4.3736999999999995,4.3773
2308,0.029,0.0006,0.0296,0.0053,0.9797297297297297,0.020270270270270268,1.7379,0.4043,1.7378,0.0,0.0,0.0,0.0,1.7378,0.4043,2.1421,2.1373
2309,0.0542,0.0005,0.0547,0.0098,0.9908592321755028,0.009140767824497258,2.787,0.3666,2.7869,0.0,0.0,0.0,0.0,2.7869,0.36660000000000004,3.1535,3.1521
2310,0.0273,0.001,0.0282,0.0051,0.9680851063829788,0.03546099290780142,1.6365,0.6994,1.6365,0.0,0.0,0.0,0.0,1.6364999999999998,0.6994,2.3358999999999996,2.3386
2311,0.0258,0.0002,0.026,0.0047,0.9923076923076923,0.007692307692307693,1.4667,0.1134,1.4666,0.0,0.0,0.0,0.0,1.4666000000000001,0.1134,1.58,1.579
2312,0.0453,0.0022,0.0475,0.0086,0.9536842105263158,0.04631578947368421,2.718,1.3184,2.718,0.0,0.0,0.0,0.0,2.718,1.3184,4.0364,4.0321
2313,0.04,0.0027,0.0427,0.0077,0.9367681498829039,0.06323185011709602,2.2746,1.9541,2.2745,0.0,0.0,0.0,0.0,2.2744999999999997,1.9541000000000002,4.2286,4.2272
2314,0.0901,0.0,0.0901,0.0162,1.0,0.0,4.6341,0.0036,4.6341,0.0,0.0,0.0,0.0,4.6341,0.0036,4.6377,4.6352
2315,0.0691,0.0,0.0691,0.0124,1.0,0.0,3.7293,0.0284,3.7293,0.0,0.0,0.0,0.0,3.7293000000000003,0.0284,3.7577000000000003,3.7616
2316,0.0182,0.0,0.0182,0.0033,1.0,0.0,1.0908,0.008,1.0908,0.0,0.0,0.0,0.0,1.0908,0.008,1.0988,1.0976
2317,0.0742,0.0003,0.0745,0.0134,0.9959731543624162,0.004026845637583892,3.8181,0.1908,3.8182,0.0001,0.0,0.0,0.0,3.8181999999999996,0.19080000000000003,4.0089999999999995,4.0137
2318,0.0393,0.0003,0.0396,0.0071,0.9924242424242424,0.007575757575757574,2.3586,0.2004,2.3587,0.0001,0.0,0.0,0.0,2.3587,0.2004,2.5591,2.5633
2319,0.0392,0.0001,0.0393,0.0071,0.9974554707379134,0.002544529262086514,2.2296,0.0581,2.2295,0.0,0.0,0.0,0.0,2.2295,0.0581,2.2876,2.283
2320,0.06,0.0039,0.0639,0.0115,0.9389671361502347,0.06103286384976526,3.4119,2.806,3.4119,0.0,0.0,0.0,0.0,3.4119,2.806,6.2179,6.215
2321,0.0841,0.0034,0.0875,0.0157,0.9611428571428572,0.038857142857142854,4.5414,2.0575,4.5414,0.0,0.0,0.0,0.0,4.5414,2.0575,6.5989,6.5946
2322,0.0553,0.0003,0.0556,0.01,0.9946043165467627,0.00539568345323741,2.8431,0.1938,2.8431,0.0,0.0,0.0,0.0,2.8430999999999997,0.19380000000000003,3.0368999999999997,3.0354
2323,0.0202,0.0001,0.0203,0.0037,0.9950738916256158,0.004926108374384237,1.0908,0.0851,1.0909,0.0001,0.0,0.0,0.0,1.0909,0.08510000000000001,1.176,1.1773
2324,0.0372,0.0004,0.0376,0.0068,0.9893617021276595,0.010638297872340425,2.2296,0.3027,2.2295,0.0,0.0,0.0,0.0,2.2295,0.3027,2.5322,2.5314
2325,0.0822,0.0,0.0822,0.0148,1.0,0.0,4.6728,0.011,4.6728,0.0,0.0,0.0,0.0,4.6728000000000005,0.011,4.683800000000001,4.6867
2326,0.0288,0.0002,0.029,0.0052,0.9931034482758619,0.006896551724137931,1.5576,0.0924,1.5576,0.0,0.0,0.0,0.0,1.5575999999999999,0.0924,1.65,1.6468
2327,0.0772,0.0008,0.078,0.014,0.9897435897435898,0.010256410256410256,4.6341,0.5516,4.6341,0.0,0.0,0.0,0.0,4.6341,0.5516000000000001,5.185700000000001,5.1828
2328,0.0444,0.0,0.0444,0.008,1.0,0.0,2.523,0.009,2.523,0.0,0.0,0.0,0.0,2.5229999999999997,0.009,2.5319999999999996,2.5331
2329,0.0932,0.0,0.0932,0.0168,1.0,0.0,4.7949,0.0018,4.7948,0.0,0.0,0.0,0.0,4.7948,0.0018,4.796600000000001,4.7943
2330,0.0865,0.0002,0.0867,0.0156,0.9976931949250287,0.002306805074971165,4.6728,0.131,4.6727,0.0,0.0,0.0,0.0,4.672700000000001,0.131,4.803700000000001,4.8028
2331,0.019,0.0001,0.0191,0.0034,0.9947643979057592,0.005235602094240838,1.1373,0.0702,1.1373,0.0,0.0,0.0,0.0,1.1373,0.07020000000000001,1.2075,1.2036
2332,0.0437,0.004,0.0477,0.0086,0.9161425576519917,0.08385744234800839,2.3574,2.4892,2.3574,0.0,0.0,0.0,0.0,2.3574,2.4892,4.8466000000000005,4.8418
2333,0.0713,0.0002,0.0716,0.0129,0.9958100558659219,0.002793296089385475,4.0548,0.1644,4.0548,0.0,0.0,0.0,0.0,4.0548,0.1644,4.2192,4.2194
2334,0.0327,0.0024,0.0352,0.0063,0.9289772727272727,0.06818181818181818,1.7682,1.6339,1.7681,0.0,0.0,0.0,0.0,1.7681,1.6339,3.402,3.3995
2335,0.0774,0.0,0.0774,0.0139,1.0,0.0,4.3998,0.0072,4.3997,0.0,0.0,0.0,0.0,4.399699999999999,0.0072,4.406899999999999,4.4114
2336,0.1031,0.0002,0.1034,0.0186,0.9970986460348161,0.0019342359767891683,5.3043,0.1776,5.3042,0.0,0.0,0.0,0.0,5.3042,0.1776,5.4818,5.478
2337,0.0182,0.0,0.0182,0.0033,1.0,0.0,1.0908,0.0034,1.0909,0.0001,0.0,0.0,0.0,1.0909,0.0034,1.0943,1.0907
2338,0.0536,0.0,0.0536,0.0097,1.0,0.0,2.8962,0.0025,2.8963,0.0001,0.0,0.0,0.0,2.8963,0.0025,2.8988,2.9025
2339,0.0408,0.0037,0.0445,0.008,0.9168539325842697,0.08314606741573034,2.3172,2.6735,2.317,0.0,0.0,0.0,0.0,2.317,2.6734999999999998,4.9905,4.9932
2340,0.0636,0.0,0.0636,0.0115,1.0,0.0,3.8181,0.0046,3.8181,0.0,0.0,0.0,0.0,3.8181,0.0046,3.8226999999999998,3.821
2341,0.0707,0.0,0.0707,0.0127,1.0,0.0,3.8181,0.0036,3.8182,0.0001,0.0,0.0,0.0,3.8182,0.0036,3.8218,3.8169
2342,0.0414,0.0001,0.0415,0.0075,0.9975903614457831,0.0024096385542168672,2.1309,0.0542,2.131,0.0001,0.0,0.0,0.0,2.1310000000000002,0.0542,2.1852,2.1841
2343,0.0789,0.0026,0.0816,0.0147,0.9669117647058822,0.031862745098039214,4.2621,1.6107,4.262,0.0,0.0,0.0,0.0,4.2620000000000005,1.6107,5.8727,5.8749
2344,0.07,0.0052,0.0752,0.0135,0.9308510638297873,0.06914893617021275,3.9804,3.0152,3.9803,0.0,0.0,0.0,0.0,3.9802999999999997,3.0152,6.9955,6.9959
2345,0.0367,0.0002,0.0369,0.0066,0.9945799457994581,0.005420054200542005,1.887,0.1491,1.8869,0.0,0.0,0.0,0.0,1.8869,0.1491,2.036,2.0372
2346,0.0673,0.0017,0.069,0.0124,0.9753623188405796,0.024637681159420288,3.6342,1.2197,3.6343,0.0001,0.0,0.0,0.0,3.6343,1.2197,4.854,4.8549
2347,0.0295,0.0,0.0295,0.0053,1.0,0.0,1.7682,0.0029,1.7681,0.0,0.0,0.0,0.0,1.7681,0.0029,1.771,1.7696
2348,0.0929,0.0001,0.093,0.0167,0.9989247311827957,0.001075268817204301,5.0163,0.0413,5.0165,0.0002,0.0,0.0,0.0,5.0165,0.0413,5.057799999999999,5.0618
2349,0.0527,0.0007,0.0534,0.0096,0.9868913857677901,0.013108614232209737,2.8431,0.5145,2.8431,0.0,0.0,0.0,0.0,2.8430999999999997,0.5145,3.3575999999999997,3.3554
2350,0.0186,0.0007,0.0193,0.0035,0.9637305699481864,0.03626943005181347,1.1148,0.4352,1.1148,0.0,0.0,0.0,0.0,1.1148,0.43520000000000003,1.55,1.546
2351,0.0288,0.0,0.0288,0.0052,1.0,0.0,1.6365,0.0029,1.6364,0.0,0.0,0.0,0.0,1.6364,0.0029000000000000002,1.6393,1.6387
2352,0.0671,0.0016,0.0688,0.0124,0.9752906976744187,0.023255813953488372,3.624,1.1879,3.624,0.0,0.0,0.0,0.0,3.6239999999999997,1.1879,4.8119,4.8154
2353,0.0673,0.0042,0.0715,0.0129,0.9412587412587413,0.05874125874125874,3.6342,2.7316,3.6342,0.0,0.0,0.0,0.0,3.6342,2.7316000000000003,6.3658,6.37
2354,0.0882,0.0052,0.0935,0.0168,0.9433155080213904,0.05561497326203208,5.0163,3.3309,5.0164,0.0001,0.0,0.0,0.0,5.016399999999999,3.3308999999999997,8.347299999999999,8.3474
2355,0.0587,0.0,0.0587,0.0106,1.0,0.0,3.171,0.0017,3.171,0.0,0.0,0.0,0.0,3.171,0.0017,3.1727,3.1704
2356,0.0386,0.0053,0.044,0.0079,0.8772727272727274,0.12045454545454547,2.3172,3.2253,2.317,0.0,0.0,0.0,0.0,2.317,3.2253,5.5423,5.5379
2357,0.0166,0.0006,0.0172,0.0031,0.9651162790697675,0.03488372093023256,0.9435,0.4159,0.9435,0.0,0.0,0.0,0.0,0.9435,0.41589999999999994,1.3594,1.3562
2358,0.0451,0.0,0.0451,0.0081,1.0,0.0,2.3172,0.0084,2.3171,0.0,0.0,0.0,0.0,2.3171,0.0084,2.3255,2.3211
2359,0.0273,0.0004,0.0276,0.005,0.9891304347826088,0.014492753623188406,1.6365,0.2164,1.6365,0.0,0.0,0.0,0.0,1.6364999999999998,0.21640000000000004,1.8529,1.8526
2360,0.0829,0.0009,0.0838,0.0151,0.9892601431980907,0.010739856801909307,4.2621,0.6812,4.2621,0.0,0.0,0.0,0.0,4.2621,0.6812,4.943300000000001,4.9399
2361,0.0478,0.0,0.0478,0.0086,1.0,0.0,2.718,0.0014,2.718,0.0,0.0,0.0,0.0,2.718,0.0013999999999999998,2.7194,2.7185
2362,0.0769,0.0002,0.0771,0.0139,0.9974059662775615,0.0025940337224383916,4.1535,0.1223,4.1535,0.0,0.0,0.0,0.0,4.1535,0.1223,4.2758,4.2762
2363,0.0294,0.0001,0.0295,0.0053,0.9966101694915255,0.0033898305084745766,1.5138,0.0453,1.5138,0.0,0.0,0.0,0.0,1.5138000000000003,0.0453,1.5591000000000002,1.5641
2364,0.051,0.0002,0.0511,0.0092,0.9980430528375733,0.00391389432485323,2.8962,0.1398,2.8963,0.0001,0.0,0.0,0.0,2.8963,0.1398,3.0361000000000002,3.0332
2365,0.0545,0.0002,0.0547,0.0098,0.9963436928702011,0.0036563071297989035,3.2727,0.1128,3.2727,0.0,0.0,0.0,0.0,3.2727,0.11280000000000001,3.3855,3.3825
2366,0.0221,0.0001,0.0222,0.004,0.9954954954954955,0.0045045045045045045,1.1373,0.083,1.1373,0.0,0.0,0.0,0.0,1.1373,0.083,1.2203,1.2193
2367,0.0995,0.0011,0.1006,0.0181,0.9890656063618292,0.010934393638170975,5.1177,0.7071,5.1177,0.0,0.0,0.0,0.0,5.1177,0.7071000000000001,5.8248,5.8226
2368,0.0663,0.0001,0.0664,0.012,0.9984939759036144,0.0015060240963855422,3.9804,0.0435,3.9804,0.0,0.0,0.0,0.0,3.9804,0.043500000000000004,4.0239,4.0264
2369,0.0157,0.0001,0.0158,0.0029,0.9936708860759492,0.006329113924050633,0.9435,0.0852,0.9435,0.0,0.0,0.0,0.0,0.9435,0.0852,1.0287,1.0313
2370,0.0407,0.0,0.0408,0.0073,0.997549019607843,0.0,2.4444,0.0166,2.4443,0.0,0.0,0.0,0.0,2.4443,0.0166,2.4609,2.4567
2371,0.0909,0.0001,0.091,0.0164,0.9989010989010989,0.001098901098901099,4.6728,0.0843,4.6726,0.0,0.0,0.0,0.0,4.6726,0.08429999999999999,4.7569,4.7616
2372,0.0604,0.0001,0.0605,0.0109,0.9983471074380166,0.0016528925619834713,3.624,0.0419,3.6239,0.0,0.0,0.0,0.0,3.6239,0.0419,3.6658,3.6621
2373,0.0166,0.0004,0.017,0.0031,0.9764705882352941,0.023529411764705882,0.9435,0.2769,0.9435,0.0,0.0,0.0,0.0,0.9435,0.27690000000000003,1.2204000000000002,1.2188
2374,0.0759,0.0,0.0759,0.0137,1.0,0.0,3.9018,0.0169,3.9018,0.0,0.0,0.0,0.0,3.9017999999999997,0.016900000000000002,3.9187,3.9208
2375,0.071,0.0001,0.0711,0.0128,0.9985935302390998,0.0014064697609001409,4.2621,0.0664,4.2621,0.0,0.0,0.0,0.0,4.2621,0.0664,4.3285,4.3319
2376,0.0563,0.0,0.0563,0.0101,1.0,0.0,2.8962,0.0028,2.8962,0.0,0.0,0.0,0.0,2.8962000000000003,0.0028,2.8990000000000005,2.903
2377,0.0733,0.0004,0.0737,0.0133,0.994572591587517,0.00542740841248304,4.3998,0.2651,4.3997,0.0,0.0,0.0,0.0,4.399699999999999,0.2651,4.6648,4.6664
2378,0.0176,0.0,0.0176,0.0032,1.0,0.0,0.906,0.0165,0.906,0.0,0.0,0.0,0.0,0.9059999999999999,0.0165,0.9224999999999999,0.9231
2379,0.0632,0.0018,0.0649,0.0117,0.9738058551617874,0.02773497688751926,3.4119,1.1799,3.4118,0.0,0.0,0.0,0.0,3.4117999999999995,1.1799,4.5916999999999994,4.5884
2380,0.0398,0.0022,0.042,0.0076,0.9476190476190476,0.05238095238095238,2.265,1.3112,2.265,0.0,0.0,0.0,0.0,2.265,1.3112000000000001,3.5762,3.5747
2381,0.0385,0.0,0.0385,0.0069,1.0,0.0,2.0766,0.0187,2.0767,0.0001,0.0,0.0,0.0,2.0767,0.0187,2.0954,2.0933
2382,0.0264,0.0004,0.0269,0.0048,0.9814126394052044,0.014869888475836432,1.359,0.3156,1.359,0.0,0.0,0.0,0.0,1.359,0.3156,1.6745999999999999,1.6787
2383,0.0882,0.0,0.0883,0.0159,0.9988674971687429,0.0,5.0163,0.0105,5.0163,0.0,0.0,0.0,0.0,5.016299999999999,0.010499999999999999,5.0268,5.0269
2384,0.0215,0.002,0.0235,0.0042,0.9148936170212765,0.0851063829787234,1.1586,1.437,1.1584,0.0,0.0,0.0,0.0,1.1583999999999999,1.437,2.5953999999999997,2.5917
2385,0.065,0.0001,0.0651,0.0117,0.9984639016897081,0.0015360983102918587,3.3444,0.0711,3.3443,0.0,0.0,0.0,0.0,3.3443,0.0711,3.4154,3.4184
2386,0.0604,0.0,0.0604,0.0109,1.0,0.0,3.624,0.0248,3.624,0.0,0.0,0.0,0.0,3.6239999999999997,0.0248,3.6487999999999996,3.6491
2387,0.0785,0.0,0.0785,0.0141,1.0,0.0,4.0368,0.0027,4.0369,0.0001,0.0,0.0,0.0,4.036899999999999,0.0027,4.039599999999999,4.0349
2388,0.049,0.0037,0.0527,0.0095,0.9297912713472487,0.07020872865275143,2.787,2.5161,2.787,0.0,0.0,0.0,0.0,2.787,2.5161000000000002,5.303100000000001,5.2983
2389,0.0302,0.002,0.0322,0.0058,0.9378881987577641,0.062111801242236024,1.812,1.256,1.8119,0.0,0.0,0.0,0.0,1.8119,1.2560000000000002,3.0679000000000003,3.0673
2390,0.0885,0.0001,0.0886,0.0159,0.9988713318284425,0.0011286681715575622,4.5489,0.0713,4.549,0.0001,0.0,0.0,0.0,4.549,0.0713,4.6203,4.6204
2391,0.0258,0.0,0.0258,0.0047,1.0,0.0,1.4667,0.0223,1.4666,0.0,0.0,0.0,0.0,1.4666000000000001,0.0223,1.4889000000000001,1.491
2392,0.044,0.0004,0.0444,0.008,0.9909909909909909,0.009009009009009009,2.265,0.2217,2.265,0.0,0.0,0.0,0.0,2.265,0.2217,2.4867,2.4849
2393,0.0346,0.0001,0.0347,0.0062,0.9971181556195965,0.002881844380403458,2.0766,0.0369,2.0767,0.0001,0.0,0.0,0.0,2.0767,0.0369,2.1136000000000004,2.1144
2394,0.0303,0.0004,0.0307,0.0055,0.9869706840390879,0.013029315960912053,1.5576,0.2646,1.5576,0.0,0.0,0.0,0.0,1.5575999999999999,0.2646,1.8221999999999998,1.8222
2395,0.0818,0.0,0.0818,0.0147,1.0,0.0,4.9092,0.0061,4.9091,0.0,0.0,0.0,0.0,4.9091000000000005,0.0060999999999999995,4.9152000000000005,4.9189
2396,0.0393,0.0001,0.0394,0.0071,0.9974619289340102,0.002538071065989848,2.3574,0.0529,2.3574,0.0,0.0,0.0,0.0,2.3574,0.0529,2.4103000000000003,2.4071
2397,0.065,0.0013,0.0663,0.0119,0.9803921568627452,0.0196078431372549,3.3444,0.925,3.3444,0.0,0.0,0.0,0.0,3.3444000000000003,0.925,4.2694,4.2651
2398,0.0192,0.0001,0.0193,0.0035,0.9948186528497408,0.0051813471502590676,1.0908,0.037,1.0909,0.0001,0.0,0.0,0.0,1.0909,0.037000000000000005,1.1279,1.1292
2399,0.0491,0.0006,0.0497,0.009,0.987927565392354,0.012072434607645875,2.9469,0.3567,2.9468,0.0,0.0,0.0,0.0,2.9467999999999996,0.35669999999999996,3.3034999999999997,3.3021
2400,0.0296,0.003,0.0326,0.0059,0.9079754601226995,0.09202453987730062,1.5984,1.9165,1.5983,0.0,0.0,0.0,0.0,1.5983,1.9165,3.5148,3.5142
2401,0.0181,0.0003,0.0185,0.0033,0.9783783783783785,0.016216216216216217,0.9777,0.2186,0.9777,0.0,0.0,0.0,0.0,0.9777,0.21860000000000002,1.1963,1.2005
2402,0.0619,0.0021,0.064,0.0115,0.9671875,0.032812499999999994,3.3444,1.4904,3.3444,0.0,0.0,0.0,0.0,3.3444000000000003,1.4903999999999997,4.8347999999999995,4.8319
2403,0.0533,0.0,0.0533,0.0096,1.0,0.0,3.0276,0.0059,3.0276,0.0,0.0,0.0,0.0,3.0276000000000005,0.005899999999999999,3.0335000000000005,3.0365
2404,0.076,0.0002,0.0762,0.0137,0.9973753280839894,0.0026246719160104987,3.9108,0.12,3.9109,0.0001,0.0,0.0,0.0,3.9109000000000007,0.12,4.030900000000001,4.0357
2405,0.0569,0.0,0.0569,0.0102,1.0,0.0,3.4119,0.0041,3.4118,0.0,0.0,0.0,0.0,3.4117999999999995,0.0041,3.4158999999999997,3.4202
2406,0.0622,0.0001,0.0623,0.0112,0.9983948635634028,0.0016051364365971107,3.7293,0.0685,3.7293,0.0,0.0,0.0,0.0,3.7293000000000003,0.0685,3.7978000000000005,3.7988
2407,0.0955,0.0,0.0955,0.0172,1.0,0.0,4.9092,0.0084,4.9092,0.0,0.0,0.0,0.0,4.9092,0.0084,4.9176,4.9155
2408,0.0183,0.0,0.0184,0.0033,0.9945652173913044,0.0,0.9435,0.0311,0.9435,0.0,0.0,0.0,0.0,0.9435,0.0311,0.9746,0.9747
2409,0.0757,0.0019,0.0776,0.014,0.9755154639175257,0.024484536082474227,4.5414,1.4025,4.5414,0.0,0.0,0.0,0.0,4.5414,1.4025,5.9439,5.9461
2410,0.0725,0.0,0.0725,0.0131,1.0,0.0,3.7293,0.0199,3.7293,0.0,0.0,0.0,0.0,3.7293000000000003,0.0199,3.7492,3.7533
2411,0.0909,0.0006,0.0915,0.0165,0.9934426229508196,0.006557377049180328,4.9092,0.3991,4.909,0.0,0.0,0.0,0.0,4.909000000000001,0.3991,5.3081000000000005,5.3102
2412,0.0483,0.0004,0.0486,0.0088,0.9938271604938272,0.00823045267489712,2.8962,0.235,2.8963,0.0001,0.0,0.0,0.0,2.8963,0.235,3.1313,3.1303
2413,0.0699,0.0,0.0699,0.0126,1.0,0.0,3.774,0.0023,3.7739,0.0,0.0,0.0,0.0,3.7739000000000003,0.0023,3.7762000000000002,3.7713
2414,0.0932,0.0,0.0932,0.0168,1.0,0.0,4.7949,0.0108,4.7949,0.0,0.0,0.0,0.0,4.7949,0.0108,4.8057,4.8099
2415,0.029,0.0,0.029,0.0052,1.0,0.0,1.7379,0.0357,1.7379,0.0,0.0,0.0,0.0,1.7379000000000002,0.035699999999999996,1.7736000000000003,1.7753
2416,0.057,0.0,0.0571,0.0103,0.9982486865148862,0.0,3.4221,0.0148,3.422,0.0,0.0,0.0,0.0,3.422,0.0148,3.4368000000000003,3.4392
2417,0.0318,0.0001,0.0319,0.0057,0.9968652037617556,0.0031347962382445144,1.6365,0.0408,1.6364,0.0,0.0,0.0,0.0,1.6364,0.0408,1.6772,1.6793
2418,0.0379,0.0004,0.0384,0.0069,0.9869791666666669,0.010416666666666668,2.2746,0.3236,2.2745,0.0,0.0,0.0,0.0,2.2744999999999997,0.3236,2.5980999999999996,2.5933
2419,0.0636,0.0017,0.0653,0.0118,0.9739663093415009,0.026033690658499233,3.2727,1.0871,3.2727,0.0,0.0,0.0,0.0,3.2727,1.0871,4.3598,4.3595
2420,0.0207,0.0,0.0207,0.0037,1.0,0.0,1.1787,0.006,1.1788,0.0001,0.0,0.0,0.0,1.1788,0.006,1.1848,1.1846
2421,0.065,0.0,0.065,0.0117,1.0,0.0,3.9018,0.0035,3.9018,0.0,0.0,0.0,0.0,3.9017999999999997,0.0035000000000000005,3.9052999999999995,3.9077
2422,0.0856,0.0,0.0856,0.0154,1.0,0.0,4.3998,0.0014,4.3997,0.0,0.0,0.0,0.0,4.399699999999999,0.0014,4.4011,4.4046
2423,0.0592,0.0,0.0592,0.0107,1.0,0.0,3.1965,0.0026,3.1965,0.0,0.0,0.0,0.0,3.1964999999999995,0.0026,3.1990999999999996,3.2021
2424,0.0314,0.0,0.0315,0.0057,0.9968253968253967,0.0,1.887,0.0067,1.887,0.0,0.0,0.0,0.0,1.887,0.0067,1.8937,1.8889
2425,0.0676,0.0001,0.0677,0.0122,0.9985228951255539,0.0014771048744460858,3.4755,0.0826,3.4755,0.0,0.0,0.0,0.0,3.4755000000000003,0.0826,3.5581000000000005,3.5577
2426,0.0606,0.0002,0.0608,0.0109,0.9967105263157895,0.0032894736842105266,3.6342,0.1466,3.6342,0.0,0.0,0.0,0.0,3.6342,0.1466,3.7807999999999997,3.7767
2427,0.08,0.0036,0.0836,0.015,0.9569377990430623,0.0430622009569378,4.5489,2.5766,4.5491,0.0002,0.0,0.0,0.0,4.5491,2.5766,7.1257,7.1266
2428,0.0408,0.0,0.0408,0.0073,1.0,0.0,2.3172,0.016,2.3171,0.0,0.0,0.0,0.0,2.3171,0.016,2.3331,2.3326
2429,0.0742,0.0002,0.0745,0.0134,0.9959731543624162,0.002684563758389262,3.8181,0.1545,3.8181,0.0,0.0,0.0,0.0,3.8181,0.1545,3.9726,3.9775
2430,0.04,0.0001,0.0401,0.0072,0.9975062344139652,0.002493765586034913,2.2746,0.0605,2.2746,0.0,0.0,0.0,0.0,2.2746,0.0605,2.3350999999999997,2.3372
2431,0.0279,0.0,0.0279,0.005,1.0,0.0,1.6722,0.0159,1.6721,0.0,0.0,0.0,0.0,1.6721,0.015899999999999997,1.688,1.693
2432,0.0533,0.0008,0.0541,0.0097,0.9852125693160813,0.014787430683918669,3.1965,0.5477,3.1965,0.0,0.0,0.0,0.0,3.1964999999999995,0.5477000000000001,3.7441999999999993,3.7489
2433,0.0665,0.0002,0.0667,0.012,0.997001499250375,0.0029985007496251877,3.4221,0.1295,3.4219,0.0,0.0,0.0,0.0,3.4219,0.1295,3.5514,3.5475
2434,0.0288,0.0006,0.0294,0.0053,0.9795918367346939,0.02040816326530612,1.6365,0.385,1.6365,0.0,0.0,0.0,0.0,1.6364999999999998,0.385,2.0214999999999996,2.0189
2435,0.0759,0.0,0.0759,0.0137,1.0,0.0,3.9018,0.0036,3.9017,0.0,0.0,0.0,0.0,3.9017,0.0036,3.9053,3.9096
2436,0.0786,0.0,0.0786,0.0142,1.0,0.0,4.7148,0.0308,4.7148,0.0,0.0,0.0,0.0,4.7148,0.0308,4.7456000000000005,4.7456
2437,0.0826,0.0003,0.0829,0.0149,0.9963811821471653,0.00361881785283474,4.2456,0.2273,4.2456,0.0,0.0,0.0,0.0,4.2456,0.2273,4.472899999999999,4.4719
2438,0.0273,0.0001,0.0273,0.0049,1.0,0.003663003663003663,1.6365,0.0417,1.6365,0.0,0.0,0.0,0.0,1.6364999999999998,0.0417,1.6782,1.6795
2439,0.0183,0.0007,0.019,0.0034,0.9631578947368421,0.0368421052631579,1.0383,0.5375,1.0384,0.0001,0.0,0.0,0.0,1.0384,0.5375,1.5758999999999999,1.5776
2440,0.0853,0.0,0.0853,0.0154,1.0,0.0,5.1177,0.0063,5.1176,0.0,0.0,0.0,0.0,5.1175999999999995,0.0063,5.1239,5.1212
2441,0.0856,0.0,0.0856,0.0154,1.0,0.0,4.3998,0.0306,4.3998,0.0,0.0,0.0,0.0,4.3998,0.0306,4.4304,4.4254
2442,0.0314,0.0,0.0315,0.0057,0.9968253968253967,0.0,1.887,0.007,1.887,0.0,0.0,0.0,0.0,1.887,0.007,1.894,1.8964
2443,0.0318,0.0012,0.033,0.0059,0.9636363636363636,0.03636363636363636,1.6365,0.8311,1.6365,0.0,0.0,0.0,0.0,1.6364999999999998,0.8311,2.4676,2.4654
2444,0.0723,0.0,0.0723,0.013,1.0,0.0,3.9018,0.01,3.9018,0.0,0.0,0.0,0.0,3.9017999999999997,0.01,3.9117999999999995,3.9092
2445,0.0917,0.0007,0.0925,0.0166,0.9913513513513514,0.0075675675675675675,5.2134,0.5279,5.2134,0.0,0.0,0.0,0.0,5.2134,0.5279,5.7413,5.7385
2446,0.0503,0.0,0.0503,0.0091,1.0,0.0,2.718,0.0045,2.718,0.0,0.0,0.0,0.0,2.718,0.0045,2.7225,2.7225
2447,0.0262,0.0,0.0262,0.0047,1.0,0.0,1.4151,0.023,1.4151,0.0,0.0,0.0,0.0,1.4151,0.023,1.4381,1.4411
2448,0.0279,0.0001,0.028,0.005,0.9964285714285714,0.0035714285714285713,1.6722,0.0794,1.6721,0.0,0.0,0.0,0.0,1.6721,0.0794,1.7514999999999998,1.7541
2449,0.0398,0.0,0.0399,0.0072,0.9974937343358397,0.0,2.265,0.0039,2.265,0.0,0.0,0.0,0.0,2.265,0.0039,2.2689,2.2675
2450,0.0336,0.0001,0.0336,0.0061,1.0,0.0029761904761904765,1.812,0.0438,1.812,0.0,0.0,0.0,0.0,1.8119999999999998,0.0438,1.8558,1.8571
2451,0.0995,0.0001,0.0996,0.0179,0.9989959839357431,0.0010040160642570282,5.1177,0.0351,5.1177,0.0,0.0,0.0,0.0,5.1177,0.0351,5.1528,5.1572
2452,0.0842,0.0013,0.0855,0.0154,0.9847953216374268,0.015204678362573098,4.5489,0.9171,4.549,0.0001,0.0,0.0,0.0,4.549,0.9171,5.466100000000001,5.4701
2453,0.0279,0.0001,0.028,0.005,0.9964285714285714,0.0035714285714285713,1.6722,0.0634,1.6722,0.0,0.0,0.0,0.0,1.6722000000000001,0.0634,1.7356,1.7322
2454,0.0676,0.0005,0.0681,0.0123,0.9926578560939794,0.007342143906020559,4.0548,0.2983,4.0548,0.0,0.0,0.0,0.0,4.0548,0.2983,4.3531,4.3538
2455,0.019,0.0,0.019,0.0034,1.0,0.0,0.9777,0.0158,0.9777,0.0,0.0,0.0,0.0,0.9777,0.0158,0.9935,0.9913
2456,0.0385,0.0006,0.039,0.007,0.9871794871794871,0.015384615384615384,2.0766,0.4038,2.0767,0.0001,0.0,0.0,0.0,2.0767,0.4038,2.4805,2.4781
2457,0.0589,0.002,0.0608,0.0109,0.96875,0.03289473684210526,3.5322,1.4092,3.5322,0.0,0.0,0.0,0.0,3.5322,1.4092,4.9414,4.9449
2458,0.0621,0.0,0.0621,0.0112,1.0,0.0,3.5322,0.0017,3.5322,0.0,0.0,0.0,0.0,3.5322,0.0017,3.5339,3.5372
2459,0.0917,0.0003,0.0919,0.0165,0.9978237214363439,0.003264417845484222,4.7148,0.1836,4.7149,0.0001,0.0,0.0,0.0,4.7149,0.18359999999999999,4.8985,4.901
2460,0.0474,0.0,0.0474,0.0085,1.0,0.0,2.8431,0.0136,2.8432,0.0001,0.0,0.0,0.0,2.8432,0.0136,2.8568,2.8533
2461,0.0933,0.0,0.0933,0.0168,1.0,0.0,5.3043,0.0021,5.3043,0.0,0.0,0.0,0.0,5.3043,0.0021,5.3064,5.3057
2462,0.0196,0.0001,0.0197,0.0035,0.9949238578680203,0.005076142131979696,1.0092,0.0478,1.0092,0.0,0.0,0.0,0.0,1.0091999999999999,0.047799999999999995,1.057,1.0522
2463,0.0503,0.0,0.0504,0.0091,0.9980158730158729,0.0,2.718,0.0304,2.718,0.0,0.0,0.0,0.0,2.718,0.0304,2.7484,2.7482
2464,0.0336,0.0003,0.0339,0.0061,0.9911504424778761,0.008849557522123894,2.0184,0.1992,2.0186,0.0002,0.0,0.0,0.0,2.0186,0.1992,2.2178,2.2172
2465,0.0459,0.0,0.0459,0.0083,1.0,0.0,2.3586,0.0091,2.3586,0.0,0.0,0.0,0.0,2.3586,0.0091,2.3677,2.3701
2466,0.0404,0.0009,0.0413,0.0074,0.9782082324455205,0.021791767554479417,2.1819,0.6522,2.1819,0.0,0.0,0.0,0.0,2.1818999999999997,0.6522,2.8341,2.8388
2467,0.0856,0.0004,0.0859,0.0155,0.9965075669383002,0.004656577415599534,4.3998,0.2682,4.3998,0.0,0.0,0.0,0.0,4.3998,0.2682,4.668,4.6668
2468,0.0163,0.0001,0.0164,0.0029,0.99390243902439,0.006097560975609756,0.9777,0.0628,0.9777,0.0,0.0,0.0,0.0,0.9777,0.0628,1.0405,1.0452
2469,0.0884,0.0,0.0884,0.0159,1.0,0.0,5.3043,0.0074,5.3042,0.0,0.0,0.0,0.0,5.3042,0.0074,5.311599999999999,5.3135
2470,0.0864,0.0011,0.0875,0.0158,0.9874285714285715,0.012571428571428574,4.9092,0.7267,4.9091,0.0,0.0,0.0,0.0,4.9091000000000005,0.7267,5.635800000000001,5.6382
2471,0.0774,0.0001,0.0775,0.014,0.9987096774193548,0.0012903225806451613,4.3998,0.0778,4.3998,0.0,0.0,0.0,0.0,4.3998,0.07780000000000001,4.4776,4.4767
2472,0.019,0.0,0.0191,0.0034,0.9947643979057592,0.0,0.9777,0.027,0.9778,0.0001,0.0,0.0,0.0,0.9778,0.027,1.0048,0.9999
2473,0.0867,0.001,0.0877,0.0158,0.9885974914481186,0.011402508551881414,4.4592,0.734,4.4591,0.0,0.0,0.0,0.0,4.459099999999999,0.734,5.193099999999999,5.1914
2474,0.0929,0.0003,0.0932,0.0168,0.9967811158798282,0.0032188841201716734,5.0163,0.2173,5.0164,0.0001,0.0,0.0,0.0,5.0164,0.2173,5.2337,5.2293
2475,0.09,0.0,0.09,0.0162,1.0,0.0,5.1177,0.0066,5.1176,0.0,0.0,0.0,0.0,5.1175999999999995,0.0066,5.124199999999999,5.1279
2476,0.0826,0.001,0.0836,0.0151,0.9880382775119618,0.01196172248803828,4.4592,0.7541,4.459,0.0,0.0,0.0,0.0,4.459,0.7541,5.2131,5.2174
2477,0.0708,0.0001,0.0709,0.0128,0.998589562764457,0.0014104372355430183,4.2456,0.0742,4.2457,0.0001,0.0,0.0,0.0,4.245699999999999,0.0742,4.3199,4.3198
2478,0.0437,0.0023,0.0459,0.0083,0.9520697167755992,0.05010893246187363,2.3574,1.5171,2.3574,0.0,0.0,0.0,0.0,2.3574,1.5171,3.8745000000000003,3.8698
2479,0.0192,0.0003,0.0195,0.0035,0.9846153846153846,0.015384615384615384,1.0908,0.1947,1.0909,0.0001,0.0,0.0,0.0,1.0909,0.19469999999999998,1.2856,1.2868
2480,0.0853,0.0021,0.0874,0.0157,0.9759725400457665,0.024027459954233405,5.1177,1.5116,5.1177,0.0,0.0,0.0,0.0,5.1177,1.5116,6.629300000000001,6.627
2481,0.0742,0.0,0.0743,0.0134,0.9986541049798116,0.0,3.8181,0.0284,3.8182,0.0001,0.0,0.0,0.0,3.8181999999999996,0.0284,3.8465999999999996,3.8485
2482,0.0262,0.0,0.0262,0.0047,1.0,0.0,1.4151,0.0041,1.4151,0.0,0.0,0.0,0.0,1.4151,0.0041,1.4192,1.4225
2483,0.0788,0.0024,0.0813,0.0146,0.9692496924969249,0.02952029520295203,4.0548,1.6056,4.0549,0.0001,0.0,0.0,0.0,4.0549,1.6056,5.6605,5.6646
2484,0.0285,0.0013,0.0298,0.0054,0.9563758389261745,0.0436241610738255,1.4667,0.7168,1.4665,0.0,0.0,0.0,0.0,1.4665,0.7168000000000001,2.1833,2.1813
2485,0.0688,0.0069,0.0756,0.0136,0.91005291005291,0.09126984126984126,4.1256,4.4415,4.1255,0.0,0.0,0.0,0.0,4.1255,4.4415,8.567,8.5719
2486,0.0864,0.0002,0.0865,0.0156,0.9988439306358383,0.0023121387283236996,4.9092,0.1086,4.9091,0.0,0.0,0.0,0.0,4.9091000000000005,0.1086,5.0177000000000005,5.0165
2487,0.0407,0.0,0.0408,0.0073,0.997549019607843,0.0,2.4444,0.0059,2.4444,0.0,0.0,0.0,0.0,2.4444,0.0059,2.4503,2.4496
2488,0.0955,0.0006,0.096,0.0173,0.9947916666666666,0.0062499999999999995,4.9092,0.3405,4.909,0.0,0.0,0.0,0.0,4.909000000000001,0.34049999999999997,5.2495,5.2488
2489,0.0909,0.0013,0.0921,0.0166,0.9869706840390878,0.014115092290988056,4.6728,0.8271,4.6728,0.0,0.0,0.0,0.0,4.6728000000000005,0.8271,5.4999,5.4981
2490,0.0505,0.0002,0.0506,0.0091,0.9980237154150199,0.003952569169960475,3.0276,0.0919,3.0276,0.0,0.0,0.0,0.0,3.0276000000000005,0.0919,3.1195000000000004,3.1171
2491,0.044,0.0,0.044,0.0079,1.0,0.0,2.265,0.0045,2.2649,0.0,0.0,0.0,0.0,2.2649,0.0045,2.2694,2.2711
2492,0.0869,0.0001,0.087,0.0157,0.9988505747126438,0.001149425287356322,5.2134,0.0724,5.2134,0.0,0.0,0.0,0.0,5.2134,0.07239999999999999,5.2858,5.282
2493,0.0679,0.0003,0.0682,0.0123,0.995601173020528,0.00439882697947214,4.077,0.1568,4.0769,0.0,0.0,0.0,0.0,4.0769,0.1568,4.2337,4.2356
2494,0.0168,0.0023,0.0191,0.0034,0.8795811518324608,0.12041884816753927,0.906,1.6363,0.906,0.0,0.0,0.0,0.0,0.9059999999999999,1.6363,2.5423,2.5458
2495,0.0229,0.0007,0.0237,0.0043,0.9662447257383967,0.029535864978902954,1.1787,0.5285,1.1787,0.0,0.0,0.0,0.0,1.1787,0.5285,1.7072,1.703
2496,0.0187,0.0028,0.0215,0.0039,0.8697674418604653,0.13023255813953488,1.0092,2.0487,1.0092,0.0,0.0,0.0,0.0,1.0091999999999999,2.0487,3.0579,3.0565
2497,0.028,0.0002,0.0282,0.0051,0.9929078014184397,0.007092198581560284,1.5138,0.1229,1.5138,0.0,0.0,0.0,0.0,1.5138000000000003,0.1229,1.6367000000000003,1.6376
2498,0.0561,0.0003,0.0564,0.0101,0.9946808510638298,0.005319148936170213,3.0276,0.2291,3.0276,0.0,0.0,0.0,0.0,3.0276000000000005,0.22910000000000003,3.2567000000000004,3.2596
2499,0.0764,0.0,0.0764,0.0138,1.0,0.0,4.1256,0.0121,4.1256,0.0,0.0,0.0,0.0,4.1256,0.0121,4.137700000000001,4.1396
2500,0.0829,0.0,0.083,0.0149,0.9987951807228915,0.0,4.7148,0.0048,4.7149,0.0001,0.0,0.0,0.0,4.7149,0.0048000000000000004,4.7197000000000005,4.7157
2501,0.0799,0.0,0.08,0.0144,0.9987499999999999,0.0,4.7949,0.0316,4.7948,0.0,0.0,0.0,0.0,4.7948,0.0316,4.8264000000000005,4.8275
2502,0.0885,0.0017,0.0901,0.0162,0.9822419533851275,0.018867924528301886,4.5489,1.0976,4.5489,0.0,0.0,0.0,0.0,4.5489,1.0976,5.6465,5.648
2503,0.0295,0.0,0.0295,0.0053,1.0,0.0,1.7682,0.0027,1.7681,0.0,0.0,0.0,0.0,1.7681,0.0027,1.7708,1.7726
2504,0.0344,0.0023,0.0367,0.0066,0.9373297002724795,0.06267029972752043,1.9554,1.5006,1.9555,0.0001,0.0,0.0,0.0,1.9555000000000002,1.5006,3.4561,3.4514
2505,0.0676,0.0,0.0676,0.0122,1.0,0.0,3.4755,0.0047,3.4755,0.0,0.0,0.0,0.0,3.4755000000000003,0.004699999999999999,3.4802000000000004,3.4796
2506,0.0774,0.0001,0.0775,0.0139,0.9987096774193548,0.0012903225806451613,3.9804,0.0686,3.9804,0.0,0.0,0.0,0.0,3.9804,0.0686,4.0489999999999995,4.0519
2507,0.0636,0.0004,0.0641,0.0115,0.9921996879875195,0.0062402496099844,3.8181,0.2628,3.8182,0.0001,0.0,0.0,0.0,3.8182,0.2628,4.081,4.0765
2508,0.071,0.0019,0.0729,0.0131,0.9739368998628256,0.026063100137174208,4.0368,1.2749,4.0368,0.0,0.0,0.0,0.0,4.0367999999999995,1.2749000000000001,5.3117,5.31
2509,0.0882,0.0006,0.0889,0.016,0.9921259842519684,0.006749156355455567,5.0163,0.4205,5.0163,0.0,0.0,0.0,0.0,5.016299999999999,0.4205,5.436799999999999,5.4326
2510,0.0352,0.0005,0.0357,0.0064,0.9859943977591036,0.014005602240896357,1.812,0.3593,1.812,0.0,0.0,0.0,0.0,1.8119999999999998,0.3593,2.1713,2.175
2511,0.0948,0.0,0.0948,0.0171,1.0,0.0,5.1177,0.018,5.1175,0.0,0.0,0.0,0.0,5.1175,0.018000000000000002,5.1354999999999995,5.1403
2512,0.0166,0.0027,0.0193,0.0035,0.8601036269430051,0.13989637305699482,0.9435,1.7939,0.9435,0.0,0.0,0.0,0.0,0.9435,1.7939000000000003,2.7374,2.7395
2513,0.0589,0.0001,0.059,0.0106,0.9983050847457627,0.0016949152542372883,3.5322,0.0509,3.5322,0.0,0.0,0.0,0.0,3.5322,0.0509,3.5831,3.5848
2514,0.0933,0.0001,0.0934,0.0168,0.9989293361884368,0.0010706638115631692,5.3043,0.082,5.3043,0.0,0.0,0.0,0.0,5.3043,0.082,5.386299999999999,5.3892
2515,0.0707,0.0003,0.071,0.0128,0.9957746478873241,0.004225352112676056,3.6342,0.2315,3.6342,0.0,0.0,0.0,0.0,3.6342,0.2315,3.8657,3.8663
2516,0.0472,0.0,0.0472,0.0085,1.0,0.0,2.8305,0.0021,2.8304,0.0,0.0,0.0,0.0,2.8304,0.0021000000000000003,2.8325,2.8315
2517,0.0285,0.0001,0.0286,0.0051,0.9965034965034966,0.0034965034965034965,1.4667,0.055,1.4667,0.0,0.0,0.0,0.0,1.4667,0.055,1.5216999999999998,1.5199
2518,0.0481,0.0,0.0481,0.0087,1.0,0.0,2.5959,0.0065,2.596,0.0001,0.0,0.0,0.0,2.596,0.0065,2.6025,2.6011
2519,0.0196,0.0006,0.0203,0.0036,0.9655172413793104,0.029556650246305417,1.1787,0.4382,1.1787,0.0,0.0,0.0,0.0,1.1787,0.4382,1.6169,1.6209
2520,0.0882,0.0001,0.0884,0.0159,0.9977375565610859,0.0011312217194570135,5.0163,0.0805,5.0165,0.0002,0.0,0.0,0.0,5.0165,0.0805,5.0969999999999995,5.0928
2521,0.0727,0.0,0.0728,0.0131,0.9986263736263736,0.0,4.3635,0.0218,4.3635,0.0,0.0,0.0,0.0,4.3635,0.0218,4.3853,4.3834
2522,0.0948,0.0053,0.1001,0.018,0.9470529470529471,0.05294705294705295,5.1177,3.4259,5.1177,0.0,0.0,0.0,0.0,5.1177,3.4259000000000004,8.543600000000001,8.5454
2523,0.0573,0.0,0.0573,0.0103,1.0,0.0,2.9469,0.005,2.9468,0.0,0.0,0.0,0.0,2.9467999999999996,0.005,2.9517999999999995,2.9518
2524,0.0636,0.001,0.0647,0.0116,0.982998454404946,0.01545595054095827,3.8181,0.6471,3.8183,0.0002,0.0,0.0,0.0,3.8183,0.6471,4.4654,4.4694
2525,0.0802,0.0011,0.0814,0.0146,0.9852579852579851,0.013513513513513514,4.1256,0.7244,4.1255,0.0,0.0,0.0,0.0,4.125500000000001,0.7244,4.849900000000001,4.8537
2526,0.0536,0.0,0.0537,0.0097,0.9981378026070764,0.0,2.8962,0.0286,2.8962,0.0,0.0,0.0,0.0,2.8962000000000003,0.0286,2.9248000000000003,2.9279
2527,0.0395,0.0024,0.0419,0.0075,0.9427207637231504,0.05727923627684964,2.1309,1.7368,2.131,0.0001,0.0,0.0,0.0,2.1310000000000002,1.7368,3.8678,3.8724
2528,0.0516,0.0011,0.0528,0.0095,0.9772727272727273,0.020833333333333336,2.787,0.6363,2.787,0.0,0.0,0.0,0.0,2.787,0.6363,3.4233,3.4273
2529,0.0505,0.0,0.0505,0.0091,1.0,0.0,2.5959,0.0024,2.5959,0.0,0.0,0.0,0.0,2.5959,0.0024,2.5983,2.5982
2530,0.0279,0.0001,0.028,0.005,0.9964285714285714,0.0035714285714285713,1.6722,0.0663,1.6721,0.0,0.0,0.0,0.0,1.6721,0.0663,1.7384,1.7408
2531,0.0173,0.0021,0.0194,0.0035,0.8917525773195876,0.10824742268041236,1.0383,1.4948,1.0384,0.0001,0.0,0.0,0.0,1.0384,1.4948000000000001,2.5332,2.5288
2532,0.0826,0.0008,0.0834,0.015,0.9904076738609113,0.00959232613908873,4.4592,0.5392,4.4591,0.0,0.0,0.0,0.0,4.459099999999999,0.5392,4.9982999999999995,4.9998
2533,0.0442,0.0001,0.0443,0.008,0.997742663656885,0.0022573363431151244,2.2746,0.0503,2.2745,0.0,0.0,0.0,0.0,2.2744999999999997,0.0503,2.3247999999999998,2.3278
2534,0.076,0.0,0.076,0.0137,1.0,0.0,3.9108,0.0031,3.9108,0.0,0.0,0.0,0.0,3.9108,0.0031000000000000003,3.9139,3.9188
2535,0.0303,0.0036,0.0339,0.0061,0.8938053097345133,0.10619469026548672,1.6365,2.6131,1.6365,0.0,0.0,0.0,0.0,1.6364999999999998,2.6131,4.2496,4.2503
2536,0.0478,0.0001,0.0479,0.0086,0.9979123173277663,0.0020876826722338207,2.718,0.0718,2.7179,0.0,0.0,0.0,0.0,2.7179,0.0718,2.7897000000000003,2.7886
2537,0.0545,0.0004,0.055,0.0099,0.9909090909090909,0.007272727272727273,3.2727,0.2804,3.2727,0.0,0.0,0.0,0.0,3.2727,0.2804,3.5530999999999997,3.5553
2538,0.0294,0.0,0.0294,0.0053,1.0,0.0,1.5138,0.0031,1.5138,0.0,0.0,0.0,0.0,1.5138000000000003,0.0031,1.5169000000000004,1.515
2539,0.0995,0.0002,0.0997,0.0179,0.9979939819458375,0.0020060180541624875,5.1177,0.142,5.1177,0.0,0.0,0.0,0.0,5.1177,0.14200000000000002,5.2597000000000005,5.2558
2540,0.08,0.0,0.0801,0.0144,0.9987515605493134,0.0,4.5489,0.019,4.5489,0.0,0.0,0.0,0.0,4.5489,0.019,4.5679,4.5671
2541,0.0842,0.0005,0.0848,0.0153,0.9929245283018867,0.00589622641509434,4.5489,0.382,4.5489,0.0,0.0,0.0,0.0,4.5489,0.382,4.930899999999999,4.9308
2542,0.0262,0.0007,0.0269,0.0048,0.9739776951672863,0.026022304832713755,1.4151,0.5095,1.4151,0.0,0.0,0.0,0.0,1.4151,0.5095000000000001,1.9246,1.9225
2543,0.0187,0.0,0.0187,0.0034,1.0,0.0,1.0092,0.0033,1.0092,0.0,0.0,0.0,0.0,1.0091999999999999,0.0033,1.0125,1.0093
2544,0.0433,0.0027,0.046,0.0083,0.941304347826087,0.058695652173913045,2.5959,1.7855,2.5961,0.0002,0.0,0.0,0.0,2.5961,1.7854999999999999,4.3816,4.3841
2545,0.0737,0.0,0.0737,0.0133,1.0,0.0,3.9804,0.0058,3.9804,0.0,0.0,0.0,0.0,3.9804,0.0058,3.9861999999999997,3.9837
2546,0.0723,0.0011,0.0733,0.0132,0.9863574351978172,0.015006821282401092,3.9018,0.587,3.9017,0.0,0.0,0.0,0.0,3.9017,0.587,4.4887,4.4912
2547,0.04,0.0001,0.0401,0.0072,0.9975062344139652,0.002493765586034913,2.2746,0.0566,2.2746,0.0,0.0,0.0,0.0,2.2746,0.0566,2.3312,2.3334
2548,0.0384,0.0037,0.0421,0.0076,0.9121140142517814,0.08788598574821853,2.1819,2.5142,2.1818,0.0,0.0,0.0,0.0,2.1818,2.5142,4.696,4.6979
2549,0.0789,0.0047,0.0836,0.015,0.9437799043062202,0.05622009569377991,4.2621,2.9926,4.2621,0.0,0.0,0.0,0.0,4.2621,2.9926000000000004,7.254700000000001,7.2584
2550,0.0166,0.0,0.0166,0.003,1.0,0.0,0.9435,0.0057,0.9434,0.0,0.0,0.0,0.0,0.9434,0.0057,0.9491,0.9442
2551,0.0349,0.0,0.035,0.0063,0.9971428571428571,0.0,1.887,0.0278,1.8869,0.0,0.0,0.0,0.0,1.8869,0.027800000000000002,1.9147,1.9104
2552,0.0533,0.0034,0.0566,0.0102,0.941696113074205,0.06007067137809187,3.1965,2.2424,3.1965,0.0,0.0,0.0,0.0,3.1964999999999995,2.2424,5.438899999999999,5.4353
2553,0.0437,0.0,0.0437,0.0079,1.0,0.0,2.3586,0.0022,2.3588,0.0002,0.0,0.0,0.0,2.3588,0.0021999999999999997,2.361,2.357
2554,0.0671,0.0023,0.0694,0.0125,0.9668587896253603,0.03314121037463977,3.624,1.5512,3.6238,0.0,0.0,0.0,0.0,3.6237999999999997,1.5512000000000001,5.175,5.1717
2555,0.0285,0.0,0.0286,0.0051,0.9965034965034966,0.0,1.4667,0.0212,1.4667,0.0,0.0,0.0,0.0,1.4667,0.0212,1.4879,1.4868
2556,0.0743,0.0,0.0743,0.0134,1.0,0.0,4.4592,0.0029,4.4591,0.0,0.0,0.0,0.0,4.459099999999999,0.0029,4.462,4.4622
2557,0.0197,0.0031,0.0229,0.0041,0.8602620087336244,0.1353711790393013,1.0656,2.1087,1.0656,0.0,0.0,0.0,0.0,1.0656,2.1087,3.1742999999999997,3.1719
2558,0.0311,0.0,0.0311,0.0056,1.0,0.0,1.7682,0.011,1.7681,0.0,0.0,0.0,0.0,1.7681,0.011,1.7791,1.7778
2559,0.0444,0.0001,0.0444,0.008,1.0,0.0022522522522522522,2.523,0.0345,2.523,0.0,0.0,0.0,0.0,2.5229999999999997,0.0345,2.5574999999999997,2.5551
2560,0.0665,0.0001,0.0666,0.012,0.9984984984984985,0.0015015015015015015,3.4221,0.046,3.422,0.0,0.0,0.0,0.0,3.422,0.046,3.468,3.4684
2561,0.0414,0.0,0.0414,0.0075,1.0,0.0,2.1309,0.0017,2.1311,0.0002,0.0,0.0,0.0,2.1311,0.0017000000000000001,2.1328,2.1367
2562,0.0314,0.0,0.0315,0.0057,0.9968253968253967,0.0,1.887,0.005,1.887,0.0,0.0,0.0,0.0,1.887,0.005,1.892,1.8953
2563,0.0166,0.0,0.0166,0.003,1.0,0.0,0.9435,0.0014,0.9435,0.0,0.0,0.0,0.0,0.9435,0.0014,0.9449,0.9462
2564,0.0207,0.0,0.0207,0.0037,1.0,0.0,1.1787,0.0056,1.1787,0.0,0.0,0.0,0.0,1.1787,0.0056,1.1843000000000001,1.1796
2565,0.0788,0.0001,0.0789,0.0142,0.9987325728770595,0.001267427122940431,4.0548,0.0487,4.0548,0.0,0.0,0.0,0.0,4.0548,0.0487,4.1035,4.1045
2566,0.0557,0.0,0.0557,0.01,1.0,0.0,3.3444,0.0039,3.3444,0.0,0.0,0.0,0.0,3.3444000000000003,0.0039,3.3483,3.3531
2567,0.026,0.0016,0.0275,0.005,0.9454545454545454,0.05818181818181818,1.5576,1.1415,1.5576,0.0,0.0,0.0,0.0,1.5575999999999999,1.1415,2.6990999999999996,2.702
2568,0.0826,0.0031,0.0857,0.0154,0.9638273045507586,0.03617269544924154,4.4592,1.8674,4.459,0.0,0.0,0.0,0.0,4.459,1.8674,6.3264,6.3285
2569,0.0483,0.0,0.0483,0.0087,1.0,0.0,2.8962,0.0059,2.8962,0.0,0.0,0.0,0.0,2.8962000000000003,0.0059,2.9021000000000003,2.9064
2570,0.0856,0.0011,0.0866,0.0156,0.9884526558891454,0.012702078521939955,4.3998,0.7608,4.3998,0.0,0.0,0.0,0.0,4.3998,0.7607999999999999,5.1606,5.1596
2571,0.09,0.0022,0.0923,0.0166,0.9750812567713977,0.0238353196099675,5.1177,1.3115,5.1176,0.0,0.0,0.0,0.0,5.1175999999999995,1.3115,6.4291,6.4299
2572,0.0562,0.0015,0.0578,0.0104,0.972318339100346,0.025951557093425608,3.1965,1.0367,3.1965,0.0,0.0,0.0,0.0,3.1964999999999995,1.0367000000000002,4.2332,4.2344
2573,0.0622,0.0001,0.0623,0.0112,0.9983948635634028,0.0016051364365971107,3.1965,0.0766,3.1965,0.0,0.0,0.0,0.0,3.1964999999999995,0.0766,3.2730999999999995,3.2759
2574,0.0266,0.0,0.0267,0.0048,0.99625468164794,0.0,1.5984,0.0235,1.5983,0.0,0.0,0.0,0.0,1.5983,0.0235,1.6218000000000001,1.6251
2575,0.0909,0.0003,0.0912,0.0164,0.9967105263157894,0.0032894736842105257,4.6728,0.179,4.6726,0.0,0.0,0.0,0.0,4.6726,0.179,4.8516,4.8482
2576,0.057,0.0002,0.0573,0.0103,0.9947643979057592,0.003490401396160559,3.4221,0.1614,3.4221,0.0,0.0,0.0,0.0,3.4221000000000004,0.16140000000000002,3.5835000000000004,3.5878
2577,0.0606,0.0037,0.0643,0.0116,0.9424572317262832,0.05754276827371696,3.2727,2.6856,3.2728,0.0001,0.0,0.0,0.0,3.2728,2.6856,5.9584,5.9556
2578,0.0163,0.0006,0.0169,0.003,0.9644970414201184,0.03550295857988166,0.9777,0.4223,0.9778,0.0001,0.0,0.0,0.0,0.9778,0.4223,1.4001000000000001,1.3972
2579,0.0577,0.0,0.0577,0.0104,1.0,0.0,3.1152,0.0243,3.1151,0.0,0.0,0.0,0.0,3.1151,0.024300000000000002,3.1394,3.1407
2580,0.0404,0.0001,0.0404,0.0073,1.0,0.0024752475247524753,2.0766,0.0437,2.0768,0.0002,0.0,0.0,0.0,2.0768,0.0437,2.1205,2.1194
2581,0.0193,0.0,0.0193,0.0035,1.0,0.0,1.1586,0.0055,1.1585,0.0,0.0,0.0,0.0,1.1585,0.0055000000000000005,1.1640000000000001,1.1591
2582,0.0252,0.002,0.0272,0.0049,0.9264705882352942,0.07352941176470588,1.359,1.1291,1.359,0.0,0.0,0.0,0.0,1.359,1.1291,2.4881,2.4929
2583,0.0869,0.0,0.0869,0.0156,1.0,0.0,5.2134,0.0072,5.2133,0.0,0.0,0.0,0.0,5.2133,0.0072,5.2205,5.2161
2584,0.0325,0.0069,0.0394,0.0071,0.8248730964467006,0.1751269035532995,1.6722,4.6055,1.6721,0.0,0.0,0.0,0.0,1.6721,4.6055,6.2776,6.2738
2585,0.029,0.0,0.029,0.0052,1.0,0.0,1.7379,0.0043,1.7379,0.0,0.0,0.0,0.0,1.7379000000000002,0.0043,1.7422000000000002,1.7421
2586,0.0676,0.0026,0.0702,0.0126,0.9629629629629629,0.037037037037037035,3.4755,1.6222,3.4755,0.0,0.0,0.0,0.0,3.4755000000000003,1.6222,5.097700000000001,5.0988
2587,0.0569,0.0,0.0569,0.0102,1.0,0.0,3.4119,0.0023,3.4119,0.0,0.0,0.0,0.0,3.4119,0.0023,3.4142,3.4104
2588,0.0562,0.0016,0.0578,0.0104,0.972318339100346,0.027681660899653984,3.1965,1.036,3.1965,0.0,0.0,0.0,0.0,3.1964999999999995,1.036,4.2325,4.2297
2589,0.0183,0.0004,0.0186,0.0034,0.9838709677419356,0.021505376344086023,1.0383,0.2113,1.0384,0.0001,0.0,0.0,0.0,1.0384,0.21130000000000002,1.2497,1.2525
2590,0.0786,0.0012,0.0798,0.0144,0.9849624060150377,0.015037593984962405,4.2456,0.7182,4.2457,0.0001,0.0,0.0,0.0,4.2457,0.7182,4.963900000000001,4.962
2591,0.0755,0.0003,0.0758,0.0136,0.9960422163588389,0.003957783641160949,4.077,0.1898,4.0768,0.0,0.0,0.0,0.0,4.0768,0.1898,4.2666,4.2646
2592,0.0576,0.0001,0.0577,0.0104,0.998266897746967,0.001733102253032929,3.2727,0.0487,3.2728,0.0001,0.0,0.0,0.0,3.2728,0.04869999999999999,3.3215000000000003,3.3238
2593,0.0948,0.005,0.0997,0.018,0.950852557673019,0.05015045135406219,5.1177,3.2731,5.1177,0.0,0.0,0.0,0.0,5.1177,3.2731000000000003,8.3908,8.3889
2594,0.0542,0.0,0.0542,0.0098,1.0,0.0,2.787,0.0118,2.787,0.0,0.0,0.0,0.0,2.787,0.011800000000000001,2.7988,2.8003
2595,0.0296,0.0004,0.03,0.0054,0.9866666666666667,0.013333333333333334,1.5984,0.2977,1.5983,0.0,0.0,0.0,0.0,1.5983,0.29769999999999996,1.896,1.8959
2596,0.0266,0.0,0.0267,0.0048,0.99625468164794,0.0,1.5984,0.0168,1.5983,0.0,0.0,0.0,0.0,1.5983,0.0168,1.6151,1.6199
2597,0.0589,0.0001,0.059,0.0106,0.9983050847457627,0.0016949152542372883,3.0276,0.0504,3.0276,0.0,0.0,0.0,0.0,3.0276000000000005,0.0504,3.0780000000000003,3.0797
2598,0.0528,0.0009,0.0537,0.0097,0.9832402234636872,0.01675977653631285,3.171,0.6366,3.171,0.0,0.0,0.0,0.0,3.171,0.6366,3.8076,3.8114
2599,0.0178,0.0016,0.0194,0.0035,0.9175257731958762,0.08247422680412371,1.0092,1.0857,1.0092,0.0,0.0,0.0,0.0,1.0091999999999999,1.0857,2.0949,2.0965
2600,0.0384,0.0,0.0384,0.0069,1.0,0.0,2.1819,0.0061,2.1819,0.0,0.0,0.0,0.0,2.1818999999999997,0.0061,2.1879999999999997,2.1856
2601,0.0909,0.0003,0.0912,0.0164,0.9967105263157894,0.0032894736842105257,4.9092,0.1678,4.9091,0.0,0.0,0.0,0.0,4.9091000000000005,0.1678,5.0769,5.0723
2602,0.0187,0.0001,0.0188,0.0034,0.9946808510638299,0.005319148936170213,1.0656,0.0518,1.0655,0.0,0.0,0.0,0.0,1.0655000000000001,0.0518,1.1173000000000002,1.114
2603,0.0225,0.0001,0.0226,0.0041,0.995575221238938,0.004424778761061948,1.1586,0.0803,1.1586,0.0,0.0,0.0,0.0,1.1585999999999999,0.08030000000000001,1.2389,1.2354
2604,0.0687,0.0032,0.0719,0.0129,0.9554937413073712,0.04450625869262865,3.5322,1.7743,3.5322,0.0,0.0,0.0,0.0,3.5322,1.7743,5.3065,5.3076
2605,0.0826,0.0019,0.0845,0.0152,0.9775147928994083,0.022485207100591716,4.4592,1.1948,4.4592,0.0,0.0,0.0,0.0,4.4592,1.1947999999999999,5.654,5.6589
2606,0.07,0.0004,0.0705,0.0127,0.9929078014184399,0.005673758865248228,3.9804,0.2693,3.9804,0.0,0.0,0.0,0.0,3.9804,0.2693,4.2497,4.254
2607,0.0579,0.0048,0.0627,0.0113,0.923444976076555,0.07655502392344496,3.4755,3.4704,3.4756,0.0001,0.0,0.0,0.0,3.4756,3.4704,6.946,6.9507
2608,0.0622,0.0016,0.0638,0.0115,0.974921630094044,0.025078369905956115,3.5361,0.8636,3.5361,0.0,0.0,0.0,0.0,3.5361000000000002,0.8636,4.3997,4.4036
2609,0.0617,0.0,0.0617,0.0111,1.0,0.0,3.171,0.0029,3.171,0.0,0.0,0.0,0.0,3.171,0.0029,3.1738999999999997,3.1716
2610,0.0211,0.0007,0.0218,0.0039,0.9678899082568808,0.03211009174311927,1.1373,0.4621,1.1372,0.0,0.0,0.0,0.0,1.1372,0.4621,1.5993,1.5959
2611,0.06,0.0002,0.0602,0.0108,0.9966777408637874,0.003322259136212625,3.4119,0.1468,3.4119,0.0,0.0,0.0,0.0,3.4119,0.14679999999999999,3.5587,3.5553
2612,0.0769,0.0,0.0769,0.0138,1.0,0.0,4.1535,0.0087,4.1535,0.0,0.0,0.0,0.0,4.1535,0.0087,4.1622,4.1588
2613,0.0527,0.0001,0.0527,0.0095,1.0,0.0018975332068311198,2.8431,0.0574,2.8431,0.0,0.0,0.0,0.0,2.8430999999999997,0.05740000000000001,2.9004999999999996,2.8973
2614,0.0516,0.0007,0.0523,0.0094,0.9866156787762906,0.01338432122370937,2.787,0.482,2.7869,0.0,0.0,0.0,0.0,2.7869,0.482,3.2689000000000004,3.2658
2615,0.0686,0.0,0.0687,0.0124,0.9985443959243085,0.0,3.9018,0.0049,3.9016,0.0,0.0,0.0,0.0,3.9015999999999997,0.0049,3.9065,3.9092
2616,0.0713,0.004,0.0753,0.0136,0.946879150066401,0.05312084993359893,4.0548,2.573,4.0548,0.0,0.0,0.0,0.0,4.0548,2.573,6.627800000000001,6.6249
2617,0.071,0.0001,0.0711,0.0128,0.9985935302390998,0.0014064697609001409,4.0368,0.0825,4.0368,0.0,0.0,0.0,0.0,4.0367999999999995,0.0825,4.119299999999999,4.1207
2618,0.0437,0.0002,0.0439,0.0079,0.9954441913439636,0.004555808656036446,2.3574,0.1559,2.3574,0.0,0.0,0.0,0.0,2.3574,0.1559,2.5133,2.5174
2619,0.0326,0.0,0.0326,0.0059,1.0,0.0,1.9554,0.0031,1.9554,0.0,0.0,0.0,0.0,1.9554,0.0031,1.9585000000000001,1.9594
2620,0.0258,0.0002,0.026,0.0047,0.9923076923076923,0.007692307692307693,1.4667,0.1056,1.4666,0.0,0.0,0.0,0.0,1.4666000000000001,0.1056,1.5722,1.5737
2621,0.0398,0.0,0.0399,0.0072,0.9974937343358397,0.0,2.265,0.027,2.2649,0.0,0.0,0.0,0.0,2.2649,0.027,2.2919,2.2919
2622,0.0311,0.0002,0.0313,0.0056,0.9936102236421724,0.006389776357827476,1.7682,0.1403,1.7681,0.0,0.0,0.0,0.0,1.7681,0.14029999999999998,1.9083999999999999,1.9074
2623,0.0294,0.0003,0.0297,0.0054,0.9898989898989898,0.0101010101010101,1.5138,0.2052,1.5138,0.0,0.0,0.0,0.0,1.5138000000000003,0.2052,1.7190000000000003,1.7188
2624,0.051,0.0002,0.0512,0.0092,0.9960937499999999,0.00390625,2.8962,0.1208,2.8963,0.0001,0.0,0.0,0.0,2.8963,0.12079999999999999,3.0171,3.0133
2625,0.0437,0.0032,0.0468,0.0084,0.9337606837606838,0.06837606837606838,2.3574,2.038,2.3575,0.0001,0.0,0.0,0.0,2.3575,2.0380000000000003,4.3955,4.3956
2626,0.0505,0.0,0.0505,0.0091,1.0,0.0,2.7273,0.0017,2.7273,0.0,0.0,0.0,0.0,2.7273,0.0017,2.729,2.7328
2627,0.0802,0.0001,0.0803,0.0145,0.9987546699875467,0.0012453300124533003,4.1256,0.0681,4.1256,0.0,0.0,0.0,0.0,4.1256,0.0681,4.193700000000001,4.1916
2628,0.0306,0.0,0.0306,0.0055,1.0,0.0,1.7379,0.0026,1.7379,0.0,0.0,0.0,0.0,1.7379000000000002,0.0026,1.7405000000000002,1.7366
2629,0.0779,0.0002,0.0781,0.0141,0.997439180537772,0.002560819462227913,4.6728,0.172,4.6727,0.0,0.0,0.0,0.0,4.672700000000001,0.172,4.8447000000000005,4.849
2630,0.0364,0.0001,0.0365,0.0066,0.9972602739726029,0.0027397260273972607,2.1819,0.0854,2.1818,0.0,0.0,0.0,0.0,2.1818,0.0854,2.2672,2.2651
2631,0.0606,0.0,0.0606,0.0109,1.0,0.0,3.1152,0.0232,3.1152,0.0,0.0,0.0,0.0,3.1151999999999997,0.0232,3.1384,3.1381
2632,0.0275,0.0001,0.0276,0.005,0.9963768115942029,0.0036231884057971015,1.4151,0.0423,1.4152,0.0001,0.0,0.0,0.0,1.4152,0.0423,1.4575,1.4541
2633,0.0384,0.0002,0.0385,0.0069,0.9974025974025973,0.005194805194805195,2.1819,0.1101,2.1819,0.0,0.0,0.0,0.0,2.1818999999999997,0.1101,2.292,2.2924
2634,0.019,0.0001,0.0191,0.0034,0.9947643979057592,0.005235602094240838,0.9777,0.0509,0.9777,0.0,0.0,0.0,0.0,0.9777,0.0509,1.0286,1.0294
2635,0.0948,0.0004,0.0951,0.0171,0.9968454258675078,0.004206098843322818,5.1177,0.2621,5.1177,0.0,0.0,0.0,0.0,5.1177,0.2621,5.3798,5.3749
2636,0.0873,0.0005,0.0878,0.0158,0.9943052391799544,0.005694760820045558,4.7148,0.2931,4.7148,0.0,0.0,0.0,0.0,4.7148,0.29309999999999997,5.0079,5.0106
2637,0.0207,0.0049,0.0257,0.0046,0.8054474708171205,0.19066147859922178,1.1787,3.5485,1.1787,0.0,0.0,0.0,0.0,1.1787,3.5485,4.7272,4.7282
2638,0.0493,0.0034,0.0527,0.0095,0.9354838709677419,0.06451612903225806,2.6637,2.0231,2.6637,0.0,0.0,0.0,0.0,2.6637,2.0231000000000003,4.6868,4.6851
2639,0.0279,0.0002,0.0281,0.0051,0.9928825622775801,0.007117437722419929,1.6722,0.147,1.6722,0.0,0.0,0.0,0.0,1.6722000000000001,0.14700000000000002,1.8192000000000002,1.8144
2640,0.0262,0.0005,0.0267,0.0048,0.9812734082397003,0.018726591760299626,1.4151,0.3194,1.4152,0.0001,0.0,0.0,0.0,1.4152,0.3194,1.7346,1.7363
2641,0.0419,0.0027,0.0447,0.008,0.9373601789709173,0.0604026845637584,2.265,1.7535,2.265,0.0,0.0,0.0,0.0,2.265,1.7534999999999998,4.0184999999999995,4.015
2642,0.0545,0.0,0.0546,0.0098,0.9981684981684981,0.0,3.2727,0.0112,3.2727,0.0,0.0,0.0,0.0,3.2727,0.0112,3.2839,3.2824
2643,0.0858,0.0,0.0858,0.0154,1.0,0.0,4.6341,0.0043,4.6341,0.0,0.0,0.0,0.0,4.6341,0.0043,4.6384,4.6411
2644,0.0505,0.0021,0.0526,0.0095,0.9600760456273765,0.03992395437262357,3.0276,1.5226,3.0276,0.0,0.0,0.0,0.0,3.0276000000000005,1.5226,4.5502,4.555
2645,0.0826,0.0,0.0826,0.0149,1.0,0.0,4.4592,0.0107,4.4591,0.0,0.0,0.0,0.0,4.459099999999999,0.010700000000000001,4.469799999999999,4.473
2646,0.0302,0.0019,0.0321,0.0058,0.9408099688473521,0.05919003115264798,1.812,1.2546,1.812,0.0,0.0,0.0,0.0,1.8119999999999998,1.2546,3.0665999999999998,3.0639
2647,0.0563,0.0,0.0563,0.0101,1.0,0.0,2.8962,0.0031,2.8962,0.0,0.0,0.0,0.0,2.8962000000000003,0.0031,2.8993,2.8966
2648,0.0734,0.0,0.0734,0.0132,1.0,0.0,3.774,0.0302,3.7739,0.0,0.0,0.0,0.0,3.7739000000000003,0.0302,3.8041,3.8088
2649,0.0867,0.0004,0.0871,0.0157,0.9954075774971297,0.004592422502870264,4.4592,0.2732,4.4592,0.0,0.0,0.0,0.0,4.4592,0.2732,4.7324,4.7374
2650,0.0355,0.0004,0.0359,0.0065,0.9888579387186628,0.011142061281337047,2.1309,0.2342,2.1311,0.0002,0.0,0.0,0.0,2.1311,0.2342,2.3653,2.364
2651,0.0303,0.0047,0.035,0.0063,0.8657142857142857,0.13428571428571429,1.6365,3.1151,1.6365,0.0,0.0,0.0,0.0,1.6364999999999998,3.1151,4.7516,4.7564
2652,0.0688,0.0001,0.0689,0.0124,0.9985486211901305,0.001451378809869376,3.9108,0.0477,3.9108,0.0,0.0,0.0,0.0,3.9108,0.0477,3.9585,3.9612
2653,0.0687,0.0001,0.0687,0.0124,1.0,0.001455604075691412,3.5322,0.0468,3.5322,0.0,0.0,0.0,0.0,3.5322,0.04680000000000001,3.579,3.5757
2654,0.0325,0.0003,0.0328,0.0059,0.9908536585365854,0.009146341463414632,1.6722,0.2397,1.6721,0.0,0.0,0.0,0.0,1.6721,0.23970000000000002,1.9118,1.9144
2655,0.0524,0.0027,0.0551,0.0099,0.9509981851179673,0.04900181488203267,2.8305,1.9121,2.8304,0.0,0.0,0.0,0.0,2.8304,1.9121000000000001,4.7425,4.744
2656,0.0707,0.0008,0.0715,0.0129,0.9888111888111889,0.01118881118881119,3.8181,0.4525,3.8181,0.0,0.0,0.0,0.0,3.8181,0.4525,4.2706,4.2669
2657,0.028,0.0,0.028,0.005,1.0,0.0,1.5138,0.0074,1.5138,0.0,0.0,0.0,0.0,1.5138000000000003,0.0073999999999999995,1.5212000000000003,1.5246
2658,0.0727,0.0009,0.0736,0.0133,0.9877717391304348,0.012228260869565218,4.3635,0.5487,4.3635,0.0,0.0,0.0,0.0,4.3635,0.5487,4.9122,4.9116
2659,0.0691,0.0,0.0691,0.0124,1.0,0.0,3.7293,0.0116,3.7293,0.0,0.0,0.0,0.0,3.7293000000000003,0.0116,3.7409000000000003,3.7388
2660,0.0663,0.0006,0.0669,0.0121,0.9910313901345291,0.008968609865470852,3.4119,0.3679,3.4119,0.0,0.0,0.0,0.0,3.4119,0.3679,3.7798000000000003,3.7764
2661,0.0576,0.0013,0.0588,0.0106,0.9795918367346939,0.022108843537414966,3.2727,0.8071,3.2727,0.0,0.0,0.0,0.0,3.2727,0.8070999999999999,4.0798,4.0805
2662,0.0175,0.0002,0.0177,0.0032,0.9887005649717515,0.011299435028248588,0.9435,0.1227,0.9435,0.0,0.0,0.0,0.0,0.9435,0.1227,1.0662,1.0642
2663,0.0362,0.0021,0.0383,0.0069,0.9451697127937337,0.054830287206266315,1.9554,1.4877,1.9554,0.0,0.0,0.0,0.0,1.9554,1.4877,3.4431000000000003,3.4383
2664,0.0159,0.0,0.0159,0.0029,1.0,0.0,0.906,0.002,0.906,0.0,0.0,0.0,0.0,0.9059999999999999,0.002,0.9079999999999999,0.9102
2665,0.0458,0.0003,0.0461,0.0083,0.9934924078091106,0.00650759219088937,2.3574,0.2039,2.3574,0.0,0.0,0.0,0.0,2.3574,0.2039,2.5613,2.5626
2666,0.0747,0.0001,0.0748,0.0135,0.9986631016042781,0.001336898395721925,4.2456,0.0621,4.2456,0.0,0.0,0.0,0.0,4.2456,0.0621,4.3077,4.3071
2667,0.0474,0.0,0.0474,0.0085,1.0,0.0,2.8431,0.0144,2.8431,0.0,0.0,0.0,0.0,2.8430999999999997,0.0144,2.8575,2.8621
2668,0.0193,0.0002,0.0196,0.0035,0.9846938775510204,0.010204081632653062,1.1586,0.173,1.1586,0.0,0.0,0.0,0.0,1.1585999999999999,0.173,1.3316,1.33
2669,0.0475,0.0,0.0475,0.0086,1.0,0.0,2.4444,0.0013,2.4443,0.0,0.0,0.0,0.0,2.4443,0.0013,2.4456,2.4489
2670,0.048,0.0,0.048,0.0086,1.0,0.0,2.7273,0.0075,2.7273,0.0,0.0,0.0,0.0,2.7273,0.0075,2.7348,2.7362
2671,0.0408,0.0005,0.0413,0.0074,0.9878934624697336,0.012106537530266344,2.3172,0.2999,2.317,0.0,0.0,0.0,0.0,2.317,0.2999,2.6169000000000002,2.615
2672,0.0272,0.0009,0.0281,0.0051,0.9679715302491103,0.03202846975088968,1.4667,0.6553,1.4665,0.0,0.0,0.0,0.0,1.4665,0.6553,2.1218,2.126
2673,0.0654,0.0,0.0654,0.0118,1.0,0.0,3.5322,0.0067,3.5322,0.0,0.0,0.0,0.0,3.5322,0.0067,3.5389,3.5438
2674,0.0192,0.0001,0.0193,0.0035,0.9948186528497408,0.0051813471502590676,1.0908,0.0398,1.0909,0.0001,0.0,0.0,0.0,1.0909,0.0398,1.1307,1.1299
2675,0.0173,0.0,0.0173,0.0031,1.0,0.0,1.0383,0.0154,1.0384,0.0001,0.0,0.0,0.0,1.0384,0.0154,1.0538,1.0489
2676,0.0606,0.0004,0.061,0.011,0.9934426229508198,0.006557377049180329,3.1152,0.293,3.1151,0.0,0.0,0.0,0.0,3.1151,0.29300000000000004,3.4081,3.4051
2677,0.019,0.0001,0.019,0.0034,1.0,0.005263157894736843,1.1373,0.054,1.1372,0.0,0.0,0.0,0.0,1.1372,0.054,1.1912,1.1876
2678,0.0303,0.0,0.0303,0.0055,1.0,0.0,1.5576,0.0037,1.5576,0.0,0.0,0.0,0.0,1.5575999999999999,0.0037,1.5613,1.5583
2679,0.0853,0.0,0.0853,0.0154,1.0,0.0,5.1177,0.0077,5.1177,0.0,0.0,0.0,0.0,5.1177,0.0077,5.1254,5.1214
2680,0.0619,0.0011,0.063,0.0113,0.9825396825396825,0.01746031746031746,3.3444,0.7909,3.3444,0.0,0.0,0.0,0.0,3.3444000000000003,0.7908999999999999,4.1353,4.1344
2681,0.0407,0.0,0.0408,0.0073,0.997549019607843,0.0,2.4444,0.0154,2.4444,0.0,0.0,0.0,0.0,2.4444,0.0154,2.4598,2.4599
2682,0.0207,0.0,0.0207,0.0037,1.0,0.0,1.0656,0.0024,1.0655,0.0,0.0,0.0,0.0,1.0655000000000001,0.0024,1.0679,1.066
2683,0.0386,0.0011,0.0397,0.0072,0.9722921914357684,0.02770780856423174,2.3172,0.7414,2.317,0.0,0.0,0.0,0.0,2.317,0.7414000000000001,3.0584000000000002,3.0588
2684,0.0553,0.0004,0.0556,0.01,0.9946043165467627,0.007194244604316547,2.8431,0.2591,2.8431,0.0,0.0,0.0,0.0,2.8430999999999997,0.2591,3.1022,3.1002
2685,0.0755,0.0,0.0755,0.0136,1.0,0.0,4.077,0.0112,4.077,0.0,0.0,0.0,0.0,4.077,0.0112,4.0882,4.088
2686,0.0175,0.0,0.0175,0.0031,1.0,0.0,0.9435,0.0012,0.9435,0.0,0.0,0.0,0.0,0.9435,0.0012000000000000001,0.9447,0.9456
2687,0.0419,0.0006,0.0425,0.0077,0.9858823529411764,0.014117647058823526,2.265,0.3796,2.265,0.0,0.0,0.0,0.0,2.265,0.3796,2.6446,2.6404
2688,0.0218,0.0044,0.0262,0.0047,0.83206106870229,0.16793893129770993,1.1787,3.1775,1.1787,0.0,0.0,0.0,0.0,1.1787,3.1774999999999998,4.356199999999999,4.3512
2689,0.0965,0.0,0.0966,0.0174,0.9989648033126294,0.0,5.2134,0.0215,5.2133,0.0,0.0,0.0,0.0,5.2133,0.0215,5.2348,5.233
2690,0.0457,0.0,0.0457,0.0082,1.0,0.0,2.5959,0.0055,2.596,0.0001,0.0,0.0,0.0,2.596,0.0055,2.6015,2.6022
2691,0.0784,0.0005,0.079,0.0142,0.9924050632911392,0.006329113924050633,4.4592,0.3196,4.459,0.0,0.0,0.0,0.0,4.459,0.3196,4.7786,4.7755
2692,0.0822,0.0,0.0822,0.0148,1.0,0.0,4.6728,0.0035,4.6726,0.0,0.0,0.0,0.0,4.6726,0.0035,4.6761,4.6774
2693,0.0725,0.0,0.0725,0.0131,1.0,0.0,3.7293,0.0116,3.7293,0.0,0.0,0.0,0.0,3.7293000000000003,0.011600000000000001,3.7409000000000003,3.7391
2694,0.0619,0.0021,0.0641,0.0115,0.9656786271450857,0.03276131045241809,3.3444,1.3861,3.3444,0.0,0.0,0.0,0.0,3.3444000000000003,1.3861,4.7305,4.7335
2695,0.0737,0.0012,0.0749,0.0135,0.9839786381842458,0.01602136181575434,3.9804,0.6998,3.9804,0.0,0.0,0.0,0.0,3.9804,0.6998000000000001,4.6802,4.6821
2696,0.043,0.0009,0.0439,0.0079,0.9794988610478359,0.02050113895216401,2.4444,0.641,2.4443,0.0,0.0,0.0,0.0,2.4443,0.641,3.0853,3.0824
2697,0.0407,0.0,0.0408,0.0073,0.997549019607843,0.0,2.4444,0.0091,2.4442,0.0,0.0,0.0,0.0,2.4442,0.0091,2.4533,2.4505
2698,0.055,0.0011,0.0562,0.0101,0.9786476868327402,0.019572953736654807,3.3021,0.8076,3.3021,0.0,0.0,0.0,0.0,3.3021000000000003,0.8076,4.1097,4.1049
2699,0.0774,0.0,0.0774,0.0139,1.0,0.0,3.9804,0.0124,3.9804,0.0,0.0,0.0,0.0,3.9804,0.012400000000000001,3.9928,3.9893
2700,0.0691,0.0,0.0691,0.0124,1.0,0.0,3.7293,0.0221,3.7293,0.0,0.0,0.0,0.0,3.7293000000000003,0.0221,3.7514000000000003,3.7536
2701,0.0579,0.0054,0.0633,0.0114,0.9146919431279622,0.08530805687203792,3.4755,3.8724,3.4755,0.0,0.0,0.0,0.0,3.4755000000000003,3.8724,7.3479,7.3456
2702,0.0577,0.0002,0.0579,0.0104,0.996545768566494,0.003454231433506045,3.1152,0.1285,3.1151,0.0,0.0,0.0,0.0,3.1151,0.1285,3.2436,3.2466
2703,0.0316,0.0,0.0316,0.0057,1.0,0.0,1.7058,0.0047,1.7059,0.0001,0.0,0.0,0.0,1.7059,0.0047,1.7106,1.715
2704,0.0699,0.0,0.0699,0.0126,1.0,0.0,3.774,0.0258,3.7738,0.0,0.0,0.0,0.0,3.7738000000000005,0.0258,3.7996000000000003,3.8018
2705,0.0516,0.001,0.0526,0.0095,0.9809885931558935,0.019011406844106463,2.9331,0.6498,2.9331,0.0,0.0,0.0,0.0,2.9331,0.6497999999999999,3.5829,3.5843
2706,0.0157,0.0005,0.0162,0.0029,0.9691358024691358,0.0308641975308642,0.9435,0.2612,0.9435,0.0,0.0,0.0,0.0,0.9435,0.2612,1.2046999999999999,1.2082
2707,0.0676,0.0011,0.0687,0.0124,0.9839883551673945,0.01601164483260553,3.4755,0.6435,3.4755,0.0,0.0,0.0,0.0,3.4755000000000003,0.6435000000000001,4.119000000000001,4.1188
2708,0.0569,0.0,0.0569,0.0102,1.0,0.0,3.4119,0.0043,3.4119,0.0,0.0,0.0,0.0,3.4119,0.0043,3.4162000000000003,3.4148
2709,0.0374,0.0,0.0374,0.0067,1.0,0.0,2.0184,0.0028,2.0184,0.0,0.0,0.0,0.0,2.0183999999999997,0.0028,2.0212,2.0222
2710,0.0774,0.0,0.0774,0.0139,1.0,0.0,3.9804,0.0229,3.9804,0.0,0.0,0.0,0.0,3.9804,0.0229,4.0033,4.0034
2711,0.0589,0.0,0.0589,0.0106,1.0,0.0,3.5361,0.0026,3.5361,0.0,0.0,0.0,0.0,3.5361000000000002,0.0026,3.5387000000000004,3.5387
2712,0.0808,0.0,0.0808,0.0145,1.0,0.0,4.3635,0.0017,4.3636,0.0001,0.0,0.0,0.0,4.3636,0.0016999999999999997,4.3652999999999995,4.3604
2713,0.0799,0.001,0.0809,0.0146,0.9876390605686032,0.012360939431396786,4.7949,0.7203,4.7949,0.0,0.0,0.0,0.0,4.7949,0.7202999999999999,5.5152,5.5132
2714,0.0885,0.0007,0.0892,0.0161,0.9921524663677129,0.007847533632286996,4.5489,0.4808,4.5489,0.0,0.0,0.0,0.0,4.5489,0.4808,5.0297,5.0265
2715,0.0774,0.0002,0.0775,0.014,0.9987096774193548,0.0025806451612903226,3.9804,0.0903,3.9803,0.0,0.0,0.0,0.0,3.9803,0.09029999999999999,4.0706,4.0699
2716,0.0579,0.0042,0.0621,0.0112,0.932367149758454,0.06763285024154589,3.4755,2.7528,3.4756,0.0001,0.0,0.0,0.0,3.4756,2.7528,6.228400000000001,6.2291
2717,0.0505,0.0,0.0505,0.0091,1.0,0.0,2.5959,0.0338,2.5959,0.0,0.0,0.0,0.0,2.5959,0.0338,2.6296999999999997,2.6303
2718,0.0314,0.0017,0.0331,0.006,0.9486404833836858,0.0513595166163142,1.887,0.9622,1.887,0.0,0.0,0.0,0.0,1.887,0.9622000000000002,2.8492,2.853
2719,0.0178,0.0021,0.0199,0.0036,0.8944723618090452,0.10552763819095476,1.0092,1.4631,1.0092,0.0,0.0,0.0,0.0,1.0091999999999999,1.4630999999999998,2.4722999999999997,2.4733
2720,0.0284,0.0003,0.0287,0.0052,0.9895470383275262,0.010452961672473867,1.7058,0.1766,1.7058,0.0,0.0,0.0,0.0,1.7058,0.1766,1.8824,1.8815
2721,0.0275,0.0002,0.0277,0.005,0.9927797833935018,0.007220216606498195,1.4151,0.1149,1.4151,0.0,0.0,0.0,0.0,1.4151,0.1149,1.53,1.5344
2722,0.0788,0.0,0.0789,0.0142,0.9987325728770595,0.0,4.0548,0.0295,4.0549,0.0001,0.0,0.0,0.0,4.0549,0.0295,4.0844,4.0875
2723,0.0187,0.0006,0.0193,0.0035,0.9689119170984456,0.0310880829015544,1.0092,0.3925,1.0092,0.0,0.0,0.0,0.0,1.0091999999999999,0.3925,1.4017,1.3975
2724,0.0166,0.0,0.0166,0.003,1.0,0.0,0.9435,0.0148,0.9435,0.0,0.0,0.0,0.0,0.9435,0.0148,0.9583,0.9548
2725,0.0516,0.0004,0.0521,0.0094,0.9904030710172744,0.007677543186180423,2.787,0.3229,2.787,0.0,0.0,0.0,0.0,2.787,0.3229,3.1099,3.111
2726,0.0414,0.0,0.0414,0.0075,1.0,0.0,2.1309,0.0034,2.131,0.0001,0.0,0.0,0.0,2.1310000000000002,0.0034000000000000002,2.1344000000000003,2.1363
2727,0.0982,0.0,0.0982,0.0177,1.0,0.0,5.3043,0.0019,5.3043,0.0,0.0,0.0,0.0,5.3043,0.0018999999999999998,5.3062,5.307
2728,0.0314,0.0,0.0315,0.0057,0.9968253968253967,0.0,1.887,0.0033,1.8869,0.0,0.0,0.0,0.0,1.8869,0.0033,1.8902,1.8908
2729,0.0815,0.0009,0.0824,0.0148,0.9890776699029127,0.010922330097087379,4.3998,0.6745,4.3998,0.0,0.0,0.0,0.0,4.3998,0.6745,5.0743,5.0789
2730,0.0818,0.0004,0.0822,0.0148,0.9951338199513382,0.004866180048661801,4.9092,0.2499,4.9091,0.0,0.0,0.0,0.0,4.9091000000000005,0.2499,5.159000000000001,5.158
2731,0.0853,0.0001,0.0854,0.0154,0.9988290398126464,0.00117096018735363,5.1177,0.0777,5.1177,0.0,0.0,0.0,0.0,5.1177,0.0777,5.1954,5.1916
2732,0.057,0.0,0.0571,0.0103,0.9982486865148862,0.0,2.9331,0.034,2.9332,0.0001,0.0,0.0,0.0,2.9332000000000003,0.034,2.9672,2.9686
2733,0.0642,0.0003,0.0645,0.0116,0.9953488372093022,0.0046511627906976735,3.3021,0.1778,3.3021,0.0,0.0,0.0,0.0,3.3021000000000003,0.1778,3.4799,3.4823
2734,0.0319,0.0001,0.032,0.0058,0.996875,0.003125,1.812,0.0674,1.812,0.0,0.0,0.0,0.0,1.8119999999999998,0.06739999999999999,1.8793999999999997,1.8801
2735,0.0218,0.0018,0.0236,0.0043,0.923728813559322,0.07627118644067797,1.1787,1.1351,1.1787,0.0,0.0,0.0,0.0,1.1787,1.1351,2.3138,2.3133
2736,0.0527,0.001,0.0536,0.0097,0.9832089552238805,0.018656716417910446,2.8431,0.7149,2.8432,0.0001,0.0,0.0,0.0,2.8432,0.7149000000000001,3.5581,3.5562
2737,0.0407,0.0001,0.0408,0.0073,0.997549019607843,0.0024509803921568627,2.4444,0.0368,2.4444,0.0,0.0,0.0,0.0,2.4444,0.0368,2.4812,2.4851
2738,0.0217,0.0001,0.0218,0.0039,0.9954128440366973,0.0045871559633027525,1.1148,0.0599,1.1147,0.0,0.0,0.0,0.0,1.1147,0.059899999999999995,1.1746,1.1787
2739,0.0909,0.0,0.0909,0.0164,1.0,0.0,4.6728,0.003,4.6728,0.0,0.0,0.0,0.0,4.6728000000000005,0.003,4.675800000000001,4.671
2740,0.0786,0.0,0.0786,0.0142,1.0,0.0,4.7148,0.0324,4.7148,0.0,0.0,0.0,0.0,4.7148,0.0324,4.7472,4.7478
2741,0.0975,0.0,0.0976,0.0176,0.9989754098360656,0.0,5.0163,0.0202,5.0164,0.0001,0.0,0.0,0.0,5.016399999999999,0.020200000000000003,5.036599999999999,5.0355
2742,0.055,0.0001,0.0551,0.0099,0.9981851179673321,0.0018148820326678765,3.3021,0.0331,3.3021,0.0,0.0,0.0,0.0,3.3021000000000003,0.0331,3.3352000000000004,3.3356
2743,0.0332,0.0,0.0332,0.006,1.0,0.0,1.887,0.0026,1.887,0.0,0.0,0.0,0.0,1.887,0.0026,1.8896,1.8854
2744,0.0227,0.0,0.0227,0.0041,1.0,0.0,1.359,0.0138,1.359,0.0,0.0,0.0,0.0,1.359,0.0138,1.3728,1.3715
2745,0.0867,0.0037,0.0904,0.0163,0.959070796460177,0.04092920353982301,4.4592,2.6299,4.459,0.0,0.0,0.0,0.0,4.459,2.6299,7.0889,7.087
2746,0.0168,0.0,0.0168,0.003,1.0,0.0,0.906,0.0067,0.906,0.0,0.0,0.0,0.0,0.9059999999999999,0.0067,0.9127,0.9163
2747,0.0634,0.0004,0.0638,0.0115,0.993730407523511,0.006269592476489029,3.4221,0.2623,3.4221,0.0,0.0,0.0,0.0,3.4221000000000004,0.2623,3.6844,3.6857
2748,0.0364,0.0,0.0364,0.0065,1.0,0.0,2.1819,0.003,2.1819,0.0,0.0,0.0,0.0,2.1818999999999997,0.003,2.1849,2.1835
2749,0.043,0.0,0.0431,0.0077,0.9976798143851507,0.0,2.4444,0.0293,2.4443,0.0,0.0,0.0,0.0,2.4443,0.0293,2.4736000000000002,2.4754
2750,0.0474,0.0,0.0474,0.0085,1.0,0.0,2.8431,0.0093,2.8431,0.0,0.0,0.0,0.0,2.8430999999999997,0.0093,2.8524,2.8537
2751,0.0606,0.0,0.0606,0.0109,1.0,0.0,3.2727,0.0024,3.2727,0.0,0.0,0.0,0.0,3.2727,0.0024,3.2751,3.2714
2752,0.065,0.0,0.065,0.0117,1.0,0.0,3.9018,0.0022,3.9018,0.0,0.0,0.0,0.0,3.9017999999999997,0.0021999999999999997,3.904,3.9051
2753,0.0848,0.0024,0.0872,0.0157,0.9724770642201835,0.027522935779816512,4.3635,1.4774,4.3637,0.0002,0.0,0.0,0.0,4.3637,1.4774,5.8411,5.8394
2754,0.049,0.0002,0.0492,0.0089,0.9959349593495935,0.0040650406504065045,2.787,0.0993,2.7869,0.0,0.0,0.0,0.0,2.7869,0.0993,2.8862,2.8896
2755,0.0311,0.0,0.0311,0.0056,1.0,0.0,1.7682,0.0119,1.768,0.0,0.0,0.0,0.0,1.7680000000000002,0.011899999999999999,1.7799000000000003,1.7827
2756,0.0379,0.0004,0.0383,0.0069,0.989556135770235,0.010443864229765013,2.2746,0.2436,2.2745,0.0,0.0,0.0,0.0,2.2744999999999997,0.2436,2.5180999999999996,2.5155
2757,0.0374,0.0001,0.0374,0.0067,1.0,0.00267379679144385,2.0184,0.0332,2.0184,0.0,0.0,0.0,0.0,2.0183999999999997,0.0332,2.0515999999999996,2.0543
2758,0.0491,0.0,0.0491,0.0088,1.0,0.0,2.523,0.0056,2.523,0.0,0.0,0.0,0.0,2.5229999999999997,0.0056,2.5285999999999995,2.5275
2759,0.0663,0.0,0.0664,0.0119,0.9984939759036144,0.0,3.4119,0.0265,3.4119,0.0,0.0,0.0,0.0,3.4119,0.0265,3.4384,3.4349
2760,0.0772,0.0003,0.0776,0.014,0.9948453608247423,0.0038659793814432987,4.6341,0.2476,4.6341,0.0,0.0,0.0,0.0,4.6341,0.2476,4.8817,4.8792
2761,0.0332,0.0,0.0332,0.006,1.0,0.0,1.7058,0.0214,1.7058,0.0,0.0,0.0,0.0,1.7058,0.021400000000000002,1.7272,1.7295
2762,0.0326,0.0,0.0326,0.0059,1.0,0.0,1.9554,0.0155,1.9554,0.0,0.0,0.0,0.0,1.9554,0.0155,1.9709,1.9673
2763,0.0365,0.0,0.0366,0.0066,0.9972677595628414,0.0,2.0766,0.0144,2.0767,0.0001,0.0,0.0,0.0,2.0767,0.0144,2.0911000000000004,2.0924
2764,0.0815,0.0001,0.0816,0.0147,0.9987745098039216,0.0012254901960784314,4.3998,0.0907,4.3996,0.0,0.0,0.0,0.0,4.3995999999999995,0.0907,4.4902999999999995,4.487
2765,0.0415,0.0,0.0415,0.0075,1.0,0.0,2.3586,0.0026,2.3586,0.0,0.0,0.0,0.0,2.3586,0.0026,2.3612,2.366
2766,0.0415,0.0024,0.0438,0.0079,0.9474885844748859,0.0547945205479452,2.3574,1.5608,2.3574,0.0,0.0,0.0,0.0,2.3574,1.5608,3.9182,3.9158
2767,0.0415,0.0046,0.0461,0.0083,0.9002169197396963,0.09978308026030368,2.3574,3.3393,2.3575,0.0001,0.0,0.0,0.0,2.3575,3.3393,5.6968,5.6969
2768,0.0632,0.0001,0.0632,0.0114,1.0,0.0015822784810126582,3.4119,0.031,3.4117,0.0,0.0,0.0,0.0,3.4116999999999997,0.031,3.4427,3.4461
2769,0.0589,0.0,0.059,0.0106,0.9983050847457627,0.0,3.5361,0.0163,3.5362,0.0001,0.0,0.0,0.0,3.5362,0.0163,3.5525,3.5491
2770,0.0725,0.0004,0.0729,0.0131,0.9945130315500684,0.0054869684499314125,3.7293,0.2379,3.7293,0.0,0.0,0.0,0.0,3.7293000000000003,0.2379,3.9672,3.9702
2771,0.0414,0.0,0.0415,0.0075,0.9975903614457831,0.0,2.1309,0.02,2.131,0.0001,0.0,0.0,0.0,2.1310000000000002,0.02,2.1510000000000002,2.1467
2772,0.0606,0.0,0.0606,0.0109,1.0,0.0,3.6342,0.0038,3.6342,0.0,0.0,0.0,0.0,3.6342,0.0037999999999999996,3.638,3.6389
2773,0.0236,0.0,0.0236,0.0042,1.0,0.0,1.4151,0.0035,1.4152,0.0001,0.0,0.0,0.0,1.4152,0.0034999999999999996,1.4187,1.4165
2774,0.055,0.0,0.0551,0.0099,0.9981851179673321,0.0,2.8305,0.0282,2.8304,0.0,0.0,0.0,0.0,2.8304,0.0282,2.8586,2.8599
2775,0.0505,0.0034,0.0539,0.0097,0.9369202226345084,0.06307977736549164,2.7273,2.2682,2.7273,0.0,0.0,0.0,0.0,2.7273,2.2682,4.9955,4.993
2776,0.0562,0.0017,0.0579,0.0104,0.9706390328151986,0.02936096718480138,3.1965,1.0573,3.1965,0.0,0.0,0.0,0.0,3.1964999999999995,1.0573,4.253799999999999,4.2585
2777,0.0258,0.0,0.0258,0.0046,1.0,0.0,1.4667,0.0023,1.4666,0.0,0.0,0.0,0.0,1.4666000000000001,0.0023,1.4689,1.4666
2778,0.0365,0.0,0.0366,0.0066,0.9972677595628414,0.0,2.0766,0.0123,2.0767,0.0001,0.0,0.0,0.0,2.0767,0.012299999999999998,2.0890000000000004,2.0856
2779,0.0367,0.0,0.0367,0.0066,1.0,0.0,1.887,0.0061,1.887,0.0,0.0,0.0,0.0,1.887,0.0060999999999999995,1.8931,1.892
2780,0.0455,0.0001,0.0455,0.0082,1.0,0.002197802197802198,2.7273,0.0452,2.7273,0.0,0.0,0.0,0.0,2.7273,0.045200000000000004,2.7725,2.7733
2781,0.0518,0.0,0.0518,0.0093,1.0,0.0,2.9469,0.0024,2.9468,0.0,0.0,0.0,0.0,2.9467999999999996,0.0024000000000000002,2.9492,2.9528
2782,0.0636,0.0001,0.0637,0.0115,0.9984301412872841,0.0015698587127158554,3.2727,0.0748,3.2727,0.0,0.0,0.0,0.0,3.2727,0.07479999999999999,3.3475,3.3483
2783,0.0474,0.0005,0.0479,0.0086,0.9895615866388309,0.010438413361169102,2.8431,0.3019,2.8431,0.0,0.0,0.0,0.0,2.8430999999999997,0.3019,3.1449999999999996,3.1401
2784,0.0563,0.0001,0.0564,0.0102,0.99822695035461,0.001773049645390071,2.8962,0.0507,2.8963,0.0001,0.0,0.0,0.0,2.8963,0.050699999999999995,2.947,2.9462
2785,0.0192,0.0023,0.0215,0.0039,0.8930232558139535,0.10697674418604652,1.0908,1.643,1.0909,0.0001,0.0,0.0,0.0,1.0909,1.643,2.7339,2.7376
2786,0.0202,0.0,0.0202,0.0036,1.0,0.0,1.0383,0.0323,1.0383,0.0,0.0,0.0,0.0,1.0383,0.032299999999999995,1.0706,1.0659
2787,0.0314,0.0006,0.032,0.0058,0.9812499999999998,0.01875,1.887,0.3095,1.887,0.0,0.0,0.0,0.0,1.887,0.3095,2.1965,2.1967
2788,0.0377,0.0,0.0378,0.0068,0.9973544973544973,0.0,2.265,0.0017,2.2649,0.0,0.0,0.0,0.0,2.2649,0.0017,2.2666,2.2685
2789,0.0901,0.0038,0.0939,0.0169,0.959531416400426,0.04046858359957402,4.6341,2.4276,4.6341,0.0,0.0,0.0,0.0,4.6341,2.4276,7.0617,7.0622
2790,0.0478,0.0021,0.05,0.009,0.956,0.041999999999999996,2.718,1.5396,2.7179,0.0,0.0,0.0,0.0,2.7179,1.5396,4.2575,4.2581
2791,0.0384,0.0045,0.0429,0.0077,0.895104895104895,0.10489510489510488,2.1819,2.7043,2.1818,0.0,0.0,0.0,0.0,2.1818,2.7043,4.8861,4.8831
2792,0.0211,0.0,0.0211,0.0038,1.0,0.0,1.1373,0.0185,1.1373,0.0,0.0,0.0,0.0,1.1373,0.018500000000000003,1.1558,1.1555
2793,0.0527,0.0008,0.0534,0.0096,0.9868913857677901,0.0149812734082397,2.8431,0.4667,2.8432,0.0001,0.0,0.0,0.0,2.8432,0.4667,3.3099,3.3132
2794,0.0322,0.0001,0.0323,0.0058,0.9969040247678018,0.003095975232198142,1.7379,0.044,1.7379,0.0,0.0,0.0,0.0,1.7379000000000002,0.044,1.7819000000000003,1.7857
2795,0.0622,0.0,0.0622,0.0112,1.0,0.0,3.1965,0.0184,3.1965,0.0,0.0,0.0,0.0,3.1964999999999995,0.0184,3.2148999999999996,3.2175
2796,0.0163,0.0028,0.0191,0.0034,0.8534031413612565,0.14659685863874347,0.9777,2.0143,0.9777,0.0,0.0,0.0,0.0,0.9777,2.0143,2.992,2.9896
2797,0.0707,0.0002,0.0709,0.0128,0.9971791255289139,0.0028208744710860366,3.8181,0.141,3.8181,0.0,0.0,0.0,0.0,3.8181,0.14100000000000001,3.9591,3.9603
2798,0.0206,0.0,0.0207,0.0037,0.9951690821256038,0.0,1.1148,0.0233,1.1147,0.0,0.0,0.0,0.0,1.1147,0.0233,1.1380000000000001,1.1393
2799,0.0415,0.0008,0.0423,0.0076,0.9810874704491727,0.018912529550827426,2.3586,0.5226,2.3586,0.0,0.0,0.0,0.0,2.3586,0.5226,2.8811999999999998,2.8794
2800,0.0826,0.0034,0.0859,0.0155,0.9615832363213038,0.039580908032596035,4.4592,2.4258,4.4591,0.0,0.0,0.0,0.0,4.459099999999999,2.4257999999999997,6.884899999999999,6.888
2801,0.0437,0.0,0.0437,0.0079,1.0,0.0,2.3574,0.0137,2.3574,0.0,0.0,0.0,0.0,2.3574,0.0137,2.3711,2.3667
2802,0.0769,0.0,0.0769,0.0138,1.0,0.0,4.1535,0.0024,4.1535,0.0,0.0,0.0,0.0,4.1535,0.0024000000000000002,4.1559,4.1602
2803,0.0252,0.0001,0.0253,0.0046,0.9960474308300395,0.003952569169960475,1.5138,0.0414,1.5138,0.0,0.0,0.0,0.0,1.5138000000000003,0.0414,1.5552000000000004,1.5541
2804,0.0686,0.0057,0.0744,0.0134,0.9220430107526881,0.07661290322580647,3.9018,3.8482,3.9018,0.0,0.0,0.0,0.0,3.9017999999999997,3.8482,7.75,7.7483
2805,0.0196,0.0003,0.02,0.0036,0.98,0.014999999999999998,1.0092,0.2465,1.0092,0.0,0.0,0.0,0.0,1.0091999999999999,0.2465,1.2556999999999998,1.2578
2806,0.0236,0.0,0.0236,0.0042,1.0,0.0,1.4151,0.0028,1.4152,0.0001,0.0,0.0,0.0,1.4152,0.0028,1.418,1.4138
2807,0.0404,0.0001,0.0405,0.0073,0.9975308641975308,0.0024691358024691358,2.1819,0.0673,2.1818,0.0,0.0,0.0,0.0,2.1818,0.0673,2.2491,2.2481
2808,0.0196,0.0,0.0197,0.0035,0.9949238578680203,0.0,1.0092,0.0326,1.0092,0.0,0.0,0.0,0.0,1.0091999999999999,0.032600000000000004,1.0417999999999998,1.0399
2809,0.0385,0.0,0.0385,0.0069,1.0,0.0,2.0766,0.0266,2.0766,0.0,0.0,0.0,0.0,2.0766,0.0266,2.1032,2.1001
2810,0.0408,0.0014,0.0422,0.0076,0.966824644549763,0.03317535545023696,2.3172,0.9498,2.3171,0.0,0.0,0.0,0.0,2.3171,0.9498,3.2668999999999997,3.2655
2811,0.0784,0.0009,0.0794,0.0143,0.9874055415617128,0.011335012594458438,4.4592,0.569,4.4592,0.0,0.0,0.0,0.0,4.4592,0.569,5.0282,5.0281
2812,0.0563,0.0,0.0564,0.0101,0.99822695035461,0.0,2.8962,0.0267,2.8962,0.0,0.0,0.0,0.0,2.8962000000000003,0.0267,2.9229000000000003,2.9194
2813,0.0688,0.0,0.0688,0.0124,1.0,0.0,3.9108,0.0111,3.9108,0.0,0.0,0.0,0.0,3.9108,0.0111,3.9219,3.9248
2814,0.0459,0.0002,0.046,0.0083,0.9978260869565219,0.004347826086956522,2.3586,0.1056,2.3587,0.0001,0.0,0.0,0.0,2.3587,0.1056,2.4642999999999997,2.4612
2815,0.0187,0.0001,0.0188,0.0034,0.9946808510638299,0.005319148936170213,1.0656,0.0591,1.0656,0.0,0.0,0.0,0.0,1.0656,0.0591,1.1247,1.1216
2816,0.0727,0.0,0.0727,0.0131,1.0,0.0,4.3635,0.0119,4.3637,0.0002,0.0,0.0,0.0,4.3637,0.011899999999999999,4.3755999999999995,4.3786
2817,0.0808,0.0001,0.0809,0.0146,0.9987639060568603,0.0012360939431396787,4.1535,0.0944,4.1535,0.0,0.0,0.0,0.0,4.1535,0.09439999999999998,4.2479000000000005,4.2501
2818,0.0489,0.0001,0.049,0.0088,0.9979591836734694,0.0020408163265306124,2.9331,0.0926,2.9333,0.0002,0.0,0.0,0.0,2.9333,0.09259999999999999,3.0259,3.0227
2819,0.0901,0.0003,0.0905,0.0163,0.9955801104972376,0.003314917127071823,4.6341,0.2468,4.6341,0.0,0.0,0.0,0.0,4.6341,0.24680000000000002,4.8809000000000005,4.8829
2820,0.0606,0.0001,0.0607,0.0109,0.9983525535420099,0.0016474464579901156,3.6342,0.0624,3.6343,0.0001,0.0,0.0,0.0,3.6343000000000005,0.0624,3.6967000000000003,3.6979
2821,0.06,0.0,0.06,0.0108,1.0,0.0,3.4119,0.0054,3.4118,0.0,0.0,0.0,0.0,3.4118,0.0054,3.4172,3.4162
2822,0.0437,0.0005,0.0442,0.008,0.9886877828054299,0.011312217194570135,2.3586,0.3638,2.3587,0.0001,0.0,0.0,0.0,2.3587,0.3638,2.7224999999999997,2.7245
2823,0.0183,0.0,0.0183,0.0033,1.0,0.0,1.0383,0.0054,1.0383,0.0,0.0,0.0,0.0,1.0383,0.0054,1.0437,1.0412
2824,0.0731,0.0,0.0731,0.0132,1.0,0.0,4.1535,0.0084,4.1535,0.0,0.0,0.0,0.0,4.1535,0.008400000000000001,4.1619,4.1661
2825,0.0617,0.0001,0.0618,0.0111,0.9983818770226537,0.0016181229773462784,3.171,0.0883,3.1709,0.0,0.0,0.0,0.0,3.1708999999999996,0.08829999999999999,3.2591999999999994,3.2565
2826,0.0829,0.0047,0.0876,0.0158,0.9463470319634704,0.053652968036529684,4.7148,3.3737,4.7148,0.0,0.0,0.0,0.0,4.7148,3.3737,8.0885,8.0849
2827,0.0215,0.0028,0.0243,0.0044,0.8847736625514403,0.11522633744855967,1.1586,1.6772,1.1586,0.0,0.0,0.0,0.0,1.1585999999999999,1.6772,2.8358,2.8392
2828,0.0302,0.0001,0.0303,0.0055,0.9966996699669968,0.0033003300330033004,1.812,0.0682,1.812,0.0,0.0,0.0,0.0,1.8119999999999998,0.0682,1.8801999999999999,1.8803
2829,0.0917,0.0009,0.0927,0.0167,0.9892125134843581,0.009708737864077669,5.2134,0.5566,5.2134,0.0,0.0,0.0,0.0,5.2134,0.5566,5.77,5.7723
2830,0.0204,0.0013,0.0217,0.0039,0.9400921658986175,0.059907834101382486,1.1586,0.8773,1.1586,0.0,0.0,0.0,0.0,1.1585999999999999,0.8773,2.0359,2.0371
2831,0.0751,0.0002,0.0753,0.0135,0.9973439575033199,0.0026560424966799467,4.0548,0.1015,4.0549,0.0001,0.0,0.0,0.0,4.0549,0.1015,4.1564,4.1611
2832,0.0788,0.0001,0.0789,0.0142,0.9987325728770595,0.001267427122940431,4.0548,0.0615,4.055,0.0002,0.0,0.0,0.0,4.055,0.061500000000000006,4.116499999999999,4.1153
2833,0.065,0.0014,0.0664,0.012,0.9789156626506025,0.02108433734939759,3.9018,0.9165,3.9018,0.0,0.0,0.0,0.0,3.9017999999999997,0.9165,4.8183,4.8207
2834,0.0274,0.0003,0.0277,0.005,0.9891696750902528,0.010830324909747292,1.5576,0.1783,1.5576,0.0,0.0,0.0,0.0,1.5575999999999999,0.17830000000000001,1.7359,1.7344
2835,0.0676,0.0036,0.0711,0.0128,0.9507735583684951,0.05063291139240506,3.4755,2.1426,3.4756,0.0001,0.0,0.0,0.0,3.4756,2.1426,5.6182,5.6134
2836,0.0562,0.0003,0.0566,0.0102,0.9929328621908128,0.005300353356890459,3.1965,0.2368,3.1965,0.0,0.0,0.0,0.0,3.1964999999999995,0.2368,3.4332999999999996,3.4381
2837,0.0385,0.0008,0.0392,0.0071,0.9821428571428572,0.020408163265306124,2.0766,0.535,2.0767,0.0001,0.0,0.0,0.0,2.0767,0.535,2.6117000000000004,2.6082
2838,0.0294,0.0042,0.0337,0.0061,0.8724035608308605,0.12462908011869435,1.6722,2.5105,1.6722,0.0,0.0,0.0,0.0,1.6722000000000001,2.5105,4.1827000000000005,4.1779
2839,0.0611,0.0003,0.0614,0.0111,0.995114006514658,0.004885993485342019,3.4755,0.1641,3.4755,0.0,0.0,0.0,0.0,3.4755000000000003,0.1641,3.6396,3.6389
2840,0.0686,0.0,0.0687,0.0124,0.9985443959243085,0.0,3.9018,0.0102,3.9017,0.0,0.0,0.0,0.0,3.9017,0.0102,3.9119,3.9106
2841,0.0258,0.0007,0.0265,0.0048,0.9735849056603774,0.026415094339622643,1.4667,0.5169,1.4667,0.0,0.0,0.0,0.0,1.4667,0.5169,1.9836,1.9822
2842,0.0581,0.0018,0.0599,0.0108,0.9699499165275458,0.030050083472454088,3.3021,1.3283,3.3022,0.0001,0.0,0.0,0.0,3.3022,1.3283,4.6305,4.6274
2843,0.0344,0.0,0.0344,0.0062,1.0,0.0,1.7682,0.0066,1.7681,0.0,0.0,0.0,0.0,1.7681,0.0066,1.7747,1.7699
2844,0.0332,0.0,0.0332,0.006,1.0,0.0,1.7058,0.0098,1.7058,0.0,0.0,0.0,0.0,1.7058,0.0098,1.7156,1.7196
2845,0.0444,0.0005,0.0449,0.0081,0.9888641425389755,0.011135857461024499,2.523,0.3308,2.523,0.0,0.0,0.0,0.0,2.5229999999999997,0.33080000000000004,2.8537999999999997,2.8502
2846,0.0644,0.0005,0.0649,0.0117,0.9922958397534669,0.007704160246533128,3.4755,0.3568,3.4756,0.0001,0.0,0.0,0.0,3.4756,0.3568,3.8324,3.8357
2847,0.0638,0.0001,0.0639,0.0115,0.9984350547730829,0.001564945226917058,3.624,0.0748,3.6238,0.0,0.0,0.0,0.0,3.6237999999999997,0.0748,3.6986,3.6938
2848,0.0481,0.0,0.0481,0.0087,1.0,0.0,2.5959,0.0015,2.596,0.0001,0.0,0.0,0.0,2.596,0.0015,2.5975,2.6014
2849,0.0705,0.0,0.0705,0.0127,1.0,0.0,3.624,0.0152,3.624,0.0,0.0,0.0,0.0,3.6239999999999997,0.015200000000000002,3.6391999999999998,3.6346
2850,0.0182,0.0001,0.0182,0.0033,1.0,0.005494505494505494,1.0908,0.0334,1.0909,0.0001,0.0,0.0,0.0,1.0909,0.0334,1.1243,1.1252
2851,0.0636,0.0,0.0636,0.0115,1.0,0.0,3.2727,0.0034,3.2727,0.0,0.0,0.0,0.0,3.2727,0.0034,3.2761,3.2732
2852,0.0266,0.0,0.0266,0.0048,1.0,0.0,1.5984,0.0019,1.5984,0.0,0.0,0.0,0.0,1.5984000000000003,0.0018999999999999998,1.6003000000000003,1.5982
2853,0.065,0.0001,0.0651,0.0117,0.9984639016897081,0.0015360983102918587,3.3444,0.0419,3.3443,0.0,0.0,0.0,0.0,3.3442999999999996,0.0419,3.3861999999999997,3.3906
2854,0.071,0.0012,0.0723,0.013,0.9820193637621022,0.01659751037344398,4.2621,0.8783,4.2621,0.0,0.0,0.0,0.0,4.2621,0.8782999999999999,5.1404,5.1412
2855,0.0178,0.0,0.0178,0.0032,1.0,0.0,1.0092,0.0083,1.0092,0.0,0.0,0.0,0.0,1.0091999999999999,0.0083,1.0174999999999998,1.0164
2856,0.0311,0.0,0.0311,0.0056,1.0,0.0,1.5984,0.0253,1.5982,0.0,0.0,0.0,0.0,1.5982,0.0253,1.6235000000000002,1.6237
2857,0.0542,0.0,0.0542,0.0098,1.0,0.0,2.787,0.0037,2.7869,0.0,0.0,0.0,0.0,2.7869,0.0037,2.7906,2.7868
2858,0.0244,0.0,0.0245,0.0044,0.9959183673469388,0.0,1.4667,0.0038,1.4667,0.0,0.0,0.0,0.0,1.4667,0.0038,1.4705,1.4751
2859,0.0636,0.0,0.0636,0.0115,1.0,0.0,3.2727,0.0032,3.2727,0.0,0.0,0.0,0.0,3.2727,0.0032000000000000006,3.2759,3.2771
2860,0.055,0.0,0.055,0.0099,1.0,0.0,3.3021,0.0011,3.3021,0.0,0.0,0.0,0.0,3.3021000000000003,0.0011,3.3032000000000004,3.3027
2861,0.0561,0.0001,0.0561,0.0101,1.0,0.0017825311942959003,3.0276,0.0578,3.0276,0.0,0.0,0.0,0.0,3.0276000000000005,0.057800000000000004,3.0854000000000004,3.0843
2862,0.0346,0.0,0.0346,0.0062,1.0,0.0,2.0766,0.0022,2.0766,0.0,0.0,0.0,0.0,2.0766,0.0021999999999999997,2.0788,2.0819
2863,0.031,0.001,0.032,0.0058,0.96875,0.03125,1.6722,0.6002,1.6721,0.0,0.0,0.0,0.0,1.6721,0.6002,2.2723,2.2756
2864,0.0197,0.0017,0.0214,0.0039,0.9205607476635513,0.0794392523364486,1.0656,1.1102,1.0655,0.0,0.0,0.0,0.0,1.0655000000000001,1.1102,2.1757,2.1752
2865,0.0617,0.0,0.0617,0.0111,1.0,0.0,3.171,0.0054,3.171,0.0,0.0,0.0,0.0,3.171,0.0054,3.1763999999999997,3.1723
2866,0.0822,0.0,0.0822,0.0148,1.0,0.0,4.6728,0.0204,4.6728,0.0,0.0,0.0,0.0,4.6728000000000005,0.020399999999999998,4.693200000000001,4.6918
2867,0.0288,0.0015,0.0303,0.0055,0.9504950495049505,0.04950495049504951,1.5576,1.0518,1.5575,0.0,0.0,0.0,0.0,1.5575,1.0518,2.6093,2.613
2868,0.0634,0.0001,0.0634,0.0114,1.0,0.001577287066246057,3.4221,0.0448,3.4221,0.0,0.0,0.0,0.0,3.4221000000000004,0.0448,3.4669000000000003,3.4667
2869,0.0182,0.0,0.0182,0.0033,1.0,0.0,1.0908,0.0075,1.0909,0.0001,0.0,0.0,0.0,1.0909,0.0075,1.0984,1.1014
2870,0.03,0.0002,0.0302,0.0054,0.9933774834437086,0.006622516556291391,1.7058,0.1157,1.7059,0.0001,0.0,0.0,0.0,1.7059,0.1157,1.8215999999999999,1.8184
2871,0.0217,0.0026,0.0243,0.0044,0.8930041152263375,0.10699588477366255,1.1148,1.7647,1.1148,0.0,0.0,0.0,0.0,1.1148,1.7647,2.8795,2.878
2872,0.0404,0.0001,0.0405,0.0073,0.9975308641975308,0.0024691358024691358,2.1819,0.0554,2.1819,0.0,0.0,0.0,0.0,2.1818999999999997,0.0554,2.2373,2.2373
2873,0.0664,0.0005,0.0669,0.012,0.9925261584454409,0.007473841554559043,3.774,0.2696,3.774,0.0,0.0,0.0,0.0,3.774,0.2696,4.0436,4.0409
2874,0.031,0.0039,0.0348,0.0063,0.8908045977011495,0.11206896551724138,1.6722,2.7804,1.6722,0.0,0.0,0.0,0.0,1.6722000000000001,2.7804,4.4526,4.4546
2875,0.0579,0.0002,0.0582,0.0105,0.9948453608247423,0.003436426116838488,3.4755,0.1527,3.4756,0.0001,0.0,0.0,0.0,3.4756,0.1527,3.6283,3.624
2876,0.0362,0.0,0.0362,0.0065,1.0,0.0,1.9554,0.0011,1.9555,0.0001,0.0,0.0,0.0,1.9555000000000002,0.0011,1.9566000000000003,1.9601
2877,0.0458,0.0,0.0458,0.0083,1.0,0.0,2.3574,0.0054,2.3574,0.0,0.0,0.0,0.0,2.3574,0.0054,2.3628,2.3669
2878,0.0885,0.0,0.0885,0.0159,1.0,0.0,4.5489,0.0097,4.5489,0.0,0.0,0.0,0.0,4.5489,0.0097,4.558599999999999,4.5618
2879,0.0731,0.0036,0.0766,0.0138,0.954308093994778,0.04699738903394256,4.1535,2.5652,4.1535,0.0,0.0,0.0,0.0,4.1535,2.5652,6.7187,6.7201
2880,0.0545,0.0,0.0546,0.0098,0.9981684981684981,0.0,3.2727,0.0154,3.2727,0.0,0.0,0.0,0.0,3.2727,0.0154,3.2881,3.2915
2881,0.0196,0.004,0.0237,0.0043,0.8270042194092827,0.1687763713080169,1.0092,2.3535,1.0092,0.0,0.0,0.0,0.0,1.0091999999999999,2.3535000000000004,3.3627000000000002,3.3628
2882,0.0294,0.0012,0.0306,0.0055,0.9607843137254902,0.0392156862745098,1.6722,0.7974,1.6722,0.0,0.0,0.0,0.0,1.6722000000000001,0.7974,2.4696000000000002,2.4698
2883,0.0764,0.001,0.0774,0.0139,0.9870801033591731,0.012919896640826874,4.1256,0.5659,4.1255,0.0,0.0,0.0,0.0,4.125500000000001,0.5659,4.691400000000001,4.6884
2884,0.0465,0.0018,0.0482,0.0087,0.9647302904564315,0.03734439834024896,2.787,1.0779,2.7869,0.0,0.0,0.0,0.0,2.7869,1.0779,3.8648000000000002,3.8674
2885,0.0665,0.0,0.0666,0.012,0.9984984984984985,0.0,3.4221,0.0074,3.4221,0.0,0.0,0.0,0.0,3.4221000000000004,0.0074,3.4295000000000004,3.4307
2886,0.0407,0.001,0.0418,0.0075,0.9736842105263158,0.02392344497607656,2.4444,0.6775,2.4443,0.0,0.0,0.0,0.0,2.4443,0.6775,3.1218000000000004,3.1213
2887,0.0424,0.0004,0.0428,0.0077,0.9906542056074767,0.009345794392523366,2.1819,0.3024,2.1819,0.0,0.0,0.0,0.0,2.1818999999999997,0.3024,2.4842999999999997,2.4863
2888,0.0589,0.0,0.0589,0.0106,1.0,0.0,3.5322,0.0269,3.5322,0.0,0.0,0.0,0.0,3.5322,0.0269,3.5591,3.5571
2889,0.0561,0.0,0.0561,0.0101,1.0,0.0,3.0276,0.0124,3.0276,0.0,0.0,0.0,0.0,3.0276000000000005,0.0124,3.0400000000000005,3.0398
2890,0.0458,0.0,0.0459,0.0083,0.9978213507625272,0.0,2.3574,0.018,2.3574,0.0,0.0,0.0,0.0,2.3574,0.018000000000000002,2.3754,2.3757
2891,0.03,0.0005,0.0305,0.0055,0.9836065573770492,0.01639344262295082,1.7058,0.2951,1.7058,0.0,0.0,0.0,0.0,1.7058,0.29510000000000003,2.0009,1.9975
2892,0.0581,0.0,0.0581,0.0105,1.0,0.0,3.3021,0.0033,3.3022,0.0001,0.0,0.0,0.0,3.3022,0.0033,3.3055,3.3019
2893,0.0548,0.0041,0.0589,0.0106,0.9303904923599321,0.06960950764006792,3.1152,2.5011,3.1151,0.0,0.0,0.0,0.0,3.1151,2.5011,5.6162,5.6192
2894,0.0742,0.0,0.0742,0.0134,1.0,0.0,3.8181,0.0045,3.8181,0.0,0.0,0.0,0.0,3.8181,0.0045,3.8226,3.8203
2895,0.0699,0.0002,0.0701,0.0126,0.9971469329529246,0.002853067047075607,3.774,0.1058,3.774,0.0,0.0,0.0,0.0,3.774,0.1058,3.8798,3.8751
2896,0.0319,0.0005,0.0323,0.0058,0.9876160990712073,0.015479876160990712,1.812,0.3285,1.812,0.0,0.0,0.0,0.0,1.8119999999999998,0.3285,2.1405,2.1392
2897,0.0799,0.0007,0.0806,0.0145,0.9913151364764268,0.0086848635235732,4.7949,0.469,4.7948,0.0,0.0,0.0,0.0,4.7948,0.469,5.263800000000001,5.2632
2898,0.0536,0.0036,0.0572,0.0103,0.9370629370629371,0.06293706293706293,2.8962,2.1427,2.8962,0.0,0.0,0.0,0.0,2.8962000000000003,2.1427,5.0389,5.0385
2899,0.0413,0.0,0.0413,0.0074,1.0,0.0,2.2296,0.0154,2.2296,0.0,0.0,0.0,0.0,2.2296,0.0154,2.245,2.244
2900,0.0553,0.0003,0.0556,0.01,0.9946043165467627,0.00539568345323741,2.8431,0.1972,2.8431,0.0,0.0,0.0,0.0,2.8430999999999997,0.19720000000000001,3.0403,3.0364
2901,0.0322,0.0005,0.0327,0.0059,0.9847094801223242,0.01529051987767584,1.7379,0.3609,1.7379,0.0,0.0,0.0,0.0,1.7379000000000002,0.3609,2.0988,2.0942
2902,0.0822,0.0,0.0822,0.0148,1.0,0.0,4.6728,0.0029,4.6727,0.0,0.0,0.0,0.0,4.672700000000001,0.0029000000000000002,4.675600000000001,4.6766
2903,0.0192,0.004,0.0232,0.0042,0.8275862068965517,0.1724137931034483,1.0908,2.5141,1.091,0.0002,0.0,0.0,0.0,1.0910000000000002,2.5141,3.6051,3.609
2904,0.0355,0.0001,0.0356,0.0064,0.997191011235955,0.002808988764044944,2.0184,0.0417,2.0184,0.0,0.0,0.0,0.0,2.0183999999999997,0.0417,2.0601,2.056
2905,0.0917,0.0002,0.0919,0.0165,0.9978237214363439,0.002176278563656148,5.2134,0.1356,5.2133,0.0,0.0,0.0,0.0,5.2133,0.1356,5.3489,5.35
2906,0.0815,0.0,0.0815,0.0147,1.0,0.0,4.3998,0.0084,4.3997,0.0,0.0,0.0,0.0,4.399699999999999,0.0084,4.408099999999999,4.4051
2907,0.0779,0.0012,0.0791,0.0142,0.9848293299620733,0.015170670037926673,4.6728,0.7602,4.6728,0.0,0.0,0.0,0.0,4.6728000000000005,0.7602,5.433000000000001,5.4353
2908,0.0808,0.001,0.0818,0.0147,0.9877750611246944,0.012224938875305624,4.1535,0.7532,4.1535,0.0,0.0,0.0,0.0,4.1535,0.7532000000000001,4.906700000000001,4.9107
2909,0.0734,0.0001,0.0735,0.0132,0.9986394557823131,0.001360544217687075,3.774,0.0528,3.774,0.0,0.0,0.0,0.0,3.774,0.0528,3.8268,3.8282
2910,0.0982,0.0001,0.0983,0.0177,0.9989827060020345,0.001017293997965412,5.3043,0.0865,5.3042,0.0,0.0,0.0,0.0,5.3042,0.08650000000000001,5.3907,5.3906
2911,0.0178,0.0037,0.0215,0.0039,0.8279069767441861,0.17209302325581396,1.0092,2.1488,1.0092,0.0,0.0,0.0,0.0,1.0091999999999999,2.1488,3.158,3.1589
2912,0.0192,0.0008,0.02,0.0036,0.9599999999999999,0.04,1.0908,0.5366,1.0908,0.0,0.0,0.0,0.0,1.0908,0.5366,1.6274,1.6247
2913,0.0407,0.002,0.0428,0.0077,0.9509345794392524,0.04672897196261683,2.4444,1.3389,2.4444,0.0,0.0,0.0,0.0,2.4444,1.3389,3.7832999999999997,3.7813
2914,0.0385,0.0007,0.0391,0.007,0.9846547314578005,0.017902813299232736,2.0766,0.4142,2.0768,0.0002,0.0,0.0,0.0,2.0768,0.4142,2.491,2.4879
2915,0.0621,0.0001,0.0622,0.0112,0.9983922829581994,0.0016077170418006433,3.5322,0.0634,3.5322,0.0,0.0,0.0,0.0,3.5322,0.0634,3.5956,3.5989
2916,0.0524,0.0,0.0524,0.0094,1.0,0.0,2.8305,0.0012,2.8305,0.0,0.0,0.0,0.0,2.8305,0.0012,2.8316999999999997,2.8268
2917,0.0639,0.0006,0.0645,0.0116,0.9906976744186046,0.009302325581395347,3.6342,0.3501,3.6343,0.0001,0.0,0.0,0.0,3.6343,0.3501,3.9844,3.9862
2918,0.0404,0.0053,0.0457,0.0082,0.8840262582056893,0.11597374179431073,2.1819,3.7883,2.1819,0.0,0.0,0.0,0.0,2.1818999999999997,3.7883,5.9702,5.9697
2919,0.0332,0.0001,0.0332,0.006,1.0,0.0030120481927710845,1.7058,0.0459,1.7058,0.0,0.0,0.0,0.0,1.7058,0.045899999999999996,1.7517,1.7525
2920,0.0414,0.0019,0.0434,0.0078,0.9539170506912442,0.04377880184331797,2.1309,1.0657,2.1309,0.0,0.0,0.0,0.0,2.1309,1.0657,3.1966,3.2006
2921,0.0295,0.0002,0.0297,0.0053,0.9932659932659932,0.006734006734006735,1.7682,0.1628,1.7682,0.0,0.0,0.0,0.0,1.7682000000000002,0.1628,1.9310000000000003,1.9287
2922,0.065,0.0003,0.0653,0.0118,0.995405819295559,0.004594180704441041,3.3444,0.1838,3.3444,0.0,0.0,0.0,0.0,3.3444000000000003,0.1838,3.5282000000000004,3.5262
2923,0.0528,0.0003,0.0531,0.0096,0.9943502824858756,0.005649717514124293,3.171,0.1871,3.171,0.0,0.0,0.0,0.0,3.171,0.1871,3.3581,3.36
2924,0.0691,0.0,0.0691,0.0124,1.0,0.0,3.7293,0.0154,3.7293,0.0,0.0,0.0,0.0,3.7293000000000003,0.0154,3.7447000000000004,3.7444
2925,0.0717,0.0,0.0717,0.0129,1.0,0.0,4.077,0.0171,4.077,0.0,0.0,0.0,0.0,4.077,0.0171,4.0941,4.0945
2926,0.0764,0.0006,0.077,0.0139,0.9922077922077922,0.007792207792207791,4.1256,0.3544,4.1255,0.0,0.0,0.0,0.0,4.125500000000001,0.3544,4.479900000000001,4.4849
2927,0.0175,0.0015,0.019,0.0034,0.9210526315789475,0.07894736842105264,0.9435,1.0001,0.9435,0.0,0.0,0.0,0.0,0.9435,1.0001000000000002,1.9436000000000002,1.9472
2928,0.0346,0.0041,0.0387,0.007,0.8940568475452196,0.10594315245478038,2.0766,2.9273,2.0768,0.0002,0.0,0.0,0.0,2.0768,2.9273,5.004099999999999,5.0068
2929,0.0901,0.0002,0.0903,0.0163,0.9977851605758582,0.0022148394241417496,4.6341,0.1481,4.6341,0.0,0.0,0.0,0.0,4.6341,0.1481,4.7822000000000005,4.7803
2930,0.0663,0.0013,0.0677,0.0122,0.9793205317577548,0.019202363367799114,3.4119,0.7706,3.4117,0.0,0.0,0.0,0.0,3.4116999999999997,0.7706,4.1823,4.1869
2931,0.0302,0.0,0.0302,0.0054,1.0,0.0,1.812,0.0134,1.812,0.0,0.0,0.0,0.0,1.8119999999999998,0.013399999999999999,1.8254,1.8208
2932,0.0355,0.0003,0.0358,0.0065,0.9916201117318435,0.008379888268156424,2.0184,0.2368,2.0184,0.0,0.0,0.0,0.0,2.0183999999999997,0.2368,2.2552,2.2546
2933,0.0374,0.0,0.0374,0.0067,1.0,0.0,2.0184,0.0035,2.0184,0.0,0.0,0.0,0.0,2.0183999999999997,0.0035,2.0218999999999996,2.0176
2934,0.075,0.0001,0.0751,0.0135,0.9986684420772303,0.0013315579227696406,4.2621,0.0536,4.262,0.0,0.0,0.0,0.0,4.2620000000000005,0.053599999999999995,4.315600000000001,4.3144
2935,0.0602,0.0004,0.0606,0.0109,0.9933993399339933,0.006600660066006601,3.4221,0.2635,3.422,0.0,0.0,0.0,0.0,3.422,0.2635,3.6855,3.6806
2936,0.065,0.0003,0.0653,0.0118,0.995405819295559,0.004594180704441041,3.3444,0.2206,3.3443,0.0,0.0,0.0,0.0,3.3442999999999996,0.22060000000000002,3.5648999999999997,3.5674
2937,0.0751,0.0,0.0751,0.0135,1.0,0.0,4.0548,0.0028,4.0549,0.0001,0.0,0.0,0.0,4.0549,0.0027999999999999995,4.0577,4.061
2938,0.0519,0.0031,0.055,0.0099,0.9436363636363637,0.05636363636363636,3.1152,2.2274,3.1151,0.0,0.0,0.0,0.0,3.1151,2.2274000000000003,5.3425,5.3389
2939,0.0442,0.0009,0.0452,0.0081,0.9778761061946905,0.01991150442477876,2.2746,0.6247,2.2746,0.0,0.0,0.0,0.0,2.2746,0.6247,2.8993,2.8972
2940,0.0196,0.0001,0.0198,0.0036,0.9898989898989898,0.00505050505050505,1.1787,0.0696,1.1787,0.0,0.0,0.0,0.0,1.1787,0.0696,1.2483,1.2531
2941,0.0404,0.0,0.0404,0.0073,1.0,0.0,2.0766,0.0021,2.0767,0.0001,0.0,0.0,0.0,2.0767,0.0021,2.0788,2.0778
2942,0.0901,0.0,0.0901,0.0162,1.0,0.0,4.6341,0.0052,4.6341,0.0,0.0,0.0,0.0,4.6341,0.0052,4.6393,4.6367
2943,0.08,0.0053,0.0853,0.0154,0.9378663540445487,0.06213364595545135,4.5489,3.2878,4.549,0.0001,0.0,0.0,0.0,4.549,3.2878,7.8368,7.8338
2944,0.0673,0.0015,0.0688,0.0124,0.9781976744186046,0.02180232558139535,3.6342,0.9124,3.6343,0.0001,0.0,0.0,0.0,3.6343,0.9124000000000001,4.5467,4.5436
2945,0.06,0.0015,0.0616,0.0111,0.9740259740259739,0.024350649350649352,3.4119,0.9595,3.4117,0.0,0.0,0.0,0.0,3.4116999999999997,0.9595,4.3712,4.3725
2946,0.0769,0.0003,0.0772,0.0139,0.9961139896373056,0.0038860103626943,4.1535,0.2032,4.1535,0.0,0.0,0.0,0.0,4.1535,0.2032,4.3567,4.3562
2947,0.0713,0.0011,0.0725,0.013,0.9834482758620691,0.01517241379310345,4.0548,0.8111,4.0548,0.0,0.0,0.0,0.0,4.0548,0.8111,4.8659,4.8619
2948,0.0611,0.0,0.0612,0.011,0.9983660130718955,0.0,3.4755,0.0099,3.4756,0.0001,0.0,0.0,0.0,3.4756,0.009899999999999999,3.4855,3.4881
2949,0.0474,0.0,0.0474,0.0085,1.0,0.0,2.8431,0.0038,2.8431,0.0,0.0,0.0,0.0,2.8430999999999997,0.0038,2.8468999999999998,2.844
2950,0.0673,0.0016,0.0689,0.0124,0.9767779390420899,0.023222060957910014,3.6342,1.1467,3.6343,0.0001,0.0,0.0,0.0,3.6343,1.1467,4.781000000000001,4.7818
2951,0.0724,0.0002,0.0726,0.0131,0.997245179063361,0.0027548209366391185,3.9108,0.1087,3.9109,0.0001,0.0,0.0,0.0,3.9109000000000003,0.10869999999999999,4.0196000000000005,4.0177
2952,0.0815,0.0019,0.0834,0.015,0.9772182254196643,0.022781774580335732,4.6341,1.2117,4.6341,0.0,0.0,0.0,0.0,4.6341,1.2117,5.8458000000000006,5.8427
2953,0.0748,0.001,0.0758,0.0136,0.9868073878627969,0.013192612137203165,4.0368,0.7061,4.0368,0.0,0.0,0.0,0.0,4.0367999999999995,0.7061,4.7429,4.7425
2954,0.0173,0.0003,0.0176,0.0032,0.9829545454545454,0.017045454545454544,1.0383,0.2095,1.0383,0.0,0.0,0.0,0.0,1.0383,0.2095,1.2478,1.2484
2955,0.0611,0.0,0.0611,0.011,1.0,0.0,3.4755,0.0033,3.4756,0.0001,0.0,0.0,0.0,3.4756,0.0033,3.4789,3.48
2956,0.0221,0.003,0.0251,0.0045,0.8804780876494024,0.11952191235059761,1.1373,2.1856,1.1372,0.0,0.0,0.0,0.0,1.1372,2.1856,3.3228,3.3197
2957,0.0788,0.0,0.0788,0.0142,1.0,0.0,4.0548,0.0024,4.0549,0.0001,0.0,0.0,0.0,4.0549,0.0024000000000000002,4.0573,4.0563
2958,0.0606,0.0033,0.0638,0.0115,0.9498432601880878,0.05172413793103449,3.6342,2.3441,3.6342,0.0,0.0,0.0,0.0,3.6342,2.3441,5.9783,5.9825
2959,0.0774,0.0013,0.0787,0.0142,0.9834815756035576,0.016518424396442185,4.3998,0.7379,4.3998,0.0,0.0,0.0,0.0,4.3998,0.7379,5.1377,5.1415
2960,0.0619,0.0007,0.0627,0.0113,0.9872408293460924,0.011164274322169057,3.3444,0.5205,3.3444,0.0,0.0,0.0,0.0,3.3444000000000003,0.5205,3.8649000000000004,3.867
2961,0.0168,0.0012,0.018,0.0032,0.9333333333333333,0.06666666666666667,0.906,0.6517,0.906,0.0,0.0,0.0,0.0,0.9059999999999999,0.6517,1.5576999999999999,1.5589
2962,0.0239,0.0003,0.0242,0.0044,0.987603305785124,0.012396694214876032,1.359,0.1667,1.359,0.0,0.0,0.0,0.0,1.359,0.16670000000000001,1.5257,1.5259
2963,0.0673,0.0007,0.068,0.0122,0.9897058823529411,0.010294117647058823,3.6342,0.4461,3.6342,0.0,0.0,0.0,0.0,3.6342,0.44610000000000005,4.0803,4.0767
2964,0.0273,0.0,0.0273,0.0049,1.0,0.0,1.6365,0.0306,1.6363,0.0,0.0,0.0,0.0,1.6362999999999999,0.030600000000000002,1.6668999999999998,1.6673
2965,0.0909,0.0043,0.0952,0.0171,0.9548319327731091,0.045168067226890755,4.6728,2.9427,4.6727,0.0,0.0,0.0,0.0,4.672700000000001,2.9427000000000003,7.615400000000001,7.6157
2966,0.0751,0.0006,0.0757,0.0136,0.9920739762219286,0.007926023778071334,4.0548,0.4101,4.0549,0.0001,0.0,0.0,0.0,4.0549,0.4101,4.465,4.4665
2967,0.0505,0.0,0.0505,0.0091,1.0,0.0,3.0276,0.0068,3.0276,0.0,0.0,0.0,0.0,3.0276000000000005,0.006799999999999999,3.0344000000000007,3.0379
2968,0.0196,0.0,0.0197,0.0035,0.9949238578680203,0.0,1.1787,0.0074,1.1787,0.0,0.0,0.0,0.0,1.1787,0.0074,1.1861000000000002,1.1811
2969,0.1014,0.0004,0.1018,0.0183,0.9960707269155207,0.003929273084479371,5.2134,0.2761,5.2134,0.0,0.0,0.0,0.0,5.2134,0.2761,5.4895,5.4943
2970,0.0786,0.0001,0.0787,0.0142,0.9987293519695044,0.0012706480304955528,4.7148,0.0905,4.7148,0.0,0.0,0.0,0.0,4.7148,0.0905,4.8053,4.8092
2971,0.0465,0.0002,0.0466,0.0084,0.9978540772532188,0.004291845493562232,2.787,0.1197,2.7868,0.0,0.0,0.0,0.0,2.7868,0.11969999999999999,2.9065,2.9057
2972,0.0151,0.0001,0.0152,0.0027,0.993421052631579,0.006578947368421053,0.906,0.0876,0.906,0.0,0.0,0.0,0.0,0.9059999999999999,0.0876,0.9935999999999999,0.9956
2973,0.0395,0.0047,0.0442,0.0079,0.8936651583710407,0.10633484162895927,2.1309,2.7244,2.1311,0.0002,0.0,0.0,0.0,2.1311,2.7244,4.8555,4.8555
2974,0.0557,0.0,0.0558,0.01,0.9982078853046594,0.0,3.3444,0.028,3.3444,0.0,0.0,0.0,0.0,3.3444000000000003,0.028,3.3724000000000003,3.3754
2975,0.0663,0.0004,0.0668,0.012,0.9925149700598802,0.005988023952095809,3.9804,0.2907,3.9803,0.0,0.0,0.0,0.0,3.9803,0.2907,4.271,4.2756
2976,0.0705,0.0001,0.0705,0.0127,1.0,0.001418439716312057,3.624,0.0456,3.624,0.0,0.0,0.0,0.0,3.6239999999999997,0.0456,3.6695999999999995,3.6698
2977,0.0294,0.0,0.0294,0.0053,1.0,0.0,1.6722,0.0031,1.6722,0.0,0.0,0.0,0.0,1.6722000000000001,0.0030999999999999995,1.6753000000000002,1.6777
2978,0.0176,0.0011,0.0187,0.0034,0.9411764705882353,0.058823529411764705,0.906,0.8156,0.906,0.0,0.0,0.0,0.0,0.9059999999999999,0.8156000000000001,1.7216,1.7231
2979,0.0636,0.0002,0.0639,0.0115,0.9953051643192489,0.003129890453834116,3.2727,0.175,3.2727,0.0,0.0,0.0,0.0,3.2727,0.175,3.4476999999999998,3.4428
2980,0.09,0.0,0.09,0.0162,1.0,0.0,5.1177,0.0097,5.1175,0.0,0.0,0.0,0.0,5.1175,0.0097,5.127199999999999,5.1285
2981,0.0178,0.0001,0.0179,0.0032,0.9944134078212291,0.00558659217877095,1.0656,0.0674,1.0656,0.0,0.0,0.0,0.0,1.0656,0.0674,1.133,1.1293
2982,0.0415,0.0,0.0415,0.0075,1.0,0.0,2.3574,0.0207,2.3574,0.0,0.0,0.0,0.0,2.3574,0.0207,2.3781000000000003,2.3752
2983,0.0266,0.0,0.0267,0.0048,0.99625468164794,0.0,1.5138,0.0272,1.5138,0.0,0.0,0.0,0.0,1.5138000000000003,0.027200000000000002,1.5410000000000004,1.5387
2984,0.0377,0.0017,0.0395,0.0071,0.9544303797468354,0.043037974683544304,2.265,1.1548,2.2649,0.0,0.0,0.0,0.0,2.2649,1.1548,3.4196999999999997,3.4226
2985,0.0632,0.0009,0.0641,0.0115,0.9859594383775351,0.014040561622464897,3.4119,0.5959,3.4118,0.0,0.0,0.0,0.0,3.4117999999999995,0.5959000000000001,4.0077,4.0039
2986,0.0367,0.0028,0.0395,0.0071,0.929113924050633,0.07088607594936709,1.887,1.8591,1.887,0.0,0.0,0.0,0.0,1.887,1.8591000000000002,3.7461,3.7456
2987,0.0325,0.0,0.0326,0.0059,0.9969325153374234,0.0,1.6722,0.0268,1.6721,0.0,0.0,0.0,0.0,1.6721,0.0268,1.6988999999999999,1.6941
2988,0.0688,0.0004,0.0692,0.0124,0.9942196531791908,0.005780346820809249,4.1256,0.26,4.1256,0.0,0.0,0.0,0.0,4.1256,0.26,4.3856,4.3811
2989,0.0724,0.0015,0.0739,0.0133,0.9797023004059542,0.02029769959404601,3.9108,1.0516,3.9109,0.0001,0.0,0.0,0.0,3.9109000000000007,1.0516,4.9625,4.9589
2990,0.0672,0.0003,0.0674,0.0121,0.9970326409495548,0.004451038575667655,3.8181,0.1688,3.8181,0.0,0.0,0.0,0.0,3.8181,0.1688,3.9869,3.9915
2991,0.0202,0.0002,0.0204,0.0037,0.9901960784313725,0.00980392156862745,1.0383,0.1477,1.0383,0.0,0.0,0.0,0.0,1.0383,0.1477,1.186,1.1817
2992,0.0774,0.0,0.0774,0.0139,1.0,0.0,4.3998,0.0276,4.3997,0.0,0.0,0.0,0.0,4.399699999999999,0.0276,4.427299999999999,4.426
2993,0.0264,0.0,0.0265,0.0048,0.9962264150943396,0.0,1.359,0.0255,1.359,0.0,0.0,0.0,0.0,1.359,0.025500000000000002,1.3845,1.3846
2994,0.0965,0.0,0.0965,0.0174,1.0,0.0,5.2134,0.0023,5.2133,0.0,0.0,0.0,0.0,5.2133,0.0023,5.2156,5.2122
2995,0.0917,0.0004,0.0921,0.0166,0.995656894679696,0.004343105320304018,4.7148,0.2859,4.7148,0.0,0.0,0.0,0.0,4.7148,0.2859,5.0007,5.0031
2996,0.0589,0.0032,0.0621,0.0112,0.9484702093397746,0.05152979066022544,3.5322,2.3065,3.5322,0.0,0.0,0.0,0.0,3.5322,2.3064999999999998,5.838699999999999,5.8399
2997,0.0579,0.0,0.0579,0.0104,1.0,0.0,3.4755,0.0121,3.4755,0.0,0.0,0.0,0.0,3.4755000000000003,0.0121,3.4876000000000005,3.4898
2998,0.0705,0.001,0.0715,0.0129,0.986013986013986,0.013986013986013988,3.624,0.7512,3.624,0.0,0.0,0.0,0.0,3.6239999999999997,0.7512000000000001,4.3751999999999995,4.3775
2999,0.0455,0.0,0.0455,0.0082,1.0,0.0,2.7273,0.0326,2.7273,0.0,0.0,0.0,0.0,2.7273,0.0326,2.7599,2.7557
