job_id,energy_qpu_kwh,energy_cpu_kwh,energy_total_kwh,cost_energy_total,phi_qpu,phi_cpu,qpu_time_s,cpu_time_s,qpu_phase_s,qpu_idle_s,qpu_wait_s,cpu_wait_s,wait_total_s,qpu_turn_s,cpu_turn_s,turn_total_s,job_turnaround_s
0,0.1651,0.0001,0.1652,0.0297,0.9993946731234866,0.0006053268765133172,8.4915,0.035,8.4914,0.0,0.0,0.0,0.0,8.4914,0.035,8.5264,8.5296
1,0.1152,0.0044,0.1196,0.0215,0.9632107023411371,0.03678929765886288,6.5457,2.9947,6.5456,0.0,0.0,0.0,0.0,6.5455999999999985,2.9947000000000004,9.540299999999998,9.5431
2,0.0982,0.0092,0.1074,0.0193,0.9143389199255121,0.0856610800744879,5.3046,5.9583,5.3043,0.0,0.0,0.0,0.0,5.3043,5.9583,11.262599999999999,11.2672
3,0.1125,0.0079,0.1204,0.0217,0.9343853820598007,0.06561461794019935,6.3927,4.8709,6.393,0.0003,0.0,0.0,0.0,6.393000000000001,4.870900000000001,11.263900000000001,11.2595
4,0.1869,0.0,0.187,0.0337,0.9994652406417113,0.0,10.2663,0.009,10.2662,0.0,0.0,0.0,0.0,10.2662,0.009000000000000001,10.2752,10.2755
5,0.228,0.0007,0.2287,0.0412,0.9969392216878007,0.003060778312199388,12.1104,0.4205,12.1106,0.0002,0.0,0.0,0.0,12.1106,0.4205,12.5311,12.5279
6,0.1528,0.0149,0.1677,0.0302,0.9111508646392368,0.08884913536076328,8.8407,9.425,22.84,13.9993,0.0,0.0,0.0,22.84,9.425,32.265,33.2696
7,0.2833,0.0,0.2834,0.051,0.9996471418489767,0.0,15.0489,0.0143,15.0492,0.0003,0.0,0.0,0.0,15.049199999999999,0.0143,15.0635,15.0623
8,0.1028,0.0001,0.1029,0.0185,0.9990281827016521,0.0009718172983479105,6.0552,0.0516,6.0553,0.0001,0.0,0.0,0.0,6.0553,0.05160000000000001,6.1068999999999996,6.1029
9,0.1422,0.0001,0.1422,0.0256,1.0,0.0007032348804500704,8.5293,0.0516,8.5293,0.0,0.0,0.0,0.0,8.5293,0.0516,8.5809,8.5805
10,0.163,0.0012,0.1641,0.0295,0.9932967702620354,0.007312614259597806,8.7993,0.7097,8.7994,0.0001,0.0,0.0,0.0,8.7994,0.7097,9.5091,9.5068
11,0.2481,0.0059,0.254,0.0457,0.976771653543307,0.023228346456692913,13.6242,3.9989,15.6242,2.0,0.0,0.0,0.0,15.624199999999998,3.9989,19.623099999999997,19.6223
12,0.2086,0.0007,0.2093,0.0377,0.9966555183946488,0.0033444816053511705,11.4543,0.4638,11.4546,0.0003,0.0,0.0,0.0,11.4546,0.4638,11.918399999999998,11.9231
13,0.2596,0.0028,0.2624,0.0472,0.9893292682926829,0.010670731707317072,14.0184,1.7191,31.018,16.9996,0.0,0.0,0.0,31.018,1.7191,32.7371,32.7322
14,0.1332,0.002,0.1352,0.0243,0.9852071005917161,0.014792899408284025,7.569,1.2815,15.5691,8.0001,0.0,0.0,0.0,15.5691,1.2814999999999999,16.8506,16.8458
15,0.2444,0.0014,0.2458,0.0442,0.9943043124491457,0.005695687550854353,13.1994,0.9085,16.1991,2.9997,0.0,0.0,0.0,16.199099999999998,0.9085000000000001,17.107599999999998,17.1104
16,0.1922,0.0001,0.1923,0.0346,0.999479979199168,0.0005200208008320333,11.322,0.0372,11.3218,0.0,0.0,0.0,0.0,11.3218,0.0372,11.359,11.3567
17,0.1734,0.0008,0.1742,0.0314,0.9954075774971297,0.004592422502870264,10.0332,0.5114,15.033,4.9998,0.0,0.0,0.0,15.033,0.5114000000000001,15.5444,15.5428
18,0.1932,0.0011,0.1943,0.035,0.9943386515697376,0.005661348430262481,10.6083,0.733,10.6084,0.0001,0.0,0.0,0.0,10.6084,0.7330000000000001,11.3414,11.3439
19,0.228,0.0014,0.2294,0.0413,0.993897122929381,0.006102877070619006,12.7368,0.9319,19.7369,7.0001,0.0,0.0,0.0,19.7369,0.9319,20.668799999999997,20.6664
20,0.1615,0.0004,0.1619,0.0291,0.9975293390982088,0.0024706609017912293,9.3456,0.2446,9.3453,0.0,0.0,0.0,0.0,9.345299999999998,0.24459999999999998,9.589899999999998,9.588
21,0.1865,0.0043,0.1908,0.0343,0.9774633123689728,0.022536687631027254,9.9063,2.9864,22.9065,13.0002,0.0,0.0,0.0,22.906499999999998,2.9863999999999997,25.892899999999997,25.8955
22,0.0818,0.0,0.0819,0.0147,0.9987789987789988,0.0,4.9095,0.0213,4.9092,0.0,0.0,0.0,0.0,4.909199999999999,0.0213,4.930499999999999,4.9331
23,0.1682,0.0,0.1682,0.0303,1.0,0.0,9.9063,0.0112,9.9065,0.0002,0.0,0.0,0.0,9.906500000000001,0.011199999999999998,9.917700000000002,9.9163
24,0.1288,0.0,0.1289,0.0232,0.9992242048099302,0.0,7.0758,0.0049,7.0762,0.0004,0.0,0.0,0.0,7.0762,0.0049,7.0811,7.0801
25,0.1084,0.0,0.1084,0.0195,1.0,0.0,6.0552,0.025,6.0553,0.0001,0.0,0.0,0.0,6.0553,0.024999999999999998,6.0803,6.0829
26,0.1121,0.0002,0.1123,0.0202,0.9982190560997329,0.0017809439002671418,6.0552,0.1043,6.0552,0.0,0.0,0.0,0.0,6.055199999999999,0.10429999999999999,6.1594999999999995,6.1567
27,0.1031,0.0038,0.1068,0.0192,0.9653558052434457,0.035580524344569285,5.661,2.4348,24.6607,18.9997,0.0,0.0,0.0,24.6607,2.4348,27.095499999999998,27.0974
28,0.1527,0.0138,0.1665,0.03,0.9171171171171171,0.08288288288288288,8.5293,8.4509,22.5295,14.0002,0.0,0.0,0.0,22.529500000000002,8.4509,30.980400000000003,31.9777
29,0.131,0.0,0.131,0.0236,1.0,0.0,7.0758,0.0108,7.076,0.0002,0.0,0.0,0.0,7.076,0.0108,7.086799999999999,7.0851
30,0.0644,0.0077,0.0721,0.013,0.8932038834951457,0.10679611650485438,3.5361,4.936,25.5361,22.0,0.0,0.0,0.0,25.5361,4.936,30.4721,30.976
31,0.2439,0.0023,0.2462,0.0443,0.9906580016246954,0.00934199837530463,13.6242,1.423,34.6245,21.0003,0.0,0.0,0.0,34.6245,1.423,36.0475,36.044
32,0.154,0.0007,0.1547,0.0278,0.9954751131221719,0.004524886877828054,8.1819,0.4337,19.1819,11.0,0.0,0.0,0.0,19.181899999999995,0.4337,19.615599999999993,19.6122
33,0.1951,0.0001,0.1952,0.0351,0.9994877049180327,0.0005122950819672131,10.0332,0.0577,12.033,1.9998,0.0,0.0,0.0,12.033,0.0577,12.0907,12.0887
34,0.2481,0.0014,0.2495,0.0449,0.9943887775551101,0.0056112224448897794,13.6242,0.8919,22.6243,9.0001,0.0,0.0,0.0,22.624299999999998,0.8919,23.516199999999998,23.5187
35,0.0755,0.0042,0.0797,0.0143,0.9473023839397742,0.05269761606022585,4.077,2.6912,20.077,16.0,0.0,0.0,0.0,20.076999999999998,2.6912,22.768199999999997,23.2732
36,0.1558,0.0,0.1558,0.028,1.0,0.0,9.3456,0.0119,9.3452,0.0,0.0,0.0,0.0,9.345199999999998,0.011899999999999999,9.357099999999999,9.3582
37,0.0955,0.0,0.0955,0.0172,1.0,0.0,4.9095,0.029,5.909,0.9995,0.0,0.0,0.0,5.909,0.028999999999999998,5.938,5.9362
38,0.0836,0.0013,0.0849,0.0153,0.9846878680800941,0.015312131919905771,4.6728,0.7959,12.6727,7.9999,0.0,0.0,0.0,12.6727,0.7959,13.4686,13.9713
39,0.137,0.0,0.137,0.0247,1.0,0.0,7.7877,0.0072,7.7879,0.0002,0.0,0.0,0.0,7.787899999999999,0.0072,7.795099999999999,7.7996
40,0.2322,0.0005,0.2327,0.0419,0.9978513107004727,0.0021486892995272885,13.1994,0.3049,14.1993,0.9999,0.0,0.0,0.0,14.1993,0.3049,14.504199999999999,14.5071
41,0.0829,0.0119,0.0948,0.0171,0.8744725738396625,0.12552742616033757,4.7952,6.9058,30.7946,25.9994,0.0,0.0,0.0,30.794600000000003,6.9058,37.7004,38.2007
42,0.0771,0.0003,0.0774,0.0139,0.996124031007752,0.003875968992248062,4.5414,0.1814,5.5414,1.0,0.0,0.0,0.0,5.541399999999999,0.1814,5.722799999999999,5.7198
43,0.1535,0.0001,0.1536,0.0277,0.9993489583333334,0.0006510416666666667,8.154,0.0604,10.154,2.0,0.0,0.0,0.0,10.154000000000002,0.06040000000000001,10.214400000000001,10.2122
44,0.1104,0.0001,0.1105,0.0199,0.9990950226244344,0.0009049773755656109,5.8662,0.0479,5.8665,0.0003,0.0,0.0,0.0,5.866500000000001,0.047900000000000005,5.914400000000001,5.9171
45,0.0666,0.0001,0.0666,0.012,1.0,0.0015015015015015015,3.5361,0.0318,3.5361,0.0,0.0,0.0,0.0,3.5361000000000002,0.0318,3.5679000000000003,3.5716
46,0.2445,0.0075,0.252,0.0454,0.9702380952380952,0.02976190476190476,14.1444,4.8249,22.1444,8.0,0.0,0.0,0.0,22.1444,4.8248999999999995,26.9693,27.4655
47,0.0873,0.0065,0.0939,0.0169,0.9297124600638978,0.06922257720979766,4.7952,3.9875,10.7949,5.9997,0.0,0.0,0.0,10.7949,3.9874999999999994,14.782399999999999,14.7826
48,0.1285,0.0001,0.1285,0.0231,1.0,0.0007782101167315176,6.8238,0.0407,10.8237,3.9999,0.0,0.0,0.0,10.8237,0.0407,10.8644,10.8635
49,0.2303,0.0057,0.236,0.0425,0.9758474576271187,0.024152542372881357,13.0905,3.4724,18.0909,5.0004,0.0,0.0,0.0,18.0909,3.4724,21.5633,22.566
50,0.1287,0.0002,0.1289,0.0232,0.9984484096198605,0.0015515903801396433,6.9516,0.1171,8.9511,1.9995,0.0,0.0,0.0,8.951099999999999,0.11710000000000001,9.0682,9.0722
51,0.1352,0.0,0.1352,0.0243,1.0,0.0,6.9516,0.0178,7.951,0.9994,0.0,0.0,0.0,7.950999999999999,0.0178,7.968799999999999,7.9664
52,0.2437,0.0,0.2437,0.0439,1.0,0.0,12.7368,0.0091,13.7369,1.0001,0.0,0.0,0.0,13.7369,0.0091,13.746,13.7473
53,0.2446,0.0028,0.2474,0.0445,0.9886822958771221,0.01131770412287793,13.9023,1.9224,29.9023,16.0,0.0,0.0,0.0,29.902299999999997,1.9224,31.824699999999996,31.8287
54,0.2796,0.0,0.2796,0.0503,1.0,0.0,15.3531,0.0085,15.3531,0.0,0.0,0.0,0.0,15.3531,0.0085,15.3616,15.3657
55,0.2343,0.0013,0.2356,0.0424,0.9944821731748726,0.0055178268251273345,13.0905,0.7417,16.091,3.0005,0.0,0.0,0.0,16.090999999999998,0.7417,16.8327,16.833
56,0.0799,0.0019,0.0818,0.0147,0.9767726161369193,0.023227383863080684,4.2453,1.1977,15.2457,11.0004,0.0,0.0,0.0,15.245700000000001,1.1977,16.4434,16.4388
57,0.1521,0.0001,0.1522,0.0274,0.9993429697766097,0.000657030223390276,8.7993,0.0867,8.7993,0.0,0.0,0.0,0.0,8.7993,0.0867,8.886000000000001,8.8847
58,0.131,0.0018,0.1329,0.0239,0.9857035364936043,0.013544018058690746,7.0758,1.1933,19.076,12.0002,0.0,0.0,0.0,19.076,1.1932999999999998,20.2693,20.2681
59,0.2446,0.0124,0.2569,0.0462,0.9521214480342546,0.04826780848579213,13.9023,7.9119,22.9023,9.0,0.0,0.0,0.0,22.902299999999997,7.9119,30.814199999999996,30.8115
60,0.2115,0.0002,0.2118,0.0381,0.9985835694050992,0.0009442870632672333,12.4605,0.1498,14.4605,2.0,0.0,0.0,0.0,14.4605,0.1498,14.6103,14.612
61,0.288,0.0001,0.288,0.0518,1.0,0.0003472222222222223,15.0489,0.0365,15.0491,0.0002,0.0,0.0,0.0,15.0491,0.036500000000000005,15.0856,15.0836
62,0.193,0.0109,0.2039,0.0367,0.9465424227562531,0.05345757724374694,10.5966,7.0129,17.5967,7.0001,0.0,0.0,0.0,17.5967,7.012899999999999,24.609599999999997,24.6129
63,0.2787,0.0,0.2787,0.0502,1.0,0.0,15.0489,0.0142,15.0495,0.0006,0.0,0.0,0.0,15.049499999999998,0.0142,15.063699999999999,15.066
64,0.1832,0.0001,0.1832,0.033,1.0,0.0005458515283842794,10.5966,0.0572,10.5967,0.0001,0.0,0.0,0.0,10.5967,0.0572,10.6539,10.6584
65,0.156,0.0,0.1561,0.0281,0.9993593850096093,0.0,8.154,0.0106,8.1537,0.0,0.0,0.0,0.0,8.1537,0.0106,8.1643,8.1634
66,0.1637,0.0127,0.1764,0.0317,0.9280045351473923,0.0719954648526077,8.8407,7.8458,13.8402,4.9995,0.0,0.0,0.0,13.840200000000001,7.8458000000000006,21.686,21.6855
67,0.1796,0.0019,0.1815,0.0327,0.9895316804407714,0.01046831955922865,10.0332,1.2147,15.0329,4.9997,0.0,0.0,0.0,15.032899999999998,1.2147000000000001,16.2476,16.249
68,0.1651,0.0001,0.1652,0.0297,0.9993946731234866,0.0006053268765133172,9.9063,0.044,9.9065,0.0002,0.0,0.0,0.0,9.906500000000001,0.044,9.950500000000002,9.9465
69,0.1933,0.0021,0.1954,0.0352,0.989252814738997,0.010747185261003071,10.2663,1.3033,17.2662,6.9999,0.0,0.0,0.0,17.266199999999998,1.3033,18.569499999999998,18.5729
70,0.0979,0.0002,0.0981,0.0177,0.9979612640163098,0.0020387359836901123,5.1174,0.1159,5.1177,0.0003,0.0,0.0,0.0,5.117699999999999,0.1159,5.233599999999999,5.2305
71,0.0827,0.0021,0.0848,0.0153,0.9752358490566038,0.024764150943396224,4.5414,1.3814,10.5415,6.0001,0.0,0.0,0.0,10.5415,1.3814,11.922899999999998,12.9277
72,0.2701,0.0,0.2701,0.0486,1.0,0.0,15.3531,0.0076,16.3528,0.9997,0.0,0.0,0.0,16.3528,0.007600000000000001,16.3604,16.3555
73,0.1573,0.0001,0.1573,0.0283,1.0,0.0006357279084551812,8.4915,0.0323,8.4913,0.0,0.0,0.0,0.0,8.4913,0.0323,8.5236,8.5283
74,0.2328,0.0001,0.2329,0.0419,0.9995706311721769,0.00042936882782310007,12.7863,0.0311,12.7863,0.0,0.0,0.0,0.0,12.7863,0.031099999999999996,12.817400000000001,12.8223
75,0.2132,0.0,0.2132,0.0384,1.0,0.0,11.7054,0.0167,11.7052,0.0,0.0,0.0,0.0,11.705199999999998,0.0167,11.721899999999998,11.7189
76,0.2527,0.0067,0.2594,0.0467,0.9741711642251347,0.025828835774865073,13.6467,4.3999,16.6472,3.0005,0.0,0.0,0.0,16.6472,4.399900000000001,21.0471,21.0479
77,0.1288,0.0012,0.13,0.0234,0.9907692307692307,0.00923076923076923,7.0758,0.7668,7.0763,0.0005,0.0,0.0,0.0,7.076300000000001,0.7668,7.843100000000001,7.8462
78,0.1015,0.0022,0.1037,0.0187,0.9787849566055932,0.021215043394406944,5.3046,1.3641,6.3043,0.9997,0.0,0.0,0.0,6.3043000000000005,1.3641,7.6684,8.1639
79,0.0538,0.0014,0.0552,0.0099,0.9746376811594203,0.025362318840579712,3.1149,0.8298,3.1153,0.0004,0.0,0.0,0.0,3.1153,0.8297999999999999,3.9451,3.9466
80,0.2508,0.0002,0.251,0.0452,0.9992031872509961,0.0007968127490039841,15.0489,0.1255,15.049,0.0001,0.0,0.0,0.0,15.049,0.1255,15.1745,15.1712
81,0.0829,0.0061,0.089,0.016,0.9314606741573034,0.06853932584269663,4.7952,3.439,5.7949,0.9997,0.0,0.0,0.0,5.7949,3.4390000000000005,9.2339,10.236
82,0.219,0.0003,0.2192,0.0395,0.9990875912408759,0.0013686131386861312,12.231,0.1542,12.2307,0.0,0.0,0.0,0.0,12.2307,0.1542,12.3849,12.3827
83,0.1848,0.0123,0.1972,0.0355,0.9371196754563895,0.06237322515212982,9.8181,8.4256,10.8181,1.0,0.0,0.0,0.0,10.8181,8.4256,19.243699999999997,19.2404
84,0.1626,0.0,0.1626,0.0293,1.0,0.0,9.0828,0.0125,9.0829,0.0001,0.0,0.0,0.0,9.0829,0.012499999999999999,9.0954,9.0907
85,0.2439,0.0,0.2439,0.0439,1.0,0.0,13.6242,0.0129,14.6245,1.0003,0.0,0.0,0.0,14.6245,0.012900000000000002,14.6374,14.6418
86,0.146,0.0072,0.1531,0.0276,0.9536250816459829,0.04702808621815806,8.154,4.3982,8.1539,0.0,0.0,0.0,0.0,8.1539,4.3982,12.5521,12.5524
87,0.2027,0.0,0.2027,0.0365,1.0,0.0,11.322,0.0094,11.3217,0.0,0.0,0.0,0.0,11.3217,0.0094,11.3311,11.3274
88,0.137,0.0,0.137,0.0247,1.0,0.0,7.7877,0.0062,7.7878,0.0001,0.0,0.0,0.0,7.787799999999999,0.006200000000000001,7.793999999999999,7.793
89,0.0534,0.0,0.0534,0.0096,1.0,0.0,2.9331,0.0196,2.9332,0.0001,0.0,0.0,0.0,2.9332000000000003,0.0196,2.9528000000000003,2.9538
90,0.2607,0.001,0.2617,0.0471,0.996178830722201,0.0038211692777990066,13.6242,0.6361,13.6243,0.0001,0.0,0.0,0.0,13.624300000000002,0.6361,14.260400000000002,14.26
91,0.1687,0.0001,0.1688,0.0304,0.9994075829383885,0.0005924170616113745,9.5895,0.0338,9.5895,0.0,0.0,0.0,0.0,9.5895,0.0338,9.623299999999999,9.6264
92,0.0555,0.0002,0.0558,0.01,0.9946236559139785,0.0035842293906810036,3.2724,0.1276,3.2726,0.0002,0.0,0.0,0.0,3.2725999999999997,0.1276,3.4002,3.3995
93,0.0572,0.0,0.0573,0.0103,0.9982547993019197,0.0,3.1968,0.0302,3.1966,0.0,0.0,0.0,0.0,3.1966,0.030199999999999998,3.2268,3.229
94,0.1687,0.0003,0.169,0.0304,0.9982248520710058,0.0017751479289940825,9.5895,0.2227,9.5896,0.0001,0.0,0.0,0.0,9.5896,0.22269999999999998,9.8123,9.8148
95,0.2281,0.0005,0.2286,0.0412,0.9978127734033246,0.0021872265966754157,13.1994,0.2977,13.1993,0.0,0.0,0.0,0.0,13.199299999999997,0.2977,13.496999999999998,13.4974
96,0.1086,0.0084,0.117,0.0211,0.9282051282051281,0.07179487179487179,5.8662,4.9253,5.8664,0.0002,0.0,0.0,0.0,5.8664000000000005,4.9253,10.7917,10.7934
97,0.2168,0.0,0.2168,0.039,1.0,0.0,12.1104,0.0109,12.1105,0.0001,0.0,0.0,0.0,12.1105,0.010900000000000002,12.1214,12.1188
98,0.1963,0.0002,0.1965,0.0354,0.9989821882951654,0.0010178117048346056,10.4265,0.1433,10.4269,0.0004,0.0,0.0,0.0,10.4269,0.1433,10.5702,10.5686
99,0.2254,0.007,0.2323,0.0418,0.9702970297029703,0.030133448127421438,12.3768,4.2395,12.3764,0.0,0.0,0.0,0.0,12.3764,4.2395,16.6159,16.617
100,0.151,0.0,0.151,0.0272,1.0,0.0,8.154,0.0088,8.154,0.0,0.0,0.0,0.0,8.154,0.008799999999999999,8.1628,8.1618
101,0.2384,0.0051,0.2434,0.0438,0.9794576828266228,0.020953163516844703,13.0905,3.48,13.0908,0.0003,0.0,0.0,0.0,13.090799999999998,3.4800000000000004,16.5708,16.5693
102,0.0965,0.0002,0.0968,0.0174,0.9969008264462811,0.002066115702479339,5.2137,0.1464,5.2132,0.0,0.0,0.0,0.0,5.2132000000000005,0.1464,5.3596,5.3547
103,0.1047,0.0002,0.1049,0.0189,0.9980934223069591,0.0019065776930409916,6.0552,0.1676,6.0552,0.0,0.0,0.0,0.0,6.055199999999999,0.1676,6.222799999999999,6.2209
104,0.1144,0.0025,0.1169,0.021,0.9786142001710864,0.0213857998289136,6.3927,1.6283,6.3927,0.0,0.0,0.0,0.0,6.3927000000000005,1.6283,8.021,8.0237
105,0.1179,0.0,0.118,0.0212,0.9991525423728814,0.0,7.0758,0.0179,7.0761,0.0003,0.0,0.0,0.0,7.076099999999999,0.0179,7.093999999999999,7.0969
106,0.1962,0.0047,0.2009,0.0362,0.9766052762568443,0.0233947237431558,10.5966,3.0208,10.5966,0.0,0.0,0.0,0.0,10.5966,3.0208,13.6174,13.6196
107,0.1644,0.0037,0.1681,0.0303,0.9779892920880427,0.02201070791195717,9.3456,2.4603,9.3454,0.0,0.0,0.0,0.0,9.345399999999998,2.4602999999999997,11.805699999999998,11.8067
108,0.0461,0.0,0.0462,0.0083,0.997835497835498,0.0,2.718,0.0179,2.7179,0.0,0.0,0.0,0.0,2.7178999999999998,0.0179,2.7358,2.7386
109,0.1259,0.0002,0.1262,0.0227,0.997622820919176,0.001584786053882726,6.6888,0.1471,6.6885,0.0,0.0,0.0,0.0,6.6884999999999994,0.1471,6.8355999999999995,6.8372
110,0.0815,0.0,0.0815,0.0147,1.0,0.0,4.4001,0.0138,4.3996,0.0,0.0,0.0,0.0,4.3996,0.0138,4.4134,4.416
111,0.2694,0.0022,0.2716,0.0489,0.9918998527245949,0.008100147275405008,15.0489,1.2782,15.0495,0.0006,0.0,0.0,0.0,15.049499999999998,1.2782,16.3277,16.3253
112,0.1806,0.0093,0.1899,0.0342,0.9510268562401264,0.04897314375987361,10.2663,6.121,10.2661,0.0,0.0,0.0,0.0,10.2661,6.1209999999999996,16.3871,16.3893
113,0.2154,0.003,0.2183,0.0393,0.9867155290884105,0.013742556115437472,12.4605,1.7105,12.4604,0.0,0.0,0.0,0.0,12.4604,1.7105000000000001,14.1709,14.1694
114,0.2086,0.0,0.2086,0.0376,1.0,0.0,11.4543,0.0264,11.4544,0.0001,0.0,0.0,0.0,11.4544,0.026400000000000003,11.4808,11.4759
115,0.0561,0.0051,0.0612,0.011,0.9166666666666666,0.08333333333333334,3.0276,3.2261,3.0276,0.0,0.0,0.0,0.0,3.0275999999999996,3.2260999999999997,6.253699999999999,6.2529
116,0.2489,0.0001,0.249,0.0448,0.9995983935742973,0.00040160642570281126,13.9023,0.0616,13.9023,0.0,0.0,0.0,0.0,13.9023,0.0616,13.9639,13.9624
117,0.163,0.0083,0.1713,0.0308,0.9515469935785172,0.04845300642148278,8.7993,5.4591,8.7993,0.0,0.0,0.0,0.0,8.7993,5.4591,14.258400000000002,14.2607
118,0.0948,0.0007,0.0955,0.0172,0.9926701570680627,0.007329842931937173,5.1174,0.4588,5.1178,0.0004,0.0,0.0,0.0,5.1178,0.4588,5.5766,5.5795
119,0.0561,0.01,0.0661,0.0119,0.8487140695915278,0.151285930408472,3.0276,6.0167,4.0276,1.0,0.0,0.0,0.0,4.0276,6.0167,10.0443,10.0404
120,0.1968,0.0007,0.1975,0.0356,0.9964556962025316,0.0035443037974683543,11.1879,0.4402,11.1879,0.0,0.0,0.0,0.0,11.1879,0.44020000000000004,11.628100000000002,11.6271
121,0.0995,0.0002,0.0997,0.0179,0.9979939819458375,0.0020060180541624875,5.1174,0.1312,5.1175,0.0001,0.0,0.0,0.0,5.1175,0.1312,5.2486999999999995,5.2486
122,0.2654,0.0009,0.2663,0.0479,0.996620352985355,0.003379647014645137,15.3531,0.5879,15.3527,0.0,0.0,0.0,0.0,15.352699999999999,0.5879,15.940599999999998,15.9417
123,0.0914,0.0026,0.094,0.0169,0.9723404255319148,0.027659574468085105,5.0166,1.7313,5.0165,0.0,0.0,0.0,0.0,5.0165,1.7313,6.7478,6.7514
124,0.2211,0.0012,0.2223,0.04,0.9946018893387314,0.005398110661268556,11.9412,0.7041,11.9412,0.0,0.0,0.0,0.0,11.9412,0.7041,12.6453,12.6494
125,0.0644,0.0006,0.0649,0.0117,0.9922958397534669,0.009244992295839752,3.4758,0.3567,3.4756,0.0,0.0,0.0,0.0,3.4756,0.3567,3.8323,3.8316
126,0.2486,0.0006,0.2492,0.0449,0.9975922953451043,0.002407704654895666,12.7863,0.3976,12.7862,0.0,0.0,0.0,0.0,12.786200000000001,0.39760000000000006,13.183800000000002,13.1858
127,0.0929,0.0143,0.1072,0.0193,0.8666044776119403,0.1333955223880597,5.0166,8.5253,5.0164,0.0,0.0,0.0,0.0,5.016399999999999,8.5253,13.541699999999999,13.5373
128,0.2222,0.0,0.2222,0.04,1.0,0.0,13.0905,0.0068,13.0908,0.0003,0.0,0.0,0.0,13.090799999999998,0.0068,13.097599999999998,13.1007
129,0.28,0.0038,0.2838,0.0511,0.9866102889358704,0.013389711064129669,15.6402,2.3677,15.6401,0.0,0.0,0.0,0.0,15.6401,2.3676999999999997,18.0078,18.0065
130,0.2355,0.0001,0.2355,0.0424,1.0,0.0004246284501061572,12.1104,0.0368,12.1107,0.0003,0.0,0.0,0.0,12.1107,0.036800000000000006,12.147499999999999,12.1505
131,0.0553,0.0,0.0553,0.0099,1.0,0.0,3.1968,0.0075,3.1966,0.0,0.0,0.0,0.0,3.1966,0.0075,3.2041,3.1995
132,0.0529,0.0001,0.0529,0.0095,1.0,0.001890359168241966,2.718,0.036,2.718,0.0,0.0,0.0,0.0,2.718,0.036,2.754,2.7493
133,0.1899,0.0049,0.1949,0.0351,0.9743458183683942,0.025141097998973832,11.1879,3.2576,11.1879,0.0,0.0,0.0,0.0,11.1879,3.2576,14.445500000000001,14.4465
134,0.1609,0.0,0.1609,0.029,1.0,0.0,8.6886,0.0245,8.6888,0.0002,0.0,0.0,0.0,8.6888,0.0245,8.7133,8.718
135,0.0949,0.0163,0.1113,0.02,0.8526504941599281,0.14645103324348607,5.2137,10.5983,5.2134,0.0,0.0,0.0,0.0,5.2134,10.598300000000002,15.811700000000002,15.8116
136,0.1197,0.0031,0.1229,0.0221,0.9739625711960944,0.025223759153783564,6.6888,2.1667,6.6886,0.0,0.0,0.0,0.0,6.688599999999999,2.1667,8.8553,8.8557
137,0.1084,0.0,0.1084,0.0195,1.0,0.0,6.0552,0.0208,6.0552,0.0,0.0,0.0,0.0,6.055199999999999,0.0208,6.076,6.0731
138,0.1899,0.0002,0.19,0.0342,0.9994736842105264,0.0010526315789473684,10.4265,0.1042,10.4269,0.0004,0.0,0.0,0.0,10.4269,0.10419999999999999,10.5311,10.5284
139,0.2121,0.0007,0.2128,0.0383,0.9967105263157896,0.0032894736842105266,11.4543,0.4488,12.4546,1.0003,0.0,0.0,0.0,12.4546,0.4488,12.9034,12.9056
140,0.1378,0.0001,0.138,0.0248,0.9985507246376811,0.0007246376811594203,7.569,0.083,7.569,0.0,0.0,0.0,0.0,7.569,0.083,7.652,7.6547
141,0.1858,0.0001,0.1859,0.0335,0.9994620763851532,0.0005379236148466917,10.0332,0.0327,10.0326,0.0,0.0,0.0,0.0,10.032599999999999,0.0327,10.065299999999999,10.0604
142,0.1963,0.0035,0.1998,0.036,0.9824824824824825,0.017517517517517518,10.4265,2.2023,10.4266,0.0001,0.0,0.0,0.0,10.4266,2.2023,12.628900000000002,12.6254
143,0.2019,0.0001,0.202,0.0364,0.9995049504950494,0.0004950495049504951,10.9026,0.0491,10.9028,0.0002,0.0,0.0,0.0,10.902800000000001,0.0491,10.9519,10.9544
144,0.2443,0.002,0.2463,0.0443,0.9918798213560698,0.008120178643930167,13.6467,1.244,13.6467,0.0,0.0,0.0,0.0,13.6467,1.2439999999999998,14.890699999999999,14.8916
145,0.0505,0.0002,0.0506,0.0091,0.9980237154150199,0.003952569169960475,3.0276,0.0929,3.0277,0.0001,0.0,0.0,0.0,3.0277,0.0929,3.1206,3.1185
146,0.0867,0.0004,0.0871,0.0157,0.9954075774971297,0.004592422502870264,5.0166,0.2432,5.0163,0.0,0.0,0.0,0.0,5.0163,0.2432,5.2595,5.2554
147,0.1375,0.0005,0.1381,0.0249,0.995655322230268,0.003620564808110065,7.0722,0.301,7.0723,0.0001,0.0,0.0,0.0,7.0723,0.30100000000000005,7.3733,7.3781
148,0.1575,0.0023,0.1599,0.0288,0.9849906191369607,0.014383989993746092,8.7993,1.4484,8.7993,0.0,0.0,0.0,0.0,8.7993,1.4484000000000001,10.2477,10.2429
149,0.2397,0.0001,0.2398,0.0432,0.9995829858215178,0.0004170141784820684,14.3847,0.0553,14.3845,0.0,0.0,0.0,0.0,14.384500000000001,0.0553,14.439800000000002,14.4395
150,0.2289,0.0106,0.2395,0.0431,0.955741127348643,0.044258872651356994,12.7863,6.9576,12.786,0.0,0.0,0.0,0.0,12.786000000000001,6.9576,19.7436,19.7457
151,0.151,0.0001,0.1511,0.0272,0.9993381866313699,0.0006618133686300463,8.154,0.0742,8.1539,0.0,0.0,0.0,0.0,8.1539,0.0742,8.2281,8.2267
152,0.2328,0.0,0.2328,0.0419,1.0,0.0,12.7863,0.0056,12.7862,0.0,0.0,0.0,0.0,12.786200000000001,0.0056,12.7918,12.7929
153,0.1717,0.0007,0.1724,0.031,0.9959396751740139,0.004060324825986079,9.5895,0.4335,9.5896,0.0001,0.0,0.0,0.0,9.5896,0.4335,10.023100000000001,10.0188
154,0.1598,0.0002,0.1599,0.0288,0.9993746091307067,0.0012507817385866169,9.0828,0.0978,9.0829,0.0001,0.0,0.0,0.0,9.082900000000002,0.0978,9.180700000000002,9.1789
155,0.1788,0.0002,0.179,0.0322,0.9988826815642458,0.00111731843575419,9.3456,0.1232,9.3454,0.0,0.0,0.0,0.0,9.345399999999998,0.12320000000000002,9.468599999999999,9.4641
156,0.0621,0.0001,0.0622,0.0112,0.9983922829581994,0.0016077170418006433,3.4119,0.0317,3.4117,0.0,0.0,0.0,0.0,3.4116999999999997,0.0317,3.4433999999999996,3.4391
157,0.0966,0.0003,0.0969,0.0174,0.9969040247678019,0.003095975232198142,5.2137,0.2287,5.2135,0.0,0.0,0.0,0.0,5.2135,0.22870000000000004,5.4422,5.4459
158,0.1667,0.0003,0.167,0.0301,0.9982035928143711,0.0017964071856287423,9.8181,0.1923,9.8182,0.0001,0.0,0.0,0.0,9.8182,0.19230000000000003,10.010499999999999,10.0087
159,0.2346,0.0005,0.2351,0.0423,0.9978732454274777,0.002126754572522331,12.4605,0.3663,12.4605,0.0,0.0,0.0,0.0,12.4605,0.3663,12.8268,12.823
160,0.2139,0.0001,0.214,0.0385,0.9995327102803739,0.00046728971962616824,12.3768,0.0737,12.3765,0.0,0.0,0.0,0.0,12.3765,0.0737,12.4502,12.449
161,0.2037,0.0001,0.2038,0.0367,0.9995093228655544,0.0004906771344455348,11.1879,0.06,11.1879,0.0,0.0,0.0,0.0,11.1879,0.06,11.247900000000001,11.2505
162,0.1918,0.0113,0.2031,0.0366,0.9443623830625307,0.05563761693746922,10.9026,7.1585,11.9027,1.0001,0.0,0.0,0.0,11.902700000000001,7.1585,19.0612,19.0591
163,0.105,0.0076,0.1126,0.0203,0.9325044404973356,0.0674955595026643,5.8662,4.5486,6.8662,1.0,0.0,0.0,0.0,6.866199999999999,4.5485999999999995,11.4148,11.4147
164,0.0851,0.0001,0.0852,0.0153,0.9988262910798121,0.0011737089201877935,4.6728,0.0514,4.6728,0.0,0.0,0.0,0.0,4.6728,0.0514,4.7242,4.7274
165,0.238,0.0,0.238,0.0428,1.0,0.0,14.0184,0.0066,14.0181,0.0,0.0,0.0,0.0,14.0181,0.0066,14.024700000000001,14.0226
166,0.0822,0.0014,0.0836,0.015,0.9832535885167464,0.01674641148325359,4.6728,0.8363,4.6727,0.0,0.0,0.0,0.0,4.672699999999999,0.8363,5.508999999999999,5.5056
167,0.0841,0.0001,0.0842,0.0152,0.998812351543943,0.0011876484560570072,4.5414,0.0522,4.5414,0.0,0.0,0.0,0.0,4.5414,0.052199999999999996,4.5936,4.5896
168,0.1926,0.0043,0.1969,0.0354,0.9781615033011681,0.021838496698831894,9.9063,2.9154,9.9066,0.0003,0.0,0.0,0.0,9.906600000000001,2.9154000000000004,12.822000000000001,12.8214
169,0.1835,0.0002,0.1837,0.0331,0.9989112683723462,0.0010887316276537834,9.5895,0.1282,9.5896,0.0001,0.0,0.0,0.0,9.5896,0.1282,9.7178,9.7226
170,0.2481,0.0012,0.2493,0.0449,0.9951865222623345,0.004813477737665463,13.6242,0.7382,14.6242,1.0,0.0,0.0,0.0,14.624199999999998,0.7382,15.362399999999997,15.3652
171,0.146,0.0036,0.1496,0.0269,0.9759358288770053,0.02406417112299465,8.154,2.294,8.154,0.0,0.0,0.0,0.0,8.154,2.294,10.448,10.4501
172,0.1804,0.0,0.1804,0.0325,1.0,0.0,9.9063,0.0121,9.9066,0.0003,0.0,0.0,0.0,9.906600000000001,0.0121,9.918700000000001,9.9232
173,0.2269,0.0003,0.2272,0.0409,0.9986795774647886,0.0013204225352112674,12.4605,0.1882,12.4605,0.0,0.0,0.0,0.0,12.4605,0.18819999999999998,12.6487,12.6464
174,0.154,0.0004,0.1545,0.0278,0.9967637540453075,0.0025889967637540453,8.1819,0.2849,8.1819,0.0,0.0,0.0,0.0,8.1819,0.2849,8.466800000000001,8.465
175,0.1582,0.0001,0.1583,0.0285,0.9993682880606444,0.0006317119393556539,8.6886,0.0354,8.6889,0.0003,0.0,0.0,0.0,8.6889,0.035399999999999994,8.7243,8.7226
176,0.0512,0.0,0.0512,0.0092,1.0,0.0,2.718,0.0156,2.7179,0.0,0.0,0.0,0.0,2.7178999999999998,0.0156,2.7335,2.7374
177,0.1466,0.0054,0.152,0.0274,0.9644736842105264,0.035526315789473684,7.7877,3.0751,8.7877,1.0,0.0,0.0,0.0,8.7877,3.0751,11.8628,11.8645
178,0.2355,0.0,0.2355,0.0424,1.0,0.0,13.6242,0.0101,13.6242,0.0,0.0,0.0,0.0,13.6242,0.0101,13.6343,13.6326
179,0.1172,0.0066,0.1237,0.0223,0.9474535165723524,0.05335489086499596,6.5457,4.2859,6.5454,0.0,0.0,0.0,0.0,6.545399999999999,4.285900000000001,10.831299999999999,10.834
180,0.2271,0.0003,0.2273,0.0409,0.9991201055873294,0.0013198416190057193,13.6242,0.1739,13.6244,0.0002,0.0,0.0,0.0,13.624400000000001,0.17389999999999997,13.798300000000001,13.7954
181,0.2241,0.0106,0.2347,0.0422,0.9548359608010226,0.04516403919897742,12.7368,6.6926,14.7368,2.0,0.0,0.0,0.0,14.7368,6.6926,21.4294,21.4342
182,0.1527,0.0002,0.1529,0.0275,0.9986919555264878,0.0013080444735120995,8.5293,0.1293,9.5294,1.0001,0.0,0.0,0.0,9.529399999999999,0.12930000000000003,9.6587,9.6538
183,0.2752,0.0,0.2752,0.0495,1.0,0.0,15.6402,0.0127,15.6402,0.0,0.0,0.0,0.0,15.6402,0.0127,15.6529,15.6525
184,0.1529,0.0003,0.1533,0.0276,0.9973907371167646,0.0019569471624266144,7.9911,0.2184,7.9914,0.0003,0.0,0.0,0.0,7.9914000000000005,0.2184,8.209800000000001,8.2082
185,0.0799,0.0005,0.0804,0.0145,0.9937810945273632,0.006218905472636816,4.5414,0.324,4.5414,0.0,0.0,0.0,0.0,4.5414,0.32399999999999995,4.8654,4.8628
186,0.2708,0.0004,0.2712,0.0488,0.9985250737463126,0.0014749262536873158,14.3847,0.2379,15.3845,0.9998,0.0,0.0,0.0,15.384500000000001,0.2379,15.6224,15.6179
187,0.1687,0.0006,0.1693,0.0305,0.9964559952746602,0.0035440047253396333,9.5895,0.3681,9.5895,0.0,0.0,0.0,0.0,9.5895,0.3681,9.9576,9.9571
188,0.0933,0.0009,0.0942,0.017,0.9904458598726114,0.009554140127388535,5.3046,0.6332,5.3042,0.0,0.0,0.0,0.0,5.304200000000001,0.6332,5.9374,5.9398
189,0.1442,0.0,0.1442,0.026,1.0,0.0,7.7877,0.0106,7.7878,0.0001,0.0,0.0,0.0,7.787799999999999,0.010599999999999998,7.798399999999999,7.8026
190,0.0747,0.0003,0.075,0.0135,0.9960000000000001,0.004,4.4001,0.1922,4.3998,0.0,0.0,0.0,0.0,4.3998,0.1922,4.592,4.5902
191,0.1897,0.0004,0.1901,0.0342,0.9978958442924777,0.002104155707522357,10.5966,0.2344,10.5967,0.0001,0.0,0.0,0.0,10.5967,0.23439999999999997,10.831100000000001,10.8261
192,0.2639,0.0002,0.2641,0.0475,0.9992427110942825,0.0007572889057175313,14.0184,0.1129,14.018,0.0,0.0,0.0,0.0,14.018,0.11289999999999999,14.1309,14.1294
193,0.2139,0.0079,0.2218,0.0399,0.9643823264201984,0.035617673579801626,12.3768,4.6785,13.3765,0.9997,0.0,0.0,0.0,13.3765,4.6785,18.055,18.0548
194,0.0788,0.0035,0.0823,0.0148,0.9574726609963548,0.0425273390036452,4.4001,2.0907,4.3997,0.0,0.0,0.0,0.0,4.3997,2.0907,6.4904,6.4901
195,0.0799,0.0038,0.0838,0.0151,0.9534606205250596,0.045346062052505964,4.2453,2.4877,5.2456,1.0003,0.0,0.0,0.0,5.2456,2.4877,7.7333,7.7353
196,0.1013,0.0006,0.102,0.0184,0.9931372549019608,0.0058823529411764705,5.661,0.3769,5.661,0.0,0.0,0.0,0.0,5.661,0.3769,6.0379,6.0375
197,0.1192,0.0055,0.1247,0.0224,0.9558941459502807,0.04410585404971932,6.5457,3.4814,6.5454,0.0,0.0,0.0,0.0,6.545399999999999,3.4814,10.026799999999998,10.0256
198,0.1394,0.0111,0.1505,0.0271,0.9262458471760797,0.07375415282392027,7.7877,7.2427,7.7878,0.0001,0.0,0.0,0.0,7.787799999999999,7.242700000000001,15.0305,15.0284
199,0.1527,0.016,0.1687,0.0304,0.9051570835803202,0.09484291641967992,8.5293,10.0796,8.5294,0.0001,0.0,0.0,0.0,8.529399999999999,10.0796,18.608999999999998,18.6107
200,0.1332,0.0,0.1332,0.024,1.0,0.0,7.569,0.007,7.569,0.0,0.0,0.0,0.0,7.569,0.006999999999999999,7.576,7.5751
201,0.1514,0.0001,0.1515,0.0273,0.9993399339933994,0.0006600660066006601,7.7877,0.0434,7.7878,0.0001,0.0,0.0,0.0,7.7878,0.04340000000000001,7.8312,7.8361
202,0.2292,0.0,0.2292,0.0413,1.0,0.0,12.3768,0.021,12.3766,0.0,0.0,0.0,0.0,12.3766,0.021,12.3976,12.3978
203,0.2708,0.0004,0.2712,0.0488,0.9985250737463126,0.0014749262536873158,14.3847,0.2211,14.3847,0.0,0.0,0.0,0.0,14.3847,0.2211,14.6058,14.6089
204,0.148,0.0014,0.1494,0.0269,0.9906291834002676,0.009370816599732263,7.9911,0.8835,7.9912,0.0001,0.0,0.0,0.0,7.9912,0.8835,8.8747,8.8778
205,0.0822,0.0006,0.0828,0.0149,0.9927536231884058,0.007246376811594202,4.6728,0.3828,4.6727,0.0,0.0,0.0,0.0,4.672699999999999,0.38280000000000003,5.0554999999999986,5.0517
206,0.1992,0.0085,0.2077,0.0374,0.9590755897929706,0.040924410207029374,11.322,5.5554,12.3218,0.9998,0.0,0.0,0.0,12.3218,5.555400000000001,17.877200000000002,17.8809
207,0.0505,0.0001,0.0506,0.0091,0.9980237154150199,0.0019762845849802375,3.0276,0.0885,3.0277,0.0001,0.0,0.0,0.0,3.0277,0.0885,3.1161999999999996,3.1133
208,0.2059,0.0016,0.2075,0.0374,0.9922891566265061,0.007710843373493976,11.7054,1.0217,11.7051,0.0,0.0,0.0,0.0,11.705099999999998,1.0217,12.726799999999997,12.7252
209,0.1913,0.0012,0.1924,0.0346,0.9942827442827443,0.0062370062370062365,10.872,0.6623,10.8718,0.0,0.0,0.0,0.0,10.871799999999999,0.6623,11.534099999999999,11.5312
210,0.1703,0.0,0.1703,0.0307,1.0,0.0,9.513,0.0092,9.5128,0.0,0.0,0.0,0.0,9.5128,0.0092,9.522,9.5255
211,0.0552,0.0001,0.0553,0.01,0.9981916817359855,0.0018083182640144665,2.9331,0.0507,2.9331,0.0,0.0,0.0,0.0,2.9331,0.05070000000000001,2.9838,2.9823
212,0.1864,0.0105,0.197,0.0355,0.9461928934010152,0.0532994923857868,10.5966,6.4216,10.5968,0.0002,0.0,0.0,0.0,10.5968,6.4216,17.0184,17.0209
213,0.1523,0.0123,0.1645,0.0296,0.9258358662613981,0.07477203647416412,8.361,7.8701,8.3609,0.0,0.0,0.0,0.0,8.3609,7.870100000000001,16.231,16.2267
214,0.0982,0.0001,0.0983,0.0177,0.9989827060020345,0.001017293997965412,5.3046,0.0368,6.3042,0.9996,0.0,0.0,0.0,6.3042,0.0368,6.341,6.3365
215,0.0949,0.0001,0.095,0.0171,0.9989473684210526,0.0010526315789473684,5.2137,0.0343,5.2133,0.0,0.0,0.0,0.0,5.2133,0.0343,5.2476,5.2506
216,0.0543,0.0002,0.0545,0.0098,0.9963302752293578,0.003669724770642202,2.9331,0.1397,2.9333,0.0002,0.0,0.0,0.0,2.9333,0.1397,3.073,3.0706
217,0.1504,0.0001,0.1506,0.0271,0.99867197875166,0.0006640106241699867,7.9911,0.0839,7.9915,0.0004,0.0,0.0,0.0,7.9915,0.0839,8.0754,8.071
218,0.1834,0.0035,0.187,0.0337,0.9807486631016044,0.018716577540106954,10.4265,2.26,10.4265,0.0,0.0,0.0,0.0,10.4265,2.2600000000000002,12.6865,12.6905
219,0.1637,0.0001,0.1638,0.0295,0.9993894993894995,0.0006105006105006105,8.8407,0.038,8.8403,0.0,0.0,0.0,0.0,8.8403,0.038000000000000006,8.8783,8.8734
220,0.1858,0.0067,0.1925,0.0347,0.9651948051948052,0.034805194805194804,10.0332,3.9297,10.0329,0.0,0.0,0.0,0.0,10.0329,3.9297,13.9626,13.9649
221,0.1717,0.009,0.1807,0.0325,0.9501936912008854,0.04980630879911455,9.5895,6.1742,9.5896,0.0001,0.0,0.0,0.0,9.5896,6.1742,15.7638,15.7683
222,0.0948,0.0057,0.1005,0.0181,0.9432835820895521,0.05671641791044776,5.1174,3.7103,5.1177,0.0003,0.0,0.0,0.0,5.117699999999999,3.7103,8.828,8.8282
223,0.1259,0.0002,0.1262,0.0227,0.997622820919176,0.001584786053882726,6.6888,0.1446,6.6888,0.0,0.0,0.0,0.0,6.6888,0.1446,6.833399999999999,6.8352
224,0.1173,0.0094,0.1267,0.0228,0.925808997632202,0.07419100236779795,6.2298,5.4425,6.2301,0.0003,0.0,0.0,0.0,6.2301,5.4425,11.6726,11.6774
225,0.0933,0.0032,0.0965,0.0174,0.9668393782383419,0.03316062176165803,5.3046,1.9643,5.304,0.0,0.0,0.0,0.0,5.304000000000001,1.9643,7.268300000000001,7.27
226,0.1065,0.0,0.1065,0.0192,1.0,0.0,6.0552,0.0121,6.0553,0.0001,0.0,0.0,0.0,6.0553,0.0121,6.0674,6.0684
227,0.0929,0.0001,0.093,0.0167,0.9989247311827957,0.001075268817204301,5.0166,0.0599,5.0164,0.0,0.0,0.0,0.0,5.0164,0.059899999999999995,5.0763,5.0795
228,0.2363,0.0089,0.2452,0.0441,0.9637030995106036,0.03629690048939641,13.1994,5.8695,13.1992,0.0,0.0,0.0,0.0,13.199199999999998,5.8694999999999995,19.068699999999996,19.0722
229,0.177,0.0001,0.1771,0.0319,0.9994353472614341,0.000564652738565782,10.4265,0.0675,10.4265,0.0,0.0,0.0,0.0,10.4265,0.0675,10.494000000000002,10.4903
230,0.1212,0.0002,0.1214,0.0219,0.9983525535420099,0.0016474464579901156,6.5457,0.1181,6.5454,0.0,0.0,0.0,0.0,6.545399999999999,0.11810000000000001,6.663499999999999,6.6651
231,0.0734,0.0,0.0734,0.0132,1.0,0.0,4.2453,0.0052,4.2455,0.0002,0.0,0.0,0.0,4.2455,0.0052,4.2507,4.2554
232,0.1535,0.0071,0.1606,0.0289,0.9557907845579079,0.04420921544209216,8.154,4.4014,8.1538,0.0,0.0,0.0,0.0,8.1538,4.4014,12.5552,12.5523
233,0.1415,0.0003,0.1418,0.0255,0.9978843441466854,0.0021156558533145273,8.4915,0.1767,8.4914,0.0,0.0,0.0,0.0,8.4914,0.1767,8.6681,8.6667
234,0.2101,0.0015,0.2115,0.0381,0.9933806146572105,0.007092198581560284,11.9412,0.8937,11.9411,0.0,0.0,0.0,0.0,11.9411,0.8937,12.834800000000001,12.8356
235,0.1023,0.0033,0.1057,0.019,0.967833491012299,0.03122043519394513,5.436,2.2797,5.4357,0.0,0.0,0.0,0.0,5.4357,2.2797,7.7154,7.7159
236,0.2093,0.0,0.2093,0.0377,1.0,0.0,12.1104,0.0202,12.1105,0.0001,0.0,0.0,0.0,12.1105,0.020200000000000003,12.130700000000001,12.1302
237,0.1992,0.0,0.1992,0.0359,1.0,0.0,11.322,0.008,11.3219,0.0,0.0,0.0,0.0,11.3219,0.008,11.329899999999999,11.3332
238,0.2898,0.0011,0.2909,0.0524,0.9962186318322448,0.0037813681677552427,15.9129,0.6661,15.9126,0.0,0.0,0.0,0.0,15.912600000000001,0.6661,16.5787,16.5834
239,0.0525,0.0001,0.0526,0.0095,0.9980988593155893,0.0019011406844106464,2.9331,0.0476,2.9331,0.0,0.0,0.0,0.0,2.9331,0.047599999999999996,2.9807,2.9785
240,0.1332,0.0,0.1332,0.024,1.0,0.0,7.569,0.0198,7.5691,0.0001,0.0,0.0,0.0,7.5691,0.019799999999999998,7.5889,7.5857
241,0.0883,0.0003,0.0886,0.0159,0.9966139954853274,0.003386004514672686,4.5414,0.1725,4.5414,0.0,0.0,0.0,0.0,4.5414,0.1725,4.713900000000001,4.7155
242,0.0558,0.003,0.0587,0.0106,0.9505962521294719,0.05110732538330494,3.1149,1.8166,3.1151,0.0002,0.0,0.0,0.0,3.1151,1.8166,4.9317,4.9354
243,0.1995,0.0,0.1995,0.0359,1.0,0.0,10.5966,0.006,10.5968,0.0002,0.0,0.0,0.0,10.5968,0.006,10.6028,10.602
244,0.0924,0.0003,0.0927,0.0167,0.9967637540453074,0.0032362459546925564,4.9095,0.1963,4.9091,0.0,0.0,0.0,0.0,4.9091,0.1963,5.1053999999999995,5.1068
245,0.1244,0.0018,0.1262,0.0227,0.9857369255150554,0.014263074484944531,7.0722,1.1003,7.0722,0.0,0.0,0.0,0.0,7.0722000000000005,1.1003,8.172500000000001,8.1726
246,0.1173,0.0006,0.1179,0.0212,0.9949109414758269,0.0050890585241730275,6.2298,0.3929,6.2299,0.0001,0.0,0.0,0.0,6.229900000000001,0.3929,6.622800000000001,6.6269
247,0.2664,0.0104,0.2767,0.0498,0.9627755692085291,0.0375858330321648,14.3847,6.5252,14.3846,0.0,0.0,0.0,0.0,14.3846,6.5252,20.9098,20.9139
248,0.1223,0.0002,0.1225,0.0221,0.9983673469387756,0.0016326530612244899,6.9516,0.1565,6.9515,0.0,0.0,0.0,0.0,6.951499999999999,0.1565,7.108,7.1074
249,0.1103,0.0026,0.1129,0.0203,0.9769707705934455,0.023029229406554472,6.0552,1.7419,6.0552,0.0,0.0,0.0,0.0,6.055199999999999,1.7419,7.7970999999999995,7.8012
250,0.1111,0.0006,0.1117,0.0201,0.9946284691136975,0.005371530886302596,6.5457,0.3614,6.5455,0.0,0.0,0.0,0.0,6.545499999999999,0.3614,6.9068999999999985,6.91
251,0.0917,0.0075,0.0992,0.0179,0.9243951612903226,0.07560483870967742,5.2137,4.5295,5.2135,0.0,0.0,0.0,0.0,5.2135,4.5295000000000005,9.743,9.7418
252,0.0553,0.0001,0.0554,0.01,0.9981949458483755,0.0018050541516245488,3.1968,0.0872,3.1968,0.0,0.0,0.0,0.0,3.1968,0.0872,3.2840000000000003,3.2875
253,0.1682,0.0007,0.1689,0.0304,0.9958555358200119,0.0041444641799881585,9.0828,0.417,9.083,0.0002,0.0,0.0,0.0,9.083000000000002,0.417,9.500000000000002,9.4954
254,0.2254,0.0002,0.2256,0.0406,0.999113475177305,0.0008865248226950355,12.3768,0.1413,12.3766,0.0,0.0,0.0,0.0,12.3766,0.14129999999999998,12.5179,12.5223
255,0.2996,0.0003,0.2999,0.054,0.9989996665555184,0.0010003334444814937,15.9129,0.2309,15.9127,0.0,0.0,0.0,0.0,15.912700000000001,0.2309,16.1436,16.1463
256,0.0622,0.0017,0.0639,0.0115,0.97339593114241,0.026604068857589983,3.5361,1.1077,3.5361,0.0,0.0,0.0,0.0,3.5361000000000002,1.1077,4.643800000000001,4.6399
257,0.1335,0.002,0.1355,0.0244,0.985239852398524,0.014760147601476014,7.3332,1.3198,7.333,0.0,0.0,0.0,0.0,7.333,1.3198,8.652800000000001,8.6552
258,0.1922,0.0049,0.1971,0.0355,0.9751395230847286,0.024860476915271434,11.322,3.2639,11.3219,0.0,0.0,0.0,0.0,11.3219,3.2639,14.585799999999999,14.5875
259,0.1734,0.0003,0.1737,0.0313,0.998272884283247,0.0017271157167530224,10.0332,0.194,10.0329,0.0,0.0,0.0,0.0,10.0329,0.19399999999999998,10.2269,10.2261
260,0.0619,0.0008,0.0628,0.0113,0.9856687898089173,0.012738853503184716,3.3444,0.562,3.3444,0.0,0.0,0.0,0.0,3.3444,0.5619999999999999,3.9063999999999997,3.9109
261,0.2481,0.0001,0.2482,0.0447,0.9995970991136179,0.0004029008863819501,13.6242,0.0449,13.6244,0.0002,0.0,0.0,0.0,13.624400000000001,0.0449,13.669300000000002,13.6736
262,0.1406,0.0,0.1406,0.0253,1.0,0.0,7.9911,0.0079,7.9911,0.0,0.0,0.0,0.0,7.9911,0.0079,7.9990000000000006,7.995
263,0.198,0.0089,0.2069,0.0372,0.956984050265829,0.0430159497341711,10.872,6.2044,10.8717,0.0,0.0,0.0,0.0,10.871699999999999,6.204400000000001,17.0761,17.0778
264,0.2488,0.0004,0.2492,0.0449,0.9983948635634028,0.0016051364365971107,14.1444,0.2647,14.1444,0.0,0.0,0.0,0.0,14.144400000000001,0.2647,14.4091,14.4049
265,0.2141,0.003,0.217,0.0391,0.9866359447004609,0.013824884792626729,11.1879,1.7897,11.188,0.0001,0.0,0.0,0.0,11.188,1.7897,12.9777,12.9801
266,0.2489,0.0005,0.2494,0.0449,0.9979951884522855,0.002004811547714515,13.9023,0.3123,13.9023,0.0,0.0,0.0,0.0,13.9023,0.3123,14.2146,14.2117
267,0.1332,0.0,0.1332,0.024,1.0,0.0,7.0758,0.0043,7.0761,0.0003,0.0,0.0,0.0,7.0761,0.0043,7.0804,7.0772
268,0.0979,0.0,0.098,0.0176,0.9989795918367347,0.0,5.1174,0.0179,5.1177,0.0003,0.0,0.0,0.0,5.117699999999999,0.0179,5.135599999999999,5.139
269,0.1266,0.0125,0.1391,0.025,0.910136592379583,0.08986340762041697,7.0722,7.9722,7.0723,0.0001,0.0,0.0,0.0,7.0723,7.972200000000001,15.044500000000001,15.0442
270,0.0836,0.0003,0.0839,0.0151,0.9964243146603098,0.0035756853396901067,5.0166,0.1564,5.0165,0.0,0.0,0.0,0.0,5.0165,0.1564,5.172899999999999,5.1732
271,0.1378,0.0,0.1378,0.0248,1.0,0.0,7.569,0.0106,7.569,0.0,0.0,0.0,0.0,7.569,0.0106,7.5796,7.5842
272,0.1731,0.0,0.1731,0.0312,1.0,0.0,9.3456,0.0061,9.3454,0.0,0.0,0.0,0.0,9.345399999999998,0.0060999999999999995,9.351499999999998,9.3562
273,0.0999,0.0003,0.1002,0.018,0.9970059880239521,0.002994011976047904,5.3046,0.1835,5.3046,0.0,0.0,0.0,0.0,5.304600000000001,0.1835,5.488100000000001,5.4909
274,0.1378,0.0025,0.1403,0.0253,0.9821810406272273,0.01781895937277263,7.569,1.556,7.569,0.0,0.0,0.0,0.0,7.569,1.5560000000000003,9.125,9.126
275,0.0538,0.0056,0.0594,0.0107,0.9057239057239057,0.09427609427609428,3.1149,3.3449,3.1152,0.0003,0.0,0.0,0.0,3.1151999999999997,3.3449,6.4601,6.4555
276,0.1521,0.0024,0.1545,0.0278,0.9844660194174758,0.015533980582524271,8.7993,1.5093,8.7994,0.0001,0.0,0.0,0.0,8.7994,1.5093,10.3087,10.3097
277,0.1279,0.0001,0.128,0.023,0.99921875,0.00078125,6.795,0.0685,6.7947,0.0,0.0,0.0,0.0,6.7947,0.06849999999999999,6.8632,6.8658
278,0.0534,0.0028,0.0562,0.0101,0.9501779359430605,0.0498220640569395,2.9331,1.6822,2.9331,0.0,0.0,0.0,0.0,2.9331,1.6822000000000001,4.6153,4.6109
279,0.0894,0.0056,0.095,0.0171,0.9410526315789473,0.05894736842105263,4.9095,3.7231,4.9091,0.0,0.0,0.0,0.0,4.9091,3.7231,8.6322,8.6346
280,0.1159,0.0024,0.1183,0.0213,0.9797125950972105,0.020287404902789515,6.0552,1.4581,6.0554,0.0002,0.0,0.0,0.0,6.055400000000001,1.4581,7.5135000000000005,7.5112
281,0.0472,0.0003,0.0475,0.0085,0.9936842105263157,0.0063157894736842095,2.8305,0.1819,2.8305,0.0,0.0,0.0,0.0,2.8305,0.1819,3.0124,3.0087
282,0.1788,0.0,0.1788,0.0322,1.0,0.0,9.8181,0.0105,9.8182,0.0001,0.0,0.0,0.0,9.8182,0.0105,9.8287,9.83
283,0.2227,0.0034,0.2261,0.0407,0.9849624060150377,0.015037593984962405,12.231,2.1475,12.2306,0.0,0.0,0.0,0.0,12.2306,2.1475,14.3781,14.3787
284,0.2216,0.0,0.2216,0.0399,1.0,0.0,12.3768,0.0297,12.3764,0.0,0.0,0.0,0.0,12.3764,0.0297,12.4061,12.4031
285,0.0827,0.0044,0.087,0.0157,0.9505747126436782,0.05057471264367817,4.5414,2.661,4.5414,0.0,0.0,0.0,0.0,4.5414,2.661,7.202400000000001,7.2061
286,0.1406,0.0,0.1406,0.0253,1.0,0.0,7.9911,0.0071,7.9913,0.0002,0.0,0.0,0.0,7.991300000000001,0.0071,7.998400000000001,8.002
287,0.2121,0.0083,0.2204,0.0397,0.9623411978221416,0.037658802177858434,11.4543,5.3897,12.4545,1.0002,0.0,0.0,0.0,12.4545,5.3897,17.8442,17.8431
288,0.0562,0.0007,0.057,0.0103,0.9859649122807017,0.012280701754385965,3.1968,0.455,3.1966,0.0,0.0,0.0,0.0,3.1966,0.45499999999999996,3.6516,3.6477
289,0.1135,0.0133,0.1269,0.0228,0.8944050433412135,0.10480693459416862,6.6888,8.7147,6.6886,0.0,0.0,0.0,0.0,6.688599999999999,8.714699999999999,15.403299999999998,15.4071
290,0.2243,0.009,0.2333,0.042,0.9614230604372053,0.03857693956279468,12.1104,5.7769,12.1105,0.0001,0.0,0.0,0.0,12.110499999999998,5.7768999999999995,17.8874,17.8899
291,0.0611,0.0,0.0612,0.011,0.9983660130718955,0.0,3.4758,0.0153,3.4756,0.0,0.0,0.0,0.0,3.4756,0.0153,3.4909,3.4867
292,0.1529,0.0002,0.1531,0.0276,0.9986936642717178,0.0013063357282821686,7.9911,0.1195,7.9911,0.0,0.0,0.0,0.0,7.9911,0.1195,8.1106,8.1128
293,0.1553,0.0009,0.1563,0.0281,0.9936020473448497,0.005758157389635317,8.5293,0.5604,8.5293,0.0,0.0,0.0,0.0,8.5293,0.5604,9.089699999999999,9.0876
294,0.1801,0.0004,0.1805,0.0325,0.9977839335180057,0.00221606648199446,10.6083,0.2634,10.6083,0.0,0.0,0.0,0.0,10.6083,0.2634,10.8717,10.871
295,0.1455,0.0055,0.151,0.0272,0.9635761589403973,0.03642384105960265,7.9911,3.458,7.9913,0.0002,0.0,0.0,0.0,7.991300000000001,3.4579999999999997,11.449300000000001,11.451
296,0.0619,0.0143,0.0762,0.0137,0.8123359580052493,0.18766404199475065,3.3444,9.0301,3.3443,0.0,0.0,0.0,0.0,3.3442999999999996,9.0301,12.374399999999998,12.3761
297,0.2532,0.0,0.2532,0.0456,1.0,0.0,13.9023,0.0296,13.9023,0.0,0.0,0.0,0.0,13.9023,0.0296,13.9319,13.9329
298,0.1032,0.0,0.1032,0.0186,1.0,0.0,5.8662,0.0122,5.8664,0.0002,0.0,0.0,0.0,5.8664000000000005,0.0122,5.8786000000000005,5.8759
299,0.1765,0.0069,0.1834,0.033,0.9623773173391493,0.0376226826608506,10.0332,3.8966,10.0329,0.0,0.0,0.0,0.0,10.0329,3.8966000000000003,13.9295,13.925
300,0.1897,0.0049,0.1946,0.035,0.9748201438848921,0.025179856115107913,10.5966,3.3108,10.5968,0.0002,0.0,0.0,0.0,10.5968,3.3108,13.9076,13.9027
301,0.2317,0.002,0.2337,0.0421,0.9914420196833548,0.008557980316645272,12.1104,1.2159,12.1104,0.0,0.0,0.0,0.0,12.110399999999998,1.2159,13.326299999999998,13.3216
302,0.2132,0.0066,0.2198,0.0396,0.9699727024567789,0.030027297543221112,11.7054,4.4764,11.7051,0.0,0.0,0.0,0.0,11.705099999999998,4.4764,16.1815,16.1809
303,0.0538,0.0,0.0539,0.0097,0.9981447124304267,0.0,3.1149,0.0254,3.115,0.0001,0.0,0.0,0.0,3.115,0.025400000000000002,3.1404,3.1419
304,0.1802,0.0152,0.1954,0.0352,0.9222108495394064,0.07778915046059366,10.4265,9.4961,10.4268,0.0003,0.0,0.0,0.0,10.4268,9.496099999999998,19.9229,19.9253
305,0.1065,0.0102,0.1167,0.021,0.9125964010282777,0.08740359897172237,6.0552,7.0096,6.0553,0.0001,0.0,0.0,0.0,6.0553,7.0096,13.0649,13.0673
306,0.1245,0.0,0.1245,0.0224,1.0,0.0,7.3332,0.0054,7.3329,0.0,0.0,0.0,0.0,7.3329,0.005399999999999999,7.3383,7.3345
307,0.0572,0.0007,0.0579,0.0104,0.9879101899827288,0.012089810017271156,3.1968,0.4113,3.1967,0.0,0.0,0.0,0.0,3.1967,0.4113,3.6079999999999997,3.608
308,0.2898,0.0002,0.29,0.0522,0.9993103448275863,0.0006896551724137932,15.9129,0.1386,15.9126,0.0,0.0,0.0,0.0,15.912600000000001,0.1386,16.0512,16.0494
309,0.1801,0.0002,0.1803,0.0325,0.9988907376594566,0.0011092623405435386,10.2357,0.1539,10.2354,0.0,0.0,0.0,0.0,10.235399999999998,0.15389999999999998,10.389299999999999,10.3881
310,0.099,0.0003,0.0993,0.0179,0.9969788519637462,0.003021148036253776,5.436,0.1854,5.4359,0.0,0.0,0.0,0.0,5.435899999999999,0.1854,5.6213,5.6167
311,0.0533,0.0002,0.0534,0.0096,0.99812734082397,0.003745318352059925,3.0276,0.0937,3.0276,0.0,0.0,0.0,0.0,3.0275999999999996,0.09369999999999999,3.1212999999999997,3.1191
312,0.1864,0.0113,0.1977,0.0356,0.9428426909458777,0.05715730905412241,10.2357,6.8849,10.2356,0.0,0.0,0.0,0.0,10.235599999999998,6.8849,17.1205,17.1245
313,0.1431,0.0132,0.1562,0.0281,0.9161331626120358,0.08450704225352113,7.9911,8.1447,14.9913,7.0002,0.0,0.0,0.0,14.9913,8.1447,23.136000000000003,23.1338
314,0.1104,0.0,0.1105,0.0199,0.9990950226244344,0.0,5.8662,0.0239,5.8663,0.0001,0.0,0.0,0.0,5.866300000000001,0.0239,5.890200000000001,5.8864
315,0.2097,0.0,0.2097,0.0377,1.0,0.0,11.322,0.0057,11.3217,0.0,0.0,0.0,0.0,11.3217,0.0057,11.327399999999999,11.3237
316,0.0633,0.013,0.0763,0.0137,0.8296199213630405,0.17038007863695934,3.5361,7.6949,4.5362,1.0001,0.0,0.0,0.0,4.5362,7.6949000000000005,12.231100000000001,12.2331
317,0.2489,0.0135,0.2623,0.0472,0.948913457872665,0.05146778497903165,13.9023,8.3615,15.9023,2.0,0.0,0.0,0.0,15.902300000000002,8.361500000000001,24.263800000000003,24.2657
318,0.2701,0.0001,0.2702,0.0486,0.9996299037749815,0.00037009622501850485,15.3531,0.0763,15.3529,0.0,0.0,0.0,0.0,15.352899999999998,0.07629999999999999,15.429199999999998,15.4247
319,0.2436,0.0042,0.2478,0.0446,0.9830508474576272,0.01694915254237288,13.3776,2.7016,13.3774,0.0,0.0,0.0,0.0,13.377399999999998,2.7016,16.078999999999997,16.0782
320,0.1985,0.0122,0.2107,0.0379,0.9420977693402943,0.05790223065970575,10.9026,7.4542,14.9029,4.0003,0.0,0.0,0.0,14.9029,7.4542,22.357100000000003,22.3589
321,0.1776,0.0006,0.1782,0.0321,0.9966329966329966,0.003367003367003367,9.5895,0.3924,9.5897,0.0002,0.0,0.0,0.0,9.5897,0.3924000000000001,9.9821,9.978
322,0.1442,0.0003,0.1445,0.026,0.997923875432526,0.0020761245674740486,7.7877,0.1704,7.7879,0.0002,0.0,0.0,0.0,7.787899999999999,0.17040000000000002,7.958299999999999,7.962
323,0.1865,0.0001,0.1866,0.0336,0.9994640943193999,0.0005359056806002145,9.5895,0.0615,9.5895,0.0,0.0,0.0,0.0,9.5895,0.0615,9.651,9.6528
324,0.2397,0.0023,0.242,0.0436,0.9904958677685951,0.00950413223140496,13.6242,1.4333,16.6243,3.0001,0.0,0.0,0.0,16.624299999999998,1.4333,18.057599999999997,18.0543
325,0.1801,0.0036,0.1837,0.0331,0.980402830702232,0.0195971692977681,10.2357,2.2459,11.235,0.9993,0.0,0.0,0.0,11.235,2.2459000000000002,13.4809,15.4797
326,0.2027,0.0001,0.2028,0.0365,0.9995069033530571,0.0004930966469428008,11.322,0.07,11.3216,0.0,0.0,0.0,0.0,11.3216,0.06999999999999999,11.3916,11.3869
327,0.2173,0.0003,0.2176,0.0392,0.9986213235294118,0.0013786764705882352,11.7324,0.1854,14.7327,3.0003,0.0,0.0,0.0,14.7327,0.1854,14.918099999999999,14.9218
328,0.1111,0.0003,0.1114,0.0201,0.9973070017953322,0.0026929982046678632,6.5457,0.2066,6.5455,0.0,0.0,0.0,0.0,6.545499999999999,0.2066,6.752099999999999,6.7486
329,0.2063,0.0002,0.2065,0.0372,0.9990314769975788,0.0009685230024213076,10.6083,0.1518,10.6084,0.0001,0.0,0.0,0.0,10.6084,0.15180000000000002,10.7602,10.7602
330,0.0933,0.0133,0.1067,0.0192,0.8744142455482661,0.12464854732895969,5.3046,8.2238,8.304,2.9994,0.0,0.0,0.0,8.304,8.2238,16.5278,16.5326
331,0.193,0.0095,0.2024,0.0364,0.9535573122529645,0.04693675889328063,10.5966,6.0692,15.5966,5.0,0.0,0.0,0.0,15.5966,6.0691999999999995,21.6658,21.6705
332,0.2617,0.0005,0.2622,0.0472,0.998093058733791,0.001906941266209001,13.9023,0.3134,13.9023,0.0,0.0,0.0,0.0,13.9023,0.3134,14.2157,14.2192
333,0.1889,0.0,0.1889,0.034,1.0,0.0,10.0332,0.0168,12.033,1.9998,0.0,0.0,0.0,12.033,0.016800000000000002,12.0498,12.0483
334,0.0808,0.0007,0.0815,0.0147,0.9914110429447852,0.008588957055214723,4.6728,0.4322,4.6726,0.0,0.0,0.0,0.0,4.672599999999999,0.43220000000000003,5.104799999999999,5.6067
335,0.2591,0.0029,0.262,0.0472,0.9889312977099236,0.011068702290076334,14.7276,1.8603,17.7273,2.9997,0.0,0.0,0.0,17.7273,1.8602999999999998,19.5876,20.584
336,0.0879,0.0151,0.103,0.0185,0.8533980582524273,0.14660194174757282,4.9095,9.1589,12.9088,7.9993,0.0,0.0,0.0,12.9088,9.1589,22.0677,23.5703
337,0.1038,0.0001,0.1039,0.0187,0.9990375360923965,0.0009624639076034648,6.2298,0.0567,6.2303,0.0005,0.0,0.0,0.0,6.230300000000001,0.0567,6.287000000000001,6.2864
338,0.048,0.0007,0.0487,0.0088,0.9856262833675565,0.014373716632443531,2.8305,0.4173,2.8304,0.0,0.0,0.0,0.0,2.8304,0.4173,3.2477,3.2446
339,0.0717,0.0014,0.0731,0.0132,0.9808481532147743,0.019151846785225718,4.077,0.9305,16.0769,11.9999,0.0,0.0,0.0,16.0769,0.9305,17.007399999999997,17.0042
340,0.0555,0.0,0.0556,0.01,0.998201438848921,0.0,3.2724,0.0249,3.2728,0.0004,0.0,0.0,0.0,3.2728,0.0249,3.2977000000000003,3.2936
341,0.2423,0.0,0.2423,0.0436,1.0,0.0,12.4605,0.012,12.4604,0.0,0.0,0.0,0.0,12.4604,0.012,12.4724,12.4693
342,0.1931,0.0001,0.1932,0.0348,0.9994824016563146,0.0005175983436853002,10.4265,0.0954,10.4267,0.0002,0.0,0.0,0.0,10.4267,0.0954,10.5221,10.5244
343,0.1485,0.0031,0.1516,0.0273,0.979551451187335,0.020448548812664905,8.154,2.157,13.1539,4.9999,0.0,0.0,0.0,13.1539,2.157,15.3109,15.3156
344,0.1703,0.0002,0.1705,0.0307,0.9988269794721407,0.0011730205278592375,9.513,0.1286,9.5128,0.0,0.0,0.0,0.0,9.5128,0.1286,9.6414,9.6394
345,0.0633,0.0001,0.0634,0.0114,0.998422712933754,0.001577287066246057,3.4758,0.0529,3.4757,0.0,0.0,0.0,0.0,3.4757000000000002,0.0529,3.5286000000000004,3.5325
346,0.2553,0.0042,0.2595,0.0467,0.9838150289017342,0.016184971098265895,14.0184,2.774,14.018,0.0,0.0,0.0,0.0,14.018,2.774,16.792,16.7953
347,0.2292,0.0,0.2292,0.0413,1.0,0.0,12.3768,0.0076,13.3765,0.9997,0.0,0.0,0.0,13.3765,0.0076,13.3841,13.3878
348,0.2553,0.0001,0.2554,0.046,0.9996084573218481,0.00039154267815191856,14.0184,0.0868,14.0181,0.0,0.0,0.0,0.0,14.0181,0.08679999999999999,14.1049,14.1014
349,0.0633,0.0175,0.0808,0.0145,0.7834158415841583,0.2165841584158416,3.5361,10.4971,8.5361,5.0,0.0,0.0,0.0,8.536100000000001,10.4971,19.0332,19.0321
350,0.1706,0.0,0.1706,0.0307,1.0,0.0,10.2357,0.0069,10.2354,0.0,0.0,0.0,0.0,10.235399999999998,0.0069,10.242299999999998,10.2459
351,0.1335,0.0043,0.1378,0.0248,0.9687953555878084,0.03120464441219158,7.3332,2.7458,13.3327,5.9995,0.0,0.0,0.0,13.3327,2.7458,16.078500000000002,16.0737
352,0.2015,0.0132,0.2147,0.0386,0.9385188635305077,0.06148113646949231,11.4543,8.853,19.4546,8.0003,0.0,0.0,0.0,19.454600000000003,8.853,28.3076,28.3115
353,0.2701,0.0,0.2701,0.0486,1.0,0.0,15.3531,0.0155,15.3528,0.0,0.0,0.0,0.0,15.352799999999998,0.015499999999999998,15.368299999999998,15.3708
354,0.1895,0.0,0.1896,0.0341,0.9994725738396625,0.0,10.2357,0.0096,11.2355,0.9998,0.0,0.0,0.0,11.235499999999998,0.009600000000000001,11.245099999999999,11.2481
355,0.2576,0.0002,0.2578,0.0464,0.9992242048099302,0.0007757951900698217,14.1444,0.1515,14.1445,0.0001,0.0,0.0,0.0,14.1445,0.15149999999999997,14.296000000000001,14.2925
356,0.1177,0.0008,0.1184,0.0213,0.9940878378378378,0.006756756756756757,6.6888,0.4739,6.6886,0.0,0.0,0.0,0.0,6.688599999999999,0.47390000000000004,7.1625,7.1598
357,0.1048,0.0001,0.1049,0.0189,0.9990467111534796,0.0009532888465204958,5.661,0.0431,5.6609,0.0,0.0,0.0,0.0,5.6609,0.0431,5.704,5.7069
358,0.1738,0.0,0.1738,0.0313,1.0,0.0,10.4265,0.0206,10.4267,0.0002,0.0,0.0,0.0,10.4267,0.0206,10.4473,10.4496
359,0.0588,0.0004,0.0592,0.0107,0.9932432432432432,0.006756756756756757,3.3444,0.2543,5.3443,1.9999,0.0,0.0,0.0,5.3443,0.2543,5.598599999999999,5.5943
360,0.2947,0.0001,0.2947,0.0531,1.0,0.00033932813030200206,15.9129,0.0353,15.9125,0.0,0.0,0.0,0.0,15.912500000000001,0.035300000000000005,15.9478,15.9481
361,0.149,0.0116,0.1606,0.0289,0.9277708592777086,0.0722291407222914,8.1819,7.6698,9.1818,0.9999,0.0,0.0,0.0,9.1818,7.6698,16.8516,16.8484
362,0.2569,0.0001,0.257,0.0463,0.9996108949416342,0.0003891050583657588,13.6467,0.0595,13.6467,0.0,0.0,0.0,0.0,13.6467,0.0595,13.706199999999999,13.7014
363,0.193,0.0045,0.1974,0.0355,0.977710233029382,0.022796352583586626,10.5966,2.8547,11.5966,1.0,0.0,0.0,0.0,11.5966,2.8547000000000002,14.4513,14.4471
364,0.1657,0.007,0.1727,0.0311,0.9594672843080486,0.04053271569195136,9.5895,4.1245,11.5895,2.0,0.0,0.0,0.0,11.589500000000001,4.1245,15.714000000000002,15.7168
365,0.0879,0.0002,0.0881,0.0159,0.9977298524404087,0.002270147559591374,4.9095,0.1349,4.9092,0.0,0.0,0.0,0.0,4.909199999999999,0.1349,5.044099999999999,5.0458
366,0.1832,0.0008,0.1841,0.0331,0.9951113525258012,0.0043454644215100485,10.2357,0.5152,10.2352,0.0,0.0,0.0,0.0,10.235199999999999,0.5152000000000001,10.750399999999999,10.7479
367,0.0999,0.0001,0.1,0.018,0.999,0.001,5.3046,0.0694,5.3043,0.0,0.0,0.0,0.0,5.3043,0.0694,5.3736999999999995,5.3697
368,0.099,0.0069,0.1059,0.0191,0.934844192634561,0.06515580736543909,5.436,4.1575,5.436,0.0,0.0,0.0,0.0,5.436,4.157500000000001,9.5935,9.5962
369,0.0692,0.0001,0.0693,0.0125,0.9985569985569985,0.001443001443001443,4.077,0.0653,4.0769,0.0,0.0,0.0,0.0,4.0769,0.0653,4.1422,4.1395
370,0.2132,0.0004,0.2135,0.0384,0.9985948477751757,0.0018735362997658082,11.7054,0.2181,11.7051,0.0,0.0,0.0,0.0,11.705099999999998,0.2181,11.923199999999998,11.9238
371,0.1583,0.0001,0.1583,0.0285,1.0,0.0006317119393556539,8.8407,0.0334,8.8403,0.0,0.0,0.0,0.0,8.8403,0.0334,8.8737,8.8722
372,0.2384,0.0001,0.2386,0.0429,0.9991617770326907,0.00041911148365465214,12.4605,0.0878,13.4605,1.0,0.0,0.0,0.0,13.4605,0.08779999999999999,13.5483,13.5445
373,0.2114,0.0004,0.2118,0.0381,0.9981114258734656,0.0018885741265344666,10.872,0.2519,10.8716,0.0,0.0,0.0,0.0,10.871599999999999,0.2519,11.1235,11.1277
374,0.2171,0.0,0.2171,0.0391,1.0,0.0,12.7863,0.0143,12.7861,0.0,0.0,0.0,0.0,12.786100000000001,0.0143,12.800400000000002,12.8036
375,0.2636,0.002,0.2656,0.0478,0.9924698795180723,0.007530120481927711,14.7276,1.1572,14.7273,0.0,0.0,0.0,0.0,14.727300000000001,1.1572000000000002,15.884500000000001,15.8818
376,0.0688,0.0002,0.069,0.0124,0.9971014492753623,0.002898550724637681,3.5361,0.1288,5.5361,2.0,0.0,0.0,0.0,5.5361,0.1288,5.6649,5.6599
377,0.1553,0.0018,0.1571,0.0283,0.988542329726289,0.011457670273711012,8.5293,1.1242,11.5294,3.0001,0.0,0.0,0.0,11.5294,1.1242,12.6536,12.6492
378,0.1514,0.0,0.1514,0.0273,1.0,0.0,7.7877,0.0129,7.7877,0.0,0.0,0.0,0.0,7.787699999999999,0.012900000000000002,7.800599999999999,7.7997
379,0.2152,0.0015,0.2167,0.039,0.9930779880018459,0.00692201199815413,12.231,1.0324,15.2309,2.9999,0.0,0.0,0.0,15.2309,1.0324,16.2633,16.2623
380,0.1448,0.0,0.1448,0.0261,1.0,0.0,8.6886,0.0094,8.689,0.0004,0.0,0.0,0.0,8.689,0.009400000000000002,8.6984,8.703
381,0.0612,0.0051,0.0663,0.0119,0.923076923076923,0.07692307692307693,3.1968,3.3544,3.1966,0.0,0.0,0.0,0.0,3.1966,3.3544,6.551,6.5501
382,0.1352,0.0001,0.1352,0.0243,1.0,0.0007396449704142013,6.9516,0.0324,6.9511,0.0,0.0,0.0,0.0,6.9511,0.032400000000000005,6.9835,6.9813
383,0.1494,0.0,0.1494,0.0269,1.0,0.0,8.4915,0.0058,8.4913,0.0,0.0,0.0,0.0,8.4913,0.0058000000000000005,8.497100000000001,8.4952
384,0.2178,0.0001,0.2179,0.0392,0.9995410738871041,0.0004589261128958238,12.1644,0.0687,12.1647,0.0003,0.0,0.0,0.0,12.164699999999998,0.06870000000000001,12.233399999999998,12.2324
385,0.2132,0.0,0.2132,0.0384,1.0,0.0,11.7054,0.008,11.7049,0.0,0.0,0.0,0.0,11.704899999999999,0.008,11.712899999999998,11.7175
386,0.1159,0.0004,0.1163,0.0209,0.9965606190885641,0.0034393809114359416,6.9516,0.2823,6.9512,0.0,0.0,0.0,0.0,6.9512,0.2823,7.2335,7.2329
387,0.12,0.0001,0.1202,0.0216,0.9983361064891847,0.0008319467554076539,6.8238,0.0787,6.8235,0.0,0.0,0.0,0.0,6.823500000000001,0.0787,6.9022000000000014,6.9049
388,0.2076,0.0002,0.2079,0.0374,0.9985569985569985,0.000962000962000962,12.231,0.1545,12.2308,0.0,0.0,0.0,0.0,12.2308,0.15449999999999997,12.3853,12.3817
389,0.1625,0.0,0.1625,0.0293,1.0,0.0,8.4915,0.0084,8.4915,0.0,0.0,0.0,0.0,8.4915,0.0084,8.4999,8.4954
390,0.2205,0.0,0.2205,0.0397,1.0,0.0,12.1104,0.0119,12.1104,0.0,0.0,0.0,0.0,12.110399999999998,0.0119,12.1223,12.1221
391,0.0825,0.0003,0.0828,0.0149,0.996376811594203,0.003623188405797101,4.2453,0.1803,4.2459,0.0006,0.0,0.0,0.0,4.2459,0.1803,4.4262,4.4262
392,0.1834,0.0005,0.1839,0.0331,0.9972811310494835,0.002718868950516585,10.4265,0.3547,10.4271,0.0006,0.0,0.0,0.0,10.4271,0.35469999999999996,10.781799999999999,10.7788
393,0.2136,0.0,0.2137,0.0385,0.9995320542817033,0.0,11.7324,0.0202,11.7325,0.0001,0.0,0.0,0.0,11.732500000000002,0.0202,11.752700000000003,11.7528
394,0.1435,0.0015,0.145,0.0261,0.9896551724137931,0.010344827586206898,8.154,0.97,8.1538,0.0,0.0,0.0,0.0,8.1538,0.97,9.123800000000001,9.1207
395,0.1598,0.01,0.1698,0.0306,0.9411071849234393,0.05889281507656066,9.0828,6.9142,9.0828,0.0,0.0,0.0,0.0,9.0828,6.914199999999999,15.997,16.0008
396,0.1086,0.0001,0.1087,0.0196,0.9990800367985281,0.0009199632014719411,5.8662,0.0402,5.8664,0.0002,0.0,0.0,0.0,5.8664000000000005,0.0402,5.9066,5.9078
397,0.1243,0.0004,0.1247,0.0224,0.9967923015236567,0.0032076984763432237,6.8238,0.2415,6.8236,0.0,0.0,0.0,0.0,6.823600000000001,0.2415,7.065100000000001,7.0694
398,0.1909,0.0,0.1909,0.0344,1.0,0.0,9.8181,0.0062,9.8181,0.0,0.0,0.0,0.0,9.8181,0.006200000000000001,9.8243,9.827
399,0.0768,0.0003,0.077,0.0139,0.9974025974025973,0.0038961038961038957,4.077,0.1559,4.0769,0.0,0.0,0.0,0.0,4.0769,0.1559,4.2328,4.2287
400,0.12,0.0002,0.1203,0.0216,0.997506234413965,0.0016625103906899418,6.8238,0.1476,6.8236,0.0,0.0,0.0,0.0,6.8236,0.1476,6.9712,6.9721
401,0.09,0.0,0.0901,0.0162,0.9988901220865705,0.0,5.1174,0.0212,5.1175,0.0001,0.0,0.0,0.0,5.1175,0.021199999999999997,5.1387,5.1425
402,0.1465,0.0,0.1465,0.0264,1.0,0.0,8.1819,0.015,8.1817,0.0,0.0,0.0,0.0,8.181700000000001,0.015000000000000001,8.196700000000002,8.1985
403,0.0822,0.0007,0.0829,0.0149,0.9915560916767189,0.008443908323281062,4.6728,0.429,4.6726,0.0,0.0,0.0,0.0,4.672599999999999,0.429,5.1015999999999995,5.1064
404,0.078,0.0,0.078,0.014,1.0,0.0,4.077,0.0044,4.0769,0.0,0.0,0.0,0.0,4.0769,0.004399999999999999,4.081300000000001,4.0766
405,0.2466,0.0,0.2467,0.0444,0.9995946493717066,0.0,14.0184,0.0218,14.0181,0.0,0.0,0.0,0.0,14.0181,0.0218,14.039900000000001,14.0395
406,0.0917,0.0004,0.0921,0.0166,0.995656894679696,0.004343105320304018,5.2137,0.2537,5.2135,0.0,0.0,0.0,0.0,5.2135,0.2537,5.4672,5.4673
407,0.2253,0.0009,0.2262,0.0407,0.9960212201591512,0.003978779840848806,12.1644,0.6285,12.1645,0.0001,0.0,0.0,0.0,12.164499999999999,0.6285000000000001,12.793,12.7888
408,0.2404,0.0003,0.2407,0.0433,0.9987536352305775,0.0012463647694225175,13.1994,0.2161,13.1991,0.0,0.0,0.0,0.0,13.199099999999998,0.21610000000000001,13.415199999999999,13.4181
409,0.0924,0.0002,0.0926,0.0167,0.9978401727861771,0.0021598272138228943,4.9095,0.1189,4.9092,0.0,0.0,0.0,0.0,4.909199999999999,0.11889999999999999,5.028099999999999,5.0246
410,0.2993,0.0009,0.3002,0.054,0.9970019986675549,0.0029980013324450365,15.6402,0.6404,15.6401,0.0,0.0,0.0,0.0,15.6401,0.6404,16.2805,16.2796
411,0.0478,0.0001,0.0479,0.0086,0.9979123173277663,0.0020876826722338207,2.718,0.066,2.7179,0.0,0.0,0.0,0.0,2.7178999999999998,0.066,2.7838999999999996,2.7829
412,0.1834,0.0004,0.1837,0.0331,0.9983669025585193,0.002177463255307567,10.6083,0.248,10.6083,0.0,0.0,0.0,0.0,10.6083,0.248,10.8563,10.8585
413,0.0844,0.0,0.0844,0.0152,1.0,0.0,4.7952,0.0073,4.7949,0.0,0.0,0.0,0.0,4.7949,0.007299999999999999,4.8022,4.806
414,0.1244,0.0036,0.128,0.023,0.9718749999999999,0.028124999999999997,7.0722,2.4639,7.0722,0.0,0.0,0.0,0.0,7.0722000000000005,2.4638999999999998,9.536100000000001,9.5404
415,0.099,0.0004,0.0994,0.0179,0.9959758551307847,0.004024144869215292,5.436,0.2797,5.4359,0.0,0.0,0.0,0.0,5.435899999999999,0.2797,5.715599999999999,5.7148
416,0.1237,0.0004,0.1242,0.0224,0.9959742351046699,0.00322061191626409,6.795,0.3148,6.795,0.0,0.0,0.0,0.0,6.795,0.3148,7.1098,7.1101
417,0.1864,0.0001,0.1866,0.0336,0.9989281886387997,0.0005359056806002145,10.5966,0.084,10.5969,0.0003,0.0,0.0,0.0,10.5969,0.08399999999999999,10.6809,10.6826
418,0.1244,0.0032,0.1277,0.023,0.9741581832419733,0.025058731401722788,6.9516,2.0738,6.951,0.0,0.0,0.0,0.0,6.950999999999999,2.0738,9.024799999999999,9.0232
419,0.1774,0.0,0.1775,0.0319,0.9994366197183099,0.0,10.2663,0.0116,10.2659,0.0,0.0,0.0,0.0,10.265899999999998,0.0116,10.277499999999998,10.2809
420,0.161,0.0,0.161,0.029,1.0,0.0,8.8407,0.017,8.8405,0.0,0.0,0.0,0.0,8.8405,0.016999999999999998,8.8575,8.8582
421,0.1204,0.0015,0.1219,0.0219,0.9876948318293683,0.012305168170631667,6.3927,0.9611,6.393,0.0003,0.0,0.0,0.0,6.393000000000001,0.9611,7.354100000000001,7.35
422,0.2485,0.0,0.2485,0.0447,1.0,0.0,13.1994,0.005,13.1992,0.0,0.0,0.0,0.0,13.199199999999998,0.005,13.204199999999998,13.2078
423,0.2178,0.0019,0.2197,0.0395,0.9913518434228493,0.00864815657715066,12.1644,1.1703,12.1644,0.0,0.0,0.0,0.0,12.164399999999999,1.1703,13.334699999999998,13.3379
424,0.2072,0.0,0.2072,0.0373,1.0,0.0,11.1879,0.0145,11.1881,0.0002,0.0,0.0,0.0,11.1881,0.0145,11.2026,11.2007
425,0.099,0.002,0.101,0.0182,0.9801980198019802,0.019801980198019802,5.436,1.2892,5.4357,0.0,0.0,0.0,0.0,5.4357,1.2892,6.7249,6.7234
426,0.0929,0.0,0.0929,0.0167,1.0,0.0,5.0166,0.0079,5.0165,0.0,0.0,0.0,0.0,5.0165,0.0079,5.0244,5.0257
427,0.2241,0.0078,0.2318,0.0417,0.9667817083692838,0.033649698015530624,12.7368,4.7323,15.737,3.0002,0.0,0.0,0.0,15.736999999999998,4.7323,20.469299999999997,20.4681
428,0.0622,0.0009,0.0632,0.0114,0.9841772151898733,0.014240506329113922,3.4758,0.6195,3.4756,0.0,0.0,0.0,0.0,3.4756,0.6194999999999999,4.0951,4.1
429,0.2505,0.0001,0.2506,0.0451,0.9996009577015164,0.0003990422984836393,13.0905,0.0335,13.0909,0.0004,0.0,0.0,0.0,13.090899999999998,0.0335,13.124399999999998,13.1229
430,0.177,0.0002,0.1772,0.0319,0.9988713318284425,0.0011286681715575622,10.4265,0.1201,10.4265,0.0,0.0,0.0,0.0,10.4265,0.1201,10.546600000000002,10.5475
431,0.105,0.0,0.105,0.0189,1.0,0.0,5.8662,0.0111,5.8665,0.0003,0.0,0.0,0.0,5.8665,0.0111,5.8776,5.8765
432,0.0609,0.0009,0.0618,0.0111,0.9854368932038835,0.014563106796116504,3.3444,0.547,3.3441,0.0,0.0,0.0,0.0,3.3441,0.5469999999999999,3.8911,3.8874
433,0.1527,0.0131,0.1658,0.0298,0.9209891435464415,0.0790108564535585,8.5293,8.7745,13.5293,5.0,0.0,0.0,0.0,13.529300000000001,8.774500000000002,22.303800000000003,22.8045
434,0.1758,0.0002,0.1759,0.0317,0.999431495167709,0.001137009664582149,9.8181,0.1148,9.8181,0.0,0.0,0.0,0.0,9.8181,0.1148,9.9329,9.9284
435,0.2211,0.0,0.2212,0.0398,0.9995479204339963,0.0,11.9412,0.0325,11.9411,0.0,0.0,0.0,0.0,11.9411,0.0325,11.973600000000001,11.9745
436,0.0498,0.0082,0.058,0.0104,0.8586206896551724,0.1413793103448276,2.8305,4.9892,5.8304,2.9999,0.0,0.0,0.0,5.8304,4.9892,10.819600000000001,10.824
437,0.1827,0.0,0.1827,0.0329,1.0,0.0,10.0332,0.0157,10.0327,0.0,0.0,0.0,0.0,10.0327,0.0157,10.0484,10.0444
438,0.2086,0.0002,0.2088,0.0376,0.9990421455938697,0.0009578544061302681,11.4543,0.1206,11.4547,0.0004,0.0,0.0,0.0,11.454699999999999,0.1206,11.575299999999999,11.5724
439,0.2439,0.0006,0.2445,0.044,0.9975460122699387,0.0024539877300613494,13.6242,0.3997,18.6243,5.0001,0.0,0.0,0.0,18.624299999999998,0.3997,19.023999999999997,19.0283
440,0.2404,0.0,0.2404,0.0433,1.0,0.0,13.1994,0.0108,13.1992,0.0,0.0,0.0,0.0,13.199199999999998,0.0108,13.209999999999997,13.2142
441,0.0815,0.0002,0.0817,0.0147,0.9975520195838434,0.002447980416156671,4.4001,0.1557,4.4,0.0,0.0,0.0,0.0,4.4,0.15569999999999998,4.555700000000001,4.5545
442,0.2254,0.0009,0.2262,0.0407,0.9964633068081343,0.003978779840848806,12.3768,0.6097,13.3763,0.9995,0.0,0.0,0.0,13.3763,0.6097,13.986,13.9863
443,0.0567,0.0027,0.0594,0.0107,0.9545454545454545,0.045454545454545456,3.1149,1.7274,7.1152,4.0003,0.0,0.0,0.0,7.1152,1.7273999999999998,8.8426,8.8407
444,0.2028,0.0,0.2028,0.0365,1.0,0.0,11.7324,0.0059,11.7326,0.0002,0.0,0.0,0.0,11.732600000000001,0.0059,11.738500000000002,11.7371
445,0.1435,0.0019,0.1453,0.0262,0.9876118375774259,0.013076393668272538,8.154,1.1636,13.1538,4.9998,0.0,0.0,0.0,13.153800000000002,1.1636000000000002,14.317400000000003,14.3166
446,0.0588,0.0133,0.0722,0.013,0.814404432132964,0.18421052631578946,3.3444,8.3118,10.3444,7.0,0.0,0.0,0.0,10.3444,8.3118,18.6562,20.1611
447,0.2363,0.0041,0.2403,0.0433,0.9833541406575115,0.01706200582605077,13.1994,2.5764,15.1993,1.9999,0.0,0.0,0.0,15.1993,2.5764,17.7757,17.7758
448,0.1409,0.0037,0.1446,0.026,0.9744121715076072,0.025587828492392807,8.154,2.4233,8.1539,0.0,0.0,0.0,0.0,8.1539,2.4233,10.5772,10.5794
449,0.228,0.0011,0.2291,0.0412,0.9951986032300306,0.004801396769969446,12.1104,0.666,18.1104,6.0,0.0,0.0,0.0,18.110400000000002,0.666,18.776400000000002,18.7724
450,0.0606,0.0027,0.0633,0.0114,0.9573459715639812,0.04265402843601896,3.2724,1.6559,7.2727,4.0003,0.0,0.0,0.0,7.272699999999999,1.6559,8.9286,8.926
451,0.1501,0.0002,0.1503,0.027,0.9986693280106456,0.0013306719893546243,8.5293,0.1261,9.5293,1.0,0.0,0.0,0.0,9.5293,0.1261,9.655399999999998,9.6527
452,0.1864,0.0002,0.1866,0.0336,0.9989281886387997,0.001071811361200429,10.2357,0.1304,10.2349,0.0,0.0,0.0,0.0,10.2349,0.13040000000000002,10.3653,10.3692
453,0.2152,0.002,0.2171,0.0391,0.9912482726853985,0.00921234454168586,12.231,1.1884,14.2307,1.9997,0.0,0.0,0.0,14.2307,1.1884,15.4191,15.4213
454,0.0894,0.0002,0.0896,0.0161,0.9977678571428571,0.0022321428571428575,4.9095,0.1356,4.9091,0.0,0.0,0.0,0.0,4.9091,0.1356,5.0447,5.0479
455,0.2097,0.0022,0.2119,0.0381,0.9896177442189712,0.010382255781028787,11.322,1.3114,15.3219,3.9999,0.0,0.0,0.0,15.3219,1.3114,16.6333,16.63
456,0.0579,0.0027,0.0607,0.0109,0.9538714991762768,0.044481054365733116,3.0276,1.7258,6.0276,3.0,0.0,0.0,0.0,6.0276000000000005,1.7258,7.753400000000001,7.7535
457,0.1909,0.0,0.1909,0.0344,1.0,0.0,11.4543,0.0273,11.4545,0.0002,0.0,0.0,0.0,11.4545,0.0273,11.4818,11.4794
458,0.1031,0.0,0.1031,0.0186,1.0,0.0,5.661,0.0088,5.661,0.0,0.0,0.0,0.0,5.661,0.008799999999999999,5.6697999999999995,5.6661
459,0.2787,0.0008,0.2795,0.0503,0.9971377459749552,0.0028622540250447226,15.0489,0.4802,16.0492,1.0003,0.0,0.0,0.0,16.0492,0.48020000000000007,16.5294,16.5287
460,0.2285,0.0001,0.2286,0.0411,0.999562554680665,0.0004374453193350831,11.9412,0.0587,11.9412,0.0,0.0,0.0,0.0,11.9412,0.058699999999999995,11.9999,11.998
461,0.0542,0.0,0.0542,0.0098,1.0,0.0,3.0276,0.0069,3.0276,0.0,0.0,0.0,0.0,3.0275999999999996,0.006900000000000001,3.0344999999999995,3.0395
462,0.1084,0.0016,0.11,0.0198,0.9854545454545455,0.014545454545454545,6.0552,0.959,7.0553,1.0001,0.0,0.0,0.0,7.0553,0.959,8.0143,8.0169
463,0.2019,0.0001,0.202,0.0364,0.9995049504950494,0.0004950495049504951,10.9026,0.0474,10.9027,0.0001,0.0,0.0,0.0,10.902700000000001,0.0474,10.9501,10.9501
464,0.1738,0.0001,0.1739,0.0313,0.9994249568717655,0.0005750431282346176,10.4265,0.0647,10.4267,0.0002,0.0,0.0,0.0,10.4267,0.06470000000000001,10.4914,10.4865
465,0.1869,0.0,0.187,0.0337,0.9994652406417113,0.0,10.2663,0.0053,10.2661,0.0,0.0,0.0,0.0,10.2661,0.005300000000000001,10.2714,10.2712
466,0.1192,0.0134,0.1326,0.0239,0.8989441930618401,0.10105580693815988,6.5457,9.0524,11.5454,4.9997,0.0,0.0,0.0,11.545399999999997,9.0524,20.5978,20.5951
467,0.1355,0.0119,0.1474,0.0265,0.9192672998643149,0.08073270013568522,7.569,7.3019,12.5691,5.0001,0.0,0.0,0.0,12.5691,7.3019,19.871000000000002,19.8666
468,0.0933,0.003,0.0963,0.0173,0.9688473520249221,0.03115264797507788,5.2137,1.8575,8.2134,2.9997,0.0,0.0,0.0,8.2134,1.8575000000000002,10.0709,10.0722
469,0.1184,0.0002,0.1186,0.0213,0.9983136593591906,0.0016863406408094436,6.3927,0.1182,6.393,0.0003,0.0,0.0,0.0,6.393000000000001,0.1182,6.5112000000000005,6.5136
470,0.0944,0.0081,0.1026,0.0185,0.9200779727095517,0.07894736842105263,5.0166,5.164,8.0163,2.9997,0.0,0.0,0.0,8.0163,5.164,13.180299999999999,13.1795
471,0.1501,0.0,0.1501,0.027,1.0,0.0,8.8407,0.0167,8.8403,0.0,0.0,0.0,0.0,8.840300000000001,0.0167,8.857000000000001,8.8601
472,0.2532,0.0019,0.2551,0.0459,0.9925519404155233,0.007448059584476676,14.1444,1.1791,14.1445,0.0001,0.0,0.0,0.0,14.1445,1.1791,15.3236,15.3213
473,0.1697,0.0014,0.1711,0.0308,0.9918176504967854,0.008182349503214495,9.8181,0.8316,10.8183,1.0002,0.0,0.0,0.0,10.818299999999999,0.8316,11.649899999999999,11.6542
474,0.1598,0.0001,0.1599,0.0288,0.9993746091307067,0.0006253908692933084,9.0828,0.0957,9.0829,0.0001,0.0,0.0,0.0,9.082900000000002,0.09570000000000001,9.178600000000003,9.1804
475,0.0717,0.0002,0.0719,0.0129,0.9972183588317106,0.0027816411682892906,4.077,0.0983,4.0767,0.0,0.0,0.0,0.0,4.076700000000001,0.0983,4.175000000000001,4.1794
476,0.1682,0.0003,0.1685,0.0303,0.9982195845697328,0.001780415430267062,9.0828,0.1899,9.0828,0.0,0.0,0.0,0.0,9.0828,0.1899,9.2727,9.2762
477,0.2384,0.0029,0.2413,0.0434,0.9879817654372152,0.012018234562784915,13.0905,1.8833,15.0909,2.0004,0.0,0.0,0.0,15.0909,1.8833,16.9742,16.9765
478,0.1358,0.0001,0.1359,0.0245,0.9992641648270788,0.0007358351729212657,7.3332,0.0766,7.3328,0.0,0.0,0.0,0.0,7.332800000000001,0.07659999999999999,7.409400000000001,7.4135
479,0.073,0.0036,0.0766,0.0138,0.9530026109660573,0.04699738903394256,4.077,2.2793,7.077,3.0,0.0,0.0,0.0,7.077,2.2793,9.356300000000001,9.3575
480,0.2993,0.0001,0.2994,0.0539,0.9996659986639947,0.00033400133600534405,15.6402,0.0706,16.6401,0.9999,0.0,0.0,0.0,16.6401,0.0706,16.7107,16.7082
481,0.0822,0.0,0.0822,0.0148,1.0,0.0,4.6728,0.0072,4.6727,0.0,0.0,0.0,0.0,4.672699999999999,0.007200000000000001,4.679899999999999,4.681
482,0.1527,0.0008,0.1535,0.0276,0.9947882736156353,0.005211726384364821,8.5293,0.5501,8.5294,0.0001,0.0,0.0,0.0,8.529399999999999,0.5501,9.0795,9.0824
483,0.1204,0.0065,0.1269,0.0228,0.9487785657998422,0.051221434200157595,6.3927,3.9394,6.3929,0.0002,0.0,0.0,0.0,6.392900000000001,3.9394,10.3323,10.8351
484,0.0813,0.0002,0.0815,0.0147,0.9975460122699386,0.00245398773006135,4.5414,0.1006,4.5414,0.0,0.0,0.0,0.0,4.5414,0.1006,4.642,4.6376
485,0.2849,0.0001,0.2849,0.0513,1.0,0.00035100035100035104,15.9129,0.0333,16.9124,0.9995,0.0,0.0,0.0,16.9124,0.0333,16.945700000000002,16.9415
486,0.0586,0.0001,0.0588,0.0106,0.9965986394557823,0.0017006802721088437,3.1149,0.084,3.1149,0.0,0.0,0.0,0.0,3.1149,0.08399999999999999,3.1989,3.2027
487,0.0644,0.0038,0.0682,0.0123,0.9442815249266863,0.05571847507331379,3.5361,2.3428,3.5361,0.0,0.0,0.0,0.0,3.5361000000000002,2.3428,5.8789,5.8826
488,0.1013,0.0,0.1013,0.0182,1.0,0.0,5.661,0.0052,5.661,0.0,0.0,0.0,0.0,5.661,0.0052,5.6662,5.6666
489,0.2015,0.0,0.2016,0.0363,0.9995039682539683,0.0,11.4543,0.0264,11.4545,0.0002,0.0,0.0,0.0,11.4545,0.0264,11.4809,11.4778
490,0.2241,0.0,0.2241,0.0403,1.0,0.0,12.7368,0.012,12.737,0.0002,0.0,0.0,0.0,12.737,0.012,12.749,12.7494
491,0.0542,0.0001,0.0543,0.0098,0.9981583793738489,0.001841620626151013,3.0276,0.0487,3.0276,0.0,0.0,0.0,0.0,3.0275999999999996,0.0487,3.0763,3.0747
492,0.2404,0.0003,0.2407,0.0433,0.9987536352305775,0.0012463647694225175,13.1994,0.1849,13.1993,0.0,0.0,0.0,0.0,13.1993,0.18489999999999998,13.3842,13.3834
493,0.0621,0.0068,0.0689,0.0124,0.9013062409288825,0.09869375907111755,3.4119,4.7967,4.4118,0.9999,0.0,0.0,0.0,4.4118,4.7967,9.2085,9.205
494,0.2343,0.0009,0.2352,0.0423,0.9961734693877552,0.003826530612244898,13.0905,0.5715,14.0911,1.0006,0.0,0.0,0.0,14.091099999999997,0.5715,14.662599999999998,14.6629
495,0.2945,0.0005,0.295,0.0531,0.9983050847457627,0.0016949152542372883,15.6402,0.3206,15.6402,0.0,0.0,0.0,0.0,15.6402,0.3206,15.9608,15.9605
496,0.2319,0.0018,0.2337,0.0421,0.9922978177150192,0.007702182284980745,12.7368,1.1361,12.737,0.0002,0.0,0.0,0.0,12.737,1.1360999999999999,13.8731,13.8741
497,0.1834,0.0014,0.1847,0.0332,0.9929615592853276,0.007579859231185706,10.6083,0.9035,10.6083,0.0,0.0,0.0,0.0,10.6083,0.9035,11.5118,11.5158
498,0.0963,0.0001,0.0964,0.0174,0.9989626556016598,0.001037344398340249,5.1174,0.0331,5.1175,0.0001,0.0,0.0,0.0,5.1175,0.0331,5.1506,5.1459
499,0.1628,0.0001,0.1629,0.0293,0.9993861264579498,0.0006138735420503377,9.5895,0.0491,9.5897,0.0002,0.0,0.0,0.0,9.5897,0.049100000000000005,9.6388,9.6419
500,0.2569,0.0001,0.257,0.0463,0.9996108949416342,0.0003891050583657588,13.6467,0.075,13.647,0.0003,0.0,0.0,0.0,13.647000000000002,0.075,13.722000000000001,13.7241
501,0.1244,0.0041,0.1286,0.0231,0.9673405909797823,0.03188180404354588,7.0722,2.5694,9.0722,2.0,0.0,0.0,0.0,9.0722,2.5694,11.6416,11.6386
502,0.1381,0.0004,0.1385,0.0249,0.9971119133574007,0.002888086642599278,7.9911,0.2323,7.9913,0.0002,0.0,0.0,0.0,7.991300000000001,0.23229999999999998,8.223600000000001,8.2285
503,0.0844,0.0,0.0844,0.0152,1.0,0.0,4.7952,0.0239,4.795,0.0,0.0,0.0,0.0,4.795,0.023899999999999998,4.8189,4.8208
504,0.1985,0.0001,0.1986,0.0358,0.9994964753272911,0.0005035246727089627,10.9026,0.0514,10.9026,0.0,0.0,0.0,0.0,10.9026,0.0514,10.953999999999999,10.9588
505,0.1007,0.0004,0.1011,0.0182,0.9960435212660732,0.003956478733926806,5.436,0.2489,5.436,0.0,0.0,0.0,0.0,5.436,0.24889999999999998,5.6849,5.6859
506,0.0864,0.0004,0.0868,0.0156,0.9953917050691244,0.004608294930875576,4.9095,0.247,5.9093,0.9998,0.0,0.0,0.0,5.909299999999999,0.24700000000000003,6.156299999999999,6.1527
507,0.0932,0.0029,0.0961,0.0173,0.9698231009365245,0.030176899063475544,5.1174,1.9605,6.1177,1.0003,0.0,0.0,0.0,6.117699999999999,1.9605000000000001,8.078199999999999,8.0794
508,0.0734,0.0003,0.0737,0.0133,0.9959294436906377,0.004070556309362279,4.2453,0.1779,4.2453,0.0,0.0,0.0,0.0,4.2453,0.1779,4.4232000000000005,4.42
509,0.0503,0.0042,0.0545,0.0098,0.9229357798165138,0.07706422018348623,2.718,2.8692,2.7179,0.0,0.0,0.0,0.0,2.7178999999999998,2.8691999999999998,5.5870999999999995,5.5867
510,0.1913,0.0001,0.1913,0.0344,1.0,0.0005227391531625719,10.872,0.0413,10.8718,0.0,0.0,0.0,0.0,10.871799999999999,0.0413,10.913099999999998,10.9136
511,0.0879,0.0,0.0879,0.0158,1.0,0.0,4.9095,0.0069,4.909,0.0,0.0,0.0,0.0,4.909,0.006900000000000001,4.9159,4.9134
512,0.1869,0.0076,0.1946,0.035,0.960431654676259,0.03905447070914697,10.2663,5.0138,10.2659,0.0,0.0,0.0,0.0,10.265899999999998,5.0138,15.279699999999998,15.2844
513,0.1352,0.0,0.1352,0.0243,1.0,0.0,6.9516,0.0103,6.9511,0.0,0.0,0.0,0.0,6.9511,0.0103,6.9614,6.9612
514,0.1381,0.0,0.1381,0.0249,1.0,0.0,7.3332,0.0211,7.3329,0.0,0.0,0.0,0.0,7.3329,0.021099999999999997,7.354,7.3496
515,0.1774,0.0,0.1774,0.0319,1.0,0.0,10.2663,0.0052,10.2658,0.0,0.0,0.0,0.0,10.265799999999999,0.005200000000000001,10.270999999999999,10.2746
516,0.0558,0.0,0.0558,0.01,1.0,0.0,3.1149,0.0064,3.115,0.0001,0.0,0.0,0.0,3.115,0.0063999999999999994,3.1214000000000004,3.1263
517,0.1579,0.0,0.158,0.0284,0.999367088607595,0.0,8.5293,0.0314,8.5293,0.0,0.0,0.0,0.0,8.5293,0.0314,8.560699999999999,8.5582
518,0.0813,0.0049,0.0862,0.0155,0.9431554524361949,0.0568445475638051,4.5414,3.0797,4.5415,0.0001,0.0,0.0,0.0,4.5415,3.0797,7.6212,7.6204
519,0.1758,0.0004,0.1762,0.0317,0.9977298524404087,0.002270147559591374,9.8181,0.2592,10.8182,1.0001,0.0,0.0,0.0,10.8182,0.2592,11.077399999999999,11.0796
520,0.2423,0.0,0.2423,0.0436,1.0,0.0,14.0184,0.0148,14.018,0.0,0.0,0.0,0.0,14.018,0.0148,14.0328,14.0288
521,0.0578,0.0,0.0579,0.0104,0.9982728842832469,0.0,3.3444,0.0329,3.3443,0.0,0.0,0.0,0.0,3.3443,0.0329,3.3772,3.3808
522,0.0538,0.0,0.0539,0.0097,0.9981447124304267,0.0,3.1149,0.0117,3.1149,0.0,0.0,0.0,0.0,3.1149,0.0117,3.1266,3.1252
523,0.2027,0.0001,0.2029,0.0365,0.9990142927550517,0.0004928536224741252,10.4265,0.0708,10.4268,0.0003,0.0,0.0,0.0,10.4268,0.0708,10.4976,10.4962
524,0.1218,0.0143,0.1361,0.0245,0.8949301983835416,0.10506980161645849,6.6888,9.2051,8.6888,2.0,0.0,0.0,0.0,8.6888,9.2051,17.893900000000002,17.897
525,0.1222,0.0001,0.1223,0.022,0.9991823385118561,0.0008176614881439084,7.0722,0.0384,7.0722,0.0,0.0,0.0,0.0,7.0722000000000005,0.0384,7.110600000000001,7.1146
526,0.1378,0.0092,0.147,0.0265,0.9374149659863946,0.06258503401360545,7.569,5.8643,10.569,3.0,0.0,0.0,0.0,10.569,5.864299999999999,16.4333,16.4298
527,0.0929,0.0063,0.0992,0.0179,0.936491935483871,0.06350806451612903,5.0166,4.0511,7.0163,1.9997,0.0,0.0,0.0,7.016299999999999,4.0511,11.0674,11.0674
528,0.1152,0.0,0.1152,0.0207,1.0,0.0,6.5457,0.0286,6.5457,0.0,0.0,0.0,0.0,6.545699999999999,0.0286,6.574299999999999,6.5696
529,0.2532,0.0012,0.2544,0.0458,0.9952830188679244,0.004716981132075471,13.9023,0.7409,13.9023,0.0,0.0,0.0,0.0,13.9023,0.7409000000000001,14.6432,14.6436
530,0.2211,0.0002,0.2214,0.0398,0.9986449864498644,0.0009033423667570009,11.9412,0.1282,11.9411,0.0,0.0,0.0,0.0,11.9411,0.1282,12.0693,12.0713
531,0.2209,0.0088,0.2296,0.0413,0.9621080139372823,0.038327526132404185,11.7324,5.5962,16.7326,5.0002,0.0,0.0,0.0,16.7326,5.5962,22.3288,22.3276
532,0.099,0.0083,0.1073,0.0193,0.9226467847157502,0.07735321528424977,5.436,5.3595,5.4359,0.0,0.0,0.0,0.0,5.4359,5.3595,10.7954,10.7966
533,0.1834,0.0072,0.1905,0.0343,0.9627296587926509,0.03779527559055118,10.6083,4.4166,12.6083,2.0,0.0,0.0,0.0,12.6083,4.4166,17.0249,17.0276
534,0.1264,0.0018,0.1282,0.0231,0.9859594383775351,0.014040561622464897,6.8238,1.048,7.8235,0.9997,0.0,0.0,0.0,7.823500000000001,1.048,8.871500000000001,8.8736
535,0.1651,0.0001,0.1652,0.0297,0.9993946731234866,0.0006053268765133172,9.9063,0.0583,9.9064,0.0001,0.0,0.0,0.0,9.906400000000001,0.0583,9.9647,9.9637
536,0.0633,0.002,0.0653,0.0117,0.9693721286370597,0.030627871362940276,3.5361,1.1898,5.5361,2.0,0.0,0.0,0.0,5.5361,1.1898000000000002,6.7259,6.7285
537,0.1654,0.0024,0.1678,0.0302,0.9856972586412395,0.014302741358760427,9.0828,1.5043,10.0828,1.0,0.0,0.0,0.0,10.082799999999999,1.5043,11.5871,11.5894
538,0.1717,0.0,0.1717,0.0309,1.0,0.0,9.5895,0.0159,9.5895,0.0,0.0,0.0,0.0,9.5895,0.0159,9.6054,9.6036
539,0.0761,0.0,0.0761,0.0137,1.0,0.0,4.4001,0.014,4.3999,0.0,0.0,0.0,0.0,4.3999,0.014,4.4139,4.4145
540,0.1426,0.0001,0.1427,0.0257,0.9992992291520674,0.0007007708479327261,7.3332,0.0468,7.3332,0.0,0.0,0.0,0.0,7.3332,0.046799999999999994,7.38,7.3774
541,0.048,0.0022,0.0503,0.009,0.9542743538767396,0.0437375745526839,2.8305,1.4337,5.8305,3.0,0.0,0.0,0.0,5.830499999999999,1.4337,7.264199999999999,7.2688
542,0.0572,0.0028,0.06,0.0108,0.9533333333333334,0.04666666666666667,3.1968,1.6373,6.1966,2.9998,0.0,0.0,0.0,6.1966,1.6373,7.8339,7.833
543,0.0453,0.0002,0.0455,0.0082,0.9956043956043956,0.004395604395604396,2.718,0.141,2.718,0.0,0.0,0.0,0.0,2.718,0.14100000000000001,2.859,2.8619
544,0.0822,0.0111,0.0933,0.0168,0.8810289389067524,0.11897106109324761,4.6728,6.4521,5.6727,0.9999,0.0,0.0,0.0,5.6727,6.452100000000001,12.1248,12.1222
545,0.1381,0.0011,0.1391,0.025,0.9928109273903666,0.007907979870596693,7.3332,0.6353,7.3329,0.0,0.0,0.0,0.0,7.3329,0.6353000000000001,7.9682,7.9717
546,0.12,0.0017,0.1217,0.0219,0.9860312243221034,0.013968775677896466,6.8238,1.0081,8.8236,1.9998,0.0,0.0,0.0,8.8236,1.0081,9.831700000000001,9.8337
547,0.208,0.0001,0.2081,0.0375,0.9995194617972128,0.0004805382027871216,10.872,0.0398,10.8718,0.0,0.0,0.0,0.0,10.871799999999999,0.039799999999999995,10.911599999999998,10.9107
548,0.1308,0.0,0.1308,0.0236,1.0,0.0,7.569,0.0099,7.569,0.0,0.0,0.0,0.0,7.569,0.0099,7.5789,7.5763
549,0.2174,0.0007,0.2181,0.0393,0.9967904630903256,0.0032095369096744614,11.9412,0.4634,11.9412,0.0,0.0,0.0,0.0,11.9412,0.46340000000000003,12.4046,12.4071
550,0.1267,0.0002,0.1269,0.0228,0.9984239558707644,0.0015760441292356185,7.3332,0.1069,7.333,0.0,0.0,0.0,0.0,7.333,0.10690000000000001,7.439900000000001,7.4402
551,0.0865,0.0025,0.0891,0.016,0.9708193041526374,0.028058361391694726,4.6728,1.6736,4.6728,0.0,0.0,0.0,0.0,4.6728,1.6736,6.346399999999999,6.3488
552,0.1133,0.0,0.1133,0.0204,1.0,0.0,6.795,0.0225,6.7947,0.0,0.0,0.0,0.0,6.7947,0.0225,6.8172,6.8212
553,0.1548,0.0001,0.1549,0.0279,0.999354422207876,0.0006455777921239509,8.361,0.0552,8.3608,0.0,0.0,0.0,0.0,8.360800000000001,0.0552,8.416,8.4154
554,0.0815,0.0,0.0815,0.0147,1.0,0.0,4.4001,0.0058,4.3998,0.0,0.0,0.0,0.0,4.3998,0.0058,4.4056,4.4011
555,0.2292,0.0038,0.233,0.0419,0.9836909871244635,0.01630901287553648,12.3768,2.4235,12.3764,0.0,0.0,0.0,0.0,12.3764,2.4235,14.799900000000001,14.7951
556,0.2384,0.0,0.2384,0.0429,1.0,0.0,13.0905,0.0113,13.0908,0.0003,0.0,0.0,0.0,13.090799999999998,0.011300000000000001,13.102099999999998,13.0981
557,0.1455,0.0002,0.1457,0.0262,0.9986273164035689,0.0013726835964310228,7.9911,0.1263,7.9914,0.0003,0.0,0.0,0.0,7.9914000000000005,0.1263,8.117700000000001,8.1211
558,0.0622,0.0041,0.0663,0.0119,0.9381598793363499,0.061840120663650085,3.4758,2.7021,4.4755,0.9997,0.0,0.0,0.0,4.4755,2.7020999999999997,7.1776,7.1788
559,0.2508,0.0004,0.2512,0.0452,0.9984076433121021,0.0015923566878980895,15.0489,0.2529,15.0493,0.0004,0.0,0.0,0.0,15.049299999999999,0.2529,15.3022,15.3021
560,0.2565,0.0,0.2565,0.0462,1.0,0.0,13.6242,0.0065,13.6244,0.0002,0.0,0.0,0.0,13.624400000000001,0.006500000000000001,13.630900000000002,13.626
561,0.2368,0.0,0.2368,0.0426,1.0,0.0,12.7863,0.0311,12.7863,0.0,0.0,0.0,0.0,12.7863,0.031100000000000003,12.817400000000001,12.8138
562,0.1644,0.0002,0.1646,0.0296,0.9987849331713244,0.0012150668286755773,9.3456,0.1113,9.3452,0.0,0.0,0.0,0.0,9.345199999999998,0.1113,9.456499999999998,9.4541
563,0.2322,0.0001,0.2323,0.0418,0.9995695221696081,0.00043047783039173483,13.1994,0.0849,13.1993,0.0,0.0,0.0,0.0,13.199299999999997,0.0849,13.284199999999997,13.2793
564,0.1216,0.0,0.1217,0.0219,0.9991783073130649,0.0,6.795,0.0186,8.7948,1.9998,0.0,0.0,0.0,8.7948,0.0186,8.8134,8.8124
565,0.2064,0.0112,0.2176,0.0392,0.948529411764706,0.05147058823529412,11.7324,6.7399,12.7327,1.0003,0.0,0.0,0.0,12.732700000000001,6.7399000000000004,19.4726,19.4689
566,0.096,0.0015,0.0975,0.0176,0.9846153846153846,0.015384615384615384,5.0166,1.0454,10.0164,4.9998,0.0,0.0,0.0,10.016399999999999,1.0453999999999999,11.061799999999998,11.0647
567,0.1632,0.0005,0.1637,0.0295,0.9969456322541234,0.003054367745876603,8.5293,0.285,8.5295,0.0002,0.0,0.0,0.0,8.529499999999999,0.285,8.814499999999999,8.8128
568,0.0773,0.0001,0.0774,0.0139,0.9987080103359173,0.0012919896640826874,4.2453,0.0951,4.2457,0.0004,0.0,0.0,0.0,4.2457,0.09509999999999999,4.340800000000001,4.3378
569,0.2397,0.0,0.2397,0.0431,1.0,0.0,13.6242,0.0062,13.6242,0.0,0.0,0.0,0.0,13.6242,0.0062,13.6304,13.629
570,0.2445,0.0,0.2445,0.044,1.0,0.0,14.1444,0.0085,14.1444,0.0,0.0,0.0,0.0,14.144400000000001,0.0085,14.1529,14.1546
571,0.0949,0.0,0.095,0.0171,0.9989473684210526,0.0,5.2137,0.0081,5.2135,0.0,0.0,0.0,0.0,5.2135,0.0081,5.2216,5.2241
572,0.2019,0.0006,0.2025,0.0365,0.9970370370370369,0.0029629629629629624,10.9026,0.4125,10.9031,0.0005,0.0,0.0,0.0,10.903100000000002,0.4125,11.315600000000002,11.3166
573,0.1243,0.0001,0.1244,0.0224,0.9991961414790996,0.0008038585209003216,6.3927,0.0355,6.3929,0.0002,0.0,0.0,0.0,6.392900000000001,0.035500000000000004,6.428400000000001,6.43
574,0.0514,0.0001,0.0515,0.0093,0.9980582524271846,0.0019417475728155341,3.0276,0.0522,3.0276,0.0,0.0,0.0,0.0,3.0275999999999996,0.052199999999999996,3.0797999999999996,3.0788
575,0.0688,0.0002,0.069,0.0124,0.9971014492753623,0.002898550724637681,3.5361,0.144,4.5361,1.0,0.0,0.0,0.0,4.5361,0.14400000000000002,4.6801,4.6849
576,0.0966,0.0126,0.1092,0.0197,0.8846153846153846,0.11538461538461538,5.3046,8.1033,7.3041,1.9995,0.0,0.0,0.0,7.3041,8.103299999999999,15.407399999999999,15.4119
577,0.0949,0.0009,0.0958,0.0173,0.9906054279749479,0.009394572025052192,5.2137,0.5849,5.2132,0.0,0.0,0.0,0.0,5.2132000000000005,0.5849,5.798100000000001,5.7969
578,0.274,0.0,0.2741,0.0493,0.9996351696461147,0.0,15.0489,0.0286,15.0492,0.0003,0.0,0.0,0.0,15.049199999999999,0.0286,15.0778,15.0734
579,0.1864,0.0107,0.1971,0.0355,0.9457128361237951,0.05428716387620497,10.2357,6.5921,10.2357,0.0,0.0,0.0,0.0,10.2357,6.5921,16.8278,16.8325
580,0.1047,0.0051,0.1098,0.0198,0.9535519125683061,0.04644808743169399,6.0552,3.4721,6.0552,0.0,0.0,0.0,0.0,6.055199999999999,3.4720999999999997,9.527299999999999,9.5254
581,0.0586,0.0007,0.0593,0.0107,0.9881956155143339,0.011804384485666104,3.1149,0.4339,3.1151,0.0002,0.0,0.0,0.0,3.1151,0.4339,3.549,3.5453
582,0.2101,0.0,0.2101,0.0378,1.0,0.0,12.3768,0.0208,12.3765,0.0,0.0,0.0,0.0,12.3765,0.0208,12.3973,12.3966
583,0.2168,0.0001,0.2169,0.039,0.999538958045182,0.0004610419548178884,12.1104,0.057,12.1105,0.0001,0.0,0.0,0.0,12.1105,0.056999999999999995,12.1675,12.1704
584,0.1791,0.0,0.1791,0.0322,1.0,0.0,9.513,0.0106,9.5128,0.0,0.0,0.0,0.0,9.5128,0.0106,9.5234,9.5244
585,0.1375,0.0,0.1375,0.0248,1.0,0.0,7.0722,0.0181,7.0722,0.0,0.0,0.0,0.0,7.0722000000000005,0.018099999999999998,7.0903,7.0935
586,0.0515,0.0041,0.0556,0.01,0.9262589928057554,0.07374100719424462,2.8305,2.7043,2.8305,0.0,0.0,0.0,0.0,2.8305,2.7043,5.5348,5.5302
587,0.0785,0.0032,0.0817,0.0147,0.9608323133414933,0.039167686658506735,4.5414,1.8918,4.5414,0.0,0.0,0.0,0.0,4.5414,1.8918,6.4332,6.4335
588,0.1287,0.0012,0.13,0.0234,0.99,0.00923076923076923,6.9516,0.8285,6.9512,0.0,0.0,0.0,0.0,6.9512,0.8285,7.7797,7.7786
589,0.2395,0.0122,0.2517,0.0453,0.9515295987286453,0.048470401271354796,13.3776,7.5505,13.377,0.0,0.0,0.0,0.0,13.376999999999999,7.5505,20.9275,20.9309
590,0.1288,0.0112,0.14,0.0252,0.9199999999999999,0.07999999999999999,7.0722,7.4422,7.0722,0.0,0.0,0.0,0.0,7.0722000000000005,7.442200000000001,14.514400000000002,14.5106
591,0.1654,0.0052,0.1706,0.0307,0.9695193434935521,0.03048065650644783,9.0828,3.3254,9.083,0.0002,0.0,0.0,0.0,9.083000000000002,3.3254000000000006,12.408400000000002,12.405
592,0.1216,0.0,0.1217,0.0219,0.9991783073130649,0.0,6.795,0.0169,6.7949,0.0,0.0,0.0,0.0,6.794899999999999,0.0169,6.811799999999999,6.8092
593,0.1245,0.0002,0.1247,0.0225,0.9983961507618283,0.0016038492381716118,7.0758,0.1609,7.0759,0.0001,0.0,0.0,0.0,7.0759,0.16090000000000002,7.2368,7.235
594,0.2303,0.0008,0.2311,0.0416,0.9965382951103419,0.003461704889658157,13.0905,0.5321,13.0907,0.0002,0.0,0.0,0.0,13.090699999999998,0.5321,13.622799999999998,13.6237
595,0.1504,0.0,0.1505,0.0271,0.9993355481727575,0.0,7.9911,0.0075,7.9914,0.0003,0.0,0.0,0.0,7.9914000000000005,0.0075,7.998900000000001,7.9982
596,0.2123,0.0003,0.2125,0.0383,0.9990588235294118,0.0014117647058823528,12.7368,0.1622,12.7368,0.0,0.0,0.0,0.0,12.7368,0.1622,12.899000000000001,12.9012
597,0.1204,0.0,0.1204,0.0217,1.0,0.0,6.3927,0.024,6.3928,0.0001,0.0,0.0,0.0,6.392800000000001,0.023999999999999997,6.416800000000001,6.4183
598,0.1066,0.0,0.1066,0.0192,1.0,0.0,5.661,0.0047,5.6607,0.0,0.0,0.0,0.0,5.6607,0.0047,5.6654,5.6626
599,0.1321,0.0002,0.1323,0.0238,0.9984882842025699,0.0015117157974300832,6.795,0.1219,6.7949,0.0,0.0,0.0,0.0,6.794899999999999,0.1219,6.916799999999999,6.92
600,0.0632,0.0,0.0632,0.0114,1.0,0.0,3.4119,0.0106,3.4117,0.0,0.0,0.0,0.0,3.4116999999999997,0.0106,3.4223,3.4268
601,0.1497,0.0004,0.15,0.027,0.998,0.002666666666666667,8.361,0.2358,8.3608,0.0,0.0,0.0,0.0,8.3608,0.2358,8.596599999999999,8.593
602,0.2727,0.0141,0.2868,0.0516,0.950836820083682,0.04916317991631799,14.7276,9.383,14.7275,0.0,0.0,0.0,0.0,14.727500000000001,9.383000000000001,24.110500000000002,24.1079
603,0.1899,0.0071,0.197,0.0355,0.9639593908629442,0.03604060913705584,10.6083,4.1325,10.6084,0.0001,0.0,0.0,0.0,10.608400000000001,4.1325,14.740900000000002,14.7391
604,0.228,0.0005,0.2285,0.0411,0.9978118161925602,0.002188183807439825,12.7368,0.3077,12.737,0.0002,0.0,0.0,0.0,12.737,0.30770000000000003,13.0447,13.0455
605,0.1441,0.0,0.1442,0.0259,0.9993065187239946,0.0,8.4915,0.0116,8.4915,0.0,0.0,0.0,0.0,8.4915,0.0116,8.5031,8.508
606,0.1494,0.002,0.1514,0.0272,0.9867899603698811,0.013210039630118891,8.4915,1.2761,8.4914,0.0,0.0,0.0,0.0,8.4914,1.2761000000000002,9.7675,9.7652
607,0.2519,0.0017,0.2535,0.0456,0.9936883629191322,0.0067061143984220905,13.3776,1.0103,13.3772,0.0,0.0,0.0,0.0,13.377199999999998,1.0103,14.3875,14.3912
608,0.1267,0.0084,0.135,0.0243,0.9385185185185185,0.062222222222222213,7.0758,5.4411,7.0761,0.0003,0.0,0.0,0.0,7.076099999999999,5.4411000000000005,12.517199999999999,12.5173
609,0.0883,0.0,0.0883,0.0159,1.0,0.0,5.0166,0.0282,5.0164,0.0,0.0,0.0,0.0,5.0164,0.0282,5.0446,5.0426
610,0.0525,0.004,0.0565,0.0102,0.9292035398230087,0.07079646017699115,2.9331,2.6852,2.9331,0.0,0.0,0.0,0.0,2.9331,2.6852,5.6183,5.6177
611,0.0556,0.0002,0.0558,0.01,0.9964157706093189,0.0035842293906810036,3.2724,0.139,3.2728,0.0004,0.0,0.0,0.0,3.2728,0.139,3.4118000000000004,3.4154
612,0.1682,0.0019,0.1701,0.0306,0.988830099941211,0.011169900058788948,9.0828,1.2021,9.0829,0.0001,0.0,0.0,0.0,9.082900000000002,1.2021000000000002,10.285000000000002,10.2893
613,0.1555,0.0002,0.1557,0.028,0.9987154784842646,0.0012845215157353885,8.6886,0.1281,8.689,0.0004,0.0,0.0,0.0,8.689,0.1281,8.8171,8.8218
614,0.1015,0.0,0.1015,0.0183,1.0,0.0,5.3046,0.011,5.304,0.0,0.0,0.0,0.0,5.304,0.011,5.315,5.3196
615,0.1674,0.0,0.1674,0.0301,1.0,0.0,9.513,0.0053,9.5126,0.0,0.0,0.0,0.0,9.5126,0.0053,9.517900000000001,9.5219
616,0.0836,0.0,0.0837,0.0151,0.998805256869773,0.0,4.6728,0.0118,4.6727,0.0,0.0,0.0,0.0,4.672699999999999,0.0118,4.684499999999999,4.6827
617,0.176,0.0013,0.1773,0.0319,0.9926677946982514,0.007332205301748448,9.3456,0.8027,9.3453,0.0,0.0,0.0,0.0,9.345299999999998,0.8027,10.147999999999998,10.1451
618,0.0815,0.0001,0.0816,0.0147,0.9987745098039216,0.0012254901960784314,4.4001,0.0849,4.3998,0.0,0.0,0.0,0.0,4.3998,0.08490000000000002,4.4847,4.4823
619,0.2799,0.0032,0.2831,0.051,0.9886965736488872,0.01130342635111268,15.9129,2.0526,15.9127,0.0,0.0,0.0,0.0,15.912700000000001,2.0526,17.9653,17.9684
620,0.2072,0.0008,0.2079,0.0374,0.9966329966329966,0.003848003848003848,11.1879,0.4701,11.1879,0.0,0.0,0.0,0.0,11.1879,0.47009999999999996,11.658000000000001,11.6621
621,0.176,0.0,0.176,0.0317,1.0,0.0,9.3456,0.0113,9.3453,0.0,0.0,0.0,0.0,9.345299999999998,0.0113,9.356599999999998,9.3545
622,0.129,0.0,0.1291,0.0232,0.9992254066615028,0.0,7.3332,0.0261,7.3329,0.0,0.0,0.0,0.0,7.3329,0.026099999999999998,7.359,7.3636
623,0.0555,0.0114,0.067,0.0121,0.8283582089552238,0.1701492537313433,3.2724,7.943,13.2728,10.0004,0.0,0.0,0.0,13.272799999999998,7.943,21.215799999999998,21.2151
624,0.2056,0.0015,0.207,0.0373,0.9932367149758455,0.007246376811594203,12.1104,0.8412,12.1104,0.0,0.0,0.0,0.0,12.110399999999998,0.8412,12.9516,12.9528
625,0.2519,0.0065,0.2583,0.0465,0.975222609368951,0.025164537359659313,13.3776,4.5526,13.3771,0.0,0.0,0.0,0.0,13.377099999999999,4.5526,17.929699999999997,17.9264
626,0.1007,0.0041,0.1048,0.0189,0.9608778625954197,0.039122137404580155,5.436,2.5396,6.4358,0.9998,0.0,0.0,0.0,6.4357999999999995,2.5396,8.9754,8.9736
627,0.1287,0.0043,0.133,0.0239,0.9676691729323308,0.03233082706766917,6.9516,2.6246,8.9511,1.9995,0.0,0.0,0.0,8.9511,2.6246,11.575700000000001,11.5783
628,0.2938,0.0076,0.3014,0.0543,0.9747843397478434,0.025215660252156602,15.3531,4.5513,19.353,3.9999,0.0,0.0,0.0,19.352999999999998,4.5513,23.9043,23.9055
629,0.2039,0.0001,0.2039,0.0367,1.0,0.0004904364884747426,12.231,0.033,12.2308,0.0,0.0,0.0,0.0,12.2308,0.033,12.2638,12.2665
630,0.1023,0.0,0.1024,0.0184,0.9990234375,0.0,5.436,0.0042,5.4358,0.0,0.0,0.0,0.0,5.4357999999999995,0.0042,5.4399999999999995,5.4404
631,0.2398,0.0001,0.2399,0.0432,0.9995831596498541,0.00041684035014589413,12.7368,0.0428,12.7369,0.0001,0.0,0.0,0.0,12.7369,0.042800000000000005,12.7797,12.7752
632,0.1077,0.0001,0.1077,0.0194,1.0,0.0009285051067780873,6.2298,0.0307,6.2301,0.0003,0.0,0.0,0.0,6.2301,0.030699999999999998,6.260800000000001,6.2639
633,0.2424,0.0001,0.2425,0.0437,0.9995876288659794,0.0004123711340206186,13.0905,0.0633,13.0908,0.0003,0.0,0.0,0.0,13.090799999999998,0.06330000000000001,13.154099999999998,13.1503
634,0.1065,0.0047,0.1113,0.02,0.9568733153638814,0.042228212039532795,6.3927,3.0049,9.3929,3.0002,0.0,0.0,0.0,9.392900000000001,3.0049,12.3978,12.3968
635,0.149,0.0031,0.1521,0.0274,0.9796186719263641,0.020381328073635765,8.1819,1.8961,8.1819,0.0,0.0,0.0,0.0,8.1819,1.8961000000000001,10.078000000000001,10.0777
636,0.2401,0.0032,0.2433,0.0438,0.9868475133579944,0.013152486642005756,13.6467,1.9373,14.6471,1.0004,0.0,0.0,0.0,14.647100000000002,1.9373000000000002,16.584400000000002,16.5842
637,0.1746,0.0,0.1747,0.0314,0.9994275901545507,0.0,9.5895,0.0263,10.5895,1.0,0.0,0.0,0.0,10.589500000000001,0.026299999999999997,10.615800000000002,10.6194
638,0.1832,0.0009,0.1842,0.0331,0.99457111834962,0.004885993485342019,10.2357,0.5635,10.2353,0.0,0.0,0.0,0.0,10.235299999999999,0.5635,10.798799999999998,11.2989
639,0.2013,0.0,0.2013,0.0362,1.0,0.0,10.872,0.0092,10.8718,0.0,0.0,0.0,0.0,10.871799999999999,0.0092,10.880999999999998,10.8787
640,0.1626,0.0,0.1626,0.0293,1.0,0.0,9.0828,0.0122,9.0829,0.0001,0.0,0.0,0.0,9.082900000000002,0.012199999999999999,9.095100000000002,9.0923
641,0.1133,0.0,0.1133,0.0204,1.0,0.0,6.795,0.0079,6.7948,0.0,0.0,0.0,0.0,6.7947999999999995,0.0079,6.8027,6.8017
642,0.3045,0.0002,0.3048,0.0549,0.999015748031496,0.0006561679790026247,15.9129,0.1537,15.9127,0.0,0.0,0.0,0.0,15.912700000000001,0.15369999999999998,16.0664,16.0709
643,0.2101,0.0001,0.2102,0.0378,0.999524262607041,0.0004757373929590866,12.3768,0.0715,12.3765,0.0,0.0,0.0,0.0,12.3765,0.0715,12.448,12.4449
644,0.0561,0.0002,0.0563,0.0101,0.9964476021314386,0.003552397868561279,2.9331,0.0999,2.9331,0.0,0.0,0.0,0.0,2.9331,0.0999,3.033,3.0297
645,0.0812,0.0003,0.0815,0.0147,0.9963190184049079,0.003680981595092024,4.2453,0.1855,5.246,1.0007,0.0,0.0,0.0,5.246,0.1855,5.431500000000001,5.4309
646,0.1153,0.0009,0.1163,0.0209,0.9914015477214101,0.007738607050730868,6.795,0.5832,7.7949,0.9999,0.0,0.0,0.0,7.794899999999999,0.5832,8.3781,8.3775
647,0.1802,0.0017,0.1819,0.0327,0.9906542056074766,0.009345794392523364,10.4265,1.0927,11.4266,1.0001,0.0,0.0,0.0,11.4266,1.0927,12.519300000000001,12.5196
648,0.0815,0.0006,0.0821,0.0148,0.9926918392204628,0.0073081607795371486,4.4001,0.3941,4.3995,0.0,0.0,0.0,0.0,4.399500000000001,0.3941,4.7936000000000005,4.7928
649,0.105,0.0,0.105,0.0189,1.0,0.0,5.8662,0.0102,5.8664,0.0002,0.0,0.0,0.0,5.866400000000001,0.010199999999999999,5.876600000000002,5.8723
650,0.2553,0.0059,0.2612,0.047,0.9774119448698317,0.022588055130168455,14.0184,3.5295,14.0181,0.0,0.0,0.0,0.0,14.0181,3.5294999999999996,17.5476,17.5478
651,0.09,0.0153,0.1053,0.019,0.8547008547008547,0.14529914529914528,5.1174,9.6054,5.1178,0.0004,0.0,0.0,0.0,5.117799999999999,9.605400000000001,14.7232,14.719
652,0.095,0.0001,0.0951,0.0171,0.9989484752891693,0.0010515247108307045,5.3046,0.077,5.3042,0.0,0.0,0.0,0.0,5.3042,0.077,5.3812,5.3808
653,0.1121,0.0002,0.1123,0.0202,0.9982190560997329,0.0017809439002671418,6.0552,0.1096,6.0552,0.0,0.0,0.0,0.0,6.055199999999999,0.10959999999999999,6.1648,6.1662
654,0.105,0.0001,0.1051,0.0189,0.9990485252140818,0.0009514747859181732,5.8662,0.0418,5.8663,0.0001,0.0,0.0,0.0,5.866300000000001,0.0418,5.908100000000001,5.9067
655,0.1866,0.0147,0.2013,0.0362,0.9269746646795827,0.07302533532041729,10.6083,9.5225,10.6083,0.0,0.0,0.0,0.0,10.6083,9.5225,20.1308,20.1307
656,0.0761,0.0039,0.08,0.0144,0.95125,0.048749999999999995,4.4001,2.6593,4.4,0.0,0.0,0.0,0.0,4.4,2.6593,7.0593,7.06
657,0.1471,0.0118,0.1589,0.0286,0.9257394587791064,0.07426054122089364,8.361,7.3393,8.3608,0.0,0.0,0.0,0.0,8.360800000000001,7.3393,15.7001,15.7041
658,0.2131,0.0003,0.2134,0.0384,0.9985941893158389,0.0014058106841611994,12.1104,0.1822,12.1105,0.0001,0.0,0.0,0.0,12.1105,0.1822,12.2927,12.2919
659,0.2818,0.0,0.2819,0.0507,0.9996452642781128,0.0,14.7276,0.0307,14.7274,0.0,0.0,0.0,0.0,14.727400000000001,0.030699999999999998,14.7581,14.7558
660,0.2611,0.0033,0.2644,0.0476,0.9875189107413009,0.01248108925869894,13.6467,2.1907,13.6468,0.0001,0.0,0.0,0.0,13.6468,2.1907,15.8375,15.8401
661,0.2567,0.0003,0.2569,0.0462,0.9992214869599064,0.0011677695601401321,13.1994,0.1685,13.1992,0.0,0.0,0.0,0.0,13.199199999999998,0.1685,13.367699999999997,13.3637
662,0.0822,0.0015,0.0837,0.0151,0.9820788530465949,0.01792114695340502,4.6728,0.8794,4.6727,0.0,0.0,0.0,0.0,4.6727,0.8794,5.552099999999999,5.5471
663,0.161,0.0156,0.1766,0.0318,0.9116647791619479,0.08833522083805209,8.8407,10.1014,8.8404,0.0,0.0,0.0,0.0,8.8404,10.1014,18.9418,18.9384
664,0.2312,0.0001,0.2313,0.0416,0.9995676610462602,0.000432338953739732,13.3776,0.0603,13.3771,0.0,0.0,0.0,0.0,13.377099999999999,0.0603,13.437399999999998,13.4383
665,0.1858,0.0001,0.1859,0.0335,0.9994620763851532,0.0005379236148466917,10.0332,0.0573,10.0328,0.0,0.0,0.0,0.0,10.0328,0.057300000000000004,10.0901,10.09
666,0.1135,0.0001,0.1136,0.0205,0.9991197183098591,0.0008802816901408451,6.6888,0.0646,6.6886,0.0,0.0,0.0,0.0,6.688599999999999,0.0646,6.7532,6.7488
667,0.1313,0.0,0.1313,0.0236,1.0,0.0,7.3332,0.0048,7.3327,0.0,0.0,0.0,0.0,7.3327,0.0048000000000000004,7.3375,7.3385
668,0.1014,0.0008,0.1022,0.0184,0.9921722113502935,0.00782778864970646,5.2137,0.492,5.2135,0.0,0.0,0.0,0.0,5.2135,0.492,5.7055,5.7016
669,0.2201,0.0022,0.2224,0.04,0.989658273381295,0.009892086330935253,12.7368,1.463,12.7371,0.0003,0.0,0.0,0.0,12.7371,1.463,14.200099999999999,14.2034
670,0.0586,0.0048,0.0634,0.0114,0.9242902208201893,0.07570977917981073,3.2724,3.14,4.2725,1.0001,0.0,0.0,0.0,4.2725,3.14,7.4125,7.4175
671,0.1818,0.0,0.1819,0.0327,0.999450247388675,0.0,9.8181,0.0256,9.8183,0.0002,0.0,0.0,0.0,9.818299999999999,0.0256,9.8439,9.8423
672,0.0601,0.0001,0.0602,0.0108,0.9983388704318937,0.0016611295681063125,3.4758,0.0675,3.4755,0.0,0.0,0.0,0.0,3.4755,0.06749999999999999,3.5429999999999997,3.5432
673,0.238,0.0,0.238,0.0428,1.0,0.0,14.0184,0.0152,15.0179,0.9995,0.0,0.0,0.0,15.017900000000001,0.0152,15.033100000000001,15.0369
674,0.0815,0.0019,0.0834,0.015,0.9772182254196643,0.022781774580335732,4.4001,1.161,4.3997,0.0,0.0,0.0,0.0,4.3997,1.1609999999999998,5.5607,5.5632
675,0.1402,0.0001,0.1403,0.0253,0.999287241625089,0.0007127583749109052,7.569,0.0909,7.5692,0.0002,0.0,0.0,0.0,7.5691999999999995,0.0909,7.6601,7.6631
676,0.2553,0.0,0.2553,0.046,1.0,0.0,14.0184,0.0061,14.018,0.0,0.0,0.0,0.0,14.018,0.0060999999999999995,14.0241,14.0215
677,0.1104,0.0,0.1105,0.0199,0.9990950226244344,0.0,5.8662,0.0119,5.8662,0.0,0.0,0.0,0.0,5.8662,0.011899999999999999,5.8781,5.8779
678,0.0786,0.0001,0.0787,0.0142,0.9987293519695044,0.0012706480304955528,4.2453,0.0509,4.2456,0.0003,0.0,0.0,0.0,4.2456000000000005,0.0509,4.296500000000001,4.2965
679,0.0525,0.0032,0.0557,0.01,0.9425493716337522,0.05745062836624776,2.9331,2.0563,2.9331,0.0,0.0,0.0,0.0,2.9331,2.0563000000000002,4.9894,4.9873
680,0.2201,0.0011,0.2213,0.0398,0.9945774966109353,0.004970628106642567,12.7368,0.7064,12.737,0.0002,0.0,0.0,0.0,12.737,0.7063999999999999,13.4434,13.4458
681,0.1899,0.0075,0.1975,0.0355,0.9615189873417722,0.03797468354430379,10.6083,4.9925,10.6085,0.0002,0.0,0.0,0.0,10.6085,4.992500000000001,15.600999999999999,15.5981
682,0.2254,0.0043,0.2296,0.0413,0.9817073170731707,0.018728222996515678,12.3768,2.6784,13.3767,0.9999,0.0,0.0,0.0,13.3767,2.6784,16.0551,16.058
683,0.2243,0.0,0.2243,0.0404,1.0,0.0,12.1104,0.0055,12.1105,0.0001,0.0,0.0,0.0,12.1105,0.0055,12.116,12.1198
684,0.2265,0.0005,0.227,0.0409,0.9977973568281938,0.002202643171806167,12.231,0.3344,12.2306,0.0,0.0,0.0,0.0,12.2306,0.33440000000000003,12.565000000000001,12.5627
685,0.09,0.0,0.0901,0.0162,0.9988901220865705,0.0,5.3046,0.0092,5.3042,0.0,0.0,0.0,0.0,5.3042,0.0092,5.3134,5.3138
686,0.0879,0.0053,0.0932,0.0168,0.9431330472103004,0.05686695278969957,4.9095,3.2787,4.909,0.0,0.0,0.0,0.0,4.909,3.2786999999999997,8.1877,8.1829
687,0.0914,0.0001,0.0914,0.0165,1.0,0.0010940919037199126,5.0166,0.0333,5.0165,0.0,0.0,0.0,0.0,5.0165,0.0333,5.049799999999999,5.045
688,0.193,0.0046,0.1976,0.0356,0.9767206477732794,0.02327935222672065,10.5966,3.0644,10.5967,0.0001,0.0,0.0,0.0,10.5967,3.0644,13.661100000000001,13.6578
689,0.0567,0.0002,0.0569,0.0102,0.9964850615114236,0.00351493848857645,3.1149,0.1291,3.115,0.0001,0.0,0.0,0.0,3.115,0.1291,3.2441000000000004,3.2393
690,0.1964,0.002,0.1985,0.0357,0.9894206549118387,0.010075566750629723,10.6083,1.1915,10.6083,0.0,0.0,0.0,0.0,10.6083,1.1915,11.7998,11.8046
691,0.1266,0.0023,0.1289,0.0232,0.9821567106283942,0.017843289371605897,7.0722,1.3589,7.0722,0.0,0.0,0.0,0.0,7.0722000000000005,1.3589,8.4311,8.4324
692,0.2532,0.0002,0.2534,0.0456,0.9992107340173637,0.0007892659826361484,14.1444,0.1446,14.1444,0.0,0.0,0.0,0.0,14.144400000000001,0.14459999999999998,14.289000000000001,14.2916
693,0.2211,0.0,0.2212,0.0398,0.9995479204339963,0.0,11.9412,0.017,11.9412,0.0,0.0,0.0,0.0,11.9412,0.017,11.9582,11.9574
694,0.0773,0.0006,0.0779,0.014,0.9922978177150192,0.007702182284980744,4.2453,0.392,4.2456,0.0003,0.0,0.0,0.0,4.2456,0.392,4.6376,4.6355
695,0.1243,0.0063,0.1306,0.0235,0.9517611026033691,0.04823889739663094,6.8238,4.1406,6.8233,0.0,0.0,0.0,0.0,6.8233,4.140600000000001,10.9639,10.961
696,0.2059,0.0008,0.2067,0.0372,0.996129656507015,0.0038703434929850027,11.7054,0.4637,11.7052,0.0,0.0,0.0,0.0,11.705199999999998,0.46370000000000006,12.168899999999997,12.1665
697,0.1287,0.0001,0.1288,0.0232,0.9992236024844722,0.0007763975155279504,6.9516,0.0399,6.9515,0.0,0.0,0.0,0.0,6.9515,0.0399,6.9914000000000005,6.9928
698,0.1121,0.0,0.1122,0.0202,0.9991087344028522,0.0,6.0552,0.0118,6.0553,0.0001,0.0,0.0,0.0,6.0553,0.0118,6.0671,6.0703
699,0.0588,0.0,0.0589,0.0106,0.99830220713073,0.0,3.3444,0.0089,3.3444,0.0,0.0,0.0,0.0,3.3444,0.008899999999999998,3.3533,3.3577
700,0.2341,0.0036,0.2376,0.0428,0.9852693602693603,0.01515151515151515,12.231,2.1396,12.2307,0.0,0.0,0.0,0.0,12.2307,2.1396,14.3703,14.3734
701,0.2619,0.0025,0.2644,0.0476,0.9905446293494705,0.0094553706505295,14.3847,1.5549,14.3844,0.0,0.0,0.0,0.0,14.384400000000001,1.5548999999999997,15.939300000000001,15.9345
702,0.0852,0.0001,0.0852,0.0153,1.0,0.0011737089201877935,5.0166,0.0348,5.0164,0.0,0.0,0.0,0.0,5.0164,0.0348,5.0512,5.0531
703,0.1031,0.0021,0.1052,0.0189,0.9800380228136881,0.019961977186311784,5.661,1.2875,5.661,0.0,0.0,0.0,0.0,5.661,1.2875000000000003,6.9485,6.9498
704,0.1558,0.0003,0.1561,0.0281,0.9980781550288277,0.0019218449711723253,9.3456,0.1863,9.3453,0.0,0.0,0.0,0.0,9.345299999999998,0.1863,9.531599999999997,9.5273
705,0.1394,0.0001,0.1395,0.0251,0.9992831541218636,0.0007168458781362007,7.7877,0.0501,7.7878,0.0001,0.0,0.0,0.0,7.787799999999999,0.0501,7.8378999999999985,7.8348
706,0.1358,0.0044,0.1402,0.0252,0.9686162624821684,0.031383737517831675,7.3332,2.648,7.3331,0.0,0.0,0.0,0.0,7.3331,2.648,9.9811,9.9782
707,0.1068,0.0088,0.1156,0.0208,0.9238754325259516,0.07612456747404846,5.8662,5.8646,5.8663,0.0001,0.0,0.0,0.0,5.866300000000001,5.8646,11.730900000000002,11.7311
708,0.1346,0.0,0.1346,0.0242,1.0,0.0,7.7877,0.0277,7.7877,0.0,0.0,0.0,0.0,7.787699999999999,0.027700000000000002,7.8153999999999995,7.8113
709,0.274,0.002,0.2761,0.0497,0.9923940601231438,0.007243752263672582,15.0489,1.2785,15.049,0.0001,0.0,0.0,0.0,15.049,1.2785,16.3275,16.3255
710,0.2211,0.0034,0.2246,0.0404,0.9844167408726625,0.015138023152270703,11.9412,2.1542,11.9412,0.0,0.0,0.0,0.0,11.9412,2.1542,14.0954,14.0981
711,0.0757,0.0,0.0757,0.0136,1.0,0.0,4.5414,0.0208,4.5415,0.0001,0.0,0.0,0.0,4.541500000000001,0.0208,4.562300000000001,4.5662
712,0.0505,0.0007,0.0511,0.0092,0.9882583170254404,0.0136986301369863,3.0276,0.4056,3.0276,0.0,0.0,0.0,0.0,3.0275999999999996,0.4056,3.4332,3.4326
713,0.205,0.0,0.2051,0.0369,0.9995124329595318,0.0,11.4543,0.0166,11.4545,0.0002,0.0,0.0,0.0,11.4545,0.0166,11.4711,11.4665
714,0.2359,0.008,0.2438,0.0439,0.9675963904840034,0.03281378178835111,12.7368,4.9971,12.7369,0.0001,0.0,0.0,0.0,12.7369,4.9971,17.734,17.7348
715,0.114,0.011,0.125,0.0225,0.912,0.088,6.0552,7.1986,6.0553,0.0001,0.0,0.0,0.0,6.0553,7.1986,13.2539,13.2547
716,0.1774,0.0025,0.1799,0.0324,0.9861033907726514,0.013896609227348526,10.2663,1.5839,10.2657,0.0,0.0,0.0,0.0,10.265699999999999,1.5839,11.849599999999999,11.8466
717,0.1502,0.0,0.1502,0.027,1.0,0.0,8.6886,0.0082,8.6888,0.0002,0.0,0.0,0.0,8.6888,0.008199999999999999,8.697000000000001,8.6932
718,0.0903,0.0,0.0903,0.0163,1.0,0.0,4.7952,0.0267,4.795,0.0,0.0,0.0,0.0,4.795,0.0267,4.8217,4.8216
719,0.1644,0.0002,0.1646,0.0296,0.9987849331713244,0.0012150668286755773,9.513,0.1329,9.5127,0.0,0.0,0.0,0.0,9.5127,0.13290000000000002,9.6456,9.641
720,0.1502,0.0074,0.1576,0.0284,0.9530456852791879,0.046954314720812185,8.6886,4.4223,10.689,2.0004,0.0,0.0,0.0,10.689000000000002,4.4223,15.111300000000002,15.1125
721,0.0982,0.0086,0.1067,0.0192,0.9203373945641986,0.08059981255857544,5.2137,5.0999,5.2134,0.0,0.0,0.0,0.0,5.2134,5.0999,10.3133,10.3083
722,0.1494,0.0,0.1494,0.0269,1.0,0.0,8.4915,0.0113,8.4913,0.0,0.0,0.0,0.0,8.4913,0.0113,8.502600000000001,8.5058
723,0.2647,0.0026,0.2673,0.0481,0.9902731013842125,0.009726898615787506,15.0489,1.7195,15.0493,0.0004,0.0,0.0,0.0,15.049299999999999,1.7195,16.7688,16.769
724,0.1322,0.0,0.1322,0.0238,1.0,0.0,7.7877,0.007,7.7878,0.0001,0.0,0.0,0.0,7.787799999999999,0.006999999999999999,7.794799999999999,7.7995
725,0.2174,0.0036,0.221,0.0398,0.9837104072398191,0.016289592760180997,11.9412,2.1829,11.9412,0.0,0.0,0.0,0.0,11.9412,2.1829,14.1241,14.1258
726,0.2636,0.0018,0.2654,0.0478,0.9932177844762622,0.006782215523737753,14.7276,1.0832,14.7273,0.0,0.0,0.0,0.0,14.727300000000001,1.0832000000000002,15.810500000000001,15.8076
727,0.0799,0.0093,0.0892,0.016,0.8957399103139013,0.10426008968609865,4.5414,6.3729,5.5414,1.0,0.0,0.0,0.0,5.541399999999999,6.3729,11.914299999999999,11.9172
728,0.0487,0.0017,0.0503,0.0091,0.9681908548707754,0.033797216699801194,2.718,1.1466,2.7179,0.0,0.0,0.0,0.0,2.7178999999999998,1.1465999999999998,3.8644999999999996,3.8662
729,0.1865,0.0,0.1865,0.0336,1.0,0.0,9.5895,0.0147,9.5895,0.0,0.0,0.0,0.0,9.5895,0.0147,9.604199999999999,9.602
730,0.0973,0.0001,0.0974,0.0175,0.9989733059548255,0.001026694045174538,5.436,0.073,5.4359,0.0,0.0,0.0,0.0,5.435899999999999,0.073,5.5089,5.513
731,0.2053,0.0002,0.2055,0.037,0.9990267639902678,0.0009732360097323603,10.9026,0.1169,10.9029,0.0003,0.0,0.0,0.0,10.902900000000002,0.1169,11.019800000000002,11.0154
732,0.1245,0.0001,0.1245,0.0224,1.0,0.0008032128514056225,7.0758,0.0378,7.0764,0.0006,0.0,0.0,0.0,7.0764000000000005,0.0378,7.1142,7.1133
733,0.2601,0.0008,0.2609,0.047,0.9969336910693751,0.00306630893062476,15.0489,0.5068,15.0493,0.0004,0.0,0.0,0.0,15.049299999999999,0.5068,15.556099999999999,15.5587
734,0.2945,0.0,0.2945,0.053,1.0,0.0,15.6402,0.0077,15.6401,0.0,0.0,0.0,0.0,15.6401,0.0077,15.6478,15.6452
735,0.1358,0.0003,0.1361,0.0245,0.9977957384276268,0.0022042615723732546,7.3332,0.1983,7.3329,0.0,0.0,0.0,0.0,7.3329,0.19830000000000003,7.5312,7.5286
736,0.1445,0.0001,0.1446,0.026,0.9993084370677731,0.0006915629322268327,8.361,0.0757,8.3607,0.0,0.0,0.0,0.0,8.3607,0.07569999999999999,8.436399999999999,8.4413
737,0.2106,0.0,0.2106,0.0379,1.0,0.0,11.1879,0.0078,11.1879,0.0,0.0,0.0,0.0,11.1879,0.0078000000000000005,11.1957,11.1946
738,0.1897,0.0013,0.191,0.0344,0.993193717277487,0.006806282722513089,10.5966,0.7979,10.5969,0.0003,0.0,0.0,0.0,10.5969,0.7979,11.3948,11.3941
739,0.1144,0.0015,0.1159,0.0209,0.9870578084555651,0.012942191544434857,6.3927,0.9032,6.3933,0.0006,0.0,0.0,0.0,6.3933,0.9031999999999999,7.2965,7.2972
740,0.2439,0.0,0.2439,0.0439,1.0,0.0,13.6242,0.0115,13.6245,0.0003,0.0,0.0,0.0,13.624500000000001,0.0115,13.636000000000001,13.6397
741,0.1014,0.0,0.1014,0.0183,1.0,0.0,5.2137,0.0188,5.2136,0.0,0.0,0.0,0.0,5.2136,0.0188,5.232399999999999,5.2287
742,0.0644,0.0171,0.0815,0.0147,0.7901840490797546,0.2098159509202454,3.5361,10.9112,3.5361,0.0,0.0,0.0,0.0,3.5361000000000002,10.911200000000001,14.447300000000002,14.4457
743,0.1068,0.0009,0.1078,0.0194,0.9907235621521335,0.008348794063079777,5.8662,0.5929,5.8663,0.0001,0.0,0.0,0.0,5.866300000000001,0.5929,6.459200000000001,6.4623
744,0.1932,0.0001,0.1933,0.0348,0.9994826694257631,0.0005173305742369374,10.6083,0.0812,10.6083,0.0,0.0,0.0,0.0,10.6083,0.0812,10.6895,10.6924
745,0.2157,0.0017,0.2173,0.0391,0.9926369075011505,0.007823285780027611,11.4543,1.0449,11.4546,0.0003,0.0,0.0,0.0,11.4546,1.0449,12.4995,12.4976
746,0.22,0.0003,0.2203,0.0397,0.9986382206082615,0.0013617793917385383,13.1994,0.1886,13.1994,0.0,0.0,0.0,0.0,13.199399999999999,0.1886,13.387999999999998,13.3921
747,0.1995,0.0,0.1995,0.0359,1.0,0.0,10.5966,0.0051,10.5967,0.0001,0.0,0.0,0.0,10.5967,0.0051,10.6018,10.6028
748,0.2285,0.0001,0.2286,0.0412,0.999562554680665,0.0004374453193350831,11.9412,0.0762,11.9412,0.0,0.0,0.0,0.0,11.9412,0.0762,12.0174,12.0177
749,0.0542,0.0,0.0542,0.0098,1.0,0.0,3.0276,0.0059,3.0276,0.0,0.0,0.0,0.0,3.0275999999999996,0.005900000000000001,3.0334999999999996,3.031
750,0.2486,0.0,0.2487,0.0448,0.9995979091274627,0.0,14.3847,0.0158,14.3845,0.0,0.0,0.0,0.0,14.384500000000001,0.015799999999999998,14.400300000000001,14.4
751,0.2727,0.0002,0.2729,0.0491,0.9992671308171492,0.0007328691828508612,14.7276,0.1216,14.7274,0.0,0.0,0.0,0.0,14.727400000000001,0.12159999999999999,14.849000000000002,14.8477
752,0.0692,0.0001,0.0693,0.0125,0.9985569985569985,0.001443001443001443,4.077,0.0329,4.077,0.0,0.0,0.0,0.0,4.077,0.0329,4.1099,4.1081
753,0.0588,0.0001,0.0589,0.0106,0.99830220713073,0.001697792869269949,3.3444,0.0703,3.3442,0.0,0.0,0.0,0.0,3.3442,0.07029999999999999,3.4145,3.4154
754,0.0596,0.0007,0.0603,0.0108,0.988391376451078,0.011608623548922056,3.1149,0.4315,4.1152,1.0003,0.0,0.0,0.0,4.1152,0.4315,4.5466999999999995,4.5431
755,0.1727,0.0116,0.1844,0.0332,0.9365509761388285,0.06290672451193058,9.8181,7.1807,9.8181,0.0,0.0,0.0,0.0,9.8181,7.1807,16.9988,16.9939
756,0.137,0.0001,0.1371,0.0247,0.9992706053975201,0.0007293946024799417,7.7877,0.0504,7.7877,0.0,0.0,0.0,0.0,7.787699999999999,0.0504,7.838099999999999,7.8417
757,0.0879,0.0015,0.0894,0.0161,0.9832214765100673,0.016778523489932886,4.9095,0.9166,4.9092,0.0,0.0,0.0,0.0,4.909199999999999,0.9166,5.825799999999999,5.8263
758,0.2269,0.0001,0.227,0.0409,0.9995594713656387,0.0004405286343612335,12.4605,0.062,12.4605,0.0,0.0,0.0,0.0,12.4605,0.062,12.522499999999999,12.5176
759,0.1835,0.0004,0.1839,0.0331,0.9978249048395866,0.002175095160413268,9.5895,0.2461,9.5895,0.0,0.0,0.0,0.0,9.5895,0.24609999999999999,9.8356,9.8395
760,0.0879,0.0142,0.1021,0.0184,0.8609206660137121,0.13907933398628797,4.9095,8.6438,4.9087,0.0,0.0,0.0,0.0,4.9087000000000005,8.6438,13.552500000000002,13.5482
761,0.1346,0.0001,0.1347,0.0243,0.9992576095025985,0.0007423904974016333,7.7877,0.085,7.7877,0.0,0.0,0.0,0.0,7.787699999999999,0.08499999999999999,7.872699999999999,7.8728
762,0.1521,0.0001,0.1522,0.0274,0.9993429697766097,0.000657030223390276,8.7993,0.0685,8.7993,0.0,0.0,0.0,0.0,8.7993,0.0685,8.8678,8.8705
763,0.0842,0.0002,0.0844,0.0152,0.9976303317535544,0.002369668246445498,4.4001,0.1552,4.4,0.0,0.0,0.0,0.0,4.4,0.15519999999999998,4.5552,4.5591
764,0.1796,0.0125,0.1922,0.0346,0.9344432882414152,0.06503642039542144,10.0332,7.9246,10.0329,0.0,0.0,0.0,0.0,10.0329,7.9246,17.9575,17.9559
765,0.1239,0.0,0.1239,0.0223,1.0,0.0,6.6888,0.0294,6.6888,0.0,0.0,0.0,0.0,6.6888,0.0294,6.7181999999999995,6.7197
766,0.0979,0.0002,0.0981,0.0177,0.9979612640163098,0.0020387359836901123,5.1174,0.119,5.1176,0.0002,0.0,0.0,0.0,5.1175999999999995,0.11900000000000001,5.236599999999999,5.2378
767,0.2546,0.0009,0.2555,0.046,0.9964774951076321,0.003522504892367906,14.7276,0.5551,14.7273,0.0,0.0,0.0,0.0,14.727300000000001,0.5551,15.2824,15.278
768,0.1762,0.0001,0.1762,0.0317,1.0,0.0005675368898978435,9.513,0.0323,9.5126,0.0,0.0,0.0,0.0,9.5126,0.0323,9.5449,9.5497
769,0.2477,0.0005,0.2481,0.0447,0.9983877468762596,0.002015316404675534,12.7368,0.2672,12.7371,0.0003,0.0,0.0,0.0,12.7371,0.2672,13.0043,13.0081
770,0.2647,0.0106,0.2754,0.0496,0.9611474219317357,0.038489469862018885,15.0489,6.9319,15.049,0.0001,0.0,0.0,0.0,15.049,6.931899999999999,21.9809,21.9851
771,0.1774,0.0001,0.1775,0.032,0.9994366197183099,0.0005633802816901409,10.2663,0.0369,10.2661,0.0,0.0,0.0,0.0,10.266099999999998,0.0369,10.302999999999997,10.2986
772,0.1684,0.0,0.1684,0.0303,1.0,0.0,8.7993,0.0109,8.7994,0.0001,0.0,0.0,0.0,8.7994,0.0109,8.8103,8.8088
773,0.1521,0.0083,0.1604,0.0289,0.9482543640897757,0.05174563591022444,8.7993,5.4814,8.7993,0.0,0.0,0.0,0.0,8.7993,5.481399999999999,14.2807,14.2832
774,0.0561,0.0024,0.0585,0.0105,0.9589743589743589,0.04102564102564102,2.9331,1.5471,2.9331,0.0,0.0,0.0,0.0,2.9331,1.5471,4.4802,4.4787
775,0.2243,0.0013,0.2255,0.0406,0.9946784922394678,0.005764966740576497,12.1104,0.7535,12.1107,0.0003,0.0,0.0,0.0,12.1107,0.7535,12.8642,12.8685
776,0.0592,0.0002,0.0594,0.0107,0.9966329966329966,0.0033670033670033673,3.1968,0.1191,3.1965,0.0,0.0,0.0,0.0,3.1965000000000003,0.1191,3.3156000000000003,3.3169
777,0.2727,0.0002,0.273,0.0491,0.9989010989010988,0.0007326007326007326,14.7276,0.1371,14.7273,0.0,0.0,0.0,0.0,14.727300000000001,0.1371,14.864400000000002,14.8599
778,0.2102,0.0001,0.2103,0.0379,0.9995244888254875,0.0004755111745126011,12.1644,0.0592,12.1645,0.0001,0.0,0.0,0.0,12.164499999999999,0.0592,12.2237,12.2212
779,0.1962,0.0081,0.2044,0.0368,0.9598825831702544,0.03962818003913894,10.5966,5.4545,10.5966,0.0,0.0,0.0,0.0,10.5966,5.454500000000001,16.0511,16.0469
780,0.1418,0.0001,0.1419,0.0255,0.9992952783650458,0.0007047216349541931,7.7877,0.0521,7.7878,0.0001,0.0,0.0,0.0,7.787799999999999,0.0521,7.839899999999999,7.8379
781,0.177,0.0,0.177,0.0319,1.0,0.0,10.4265,0.0152,10.4265,0.0,0.0,0.0,0.0,10.4265,0.0152,10.4417,10.4396
782,0.068,0.0004,0.0684,0.0123,0.9941520467836258,0.005847953216374269,4.077,0.2826,4.0768,0.0,0.0,0.0,0.0,4.0768,0.2826,4.359400000000001,4.3615
783,0.2209,0.0001,0.2209,0.0398,1.0,0.0004526935264825713,11.7324,0.0357,11.7328,0.0004,0.0,0.0,0.0,11.732800000000001,0.0357,11.768500000000001,11.7726
784,0.0688,0.0002,0.0689,0.0124,0.9985486211901305,0.002902757619738752,3.5361,0.1235,3.5361,0.0,0.0,0.0,0.0,3.5361000000000002,0.1235,3.6596,3.6574
785,0.1838,0.0087,0.1924,0.0346,0.9553014553014553,0.04521829521829522,10.2663,5.3906,10.2663,0.0,0.0,0.0,0.0,10.266300000000001,5.3906,15.6569,15.6547
786,0.1474,0.0,0.1475,0.0265,0.9993220338983052,0.0,8.5293,0.0215,8.5296,0.0003,0.0,0.0,0.0,8.529599999999999,0.0215,8.551099999999998,8.5535
787,0.1502,0.0068,0.157,0.0283,0.956687898089172,0.04331210191082802,8.6886,4.598,8.6887,0.0001,0.0,0.0,0.0,8.6887,4.598,13.2867,13.2886
788,0.149,0.0059,0.1549,0.0279,0.9619109102646868,0.0380890897353131,8.1819,3.9411,8.1819,0.0,0.0,0.0,0.0,8.1819,3.9411000000000005,12.123000000000001,12.1271
789,0.094,0.0001,0.0941,0.0169,0.9989373007438894,0.0010626992561105207,5.436,0.0724,5.4359,0.0,0.0,0.0,0.0,5.435899999999999,0.07239999999999999,5.508299999999999,5.5083
790,0.1389,0.0001,0.139,0.025,0.9992805755395682,0.0007194244604316547,8.1819,0.0559,8.1817,0.0,0.0,0.0,0.0,8.181700000000001,0.055900000000000005,8.2376,8.2362
791,0.154,0.0058,0.1598,0.0288,0.9637046307884856,0.03629536921151439,8.1819,4.1686,8.1819,0.0,0.0,0.0,0.0,8.1819,4.1686000000000005,12.3505,12.3489
792,0.1664,0.0015,0.1679,0.0302,0.9910661107802263,0.008933889219773675,8.8407,0.9649,8.8404,0.0,0.0,0.0,0.0,8.8404,0.9649000000000001,9.8053,9.8081
793,0.2444,0.0005,0.2449,0.0441,0.9979583503470805,0.002041649652919559,13.1994,0.3241,13.1992,0.0,0.0,0.0,0.0,13.199199999999998,0.3241,13.523299999999997,13.525
794,0.0894,0.0,0.0894,0.0161,1.0,0.0,4.9095,0.0072,4.909,0.0,0.0,0.0,0.0,4.909,0.0072,4.9162,4.9168
795,0.1957,0.0001,0.1958,0.0352,0.9994892747701737,0.0005107252298263534,11.322,0.0536,11.3218,0.0,0.0,0.0,0.0,11.3218,0.053599999999999995,11.375399999999999,11.3798
796,0.2289,0.0003,0.2292,0.0413,0.9986910994764399,0.0013089005235602093,12.7863,0.2084,12.7863,0.0,0.0,0.0,0.0,12.7863,0.20839999999999997,12.9947,12.9904
797,0.214,0.0001,0.2141,0.0385,0.9995329285380663,0.00046707146193367583,12.1644,0.0348,12.1644,0.0,0.0,0.0,0.0,12.164399999999999,0.0348,12.1992,12.1955
798,0.0903,0.0001,0.0904,0.0163,0.9988938053097346,0.001106194690265487,4.7952,0.0605,4.7949,0.0,0.0,0.0,0.0,4.7949,0.0605,4.8554,4.8596
799,0.1523,0.0001,0.1524,0.0274,0.9993438320209973,0.0006561679790026247,8.361,0.0652,8.3604,0.0,0.0,0.0,0.0,8.3604,0.0652,8.425600000000001,8.4217
800,0.1174,0.0001,0.1175,0.0212,0.9991489361702128,0.0008510638297872341,6.795,0.0416,6.795,0.0,0.0,0.0,0.0,6.795,0.0416,6.8366,6.8326
801,0.1817,0.002,0.1837,0.0331,0.9891126837234622,0.010887316276537834,9.3456,1.3551,9.3454,0.0,0.0,0.0,0.0,9.345399999999998,1.3551000000000002,10.700499999999998,10.6988
802,0.0498,0.0001,0.0499,0.009,0.9979959919839679,0.0020040080160320644,2.9331,0.0837,2.9332,0.0001,0.0,0.0,0.0,2.9332000000000003,0.08370000000000001,3.0169,3.0136
803,0.0534,0.001,0.0544,0.0098,0.9816176470588236,0.01838235294117647,2.9331,0.6225,2.9334,0.0003,0.0,0.0,0.0,2.9334,0.6225,3.5559,3.5527
804,0.2215,0.0158,0.2374,0.0427,0.9330244313395114,0.06655433866891323,12.1644,10.3373,12.1644,0.0,0.0,0.0,0.0,12.164399999999999,10.3373,22.5017,22.502
805,0.1144,0.0028,0.1172,0.0211,0.9761092150170648,0.023890784982935155,6.3927,1.6009,6.393,0.0003,0.0,0.0,0.0,6.393000000000001,1.6009,7.993900000000001,7.9987
806,0.1115,0.0009,0.1124,0.0202,0.9919928825622776,0.00800711743772242,6.6888,0.5525,6.6886,0.0,0.0,0.0,0.0,6.688599999999999,0.5525,7.241099999999999,7.2366
807,0.1144,0.0013,0.1157,0.0208,0.9887640449438203,0.011235955056179775,6.3927,0.8907,6.3931,0.0004,0.0,0.0,0.0,6.3931000000000004,0.8906999999999998,7.2838,7.2883
808,0.1418,0.0002,0.142,0.0256,0.9985915492957748,0.0014084507042253524,7.7877,0.1191,7.7879,0.0002,0.0,0.0,0.0,7.787899999999999,0.1191,7.906999999999999,7.9055
809,0.2319,0.0,0.232,0.0418,0.9995689655172413,0.0,12.7368,0.02,12.7369,0.0001,0.0,0.0,0.0,12.7369,0.019999999999999997,12.7569,12.7557
810,0.171,0.0024,0.1734,0.0312,0.9861591695501731,0.013840830449826988,9.0828,1.5967,9.0828,0.0,0.0,0.0,0.0,9.0828,1.5966999999999998,10.6795,10.6819
811,0.0495,0.0009,0.0504,0.0091,0.9821428571428572,0.017857142857142856,2.718,0.5886,2.7179,0.0,0.0,0.0,0.0,2.7178999999999998,0.5886,3.3064999999999998,3.3112
812,0.1732,0.0006,0.1738,0.0313,0.9965477560414269,0.003452243958573072,9.513,0.3465,9.5127,0.0,0.0,0.0,0.0,9.5127,0.34650000000000003,9.859200000000001,9.8638
813,0.2707,0.0005,0.2712,0.0488,0.9981563421828908,0.0018436578171091445,14.1444,0.3263,14.1444,0.0,0.0,0.0,0.0,14.144400000000001,0.32630000000000003,14.4707,14.4757
814,0.2404,0.0091,0.2494,0.0449,0.9639133921411387,0.03648757016840417,13.1994,5.462,14.1993,0.9999,0.0,0.0,0.0,14.1993,5.462,19.661299999999997,19.6571
815,0.0799,0.0021,0.082,0.0148,0.974390243902439,0.025609756097560974,4.5414,1.2643,5.5414,1.0,0.0,0.0,0.0,5.541399999999999,1.2643,6.8057,6.8031
816,0.1769,0.0,0.177,0.0319,0.9994350282485877,0.0,10.2357,0.0295,10.2352,0.0,0.0,0.0,0.0,10.235199999999999,0.029500000000000002,10.2647,10.2603
817,0.0799,0.0006,0.0805,0.0145,0.9925465838509316,0.007453416149068322,4.7952,0.3695,4.7947,0.0,0.0,0.0,0.0,4.794700000000001,0.36949999999999994,5.164200000000001,5.163
818,0.1201,0.0,0.1201,0.0216,1.0,0.0,7.0758,0.0094,7.0763,0.0005,0.0,0.0,0.0,7.076300000000001,0.009399999999999999,7.085700000000001,7.0845
819,0.1913,0.0023,0.1936,0.0348,0.9881198347107438,0.011880165289256199,10.872,1.535,11.8718,0.9998,0.0,0.0,0.0,11.871799999999999,1.5350000000000001,13.406799999999999,13.4114
820,0.1156,0.0,0.1156,0.0208,1.0,0.0,6.6888,0.0181,6.6887,0.0,0.0,0.0,0.0,6.688699999999999,0.018099999999999998,6.7067999999999985,6.7073
821,0.2231,0.0049,0.228,0.041,0.9785087719298244,0.021491228070175436,12.4605,3.1601,17.4605,5.0,0.0,0.0,0.0,17.4605,3.1601,20.6206,20.6202
822,0.1968,0.0,0.1968,0.0354,1.0,0.0,11.1879,0.0056,11.1879,0.0,0.0,0.0,0.0,11.1879,0.005600000000000001,11.1935,11.1962
823,0.2205,0.0002,0.2207,0.0397,0.9990937924784775,0.0009062075215224287,12.1104,0.0955,12.1105,0.0001,0.0,0.0,0.0,12.1105,0.09549999999999999,12.206,12.2047
824,0.1523,0.0136,0.1659,0.0299,0.9180229053646775,0.08197709463532249,8.361,8.9955,9.3609,0.9999,0.0,0.0,0.0,9.3609,8.9955,18.3564,18.3592
825,0.1014,0.0002,0.1016,0.0183,0.9980314960629922,0.001968503937007874,5.2137,0.1457,5.2133,0.0,0.0,0.0,0.0,5.2133,0.1457,5.359,5.3589
826,0.2121,0.0122,0.2243,0.0404,0.9456085599643336,0.054391440035666525,11.4543,7.2089,13.4543,2.0,0.0,0.0,0.0,13.4543,7.2089,20.6632,20.6584
827,0.2152,0.0001,0.2153,0.0388,0.9995355318160707,0.0004644681839294009,12.231,0.0848,12.2308,0.0,0.0,0.0,0.0,12.2308,0.0848,12.3156,12.3128
828,0.1419,0.0005,0.1424,0.0256,0.9964887640449438,0.0035112359550561797,8.361,0.3285,8.3604,0.0,0.0,0.0,0.0,8.3604,0.3285,8.6889,8.6915
829,0.0755,0.0001,0.0756,0.0136,0.9986772486772486,0.001322751322751323,4.077,0.079,5.0769,0.9999,0.0,0.0,0.0,5.0769,0.079,5.1559,5.1583
830,0.1358,0.0004,0.1362,0.0245,0.9970631424375919,0.0029368575624082235,7.3332,0.294,7.333,0.0,0.0,0.0,0.0,7.333,0.29399999999999993,7.627,7.6305
831,0.133,0.0004,0.1335,0.024,0.9962546816479401,0.00299625468164794,6.9516,0.2958,6.9514,0.0,0.0,0.0,0.0,6.9514000000000005,0.2958,7.2472,7.2515
832,0.1086,0.0,0.1087,0.0196,0.9990800367985281,0.0,5.8662,0.0192,5.8663,0.0001,0.0,0.0,0.0,5.866300000000001,0.0192,5.8855,5.8896
833,0.2231,0.0098,0.2329,0.0419,0.9579218548733361,0.0420781451266638,12.4605,6.5649,13.4603,0.9998,0.0,0.0,0.0,13.4603,6.564900000000001,20.0252,20.0282
834,0.1546,0.0005,0.1551,0.0279,0.996776273372018,0.0032237266279819474,8.4915,0.3251,8.4912,0.0,0.0,0.0,0.0,8.491200000000001,0.32510000000000006,8.816300000000002,8.8127
835,0.2177,0.0001,0.2179,0.0392,0.9990821477742083,0.0004589261128958238,12.3768,0.071,12.3767,0.0,0.0,0.0,0.0,12.3767,0.071,12.4477,12.4454
836,0.205,0.0006,0.2057,0.037,0.9965969859017987,0.0029168692270296545,11.4543,0.406,11.4547,0.0004,0.0,0.0,0.0,11.454699999999999,0.40599999999999997,11.8607,11.864
837,0.2996,0.0005,0.3001,0.054,0.9983338887037654,0.0016661112962345886,15.9129,0.3219,15.9125,0.0,0.0,0.0,0.0,15.912500000000001,0.3219,16.2344,16.2343
838,0.0561,0.0056,0.0617,0.0111,0.9092382495948136,0.09076175040518639,3.0276,3.6481,3.0276,0.0,0.0,0.0,0.0,3.0275999999999996,3.6481000000000003,6.6757,7.1773
839,0.2569,0.0,0.2569,0.0462,1.0,0.0,13.6467,0.0094,13.6469,0.0002,0.0,0.0,0.0,13.6469,0.009399999999999999,13.6563,13.6514
840,0.2694,0.0028,0.2722,0.049,0.9897134459955914,0.010286554004408524,15.0489,1.8903,15.0495,0.0006,0.0,0.0,0.0,15.049499999999998,1.8902999999999999,16.939799999999998,16.9431
841,0.2796,0.0001,0.2797,0.0503,0.9996424740793708,0.0003575259206292456,15.3531,0.0557,15.3529,0.0,0.0,0.0,0.0,15.352899999999998,0.0557,15.408599999999998,15.4043
842,0.0555,0.0008,0.0563,0.0101,0.9857904085257548,0.014209591474245116,3.2724,0.4464,3.2728,0.0004,0.0,0.0,0.0,3.2728,0.44639999999999996,3.7192000000000003,4.2174
843,0.1009,0.0005,0.1015,0.0183,0.9940886699507389,0.0049261083743842365,6.0552,0.3306,6.0553,0.0001,0.0,0.0,0.0,6.0553,0.33059999999999995,6.3858999999999995,6.3832
844,0.2037,0.0006,0.2043,0.0368,0.9970631424375916,0.0029368575624082226,11.1879,0.3947,11.1879,0.0,0.0,0.0,0.0,11.1879,0.3947,11.582600000000001,11.5789
845,0.0611,0.0011,0.0622,0.0112,0.982315112540193,0.017684887459807074,3.5361,0.6177,3.5361,0.0,0.0,0.0,0.0,3.5361000000000002,0.6176999999999999,4.1538,4.1581
846,0.1654,0.0037,0.1691,0.0304,0.9781194559432288,0.02188054405677114,9.0828,2.4648,9.0828,0.0,0.0,0.0,0.0,9.0828,2.4648,11.547600000000001,11.5443
847,0.1406,0.0,0.1406,0.0253,1.0,0.0,7.9911,0.0113,7.9913,0.0002,0.0,0.0,0.0,7.991300000000001,0.0113,8.002600000000001,8.0047
848,0.2619,0.0007,0.2626,0.0473,0.9973343488194975,0.0026656511805026656,14.3847,0.4373,14.3846,0.0,0.0,0.0,0.0,14.3846,0.4373,14.821900000000001,14.8242
849,0.2384,0.0002,0.2386,0.0429,0.9991617770326907,0.0008382229673093043,13.0905,0.1419,13.0911,0.0006,0.0,0.0,0.0,13.091099999999997,0.1419,13.232999999999997,13.2308
850,0.1378,0.0055,0.1433,0.0258,0.9616189811584089,0.038381018841591064,7.569,3.2999,7.5691,0.0001,0.0,0.0,0.0,7.5691,3.2999,10.869,10.8678
851,0.0507,0.0042,0.0548,0.0099,0.9251824817518248,0.07664233576642335,2.9331,2.6663,2.9334,0.0003,0.0,0.0,0.0,2.9334000000000002,2.6663,5.5997,5.6045
852,0.0842,0.0001,0.0843,0.0152,0.9988137603795967,0.0011862396204033216,4.4001,0.0467,4.3996,0.0,0.0,0.0,0.0,4.3996,0.0467,4.446300000000001,4.4501
853,0.0589,0.0019,0.0608,0.0109,0.96875,0.03125,3.5361,1.3024,3.5361,0.0,0.0,0.0,0.0,3.5361000000000002,1.3023999999999998,4.8385,4.8355
854,0.1535,0.0002,0.1537,0.0277,0.9986987638256343,0.0013012361743656475,8.154,0.1478,8.154,0.0,0.0,0.0,0.0,8.154,0.14780000000000001,8.3018,8.2994
855,0.2368,0.0001,0.2369,0.0426,0.9995778809624315,0.0004221190375685944,12.7863,0.0909,12.7863,0.0,0.0,0.0,0.0,12.7863,0.09090000000000001,12.8772,12.8738
856,0.2271,0.0003,0.2273,0.0409,0.9991201055873294,0.0013198416190057193,13.6242,0.1656,13.6242,0.0,0.0,0.0,0.0,13.6242,0.16560000000000002,13.7898,13.7918
857,0.1682,0.0022,0.1704,0.0307,0.9870892018779343,0.012910798122065728,9.0828,1.5379,9.0829,0.0001,0.0,0.0,0.0,9.082900000000002,1.5378999999999998,10.620800000000003,10.6204
858,0.0552,0.0,0.0552,0.0099,1.0,0.0,2.9331,0.0107,2.9331,0.0,0.0,0.0,0.0,2.9331,0.0107,2.9438,2.9449
859,0.1575,0.0019,0.1594,0.0287,0.9880803011292347,0.01191969887076537,8.7993,1.3078,8.7993,0.0,0.0,0.0,0.0,8.7993,1.3078,10.1071,10.1048
860,0.2138,0.0008,0.2146,0.0386,0.9962721342031686,0.003727865796831314,11.9412,0.5209,11.9412,0.0,0.0,0.0,0.0,11.9412,0.5208999999999999,12.4621,12.462
861,0.2703,0.0002,0.2705,0.0487,0.999260628465804,0.0007393715341959334,15.6402,0.147,15.64,0.0,0.0,0.0,0.0,15.64,0.147,15.787,15.7825
862,0.0503,0.002,0.0524,0.0094,0.9599236641221374,0.03816793893129771,2.718,1.3348,2.7178,0.0,0.0,0.0,0.0,2.7178,1.3348,4.0526,4.0523
863,0.1865,0.0003,0.1868,0.0336,0.9983940042826552,0.0016059957173447537,9.9063,0.1631,9.9065,0.0002,0.0,0.0,0.0,9.906500000000001,0.16310000000000002,10.069600000000001,10.0655
864,0.2276,0.0002,0.2278,0.041,0.9991220368744512,0.000877963125548727,11.7054,0.1362,11.7052,0.0,0.0,0.0,0.0,11.705199999999998,0.1362,11.841399999999998,11.8455
865,0.193,0.0,0.193,0.0347,1.0,0.0,10.5966,0.0047,10.5969,0.0003,0.0,0.0,0.0,10.5969,0.0047,10.6016,10.6018
866,0.0943,0.0011,0.0954,0.0172,0.9884696016771488,0.011530398322851155,5.661,0.7023,5.6609,0.0,0.0,0.0,0.0,5.6609,0.7022999999999999,6.3632,6.3609
867,0.0742,0.002,0.0762,0.0137,0.973753280839895,0.026246719160104987,4.077,1.3654,4.077,0.0,0.0,0.0,0.0,4.077,1.3654000000000002,5.4424,5.4455
868,0.2204,0.0008,0.2211,0.0398,0.996834011759385,0.0036182722749886933,11.7054,0.4745,11.7052,0.0,0.0,0.0,0.0,11.705199999999998,0.47450000000000003,12.179699999999999,12.181
869,0.1636,0.0004,0.1641,0.0295,0.9969530773918343,0.002437538086532602,9.8181,0.2743,9.8181,0.0,0.0,0.0,0.0,9.8181,0.2743,10.0924,10.0925
870,0.2205,0.001,0.2216,0.0399,0.9950361010830325,0.004512635379061372,12.1104,0.7115,12.1106,0.0002,0.0,0.0,0.0,12.110600000000002,0.7114999999999999,12.8221,12.8191
871,0.0626,0.0,0.0626,0.0113,1.0,0.0,3.2724,0.0158,3.2728,0.0004,0.0,0.0,0.0,3.2728,0.0158,3.2886,3.2897
872,0.0567,0.0,0.0567,0.0102,1.0,0.0,3.1149,0.0081,3.1149,0.0,0.0,0.0,0.0,3.1149,0.0081,3.123,3.124
873,0.1048,0.0093,0.1142,0.0206,0.9176882661996498,0.08143607705779334,5.661,5.6872,5.661,0.0,0.0,0.0,0.0,5.661,5.687200000000001,11.3482,11.3502
874,0.152,0.0032,0.1552,0.0279,0.979381443298969,0.020618556701030927,8.4915,2.0585,8.4914,0.0,0.0,0.0,0.0,8.4914,2.0585000000000004,10.549900000000001,10.5494
875,0.1884,0.0002,0.1886,0.034,0.9989395546129376,0.0010604453870625664,10.9026,0.131,10.9028,0.0002,0.0,0.0,0.0,10.902800000000001,0.131,11.033800000000001,11.0368
876,0.1184,0.0,0.1184,0.0213,1.0,0.0,6.3927,0.0061,6.393,0.0003,0.0,0.0,0.0,6.393000000000001,0.0060999999999999995,6.399100000000001,6.3948
877,0.1485,0.0073,0.1558,0.028,0.9531450577663672,0.04685494223363287,8.154,5.0064,8.1537,0.0,0.0,0.0,0.0,8.1537,5.006399999999999,13.1601,13.1569
878,0.1419,0.0001,0.142,0.0256,0.9992957746478874,0.0007042253521126762,8.361,0.0679,8.3608,0.0,0.0,0.0,0.0,8.3608,0.0679,8.4287,8.4251
879,0.2555,0.0001,0.2555,0.046,1.0,0.0003913894324853229,15.0489,0.0575,15.0495,0.0006,0.0,0.0,0.0,15.049499999999998,0.0575,15.106999999999998,15.1116
880,0.114,0.0,0.114,0.0205,1.0,0.0,6.0552,0.0132,6.0552,0.0,0.0,0.0,0.0,6.055199999999999,0.0132,6.0684,6.0712
881,0.1515,0.0016,0.1531,0.0276,0.9895493141737426,0.010450685826257348,8.1819,0.9802,8.1818,0.0,0.0,0.0,0.0,8.1818,0.9802,9.162,9.1629
882,0.208,0.0009,0.2089,0.0376,0.9956917185256103,0.00430828147438966,10.872,0.5504,10.8717,0.0,0.0,0.0,0.0,10.871699999999999,0.5504,11.422099999999999,11.4238
883,0.0533,0.0006,0.0539,0.0097,0.9888682745825602,0.011131725417439701,3.0276,0.3854,3.0276,0.0,0.0,0.0,0.0,3.0275999999999996,0.3854,3.413,3.4128
884,0.2114,0.0,0.2114,0.0381,1.0,0.0,12.231,0.0052,12.2306,0.0,0.0,0.0,0.0,12.2306,0.0052,12.235800000000001,12.2368
885,0.1243,0.02,0.1443,0.026,0.8613998613998612,0.1386001386001386,6.8238,12.5137,7.8237,0.9999,0.0,0.0,0.0,7.8237000000000005,12.5137,20.337400000000002,20.3367
886,0.0879,0.011,0.0989,0.0178,0.8887765419615774,0.11122345803842264,4.9095,6.4497,5.9093,0.9998,0.0,0.0,0.0,5.909299999999999,6.449699999999999,12.358999999999998,12.3625
887,0.2466,0.0,0.2466,0.0444,1.0,0.0,14.0184,0.013,15.0183,0.9999,0.0,0.0,0.0,15.0183,0.013000000000000001,15.0313,15.033
888,0.1394,0.0002,0.1396,0.0251,0.998567335243553,0.0014326647564469914,7.7877,0.1107,7.788,0.0003,0.0,0.0,0.0,7.7879999999999985,0.1107,7.898699999999998,7.8945
889,0.1212,0.0001,0.1213,0.0218,0.9991755976916735,0.0008244023083264633,6.5457,0.035,6.5456,0.0,0.0,0.0,0.0,6.545599999999999,0.035,6.5806,6.5808
890,0.1096,0.0014,0.111,0.02,0.9873873873873874,0.012612612612612612,6.2298,0.9485,8.2301,2.0003,0.0,0.0,0.0,8.2301,0.9484999999999999,9.1786,9.175
891,0.2152,0.0002,0.2154,0.0388,0.9990714948932219,0.0009285051067780873,12.231,0.116,12.2307,0.0,0.0,0.0,0.0,12.2307,0.11599999999999999,12.3467,12.3441
892,0.0858,0.0035,0.0894,0.0161,0.9597315436241611,0.039149888143176735,4.7952,2.2765,4.7947,0.0,0.0,0.0,0.0,4.794700000000001,2.2765,7.071200000000001,7.0714
893,0.1962,0.0006,0.1968,0.0354,0.9969512195121952,0.0030487804878048777,10.5966,0.3974,10.5966,0.0,0.0,0.0,0.0,10.5966,0.3974,10.994,10.993
894,0.1746,0.0108,0.1854,0.0334,0.941747572815534,0.05825242718446602,9.5895,6.915,9.5898,0.0003,0.0,0.0,0.0,9.5898,6.914999999999999,16.5048,16.5064
895,0.2132,0.0,0.2132,0.0384,1.0,0.0,11.7054,0.0184,11.705,0.0,0.0,0.0,0.0,11.704999999999998,0.018399999999999996,11.723399999999998,11.7245
896,0.0606,0.0007,0.0613,0.011,0.9885807504078303,0.011419249592169656,3.2724,0.4037,4.2728,1.0004,0.0,0.0,0.0,4.2728,0.4037,4.6765,4.6792
897,0.1497,0.0002,0.1499,0.027,0.9986657771847898,0.0013342228152101402,8.361,0.1504,8.3608,0.0,0.0,0.0,0.0,8.360800000000001,0.1504,8.5112,8.5117
898,0.2527,0.0001,0.2528,0.0455,0.9996044303797467,0.00039556962025316455,13.6467,0.0608,13.6469,0.0002,0.0,0.0,0.0,13.6469,0.06080000000000001,13.7077,13.7045
899,0.0747,0.0023,0.077,0.0139,0.9701298701298702,0.02987012987012987,4.2453,1.4733,4.2456,0.0003,0.0,0.0,0.0,4.2456000000000005,1.4733000000000003,5.7189000000000005,5.718
900,0.1232,0.0013,0.1245,0.0224,0.989558232931727,0.010441767068273091,6.5457,0.8549,6.5454,0.0,0.0,0.0,0.0,6.545399999999999,0.8549,7.400299999999999,7.4001
901,0.1414,0.0012,0.1426,0.0257,0.9915848527349228,0.008415147265077139,8.1819,0.8092,8.1818,0.0,0.0,0.0,0.0,8.1818,0.8092,8.991000000000001,8.9923
902,0.1164,0.0006,0.117,0.0211,0.9948717948717949,0.005128205128205127,6.3927,0.4081,6.3929,0.0002,0.0,0.0,0.0,6.392900000000001,0.4081,6.801000000000001,6.8028
903,0.1332,0.0005,0.1337,0.0241,0.9962602842183994,0.0037397157816005983,7.569,0.3675,7.5691,0.0001,0.0,0.0,0.0,7.5691,0.3675,7.936599999999999,7.9362
904,0.0633,0.0,0.0633,0.0114,1.0,0.0,3.4758,0.0153,3.4756,0.0,0.0,0.0,0.0,3.4756,0.015299999999999998,3.4909,3.487
905,0.2617,0.0135,0.2752,0.0495,0.9509447674418604,0.04905523255813953,13.9023,8.7594,14.9024,1.0001,0.0,0.0,0.0,14.902400000000002,8.7594,23.6618,23.6668
906,0.2848,0.0061,0.2909,0.0524,0.9790305947060846,0.020969405293915437,15.6402,4.0117,15.6402,0.0,0.0,0.0,0.0,15.6402,4.0117,19.6519,19.6555
907,0.2154,0.0015,0.2168,0.039,0.9935424354243543,0.006918819188191882,12.4605,0.8822,12.4605,0.0,0.0,0.0,0.0,12.4605,0.8822,13.342699999999999,13.3454
908,0.1332,0.0005,0.1337,0.0241,0.9962602842183994,0.0037397157816005983,7.569,0.3625,7.569,0.0,0.0,0.0,0.0,7.569,0.36249999999999993,7.9315,7.9303
909,0.105,0.0003,0.1053,0.019,0.9971509971509971,0.0028490028490028487,5.8662,0.1935,5.8664,0.0002,0.0,0.0,0.0,5.8664000000000005,0.1935,6.059900000000001,6.061
910,0.176,0.0041,0.1801,0.0324,0.977234869516935,0.022765130483064965,9.3456,2.8155,9.3451,0.0,0.0,0.0,0.0,9.345099999999999,2.8155,12.160599999999999,12.1637
911,0.1746,0.0,0.1747,0.0314,0.9994275901545507,0.0,9.5895,0.0289,9.5897,0.0002,0.0,0.0,0.0,9.5897,0.0289,9.6186,9.6167
912,0.2508,0.0,0.2508,0.0451,1.0,0.0,15.0489,0.0085,15.0495,0.0006,0.0,0.0,0.0,15.049499999999998,0.008499999999999999,15.057999999999998,15.0617
913,0.2404,0.0003,0.2406,0.0433,0.999168744804655,0.0012468827930174561,13.1994,0.1623,13.1992,0.0,0.0,0.0,0.0,13.199199999999998,0.1623,13.361499999999998,13.3654
914,0.2787,0.0001,0.2787,0.0502,1.0,0.0003588087549336204,15.0489,0.0325,15.0491,0.0002,0.0,0.0,0.0,15.0491,0.0325,15.0816,15.0843
915,0.1121,0.0,0.1122,0.0202,0.9991087344028522,0.0,6.0552,0.012,6.0553,0.0001,0.0,0.0,0.0,6.0553,0.012,6.0672999999999995,6.0677
916,0.1801,0.0,0.1801,0.0324,1.0,0.0,10.6083,0.0178,10.6083,0.0,0.0,0.0,0.0,10.6083,0.0178,10.6261,10.6268
917,0.0965,0.001,0.0975,0.0176,0.9897435897435898,0.010256410256410256,5.2137,0.5928,5.2133,0.0,0.0,0.0,0.0,5.2133,0.5928,5.806100000000001,5.8022
918,0.2101,0.0005,0.2106,0.0379,0.9976258309591642,0.0023741690408357074,11.9412,0.3093,11.9412,0.0,0.0,0.0,0.0,11.9412,0.3093,12.2505,12.2504
919,0.2254,0.0,0.2254,0.0406,1.0,0.0,12.3768,0.0105,12.3765,0.0,0.0,0.0,0.0,12.3765,0.0105,12.387,12.3828
920,0.1378,0.0106,0.1484,0.0267,0.9285714285714286,0.07142857142857142,7.569,6.3112,7.5691,0.0001,0.0,0.0,0.0,7.5691,6.3112,13.8803,13.8834
921,0.1835,0.0004,0.1839,0.0331,0.9978249048395866,0.002175095160413268,9.5895,0.2486,9.5897,0.0002,0.0,0.0,0.0,9.5897,0.24860000000000002,9.8383,9.839
922,0.2436,0.0,0.2436,0.0439,1.0,0.0,13.3776,0.0083,13.3772,0.0,0.0,0.0,0.0,13.377199999999998,0.0083,13.385499999999999,13.3878
923,0.2647,0.0001,0.2649,0.0477,0.9992449981124951,0.00037750094375235937,15.0489,0.0629,15.0493,0.0004,0.0,0.0,0.0,15.049299999999999,0.0629,15.1122,15.1103
924,0.1602,0.0012,0.1614,0.0291,0.9925650557620819,0.007434944237918215,8.7993,0.7306,8.7995,0.0002,0.0,0.0,0.0,8.7995,0.7306,9.530100000000001,9.53
925,0.1514,0.0001,0.1515,0.0273,0.9993399339933994,0.0006600660066006601,7.7877,0.0597,7.7877,0.0,0.0,0.0,0.0,7.787699999999999,0.0597,7.8473999999999995,7.8517
926,0.1152,0.001,0.1161,0.0209,0.9922480620155039,0.008613264427217916,6.5457,0.5657,6.5456,0.0,0.0,0.0,0.0,6.5455999999999985,0.5657,7.111299999999998,7.1107
927,0.1172,0.0001,0.1172,0.0211,1.0,0.0008532423208191126,6.5457,0.0346,6.5453,0.0,0.0,0.0,0.0,6.545299999999999,0.0346,6.579899999999999,6.5761
928,0.151,0.0016,0.1526,0.0275,0.9895150720838793,0.010484927916120577,8.154,1.039,9.1537,0.9997,0.0,0.0,0.0,9.1537,1.039,10.1927,10.1914
929,0.1654,0.0003,0.1657,0.0298,0.9981894990947496,0.0018105009052504525,9.0828,0.2017,9.0829,0.0001,0.0,0.0,0.0,9.082900000000002,0.20170000000000002,9.284600000000003,9.2797
930,0.2322,0.0,0.2322,0.0418,1.0,0.0,11.9412,0.0307,11.9412,0.0,0.0,0.0,0.0,11.9412,0.030699999999999998,11.9719,11.9745
931,0.198,0.0095,0.2075,0.0373,0.9542168674698797,0.045783132530120486,11.4543,5.5587,11.4543,0.0,0.0,0.0,0.0,11.4543,5.5587,17.012999999999998,17.0081
932,0.0655,0.0086,0.0741,0.0133,0.8839406207827261,0.11605937921727395,3.5361,5.7151,3.5361,0.0,0.0,0.0,0.0,3.5361000000000002,5.7151000000000005,9.2512,9.2492
933,0.1951,0.0004,0.1955,0.0352,0.9979539641943733,0.0020460358056265983,11.7054,0.2287,11.705,0.0,0.0,0.0,0.0,11.704999999999998,0.22870000000000001,11.933699999999998,11.9312
934,0.1173,0.0,0.1173,0.0211,1.0,0.0,6.2298,0.0049,6.2301,0.0003,0.0,0.0,0.0,6.230100000000001,0.004900000000000001,6.235000000000001,6.2344
935,0.1827,0.0009,0.1836,0.033,0.9950980392156862,0.004901960784313725,10.0332,0.5326,10.0329,0.0,0.0,0.0,0.0,10.0329,0.5326,10.5655,10.564
936,0.1897,0.0093,0.199,0.0358,0.9532663316582914,0.046733668341708536,10.5966,5.9172,10.5966,0.0,0.0,0.0,0.0,10.5966,5.9172,16.5138,16.5132
937,0.1703,0.0001,0.1703,0.0307,1.0,0.0005871990604815032,9.513,0.0337,9.5129,0.0,0.0,0.0,0.0,9.5129,0.0337,9.5466,9.5453
938,0.0815,0.0005,0.082,0.0148,0.9939024390243902,0.006097560975609756,4.4001,0.3284,4.3997,0.0,0.0,0.0,0.0,4.3997,0.3284,4.7281,4.7248
939,0.2532,0.015,0.2682,0.0483,0.9440715883668903,0.05592841163310962,13.9023,9.8223,13.9023,0.0,0.0,0.0,0.0,13.9023,9.8223,23.724600000000002,23.7251
940,0.1287,0.0153,0.1441,0.0259,0.8931297709923665,0.10617626648160998,6.9516,9.8466,6.9511,0.0,0.0,0.0,0.0,6.9511,9.8466,16.7977,16.7929
941,0.1528,0.0009,0.1537,0.0277,0.9941444372153545,0.005855562784645413,8.8407,0.5514,8.8402,0.0,0.0,0.0,0.0,8.8402,0.5513999999999999,9.391599999999999,9.3949
942,0.0932,0.0012,0.0944,0.017,0.9872881355932204,0.01271186440677966,4.7952,0.7614,4.7948,0.0,0.0,0.0,0.0,4.7948,0.7614000000000001,5.5562000000000005,5.5603
943,0.1237,0.0038,0.1275,0.023,0.9701960784313726,0.02980392156862745,6.795,2.3215,6.7948,0.0,0.0,0.0,0.0,6.7947999999999995,2.3215,9.116299999999999,9.1196
944,0.2136,0.0012,0.2149,0.0387,0.9939506747324337,0.005583992554676593,11.7324,0.7937,11.7324,0.0,0.0,0.0,0.0,11.7324,0.7937,12.5261,12.5277
945,0.1435,0.0039,0.1473,0.0265,0.9742023082145281,0.026476578411405296,8.154,2.3396,8.1537,0.0,0.0,0.0,0.0,8.1537,2.3396,10.493300000000001,10.4963
946,0.1448,0.0,0.1448,0.0261,1.0,0.0,8.5293,0.0145,8.5293,0.0,0.0,0.0,0.0,8.5293,0.014499999999999999,8.5438,8.539
947,0.1897,0.0,0.1897,0.0341,1.0,0.0,10.5966,0.0122,10.5966,0.0,0.0,0.0,0.0,10.5966,0.012199999999999999,10.6088,10.6069
948,0.2617,0.0001,0.2618,0.0471,0.9996180290297938,0.00038197097020626437,13.9023,0.0369,13.9023,0.0,0.0,0.0,0.0,13.9023,0.0369,13.9392,13.9424
949,0.2477,0.0154,0.2631,0.0474,0.9414671227670087,0.05853287723299126,13.3776,9.6337,13.3772,0.0,0.0,0.0,0.0,13.377199999999998,9.6337,23.0109,23.0131
950,0.221,0.0003,0.2213,0.0398,0.9986443741527339,0.0013556258472661544,12.7863,0.2175,12.7859,0.0,0.0,0.0,0.0,12.785900000000002,0.21750000000000003,13.003400000000001,12.9995
951,0.2281,0.0001,0.2282,0.0411,0.9995617879053462,0.0004382120946538125,13.1994,0.0444,13.199,0.0,0.0,0.0,0.0,13.198999999999998,0.0444,13.243399999999998,13.2434
952,0.0785,0.0,0.0785,0.0141,1.0,0.0,4.5414,0.0207,4.5416,0.0002,0.0,0.0,0.0,4.541600000000001,0.0207,4.5623000000000005,4.5641
953,0.1144,0.0,0.1145,0.0206,0.9991266375545851,0.0,6.3927,0.015,6.3929,0.0002,0.0,0.0,0.0,6.392900000000001,0.015000000000000001,6.407900000000001,6.4096
954,0.0865,0.0089,0.0954,0.0172,0.9067085953878407,0.09329140461215933,4.6728,5.8908,4.6727,0.0,0.0,0.0,0.0,4.672699999999999,5.8908,10.563499999999998,10.5681
955,0.2843,0.0,0.2843,0.0512,1.0,0.0,15.3531,0.0142,15.3528,0.0,0.0,0.0,0.0,15.352799999999998,0.014199999999999999,15.366999999999999,15.3651
956,0.1626,0.0002,0.1628,0.0293,0.9987714987714987,0.0012285012285012285,9.0828,0.1157,9.0829,0.0001,0.0,0.0,0.0,9.082900000000002,0.1157,9.198600000000003,9.2006
957,0.1144,0.0001,0.1145,0.0206,0.9991266375545851,0.0008733624454148472,6.3927,0.0582,6.3931,0.0004,0.0,0.0,0.0,6.3931000000000004,0.058199999999999995,6.451300000000001,6.4537
958,0.0785,0.0046,0.0831,0.015,0.9446450060168472,0.05535499398315283,4.5414,2.6594,4.5414,0.0,0.0,0.0,0.0,4.5414,2.6593999999999998,7.2008,7.2032
959,0.2013,0.0001,0.2014,0.0363,0.999503475670308,0.0004965243296921549,10.872,0.0758,10.8719,0.0,0.0,0.0,0.0,10.871899999999998,0.07579999999999999,10.947699999999998,10.9501
960,0.2443,0.0002,0.2445,0.044,0.9991820040899795,0.0008179959100204499,13.6467,0.1063,13.6471,0.0004,0.0,0.0,0.0,13.647100000000002,0.1063,13.753400000000001,13.7528
961,0.219,0.0079,0.2269,0.0408,0.9651828999559278,0.034817100044072284,12.231,5.2998,12.2308,0.0,0.0,0.0,0.0,12.2308,5.299799999999999,17.5306,17.5274
962,0.2303,0.0,0.2303,0.0415,1.0,0.0,12.231,0.0051,12.2305,0.0,0.0,0.0,0.0,12.230500000000001,0.0051,12.235600000000002,12.2394
963,0.2215,0.0059,0.2275,0.0409,0.9736263736263736,0.02593406593406593,12.1644,3.9183,12.1644,0.0,0.0,0.0,0.0,12.164399999999999,3.9183000000000003,16.0827,16.083
964,0.2353,0.0009,0.2363,0.0425,0.9957680914092255,0.003808717731696995,13.3776,0.6386,13.3773,0.0,0.0,0.0,0.0,13.377299999999998,0.6386000000000001,14.015899999999998,14.0139
965,0.2174,0.0066,0.224,0.0403,0.9705357142857143,0.029464285714285714,11.9412,4.2904,11.9411,0.0,0.0,0.0,0.0,11.9411,4.2904,16.2315,16.233
966,0.06,0.0074,0.0675,0.0121,0.8888888888888888,0.10962962962962963,3.4119,4.2889,3.4116,0.0,0.0,0.0,0.0,3.4116,4.2889,7.7005,7.6962
967,0.2591,0.0001,0.2592,0.0467,0.9996141975308642,0.0003858024691358025,14.7276,0.0541,14.7271,0.0,0.0,0.0,0.0,14.727100000000002,0.054099999999999995,14.781200000000002,14.7829
968,0.137,0.0,0.137,0.0247,1.0,0.0,7.7877,0.0253,7.7877,0.0,0.0,0.0,0.0,7.787699999999999,0.0253,7.812999999999999,7.8145
969,0.2509,0.0061,0.2571,0.0463,0.9758848697005057,0.023726176584986387,14.0184,3.8483,14.018,0.0,0.0,0.0,0.0,14.018,3.8483,17.866300000000003,17.8647
970,0.2368,0.0,0.2368,0.0426,1.0,0.0,12.7863,0.0242,12.7862,0.0,0.0,0.0,0.0,12.786200000000001,0.0242,12.810400000000001,12.8121
971,0.0963,0.0,0.0964,0.0173,0.9989626556016598,0.0,5.1174,0.0091,5.1175,0.0001,0.0,0.0,0.0,5.1175,0.009099999999999999,5.1266,5.1305
972,0.2027,0.0017,0.2044,0.0368,0.9916829745596869,0.008317025440313111,11.9412,1.1868,11.9412,0.0,0.0,0.0,0.0,11.9412,1.1868,13.128,13.1258
973,0.1121,0.0001,0.1123,0.0202,0.9982190560997329,0.0008904719501335709,6.0552,0.0832,6.0552,0.0,0.0,0.0,0.0,6.055199999999999,0.0832,6.138399999999999,6.1356
974,0.2947,0.0017,0.2964,0.0533,0.9942645074224022,0.00573549257759784,15.9129,1.0969,15.9123,0.0,0.0,0.0,0.0,15.912300000000002,1.0969,17.009200000000003,17.0099
975,0.2027,0.0,0.2027,0.0365,1.0,0.0,11.322,0.007,11.3218,0.0,0.0,0.0,0.0,11.3218,0.007000000000000001,11.3288,11.3274
976,0.1776,0.0001,0.1777,0.032,0.9994372537985369,0.0005627462014631402,9.5895,0.0618,9.5897,0.0002,0.0,0.0,0.0,9.5897,0.0618,9.6515,9.6551
977,0.1684,0.0,0.1684,0.0303,1.0,0.0,8.7993,0.0095,8.7993,0.0,0.0,0.0,0.0,8.7993,0.0095,8.8088,8.8069
978,0.1609,0.0009,0.1618,0.0291,0.9944375772558713,0.005562422744128554,8.6886,0.609,8.6891,0.0005,0.0,0.0,0.0,8.6891,0.609,9.2981,9.294
979,0.0489,0.0011,0.05,0.009,0.978,0.022,2.8305,0.6911,2.8305,0.0,0.0,0.0,0.0,2.8305,0.6911,3.5216,3.5177
980,0.1065,0.0,0.1066,0.0192,0.99906191369606,0.0,6.3927,0.0132,6.3929,0.0002,0.0,0.0,0.0,6.392900000000001,0.013199999999999998,6.406100000000001,6.4082
981,0.2947,0.0073,0.302,0.0544,0.9758278145695365,0.024172185430463577,15.9129,4.7869,18.9128,2.9999,0.0,0.0,0.0,18.9128,4.7869,23.6997,23.695
982,0.2215,0.0004,0.2219,0.0399,0.9981973862100045,0.0018026137899954937,12.1644,0.2759,12.1645,0.0001,0.0,0.0,0.0,12.164499999999999,0.2759,12.440399999999999,12.4395
983,0.1359,0.0,0.1359,0.0245,1.0,0.0,8.154,0.005,8.1539,0.0,0.0,0.0,0.0,8.1539,0.005,8.158900000000001,8.1596
984,0.2039,0.0,0.2039,0.0367,1.0,0.0,12.231,0.0107,12.2307,0.0,0.0,0.0,0.0,12.2307,0.010700000000000001,12.2414,12.2461
985,0.1887,0.0003,0.189,0.034,0.9984126984126984,0.001587301587301587,11.322,0.1783,11.3217,0.0,0.0,0.0,0.0,11.3217,0.17830000000000001,11.5,11.4976
986,0.2216,0.0001,0.2217,0.0399,0.9995489400090212,0.0004510599909788002,12.3768,0.0917,12.3768,0.0,0.0,0.0,0.0,12.3768,0.09169999999999999,12.468499999999999,12.4724
987,0.2466,0.0095,0.2562,0.0461,0.9625292740046839,0.03708040593286495,14.0184,5.8786,15.018,0.9996,0.0,0.0,0.0,15.018,5.8786,20.8966,20.8966
988,0.0858,0.0122,0.0981,0.0177,0.874617737003058,0.12436289500509684,4.7952,7.8437,13.7949,8.9997,0.0,0.0,0.0,13.7949,7.843699999999999,21.6386,21.6424
989,0.2141,0.0002,0.2143,0.0386,0.9990667288847411,0.0009332711152589829,11.1879,0.1037,11.1879,0.0,0.0,0.0,0.0,11.1879,0.1037,11.2916,11.2922
990,0.2227,0.0001,0.2228,0.0401,0.9995511669658887,0.0004488330341113106,11.4543,0.051,11.4544,0.0001,0.0,0.0,0.0,11.4544,0.051,11.5054,11.5005
991,0.1121,0.0011,0.1132,0.0204,0.9902826855123675,0.00971731448763251,6.0552,0.6833,6.0552,0.0,0.0,0.0,0.0,6.055199999999999,0.6833,6.738499999999999,6.7363
992,0.1684,0.0,0.1684,0.0303,1.0,0.0,8.7993,0.0056,11.7995,3.0002,0.0,0.0,0.0,11.7995,0.0056,11.8051,11.802
993,0.1869,0.0005,0.1874,0.0337,0.9973319103521878,0.0026680896478121665,10.2663,0.2959,12.2662,1.9999,0.0,0.0,0.0,12.266199999999998,0.2959,12.562099999999997,12.565
994,0.1918,0.0001,0.1919,0.0345,0.9994788952579469,0.0005211047420531527,10.9026,0.0483,10.9027,0.0001,0.0,0.0,0.0,10.902700000000001,0.048299999999999996,10.951,10.9542
995,0.1245,0.0042,0.1287,0.0232,0.9673659673659672,0.03263403263403263,7.0758,2.6978,9.0762,2.0004,0.0,0.0,0.0,9.0762,2.6978,11.774000000000001,11.7713
996,0.1086,0.0001,0.1087,0.0196,0.9990800367985281,0.0009199632014719411,5.8662,0.0504,5.8664,0.0002,0.0,0.0,0.0,5.8664000000000005,0.0504,5.9168,5.9138
997,0.1327,0.0007,0.1334,0.024,0.9947526236881561,0.005247376311844078,6.8238,0.4194,7.8238,1.0,0.0,0.0,0.0,7.8238,0.4194,8.2432,8.241
998,0.0841,0.0003,0.0844,0.0152,0.9964454976303316,0.003554502369668246,4.5414,0.2017,4.5414,0.0,0.0,0.0,0.0,4.5414,0.20170000000000002,4.7431,4.7407
999,0.0808,0.0011,0.0819,0.0147,0.9865689865689865,0.013431013431013432,4.6728,0.7563,10.6727,5.9999,0.0,0.0,0.0,10.672699999999999,0.7563,11.428999999999998,11.4278
1000,0.1591,0.0,0.1591,0.0286,1.0,0.0,8.1819,0.0067,8.1818,0.0,0.0,0.0,0.0,8.1818,0.006699999999999999,8.188500000000001,8.1919
1001,0.236,0.0,0.236,0.0425,1.0,0.0,13.9023,0.0086,13.9023,0.0,0.0,0.0,0.0,13.9023,0.0086,13.9109,13.9123
1002,0.0606,0.0012,0.0618,0.0111,0.9805825242718447,0.019417475728155338,3.1149,0.8074,3.1149,0.0,0.0,0.0,0.0,3.1149,0.8074,3.9223,3.9203
1003,0.0633,0.0009,0.0642,0.0116,0.985981308411215,0.014018691588785048,3.5361,0.552,4.5361,1.0,0.0,0.0,0.0,4.5361,0.552,5.088100000000001,5.0855
1004,0.0898,0.0032,0.093,0.0167,0.9655913978494625,0.034408602150537634,5.0166,1.9922,5.0164,0.0,0.0,0.0,0.0,5.0164,1.9922,7.0085999999999995,7.0044
1005,0.0909,0.0002,0.0911,0.0164,0.9978046103183315,0.0021953896816684962,4.9095,0.1208,4.9094,0.0,0.0,0.0,0.0,4.909399999999999,0.12080000000000002,5.030199999999999,5.0252
1006,0.0512,0.0003,0.0514,0.0093,0.9961089494163424,0.0058365758754863805,2.718,0.1516,2.7178,0.0,0.0,0.0,0.0,2.7177999999999995,0.1516,2.8693999999999997,2.8743
1007,0.198,0.0,0.198,0.0356,1.0,0.0,10.872,0.0096,10.8716,0.0,0.0,0.0,0.0,10.871599999999999,0.0096,10.8812,10.8768
1008,0.1838,0.0022,0.186,0.0335,0.9881720430107527,0.011827956989247313,10.2663,1.335,10.266,0.0,0.0,0.0,0.0,10.266,1.3349999999999997,11.600999999999999,11.5968
1009,0.2848,0.014,0.2988,0.0538,0.9531459170013387,0.04685408299866131,15.6402,8.9756,15.6401,0.0,0.0,0.0,0.0,15.6401,8.9756,24.6157,24.6161
1010,0.105,0.0,0.105,0.0189,1.0,0.0,5.8662,0.0054,5.8664,0.0002,0.0,0.0,0.0,5.866400000000001,0.005399999999999999,5.871800000000001,5.8707
1011,0.2596,0.0001,0.2597,0.0467,0.9996149403157489,0.00038505968425105896,14.0184,0.0447,14.0182,0.0,0.0,0.0,0.0,14.0182,0.0447,14.0629,14.0648
1012,0.1201,0.0,0.1201,0.0216,1.0,0.0,7.0758,0.0083,7.076,0.0002,0.0,0.0,0.0,7.076,0.0083,7.0843,7.0884
1013,0.0849,0.0014,0.0863,0.0155,0.9837775202780996,0.016222479721900347,4.9095,0.8659,4.9092,0.0,0.0,0.0,0.0,4.909199999999999,0.8659,5.775099999999999,5.7789
1014,0.0788,0.0005,0.0793,0.0143,0.9936948297604036,0.00630517023959647,4.4001,0.3076,4.3999,0.0,0.0,0.0,0.0,4.399900000000001,0.3076,4.7075000000000005,4.7079
1015,0.095,0.0016,0.0966,0.0174,0.9834368530020704,0.016563146997929608,5.3046,1.085,5.3041,0.0,0.0,0.0,0.0,5.304100000000001,1.0849999999999997,6.389100000000001,6.3867
1016,0.1573,0.0,0.1573,0.0283,1.0,0.0,8.4915,0.0251,8.4913,0.0,0.0,0.0,0.0,8.4913,0.0251,8.5164,8.5174
1017,0.0873,0.0103,0.0976,0.0176,0.8944672131147541,0.1055327868852459,4.7952,6.5512,4.795,0.0,0.0,0.0,0.0,4.795,6.5512,11.3462,11.3475
1018,0.0999,0.0001,0.0999,0.018,1.0,0.001001001001001001,5.3046,0.0412,5.3042,0.0,0.0,0.0,0.0,5.3042,0.0412,5.3454,5.3442
1019,0.2707,0.004,0.2747,0.0494,0.9854386603567528,0.014561339643247179,14.1444,2.3565,14.1444,0.0,0.0,0.0,0.0,14.144400000000001,2.3565,16.5009,16.5031
1020,0.1192,0.0,0.1192,0.0215,1.0,0.0,6.5457,0.0171,6.5457,0.0,0.0,0.0,0.0,6.545699999999999,0.0171,6.562799999999999,6.5599
1021,0.0914,0.0001,0.0914,0.0165,1.0,0.0010940919037199126,5.0166,0.0552,5.0165,0.0,0.0,0.0,0.0,5.0165,0.0552,5.0717,5.0672
1022,0.2114,0.0001,0.2115,0.0381,0.9995271867612293,0.0004728132387706856,12.231,0.0893,12.2309,0.0,0.0,0.0,0.0,12.2309,0.0893,12.3202,12.3189
1023,0.1298,0.0001,0.1299,0.0234,0.9992301770592764,0.0007698229407236336,7.7877,0.0874,7.7878,0.0001,0.0,0.0,0.0,7.787799999999999,0.0874,7.875199999999999,7.8774
1024,0.2397,0.0025,0.2422,0.0436,0.9896779521056978,0.01032204789430223,13.6242,1.5629,13.6242,0.0,0.0,0.0,0.0,13.6242,1.5629,15.187100000000001,15.1881
1025,0.1827,0.0,0.1827,0.0329,1.0,0.0,10.0332,0.0102,10.0329,0.0,0.0,0.0,0.0,10.0329,0.0102,10.043099999999999,10.0433
1026,0.0612,0.0027,0.0639,0.0115,0.9577464788732394,0.04225352112676057,3.1968,1.7914,3.1966,0.0,0.0,0.0,0.0,3.1966,1.7914,4.988,4.9866
1027,0.0828,0.0001,0.0829,0.0149,0.9987937273823884,0.0012062726176115804,4.4001,0.0398,4.3997,0.0,0.0,0.0,0.0,4.3997,0.0398,4.4395,4.4394
1028,0.1308,0.0118,0.1426,0.0257,0.917251051893408,0.08274894810659186,7.569,7.6453,7.5691,0.0001,0.0,0.0,0.0,7.5691,7.6453,15.2144,15.2101
1029,0.1285,0.0007,0.1292,0.0233,0.9945820433436532,0.0054179566563467485,7.569,0.4258,7.569,0.0,0.0,0.0,0.0,7.569,0.4258,7.9948,7.997
1030,0.1192,0.0,0.1192,0.0215,1.0,0.0,6.2298,0.0128,6.2303,0.0005,0.0,0.0,0.0,6.2303,0.0128,6.2431,6.2417
1031,0.0644,0.0,0.0644,0.0116,1.0,0.0,3.5361,0.0113,3.5361,0.0,0.0,0.0,0.0,3.5361000000000002,0.011300000000000001,3.5474,3.546
1032,0.0567,0.0099,0.0666,0.012,0.8513513513513513,0.14864864864864866,3.1149,6.8103,3.1151,0.0002,0.0,0.0,0.0,3.1151,6.810300000000001,9.9254,9.9275
1033,0.1644,0.0001,0.1645,0.0296,0.9993920972644376,0.0006079027355623101,9.513,0.034,9.513,0.0,0.0,0.0,0.0,9.513,0.033999999999999996,9.547,9.5508
1034,0.1702,0.0004,0.1706,0.0307,0.9976553341148886,0.002344665885111372,9.3456,0.2394,9.3454,0.0,0.0,0.0,0.0,9.345399999999998,0.2394,9.584799999999998,9.587
1035,0.1865,0.0001,0.1866,0.0336,0.9994640943193999,0.0005359056806002145,9.5895,0.0655,9.5896,0.0001,0.0,0.0,0.0,9.589599999999999,0.0655,9.6551,9.6526
1036,0.2485,0.0008,0.2493,0.0449,0.9967910148415564,0.0032089851584436425,13.6467,0.5166,13.6468,0.0001,0.0,0.0,0.0,13.646799999999999,0.5166000000000001,14.1634,14.1585
1037,0.2138,0.0,0.2138,0.0385,1.0,0.0,11.9412,0.008,11.9412,0.0,0.0,0.0,0.0,11.9412,0.008,11.9492,11.9501
1038,0.0569,0.0004,0.0573,0.0103,0.993019197207679,0.006980802792321118,3.4119,0.2808,3.4117,0.0,0.0,0.0,0.0,3.4117,0.2808,3.6925000000000003,3.6905
1039,0.0966,0.0,0.0966,0.0174,1.0,0.0,5.3046,0.0316,5.3042,0.0,0.0,0.0,0.0,5.3042,0.031599999999999996,5.3358,5.3378
1040,0.2086,0.0058,0.2143,0.0386,0.9734017732151191,0.027064862342510498,11.4543,3.8484,11.4544,0.0001,0.0,0.0,0.0,11.4544,3.8484,15.3028,15.3065
1041,0.105,0.0,0.105,0.0189,1.0,0.0,5.8662,0.0048,5.8663,0.0001,0.0,0.0,0.0,5.866300000000001,0.0048000000000000004,5.871100000000001,5.8664
1042,0.0622,0.0037,0.0659,0.0119,0.9438543247344461,0.05614567526555387,3.4758,2.3824,3.4757,0.0,0.0,0.0,0.0,3.4757000000000002,2.3824,5.8581,5.8546
1043,0.1895,0.0008,0.1904,0.0343,0.9952731092436974,0.004201680672268907,10.2357,0.5862,10.2352,0.0,0.0,0.0,0.0,10.235199999999999,0.5862,10.821399999999999,10.8217
1044,0.1058,0.0001,0.1058,0.019,1.0,0.000945179584120983,6.2298,0.0457,6.23,0.0002,0.0,0.0,0.0,6.23,0.0457,6.2757000000000005,6.2791
1045,0.1066,0.0,0.1066,0.0192,1.0,0.0,5.661,0.0093,5.6607,0.0,0.0,0.0,0.0,5.6607,0.0093,5.67,5.6661
1046,0.2152,0.0001,0.2152,0.0387,1.0,0.0004646840148698885,12.231,0.0367,12.2308,0.0,0.0,0.0,0.0,12.2308,0.036699999999999997,12.2675,12.2626
1047,0.0858,0.0128,0.0987,0.0178,0.8693009118541034,0.12968591691995948,4.7952,8.3885,5.795,0.9998,0.0,0.0,0.0,5.795,8.3885,14.1835,14.1804
1048,0.131,0.001,0.132,0.0238,0.9924242424242424,0.007575757575757576,7.0758,0.6207,7.0762,0.0004,0.0,0.0,0.0,7.0762,0.6207,7.6969,7.6924
1049,0.0788,0.0,0.0788,0.0142,1.0,0.0,4.4001,0.0225,4.3998,0.0,0.0,0.0,0.0,4.3998,0.022500000000000003,4.4223,4.42
1050,0.161,0.0018,0.1628,0.0293,0.9889434889434889,0.011056511056511056,8.8407,1.0856,8.8403,0.0,0.0,0.0,0.0,8.8403,1.0856,9.925899999999999,9.929
1051,0.0836,0.0099,0.0935,0.0168,0.8941176470588235,0.10588235294117648,4.6728,6.3919,5.6727,0.9999,0.0,0.0,0.0,5.6727,6.3919,12.064599999999999,12.0597
1052,0.1548,0.0065,0.1613,0.029,0.9597024178549287,0.040297582145071294,8.361,4.3644,8.3606,0.0,0.0,0.0,0.0,8.3606,4.3644,12.725,12.7208
1053,0.2849,0.0032,0.288,0.0518,0.9892361111111111,0.011111111111111113,15.9129,1.88,15.9126,0.0,0.0,0.0,0.0,15.912600000000001,1.88,17.7926,17.7963
1054,0.1895,0.0001,0.1896,0.0341,0.9994725738396625,0.0005274261603375528,10.2357,0.0632,10.2355,0.0,0.0,0.0,0.0,10.235499999999998,0.0632,10.298699999999998,10.3005
1055,0.2064,0.0009,0.2073,0.0373,0.9956584659913169,0.0043415340086830675,11.9412,0.5636,11.9412,0.0,0.0,0.0,0.0,11.9412,0.5636000000000001,12.5048,12.5082
1056,0.0507,0.0,0.0507,0.0091,1.0,0.0,2.8305,0.0092,2.8305,0.0,0.0,0.0,0.0,2.8305,0.0092,2.8396999999999997,2.8415
1057,0.2748,0.0018,0.2767,0.0498,0.993133357426816,0.006505240332490061,15.3531,1.1646,15.3528,0.0,0.0,0.0,0.0,15.352799999999998,1.1646,16.5174,16.5139
1058,0.149,0.0055,0.1545,0.0278,0.9644012944983819,0.03559870550161812,8.1819,3.4963,9.1817,0.9998,0.0,0.0,0.0,9.181700000000001,3.4963,12.678,12.6755
1059,0.2086,0.0049,0.2135,0.0384,0.9770491803278689,0.022950819672131147,11.4543,3.33,11.4545,0.0002,0.0,0.0,0.0,11.4545,3.33,14.7845,14.7821
1060,0.2401,0.0,0.2401,0.0432,1.0,0.0,13.6467,0.0136,13.647,0.0003,0.0,0.0,0.0,13.647,0.013600000000000001,13.6606,13.6631
1061,0.1442,0.0107,0.155,0.0279,0.9303225806451613,0.06903225806451613,7.7877,6.7599,8.7878,1.0001,0.0,0.0,0.0,8.787799999999999,6.7599,15.547699999999999,15.5477
1062,0.2178,0.0037,0.2214,0.0399,0.9837398373983739,0.016711833785004515,12.1644,2.3522,12.1644,0.0,0.0,0.0,0.0,12.164399999999999,2.3522000000000003,14.516599999999999,14.5161
1063,0.1047,0.0054,0.1101,0.0198,0.9509536784741144,0.04904632152588556,6.0552,3.1665,6.0552,0.0,0.0,0.0,0.0,6.055199999999999,3.1664999999999996,9.221699999999998,9.2168
1064,0.256,0.0068,0.2628,0.0473,0.9741248097412482,0.025875190258751905,13.3776,3.9239,14.3772,0.9996,0.0,0.0,0.0,14.377199999999998,3.9238999999999997,18.301099999999998,18.2981
1065,0.1801,0.0007,0.1808,0.0325,0.9961283185840709,0.003871681415929204,10.2357,0.4706,10.2354,0.0,0.0,0.0,0.0,10.235399999999998,0.4706,10.705999999999998,10.7038
1066,0.0785,0.0,0.0785,0.0141,1.0,0.0,4.5414,0.0218,4.5414,0.0,0.0,0.0,0.0,4.5414,0.021800000000000003,4.5632,4.5587
1067,0.099,0.0001,0.099,0.0178,1.0,0.00101010101010101,5.436,0.0349,5.4359,0.0,0.0,0.0,0.0,5.435899999999999,0.034899999999999994,5.4708,5.466
1068,0.2281,0.0012,0.2293,0.0413,0.9947666812036633,0.005233318796336676,13.1994,0.6753,13.1993,0.0,0.0,0.0,0.0,13.199299999999997,0.6753,13.874599999999997,13.8699
1069,0.0622,0.0129,0.0752,0.0135,0.827127659574468,0.17154255319148937,3.5361,8.4376,5.5361,2.0,0.0,0.0,0.0,5.5361,8.437600000000002,13.973700000000001,13.9782
1070,0.0655,0.0,0.0655,0.0118,1.0,0.0,3.5361,0.0101,3.5361,0.0,0.0,0.0,0.0,3.5361000000000002,0.010099999999999998,3.5462000000000002,3.5431
1071,0.0867,0.0,0.0868,0.0156,0.998847926267281,0.0,5.0166,0.028,5.0166,0.0,0.0,0.0,0.0,5.0166,0.027999999999999997,5.0446,5.0418
1072,0.2485,0.0073,0.2558,0.046,0.9714620797498045,0.028537920250195463,13.6467,4.8216,15.647,2.0003,0.0,0.0,0.0,15.647000000000002,4.8216,20.468600000000002,20.4731
1073,0.1738,0.0,0.1738,0.0313,1.0,0.0,9.0828,0.0243,9.0829,0.0001,0.0,0.0,0.0,9.082900000000002,0.024300000000000002,9.107200000000002,9.1055
1074,0.2215,0.0146,0.2362,0.0425,0.9377646062658764,0.06181202370872142,12.1644,9.8736,13.1648,1.0004,0.0,0.0,0.0,13.1648,9.8736,23.0384,23.0426
1075,0.1131,0.0,0.1132,0.0204,0.9991166077738517,0.0,6.5457,0.0171,6.5452,0.0,0.0,0.0,0.0,6.5451999999999995,0.0171,6.5623,6.5594
1076,0.1743,0.0035,0.1778,0.032,0.9803149606299213,0.01968503937007874,9.9063,2.1566,9.9066,0.0003,0.0,0.0,0.0,9.906600000000001,2.1566,12.063200000000002,12.0648
1077,0.0622,0.0019,0.0641,0.0115,0.970358814352574,0.029641185647425895,3.4758,1.1821,3.4755,0.0,0.0,0.0,0.0,3.4755,1.1821,4.6575999999999995,4.6582
1078,0.1414,0.0004,0.1418,0.0255,0.9971791255289139,0.0028208744710860366,8.1819,0.2222,8.1819,0.0,0.0,0.0,0.0,8.1819,0.2222,8.404100000000001,8.4035
1079,0.2799,0.0,0.28,0.0504,0.9996428571428569,0.0,15.9129,0.0303,15.9128,0.0,0.0,0.0,0.0,15.9128,0.0303,15.943100000000001,15.946
1080,0.0914,0.0098,0.1011,0.0182,0.9040553907022749,0.09693372898120672,5.0166,6.1596,5.0164,0.0,0.0,0.0,0.0,5.0164,6.159599999999999,11.175999999999998,11.1767
1081,0.1602,0.0,0.1602,0.0288,1.0,0.0,8.7993,0.0072,8.7995,0.0002,0.0,0.0,0.0,8.7995,0.0072,8.8067,8.81
1082,0.2636,0.0,0.2637,0.0475,0.9996207811907472,0.0,14.7276,0.0263,15.7273,0.9997,0.0,0.0,0.0,15.727300000000001,0.0263,15.753600000000002,15.7535
1083,0.0561,0.0,0.0561,0.0101,1.0,0.0,3.0276,0.0212,3.0276,0.0,0.0,0.0,0.0,3.0275999999999996,0.021200000000000004,3.0487999999999995,3.048
1084,0.2519,0.0001,0.252,0.0454,0.9996031746031746,0.0003968253968253968,13.3776,0.0593,13.3774,0.0,0.0,0.0,0.0,13.377399999999998,0.05929999999999999,13.436699999999998,13.4399
1085,0.1964,0.0145,0.211,0.038,0.9308056872037914,0.06872037914691943,10.6083,8.6369,10.6083,0.0,0.0,0.0,0.0,10.6083,8.6369,19.2452,19.2466
1086,0.0812,0.0,0.0812,0.0146,1.0,0.0,4.2453,0.0055,4.2457,0.0004,0.0,0.0,0.0,4.2457,0.0055000000000000005,4.2512,4.255
1087,0.1266,0.0032,0.1298,0.0234,0.975346687211094,0.02465331278890601,7.0722,1.9499,7.0722,0.0,0.0,0.0,0.0,7.0722000000000005,1.9499,9.0221,9.0261
1088,0.0873,0.0055,0.0928,0.0167,0.9407327586206897,0.059267241379310345,4.7952,3.3967,4.7948,0.0,0.0,0.0,0.0,4.7948,3.3967,8.191500000000001,8.1922
1089,0.0519,0.0,0.0519,0.0093,1.0,0.0,3.1149,0.0072,3.1151,0.0002,0.0,0.0,0.0,3.1151,0.0072,3.1223,3.1187
1090,0.1952,0.0015,0.1966,0.0354,0.9928789420142422,0.0076297049847405905,10.9026,0.9898,10.9027,0.0001,0.0,0.0,0.0,10.902700000000001,0.9898,11.892500000000002,11.892
1091,0.0655,0.0019,0.0673,0.0121,0.973254086181278,0.02823179791976226,3.5361,1.1837,3.5361,0.0,0.0,0.0,0.0,3.5361000000000002,1.1837000000000002,4.7198,4.7172
1092,0.088,0.0001,0.0881,0.0159,0.9988649262202043,0.001135073779795687,4.6728,0.0867,4.6727,0.0,0.0,0.0,0.0,4.672699999999999,0.0867,4.759399999999999,4.7551
1093,0.2591,0.0029,0.262,0.0472,0.9889312977099236,0.011068702290076334,14.7276,1.8889,16.7272,1.9996,0.0,0.0,0.0,16.7272,1.8889,18.6161,18.6171
1094,0.0999,0.0003,0.1001,0.018,0.9980019980019981,0.002997002997002997,5.3046,0.1597,5.304,0.0,0.0,0.0,0.0,5.304000000000001,0.1597,5.463700000000001,5.4589
1095,0.1992,0.0043,0.2035,0.0366,0.9788697788697789,0.02113022113022113,11.322,2.9582,12.3218,0.9998,0.0,0.0,0.0,12.3218,2.9581999999999997,15.28,15.2822
1096,0.0842,0.0019,0.0861,0.0155,0.9779326364692218,0.022067363530778168,4.4001,1.2717,4.4001,0.0,0.0,0.0,0.0,4.4001,1.2717,5.6718,5.6674
1097,0.2097,0.0011,0.2108,0.0379,0.9947817836812145,0.005218216318785579,11.322,0.7267,11.3219,0.0,0.0,0.0,0.0,11.3219,0.7266999999999999,12.048599999999999,12.0477
1098,0.2682,0.003,0.2712,0.0488,0.9889380530973452,0.011061946902654867,14.7276,1.9282,14.7274,0.0,0.0,0.0,0.0,14.727400000000001,1.9282000000000004,16.6556,16.6587
1099,0.0472,0.0,0.0472,0.0085,1.0,0.0,2.8305,0.009,2.8305,0.0,0.0,0.0,0.0,2.8305,0.009,2.8394999999999997,2.8419
1100,0.09,0.0,0.0901,0.0162,0.9988901220865705,0.0,5.3046,0.0084,5.3043,0.0,0.0,0.0,0.0,5.3043000000000005,0.0084,5.3127,5.3084
1101,0.1818,0.0,0.1818,0.0327,1.0,0.0,9.8181,0.0142,9.8181,0.0,0.0,0.0,0.0,9.8181,0.0142,9.8323,9.8326
1102,0.0705,0.0001,0.0706,0.0127,0.9985835694050991,0.00141643059490085,4.077,0.0747,4.077,0.0,0.0,0.0,0.0,4.077,0.07469999999999999,4.1517,4.1536
1103,0.2843,0.0067,0.291,0.0524,0.9769759450171822,0.02302405498281787,15.3531,4.4471,15.3528,0.0,0.0,0.0,0.0,15.352799999999998,4.4471,19.799899999999997,19.8038
1104,0.129,0.0011,0.1301,0.0234,0.9915449654112222,0.008455034588777863,7.3332,0.7421,7.333,0.0,0.0,0.0,0.0,7.333,0.7421,8.0751,8.0799
1105,0.0572,0.0052,0.0625,0.0112,0.9152,0.0832,3.1968,3.4284,3.1968,0.0,0.0,0.0,0.0,3.1968,3.4284,6.6251999999999995,6.624
1106,0.1465,0.0003,0.1468,0.0264,0.9979564032697547,0.0020435967302452314,8.1819,0.1782,8.1817,0.0,0.0,0.0,0.0,8.181700000000001,0.17819999999999997,8.359900000000001,8.3638
1107,0.2138,0.0004,0.2142,0.0385,0.9981325863678804,0.0018674136321195146,11.9412,0.2498,11.9412,0.0,0.0,0.0,0.0,11.9412,0.24980000000000002,12.191,12.1919
1108,0.0825,0.0002,0.0828,0.0149,0.996376811594203,0.002415458937198068,4.2453,0.1629,4.2457,0.0004,0.0,0.0,0.0,4.2457,0.16290000000000002,4.4086,4.404
1109,0.2328,0.0001,0.2329,0.0419,0.9995706311721769,0.00042936882782310007,12.1644,0.0755,12.1644,0.0,0.0,0.0,0.0,12.164399999999999,0.07550000000000001,12.239899999999999,12.2439
1110,0.1243,0.0,0.1243,0.0224,1.0,0.0,6.8238,0.0097,6.8236,0.0,0.0,0.0,0.0,6.8236,0.0097,6.8332999999999995,6.8327
1111,0.0655,0.0001,0.0656,0.0118,0.9984756097560975,0.001524390243902439,3.5361,0.0429,3.5363,0.0002,0.0,0.0,0.0,3.5363,0.042899999999999994,3.5792,3.5744
1112,0.1244,0.0005,0.125,0.0225,0.9952,0.004,6.9516,0.3396,6.9511,0.0,0.0,0.0,0.0,6.9511,0.3396,7.2907,7.2906
1113,0.2353,0.0001,0.2354,0.0424,0.9995751911639763,0.0004248088360237893,13.3776,0.0652,13.3773,0.0,0.0,0.0,0.0,13.377299999999998,0.06520000000000001,13.442499999999999,13.4412
1114,0.0596,0.0001,0.0596,0.0107,1.0,0.0016778523489932888,3.2724,0.0347,3.2728,0.0004,0.0,0.0,0.0,3.2728,0.034699999999999995,3.3075,3.3076
1115,0.1141,0.0023,0.1163,0.0209,0.9810834049871022,0.019776440240756664,5.8662,1.4663,5.8663,0.0001,0.0,0.0,0.0,5.866300000000001,1.4663,7.332600000000001,7.3323
1116,0.1474,0.0001,0.1475,0.0266,0.9993220338983052,0.0006779661016949153,8.5293,0.0612,8.5295,0.0002,0.0,0.0,0.0,8.529499999999999,0.06119999999999999,8.590699999999998,8.588
1117,0.198,0.002,0.1999,0.036,0.990495247623812,0.010005002501250625,10.872,1.2353,10.8718,0.0,0.0,0.0,0.0,10.871799999999999,1.2352999999999998,12.107099999999999,12.1096
1118,0.0773,0.0001,0.0774,0.0139,0.9987080103359173,0.0012919896640826874,4.2453,0.0402,4.2455,0.0002,0.0,0.0,0.0,4.2455,0.04020000000000001,4.285699999999999,4.2863
1119,0.2271,0.0002,0.2273,0.0409,0.9991201055873294,0.0008798944126704796,13.3776,0.145,13.3769,0.0,0.0,0.0,0.0,13.3769,0.145,13.521899999999999,13.5229
1120,0.3041,0.0,0.3041,0.0547,1.0,0.0,15.6402,0.0152,15.6402,0.0,0.0,0.0,0.0,15.6402,0.0152,15.6554,15.6535
1121,0.1955,0.0001,0.1956,0.0352,0.9994887525562373,0.0005112474437627812,11.7324,0.0733,11.7325,0.0001,0.0,0.0,0.0,11.732500000000002,0.07329999999999999,11.805800000000001,11.8023
1122,0.2799,0.0001,0.2801,0.0504,0.9992859692966797,0.0003570153516601214,15.9129,0.0741,15.9127,0.0,0.0,0.0,0.0,15.912700000000001,0.0741,15.9868,15.983
1123,0.1389,0.0002,0.1391,0.025,0.9985621854780733,0.0014378145219266715,8.1819,0.1206,8.1818,0.0,0.0,0.0,0.0,8.1818,0.12060000000000001,8.3024,8.3068
1124,0.161,0.0001,0.1611,0.029,0.9993792675356922,0.0006207324643078834,8.8407,0.0408,8.8403,0.0,0.0,0.0,0.0,8.8403,0.0408,8.8811,8.8765
1125,0.0548,0.0093,0.0641,0.0115,0.8549141965678627,0.14508580343213726,3.1149,6.3852,3.115,0.0001,0.0,0.0,0.0,3.115,6.385199999999999,9.5002,9.5014
1126,0.2254,0.0,0.2254,0.0406,1.0,0.0,12.3768,0.0186,12.3766,0.0,0.0,0.0,0.0,12.3766,0.0186,12.395199999999999,12.3965
1127,0.2444,0.0018,0.2462,0.0443,0.9926888708367181,0.007311129163281884,13.1994,1.1163,13.1994,0.0,0.0,0.0,0.0,13.199399999999999,1.1162999999999998,14.3157,14.3179
1128,0.088,0.0,0.088,0.0158,1.0,0.0,4.6728,0.0247,4.6726,0.0,0.0,0.0,0.0,4.672599999999999,0.024699999999999996,4.697299999999999,4.6926
1129,0.0572,0.0088,0.066,0.0119,0.8666666666666666,0.13333333333333333,3.1968,5.1143,3.1967,0.0,0.0,0.0,0.0,3.1967,5.1143,8.311,8.3073
1130,0.0933,0.0,0.0934,0.0168,0.9989293361884368,0.0,5.2137,0.0155,5.2134,0.0,0.0,0.0,0.0,5.2134,0.015499999999999998,5.2289,5.2246
1131,0.1637,0.001,0.1647,0.0296,0.9939283545840922,0.006071645415907711,8.8407,0.6515,8.8402,0.0,0.0,0.0,0.0,8.8402,0.6515000000000001,9.4917,9.4939
1132,0.2368,0.0,0.2368,0.0426,1.0,0.0,12.7863,0.0154,12.7863,0.0,0.0,0.0,0.0,12.7863,0.0154,12.8017,12.8051
1133,0.2015,0.0115,0.213,0.0383,0.9460093896713616,0.0539906103286385,11.4543,7.5568,11.4546,0.0003,0.0,0.0,0.0,11.4546,7.5568,19.0114,19.0145
1134,0.233,0.0001,0.2331,0.042,0.9995709995709996,0.000429000429000429,12.3768,0.0422,12.3767,0.0,0.0,0.0,0.0,12.3767,0.0422,12.418899999999999,12.4195
1135,0.198,0.0011,0.1991,0.0358,0.994475138121547,0.005524861878453039,10.872,0.6276,11.8719,0.9999,0.0,0.0,0.0,11.8719,0.6275999999999999,12.4995,12.4995
1136,0.0632,0.0001,0.0632,0.0114,1.0,0.0015822784810126582,3.4119,0.0408,3.4118,0.0,0.0,0.0,0.0,3.4118000000000004,0.0408,3.4526000000000003,3.4555
1137,0.114,0.0006,0.1146,0.0206,0.9947643979057592,0.005235602094240837,6.0552,0.3828,6.0552,0.0,0.0,0.0,0.0,6.055199999999999,0.3828,6.437999999999999,6.4369
1138,0.1288,0.0,0.1289,0.0232,0.9992242048099302,0.0,7.0758,0.0125,7.0762,0.0004,0.0,0.0,0.0,7.0762,0.0125,7.0887,7.0937
1139,0.1335,0.0024,0.1359,0.0245,0.9823399558498898,0.017660044150110375,7.3332,1.4498,7.3329,0.0,0.0,0.0,0.0,7.3329,1.4498,8.7827,8.7802
1140,0.129,0.0003,0.1293,0.0233,0.9976798143851509,0.002320185614849188,7.3332,0.1836,7.3328,0.0,0.0,0.0,0.0,7.3328,0.1836,7.5164,7.5156
1141,0.2037,0.0059,0.2096,0.0377,0.9718511450381678,0.02814885496183206,11.1879,3.6771,11.188,0.0001,0.0,0.0,0.0,11.188,3.6771000000000003,14.865100000000002,14.8685
1142,0.0548,0.0,0.0548,0.0099,1.0,0.0,3.1149,0.0195,3.115,0.0001,0.0,0.0,0.0,3.115,0.019499999999999997,3.1345,3.1314
1143,0.1817,0.0,0.1817,0.0327,1.0,0.0,10.9026,0.0241,10.9029,0.0003,0.0,0.0,0.0,10.9029,0.024099999999999996,10.927000000000001,10.9295
1144,0.1766,0.0001,0.1767,0.0318,0.9994340690435768,0.0005659309564233164,9.0828,0.0498,9.0828,0.0,0.0,0.0,0.0,9.0828,0.049800000000000004,9.1326,9.1372
1145,0.2477,0.0136,0.2613,0.047,0.9479525449674704,0.05204745503252966,13.3776,8.8542,13.3773,0.0,0.0,0.0,0.0,13.377299999999998,8.854199999999999,22.231499999999997,22.2311
1146,0.2037,0.0013,0.205,0.0369,0.9936585365853658,0.006341463414634147,11.1879,0.8178,11.1879,0.0,0.0,0.0,0.0,11.1879,0.8178,12.005700000000001,12.0021
1147,0.2424,0.0008,0.2433,0.0438,0.996300863131936,0.003288121660501439,13.0905,0.5458,13.0907,0.0002,0.0,0.0,0.0,13.090699999999998,0.5458000000000001,13.636499999999998,13.6376
1148,0.1266,0.0002,0.1268,0.0228,0.998422712933754,0.001577287066246057,7.0722,0.1647,7.0722,0.0,0.0,0.0,0.0,7.0722000000000005,0.16469999999999999,7.2369,7.2364
1149,0.1322,0.0003,0.1325,0.0239,0.9977358490566038,0.002264150943396226,7.7877,0.2064,7.7877,0.0,0.0,0.0,0.0,7.787699999999999,0.20639999999999997,7.9940999999999995,7.9975
1150,0.2466,0.003,0.2496,0.0449,0.9879807692307694,0.01201923076923077,14.0184,1.8388,14.0181,0.0,0.0,0.0,0.0,14.0181,1.8388,15.8569,15.8553
1151,0.1273,0.0002,0.1275,0.0229,0.9984313725490196,0.0015686274509803923,6.5457,0.13,6.5456,0.0,0.0,0.0,0.0,6.5455999999999985,0.13,6.675599999999998,6.6737
1152,0.0883,0.013,0.1013,0.0182,0.8716683119447187,0.12833168805528133,5.0166,8.2566,5.0164,0.0,0.0,0.0,0.0,5.0164,8.256599999999999,13.273,13.2759
1153,0.2636,0.0139,0.2776,0.05,0.9495677233429395,0.050072046109510084,14.7276,8.811,14.7275,0.0,0.0,0.0,0.0,14.727500000000001,8.811,23.5385,23.5416
1154,0.0929,0.0001,0.093,0.0167,0.9989247311827957,0.001075268817204301,5.0166,0.0566,5.0164,0.0,0.0,0.0,0.0,5.0164,0.0566,5.073,5.0747
1155,0.2701,0.0002,0.2704,0.0487,0.9988905325443789,0.0007396449704142013,15.9129,0.1493,15.9123,0.0,0.0,0.0,0.0,15.912300000000002,0.1493,16.061600000000002,16.0597
1156,0.1804,0.0,0.1804,0.0325,1.0,0.0,9.9063,0.0048,9.9065,0.0002,0.0,0.0,0.0,9.906500000000001,0.0048000000000000004,9.9113,9.9094
1157,0.2703,0.0004,0.2707,0.0487,0.9985223494643516,0.0014776505356483192,13.9023,0.2599,13.9023,0.0,0.0,0.0,0.0,13.9023,0.2599,14.1622,14.1574
1158,0.1013,0.0001,0.1014,0.0183,0.9990138067061144,0.0009861932938856016,5.661,0.0426,5.6609,0.0,0.0,0.0,0.0,5.6609,0.042600000000000006,5.7035,5.7043
1159,0.0542,0.001,0.0552,0.0099,0.9818840579710145,0.018115942028985508,3.0276,0.6712,3.0276,0.0,0.0,0.0,0.0,3.0275999999999996,0.6712,3.6987999999999994,3.697
1160,0.0901,0.0038,0.0939,0.0169,0.959531416400426,0.04046858359957402,5.2137,2.5324,5.2133,0.0,0.0,0.0,0.0,5.2133,2.5324,7.7457,7.7488
1161,0.0833,0.0,0.0834,0.015,0.9988009592326139,0.0,4.9095,0.0242,4.9092,0.0,0.0,0.0,0.0,4.909199999999999,0.0242,4.933399999999999,4.9306
1162,0.2086,0.0065,0.215,0.0387,0.9702325581395349,0.030232558139534883,11.4543,4.2339,11.4544,0.0001,0.0,0.0,0.0,11.4544,4.2339,15.6883,15.6898
1163,0.0572,0.0001,0.0573,0.0103,0.9982547993019197,0.0017452006980802795,3.1968,0.0483,3.1966,0.0,0.0,0.0,0.0,3.1966,0.048299999999999996,3.2449,3.2437
1164,0.1406,0.0029,0.1435,0.0258,0.9797909407665506,0.020209059233449476,7.9911,1.7203,7.9914,0.0003,0.0,0.0,0.0,7.9914000000000005,1.7203,9.7117,9.7128
1165,0.1288,0.0,0.1288,0.0232,1.0,0.0,7.0722,0.0202,7.0723,0.0001,0.0,0.0,0.0,7.0723,0.0202,7.0925,7.0911
1166,0.2276,0.0001,0.2277,0.041,0.9995608256477821,0.0004391743522178305,11.7054,0.0547,11.705,0.0,0.0,0.0,0.0,11.704999999999998,0.0547,11.759699999999999,11.7623
1167,0.2015,0.0,0.2015,0.0363,1.0,0.0,11.4543,0.0066,11.4546,0.0003,0.0,0.0,0.0,11.4546,0.0066,11.4612,11.4586
1168,0.1968,0.0065,0.2033,0.0366,0.9680275454992622,0.031972454500737824,11.1879,4.1894,11.1879,0.0,0.0,0.0,0.0,11.1879,4.1894,15.377300000000002,15.3799
1169,0.1266,0.0003,0.1269,0.0228,0.9976359338061463,0.0023640661938534274,7.0722,0.1696,7.0722,0.0,0.0,0.0,0.0,7.0722000000000005,0.16959999999999997,7.2418000000000005,7.2459
1170,0.2319,0.0073,0.2392,0.0431,0.9694816053511706,0.030518394648829432,12.7368,4.6681,12.737,0.0002,0.0,0.0,0.0,12.737,4.668100000000001,17.4051,17.4054
1171,0.096,0.002,0.098,0.0176,0.9795918367346939,0.02040816326530612,5.0166,1.2641,5.0164,0.0,0.0,0.0,0.0,5.0164,1.2641000000000002,6.2805,6.2804
1172,0.1734,0.0004,0.1738,0.0313,0.9976985040276178,0.0023014959723820483,10.0332,0.2511,10.033,0.0,0.0,0.0,0.0,10.033,0.2511,10.284099999999999,10.2874
1173,0.1497,0.0107,0.1604,0.0289,0.9332917705735662,0.06670822942643392,8.361,6.8854,8.3607,0.0,0.0,0.0,0.0,8.3607,6.8854,15.246099999999998,15.2499
1174,0.1879,0.0,0.1879,0.0338,1.0,0.0,10.872,0.0165,10.8719,0.0,0.0,0.0,0.0,10.871899999999998,0.0165,10.888399999999999,10.8853
1175,0.1555,0.0055,0.1611,0.029,0.9652389819987586,0.03414028553693358,8.6886,3.5689,8.6888,0.0002,0.0,0.0,0.0,8.6888,3.5689,12.2577,12.2559
1176,0.1239,0.0031,0.1269,0.0229,0.9763593380614656,0.024428684003152085,6.6888,1.929,6.6886,0.0,0.0,0.0,0.0,6.688599999999999,1.9289999999999998,8.6176,8.6174
1177,0.2527,0.0008,0.2535,0.0456,0.996844181459566,0.003155818540433925,13.6467,0.5377,13.6468,0.0001,0.0,0.0,0.0,13.6468,0.5377,14.1845,14.184
1178,0.2227,0.0,0.2227,0.0401,1.0,0.0,11.4543,0.0153,11.4546,0.0003,0.0,0.0,0.0,11.4546,0.015300000000000001,11.469899999999999,11.4677
1179,0.205,0.0015,0.2065,0.0372,0.9927360774818402,0.007263922518159807,11.4543,0.953,11.4546,0.0003,0.0,0.0,0.0,11.4546,0.953,12.407599999999999,12.4062
1180,0.1442,0.0,0.1442,0.026,1.0,0.0,7.7877,0.0051,7.7879,0.0002,0.0,0.0,0.0,7.787899999999999,0.0051,7.792999999999998,7.7918
1181,0.2132,0.0039,0.2171,0.0391,0.9820359281437127,0.017964071856287425,11.322,2.4015,11.322,0.0,0.0,0.0,0.0,11.322,2.4015,13.7235,13.7213
1182,0.1065,0.0001,0.1067,0.0192,0.9981255857544516,0.0009372071227741331,6.0552,0.0952,6.0552,0.0,0.0,0.0,0.0,6.055199999999999,0.09519999999999999,6.150399999999999,6.1494
1183,0.1058,0.0002,0.1059,0.0191,0.9990557129367329,0.0018885741265344666,6.2298,0.096,6.2299,0.0001,0.0,0.0,0.0,6.229900000000001,0.096,6.325900000000001,6.321
1184,0.1501,0.0001,0.1502,0.027,0.9993342210386152,0.0006657789613848203,8.5293,0.0834,8.5294,0.0001,0.0,0.0,0.0,8.529399999999999,0.0834,8.612799999999998,8.6118
1185,0.0869,0.0001,0.0869,0.0156,1.0,0.0011507479861910242,5.1174,0.0389,5.1177,0.0003,0.0,0.0,0.0,5.117699999999999,0.0389,5.156599999999999,5.1545
1186,0.0929,0.0031,0.096,0.0173,0.9677083333333333,0.03229166666666666,5.0166,2.1202,5.0164,0.0,0.0,0.0,0.0,5.016399999999999,2.1202,7.1366,7.1378
1187,0.1285,0.0003,0.1288,0.0232,0.9976708074534162,0.0023291925465838506,7.569,0.2123,7.5692,0.0002,0.0,0.0,0.0,7.5691999999999995,0.2123,7.781499999999999,7.7771
1188,0.2254,0.0008,0.2262,0.0407,0.9964633068081343,0.0035366931918656055,12.3768,0.546,12.3766,0.0,0.0,0.0,0.0,12.3766,0.546,12.9226,12.9232
1189,0.1598,0.0007,0.1605,0.0289,0.995638629283489,0.004361370716510903,9.0828,0.4086,9.0829,0.0001,0.0,0.0,0.0,9.082900000000002,0.4086000000000001,9.491500000000002,9.4886
1190,0.0916,0.0,0.0916,0.0165,1.0,0.0,5.1174,0.0179,5.1176,0.0002,0.0,0.0,0.0,5.1175999999999995,0.0179,5.1354999999999995,5.1392
1191,0.1667,0.0,0.1667,0.03,1.0,0.0,9.8181,0.0075,9.8181,0.0,0.0,0.0,0.0,9.8181,0.007500000000000001,9.8256,9.8214
1192,0.1636,0.0017,0.1653,0.0297,0.9897156684815487,0.0102843315184513,8.6886,1.0763,8.6888,0.0002,0.0,0.0,0.0,8.6888,1.0763,9.7651,9.7609
1193,0.2773,0.0,0.2773,0.0499,1.0,0.0,14.7276,0.0193,14.7275,0.0,0.0,0.0,0.0,14.727500000000001,0.019299999999999998,14.7468,14.7517
1194,0.1901,0.0005,0.1907,0.0343,0.9968536969061352,0.0026219192448872575,10.2663,0.3363,10.2663,0.0,0.0,0.0,0.0,10.266300000000001,0.33629999999999993,10.6026,10.6063
1195,0.0596,0.0025,0.0621,0.0112,0.9597423510466988,0.040257648953301126,3.2724,1.6443,3.2728,0.0004,0.0,0.0,0.0,3.2728,1.6443,4.9171000000000005,4.9164
1196,0.2095,0.0078,0.2173,0.0391,0.9641049240681085,0.035895075931891396,11.7054,4.3856,11.7051,0.0,0.0,0.0,0.0,11.705099999999998,4.385599999999999,16.0907,16.0906
1197,0.0747,0.0,0.0747,0.0134,1.0,0.0,4.4001,0.0049,4.3999,0.0,0.0,0.0,0.0,4.399900000000001,0.0049,4.404800000000001,4.4074
1198,0.2509,0.0016,0.2526,0.0455,0.9932699920823437,0.006334125098970705,14.0184,0.8994,14.018,0.0,0.0,0.0,0.0,14.018,0.8994,14.9174,14.9143
1199,0.275,0.0,0.2751,0.0495,0.9996364958197019,0.0,15.9129,0.0294,15.9124,0.0,0.0,0.0,0.0,15.912400000000002,0.0294,15.941800000000002,15.9438
1200,0.13,0.0017,0.1317,0.0237,0.9870918754745633,0.012908124525436597,6.795,1.1285,6.7949,0.0,0.0,0.0,0.0,6.794899999999999,1.1285,7.923399999999999,7.9207
1201,0.0533,0.0006,0.0539,0.0097,0.9888682745825602,0.011131725417439701,3.1968,0.4256,3.1965,0.0,0.0,0.0,0.0,3.1965000000000003,0.4256,3.6221000000000005,3.625
1202,0.1501,0.0033,0.1533,0.0276,0.9791258969341162,0.02152641878669276,8.5293,2.0001,8.5293,0.0,0.0,0.0,0.0,8.5293,2.0001,10.529399999999999,10.5288
1203,0.1105,0.0001,0.1106,0.0199,0.9990958408679927,0.0009041591320072332,6.3927,0.0541,6.3931,0.0004,0.0,0.0,0.0,6.3931000000000004,0.054099999999999995,6.4472000000000005,6.4445
1204,0.0542,0.0003,0.0545,0.0098,0.9944954128440366,0.005504587155963302,3.0276,0.2038,3.0276,0.0,0.0,0.0,0.0,3.0275999999999996,0.2038,3.2314,3.227
1205,0.2019,0.0014,0.2033,0.0366,0.9931136251844564,0.006886374815543531,10.9026,0.9826,10.9031,0.0005,0.0,0.0,0.0,10.9031,0.9826000000000001,11.8857,11.885
1206,0.1134,0.0029,0.1163,0.0209,0.9750644883920895,0.024935511607910573,6.2298,1.7741,6.2305,0.0007,0.0,0.0,0.0,6.2305,1.7741,8.0046,8.0059
1207,0.133,0.0047,0.1377,0.0248,0.9658678286129267,0.034132171387073355,6.9516,3.0012,6.9512,0.0,0.0,0.0,0.0,6.9512,3.0012000000000003,9.9524,9.9492
1208,0.1153,0.0,0.1154,0.0208,0.9991334488734835,0.0,6.795,0.0205,6.7947,0.0,0.0,0.0,0.0,6.7947,0.0205,6.8152,6.8168
1209,0.1858,0.0094,0.1952,0.0351,0.9518442622950819,0.04815573770491803,10.0332,6.7781,10.0329,0.0,0.0,0.0,0.0,10.0329,6.7781,16.811,16.8146
1210,0.0543,0.0088,0.0631,0.0114,0.8605388272583201,0.13946117274167988,2.9331,5.3468,2.9331,0.0,0.0,0.0,0.0,2.9331,5.3468,8.2799,8.2846
1211,0.0813,0.0007,0.082,0.0148,0.9914634146341462,0.008536585365853657,4.5414,0.4242,4.5415,0.0001,0.0,0.0,0.0,4.541500000000001,0.42419999999999997,4.965700000000001,4.9692
1212,0.1968,0.0003,0.1972,0.0355,0.9979716024340771,0.0015212981744421906,11.1879,0.2195,11.1879,0.0,0.0,0.0,0.0,11.1879,0.21950000000000003,11.4074,11.4048
1213,0.1154,0.0016,0.117,0.0211,0.9863247863247863,0.013675213675213675,6.2298,1.0444,6.2301,0.0003,0.0,0.0,0.0,6.230100000000001,1.0444,7.2745000000000015,7.2705
1214,0.2519,0.0015,0.2533,0.0456,0.9944729569680221,0.005921831819976312,13.3776,0.9377,13.3772,0.0,0.0,0.0,0.0,13.377199999999998,0.9377,14.314899999999998,14.3167
1215,0.2303,0.0,0.2303,0.0415,1.0,0.0,13.0905,0.0167,13.0909,0.0004,0.0,0.0,0.0,13.090899999999998,0.0167,13.107599999999998,13.1088
1216,0.0888,0.0026,0.0914,0.0165,0.9715536105032824,0.028446389496717725,4.7952,1.7339,4.7951,0.0,0.0,0.0,0.0,4.7951,1.7339,6.529,6.5307
1217,0.1115,0.0,0.1115,0.0201,1.0,0.0,6.6888,0.0188,6.6887,0.0,0.0,0.0,0.0,6.6887,0.0188,6.7075,6.7117
1218,0.1535,0.0,0.1535,0.0276,1.0,0.0,8.154,0.008,8.1539,0.0,0.0,0.0,0.0,8.1539,0.008,8.1619,8.162
1219,0.0548,0.0,0.0548,0.0099,1.0,0.0,3.1149,0.0071,3.1149,0.0,0.0,0.0,0.0,3.1149,0.0071,3.122,3.121
1220,0.1301,0.0001,0.1301,0.0234,1.0,0.000768639508070715,6.6888,0.0607,6.6885,0.0,0.0,0.0,0.0,6.6884999999999994,0.060700000000000004,6.749199999999999,6.7452
1221,0.221,0.0027,0.2237,0.0403,0.9879302637460885,0.012069736253911488,12.7863,1.7569,12.7863,0.0,0.0,0.0,0.0,12.7863,1.7569000000000001,14.5432,14.5477
1222,0.2703,0.0,0.2703,0.0487,1.0,0.0,13.9023,0.0175,13.9023,0.0,0.0,0.0,0.0,13.9023,0.0175,13.9198,13.9183
1223,0.095,0.0015,0.0965,0.0174,0.9844559585492227,0.015544041450777202,5.3046,1.0444,5.3043,0.0,0.0,0.0,0.0,5.3043,1.0444,6.348699999999999,6.3523
1224,0.1192,0.0002,0.1194,0.0215,0.998324958123953,0.0016750418760469012,6.2298,0.0993,6.2302,0.0004,0.0,0.0,0.0,6.2302,0.0993,6.3295,6.3246
1225,0.1322,0.0013,0.1335,0.024,0.9902621722846442,0.009737827715355805,7.7877,0.8031,7.7877,0.0,0.0,0.0,0.0,7.787699999999999,0.8031,8.5908,8.5954
1226,0.0622,0.0029,0.0651,0.0117,0.955453149001536,0.044546850998463894,3.4758,2.0039,3.4756,0.0,0.0,0.0,0.0,3.4756,2.0039000000000002,5.4795,5.4791
1227,0.094,0.0004,0.0944,0.017,0.9957627118644068,0.00423728813559322,5.436,0.2593,5.436,0.0,0.0,0.0,0.0,5.436,0.2593,5.6953,5.6919
1228,0.0586,0.0029,0.0614,0.0111,0.9543973941368078,0.04723127035830618,3.2724,1.803,3.2726,0.0002,0.0,0.0,0.0,3.2725999999999997,1.8030000000000002,5.0756,5.0782
1229,0.068,0.0002,0.0682,0.0123,0.997067448680352,0.0029325513196480943,4.077,0.1621,4.0769,0.0,0.0,0.0,0.0,4.0769,0.1621,4.239,4.2367
1230,0.1057,0.0,0.1057,0.019,1.0,0.0,5.436,0.0097,5.436,0.0,0.0,0.0,0.0,5.436,0.0097,5.4456999999999995,5.4407
1231,0.1995,0.002,0.2015,0.0363,0.9900744416873449,0.009925558312655087,10.5966,1.3511,10.5967,0.0001,0.0,0.0,0.0,10.5967,1.3511,11.9478,11.9509
1232,0.0734,0.0011,0.0744,0.0134,0.9865591397849464,0.014784946236559142,4.2453,0.6755,4.2456,0.0003,0.0,0.0,0.0,4.2456,0.6755000000000001,4.9211,4.9193
1233,0.2404,0.0001,0.2405,0.0433,0.9995841995841996,0.0004158004158004158,13.1994,0.0993,13.1993,0.0,0.0,0.0,0.0,13.199299999999997,0.0993,13.298599999999997,13.3019
1234,0.0489,0.0002,0.0491,0.0088,0.9959266802443992,0.004073319755600815,2.8305,0.1486,2.8304,0.0,0.0,0.0,0.0,2.8304,0.14859999999999998,2.979,2.9771
1235,0.2245,0.0003,0.2248,0.0405,0.9986654804270463,0.0013345195729537365,11.7324,0.1771,11.7325,0.0001,0.0,0.0,0.0,11.732500000000002,0.1771,11.909600000000001,11.9108
1236,0.1201,0.0001,0.1201,0.0216,1.0,0.0008326394671107411,7.0722,0.0359,7.0722,0.0,0.0,0.0,0.0,7.0722000000000005,0.0359,7.1081,7.1077
1237,0.1734,0.0002,0.1736,0.0313,0.998847926267281,0.001152073732718894,10.0332,0.1219,10.0331,0.0,0.0,0.0,0.0,10.033100000000001,0.1219,10.155000000000001,10.1573
1238,0.2532,0.0038,0.2569,0.0462,0.9855975087582716,0.014791747761775009,13.9023,2.453,13.9023,0.0,0.0,0.0,0.0,13.9023,2.4530000000000003,16.3553,16.3578
1239,0.2896,0.0001,0.2897,0.0522,0.9996548153261996,0.00034518467380048324,15.6402,0.0647,15.6402,0.0,0.0,0.0,0.0,15.6402,0.06470000000000001,15.7049,15.7005
1240,0.2703,0.0,0.2703,0.0487,1.0,0.0,15.6402,0.009,15.6399,0.0,0.0,0.0,0.0,15.6399,0.009,15.648900000000001,15.6489
1241,0.0596,0.0001,0.0597,0.0107,0.998324958123953,0.0016750418760469012,3.2724,0.0689,3.2725,0.0001,0.0,0.0,0.0,3.2725,0.0689,3.3414,3.3416
1242,0.1555,0.0,0.1556,0.028,0.9993573264781491,0.0,8.6886,0.0186,8.689,0.0004,0.0,0.0,0.0,8.689,0.0186,8.7076,8.7057
1243,0.047,0.0,0.047,0.0085,1.0,0.0,2.718,0.0203,2.7178,0.0,0.0,0.0,0.0,2.7178,0.0203,2.7381,2.7403
1244,0.1086,0.0058,0.1144,0.0206,0.9493006993006993,0.050699300699300696,5.8662,3.3817,5.8662,0.0,0.0,0.0,0.0,5.8662,3.3817,9.2479,9.2509
1245,0.0616,0.0127,0.0743,0.0134,0.82907133243607,0.17092866756393,3.2724,8.5362,3.2729,0.0005,0.0,0.0,0.0,3.2729000000000004,8.5362,11.809099999999999,11.813
1246,0.1583,0.0044,0.1627,0.0293,0.9729563614013521,0.027043638598647817,8.8407,2.5837,9.8405,0.9998,0.0,0.0,0.0,9.8405,2.5837,12.4242,12.4285
1247,0.2136,0.0091,0.2228,0.0401,0.9587073608617595,0.040843806104129264,11.7324,6.1607,11.7326,0.0002,0.0,0.0,0.0,11.732600000000001,6.160699999999999,17.8933,17.8896
1248,0.2355,0.0096,0.2451,0.0441,0.9608323133414932,0.03916768665850673,13.6242,6.2414,14.6242,1.0,0.0,0.0,0.0,14.624199999999998,6.2414000000000005,20.8656,20.8617
1249,0.2222,0.0037,0.2259,0.0407,0.9836210712704737,0.01637892872952634,13.0905,2.1612,13.091,0.0005,0.0,0.0,0.0,13.090999999999998,2.1612,15.252199999999998,15.2505
1250,0.2095,0.0002,0.2097,0.0378,0.9990462565569861,0.0009537434430138293,11.7054,0.1183,11.7046,0.0,0.0,0.0,0.0,11.7046,0.1183,11.822899999999999,11.8212
1251,0.1933,0.0073,0.2006,0.0361,0.9636091724825523,0.036390827517447655,10.2663,4.6359,10.2661,0.0,0.0,0.0,0.0,10.266099999999998,4.6358999999999995,14.901999999999997,14.8976
1252,0.0601,0.0003,0.0603,0.0109,0.9966832504145937,0.004975124378109453,3.4758,0.1523,3.4757,0.0,0.0,0.0,0.0,3.4757000000000002,0.1523,3.628,3.6293
1253,0.2619,0.0,0.262,0.0472,0.9996183206106871,0.0,14.3847,0.0112,14.3845,0.0,0.0,0.0,0.0,14.384500000000001,0.0112,14.395700000000001,14.395
1254,0.129,0.0022,0.1312,0.0236,0.9832317073170731,0.01676829268292683,7.3332,1.2892,7.3329,0.0,0.0,0.0,0.0,7.3329,1.2892000000000001,8.6221,8.6229
1255,0.0533,0.001,0.0543,0.0098,0.9815837937384898,0.01841620626151013,2.8305,0.6739,2.8305,0.0,0.0,0.0,0.0,2.8305,0.6739,3.5044,3.5065
1256,0.2485,0.0,0.2486,0.0447,0.999597747385358,0.0,13.1994,0.0293,13.1992,0.0,0.0,0.0,0.0,13.199199999999998,0.0293,13.228499999999997,13.2325
1257,0.1858,0.0019,0.1877,0.0338,0.989877464038359,0.010122535961640916,10.0332,1.1269,10.0331,0.0,0.0,0.0,0.0,10.0331,1.1269,11.16,11.1587
1258,0.2368,0.0072,0.2441,0.0439,0.9700942236788201,0.029496108152396557,12.3768,4.5113,12.3766,0.0,0.0,0.0,0.0,12.3766,4.5113,16.887900000000002,16.8926
1259,0.1077,0.0002,0.1079,0.0194,0.9981464318813718,0.0018535681186283598,6.2298,0.106,6.2299,0.0001,0.0,0.0,0.0,6.229900000000001,0.106,6.3359000000000005,6.3368
1260,0.1409,0.0002,0.1411,0.0254,0.998582565556343,0.001417434443656981,8.154,0.1205,8.1539,0.0,0.0,0.0,0.0,8.1539,0.12050000000000001,8.2744,8.2771
1261,0.0779,0.0,0.0779,0.014,1.0,0.0,4.6728,0.0138,4.6728,0.0,0.0,0.0,0.0,4.6728,0.0138,4.686599999999999,4.686
1262,0.1332,0.0001,0.1333,0.024,0.9992498124531134,0.0007501875468867217,7.0758,0.0444,7.0762,0.0004,0.0,0.0,0.0,7.0762,0.044399999999999995,7.1206,7.1234
1263,0.1015,0.0001,0.1016,0.0183,0.9990157480314962,0.000984251968503937,5.3046,0.0706,5.3044,0.0,0.0,0.0,0.0,5.304399999999999,0.0706,5.374999999999999,5.3763
1264,0.0708,0.0002,0.071,0.0128,0.9971830985915494,0.002816901408450705,4.2453,0.1637,4.2458,0.0005,0.0,0.0,0.0,4.2458,0.1637,4.4095,4.4117
1265,0.1992,0.0,0.1992,0.0359,1.0,0.0,11.7324,0.0107,11.7325,0.0001,0.0,0.0,0.0,11.732500000000002,0.010700000000000001,11.743200000000002,11.7404
1266,0.219,0.0001,0.219,0.0394,1.0,0.0004566210045662101,12.231,0.0405,12.2307,0.0,0.0,0.0,0.0,12.2307,0.040499999999999994,12.2712,12.2707
1267,0.0622,0.0057,0.0679,0.0122,0.9160530191458026,0.08394698085419736,3.5361,4.1143,3.5361,0.0,0.0,0.0,0.0,3.5361000000000002,4.1143,7.6504,7.6512
1268,0.1636,0.0015,0.1651,0.0297,0.9909145972138098,0.009085402786190189,8.6886,0.961,8.6888,0.0002,0.0,0.0,0.0,8.6888,0.961,9.6498,9.6527
1269,0.0773,0.0,0.0773,0.0139,1.0,0.0,4.2453,0.0052,4.2456,0.0003,0.0,0.0,0.0,4.2456000000000005,0.0052,4.250800000000001,4.2483
1270,0.1192,0.0,0.1192,0.0215,1.0,0.0,6.2298,0.0211,6.2301,0.0003,0.0,0.0,0.0,6.230100000000001,0.0211,6.251200000000001,6.2505
1271,0.2205,0.0,0.2206,0.0397,0.9995466908431551,0.0,12.1104,0.0282,12.1104,0.0,0.0,0.0,0.0,12.110399999999998,0.0282,12.138599999999999,12.1433
1272,0.2647,0.0037,0.2684,0.0483,0.9862146050670639,0.013785394932935915,15.0489,2.1403,16.0494,1.0005,0.0,0.0,0.0,16.0494,2.1403,18.1897,18.1942
1273,0.2509,0.0,0.251,0.0452,0.999601593625498,0.0,14.0184,0.0058,14.0179,0.0,0.0,0.0,0.0,14.017900000000001,0.0058,14.023700000000002,14.0276
1274,0.1995,0.0001,0.1996,0.0359,0.9994989979959921,0.0005010020040080161,10.5966,0.0512,10.5967,0.0001,0.0,0.0,0.0,10.5967,0.0512,10.6479,10.6519
1275,0.0873,0.0001,0.0874,0.0157,0.9988558352402745,0.0011441647597254005,4.7952,0.0617,4.7949,0.0,0.0,0.0,0.0,4.7949,0.061700000000000005,4.8566,4.854
1276,0.2249,0.0002,0.2251,0.0405,0.9991115059973344,0.0008884940026654821,12.7863,0.1163,12.7862,0.0,0.0,0.0,0.0,12.786200000000001,0.11630000000000001,12.902500000000002,12.8989
1277,0.2175,0.0001,0.2176,0.0392,0.9995404411764707,0.0004595588235294118,11.1879,0.0519,11.1879,0.0,0.0,0.0,0.0,11.1879,0.0519,11.2398,11.2426
1278,0.1156,0.0004,0.116,0.0209,0.9965517241379309,0.0034482758620689655,6.6888,0.2365,6.6886,0.0,0.0,0.0,0.0,6.688599999999999,0.2365,6.9251,6.9281
1279,0.2708,0.0,0.2708,0.0488,1.0,0.0,14.3847,0.0067,14.3847,0.0,0.0,0.0,0.0,14.3847,0.006699999999999999,14.3914,14.3935
1280,0.0864,0.0136,0.1,0.018,0.864,0.13599999999999998,4.9095,9.313,6.9091,1.9996,0.0,0.0,0.0,6.9091,9.313,16.2221,16.2234
1281,0.1192,0.0015,0.1207,0.0217,0.9875724937862469,0.012427506213753107,6.5457,0.9045,7.5455,0.9998,0.0,0.0,0.0,7.545499999999999,0.9045,8.45,8.4479
1282,0.0982,0.0,0.0982,0.0177,1.0,0.0,5.2137,0.0087,5.2137,0.0,0.0,0.0,0.0,5.2137,0.0087,5.2224,5.2261
1283,0.2439,0.0025,0.2464,0.0444,0.9898538961038961,0.010146103896103896,13.6242,1.4548,13.6243,0.0001,0.0,0.0,0.0,13.624300000000002,1.4547999999999999,15.079100000000002,15.0797
1284,0.1419,0.0003,0.1423,0.0256,0.9971890372452564,0.0021082220660576245,8.361,0.2194,8.3607,0.0,0.0,0.0,0.0,8.3607,0.2194,8.5801,8.5846
1285,0.1827,0.0007,0.1834,0.033,0.9961832061068702,0.003816793893129771,10.0332,0.5112,10.0331,0.0,0.0,0.0,0.0,10.0331,0.5112,10.5443,10.5432
1286,0.1287,0.0006,0.1294,0.0233,0.9945904173106648,0.00463678516228748,6.9516,0.4504,6.9513,0.0,0.0,0.0,0.0,6.951300000000001,0.4504,7.401700000000001,7.3987
1287,0.214,0.0035,0.2175,0.0392,0.9839080459770114,0.016091954022988506,12.1644,2.3883,12.1645,0.0001,0.0,0.0,0.0,12.164499999999999,2.3882999999999996,14.552799999999998,14.5558
1288,0.1448,0.0002,0.145,0.0261,0.9986206896551726,0.0013793103448275863,8.5293,0.127,8.5293,0.0,0.0,0.0,0.0,8.5293,0.127,8.6563,8.6547
1289,0.13,0.0054,0.1355,0.0244,0.959409594095941,0.03985239852398524,6.795,3.2539,6.795,0.0,0.0,0.0,0.0,6.795,3.2539,10.0489,10.0469
1290,0.1357,0.0088,0.1444,0.026,0.9397506925207755,0.060941828254847646,7.9911,5.7522,8.9912,1.0001,0.0,0.0,0.0,8.991200000000001,5.752199999999999,14.743400000000001,15.2468
1291,0.0742,0.0001,0.0743,0.0134,0.9986541049798116,0.0013458950201884253,4.077,0.0416,4.0769,0.0,0.0,0.0,0.0,4.0769,0.0416,4.1185,4.1183
1292,0.094,0.0001,0.0941,0.0169,0.9989373007438894,0.0010626992561105207,5.436,0.0893,5.4359,0.0,0.0,0.0,0.0,5.435899999999999,0.0893,5.525199999999999,5.5207
1293,0.1104,0.0001,0.1106,0.0199,0.9981916817359855,0.0009041591320072332,5.8662,0.0989,5.8664,0.0002,0.0,0.0,0.0,5.8664000000000005,0.0989,5.965300000000001,5.9604
1294,0.0888,0.0055,0.0943,0.017,0.941675503711559,0.05832449628844114,4.7952,3.4154,5.795,0.9998,0.0,0.0,0.0,5.795,3.4154,9.2104,9.2127
1295,0.1105,0.0,0.1105,0.0199,1.0,0.0,6.3927,0.0062,6.393,0.0003,0.0,0.0,0.0,6.393000000000001,0.006200000000000001,6.3992,6.4033
1296,0.1244,0.0039,0.1284,0.0231,0.9688473520249222,0.030373831775700938,6.9516,2.5307,6.9511,0.0,0.0,0.0,0.0,6.9511,2.5307000000000004,9.4818,9.4813
1297,0.2575,0.0,0.2575,0.0463,1.0,0.0,13.9023,0.0082,13.9023,0.0,0.0,0.0,0.0,13.9023,0.008199999999999999,13.9105,13.9063
1298,0.2215,0.003,0.2245,0.0404,0.9866369710467706,0.013363028953229399,12.1644,1.9104,12.1644,0.0,0.0,0.0,0.0,12.164399999999999,1.9103999999999999,14.074799999999998,14.074
1299,0.095,0.0,0.095,0.0171,1.0,0.0,5.3046,0.0138,5.3043,0.0,0.0,0.0,0.0,5.3043000000000005,0.0138,5.3181,5.3172
1300,0.2132,0.0,0.2132,0.0384,1.0,0.0,11.7054,0.0073,11.705,0.0,0.0,0.0,0.0,11.704999999999998,0.007299999999999999,11.712299999999999,11.7076
1301,0.0929,0.0,0.0929,0.0167,1.0,0.0,5.0166,0.0092,5.0164,0.0,0.0,0.0,0.0,5.0164,0.0092,5.0256,5.0262
1302,0.1306,0.0,0.1306,0.0235,1.0,0.0,6.8238,0.0152,6.8235,0.0,0.0,0.0,0.0,6.823500000000001,0.0152,6.838700000000001,6.8372
1303,0.2397,0.0048,0.2445,0.044,0.9803680981595092,0.019631901840490795,13.6242,3.0558,13.6244,0.0002,0.0,0.0,0.0,13.624400000000001,3.0558,16.680200000000003,16.6791
1304,0.0577,0.0016,0.0592,0.0107,0.9746621621621622,0.02702702702702703,3.1149,1.0236,3.1149,0.0,0.0,0.0,0.0,3.1149,1.0236,4.1385000000000005,4.1341
1305,0.0801,0.0012,0.0813,0.0146,0.9852398523985241,0.014760147601476014,4.4001,0.7389,4.3997,0.0,0.0,0.0,0.0,4.3997,0.7389000000000001,5.1386,5.1346
1306,0.1431,0.0034,0.1464,0.0264,0.9774590163934427,0.023224043715846993,7.9911,2.2516,7.9912,0.0001,0.0,0.0,0.0,7.9912,2.2516,10.242799999999999,10.2442
1307,0.2945,0.0,0.2945,0.053,1.0,0.0,15.6402,0.0195,15.64,0.0,0.0,0.0,0.0,15.64,0.0195,15.659500000000001,15.6616
1308,0.2308,0.0013,0.232,0.0418,0.9948275862068965,0.005603448275862068,12.4605,0.8134,12.4604,0.0,0.0,0.0,0.0,12.4604,0.8133999999999999,13.2738,13.2741
1309,0.2205,0.0006,0.2212,0.0398,0.9968354430379747,0.0027124773960216994,12.1104,0.3979,12.1104,0.0,0.0,0.0,0.0,12.110399999999998,0.3979,12.508299999999998,12.5132
1310,0.2575,0.0001,0.2576,0.0464,0.999611801242236,0.0003881987577639752,14.3847,0.0368,14.3844,0.0,0.0,0.0,0.0,14.384400000000001,0.03679999999999999,14.4212,14.4261
1311,0.1555,0.0035,0.159,0.0286,0.9779874213836478,0.0220125786163522,8.6886,2.3127,8.6887,0.0001,0.0,0.0,0.0,8.6887,2.3127,11.0014,11.0027
1312,0.2553,0.009,0.2643,0.0476,0.9659477866061296,0.0340522133938706,14.0184,5.6444,16.0179,1.9995,0.0,0.0,0.0,16.0179,5.6444,21.662300000000002,21.6658
1313,0.1266,0.0069,0.1335,0.024,0.9483146067415729,0.051685393258426963,6.9516,4.5452,9.9511,2.9995,0.0,0.0,0.0,9.951099999999999,4.5452,14.496299999999998,14.4943
1314,0.1403,0.0006,0.1409,0.0254,0.9957416607523066,0.0042583392476933995,7.3332,0.3839,7.3329,0.0,0.0,0.0,0.0,7.3329,0.3839,7.7168,7.7174
1315,0.1285,0.0,0.1285,0.0231,1.0,0.0,7.569,0.0116,7.569,0.0,0.0,0.0,0.0,7.569,0.0116,7.5806,7.5779
1316,0.1951,0.0001,0.1951,0.0351,1.0,0.0005125576627370579,11.7054,0.0376,11.7051,0.0,0.0,0.0,0.0,11.705099999999998,0.0376,11.742699999999997,11.7439
1317,0.0562,0.0,0.0563,0.0101,0.9982238010657193,0.0,3.1968,0.0106,3.1966,0.0,0.0,0.0,0.0,3.1966,0.010599999999999998,3.2072000000000003,3.2038
1318,0.1869,0.0,0.187,0.0337,0.9994652406417113,0.0,10.2663,0.0217,10.266,0.0,0.0,0.0,0.0,10.265999999999998,0.0217,10.287699999999997,10.2827
1319,0.1992,0.0,0.1992,0.0359,1.0,0.0,11.322,0.0182,11.3219,0.0,0.0,0.0,0.0,11.3219,0.018199999999999997,11.3401,11.3422
1320,0.1335,0.0001,0.1337,0.0241,0.9985041136873597,0.0007479431563201197,7.3332,0.0914,8.3331,0.9999,0.0,0.0,0.0,8.3331,0.0914,8.4245,8.4286
1321,0.0622,0.0007,0.063,0.0113,0.9873015873015872,0.011111111111111112,3.4758,0.466,3.4756,0.0,0.0,0.0,0.0,3.4756,0.46599999999999997,3.9416,3.94
1322,0.1514,0.0,0.1514,0.0273,1.0,0.0,9.0828,0.0254,9.0829,0.0001,0.0,0.0,0.0,9.082900000000002,0.0254,9.108300000000002,9.1127
1323,0.105,0.0008,0.1058,0.019,0.9924385633270321,0.007561436672967864,5.8662,0.4426,5.8662,0.0,0.0,0.0,0.0,5.8662,0.44259999999999994,6.3088,6.3106
1324,0.2545,0.0014,0.256,0.0461,0.994140625,0.00546875,13.0905,0.8945,14.0908,1.0003,0.0,0.0,0.0,14.090799999999998,0.8945,14.985299999999999,14.9881
1325,0.099,0.0,0.099,0.0178,1.0,0.0,5.436,0.0145,5.436,0.0,0.0,0.0,0.0,5.436,0.0145,5.4505,5.4545
1326,0.1212,0.0016,0.1229,0.0221,0.9861676159479252,0.013018714401952809,6.5457,1.0004,6.5456,0.0,0.0,0.0,0.0,6.5455999999999985,1.0004000000000002,7.5459999999999985,7.5506
1327,0.1521,0.0028,0.1548,0.0279,0.9825581395348838,0.018087855297157625,8.7993,1.7706,8.7994,0.0001,0.0,0.0,0.0,8.7994,1.7706,10.57,10.568
1328,0.0525,0.0,0.0525,0.0095,1.0,0.0,2.9331,0.0125,2.9332,0.0001,0.0,0.0,0.0,2.9332000000000003,0.0125,2.9457000000000004,2.9418
1329,0.2346,0.0006,0.2352,0.0423,0.9974489795918368,0.002551020408163265,12.4605,0.4008,12.4604,0.0,0.0,0.0,0.0,12.4604,0.40080000000000005,12.8612,12.8618
1330,0.2241,0.0001,0.2242,0.0404,0.9995539696699375,0.00044603033006244426,12.7368,0.0807,13.7368,1.0,0.0,0.0,0.0,13.7368,0.08070000000000001,13.8175,13.8172
1331,0.2015,0.0109,0.2124,0.0382,0.9486817325800377,0.051318267419962336,11.4543,7.2772,12.4543,1.0,0.0,0.0,0.0,12.4543,7.277200000000001,19.7315,19.7272
1332,0.06,0.0057,0.0657,0.0118,0.9132420091324202,0.08675799086757992,3.4119,3.5541,5.4117,1.9998,0.0,0.0,0.0,5.411700000000001,3.5541,8.965800000000002,8.963
1333,0.1068,0.0001,0.107,0.0193,0.9981308411214954,0.0009345794392523365,5.8662,0.0862,5.8662,0.0,0.0,0.0,0.0,5.8662,0.08620000000000001,5.9524,5.952
1334,0.2607,0.0,0.2607,0.0469,1.0,0.0,13.6242,0.0061,13.6242,0.0,0.0,0.0,0.0,13.6242,0.0061,13.6303,13.6314
1335,0.1418,0.0002,0.142,0.0256,0.9985915492957748,0.0014084507042253524,7.7877,0.1083,7.7879,0.0002,0.0,0.0,0.0,7.787899999999999,0.1083,7.8961999999999986,7.8996
1336,0.2157,0.0006,0.2162,0.0389,0.9976873265494912,0.0027752081406105457,11.4543,0.3874,11.4545,0.0002,0.0,0.0,0.0,11.4545,0.38739999999999997,11.841899999999999,11.8424
1337,0.2281,0.0001,0.2282,0.0411,0.9995617879053462,0.0004382120946538125,13.1994,0.0426,13.1993,0.0,0.0,0.0,0.0,13.199299999999997,0.0426,13.241899999999998,13.2461
1338,0.1218,0.0002,0.122,0.022,0.9983606557377049,0.0016393442622950822,6.6888,0.1233,6.6885,0.0,0.0,0.0,0.0,6.6884999999999994,0.12329999999999999,6.8118,6.8118
1339,0.0708,0.0,0.0708,0.0127,1.0,0.0,4.2453,0.0185,4.2459,0.0006,0.0,0.0,0.0,4.2459,0.0185,4.2644,4.264
1340,0.1288,0.0044,0.1331,0.024,0.9676934635612322,0.03305785123966942,7.0722,2.7767,8.0722,1.0,0.0,0.0,0.0,8.0722,2.7767,10.8489,10.8471
1341,0.0525,0.0,0.0525,0.0095,1.0,0.0,2.9331,0.005,2.9331,0.0,0.0,0.0,0.0,2.9331,0.005,2.9381,2.9385
1342,0.1626,0.0003,0.1629,0.0293,0.998158379373849,0.001841620626151013,9.0828,0.2116,9.0828,0.0,0.0,0.0,0.0,9.0828,0.2116,9.294400000000001,9.2943
1343,0.2336,0.0,0.2337,0.0421,0.9995721009841678,0.0,14.0184,0.0273,14.0182,0.0,0.0,0.0,0.0,14.0182,0.027299999999999998,14.0455,14.0484
1344,0.1409,0.0011,0.1421,0.0256,0.9915552427867699,0.0077410274454609435,8.154,0.6789,8.1538,0.0,0.0,0.0,0.0,8.1538,0.6789000000000001,8.8327,8.8317
1345,0.2477,0.0001,0.2478,0.0446,0.9995964487489911,0.00040355125100887816,13.3776,0.0313,13.3775,0.0,0.0,0.0,0.0,13.377499999999998,0.0313,13.408799999999998,13.4116
1346,0.0944,0.0005,0.0949,0.0171,0.9947312961011591,0.005268703898840885,5.0166,0.2973,5.0163,0.0,0.0,0.0,0.0,5.0163,0.2973,5.3136,5.3163
1347,0.0801,0.0,0.0802,0.0144,0.9987531172069827,0.0,4.4001,0.0221,4.3996,0.0,0.0,0.0,0.0,4.3996,0.0221,4.4217,4.42
1348,0.198,0.0029,0.2009,0.0362,0.9855649576903933,0.01443504230960677,10.872,1.9043,10.8717,0.0,0.0,0.0,0.0,10.871699999999999,1.9043,12.776,12.7721
1349,0.047,0.0064,0.0534,0.0096,0.8801498127340823,0.1198501872659176,2.718,4.423,2.718,0.0,0.0,0.0,0.0,2.718,4.423,7.141,7.1409
1350,0.0747,0.0,0.0747,0.0134,1.0,0.0,4.2453,0.0048,4.2453,0.0,0.0,0.0,0.0,4.2453,0.0048000000000000004,4.250100000000001,4.2474
1351,0.1123,0.0001,0.1123,0.0202,1.0,0.0008904719501335709,5.8662,0.0398,5.8663,0.0001,0.0,0.0,0.0,5.866300000000001,0.0398,5.9061,5.9012
1352,0.0524,0.0003,0.0527,0.0095,0.9943074003795067,0.0056925996204933585,2.8305,0.171,2.8305,0.0,0.0,0.0,0.0,2.8305,0.171,3.0014999999999996,3.0014
1353,0.1047,0.0024,0.1071,0.0193,0.9775910364145658,0.02240896358543417,6.0552,1.5313,6.0552,0.0,0.0,0.0,0.0,6.055199999999999,1.5312999999999999,7.586499999999999,7.5902
1354,0.2996,0.0,0.2996,0.0539,1.0,0.0,15.9129,0.0223,15.9127,0.0,0.0,0.0,0.0,15.912700000000001,0.0223,15.935,15.9352
1355,0.193,0.0025,0.1955,0.0352,0.9872122762148338,0.01278772378516624,10.5966,1.6015,10.5966,0.0,0.0,0.0,0.0,10.5966,1.6015,12.1981,12.1979
1356,0.2037,0.0108,0.2145,0.0386,0.9496503496503497,0.05034965034965035,11.1879,6.5685,13.1879,2.0,0.0,0.0,0.0,13.1879,6.568499999999999,19.7564,19.7577
1357,0.2527,0.0035,0.2562,0.0461,0.9863387978142076,0.013661202185792351,13.6467,2.1022,13.647,0.0003,0.0,0.0,0.0,13.647,2.1022,15.7492,15.7504
1358,0.0519,0.0002,0.0521,0.0094,0.9961612284069098,0.0038387715930902114,3.1149,0.1242,3.1151,0.0002,0.0,0.0,0.0,3.1151,0.1242,3.2393,3.2434
1359,0.0708,0.0001,0.0709,0.0128,0.998589562764457,0.0014104372355430183,4.2453,0.0591,4.2454,0.0001,0.0,0.0,0.0,4.2454,0.0591,4.3045,4.3049
1360,0.118,0.0,0.118,0.0212,1.0,0.0,6.9516,0.0102,6.9514,0.0,0.0,0.0,0.0,6.9514000000000005,0.010199999999999999,6.961600000000001,6.9583
1361,0.1555,0.0001,0.1557,0.028,0.9987154784842646,0.0006422607578676942,8.8407,0.0831,8.8405,0.0,0.0,0.0,0.0,8.8405,0.0831,8.9236,8.9241
1362,0.1239,0.0008,0.1247,0.0224,0.9935846030473134,0.006415396952686447,6.6888,0.5395,6.6886,0.0,0.0,0.0,0.0,6.688599999999999,0.5395000000000001,7.2280999999999995,7.2308
1363,0.2211,0.0143,0.2354,0.0424,0.9392523364485981,0.06074766355140187,11.9412,9.6174,13.9411,1.9999,0.0,0.0,0.0,13.9411,9.6174,23.558500000000002,23.5611
1364,0.2231,0.0016,0.2246,0.0404,0.9933214603739983,0.007123775601068567,12.4605,1.041,14.4605,2.0,0.0,0.0,0.0,14.4605,1.041,15.5015,16.0035
1365,0.2799,0.0001,0.28,0.0504,0.9996428571428569,0.00035714285714285714,15.9129,0.0344,15.9127,0.0,0.0,0.0,0.0,15.912700000000001,0.0344,15.9471,15.9476
1366,0.0949,0.0113,0.1062,0.0191,0.8935969868173258,0.10640301318267419,5.2137,7.1856,11.2133,5.9996,0.0,0.0,0.0,11.2133,7.1856,18.3989,18.896
1367,0.2682,0.0126,0.2808,0.0505,0.9551282051282052,0.04487179487179487,14.7276,7.4794,18.7274,3.9998,0.0,0.0,0.0,18.727400000000003,7.4794,26.2068,26.2083
1368,0.2028,0.0012,0.204,0.0367,0.9941176470588237,0.0058823529411764705,11.7324,0.7254,11.7326,0.0002,0.0,0.0,0.0,11.732600000000001,0.7253999999999999,12.458000000000002,12.4613
1369,0.2489,0.0161,0.2649,0.0477,0.9395998489996225,0.06077765194412985,13.9023,9.8073,15.9023,2.0,0.0,0.0,0.0,15.902300000000002,9.8073,25.709600000000002,25.712
1370,0.1765,0.0,0.1765,0.0318,1.0,0.0,10.0332,0.0076,10.0328,0.0,0.0,0.0,0.0,10.032799999999998,0.0076,10.040399999999998,10.0402
1371,0.1504,0.0002,0.1507,0.0271,0.998009289980093,0.0013271400132714001,7.9911,0.1261,7.9916,0.0005,0.0,0.0,0.0,7.9916,0.12610000000000002,8.1177,8.1133
1372,0.2996,0.0001,0.2997,0.0539,0.9996663329996662,0.000333667000333667,15.9129,0.0428,15.9124,0.0,0.0,0.0,0.0,15.912400000000002,0.0428,15.955200000000001,15.959
1373,0.1555,0.0146,0.1702,0.0306,0.9136310223266746,0.08578143360752057,8.8407,9.368,16.8402,7.9995,0.0,0.0,0.0,16.8402,9.368,26.208199999999998,26.7069
1374,0.1237,0.0007,0.1245,0.0224,0.993574297188755,0.005622489959839358,6.795,0.5013,12.795,6.0,0.0,0.0,0.0,12.795,0.5013,13.2963,13.292
1375,0.2114,0.0002,0.2116,0.0381,0.999054820415879,0.000945179584120983,10.872,0.1461,10.8718,0.0,0.0,0.0,0.0,10.871799999999999,0.1461,11.0179,11.0132
1376,0.28,0.0108,0.2908,0.0523,0.9628610729023385,0.037138927097661624,15.6402,6.861,17.6401,1.9999,0.0,0.0,0.0,17.6401,6.861,24.5011,25.0014
1377,0.2531,0.0,0.2531,0.0456,1.0,0.0,14.3847,0.0067,14.3844,0.0,0.0,0.0,0.0,14.384400000000001,0.006699999999999999,14.391100000000002,14.3908
1378,0.1431,0.0103,0.1534,0.0276,0.9328552803129074,0.06714471968709257,7.9911,6.5957,12.9912,5.0001,0.0,0.0,0.0,12.991200000000001,6.595699999999999,19.5869,19.5897
1379,0.0788,0.0051,0.0839,0.0151,0.9392133492252681,0.060786650774731825,4.4001,3.4638,7.3994,2.9993,0.0,0.0,0.0,7.3994,3.4638,10.863199999999999,10.8592
1380,0.0888,0.0014,0.0902,0.0162,0.9844789356984479,0.015521064301552106,4.7952,0.9261,5.7949,0.9997,0.0,0.0,0.0,5.7949,0.9261,6.721,6.7174
1381,0.2401,0.001,0.2411,0.0434,0.9958523434259643,0.00414765657403567,14.1444,0.6128,14.1444,0.0,0.0,0.0,0.0,14.144400000000001,0.6128,14.757200000000001,14.7605
1382,0.1879,0.0,0.1879,0.0338,1.0,0.0,10.872,0.0189,10.8716,0.0,0.0,0.0,0.0,10.871599999999999,0.0189,10.8905,10.8882
1383,0.0538,0.0006,0.0544,0.0098,0.9889705882352942,0.011029411764705881,3.1149,0.3663,6.1151,3.0002,0.0,0.0,0.0,6.1151,0.3663,6.4814,6.4862
1384,0.0611,0.0001,0.0612,0.011,0.9983660130718955,0.0016339869281045752,3.5361,0.0458,4.5361,1.0,0.0,0.0,0.0,4.5361,0.0458,4.5819,4.5819
1385,0.229,0.0,0.229,0.0412,1.0,0.0,12.1644,0.0084,12.1644,0.0,0.0,0.0,0.0,12.164399999999999,0.0084,12.172799999999999,12.1712
1386,0.2157,0.0017,0.2174,0.0391,0.9921803127874884,0.007819687212511498,11.4543,0.9955,11.4546,0.0003,0.0,0.0,0.0,11.4546,0.9955,12.450099999999999,12.4457
1387,0.1834,0.0003,0.1838,0.0331,0.9978237214363439,0.001632208922742111,9.9063,0.2182,9.9063,0.0,0.0,0.0,0.0,9.9063,0.2182,10.1245,10.121
1388,0.2843,0.0019,0.2862,0.0515,0.993361285814116,0.006638714185883997,15.3531,1.2302,15.353,0.0,0.0,0.0,0.0,15.352999999999998,1.2302,16.583199999999998,16.584
1389,0.0943,0.0047,0.0991,0.0178,0.9515640766902119,0.04742684157416751,5.661,3.0359,8.6609,2.9999,0.0,0.0,0.0,8.6609,3.0359,11.6968,11.6984
1390,0.2062,0.0087,0.2149,0.0387,0.9595160539785946,0.0404839460214053,11.322,5.3221,14.3217,2.9997,0.0,0.0,0.0,14.3217,5.3221,19.6438,19.6487
1391,0.1243,0.0001,0.1243,0.0224,1.0,0.0008045052292839904,6.8238,0.0338,6.8234,0.0,0.0,0.0,0.0,6.8233999999999995,0.0338,6.8572,6.8561
1392,0.0538,0.0001,0.0539,0.0097,0.9981447124304267,0.0018552875695732839,3.1149,0.049,3.1153,0.0004,0.0,0.0,0.0,3.1153,0.049,3.1643,3.1625
1393,0.2384,0.0064,0.2448,0.0441,0.9738562091503269,0.026143790849673203,13.0905,3.8948,16.0908,3.0003,0.0,0.0,0.0,16.090799999999998,3.8948,19.985599999999998,19.9894
1394,0.2596,0.0003,0.2599,0.0468,0.9988457098884186,0.0011542901115813773,14.0184,0.194,14.0181,0.0,0.0,0.0,0.0,14.0181,0.194,14.212100000000001,14.2081
1395,0.1899,0.0145,0.2044,0.0368,0.9290606653620352,0.07093933463796478,10.4265,8.8798,15.4266,5.0001,0.0,0.0,0.0,15.4266,8.8798,24.3064,24.3054
1396,0.1628,0.0059,0.1687,0.0304,0.965026674570243,0.034973325429756966,9.5895,3.9117,15.5898,6.0003,0.0,0.0,0.0,15.5898,3.9116999999999997,19.5015,19.5013
1397,0.2395,0.0,0.2395,0.0431,1.0,0.0,13.3776,0.0067,13.3773,0.0,0.0,0.0,0.0,13.377299999999998,0.0067,13.383999999999999,13.3818
1398,0.1141,0.0,0.1141,0.0205,1.0,0.0,5.8662,0.0114,5.8663,0.0001,0.0,0.0,0.0,5.866300000000001,0.0114,5.877700000000001,5.8751
1399,0.1068,0.0,0.1068,0.0192,1.0,0.0,5.8662,0.0052,5.8663,0.0001,0.0,0.0,0.0,5.866300000000001,0.0052,5.871500000000001,5.8689
1400,0.193,0.0003,0.1933,0.0348,0.9984480082772892,0.0015519917227108122,10.5966,0.2084,10.5968,0.0002,0.0,0.0,0.0,10.5968,0.20839999999999997,10.8052,10.81
1401,0.2477,0.0008,0.2485,0.0447,0.9967806841046278,0.0032193158953722338,13.3776,0.52,13.3772,0.0,0.0,0.0,0.0,13.377199999999998,0.52,13.897199999999998,13.8998
1402,0.28,0.0004,0.2804,0.0505,0.9985734664764624,0.0014265335235378034,15.6402,0.2957,15.6402,0.0,0.0,0.0,0.0,15.6402,0.29569999999999996,15.9359,15.9349
1403,0.1788,0.0001,0.1789,0.0322,0.999441028507546,0.0005589714924538849,9.3456,0.0472,9.3453,0.0,0.0,0.0,0.0,9.345299999999998,0.0472,9.392499999999998,9.3917
1404,0.1832,0.0,0.1832,0.033,1.0,0.0,10.5966,0.0057,10.597,0.0004,0.0,0.0,0.0,10.597,0.0057,10.602699999999999,10.6061
1405,0.0852,0.0004,0.0855,0.0154,0.9964912280701753,0.004678362573099415,5.0166,0.2409,5.0162,0.0,0.0,0.0,0.0,5.0162,0.24089999999999998,5.2571,5.259
1406,0.2357,0.0001,0.2359,0.0425,0.9991521831284442,0.000423908435777872,14.1444,0.0807,14.1444,0.0,0.0,0.0,0.0,14.144400000000001,0.0807,14.225100000000001,14.2272
1407,0.0914,0.0123,0.1036,0.0186,0.8822393822393823,0.11872586872586872,5.0166,7.8723,9.0164,3.9998,0.0,0.0,0.0,9.016399999999999,7.872299999999999,16.8887,16.8924
1408,0.28,0.0034,0.2834,0.051,0.9880028228652084,0.011997177134791814,15.6402,2.0826,16.6401,0.9999,0.0,0.0,0.0,16.6401,2.0826000000000002,18.7227,18.7182
1409,0.0978,0.0001,0.098,0.0176,0.9979591836734694,0.0010204081632653062,5.661,0.0742,5.661,0.0,0.0,0.0,0.0,5.661,0.07419999999999999,5.7352,5.732
1410,0.0548,0.003,0.0578,0.0104,0.9480968858131489,0.051903114186851215,3.1149,1.8099,5.1152,2.0003,0.0,0.0,0.0,5.1152,1.8099,6.9251,6.9251
1411,0.2063,0.0001,0.2064,0.0371,0.999515503875969,0.0004844961240310078,10.6083,0.0669,10.6084,0.0001,0.0,0.0,0.0,10.6084,0.06689999999999999,10.6753,10.6709
1412,0.0917,0.0002,0.0919,0.0165,0.9978237214363439,0.002176278563656148,5.2137,0.0911,5.2134,0.0,0.0,0.0,0.0,5.2134,0.09110000000000001,5.3045,5.3043
1413,0.2683,0.0002,0.2684,0.0483,0.9996274217585691,0.0007451564828614009,14.0184,0.1122,14.0179,0.0,0.0,0.0,0.0,14.017900000000001,0.11220000000000001,14.1301,14.1319
1414,0.1804,0.0,0.1804,0.0325,1.0,0.0,9.9063,0.007,9.9063,0.0,0.0,0.0,0.0,9.9063,0.007000000000000001,9.9133,9.9093
1415,0.1332,0.0,0.1332,0.024,1.0,0.0,7.9911,0.0248,7.9914,0.0003,0.0,0.0,0.0,7.9914000000000005,0.0248,8.016200000000001,8.0141
1416,0.3094,0.0001,0.3095,0.0557,0.9996768982229403,0.00032310177705977385,15.9129,0.0331,15.9124,0.0,0.0,0.0,0.0,15.912400000000002,0.0331,15.945500000000001,15.9431
1417,0.2395,0.0058,0.2453,0.0442,0.9763554830819405,0.023644516918059518,13.3776,3.9271,13.3773,0.0,0.0,0.0,0.0,13.377299999999998,3.9271000000000003,17.304399999999998,17.3018
1418,0.1899,0.0002,0.1901,0.0342,0.998947922146239,0.0010520778537611785,10.6083,0.1213,10.6083,0.0,0.0,0.0,0.0,10.6083,0.12129999999999999,10.7296,10.7336
1419,0.099,0.0042,0.1032,0.0186,0.9593023255813954,0.04069767441860465,5.436,2.8509,5.4359,0.0,0.0,0.0,0.0,5.435899999999999,2.8508999999999998,8.2868,8.2857
1420,0.1237,0.0,0.1238,0.0223,0.9991922455573506,0.0,6.795,0.019,6.795,0.0,0.0,0.0,0.0,6.795,0.018999999999999996,6.814,6.8175
1421,0.0955,0.0,0.0955,0.0172,1.0,0.0,4.9095,0.0342,4.9089,0.0,0.0,0.0,0.0,4.9089,0.034199999999999994,4.9431,4.9441
1422,0.2445,0.0,0.2445,0.044,1.0,0.0,14.1444,0.0091,14.1445,0.0001,0.0,0.0,0.0,14.1445,0.0091,14.1536,14.157
1423,0.088,0.0015,0.0895,0.0161,0.9832402234636871,0.01675977653631285,4.6728,0.9498,4.6728,0.0,0.0,0.0,0.0,4.6728,0.9498,5.622599999999999,5.6268
1424,0.1441,0.0002,0.1444,0.026,0.9979224376731303,0.0013850415512465374,8.4915,0.1541,8.4913,0.0,0.0,0.0,0.0,8.4913,0.15410000000000001,8.6454,8.645
1425,0.1738,0.0003,0.1741,0.0313,0.9982768523836876,0.001723147616312464,10.2357,0.2173,10.2353,0.0,0.0,0.0,0.0,10.235299999999999,0.2173,10.452599999999999,10.4539
1426,0.1232,0.0,0.1233,0.0222,0.9991889699918897,0.0,6.5457,0.0106,6.5452,0.0,0.0,0.0,0.0,6.5451999999999995,0.0106,6.5558,6.5514
1427,0.2436,0.0042,0.2478,0.0446,0.9830508474576272,0.01694915254237288,13.3776,2.4999,13.3774,0.0,0.0,0.0,0.0,13.377399999999998,2.4999,15.877299999999998,15.8748
1428,0.228,0.0,0.228,0.041,1.0,0.0,12.1104,0.0044,12.1105,0.0001,0.0,0.0,0.0,12.1105,0.0044,12.1149,12.1138
1429,0.1431,0.0002,0.1433,0.0258,0.9986043265875785,0.0013956734124214933,7.9911,0.1461,7.9913,0.0002,0.0,0.0,0.0,7.991300000000001,0.1461,8.137400000000001,8.1388
1430,0.1285,0.0001,0.1285,0.0231,1.0,0.0007782101167315176,6.8238,0.0363,6.8237,0.0,0.0,0.0,0.0,6.8237000000000005,0.0363,6.86,6.8621
1431,0.1952,0.0026,0.1978,0.0356,0.9868554095045501,0.013144590495449948,10.9026,1.6628,10.9029,0.0003,0.0,0.0,0.0,10.902900000000002,1.6627999999999998,12.565700000000003,12.5618
1432,0.2131,0.0006,0.2136,0.0385,0.9976591760299626,0.0028089887640449433,12.1104,0.3699,12.1106,0.0002,0.0,0.0,0.0,12.110600000000002,0.3699,12.480500000000001,12.4766
1433,0.0855,0.0003,0.0858,0.0154,0.9965034965034966,0.003496503496503496,4.5414,0.1953,4.5416,0.0002,0.0,0.0,0.0,4.541600000000001,0.1953,4.7369,4.7413
1434,0.2249,0.0011,0.2261,0.0407,0.9946926138876603,0.004865103936311367,12.7863,0.7273,12.7861,0.0,0.0,0.0,0.0,12.786100000000001,0.7273,13.5134,13.5117
1435,0.1697,0.0001,0.1698,0.0306,0.9994110718492343,0.0005889281507656066,9.8181,0.0378,9.8181,0.0,0.0,0.0,0.0,9.8181,0.0378,9.8559,9.8517
1436,0.2898,0.0142,0.3039,0.0547,0.9536031589338598,0.046725896676538335,15.9129,9.9281,15.9127,0.0,0.0,0.0,0.0,15.912700000000001,9.9281,25.8408,25.8423
1437,0.1086,0.0007,0.1094,0.0197,0.9926873857404023,0.006398537477148081,5.8662,0.4734,5.8662,0.0,0.0,0.0,0.0,5.8662,0.47340000000000004,6.3396,6.3396
1438,0.1174,0.0014,0.1189,0.0214,0.9873843566021867,0.011774600504625735,6.795,0.8521,6.7946,0.0,0.0,0.0,0.0,6.7946,0.8520999999999999,7.6467,7.647
1439,0.0849,0.0008,0.0856,0.0154,0.9918224299065421,0.009345794392523366,4.9095,0.4874,4.9092,0.0,0.0,0.0,0.0,4.909199999999999,0.4874,5.396599999999999,5.3969
1440,0.2245,0.0003,0.2248,0.0405,0.9986654804270463,0.0013345195729537365,11.7324,0.208,11.7328,0.0004,0.0,0.0,0.0,11.732800000000001,0.208,11.940800000000001,11.9448
1441,0.1414,0.0007,0.1422,0.0256,0.9943741209563994,0.004922644163150493,8.1819,0.4919,8.1819,0.0,0.0,0.0,0.0,8.1819,0.4919,8.6738,8.6706
1442,0.0553,0.0,0.0553,0.0099,1.0,0.0,3.1968,0.0135,3.1965,0.0,0.0,0.0,0.0,3.1965000000000003,0.013499999999999998,3.2100000000000004,3.2138
1443,0.1952,0.0014,0.1966,0.0354,0.9928789420142422,0.007121057985757884,10.9026,0.8952,10.9027,0.0001,0.0,0.0,0.0,10.902700000000001,0.8952,11.797900000000002,11.8024
1444,0.1895,0.0,0.1896,0.0341,0.9994725738396625,0.0,10.2357,0.0178,10.2352,0.0,0.0,0.0,0.0,10.235199999999999,0.0178,10.252999999999998,10.2569
1445,0.2174,0.012,0.2294,0.0413,0.94768962510898,0.052310374891020056,11.9412,7.7053,11.9412,0.0,0.0,0.0,0.0,11.9412,7.7053,19.6465,19.6441
1446,0.2308,0.0026,0.2333,0.042,0.9892841834547792,0.011144449207029575,12.4605,1.7146,12.4605,0.0,0.0,0.0,0.0,12.4605,1.7146,14.1751,14.1719
1447,0.2289,0.0065,0.2353,0.0424,0.9728006799830003,0.027624309392265192,12.7863,3.8237,12.7862,0.0,0.0,0.0,0.0,12.786200000000001,3.8237,16.6099,16.6087
1448,0.057,0.0002,0.0572,0.0103,0.9965034965034966,0.0034965034965034965,2.9331,0.0993,2.9331,0.0,0.0,0.0,0.0,2.9331,0.09929999999999999,3.0324,3.0276
1449,0.0864,0.0016,0.088,0.0158,0.9818181818181819,0.018181818181818184,4.9095,0.9828,4.9091,0.0,0.0,0.0,0.0,4.9091,0.9828,5.8919,5.8885
1450,0.228,0.0044,0.2324,0.0418,0.981067125645439,0.0189328743545611,12.7368,2.6239,12.7369,0.0001,0.0,0.0,0.0,12.7369,2.6239,15.360800000000001,15.3625
1451,0.0836,0.0001,0.0837,0.0151,0.998805256869773,0.0011947431302270013,4.6728,0.0559,4.6728,0.0,0.0,0.0,0.0,4.6728,0.0559,4.7287,4.7297
1452,0.0529,0.0001,0.053,0.0095,0.9981132075471699,0.001886792452830189,3.1149,0.0514,3.1153,0.0004,0.0,0.0,0.0,3.1153,0.0514,3.1667,3.165
1453,0.2204,0.0,0.2204,0.0397,1.0,0.0,11.7054,0.0079,11.7049,0.0,0.0,0.0,0.0,11.704899999999999,0.0079,11.712799999999998,11.7103
1454,0.059,0.0015,0.0605,0.0109,0.9752066115702479,0.024793388429752067,3.4119,1.0235,3.4116,0.0,0.0,0.0,0.0,3.4116,1.0234999999999999,4.4351,4.431
1455,0.2292,0.0,0.2292,0.0413,1.0,0.0,12.3768,0.0205,12.3763,0.0,0.0,0.0,0.0,12.3763,0.0205,12.3968,12.3947
1456,0.2532,0.0038,0.257,0.0463,0.9852140077821011,0.014785992217898832,14.1444,2.5743,14.1446,0.0002,0.0,0.0,0.0,14.1446,2.5743000000000005,16.7189,16.7149
1457,0.2177,0.0002,0.2179,0.0392,0.9990821477742083,0.0009178522257916476,12.3768,0.1106,12.3766,0.0,0.0,0.0,0.0,12.3766,0.1106,12.4872,12.4912
1458,0.06,0.0,0.0601,0.0108,0.9983361064891847,0.0,3.4119,0.0182,3.4119,0.0,0.0,0.0,0.0,3.4119,0.0182,3.4301000000000004,3.4261
1459,0.0534,0.0002,0.0536,0.0096,0.996268656716418,0.0037313432835820895,2.9331,0.098,2.9331,0.0,0.0,0.0,0.0,2.9331,0.098,3.0311,3.032
1460,0.1762,0.0004,0.1766,0.0318,0.9977349943374858,0.0022650056625141564,9.513,0.2807,9.5128,0.0,0.0,0.0,0.0,9.5128,0.2807,9.7935,9.7915
1461,0.1465,0.0016,0.148,0.0266,0.9898648648648648,0.010810810810810811,8.1819,0.95,8.1818,0.0,0.0,0.0,0.0,8.1818,0.9500000000000001,9.1318,9.1367
1462,0.1546,0.0086,0.1632,0.0294,0.9473039215686273,0.05269607843137254,8.4915,5.753,8.4914,0.0,0.0,0.0,0.0,8.4914,5.753,14.2444,14.2416
1463,0.1555,0.0066,0.1621,0.0292,0.959284392350401,0.040715607649599014,8.8407,4.3587,8.8403,0.0,0.0,0.0,0.0,8.840300000000001,4.358700000000001,13.199000000000002,13.2024
1464,0.0933,0.0175,0.1109,0.02,0.8412984670874661,0.157799819657349,5.3046,10.41,5.3042,0.0,0.0,0.0,0.0,5.304200000000001,10.41,15.714200000000002,15.7095
1465,0.0611,0.0001,0.0612,0.011,0.9983660130718955,0.0016339869281045752,3.4119,0.076,3.4119,0.0,0.0,0.0,0.0,3.4119,0.076,3.4879000000000002,3.485
1466,0.1244,0.0004,0.1248,0.0225,0.9967948717948718,0.0032051282051282055,6.9516,0.242,6.951,0.0,0.0,0.0,0.0,6.950999999999999,0.24200000000000002,7.192999999999999,7.1969
1467,0.1598,0.0011,0.1609,0.029,0.9931634555624612,0.0068365444375388445,9.0828,0.6968,9.0828,0.0,0.0,0.0,0.0,9.0828,0.6967999999999999,9.7796,9.7811
1468,0.2132,0.0001,0.2133,0.0384,0.9995311767463667,0.00046882325363338024,11.7054,0.0631,11.705,0.0,0.0,0.0,0.0,11.704999999999998,0.06309999999999999,11.768099999999999,11.7641
1469,0.1865,0.0,0.1865,0.0336,1.0,0.0,9.9063,0.0156,9.9065,0.0002,0.0,0.0,0.0,9.906500000000001,0.0156,9.9221,9.926
1470,0.1197,0.0066,0.1264,0.0227,0.9469936708860759,0.052215189873417715,6.6888,4.3108,6.6886,0.0,0.0,0.0,0.0,6.688599999999999,4.3108,10.9994,11.0009
1471,0.1546,0.0022,0.1568,0.0282,0.985969387755102,0.014030612244897961,8.4915,1.4819,8.4913,0.0,0.0,0.0,0.0,8.4913,1.4819,9.9732,9.973
1472,0.1475,0.0005,0.148,0.0266,0.9966216216216216,0.0033783783783783786,8.6886,0.2943,8.689,0.0004,0.0,0.0,0.0,8.689,0.2943,8.9833,8.9851
1473,0.256,0.0018,0.2578,0.0464,0.9930178432893717,0.0069821567106283944,13.3776,1.0414,13.3773,0.0,0.0,0.0,0.0,13.377299999999998,1.0414,14.418699999999998,14.4209
1474,0.2896,0.0,0.2897,0.0521,0.9996548153261996,0.0,15.6402,0.0145,15.6401,0.0,0.0,0.0,0.0,15.6401,0.0145,15.6546,15.6556
1475,0.2178,0.0031,0.2209,0.0398,0.9859665006790402,0.014033499320959708,12.1644,2.1056,12.1646,0.0002,0.0,0.0,0.0,12.164599999999998,2.1056,14.270199999999999,14.268
1476,0.1218,0.0008,0.1226,0.0221,0.9934747145187602,0.0065252854812398045,6.6888,0.4849,6.6887,0.0,0.0,0.0,0.0,6.688699999999999,0.4849,7.173599999999999,7.1719
1477,0.0558,0.003,0.0588,0.0106,0.9489795918367347,0.05102040816326531,3.1149,1.9015,3.115,0.0001,0.0,0.0,0.0,3.115,1.9015,5.016500000000001,5.0191
1478,0.1897,0.0001,0.1898,0.0342,0.9994731296101159,0.0005268703898840886,10.5966,0.0564,10.5967,0.0001,0.0,0.0,0.0,10.5967,0.0564,10.6531,10.6505
1479,0.1266,0.0,0.1266,0.0228,1.0,0.0,7.0722,0.0074,7.0722,0.0,0.0,0.0,0.0,7.0722000000000005,0.0073999999999999995,7.0796,7.0777
1480,0.2938,0.0008,0.2946,0.053,0.9972844534962663,0.0027155465037338768,15.3531,0.5312,15.3531,0.0,0.0,0.0,0.0,15.3531,0.5312,15.8843,15.8815
1481,0.1801,0.0036,0.1836,0.0331,0.9809368191721133,0.0196078431372549,10.6083,2.262,10.6083,0.0,0.0,0.0,0.0,10.6083,2.262,12.8703,12.8746
1482,0.214,0.0018,0.2158,0.0389,0.9916589434661724,0.008341056533827619,12.1644,1.1118,12.1646,0.0002,0.0,0.0,0.0,12.164599999999998,1.1118,13.276399999999999,13.2766
1483,0.0619,0.0004,0.0623,0.0112,0.9935794542536115,0.006420545746388443,3.3444,0.2515,3.3442,0.0,0.0,0.0,0.0,3.3442,0.2515,3.5957,3.5943
1484,0.1406,0.0054,0.146,0.0263,0.9630136986301371,0.03698630136986302,7.9911,3.6445,7.9913,0.0002,0.0,0.0,0.0,7.991300000000001,3.6445,11.6358,11.6332
1485,0.063,0.0001,0.063,0.0113,1.0,0.0015873015873015873,3.3444,0.0376,3.3444,0.0,0.0,0.0,0.0,3.3444,0.037599999999999995,3.3819999999999997,3.3853
1486,0.1177,0.0007,0.1184,0.0213,0.9940878378378378,0.005912162162162162,6.0552,0.421,6.0553,0.0001,0.0,0.0,0.0,6.0553,0.421,6.4763,6.4724
1487,0.0553,0.0035,0.0587,0.0106,0.9420783645655877,0.059625212947189095,3.1968,2.1681,3.1964,0.0,0.0,0.0,0.0,3.1964,2.1681,5.3645,5.3682
1488,0.1602,0.0,0.1603,0.0288,0.9993761696818466,0.0,8.7993,0.0128,8.7993,0.0,0.0,0.0,0.0,8.7993,0.0128,8.812100000000001,8.8158
1489,0.2601,0.0002,0.2603,0.0469,0.9992316557817903,0.0007683442182097581,15.0489,0.1308,15.0489,0.0,0.0,0.0,0.0,15.0489,0.1308,15.1797,15.1759
1490,0.2028,0.0003,0.2031,0.0366,0.9985228951255539,0.0014771048744460856,10.5966,0.2077,10.5967,0.0001,0.0,0.0,0.0,10.5967,0.2077,10.804400000000001,10.804
1491,0.2799,0.0078,0.2878,0.0518,0.9725503822098679,0.02710215427380125,15.9129,5.1102,15.9126,0.0,0.0,0.0,0.0,15.912600000000001,5.1102,21.0228,21.0195
1492,0.1471,0.0007,0.1478,0.0266,0.9952638700947227,0.004736129905277402,8.361,0.4428,8.3608,0.0,0.0,0.0,0.0,8.3608,0.4428,8.8036,8.8029
1493,0.1599,0.0,0.1599,0.0288,1.0,0.0,8.4915,0.0042,8.4914,0.0,0.0,0.0,0.0,8.4914,0.0042,8.495600000000001,8.4985
1494,0.1566,0.0001,0.1566,0.0282,1.0,0.0006385696040868455,8.1819,0.0327,8.1818,0.0,0.0,0.0,0.0,8.1818,0.0327,8.214500000000001,8.2098
1495,0.0932,0.0014,0.0945,0.017,0.9862433862433863,0.014814814814814815,5.1174,0.8628,5.1177,0.0003,0.0,0.0,0.0,5.1177,0.8628000000000001,5.9805,5.9755
1496,0.2945,0.0022,0.2966,0.0534,0.99291975724882,0.007417397167902901,15.6402,1.3655,15.6399,0.0,0.0,0.0,0.0,15.6399,1.3655,17.0054,17.0009
1497,0.2466,0.0059,0.2525,0.0455,0.9766336633663367,0.023366336633663366,14.0184,4.0826,14.0178,0.0,0.0,0.0,0.0,14.017800000000001,4.0826,18.1004,18.0955
1498,0.0898,0.0035,0.0933,0.0168,0.9624866023579851,0.03751339764201501,5.0166,2.2756,5.0166,0.0,0.0,0.0,0.0,5.0166,2.2756,7.2922,7.2956
1499,0.1115,0.0,0.1115,0.0201,1.0,0.0,6.2298,0.0066,6.2303,0.0005,0.0,0.0,0.0,6.2303,0.0066,6.2368999999999994,6.2378
1500,0.2174,0.0037,0.2211,0.0398,0.9832654907281774,0.016734509271822705,11.9412,2.259,11.9412,0.0,0.0,0.0,0.0,11.9412,2.259,14.2002,14.2016
1501,0.0586,0.0098,0.0684,0.0123,0.8567251461988303,0.14327485380116958,3.2724,6.0339,3.2726,0.0002,0.0,0.0,0.0,3.2725999999999997,6.033900000000001,9.3065,9.303
1502,0.0982,0.0062,0.1045,0.0188,0.939712918660287,0.05933014354066986,5.3046,3.891,5.304,0.0,0.0,0.0,0.0,5.304,3.891,9.195,9.1915
1503,0.1105,0.0,0.1105,0.0199,1.0,0.0,6.3927,0.008,6.3927,0.0,0.0,0.0,0.0,6.3927000000000005,0.007999999999999998,6.4007000000000005,6.4054
1504,0.1672,0.0,0.1672,0.0301,1.0,0.0,10.0332,0.0132,10.0329,0.0,0.0,0.0,0.0,10.032899999999998,0.0132,10.046099999999997,10.0494
1505,0.171,0.0,0.171,0.0308,1.0,0.0,9.0828,0.0155,9.0829,0.0001,0.0,0.0,0.0,9.082900000000002,0.015500000000000002,9.098400000000002,9.096
1506,0.2059,0.0008,0.2067,0.0372,0.996129656507015,0.0038703434929850027,11.7054,0.5398,11.7051,0.0,0.0,0.0,0.0,11.705099999999998,0.5398000000000001,12.244899999999998,12.2411
1507,0.1927,0.0002,0.193,0.0347,0.9984455958549223,0.0010362694300518134,10.2357,0.1661,10.2352,0.0,0.0,0.0,0.0,10.235199999999999,0.16610000000000003,10.401299999999999,10.4032
1508,0.2532,0.0007,0.2539,0.0457,0.9972430090586843,0.0027569909413154782,13.9023,0.4826,13.9023,0.0,0.0,0.0,0.0,13.9023,0.48260000000000003,14.3849,14.389
1509,0.0619,0.0,0.0619,0.0112,1.0,0.0,3.3444,0.0089,3.3443,0.0,0.0,0.0,0.0,3.3442999999999996,0.0089,3.3531999999999997,3.3543
1510,0.1776,0.0013,0.1789,0.0322,0.9927333705980995,0.007266629401900503,9.5895,0.9106,9.5896,0.0001,0.0,0.0,0.0,9.589599999999999,0.9106,10.5002,10.5013
1511,0.198,0.0056,0.2036,0.0366,0.9724950884086444,0.0275049115913556,11.4543,3.5229,13.4546,2.0003,0.0,0.0,0.0,13.4546,3.5229,16.9775,16.9817
1512,0.2227,0.0004,0.2232,0.0402,0.9977598566308243,0.0017921146953405018,12.231,0.2772,12.2308,0.0,0.0,0.0,0.0,12.2308,0.2772,12.508000000000001,12.5114
1513,0.2269,0.0001,0.227,0.0409,0.9995594713656387,0.0004405286343612335,12.4605,0.0524,12.4604,0.0,0.0,0.0,0.0,12.4604,0.052399999999999995,12.5128,12.5081
1514,0.2947,0.0075,0.3021,0.0544,0.9755047997351871,0.024826216484607748,15.9129,4.5124,15.9125,0.0,0.0,0.0,0.0,15.912500000000001,4.5124,20.4249,20.4253
1515,0.1174,0.0004,0.1179,0.0212,0.9957591178965225,0.0033927056827820186,6.795,0.312,6.7949,0.0,0.0,0.0,0.0,6.794899999999999,0.312,7.1068999999999996,7.1095
1516,0.0818,0.0003,0.0821,0.0148,0.9963459196102313,0.0036540803897685743,4.9095,0.2038,4.9091,0.0,0.0,0.0,0.0,4.9091,0.2038,5.1129,5.1108
1517,0.2446,0.0008,0.2454,0.0442,0.9967400162999185,0.0032599837000815,13.9023,0.5442,13.9023,0.0,0.0,0.0,0.0,13.9023,0.5441999999999999,14.4465,14.443
1518,0.2131,0.0052,0.2182,0.0393,0.9766269477543539,0.023831347387717687,12.1104,3.477,12.1105,0.0001,0.0,0.0,0.0,12.1105,3.477,15.5875,15.5923
1519,0.2423,0.0013,0.2436,0.0438,0.994663382594417,0.005336617405582922,14.0184,0.7825,14.0182,0.0,0.0,0.0,0.0,14.0182,0.7825,14.8007,14.8043
1520,0.1626,0.0003,0.1628,0.0293,0.9987714987714987,0.0018427518427518426,8.361,0.1675,8.3606,0.0,0.0,0.0,0.0,8.3606,0.16749999999999998,8.5281,8.524
1521,0.0636,0.0003,0.0639,0.0115,0.9953051643192489,0.004694835680751174,3.2724,0.1967,3.2728,0.0004,0.0,0.0,0.0,3.2728,0.19669999999999999,3.4695,3.4714
1522,0.0516,0.0049,0.0565,0.0102,0.9132743362831858,0.08672566371681416,2.9331,2.8988,4.9332,2.0001,0.0,0.0,0.0,4.933199999999999,2.8988,7.831999999999999,7.828
1523,0.1832,0.0157,0.1989,0.0358,0.9210658622423329,0.07893413775766717,10.2357,9.5833,10.2349,0.0,0.0,0.0,0.0,10.2349,9.583300000000001,19.8182,19.818
1524,0.0553,0.0004,0.0556,0.01,0.9946043165467627,0.007194244604316547,3.1968,0.2461,3.1965,0.0,0.0,0.0,0.0,3.1965000000000003,0.24609999999999999,3.4426000000000005,3.4457
1525,0.0489,0.008,0.0569,0.0102,0.859402460456942,0.140597539543058,2.8305,4.9257,2.8305,0.0,0.0,0.0,0.0,2.8305,4.9257,7.7562,7.7597
1526,0.208,0.0003,0.2083,0.0375,0.99855976956313,0.001440230436869899,10.872,0.159,10.8718,0.0,0.0,0.0,0.0,10.871799999999999,0.159,11.0308,11.0339
1527,0.2727,0.0004,0.2731,0.0492,0.9985353350421091,0.0014646649578908826,14.7276,0.231,15.7274,0.9998,0.0,0.0,0.0,15.727400000000001,0.231,15.958400000000001,15.9597
1528,0.2575,0.0004,0.2579,0.0464,0.9984490112446684,0.0015509887553315238,14.3847,0.2352,14.3847,0.0,0.0,0.0,0.0,14.3847,0.2352,14.619900000000001,14.6151
1529,0.2292,0.0,0.2292,0.0413,1.0,0.0,12.3768,0.0181,12.3766,0.0,0.0,0.0,0.0,12.3766,0.018099999999999998,12.3947,12.3924
1530,0.146,0.0081,0.1541,0.0277,0.9474367293964958,0.05256327060350422,8.154,5.0832,10.154,2.0,0.0,0.0,0.0,10.154,5.0832,15.2372,15.2365
1531,0.1582,0.0025,0.1607,0.0289,0.984443061605476,0.015556938394523956,8.6886,1.5263,9.689,1.0004,0.0,0.0,0.0,9.689,1.5262999999999998,11.2153,11.2173
1532,0.2205,0.0097,0.2303,0.0414,0.9574468085106382,0.04211897524967434,12.1104,6.1773,12.1106,0.0002,0.0,0.0,0.0,12.110600000000002,6.1773,18.2879,18.2883
1533,0.09,0.002,0.092,0.0166,0.9782608695652174,0.021739130434782608,5.1174,1.3603,7.1175,2.0001,0.0,0.0,0.0,7.1175,1.3603,8.4778,8.4748
1534,0.0582,0.0029,0.0611,0.011,0.9525368248772504,0.047463175122749585,3.1968,1.8229,3.1967,0.0,0.0,0.0,0.0,3.1967,1.8228999999999997,5.0196,5.0164
1535,0.2106,0.0001,0.2107,0.0379,0.9995253915519696,0.00047460844803037496,11.1879,0.0572,11.1879,0.0,0.0,0.0,0.0,11.1879,0.0572,11.2451,11.2431
1536,0.0865,0.0028,0.0894,0.0161,0.9675615212527964,0.03131991051454139,4.6728,1.7337,4.6727,0.0,0.0,0.0,0.0,4.672699999999999,1.7337000000000002,6.4064,6.4075
1537,0.1869,0.0039,0.1909,0.0344,0.9790466212676795,0.020429544264012573,10.2663,2.5868,10.266,0.0,0.0,0.0,0.0,10.266,2.5867999999999998,12.8528,12.8501
1538,0.22,0.0002,0.2202,0.0396,0.9990917347865577,0.0009082652134423251,13.1994,0.1182,13.1991,0.0,0.0,0.0,0.0,13.199099999999998,0.1182,13.317299999999998,13.3193
1539,0.0973,0.0084,0.1057,0.019,0.9205298013245032,0.07947019867549668,5.436,5.0498,5.436,0.0,0.0,0.0,0.0,5.436,5.0498,10.485800000000001,10.4829
1540,0.0644,0.0001,0.0644,0.0116,1.0,0.0015527950310559007,3.5361,0.0312,3.5362,0.0001,0.0,0.0,0.0,3.5362,0.0312,3.5674,3.5719
1541,0.0644,0.0002,0.0646,0.0116,0.9969040247678018,0.003095975232198142,3.4758,0.1334,3.4756,0.0,0.0,0.0,0.0,3.4756,0.1334,3.609,3.6061
1542,0.1439,0.0,0.144,0.0259,0.9993055555555557,0.0,8.1819,0.0273,8.1818,0.0,0.0,0.0,0.0,8.1818,0.027299999999999998,8.209100000000001,8.2126
1543,0.2701,0.0002,0.2703,0.0487,0.999260081391047,0.0007399186089530153,15.9129,0.1251,15.9124,0.0,0.0,0.0,0.0,15.912400000000002,0.1251,16.0375,16.0332
1544,0.0903,0.0007,0.091,0.0164,0.9923076923076924,0.007692307692307693,4.7952,0.3938,4.7947,0.0,0.0,0.0,0.0,4.794700000000001,0.39379999999999993,5.1885,5.1928
1545,0.1192,0.0062,0.1254,0.0226,0.9505582137161084,0.049441786283891544,6.5457,3.7691,6.5454,0.0,0.0,0.0,0.0,6.545399999999999,3.7691,10.314499999999999,10.3101
1546,0.0524,0.0,0.0525,0.0094,0.9980952380952381,0.0,2.8305,0.0258,2.8305,0.0,0.0,0.0,0.0,2.8305,0.025799999999999997,2.8562999999999996,2.8574
1547,0.151,0.0029,0.1539,0.0277,0.9811565951916829,0.018843404808317088,8.154,1.9469,8.1538,0.0,0.0,0.0,0.0,8.1538,1.9468999999999999,10.1007,10.0967
1548,0.1527,0.0031,0.1558,0.028,0.9801026957637998,0.01989730423620026,8.5293,2.0925,8.5295,0.0002,0.0,0.0,0.0,8.529499999999999,2.0925000000000002,10.622,10.6233
1549,0.1279,0.0002,0.1281,0.0231,0.9984387197501954,0.0015612802498048402,6.795,0.1182,6.7948,0.0,0.0,0.0,0.0,6.7947999999999995,0.1182,6.912999999999999,6.9153
1550,0.2204,0.0015,0.2219,0.0399,0.993240198287517,0.006759801712483101,11.7054,1.0294,11.7051,0.0,0.0,0.0,0.0,11.705099999999998,1.0294,12.734499999999999,12.7301
1551,0.1654,0.0001,0.1655,0.0298,0.9993957703927492,0.0006042296072507553,9.0828,0.0926,9.0829,0.0001,0.0,0.0,0.0,9.082900000000002,0.0926,9.175500000000001,9.1746
1552,0.1615,0.0001,0.1616,0.0291,0.9993811881188119,0.0006188118811881188,9.513,0.0847,9.5126,0.0,0.0,0.0,0.0,9.5126,0.0847,9.5973,9.596
1553,0.0619,0.0068,0.0688,0.0124,0.8997093023255813,0.09883720930232558,3.3444,4.0213,3.3442,0.0,0.0,0.0,0.0,3.3442,4.0213,7.3655,7.3633
1554,0.0579,0.0003,0.0583,0.0105,0.9931389365351629,0.005145797598627787,3.0276,0.2105,3.0276,0.0,0.0,0.0,0.0,3.0275999999999996,0.2105,3.2380999999999998,3.2358
1555,0.2636,0.0028,0.2664,0.048,0.9894894894894894,0.01051051051051051,14.7276,1.7238,14.7273,0.0,0.0,0.0,0.0,14.727300000000001,1.7237999999999998,16.4511,16.4483
1556,0.1717,0.0053,0.177,0.0319,0.9700564971751412,0.029943502824858758,9.5895,3.6434,9.5897,0.0002,0.0,0.0,0.0,9.5897,3.6434,13.2331,13.2283
1557,0.2139,0.0,0.2139,0.0385,1.0,0.0,12.3768,0.0091,12.3766,0.0,0.0,0.0,0.0,12.3766,0.0091,12.3857,12.3838
1558,0.0799,0.0006,0.0805,0.0145,0.9925465838509316,0.007453416149068322,4.5414,0.3896,4.5416,0.0002,0.0,0.0,0.0,4.541600000000001,0.3896,4.9312000000000005,4.9355
1559,0.1546,0.0,0.1546,0.0278,1.0,0.0,8.4915,0.01,8.4914,0.0,0.0,0.0,0.0,8.4914,0.01,8.5014,8.4983
1560,0.1599,0.002,0.1619,0.0291,0.9876466954910439,0.012353304508956147,8.4915,1.3388,8.4914,0.0,0.0,0.0,0.0,8.4914,1.3388,9.830200000000001,9.8316
1561,0.1096,0.0117,0.1213,0.0218,0.9035449299258038,0.09645507007419621,6.2298,7.2892,6.2302,0.0004,0.0,0.0,0.0,6.2302,7.2892,13.519400000000001,13.5149
1562,0.2097,0.0039,0.2136,0.0384,0.9817415730337078,0.018258426966292134,11.322,2.6185,11.3216,0.0,0.0,0.0,0.0,11.3216,2.6185,13.940100000000001,13.9438
1563,0.2192,0.0,0.2192,0.0395,1.0,0.0,12.4605,0.0051,12.4605,0.0,0.0,0.0,0.0,12.4605,0.0051,12.4656,12.4631
1564,0.2363,0.0042,0.2405,0.0433,0.9825363825363826,0.017463617463617465,13.1994,2.7264,13.1993,0.0,0.0,0.0,0.0,13.1993,2.7264000000000004,15.925699999999999,15.9228
1565,0.1475,0.0004,0.1479,0.0266,0.9972954699121027,0.002704530087897228,8.6886,0.2964,8.6887,0.0001,0.0,0.0,0.0,8.6887,0.2964,8.985100000000001,8.9899
1566,0.2489,0.0,0.2489,0.0448,1.0,0.0,13.9023,0.0065,13.9023,0.0,0.0,0.0,0.0,13.9023,0.0065,13.908800000000001,13.9123
1567,0.0788,0.0,0.0788,0.0142,1.0,0.0,4.4001,0.0052,4.3996,0.0,0.0,0.0,0.0,4.3996,0.0052,4.404800000000001,4.4041
1568,0.1244,0.0083,0.1327,0.0239,0.937452901281085,0.06254709871891484,6.9516,5.6947,6.9513,0.0,0.0,0.0,0.0,6.951300000000001,5.694699999999999,12.646,12.6496
1569,0.1684,0.0,0.1684,0.0303,1.0,0.0,8.7993,0.0206,8.7994,0.0001,0.0,0.0,0.0,8.7994,0.020599999999999997,8.82,8.8239
1570,0.1335,0.0,0.1335,0.024,1.0,0.0,7.3332,0.0055,7.333,0.0,0.0,0.0,0.0,7.333,0.0055000000000000005,7.3385,7.3388
1571,0.1485,0.0024,0.1508,0.0272,0.9847480106100795,0.015915119363395226,8.154,1.5474,8.154,0.0,0.0,0.0,0.0,8.154,1.5473999999999999,9.7014,9.7028
1572,0.1997,0.0001,0.1998,0.036,0.9994994994994995,0.0005005005005005005,10.6083,0.0784,10.6083,0.0,0.0,0.0,0.0,10.6083,0.0784,10.6867,10.6846
1573,0.0814,0.0002,0.0816,0.0147,0.997549019607843,0.0024509803921568627,4.7952,0.1149,4.7949,0.0,0.0,0.0,0.0,4.7949,0.1149,4.909800000000001,4.9069
1574,0.1591,0.0003,0.1594,0.0287,0.9981179422835634,0.0018820577164366374,8.1819,0.1911,8.1819,0.0,0.0,0.0,0.0,8.1819,0.1911,8.373000000000001,8.3705
1575,0.0568,0.0,0.0568,0.0102,1.0,0.0,3.3444,0.0179,3.3444,0.0,0.0,0.0,0.0,3.3444,0.017900000000000003,3.3623,3.3625
1576,0.1553,0.005,0.1604,0.0289,0.9682044887780549,0.031172069825436414,8.5293,3.3762,15.5294,7.0001,0.0,0.0,0.0,15.5294,3.3762000000000003,18.9056,18.9036
1577,0.0975,0.0,0.0976,0.0176,0.9989754098360656,0.0,5.0166,0.0077,5.0165,0.0,0.0,0.0,0.0,5.0165,0.0077,5.0241999999999996,5.0206
1578,0.1738,0.0004,0.1742,0.0313,0.9977037887485649,0.002296211251435132,10.4265,0.2605,10.4268,0.0003,0.0,0.0,0.0,10.4268,0.2605,10.6873,10.6907
1579,0.2086,0.0,0.2087,0.0376,0.9995208433157643,0.0,10.9026,0.0279,10.9028,0.0002,0.0,0.0,0.0,10.902800000000001,0.027899999999999998,10.930700000000002,10.9332
1580,0.1245,0.0,0.1245,0.0224,1.0,0.0,7.0758,0.0197,7.0764,0.0006,0.0,0.0,0.0,7.0764000000000005,0.0197,7.096100000000001,7.0921
1581,0.1485,0.0039,0.1524,0.0274,0.9744094488188976,0.02559055118110236,8.154,2.3697,14.1539,5.9999,0.0,0.0,0.0,14.1539,2.3697000000000004,16.523600000000002,16.5259
1582,0.1201,0.0001,0.1202,0.0216,0.9991680532445923,0.0008319467554076539,7.0758,0.0428,8.076,1.0002,0.0,0.0,0.0,8.076,0.0428,8.1188,8.1206
1583,0.1575,0.0032,0.1608,0.0289,0.9794776119402985,0.01990049751243781,8.7993,2.2599,16.7995,8.0002,0.0,0.0,0.0,16.7995,2.2599,19.059399999999997,19.0619
1584,0.2443,0.0001,0.2444,0.044,0.9995908346972177,0.0004091653027823241,13.6467,0.0711,13.647,0.0003,0.0,0.0,0.0,13.647,0.0711,13.7181,13.7212
1585,0.0592,0.0059,0.0651,0.0117,0.9093701996927803,0.09062980030721965,3.1968,3.7561,9.1967,5.9999,0.0,0.0,0.0,9.1967,3.7561,12.9528,12.9554
1586,0.1834,0.0002,0.1836,0.033,0.9989106753812635,0.0010893246187363833,10.6083,0.1261,10.6084,0.0001,0.0,0.0,0.0,10.6084,0.1261,10.734499999999999,10.7364
1587,0.2443,0.0069,0.2512,0.0452,0.972531847133758,0.02746815286624204,13.6467,4.2524,13.6469,0.0002,0.0,0.0,0.0,13.6469,4.2524,17.8993,18.3996
1588,0.1791,0.0002,0.1793,0.0323,0.9988845510317904,0.0011154489682097045,9.513,0.1523,10.5127,0.9997,0.0,0.0,0.0,10.5127,0.1523,10.665000000000001,10.6653
1589,0.1418,0.0098,0.1516,0.0273,0.9353562005277045,0.06464379947229551,7.7877,5.8835,12.7879,5.0002,0.0,0.0,0.0,12.787899999999999,5.883500000000001,18.6714,18.6681
1590,0.1031,0.0003,0.1034,0.0186,0.9970986460348161,0.002901353965183752,5.661,0.1936,5.6609,0.0,0.0,0.0,0.0,5.6609,0.1936,5.8545,5.8523
1591,0.0568,0.0,0.0568,0.0102,1.0,0.0,3.3444,0.0155,7.3441,3.9997,0.0,0.0,0.0,7.3441,0.0155,7.3596,7.3584
1592,0.2727,0.0025,0.2753,0.0495,0.9905557573556121,0.009081002542680712,14.7276,1.6208,19.7274,4.9998,0.0,0.0,0.0,19.7274,1.6208,21.3482,21.351
1593,0.0568,0.0004,0.0571,0.0103,0.9947460595446586,0.007005253940455342,3.3444,0.2403,4.3444,1.0,0.0,0.0,0.0,4.344399999999999,0.2403,4.5847,4.5844
1594,0.171,0.0,0.171,0.0308,1.0,0.0,9.0828,0.0235,10.0829,1.0001,0.0,0.0,0.0,10.0829,0.0235,10.1064,10.1077
1595,0.1995,0.0,0.1995,0.0359,1.0,0.0,10.5966,0.0122,11.5968,1.0002,0.0,0.0,0.0,11.5968,0.012199999999999999,11.609,11.6099
1596,0.2748,0.0011,0.276,0.0497,0.9956521739130434,0.003985507246376811,15.3531,0.7761,19.3528,3.9997,0.0,0.0,0.0,19.3528,0.7761,20.128899999999998,20.1308
1597,0.2114,0.0002,0.2116,0.0381,0.999054820415879,0.000945179584120983,12.231,0.122,12.2307,0.0,0.0,0.0,0.0,12.2307,0.122,12.3527,12.3498
1598,0.1431,0.0004,0.1434,0.0258,0.997907949790795,0.0027894002789400282,7.9911,0.2276,7.9913,0.0002,0.0,0.0,0.0,7.991300000000001,0.2276,8.218900000000001,8.2234
1599,0.0666,0.0007,0.0673,0.0121,0.9895988112927193,0.010401188707280832,3.5361,0.4529,5.5361,2.0,0.0,0.0,0.0,5.5361,0.4529,5.989,6.4914
1600,0.2896,0.0004,0.29,0.0522,0.9986206896551726,0.0013793103448275863,15.6402,0.2508,16.6402,1.0,0.0,0.0,0.0,16.6402,0.2508,16.891000000000002,16.8948
1601,0.0717,0.0001,0.0718,0.0129,0.9986072423398328,0.001392757660167131,4.077,0.0388,4.0768,0.0,0.0,0.0,0.0,4.0768,0.0388,4.115600000000001,4.1167
1602,0.0568,0.0018,0.0586,0.0105,0.969283276450512,0.030716723549488054,3.3444,1.0717,3.3444,0.0,0.0,0.0,0.0,3.3444,1.0717,4.4161,4.4187
1603,0.2132,0.0043,0.2175,0.0392,0.9802298850574712,0.019770114942528737,11.322,2.7448,11.3217,0.0,0.0,0.0,0.0,11.3217,2.7448,14.0665,14.0656
1604,0.1573,0.0,0.1573,0.0283,1.0,0.0,8.4915,0.0086,8.4913,0.0,0.0,0.0,0.0,8.4913,0.0086,8.4999,8.5004
1605,0.1521,0.0086,0.1607,0.0289,0.9464841319228376,0.05351586807716241,8.7993,5.7413,8.7994,0.0001,0.0,0.0,0.0,8.7994,5.7413,14.540700000000001,14.5426
1606,0.2439,0.0099,0.2538,0.0457,0.9609929078014183,0.03900709219858156,13.6242,6.7065,14.6243,1.0001,0.0,0.0,0.0,14.624300000000002,6.706500000000001,21.330800000000004,21.3292
1607,0.0956,0.0041,0.0998,0.018,0.9579158316633267,0.04108216432865732,5.436,2.4928,5.4357,0.0,0.0,0.0,0.0,5.4357,2.4928,7.9285,7.9322
1608,0.2447,0.0002,0.2448,0.0441,0.9995915032679739,0.0008169934640522876,12.7863,0.0956,12.7862,0.0,0.0,0.0,0.0,12.786200000000001,0.0956,12.8818,12.8825
1609,0.1615,0.0005,0.162,0.0292,0.9969135802469136,0.0030864197530864196,9.513,0.3299,9.5129,0.0,0.0,0.0,0.0,9.5129,0.3299,9.8428,9.8431
1610,0.104,0.0009,0.1049,0.0189,0.9914204003813155,0.008579599618684462,5.436,0.619,5.4358,0.0,0.0,0.0,0.0,5.4357999999999995,0.619,6.054799999999999,6.053
1611,0.1497,0.0067,0.1564,0.0281,0.957161125319693,0.04283887468030691,8.361,4.048,8.3605,0.0,0.0,0.0,0.0,8.3605,4.048,12.4085,12.4105
1612,0.198,0.0006,0.1986,0.0357,0.9969788519637462,0.003021148036253776,11.4543,0.3838,11.4546,0.0003,0.0,0.0,0.0,11.4546,0.3838,11.8384,11.8357
1613,0.1125,0.0097,0.1222,0.022,0.9206219312602292,0.07937806873977087,6.3927,6.2768,8.3929,2.0002,0.0,0.0,0.0,8.392900000000001,6.2768,14.6697,14.6734
1614,0.154,0.0,0.1541,0.0277,0.9993510707332901,0.0,8.1819,0.0103,8.1819,0.0,0.0,0.0,0.0,8.1819,0.0103,8.192200000000001,8.1891
1615,0.1838,0.0,0.1838,0.0331,1.0,0.0,10.2663,0.0087,10.266,0.0,0.0,0.0,0.0,10.265999999999998,0.0087,10.274699999999998,10.2706
1616,0.2833,0.0066,0.2899,0.0522,0.9772335288030356,0.022766471196964472,15.0489,3.9627,16.0493,1.0004,0.0,0.0,0.0,16.0493,3.9627,20.012,20.0136
1617,0.0561,0.0127,0.0687,0.0124,0.8165938864628821,0.1848617176128093,3.0276,7.8081,5.0277,2.0001,0.0,0.0,0.0,5.027699999999999,7.8081000000000005,12.835799999999999,12.8402
1618,0.0655,0.019,0.0845,0.0152,0.7751479289940828,0.22485207100591714,3.5361,11.2209,4.5361,1.0,0.0,0.0,0.0,4.5361,11.2209,15.757000000000001,16.2549
1619,0.203,0.0001,0.2031,0.0365,0.999507631708518,0.0004923682914820286,10.6083,0.035,10.6083,0.0,0.0,0.0,0.0,10.6083,0.035,10.6433,10.6468
1620,0.1992,0.0081,0.2073,0.0373,0.9609261939218523,0.03907380607814761,11.7324,4.7229,14.7325,3.0001,0.0,0.0,0.0,14.7325,4.7229,19.4554,19.455
1621,0.1598,0.0,0.1598,0.0288,1.0,0.0,9.0828,0.0235,9.0829,0.0001,0.0,0.0,0.0,9.082900000000002,0.0235,9.106400000000002,9.1083
1622,0.1865,0.0001,0.1866,0.0336,0.9994640943193999,0.0005359056806002145,9.9063,0.0756,9.9063,0.0,0.0,0.0,0.0,9.9063,0.0756,9.9819,9.9802
1623,0.1419,0.0016,0.1435,0.0258,0.9888501742160279,0.011149825783972127,8.361,1.0931,9.3609,0.9999,0.0,0.0,0.0,9.3609,1.0931000000000002,10.454,10.455
1624,0.1951,0.0001,0.1952,0.0351,0.9994877049180327,0.0005122950819672131,10.0332,0.0903,11.0327,0.9995,0.0,0.0,0.0,11.032699999999998,0.0903,11.122999999999998,11.1201
1625,0.2654,0.0,0.2654,0.0478,1.0,0.0,15.3531,0.0158,15.3528,0.0,0.0,0.0,0.0,15.352799999999998,0.0158,15.368599999999999,15.3721
1626,0.2576,0.0003,0.2579,0.0464,0.9988367584335013,0.0011632415664986427,14.1444,0.1881,14.1444,0.0,0.0,0.0,0.0,14.144400000000001,0.18810000000000002,14.332500000000001,14.3343
1627,0.1435,0.0037,0.1471,0.0265,0.9755268524813051,0.02515295717199184,8.154,2.4918,8.154,0.0,0.0,0.0,0.0,8.154,2.4918,10.6458,11.1477
1628,0.1237,0.0013,0.125,0.0225,0.9896,0.0104,6.795,0.8189,6.795,0.0,0.0,0.0,0.0,6.795,0.8189,7.6139,7.616
1629,0.2368,0.0045,0.2413,0.0434,0.9813510153336097,0.018648984666390384,12.7863,2.9793,13.786,0.9997,0.0,0.0,0.0,13.786000000000001,2.9793000000000003,16.765300000000003,16.7662
1630,0.2401,0.0,0.2401,0.0432,1.0,0.0,13.6467,0.0117,15.6472,2.0005,0.0,0.0,0.0,15.647200000000002,0.0117,15.658900000000001,15.6596
1631,0.0632,0.0101,0.0733,0.0132,0.8622100954979537,0.13778990450204637,3.4119,6.4603,9.4119,6.0,0.0,0.0,0.0,9.411900000000001,6.460300000000001,15.872200000000003,16.3729
1632,0.2241,0.0044,0.2285,0.0411,0.9807439824945294,0.01925601750547046,12.7368,2.9027,16.7369,4.0001,0.0,0.0,0.0,16.7369,2.9027,19.639599999999998,20.1403
1633,0.2072,0.0016,0.2088,0.0376,0.9923371647509578,0.007662835249042145,11.1879,1.0362,14.1879,3.0,0.0,0.0,0.0,14.1879,1.0362,15.2241,15.2195
1634,0.1727,0.0001,0.1728,0.0311,0.9994212962962962,0.0005787037037037037,9.8181,0.0548,9.8181,0.0,0.0,0.0,0.0,9.8181,0.0548,9.8729,9.8733
1635,0.1864,0.0014,0.1878,0.0338,0.992545260915868,0.007454739084132056,10.2357,0.9128,10.2352,0.0,0.0,0.0,0.0,10.235199999999999,0.9128000000000001,11.148,11.1446
1636,0.0916,0.0,0.0916,0.0165,1.0,0.0,5.1174,0.0079,5.1177,0.0003,0.0,0.0,0.0,5.117699999999999,0.007899999999999999,5.1255999999999995,5.1222
1637,0.1279,0.0,0.128,0.023,0.99921875,0.0,6.795,0.0189,8.7949,1.9999,0.0,0.0,0.0,8.7949,0.0189,8.8138,8.8113
1638,0.0768,0.0038,0.0806,0.0145,0.9528535980148882,0.047146401985111656,4.077,2.2009,6.0769,1.9999,0.0,0.0,0.0,6.0769,2.2009000000000003,8.277800000000001,8.7739
1639,0.1494,0.0032,0.1526,0.0275,0.9790301441677588,0.020969855832241154,8.4915,2.1438,8.4912,0.0,0.0,0.0,0.0,8.491200000000001,2.1438,10.635000000000002,10.6315
1640,0.0622,0.0148,0.077,0.0139,0.8077922077922077,0.19220779220779222,3.5361,9.7643,5.5361,2.0,0.0,0.0,0.0,5.5361,9.764299999999999,15.3004,15.2993
1641,0.1555,0.0,0.1556,0.028,0.9993573264781491,0.0,8.6886,0.0181,8.6891,0.0005,0.0,0.0,0.0,8.6891,0.018099999999999998,8.7072,8.7044
1642,0.2947,0.0038,0.2984,0.0537,0.9876005361930296,0.012734584450402145,15.9129,2.1668,15.9126,0.0,0.0,0.0,0.0,15.912600000000001,2.1668000000000003,18.0794,18.078
1643,0.2303,0.0,0.2303,0.0415,1.0,0.0,13.0905,0.0068,13.0907,0.0002,0.0,0.0,0.0,13.090699999999998,0.0068,13.097499999999998,13.0993
1644,0.1628,0.0001,0.1629,0.0293,0.9993861264579498,0.0006138735420503377,9.5895,0.0497,9.5896,0.0001,0.0,0.0,0.0,9.5896,0.04970000000000001,9.6393,9.6393
1645,0.0883,0.0151,0.1033,0.0186,0.8547918683446273,0.14617618586640851,5.0166,9.4758,5.0164,0.0,0.0,0.0,0.0,5.016399999999999,9.4758,14.492199999999999,14.4887
1646,0.1609,0.0128,0.1737,0.0313,0.9263097294185376,0.0736902705814623,8.6886,8.7046,8.689,0.0004,0.0,0.0,0.0,8.689,8.7046,17.3936,17.3982
1647,0.2569,0.0,0.257,0.0463,0.9996108949416342,0.0,13.6467,0.02,13.6471,0.0004,0.0,0.0,0.0,13.647100000000002,0.02,13.667100000000001,13.6677
1648,0.0552,0.0,0.0552,0.0099,1.0,0.0,2.9331,0.0054,2.9331,0.0,0.0,0.0,0.0,2.9331,0.0054,2.9385,2.9406
1649,0.1288,0.0001,0.1288,0.0232,1.0,0.0007763975155279504,7.0722,0.036,7.0722,0.0,0.0,0.0,0.0,7.0722000000000005,0.036,7.1082,7.1066
1650,0.129,0.0,0.129,0.0232,1.0,0.0,7.3332,0.0191,7.3329,0.0,0.0,0.0,0.0,7.3329,0.0191,7.352,7.3509
1651,0.1357,0.0,0.1357,0.0244,1.0,0.0,7.9911,0.0062,7.9913,0.0002,0.0,0.0,0.0,7.991300000000001,0.0062,7.9975000000000005,7.9933
1652,0.1468,0.0,0.1468,0.0264,1.0,0.0,8.4915,0.0098,8.4913,0.0,0.0,0.0,0.0,8.4913,0.0098,8.501100000000001,8.498
1653,0.0733,0.0,0.0734,0.0132,0.9986376021798364,0.0,4.4001,0.0208,4.3996,0.0,0.0,0.0,0.0,4.3996,0.0208,4.420400000000001,4.424
1654,0.0995,0.0004,0.0999,0.018,0.995995995995996,0.004004004004004004,5.1174,0.2504,5.1176,0.0002,0.0,0.0,0.0,5.1175999999999995,0.2504,5.367999999999999,5.3708
1655,0.1359,0.0002,0.1361,0.0245,0.9985304922850845,0.0014695077149155034,8.154,0.0966,8.154,0.0,0.0,0.0,0.0,8.154,0.0966,8.2506,8.255
1656,0.0815,0.002,0.0834,0.015,0.9772182254196643,0.023980815347721823,4.4001,1.2954,4.3999,0.0,0.0,0.0,0.0,4.3999,1.2954,5.6953,5.6928
1657,0.1866,0.0003,0.1869,0.0336,0.9983948635634028,0.0016051364365971105,10.6083,0.1738,10.6085,0.0002,0.0,0.0,0.0,10.6085,0.1738,10.7823,10.7777
1658,0.1663,0.0002,0.1665,0.03,0.9987987987987987,0.0012012012012012011,8.6886,0.1524,8.6888,0.0002,0.0,0.0,0.0,8.6888,0.15240000000000004,8.8412,8.8434
1659,0.1501,0.0001,0.1502,0.027,0.9993342210386152,0.0006657789613848203,8.5293,0.0784,8.5293,0.0,0.0,0.0,0.0,8.5293,0.0784,8.6077,8.6038
1660,0.0495,0.0017,0.0512,0.0092,0.966796875,0.033203125,2.718,1.0593,2.7178,0.0,0.0,0.0,0.0,2.7177999999999995,1.0593,3.7770999999999995,3.7791
1661,0.1985,0.0021,0.2007,0.0361,0.9890383657199802,0.01046337817638266,10.9026,1.387,10.9029,0.0003,0.0,0.0,0.0,10.902900000000002,1.387,12.289900000000003,12.2858
1662,0.2216,0.0009,0.2225,0.0401,0.9959550561797752,0.0040449438202247185,12.3768,0.6522,12.3765,0.0,0.0,0.0,0.0,12.3765,0.6522,13.0287,13.0333
1663,0.1515,0.0014,0.1529,0.0275,0.9908436886854152,0.009156311314584695,8.1819,0.9377,8.1819,0.0,0.0,0.0,0.0,8.1819,0.9377000000000001,9.1196,9.1195
1664,0.0611,0.001,0.0621,0.0112,0.9838969404186796,0.01610305958132045,3.5361,0.6471,3.5361,0.0,0.0,0.0,0.0,3.5361000000000002,0.6471000000000001,4.1832,4.1828
1665,0.0883,0.0006,0.0889,0.016,0.9932508436445444,0.006749156355455567,4.5414,0.3702,4.5416,0.0002,0.0,0.0,0.0,4.541600000000001,0.37020000000000003,4.9118,4.916
1666,0.2773,0.0001,0.2773,0.0499,1.0,0.0003606202668589975,14.7276,0.0343,14.7275,0.0,0.0,0.0,0.0,14.727500000000001,0.0343,14.761800000000001,14.7632
1667,0.129,0.0,0.129,0.0232,1.0,0.0,7.3332,0.0051,7.3327,0.0,0.0,0.0,0.0,7.3327,0.0051,7.3378,7.3374
1668,0.1244,0.0,0.1245,0.0224,0.9991967871485944,0.0,6.9516,0.0097,6.9514,0.0,0.0,0.0,0.0,6.9514000000000005,0.0097,6.9611,6.9636
1669,0.0973,0.0069,0.1042,0.0188,0.9337811900191938,0.06621880998080613,5.436,4.8315,5.4358,0.0,0.0,0.0,0.0,5.4357999999999995,4.831500000000001,10.2673,10.2627
1670,0.0489,0.0001,0.0489,0.0088,1.0,0.002044989775051125,2.9331,0.0408,2.9333,0.0002,0.0,0.0,0.0,2.9333,0.0408,2.9741,2.9756
1671,0.2132,0.0032,0.2163,0.0389,0.9856680536292187,0.014794267221451688,11.7054,2.1215,11.7053,0.0,0.0,0.0,0.0,11.705299999999998,2.1214999999999997,13.826799999999997,13.8279
1672,0.2898,0.0224,0.3121,0.0562,0.9285485421339315,0.07177186799102851,15.9129,13.1101,15.9127,0.0,0.0,0.0,0.0,15.912700000000001,13.1101,29.0228,29.0199
1673,0.2378,0.0001,0.2379,0.0428,0.9995796553173603,0.0004203446826397646,12.231,0.0346,12.2306,0.0,0.0,0.0,0.0,12.2306,0.0346,12.2652,12.2613
1674,0.1222,0.0012,0.1234,0.0222,0.9902755267423016,0.00972447325769854,7.3332,0.7853,7.3328,0.0,0.0,0.0,0.0,7.332800000000001,0.7853,8.1181,8.1187
1675,0.1455,0.0003,0.1458,0.0262,0.9979423868312756,0.0020576131687242796,7.9911,0.1955,7.9915,0.0004,0.0,0.0,0.0,7.9915,0.1955,8.187000000000001,8.1888
1676,0.0916,0.0001,0.0917,0.0165,0.9989094874591058,0.0010905125408942203,5.1174,0.0638,5.1175,0.0001,0.0,0.0,0.0,5.1175,0.06380000000000001,5.181299999999999,5.1829
1677,0.064,0.0,0.064,0.0115,1.0,0.0,3.3444,0.0085,3.3443,0.0,0.0,0.0,0.0,3.3442999999999996,0.0085,3.3528,3.3495
1678,0.1897,0.0005,0.1902,0.0342,0.9973711882229233,0.0026288117770767614,10.5966,0.3349,10.5967,0.0001,0.0,0.0,0.0,10.5967,0.3349,10.9316,10.9296
1679,0.2003,0.0096,0.2098,0.0378,0.9547187797902765,0.04575786463298379,11.1879,6.3898,11.188,0.0001,0.0,0.0,0.0,11.188,6.3898,17.5778,17.5822
1680,0.047,0.0005,0.0474,0.0085,0.9915611814345993,0.010548523206751056,2.718,0.3072,2.7179,0.0,0.0,0.0,0.0,2.7178999999999998,0.30720000000000003,3.0250999999999997,3.0224
1681,0.1866,0.0003,0.1869,0.0336,0.9983948635634028,0.0016051364365971105,10.6083,0.2037,10.6083,0.0,0.0,0.0,0.0,10.6083,0.2037,10.812,10.808
1682,0.2204,0.0,0.2204,0.0397,1.0,0.0,11.7054,0.0089,11.7051,0.0,0.0,0.0,0.0,11.705099999999998,0.0089,11.713999999999999,11.7135
1683,0.0853,0.0001,0.0853,0.0154,1.0,0.001172332942555686,5.1174,0.0379,5.1177,0.0003,0.0,0.0,0.0,5.117699999999999,0.037899999999999996,5.155599999999999,5.1556
1684,0.0533,0.0011,0.0544,0.0098,0.979779411764706,0.02022058823529412,2.8305,0.6943,2.8305,0.0,0.0,0.0,0.0,2.8305,0.6942999999999999,3.5248,3.5208
1685,0.1626,0.0,0.1626,0.0293,1.0,0.0,9.0828,0.0125,9.0828,0.0,0.0,0.0,0.0,9.0828,0.012499999999999999,9.0953,9.0929
1686,0.2192,0.0002,0.2194,0.0395,0.999088422971741,0.0009115770282588879,11.4543,0.1136,11.4543,0.0,0.0,0.0,0.0,11.4543,0.1136,11.5679,11.5659
1687,0.2336,0.0002,0.2338,0.0421,0.9991445680068435,0.000855431993156544,14.0184,0.1142,14.0181,0.0,0.0,0.0,0.0,14.0181,0.1142,14.1323,14.1305
1688,0.2312,0.0013,0.2325,0.0418,0.9944086021505375,0.005591397849462365,13.3776,0.7949,13.3771,0.0,0.0,0.0,0.0,13.377099999999999,0.7948999999999999,14.171999999999999,14.1711
1689,0.0579,0.0002,0.0582,0.0105,0.9948453608247423,0.003436426116838488,3.4119,0.1415,3.4118,0.0,0.0,0.0,0.0,3.4118000000000004,0.1415,3.5533000000000006,3.5528
1690,0.1172,0.0054,0.1226,0.0221,0.9559543230016313,0.04404567699836868,6.5457,3.2637,6.5455,0.0,0.0,0.0,0.0,6.545499999999999,3.2637,9.809199999999999,9.8092
1691,0.2601,0.0013,0.2615,0.0471,0.9946462715105162,0.00497131931166348,13.3776,0.9206,13.3769,0.0,0.0,0.0,0.0,13.3769,0.9206000000000001,14.2975,14.2959
1692,0.2216,0.0079,0.2294,0.0413,0.9659982563208369,0.03443766346992154,12.3768,5.3428,12.3765,0.0,0.0,0.0,0.0,12.3765,5.3427999999999995,17.7193,17.7229
1693,0.1066,0.0001,0.1066,0.0192,1.0,0.0009380863039399625,5.661,0.0399,5.661,0.0,0.0,0.0,0.0,5.661,0.0399,5.7009,5.7026
1694,0.1687,0.0135,0.1822,0.0328,0.9259055982436882,0.07409440175631174,9.5895,8.3799,9.5897,0.0002,0.0,0.0,0.0,9.5897,8.379900000000001,17.9696,17.9697
1695,0.0596,0.0045,0.0641,0.0115,0.9297971918876754,0.07020280811232449,3.1149,3.0025,3.1151,0.0002,0.0,0.0,0.0,3.1151,3.0025000000000004,6.1176,6.1135
1696,0.1879,0.0,0.1879,0.0338,1.0,0.0,10.872,0.0208,10.8718,0.0,0.0,0.0,0.0,10.871799999999999,0.0208,10.892599999999998,10.8955
1697,0.1133,0.0,0.1133,0.0204,1.0,0.0,6.795,0.0109,6.7949,0.0,0.0,0.0,0.0,6.794899999999999,0.0109,6.8058,6.8087
1698,0.1834,0.0003,0.1837,0.0331,0.9983669025585193,0.001633097441480675,10.4265,0.1625,10.4266,0.0001,0.0,0.0,0.0,10.4266,0.1625,10.5891,10.5856
1699,0.163,0.0,0.163,0.0293,1.0,0.0,8.7993,0.0111,8.7995,0.0002,0.0,0.0,0.0,8.7995,0.011099999999999999,8.8106,8.8057
1700,0.1931,0.0,0.1931,0.0348,1.0,0.0,10.4265,0.0201,10.4265,0.0,0.0,0.0,0.0,10.4265,0.0201,10.4466,10.4428
1701,0.0851,0.0001,0.0852,0.0153,0.9988262910798121,0.0011737089201877935,4.6728,0.0531,4.6728,0.0,0.0,0.0,0.0,4.6728,0.0531,4.725899999999999,4.7278
1702,0.1313,0.0013,0.1326,0.0239,0.9901960784313726,0.00980392156862745,7.3332,0.8586,7.333,0.0,0.0,0.0,0.0,7.333,0.8586,8.191600000000001,8.1879
1703,0.0555,0.0002,0.0557,0.01,0.9964093357271095,0.003590664272890485,3.2724,0.1111,3.2726,0.0002,0.0,0.0,0.0,3.2725999999999997,0.1111,3.3836999999999997,3.3875
1704,0.1465,0.0024,0.1489,0.0268,0.9838817998656816,0.016118200134318333,8.1819,1.5128,8.1818,0.0,0.0,0.0,0.0,8.1818,1.5128,9.694600000000001,9.6962
1705,0.1527,0.0034,0.1561,0.0281,0.9782190903267137,0.021780909673286355,8.5293,2.1837,8.5293,0.0,0.0,0.0,0.0,8.5293,2.1837,10.713,10.7166
1706,0.1466,0.0,0.1467,0.0264,0.9993183367416497,0.0,7.7877,0.0256,7.7877,0.0,0.0,0.0,0.0,7.787699999999999,0.025599999999999998,7.813299999999999,7.8098
1707,0.0533,0.0001,0.0534,0.0096,0.99812734082397,0.0018726591760299626,2.8305,0.0753,2.8305,0.0,0.0,0.0,0.0,2.8305,0.07529999999999999,2.9057999999999997,2.9065
1708,0.0622,0.0008,0.063,0.0113,0.9873015873015872,0.012698412698412698,3.4758,0.5097,3.4757,0.0,0.0,0.0,0.0,3.4757000000000002,0.5097,3.9854000000000003,3.989
1709,0.2003,0.0118,0.2121,0.0382,0.9443658651579443,0.05563413484205563,11.1879,7.9614,11.1879,0.0,0.0,0.0,0.0,11.1879,7.9614,19.1493,19.15
1710,0.1466,0.0,0.1466,0.0264,1.0,0.0,7.7877,0.0109,7.7877,0.0,0.0,0.0,0.0,7.787699999999999,0.0109,7.7985999999999995,7.8026
1711,0.2136,0.0006,0.2142,0.0386,0.9971988795518207,0.0028011204481792713,11.7324,0.3632,12.7327,1.0003,0.0,0.0,0.0,12.732700000000001,0.3632,13.095900000000002,13.0987
1712,0.131,0.0045,0.1356,0.0244,0.9660766961651918,0.0331858407079646,7.0758,2.7565,7.0759,0.0001,0.0,0.0,0.0,7.0759,2.7565000000000004,9.8324,9.8279
1713,0.1732,0.0075,0.1807,0.0325,0.9584947426674045,0.04150525733259546,9.513,4.8678,9.5127,0.0,0.0,0.0,0.0,9.5127,4.8678,14.380500000000001,14.3762
1714,0.1773,0.0113,0.1886,0.034,0.9400848356309651,0.059915164369035,9.9063,6.686,9.9067,0.0004,0.0,0.0,0.0,9.9067,6.686000000000001,16.5927,16.5901
1715,0.2654,0.0,0.2654,0.0478,1.0,0.0,15.3531,0.0169,15.3528,0.0,0.0,0.0,0.0,15.352799999999998,0.016900000000000002,15.369699999999998,15.3707
1716,0.1192,0.0,0.1192,0.0215,1.0,0.0,6.5457,0.0128,6.5454,0.0,0.0,0.0,0.0,6.545399999999999,0.0128,6.558199999999999,6.56
1717,0.1838,0.0001,0.1838,0.0331,1.0,0.000544069640914037,10.2663,0.0418,10.2661,0.0,0.0,0.0,0.0,10.2661,0.0418,10.3079,10.3034
1718,0.099,0.0001,0.0991,0.0178,0.9989909182643796,0.0010090817356205853,5.436,0.0791,5.4358,0.0,0.0,0.0,0.0,5.4357999999999995,0.0791,5.5149,5.5199
1719,0.0883,0.0,0.0883,0.0159,1.0,0.0,5.0166,0.0275,5.0164,0.0,0.0,0.0,0.0,5.016399999999999,0.027500000000000004,5.043899999999999,5.0453
1720,0.1232,0.0028,0.126,0.0227,0.9777777777777779,0.022222222222222223,6.5457,1.7124,6.5456,0.0,0.0,0.0,0.0,6.5455999999999985,1.7124,8.258,8.2546
1721,0.1448,0.0,0.1449,0.0261,0.9993098688750863,0.0,7.569,0.0116,7.5691,0.0001,0.0,0.0,0.0,7.5691,0.011600000000000001,7.580699999999999,7.5758
1722,0.1014,0.0,0.1014,0.0183,1.0,0.0,5.8662,0.0199,5.8662,0.0,0.0,0.0,0.0,5.8662,0.0199,5.8861,5.8841
1723,0.0879,0.0119,0.0998,0.018,0.8807615230460922,0.11923847695390782,4.9095,7.6046,4.9092,0.0,0.0,0.0,0.0,4.909199999999999,7.6046000000000005,12.5138,12.5144
1724,0.1899,0.0,0.1899,0.0342,1.0,0.0,10.4265,0.0099,10.4266,0.0001,0.0,0.0,0.0,10.4266,0.009899999999999999,10.4365,10.4397
1725,0.2211,0.0002,0.2214,0.0398,0.9986449864498644,0.0009033423667570009,11.9412,0.1366,11.9412,0.0,0.0,0.0,0.0,11.9412,0.1366,12.0778,12.079
1726,0.1598,0.0003,0.1601,0.0288,0.9981261711430356,0.0018738288569643971,9.5895,0.2,10.5896,1.0001,0.0,0.0,0.0,10.5896,0.20000000000000004,10.7896,10.7869
1727,0.1689,0.0008,0.1698,0.0306,0.9946996466431095,0.004711425206124852,8.6886,0.5537,8.6889,0.0003,0.0,0.0,0.0,8.6889,0.5537,9.2426,9.2379
1728,0.1153,0.0,0.1154,0.0208,0.9991334488734835,0.0,6.795,0.0218,6.7947,0.0,0.0,0.0,0.0,6.7947,0.0218,6.8165,6.8143
1729,0.2086,0.0001,0.2087,0.0376,0.9995208433157643,0.0004791566842357451,10.9026,0.0506,10.9028,0.0002,0.0,0.0,0.0,10.902800000000003,0.0506,10.953400000000002,10.9543
1730,0.2343,0.0002,0.2345,0.0422,0.9991471215351814,0.0008528784648187634,13.0905,0.1098,13.0907,0.0002,0.0,0.0,0.0,13.090699999999998,0.1098,13.200499999999998,13.2046
1731,0.1776,0.0007,0.1783,0.0321,0.9960740325294449,0.003925967470555244,9.5895,0.4874,9.5896,0.0001,0.0,0.0,0.0,9.589599999999999,0.48740000000000006,10.076999999999998,10.0809
1732,0.1846,0.0,0.1846,0.0332,1.0,0.0,10.872,0.0208,10.8718,0.0,0.0,0.0,0.0,10.871799999999999,0.020799999999999996,10.892599999999998,10.8881
1733,0.1651,0.0,0.1651,0.0297,1.0,0.0,9.9063,0.0196,9.9064,0.0001,0.0,0.0,0.0,9.906400000000001,0.0196,9.926000000000002,9.923
1734,0.1682,0.0006,0.1688,0.0304,0.9964454976303316,0.003554502369668246,9.0828,0.4222,9.0829,0.0001,0.0,0.0,0.0,9.082900000000002,0.4222,9.505100000000002,9.5037
1735,0.2553,0.0,0.2553,0.046,1.0,0.0,14.0184,0.0276,14.0182,0.0,0.0,0.0,0.0,14.0182,0.027600000000000003,14.0458,14.0496
1736,0.1101,0.0,0.1101,0.0198,1.0,0.0,5.661,0.0204,5.6609,0.0,0.0,0.0,0.0,5.6609,0.020399999999999998,5.6813,5.6823
1737,0.1583,0.0001,0.1584,0.0285,0.9993686868686867,0.0006313131313131313,8.8407,0.0756,8.8402,0.0,0.0,0.0,0.0,8.8402,0.0756,8.915799999999999,8.918
1738,0.2683,0.0,0.2683,0.0483,1.0,0.0,14.0184,0.0152,14.0183,0.0,0.0,0.0,0.0,14.0183,0.015200000000000002,14.0335,14.0344
1739,0.2312,0.0016,0.2328,0.0419,0.9931271477663229,0.006872852233676976,13.3776,1.0456,13.3773,0.0,0.0,0.0,0.0,13.377299999999998,1.0456,14.422899999999998,14.4215
1740,0.3094,0.0001,0.3095,0.0557,0.9996768982229403,0.00032310177705977385,15.9129,0.0384,15.9126,0.0,0.0,0.0,0.0,15.912600000000001,0.038400000000000004,15.951,15.947
1741,0.099,0.0002,0.0992,0.0179,0.997983870967742,0.002016129032258065,5.436,0.145,5.436,0.0,0.0,0.0,0.0,5.436,0.14500000000000002,5.5809999999999995,5.5784
1742,0.2095,0.0007,0.2102,0.0378,0.9966698382492863,0.003330161750713606,11.7054,0.4262,11.7053,0.0,0.0,0.0,0.0,11.705299999999998,0.4262000000000001,12.131499999999997,12.1335
1743,0.1237,0.0068,0.1306,0.0235,0.9471669218989281,0.052067381316998465,6.795,4.6977,6.795,0.0,0.0,0.0,0.0,6.795,4.6977,11.4927,11.4943
1744,0.1014,0.0022,0.1036,0.0187,0.9787644787644788,0.021235521235521238,5.8662,1.3686,5.8662,0.0,0.0,0.0,0.0,5.8662,1.3685999999999998,7.2348,7.2334
1745,0.0998,0.0001,0.0999,0.018,0.998998998998999,0.001001001001001001,5.2137,0.0728,5.2135,0.0,0.0,0.0,0.0,5.2135,0.0728,5.2863,5.2822
1746,0.2652,0.0001,0.2653,0.0478,0.9996230682246514,0.00037693177534866196,15.9129,0.0687,15.9124,0.0,0.0,0.0,0.0,15.912400000000002,0.0687,15.981100000000001,15.9787
1747,0.0916,0.0019,0.0935,0.0168,0.9796791443850268,0.020320855614973262,5.1174,1.1748,5.1176,0.0002,0.0,0.0,0.0,5.1175999999999995,1.1748,6.2924,6.2923
1748,0.2178,0.0001,0.2179,0.0392,0.9995410738871041,0.0004589261128958238,12.1644,0.0612,12.1645,0.0001,0.0,0.0,0.0,12.164499999999999,0.0612,12.225699999999998,12.2239
1749,0.2481,0.0002,0.2483,0.0447,0.9991945227547322,0.0008054772452678212,13.6242,0.1101,13.6247,0.0005,0.0,0.0,0.0,13.6247,0.1101,13.7348,13.7317
1750,0.1851,0.0,0.1851,0.0333,1.0,0.0,10.9026,0.0055,10.9029,0.0003,0.0,0.0,0.0,10.9029,0.0055000000000000005,10.9084,10.9054
1751,0.275,0.0001,0.2751,0.0495,0.9996364958197019,0.0003635041802980734,15.9129,0.0343,15.9126,0.0,0.0,0.0,0.0,15.912600000000001,0.0343,15.946900000000001,15.9452
1752,0.0822,0.0093,0.0915,0.0165,0.8983606557377048,0.10163934426229508,4.6728,5.8042,4.6728,0.0,0.0,0.0,0.0,4.6728,5.8042,10.477,10.4741
1753,0.1732,0.0,0.1732,0.0312,1.0,0.0,9.513,0.0096,9.5128,0.0,0.0,0.0,0.0,9.5128,0.0096,9.522400000000001,9.5219
1754,0.1442,0.0003,0.1445,0.026,0.997923875432526,0.0020761245674740486,7.7877,0.185,7.7877,0.0,0.0,0.0,0.0,7.787699999999999,0.185,7.972699999999999,7.973
1755,0.2654,0.0014,0.2668,0.048,0.9947526236881561,0.005247376311844078,13.6467,0.9535,13.647,0.0003,0.0,0.0,0.0,13.647000000000002,0.9535,14.600500000000002,14.6041
1756,0.219,0.0,0.219,0.0394,1.0,0.0,12.231,0.0092,12.2306,0.0,0.0,0.0,0.0,12.2306,0.0092,12.2398,12.2385
1757,0.2216,0.0158,0.2374,0.0427,0.9334456613310868,0.06655433866891323,12.3768,9.9072,14.3766,1.9998,0.0,0.0,0.0,14.3766,9.9072,24.2838,24.2836
1758,0.1173,0.0,0.1173,0.0211,1.0,0.0,6.2298,0.0233,6.2302,0.0004,0.0,0.0,0.0,6.230200000000001,0.0233,6.253500000000001,6.2497
1759,0.052,0.0004,0.0524,0.0094,0.9923664122137403,0.007633587786259542,2.718,0.2607,2.7179,0.0,0.0,0.0,0.0,2.7178999999999998,0.2607,2.9785999999999997,2.9762
1760,0.1598,0.0021,0.1619,0.0291,0.9870290302655961,0.012970969734403953,9.0828,1.4747,9.0829,0.0001,0.0,0.0,0.0,9.082900000000002,1.4747,10.557600000000003,10.5564
1761,0.1335,0.0096,0.1431,0.0258,0.9329140461215933,0.0670859538784067,7.3332,6.0329,9.333,1.9998,0.0,0.0,0.0,9.333,6.0329,15.3659,15.3643
1762,0.2241,0.0,0.2241,0.0403,1.0,0.0,12.7368,0.0044,12.7369,0.0001,0.0,0.0,0.0,12.7369,0.0044,12.7413,12.7364
1763,0.205,0.0006,0.2057,0.037,0.9965969859017987,0.0029168692270296545,11.4543,0.3779,11.4547,0.0004,0.0,0.0,0.0,11.454699999999999,0.37789999999999996,11.8326,11.8324
1764,0.1523,0.0,0.1523,0.0274,1.0,0.0,8.361,0.0086,8.3608,0.0,0.0,0.0,0.0,8.360800000000001,0.0086,8.3694,8.3645
1765,0.0773,0.0001,0.0774,0.0139,0.9987080103359173,0.0012919896640826874,4.2453,0.0761,4.2456,0.0003,0.0,0.0,0.0,4.2456000000000005,0.0761,4.321700000000001,4.3181
1766,0.0588,0.0009,0.0597,0.0107,0.9849246231155778,0.01507537688442211,3.3444,0.5084,3.3443,0.0,0.0,0.0,0.0,3.3442999999999996,0.5084000000000001,3.8526999999999996,3.8531
1767,0.1418,0.0051,0.1469,0.0264,0.965282505105514,0.03471749489448605,7.7877,3.1228,10.7877,3.0,0.0,0.0,0.0,10.7877,3.1228,13.910499999999999,13.9115
1768,0.0873,0.0032,0.0906,0.0163,0.9635761589403974,0.03532008830022075,4.7952,2.1266,4.7949,0.0,0.0,0.0,0.0,4.7949,2.1266000000000003,6.9215,6.9259
1769,0.2682,0.0003,0.2685,0.0483,0.9988826815642458,0.0011173184357541898,14.7276,0.172,14.7274,0.0,0.0,0.0,0.0,14.727400000000001,0.17200000000000001,14.899400000000002,14.9032
1770,0.1431,0.013,0.156,0.0281,0.9173076923076924,0.08333333333333333,7.9911,8.1832,8.9912,1.0001,0.0,0.0,0.0,8.991200000000001,8.1832,17.1744,17.1706
1771,0.1702,0.0,0.1702,0.0306,1.0,0.0,9.3456,0.0113,9.3454,0.0,0.0,0.0,0.0,9.345399999999998,0.011300000000000001,9.356699999999998,9.3519
1772,0.2027,0.0012,0.2039,0.0367,0.9941147621383031,0.00588523786169691,11.9412,0.7728,11.9412,0.0,0.0,0.0,0.0,11.9412,0.7728,12.714,12.7122
1773,0.1848,0.0004,0.1852,0.0333,0.9978401727861771,0.0021598272138228943,9.8181,0.235,9.8181,0.0,0.0,0.0,0.0,9.8181,0.235,10.053099999999999,10.055
1774,0.2553,0.0,0.2553,0.046,1.0,0.0,14.0184,0.0121,14.0182,0.0,0.0,0.0,0.0,14.0182,0.0121,14.0303,14.0291
1775,0.1959,0.0002,0.1961,0.0353,0.9989801121876594,0.0010198878123406426,10.2357,0.1394,10.2354,0.0,0.0,0.0,0.0,10.235399999999998,0.1394,10.374799999999999,10.3736
1776,0.1177,0.0031,0.1208,0.0217,0.9743377483443708,0.02566225165562914,6.6888,2.0099,6.6887,0.0,0.0,0.0,0.0,6.688699999999999,2.0099,8.698599999999999,8.7
1777,0.1746,0.0032,0.1778,0.032,0.9820022497187851,0.017997750281214846,9.5895,2.004,9.5896,0.0001,0.0,0.0,0.0,9.5896,2.004,11.5936,11.59
1778,0.2274,0.0002,0.2276,0.041,0.9991212653778558,0.0008787346221441125,13.6467,0.1163,13.647,0.0003,0.0,0.0,0.0,13.647000000000002,0.11629999999999999,13.763300000000003,13.7673
1779,0.205,0.0004,0.2054,0.037,0.9980525803310613,0.0019474196689386564,11.4543,0.2237,11.4545,0.0002,0.0,0.0,0.0,11.4545,0.22369999999999998,11.678199999999999,11.6796
1780,0.1515,0.0001,0.1516,0.0273,0.9993403693931397,0.0006596306068601583,8.1819,0.0319,8.1819,0.0,0.0,0.0,0.0,8.1819,0.0319,8.2138,8.217
1781,0.2519,0.0,0.2519,0.0453,1.0,0.0,13.3776,0.0307,13.377,0.0,0.0,0.0,0.0,13.376999999999999,0.0307,13.407699999999998,13.4102
1782,0.1192,0.0096,0.1288,0.0232,0.9254658385093167,0.07453416149068322,6.5457,6.4807,6.5455,0.0,0.0,0.0,0.0,6.545499999999999,6.480699999999999,13.026199999999998,13.0215
1783,0.2437,0.0071,0.2508,0.0452,0.9716905901116426,0.028309409888357256,12.7368,4.8305,14.7368,2.0,0.0,0.0,0.0,14.7368,4.830500000000001,19.567300000000003,19.5625
1784,0.1546,0.0005,0.1551,0.0279,0.996776273372018,0.0032237266279819474,8.4915,0.274,8.4915,0.0,0.0,0.0,0.0,8.4915,0.274,8.7655,8.7658
1785,0.0755,0.0023,0.0778,0.014,0.9704370179948587,0.02956298200514139,4.077,1.5217,4.0768,0.0,0.0,0.0,0.0,4.0768,1.5217,5.5985000000000005,5.5999
1786,0.0814,0.0,0.0814,0.0147,1.0,0.0,4.7952,0.0129,4.7947,0.0,0.0,0.0,0.0,4.794700000000001,0.012899999999999998,4.807600000000001,4.8038
1787,0.2439,0.0025,0.2464,0.0443,0.9898538961038961,0.010146103896103896,13.6242,1.5996,18.6243,5.0001,0.0,0.0,0.0,18.624299999999998,1.5995999999999997,20.223899999999997,20.2199
1788,0.0578,0.0115,0.0693,0.0125,0.834054834054834,0.16594516594516595,3.3444,6.8777,7.3443,3.9999,0.0,0.0,0.0,7.3443,6.8777,14.222,15.2256
1789,0.2532,0.0007,0.2539,0.0457,0.9972430090586843,0.0027569909413154782,13.9023,0.4791,13.9023,0.0,0.0,0.0,0.0,13.9023,0.4791,14.381400000000001,14.3851
1790,0.2269,0.0,0.2269,0.0409,1.0,0.0,12.4605,0.0282,12.4604,0.0,0.0,0.0,0.0,12.4604,0.0282,12.4886,12.4897
1791,0.2115,0.0002,0.2117,0.0381,0.9990552668871043,0.000944733112895607,12.4605,0.1074,12.4605,0.0,0.0,0.0,0.0,12.4605,0.1074,12.5679,12.5709
1792,0.1838,0.004,0.1878,0.0338,0.9787007454739084,0.021299254526091587,10.2663,2.5521,15.2661,4.9998,0.0,0.0,0.0,15.2661,2.5521,17.8182,18.8186
1793,0.1687,0.0025,0.1712,0.0308,0.9853971962616822,0.014602803738317759,9.5895,1.5598,14.5897,5.0002,0.0,0.0,0.0,14.5897,1.5598,16.1495,16.15
1794,0.2265,0.0001,0.2266,0.0408,0.9995586937334511,0.000441306266548985,12.231,0.0628,13.2307,0.9997,0.0,0.0,0.0,13.2307,0.06280000000000001,13.2935,13.2914
1795,0.2303,0.0003,0.2306,0.0415,0.9986990459670425,0.001300954032957502,13.0905,0.1963,13.0909,0.0004,0.0,0.0,0.0,13.090899999999998,0.1963,13.287199999999999,13.2832
1796,0.2445,0.0002,0.2447,0.044,0.9991826726604005,0.0008173273395995096,14.1444,0.1419,14.1445,0.0001,0.0,0.0,0.0,14.1445,0.1419,14.2864,14.2877
1797,0.1801,0.003,0.183,0.0329,0.9841530054644809,0.01639344262295082,10.2357,1.9234,17.2354,6.9997,0.0,0.0,0.0,17.2354,1.9234,19.1588,19.1625
1798,0.2027,0.0005,0.2032,0.0366,0.9975393700787402,0.0024606299212598425,10.4265,0.2975,10.4268,0.0003,0.0,0.0,0.0,10.4268,0.29750000000000004,10.7243,10.7236
1799,0.1514,0.0001,0.1515,0.0273,0.9993399339933994,0.0006600660066006601,9.0828,0.0579,9.083,0.0002,0.0,0.0,0.0,9.083000000000002,0.05789999999999999,9.140900000000002,9.1369
1800,0.1358,0.0019,0.1377,0.0248,0.9862018881626726,0.013798111837327525,7.3332,1.1488,10.3327,2.9995,0.0,0.0,0.0,10.3327,1.1488,11.4815,11.4841
1801,0.0932,0.0076,0.1008,0.0181,0.9246031746031746,0.07539682539682539,5.1174,4.6666,14.1176,9.0002,0.0,0.0,0.0,14.1176,4.666600000000001,18.7842,18.7849
1802,0.1682,0.005,0.1732,0.0312,0.9711316397228638,0.02886836027713626,9.0828,3.4326,10.0828,1.0,0.0,0.0,0.0,10.082799999999999,3.4326000000000003,13.5154,14.0198
1803,0.1409,0.0,0.141,0.0254,0.999290780141844,0.0,8.154,0.0175,8.1537,0.0,0.0,0.0,0.0,8.1537,0.0175,8.1712,8.1674
1804,0.1684,0.0,0.1684,0.0303,1.0,0.0,8.7993,0.0281,8.7999,0.0006,0.0,0.0,0.0,8.799900000000001,0.0281,8.828000000000001,8.8324
1805,0.1667,0.0001,0.1668,0.03,0.9994004796163068,0.0005995203836930456,9.8181,0.0655,9.8182,0.0001,0.0,0.0,0.0,9.8182,0.0655,9.8837,9.8874
1806,0.0939,0.0004,0.0943,0.017,0.9957582184517497,0.0042417815482502655,4.9095,0.2285,7.9094,2.9999,0.0,0.0,0.0,7.909400000000001,0.2285,8.1379,8.1394
1807,0.0592,0.0125,0.0717,0.0129,0.8256624825662483,0.17433751743375175,3.1968,7.6593,10.1966,6.9998,0.0,0.0,0.0,10.1966,7.6593,17.8559,17.8553
1808,0.2481,0.0046,0.2526,0.0455,0.9821852731591448,0.018210609659540775,13.6242,2.7541,16.6243,3.0001,0.0,0.0,0.0,16.624299999999998,2.7540999999999998,19.3784,19.8821
1809,0.1899,0.0073,0.1971,0.0355,0.9634703196347033,0.037037037037037035,10.4265,4.6557,13.4269,3.0004,0.0,0.0,0.0,13.4269,4.6556999999999995,18.0826,18.583
1810,0.0858,0.0107,0.0966,0.0174,0.8881987577639752,0.11076604554865423,4.7952,6.7151,6.7949,1.9997,0.0,0.0,0.0,6.7949,6.7151,13.51,13.5082
1811,0.09,0.0,0.0901,0.0162,0.9988901220865705,0.0,5.3046,0.0192,5.3043,0.0,0.0,0.0,0.0,5.3043000000000005,0.0192,5.3235,5.3223
1812,0.0717,0.0005,0.0722,0.013,0.9930747922437673,0.006925207756232687,4.077,0.3032,6.077,2.0,0.0,0.0,0.0,6.077,0.30319999999999997,6.3802,6.3764
1813,0.1332,0.0001,0.1333,0.024,0.9992498124531134,0.0007501875468867217,7.0758,0.0395,7.0762,0.0004,0.0,0.0,0.0,7.0762,0.0395,7.1157,7.1196
1814,0.2097,0.002,0.2116,0.0381,0.9910207939508506,0.00945179584120983,11.322,1.1993,12.3218,0.9998,0.0,0.0,0.0,12.3218,1.1993,13.5211,13.5218
1815,0.1152,0.012,0.1271,0.0229,0.9063729346970889,0.0944138473642801,6.5457,7.9812,7.5457,1.0,0.0,0.0,0.0,7.5457,7.9812,15.526900000000001,15.5291
1816,0.2269,0.0003,0.2272,0.0409,0.9986795774647886,0.0013204225352112674,12.4605,0.1817,12.4604,0.0,0.0,0.0,0.0,12.4604,0.18170000000000003,12.6421,12.6456
1817,0.2152,0.0037,0.2189,0.0394,0.9830973047053448,0.016902695294655094,12.231,2.3894,14.2305,1.9995,0.0,0.0,0.0,14.230500000000001,2.3894,16.6199,16.6245
1818,0.0948,0.0002,0.095,0.0171,0.9978947368421052,0.002105263157894737,5.1174,0.1375,5.1176,0.0002,0.0,0.0,0.0,5.1175999999999995,0.1375,5.2551,5.2523
1819,0.1418,0.0023,0.1441,0.0259,0.9840388619014574,0.015961138098542677,7.7877,1.2906,7.7877,0.0,0.0,0.0,0.0,7.787699999999999,1.2906,9.078299999999999,9.0821
1820,0.0815,0.0112,0.0927,0.0167,0.8791801510248112,0.12081984897518877,4.4001,7.256,5.3995,0.9994,0.0,0.0,0.0,5.399500000000001,7.256,12.6555,12.6546
1821,0.0898,0.0135,0.1033,0.0186,0.8693126815101646,0.13068731848983542,5.0166,8.9204,5.0165,0.0,0.0,0.0,0.0,5.0165,8.920399999999999,13.936899999999998,13.9365
1822,0.2162,0.0002,0.2164,0.039,0.9990757855822551,0.0009242144177449168,12.7368,0.1391,12.7372,0.0004,0.0,0.0,0.0,12.7372,0.1391,12.8763,12.8747
1823,0.0949,0.014,0.109,0.0196,0.8706422018348624,0.12844036697247707,5.2137,8.8,6.2136,0.9999,0.0,0.0,0.0,6.2136,8.8,15.0136,15.0134
1824,0.2141,0.003,0.2171,0.0391,0.9861814831874713,0.01381851681252879,11.1879,1.7455,11.1879,0.0,0.0,0.0,0.0,11.1879,1.7455,12.9334,12.9323
1825,0.2576,0.0044,0.262,0.0472,0.9832061068702289,0.016793893129770993,14.1444,2.7554,15.1445,1.0001,0.0,0.0,0.0,15.1445,2.7554,17.899900000000002,18.4002
1826,0.2317,0.0004,0.2321,0.0418,0.9982766049116759,0.0017233950883239983,13.6467,0.2741,14.6467,1.0,0.0,0.0,0.0,14.646700000000001,0.2741,14.920800000000002,14.9206
1827,0.0818,0.0001,0.0819,0.0147,0.9987789987789988,0.001221001221001221,4.9095,0.0523,4.9093,0.0,0.0,0.0,0.0,4.909299999999999,0.0523,4.961599999999999,4.9569
1828,0.2178,0.0,0.2178,0.0392,1.0,0.0,12.1644,0.008,12.1645,0.0001,0.0,0.0,0.0,12.164499999999999,0.008,12.172499999999998,12.1683
1829,0.2368,0.0028,0.2396,0.0431,0.988313856427379,0.011686143572621035,12.7863,1.6502,12.7863,0.0,0.0,0.0,0.0,12.7863,1.6502000000000001,14.4365,14.4385
1830,0.2093,0.0025,0.2118,0.0381,0.9881964117091597,0.011803588290840416,12.1104,1.5058,13.1105,1.0001,0.0,0.0,0.0,13.1105,1.5057999999999998,14.616299999999999,14.6133
1831,0.1776,0.0023,0.1799,0.0324,0.9872151195108394,0.012784880489160644,9.5895,1.5248,9.5898,0.0003,0.0,0.0,0.0,9.5898,1.5248000000000002,11.114600000000001,11.1143
1832,0.1992,0.0022,0.2014,0.0363,0.9890764647467726,0.01092353525322741,11.322,1.3365,15.3219,3.9999,0.0,0.0,0.0,15.3219,1.3365,16.6584,16.6588
1833,0.2253,0.0092,0.2344,0.0422,0.9611774744027304,0.03924914675767918,12.1644,5.8414,15.1645,3.0001,0.0,0.0,0.0,15.164499999999999,5.841399999999999,21.005899999999997,21.5042
1834,0.1177,0.0,0.1178,0.0212,0.999151103565365,0.0,6.0552,0.0241,6.0552,0.0,0.0,0.0,0.0,6.055199999999999,0.0241,6.079299999999999,6.0757
1835,0.1995,0.0007,0.2002,0.036,0.9965034965034966,0.0034965034965034965,10.5966,0.4134,10.5967,0.0001,0.0,0.0,0.0,10.5967,0.4134,11.0101,11.0149
1836,0.0596,0.0025,0.0621,0.0112,0.9597423510466988,0.040257648953301126,3.2724,1.7413,4.2724,1.0,0.0,0.0,0.0,4.272399999999999,1.7413,6.013699999999999,6.0123
1837,0.0505,0.0,0.0505,0.0091,1.0,0.0,3.0276,0.0063,3.0276,0.0,0.0,0.0,0.0,3.0275999999999996,0.0063,3.0338999999999996,3.0298
1838,0.1515,0.0016,0.1531,0.0276,0.9895493141737426,0.010450685826257348,8.1819,0.9837,8.1819,0.0,0.0,0.0,0.0,8.1819,0.9837,9.165600000000001,9.1678
1839,0.1897,0.0082,0.1979,0.0356,0.9585649317837293,0.04143506821627085,10.5966,5.5839,15.5967,5.0001,0.0,0.0,0.0,15.5967,5.5839,21.1806,21.1828
1840,0.1439,0.0061,0.1501,0.027,0.9586942038640905,0.04063957361758828,8.1819,3.8951,8.1818,0.0,0.0,0.0,0.0,8.1818,3.8951000000000002,12.076900000000002,12.5728
1841,0.1636,0.0001,0.1637,0.0295,0.9993891264508246,0.0006108735491753207,8.6886,0.0491,8.6889,0.0003,0.0,0.0,0.0,8.6889,0.049100000000000005,8.738,8.7397
1842,0.154,0.0001,0.1541,0.0277,0.9993510707332901,0.0006489292667099287,8.1819,0.0501,8.1819,0.0,0.0,0.0,0.0,8.1819,0.0501,8.232000000000001,8.2358
1843,0.152,0.0037,0.1557,0.028,0.9762363519588952,0.023763648041104687,8.4915,2.2694,8.4912,0.0,0.0,0.0,0.0,8.491200000000001,2.2694,10.7606,10.7557
1844,0.2694,0.0001,0.2695,0.0485,0.9996289424860851,0.00037105751391465676,15.0489,0.0371,15.0492,0.0003,0.0,0.0,0.0,15.049199999999999,0.0371,15.0863,15.0829
1845,0.0524,0.0001,0.0525,0.0094,0.9980952380952381,0.001904761904761905,2.8305,0.0402,2.8304,0.0,0.0,0.0,0.0,2.8304,0.0402,2.8706,2.8746
1846,0.1465,0.0003,0.1467,0.0264,0.9986366734832992,0.0020449897750511245,8.1819,0.1844,8.1817,0.0,0.0,0.0,0.0,8.181700000000001,0.18439999999999998,8.366100000000001,8.3709
1847,0.1494,0.0043,0.1537,0.0277,0.9720234222511386,0.027976577748861416,8.4915,2.6344,8.4914,0.0,0.0,0.0,0.0,8.4914,2.6344000000000003,11.125800000000002,11.1215
1848,0.2359,0.0017,0.2376,0.0428,0.9928451178451179,0.007154882154882154,13.6467,1.0738,13.6468,0.0001,0.0,0.0,0.0,13.646799999999999,1.0737999999999999,14.7206,14.7224
1849,0.1931,0.0,0.1931,0.0348,1.0,0.0,10.4265,0.009,10.4267,0.0002,0.0,0.0,0.0,10.4267,0.009,10.4357,10.4315
1850,0.2056,0.0,0.2056,0.037,1.0,0.0,12.1104,0.0085,12.1106,0.0002,0.0,0.0,0.0,12.110600000000002,0.0085,12.119100000000001,12.1143
1851,0.0855,0.0007,0.0862,0.0155,0.9918793503480279,0.008120649651972157,4.5414,0.4234,4.5415,0.0001,0.0,0.0,0.0,4.541500000000001,0.4234,4.964900000000001,4.9676
1852,0.1962,0.0003,0.1966,0.0354,0.9979654120040693,0.001525940996948118,10.5966,0.2002,10.5966,0.0,0.0,0.0,0.0,10.5966,0.2002,10.796800000000001,10.7938
1853,0.1598,0.0094,0.1692,0.0305,0.9444444444444445,0.05555555555555556,9.0828,6.1546,11.083,2.0002,0.0,0.0,0.0,11.083000000000002,6.154600000000001,17.237600000000004,17.2398
1854,0.2248,0.0002,0.225,0.0405,0.9991111111111111,0.0008888888888888889,11.9412,0.1261,12.9412,1.0,0.0,0.0,0.0,12.9412,0.1261,13.0673,13.0714
1855,0.2708,0.0013,0.2721,0.049,0.9952223447262035,0.004777655273796398,14.3847,0.8713,14.3844,0.0,0.0,0.0,0.0,14.384400000000001,0.8713,15.255700000000001,15.7555
1856,0.2101,0.0065,0.2166,0.039,0.9699907663896584,0.030009233610341645,11.9412,3.7846,11.9412,0.0,0.0,0.0,0.0,11.9412,3.7846,15.7258,15.7229
1857,0.2486,0.0,0.2486,0.0448,1.0,0.0,14.3847,0.0119,14.3843,0.0,0.0,0.0,0.0,14.384300000000001,0.011899999999999999,14.396200000000002,14.3968
1858,0.1553,0.0054,0.1607,0.0289,0.9663970130678281,0.03360298693217175,8.5293,3.5714,10.5296,2.0003,0.0,0.0,0.0,10.5296,3.5713999999999997,14.100999999999999,14.1041
1859,0.3094,0.0005,0.3099,0.0558,0.9983865763149403,0.0016134236850596966,15.9129,0.2908,15.9125,0.0,0.0,0.0,0.0,15.912500000000001,0.2908,16.203300000000002,16.1987
1860,0.1651,0.0001,0.1652,0.0297,0.9993946731234866,0.0006053268765133172,8.4915,0.0848,8.4915,0.0,0.0,0.0,0.0,8.4915,0.0848,8.5763,8.572
1861,0.1788,0.0,0.1788,0.0322,1.0,0.0,9.8181,0.0061,9.8181,0.0,0.0,0.0,0.0,9.8181,0.0060999999999999995,9.8242,9.8202
1862,0.274,0.0003,0.2743,0.0494,0.9989063069631792,0.001093693036820999,15.0489,0.169,15.0492,0.0003,0.0,0.0,0.0,15.049199999999999,0.16899999999999998,15.2182,15.2206
1863,0.0966,0.0034,0.1,0.018,0.966,0.033999999999999996,5.3046,2.2573,5.3043,0.0,0.0,0.0,0.0,5.3043000000000005,2.2573,7.5616,7.5567
1864,0.1992,0.0001,0.1993,0.0359,0.9994982438534871,0.0005017561465127947,11.322,0.0683,11.3219,0.0,0.0,0.0,0.0,11.3219,0.0683,11.3902,11.389
1865,0.1164,0.0016,0.118,0.0212,0.9864406779661018,0.013559322033898306,6.3927,1.0805,6.3932,0.0005,0.0,0.0,0.0,6.3932,1.0804999999999998,7.4737,7.4728
1866,0.1218,0.0,0.1218,0.0219,1.0,0.0,6.6888,0.0173,6.6885,0.0,0.0,0.0,0.0,6.6884999999999994,0.0173,6.705799999999999,6.7088
1867,0.1475,0.0001,0.1476,0.0266,0.9993224932249322,0.0006775067750677507,8.6886,0.0647,8.6888,0.0002,0.0,0.0,0.0,8.6888,0.06470000000000001,8.7535,8.7512
1868,0.2527,0.0,0.2527,0.0455,1.0,0.0,13.6467,0.0082,13.6467,0.0,0.0,0.0,0.0,13.6467,0.008199999999999999,13.6549,13.6534
1869,0.1381,0.0025,0.1407,0.0253,0.9815209665955935,0.017768301350390904,7.9911,1.7559,7.9915,0.0004,0.0,0.0,0.0,7.9915,1.7559,9.7474,9.7449
1870,0.1702,0.0,0.1702,0.0306,1.0,0.0,9.3456,0.0266,9.3454,0.0,0.0,0.0,0.0,9.345399999999998,0.0266,9.371999999999998,9.3736
1871,0.1131,0.0002,0.1133,0.0204,0.9982347749338041,0.00176522506619594,6.5457,0.1318,6.5455,0.0,0.0,0.0,0.0,6.545499999999999,0.1318,6.677299999999999,6.674
1872,0.1028,0.0001,0.1029,0.0185,0.9990281827016521,0.0009718172983479105,6.0552,0.0881,6.0552,0.0,0.0,0.0,0.0,6.055199999999999,0.0881,6.143299999999999,6.1389
1873,0.2285,0.0,0.2285,0.0411,1.0,0.0,11.9412,0.019,11.9411,0.0,0.0,0.0,0.0,11.9411,0.019000000000000003,11.9601,11.9567
1874,0.1047,0.0001,0.1047,0.0189,1.0,0.0009551098376313277,6.0552,0.0488,6.0553,0.0001,0.0,0.0,0.0,6.0553,0.0488,6.1041,6.1047
1875,0.1636,0.0059,0.1695,0.0305,0.9651917404129793,0.03480825958702065,8.6886,3.9186,8.6888,0.0002,0.0,0.0,0.0,8.6888,3.9186,12.6074,12.6077
1876,0.1266,0.002,0.1286,0.0231,0.9844479004665629,0.015552099533437015,7.0722,1.2292,7.0722,0.0,0.0,0.0,0.0,7.0722000000000005,1.2291999999999998,8.301400000000001,8.2984
1877,0.2312,0.0004,0.2316,0.0417,0.9982728842832469,0.0017271157167530226,13.3776,0.25,13.3771,0.0,0.0,0.0,0.0,13.377099999999999,0.25,13.627099999999999,13.6297
1878,0.0582,0.0001,0.0583,0.0105,0.9982847341337908,0.0017152658662092626,3.1968,0.034,3.1966,0.0,0.0,0.0,0.0,3.1966,0.034,3.2306,3.2312
1879,0.2488,0.0129,0.2617,0.0471,0.9507069163163928,0.049293083683607186,14.1444,8.3935,14.1445,0.0001,0.0,0.0,0.0,14.1445,8.3935,22.538,22.5412
1880,0.0909,0.0001,0.091,0.0164,0.9989010989010989,0.001098901098901099,4.9095,0.0687,4.9088,0.0,0.0,0.0,0.0,4.9088,0.0687,4.9775,4.9823
1881,0.0734,0.0001,0.0735,0.0132,0.9986394557823131,0.001360544217687075,4.2453,0.0913,4.2455,0.0002,0.0,0.0,0.0,4.2455,0.09129999999999999,4.3368,4.3405
1882,0.1467,0.0006,0.1472,0.0265,0.9966032608695652,0.004076086956521739,8.7993,0.3889,8.7996,0.0003,0.0,0.0,0.0,8.7996,0.38889999999999997,9.1885,9.1915
1883,0.2398,0.0002,0.24,0.0432,0.9991666666666668,0.0008333333333333334,12.7368,0.142,12.7369,0.0001,0.0,0.0,0.0,12.7369,0.142,12.8789,12.8765
1884,0.1554,0.0135,0.1688,0.0304,0.9206161137440758,0.07997630331753554,7.9911,8.1575,7.9913,0.0002,0.0,0.0,0.0,7.991300000000001,8.1575,16.1488,16.1516
1885,0.0676,0.0,0.0676,0.0122,1.0,0.0,3.4758,0.0285,3.4754,0.0,0.0,0.0,0.0,3.4754,0.0285,3.5039000000000002,3.5067
1886,0.1738,0.0002,0.1739,0.0313,0.9994249568717655,0.0011500862564692352,10.2357,0.1173,10.2352,0.0,0.0,0.0,0.0,10.235199999999999,0.1173,10.3525,10.3483
1887,0.0774,0.0048,0.0822,0.0148,0.9416058394160584,0.058394160583941604,4.4001,3.0913,4.3997,0.0,0.0,0.0,0.0,4.3997,3.0913,7.491,7.489
1888,0.2115,0.0,0.2115,0.0381,1.0,0.0,12.4605,0.0067,12.4604,0.0,0.0,0.0,0.0,12.4604,0.006699999999999999,12.4671,12.4679
1889,0.2328,0.0,0.2329,0.0419,0.9995706311721769,0.0,12.7863,0.0144,12.7861,0.0,0.0,0.0,0.0,12.786100000000001,0.0144,12.800500000000001,12.7999
1890,0.2167,0.0004,0.2171,0.0391,0.9981575310916629,0.001842468908337172,11.322,0.2877,11.3219,0.0,0.0,0.0,0.0,11.3219,0.28770000000000007,11.6096,11.6083
1891,0.1192,0.0127,0.1319,0.0237,0.9037149355572404,0.09628506444275967,6.5457,7.8246,6.5454,0.0,0.0,0.0,0.0,6.545399999999999,7.8246,14.37,14.3735
1892,0.1032,0.0,0.1032,0.0186,1.0,0.0,5.8662,0.0057,5.8662,0.0,0.0,0.0,0.0,5.8662,0.0057,5.8719,5.8763
1893,0.2748,0.0001,0.2749,0.0495,0.9996362313568571,0.00036376864314296113,15.3531,0.0308,15.353,0.0,0.0,0.0,0.0,15.352999999999998,0.030799999999999998,15.383799999999997,15.3808
1894,0.1047,0.0082,0.1129,0.0203,0.9273693534100974,0.07263064658990258,6.0552,5.429,6.0552,0.0,0.0,0.0,0.0,6.055199999999999,5.429,11.4842,11.4825
1895,0.0666,0.0,0.0666,0.012,1.0,0.0,3.5361,0.0182,3.5361,0.0,0.0,0.0,0.0,3.5361000000000002,0.018199999999999997,3.5543000000000005,3.5509
1896,0.2575,0.0069,0.2643,0.0476,0.9742716609912979,0.026106696935300797,13.9023,4.5064,13.9023,0.0,0.0,0.0,0.0,13.9023,4.506399999999999,18.4087,18.4127
1897,0.1834,0.0036,0.187,0.0337,0.9807486631016044,0.01925133689839572,9.9063,2.314,9.9064,0.0001,0.0,0.0,0.0,9.9064,2.314,12.2204,12.2206
1898,0.1465,0.0003,0.1468,0.0264,0.9979564032697547,0.0020435967302452314,8.1819,0.2129,8.1818,0.0,0.0,0.0,0.0,8.1818,0.21289999999999998,8.3947,8.397
1899,0.1212,0.0049,0.1262,0.0227,0.9603803486529319,0.03882725832012678,6.5457,3.0894,6.5455,0.0,0.0,0.0,0.0,6.545499999999999,3.0894000000000004,9.634899999999998,9.6343
1900,0.2748,0.0068,0.2816,0.0507,0.9758522727272726,0.02414772727272727,15.3531,4.0863,15.3531,0.0,0.0,0.0,0.0,15.3531,4.0863,19.4394,19.4403
1901,0.1657,0.0002,0.1659,0.0299,0.998794454490657,0.0012055455093429779,8.7993,0.1573,8.7994,0.0001,0.0,0.0,0.0,8.7994,0.1573,8.9567,8.9598
1902,0.0884,0.0001,0.0886,0.0159,0.997742663656885,0.0011286681715575622,5.1174,0.0754,5.1178,0.0004,0.0,0.0,0.0,5.1178,0.0754,5.1932,5.1926
1903,0.0879,0.0003,0.0882,0.0159,0.9965986394557824,0.003401360544217687,4.9095,0.1992,4.9092,0.0,0.0,0.0,0.0,4.909199999999999,0.1992,5.1084,5.104
1904,0.1901,0.0003,0.1905,0.0343,0.9979002624671915,0.001574803149606299,10.2663,0.2103,10.2661,0.0,0.0,0.0,0.0,10.266099999999998,0.21030000000000001,10.476399999999998,10.4802
1905,0.1465,0.0,0.1465,0.0264,1.0,0.0,8.1819,0.0168,8.1819,0.0,0.0,0.0,0.0,8.1819,0.0168,8.1987,8.1945
1906,0.0626,0.0,0.0626,0.0113,1.0,0.0,3.2724,0.007,3.2727,0.0003,0.0,0.0,0.0,3.2727,0.007000000000000001,3.2797,3.2833
1907,0.0577,0.0032,0.0609,0.011,0.9474548440065681,0.052545155993431854,3.1149,1.9857,4.115,1.0001,0.0,0.0,0.0,4.115,1.9857000000000002,6.100700000000001,6.0969
1908,0.198,0.0003,0.1983,0.0357,0.9984871406959153,0.00151285930408472,11.4543,0.2148,11.4546,0.0003,0.0,0.0,0.0,11.4546,0.2148,11.6694,11.6683
1909,0.1111,0.0026,0.1137,0.0205,0.977132805628848,0.022867194371152155,6.5457,1.5792,7.5454,0.9997,0.0,0.0,0.0,7.545399999999999,1.5792,9.1246,9.1235
1910,0.1664,0.0,0.1665,0.03,0.9993993993993993,0.0,8.8407,0.0091,8.8403,0.0,0.0,0.0,0.0,8.8403,0.0091,8.8494,8.8452
1911,0.199,0.0,0.199,0.0358,1.0,0.0,10.2357,0.0081,10.2353,0.0,0.0,0.0,0.0,10.235299999999999,0.008100000000000001,10.2434,10.2436
1912,0.2249,0.0012,0.2261,0.0407,0.9946926138876603,0.005307386112339672,12.7863,0.8085,12.786,0.0,0.0,0.0,0.0,12.786000000000001,0.8085,13.594500000000002,13.5971
1913,0.0663,0.0002,0.0665,0.012,0.9969924812030074,0.0030075187969924814,3.4119,0.1383,3.4119,0.0,0.0,0.0,0.0,3.4119,0.13830000000000003,3.5502000000000002,3.5492
1914,0.1899,0.0129,0.2028,0.0365,0.9363905325443788,0.0636094674556213,10.4265,8.2806,10.4268,0.0003,0.0,0.0,0.0,10.4268,8.2806,18.7074,18.7069
1915,0.1125,0.0116,0.1241,0.0223,0.9065269943593876,0.09347300564061241,6.3927,6.7034,6.3929,0.0002,0.0,0.0,0.0,6.392900000000001,6.703399999999999,13.0963,13.0964
1916,0.0507,0.0075,0.0582,0.0105,0.8711340206185567,0.12886597938144329,2.8305,4.8174,2.8305,0.0,0.0,0.0,0.0,2.8305,4.8174,7.6479,7.6497
1917,0.2276,0.0,0.2276,0.041,1.0,0.0,11.7054,0.0072,11.7052,0.0,0.0,0.0,0.0,11.705199999999998,0.0072,11.712399999999997,11.7143
1918,0.1644,0.0003,0.1647,0.0296,0.9981785063752275,0.001821493624772313,9.3456,0.1766,9.3455,0.0,0.0,0.0,0.0,9.345499999999998,0.17659999999999998,9.522099999999998,9.518
1919,0.198,0.0002,0.1982,0.0357,0.9989909182643796,0.0010090817356205853,11.4543,0.1239,11.4544,0.0001,0.0,0.0,0.0,11.4544,0.1239,11.5783,11.583
1920,0.0918,0.0023,0.094,0.0169,0.9765957446808511,0.02446808510638298,4.7952,1.4331,4.7951,0.0,0.0,0.0,0.0,4.7951,1.4331,6.228199999999999,6.2304
1921,0.0515,0.0,0.0516,0.0093,0.998062015503876,0.0,2.8305,0.0107,2.8304,0.0,0.0,0.0,0.0,2.8304,0.0107,2.8411,2.8445
1922,0.1682,0.0001,0.1682,0.0303,1.0,0.0005945303210463734,9.9063,0.0392,9.9066,0.0003,0.0,0.0,0.0,9.906600000000001,0.0392,9.9458,9.9501
1923,0.1946,0.0019,0.1965,0.0354,0.9903307888040712,0.009669211195928753,10.872,1.2381,10.8718,0.0,0.0,0.0,0.0,10.871799999999999,1.2381,12.109899999999998,12.1062
1924,0.1743,0.0002,0.1745,0.0314,0.9988538681948426,0.0011461318051575933,9.9063,0.1568,9.9064,0.0001,0.0,0.0,0.0,9.9064,0.15680000000000002,10.0632,10.0655
1925,0.1237,0.0016,0.1253,0.0226,0.9872306464485237,0.012769353551476457,6.795,0.9574,7.7949,0.9999,0.0,0.0,0.0,7.794899999999999,0.9574,8.7523,8.7492
1926,0.1096,0.0011,0.1107,0.0199,0.990063233965673,0.00993676603432701,6.2298,0.7337,6.2301,0.0003,0.0,0.0,0.0,6.230100000000001,0.7337,6.963800000000001,6.9601
1927,0.1313,0.0041,0.1354,0.0244,0.9697193500738553,0.03028064992614476,7.3332,2.8563,7.3332,0.0,0.0,0.0,0.0,7.3332,2.8563,10.189499999999999,10.1897
1928,0.0786,0.0,0.0786,0.0142,1.0,0.0,4.2453,0.0054,4.246,0.0007,0.0,0.0,0.0,4.246,0.0054,4.2514,4.2482
1929,0.2269,0.0001,0.2271,0.0409,0.9991193306913254,0.0004403346543372964,12.4605,0.0994,12.4605,0.0,0.0,0.0,0.0,12.4605,0.09940000000000002,12.559899999999999,12.5623
1930,0.0609,0.0,0.0609,0.011,1.0,0.0,3.3444,0.0146,3.3443,0.0,0.0,0.0,0.0,3.3442999999999996,0.0146,3.3588999999999998,3.3615
1931,0.0858,0.0002,0.086,0.0155,0.9976744186046512,0.0023255813953488376,4.7952,0.1017,4.7948,0.0,0.0,0.0,0.0,4.7948,0.1017,4.8965000000000005,4.9002
1932,0.2519,0.0,0.2519,0.0453,1.0,0.0,13.3776,0.026,13.3772,0.0,0.0,0.0,0.0,13.377199999999998,0.026,13.403199999999998,13.4071
1933,0.2192,0.0006,0.2198,0.0396,0.997270245677889,0.0027297543221110098,12.4605,0.36,12.4605,0.0,0.0,0.0,0.0,12.4605,0.36,12.8205,12.817
1934,0.2227,0.0,0.2227,0.0401,1.0,0.0,12.231,0.0091,12.2308,0.0,0.0,0.0,0.0,12.2308,0.009099999999999999,12.2399,12.242
1935,0.1244,0.0021,0.1265,0.0228,0.983399209486166,0.01660079051383399,6.9516,1.2961,7.9512,0.9996,0.0,0.0,0.0,7.951199999999999,1.2961,9.2473,9.2432
1936,0.1086,0.0001,0.1087,0.0196,0.9990800367985281,0.0009199632014719411,5.8662,0.0464,5.8663,0.0001,0.0,0.0,0.0,5.866300000000001,0.0464,5.912700000000001,5.9173
1937,0.2489,0.0,0.2489,0.0448,1.0,0.0,13.9023,0.0233,13.9023,0.0,0.0,0.0,0.0,13.9023,0.0233,13.925600000000001,13.9294
1938,0.0561,0.0042,0.0602,0.0108,0.9318936877076412,0.06976744186046512,3.0276,2.5557,5.0276,2.0,0.0,0.0,0.0,5.0276,2.5557000000000003,7.5832999999999995,7.5865
1939,0.1527,0.0,0.1527,0.0275,1.0,0.0,8.5293,0.0275,8.5295,0.0002,0.0,0.0,0.0,8.529499999999999,0.0275,8.556999999999999,8.5549
1940,0.1805,0.0,0.1806,0.0325,0.9994462901439645,0.0,9.5895,0.025,9.5896,0.0001,0.0,0.0,0.0,9.5896,0.024999999999999998,9.614600000000001,9.6185
1941,0.0622,0.0001,0.0623,0.0112,0.9983948635634028,0.0016051364365971107,3.5361,0.0876,3.5361,0.0,0.0,0.0,0.0,3.5361000000000002,0.0876,3.6237000000000004,3.6261
1942,0.0851,0.0002,0.0852,0.0153,0.9988262910798121,0.002347417840375587,4.6728,0.1085,4.6728,0.0,0.0,0.0,0.0,4.6728,0.1085,4.7813,4.7772
1943,0.2488,0.0,0.2489,0.0448,0.9995982322217758,0.0,14.1444,0.0174,14.1446,0.0002,0.0,0.0,0.0,14.1446,0.0174,14.162,14.1613
1944,0.1523,0.0079,0.1602,0.0288,0.9506866416978775,0.04931335830212235,8.361,4.7879,8.3608,0.0,0.0,0.0,0.0,8.3608,4.7879,13.148699999999998,13.1521
1945,0.073,0.0004,0.0734,0.0132,0.9945504087193459,0.005449591280653951,4.077,0.2724,4.0769,0.0,0.0,0.0,0.0,4.0769,0.2724,4.3493,4.3513
1946,0.1332,0.0043,0.1375,0.0247,0.9687272727272728,0.03127272727272727,7.569,2.7344,9.569,2.0,0.0,0.0,0.0,9.569,2.7344,12.3034,12.3082
1947,0.1515,0.0031,0.1546,0.0278,0.979948253557568,0.020051746442432083,8.1819,1.8576,8.1818,0.0,0.0,0.0,0.0,8.1818,1.8576,10.0394,10.043
1948,0.1598,0.0002,0.16,0.0288,0.9987499999999999,0.00125,9.0828,0.1009,9.0829,0.0001,0.0,0.0,0.0,9.082900000000002,0.1009,9.183800000000002,9.1888
1949,0.1154,0.0046,0.1199,0.0216,0.9624687239366139,0.03836530442035029,6.2298,2.8897,8.2303,2.0005,0.0,0.0,0.0,8.2303,2.8897,11.12,11.1175
1950,0.2485,0.0142,0.2627,0.0473,0.9459459459459459,0.05405405405405406,13.6467,10.0152,13.6469,0.0002,0.0,0.0,0.0,13.6469,10.0152,23.662100000000002,23.6598
1951,0.2095,0.0001,0.2096,0.0377,0.9995229007633587,0.00047709923664122136,11.7054,0.0509,11.7049,0.0,0.0,0.0,0.0,11.704899999999999,0.0509,11.755799999999999,11.7577
1952,0.0963,0.0002,0.0966,0.0174,0.9968944099378881,0.002070393374741201,5.1174,0.1424,5.1179,0.0005,0.0,0.0,0.0,5.1179,0.1424,5.2603,5.2649
1953,0.1473,0.0001,0.1475,0.0265,0.9986440677966101,0.0006779661016949153,8.8407,0.0862,8.8402,0.0,0.0,0.0,0.0,8.8402,0.0862,8.9264,8.9261
1954,0.2346,0.0,0.2346,0.0422,1.0,0.0,12.4605,0.0125,12.4605,0.0,0.0,0.0,0.0,12.4605,0.0125,12.472999999999999,12.4745
1955,0.205,0.0007,0.2058,0.037,0.9961127308066082,0.003401360544217687,11.4543,0.4985,11.4544,0.0001,0.0,0.0,0.0,11.4544,0.4985,11.9529,11.9575
1956,0.0734,0.0,0.0734,0.0132,1.0,0.0,4.2453,0.0049,4.2457,0.0004,0.0,0.0,0.0,4.2457,0.0049,4.2506,4.2515
1957,0.1918,0.0006,0.1924,0.0346,0.996881496881497,0.0031185031185031182,10.9026,0.3589,10.9027,0.0001,0.0,0.0,0.0,10.902700000000001,0.3589,11.261600000000001,11.2597
1958,0.0611,0.0,0.0611,0.011,1.0,0.0,3.5361,0.0092,3.5361,0.0,0.0,0.0,0.0,3.5361000000000002,0.0092,3.5453,3.5453
1959,0.095,0.0009,0.0959,0.0173,0.9906152241918665,0.009384775808133473,5.3046,0.5361,5.3043,0.0,0.0,0.0,0.0,5.3043000000000005,0.5361,5.840400000000001,5.841
1960,0.1192,0.0002,0.1194,0.0215,0.998324958123953,0.0016750418760469012,6.2298,0.0933,6.2302,0.0004,0.0,0.0,0.0,6.2302,0.0933,6.3235,6.3269
1961,0.198,0.0065,0.2045,0.0368,0.9682151589242055,0.03178484107579462,11.4543,3.8775,11.4545,0.0002,0.0,0.0,0.0,11.4545,3.8775,15.331999999999999,15.331
1962,0.1057,0.0007,0.1064,0.0192,0.993421052631579,0.006578947368421053,5.436,0.4055,5.4358,0.0,0.0,0.0,0.0,5.4357999999999995,0.40549999999999997,5.8412999999999995,5.8368
1963,0.152,0.0,0.152,0.0274,1.0,0.0,8.4915,0.0199,8.4911,0.0,0.0,0.0,0.0,8.491100000000001,0.0199,8.511000000000001,8.5114
1964,0.0768,0.0002,0.077,0.0139,0.9974025974025973,0.0025974025974025974,4.077,0.1542,4.0768,0.0,0.0,0.0,0.0,4.0768,0.1542,4.231000000000001,4.2289
1965,0.2444,0.0093,0.2537,0.0457,0.9633425305478913,0.03665746945210879,13.1994,5.9884,13.1993,0.0,0.0,0.0,0.0,13.199299999999997,5.9884,19.1877,19.1893
1966,0.0633,0.01,0.0733,0.0132,0.8635743519781718,0.1364256480218281,3.4758,6.7298,4.4757,0.9999,0.0,0.0,0.0,4.4757,6.7298,11.2055,11.2071
1967,0.1222,0.0001,0.1223,0.022,0.9991823385118561,0.0008176614881439084,6.8238,0.0737,6.8237,0.0,0.0,0.0,0.0,6.8237000000000005,0.07369999999999999,6.8974,6.9
1968,0.2532,0.0031,0.2562,0.0461,0.9882903981264637,0.01209992193598751,13.9023,1.8932,13.9023,0.0,0.0,0.0,0.0,13.9023,1.8932000000000002,15.7955,15.7964
1969,0.0633,0.0001,0.0634,0.0114,0.998422712933754,0.001577287066246057,3.5361,0.0612,3.5361,0.0,0.0,0.0,0.0,3.5361000000000002,0.0612,3.5973,3.5981
1970,0.0533,0.0035,0.0568,0.0102,0.9383802816901408,0.061619718309859156,2.8305,2.1961,2.8305,0.0,0.0,0.0,0.0,2.8305,2.1961,5.0266,5.0262
1971,0.1243,0.0161,0.1404,0.0253,0.8853276353276353,0.11467236467236468,6.8238,10.7444,6.8235,0.0,0.0,0.0,0.0,6.823500000000001,10.744399999999999,17.5679,17.5708
1972,0.2131,0.0,0.2131,0.0384,1.0,0.0,12.1104,0.0104,12.1106,0.0002,0.0,0.0,0.0,12.1106,0.0104,12.121,12.1251
1973,0.1332,0.0,0.1332,0.024,1.0,0.0,7.569,0.0135,7.569,0.0,0.0,0.0,0.0,7.569,0.0135,7.5825,7.5869
1974,0.0525,0.0,0.0525,0.0095,1.0,0.0,2.9331,0.0246,2.9332,0.0001,0.0,0.0,0.0,2.9332000000000003,0.0246,2.9578,2.9622
1975,0.1866,0.0,0.1867,0.0336,0.9994643813604712,0.0,10.4265,0.0097,10.4266,0.0001,0.0,0.0,0.0,10.4266,0.009699999999999999,10.436300000000001,10.4315
1976,0.2446,0.0127,0.2573,0.0463,0.9506412747765256,0.049358725223474544,13.9023,8.0842,14.9023,1.0,0.0,0.0,0.0,14.902300000000002,8.084200000000001,22.986500000000003,22.989
1977,0.158,0.0002,0.1582,0.0285,0.9987357774968394,0.0012642225031605564,8.5293,0.1436,8.5295,0.0002,0.0,0.0,0.0,8.529499999999999,0.1436,8.673099999999998,8.677
1978,0.1418,0.0119,0.1537,0.0277,0.922576447625244,0.07742355237475602,7.7877,7.279,13.788,6.0003,0.0,0.0,0.0,13.788,7.279000000000001,21.067,21.0633
1979,0.0884,0.001,0.0894,0.0161,0.9888143176733782,0.011185682326621925,5.3046,0.6028,5.3043,0.0,0.0,0.0,0.0,5.3043000000000005,0.6028,5.907100000000001,5.904
1980,0.1222,0.0,0.1222,0.022,1.0,0.0,6.8238,0.0258,6.8236,0.0,0.0,0.0,0.0,6.8236,0.0258,6.8494,6.8479
1981,0.1933,0.0006,0.1939,0.0349,0.996905621454358,0.0030943785456420837,10.2663,0.388,10.266,0.0,0.0,0.0,0.0,10.266,0.388,10.654,10.6562
1982,0.0747,0.0006,0.0752,0.0135,0.9933510638297872,0.007978723404255319,4.2453,0.3537,4.2458,0.0005,0.0,0.0,0.0,4.2458,0.3537,4.5995,4.5979
1983,0.203,0.0001,0.2031,0.0366,0.999507631708518,0.0004923682914820286,10.6083,0.0656,10.6084,0.0001,0.0,0.0,0.0,10.6084,0.0656,10.674,10.676
1984,0.076,0.0005,0.0765,0.0138,0.9934640522875817,0.006535947712418301,4.2453,0.3052,4.2457,0.0004,0.0,0.0,0.0,4.2457,0.3052,4.5509,4.5463
1985,0.1159,0.0047,0.1205,0.0217,0.9618257261410789,0.03900414937759336,6.0552,2.7569,8.0553,2.0001,0.0,0.0,0.0,8.0553,2.7569000000000004,10.8122,10.8097
1986,0.0498,0.0076,0.0574,0.0103,0.867595818815331,0.13240418118466898,2.8305,4.7984,6.8305,4.0,0.0,0.0,0.0,6.830499999999999,4.7984,11.628899999999998,11.6272
1987,0.1152,0.0,0.1152,0.0207,1.0,0.0,6.5457,0.0092,6.5455,0.0,0.0,0.0,0.0,6.545499999999999,0.0092,6.554699999999999,6.5595
1988,0.0929,0.0002,0.0931,0.0168,0.9978517722878625,0.0021482277121374865,5.0166,0.1494,5.0163,0.0,0.0,0.0,0.0,5.0163,0.14939999999999998,5.1657,5.1616
1989,0.1515,0.0067,0.1582,0.0285,0.9576485461441213,0.042351453855878636,8.1819,4.3583,9.1818,0.9999,0.0,0.0,0.0,9.1818,4.358300000000001,13.540100000000002,13.5425
1990,0.0558,0.0,0.0558,0.01,1.0,0.0,3.1149,0.0248,3.115,0.0001,0.0,0.0,0.0,3.115,0.0248,3.1398,3.1434
1991,0.198,0.0003,0.1983,0.0357,0.9984871406959153,0.00151285930408472,10.872,0.1817,10.8719,0.0,0.0,0.0,0.0,10.871899999999998,0.1817,11.053599999999998,11.058
1992,0.1133,0.0,0.1133,0.0204,1.0,0.0,6.795,0.0218,6.7947,0.0,0.0,0.0,0.0,6.7947,0.0218,6.8165,6.8144
1993,0.1952,0.0006,0.1958,0.0352,0.9969356486210419,0.0030643513789581204,10.9026,0.3638,10.9027,0.0001,0.0,0.0,0.0,10.902700000000001,0.36379999999999996,11.2665,11.2665
1994,0.0601,0.0,0.0601,0.0108,1.0,0.0,3.4758,0.0156,3.4758,0.0,0.0,0.0,0.0,3.4758,0.0156,3.4914,3.4883
1995,0.2157,0.0,0.2157,0.0388,1.0,0.0,11.4543,0.008,11.4545,0.0002,0.0,0.0,0.0,11.4545,0.008,11.462499999999999,11.4592
1996,0.0933,0.0,0.0933,0.0168,1.0,0.0,5.3046,0.0075,5.3045,0.0,0.0,0.0,0.0,5.3045,0.0075,5.312,5.3159
1997,0.1058,0.0002,0.1059,0.0191,0.9990557129367329,0.0018885741265344666,6.2298,0.0999,6.2301,0.0003,0.0,0.0,0.0,6.2301,0.0999,6.33,6.3338
1998,0.2003,0.0023,0.2026,0.0365,0.9886475814412636,0.011352418558736426,11.1879,1.5575,11.188,0.0001,0.0,0.0,0.0,11.188,1.5575,12.7455,12.7493
1999,0.1327,0.0,0.1327,0.0239,1.0,0.0,6.8238,0.009,6.8235,0.0,0.0,0.0,0.0,6.823500000000001,0.008999999999999998,6.832500000000001,6.8352
2000,0.1285,0.0036,0.1321,0.0238,0.9727479182437548,0.02725208175624527,7.569,2.3817,7.5692,0.0002,0.0,0.0,0.0,7.5691999999999995,2.3817000000000004,9.9509,9.9519
2001,0.1381,0.0,0.1381,0.0249,1.0,0.0,7.3332,0.0097,7.3331,0.0,0.0,0.0,0.0,7.3331,0.0097,7.3427999999999995,7.3471
2002,0.151,0.0,0.151,0.0272,1.0,0.0,8.154,0.0184,8.1539,0.0,0.0,0.0,0.0,8.1539,0.018399999999999996,8.1723,8.1692
2003,0.2254,0.0076,0.2329,0.0419,0.9677973379132675,0.032632030914555604,12.3768,4.8666,12.3763,0.0,0.0,0.0,0.0,12.3763,4.8666,17.2429,17.2475
2004,0.1899,0.0,0.1899,0.0342,1.0,0.0,10.4265,0.0186,10.4265,0.0,0.0,0.0,0.0,10.4265,0.0186,10.4451,10.4457
2005,0.1084,0.0001,0.1085,0.0195,0.9990783410138249,0.0009216589861751152,6.0552,0.0892,6.0554,0.0002,0.0,0.0,0.0,6.0554,0.0892,6.1446,6.14
2006,0.2508,0.0,0.2508,0.0451,1.0,0.0,15.0489,0.0072,15.0491,0.0002,0.0,0.0,0.0,15.0491,0.0072,15.056299999999998,15.0585
2007,0.1727,0.0001,0.1728,0.0311,0.9994212962962962,0.0005787037037037037,9.8181,0.0468,9.8181,0.0,0.0,0.0,0.0,9.8181,0.046799999999999994,9.864899999999999,9.8696
2008,0.2619,0.0004,0.2623,0.0472,0.998475028593214,0.001524971406786123,14.3847,0.2364,14.3844,0.0,0.0,0.0,0.0,14.384400000000001,0.2364,14.620800000000001,14.6197
2009,0.1007,0.0056,0.1062,0.0191,0.9482109227871939,0.052730696798493404,5.436,3.5933,5.436,0.0,0.0,0.0,0.0,5.436,3.5933,9.0293,9.0291
2010,0.2359,0.0011,0.2369,0.0426,0.9957788096243141,0.004643309413254538,12.7368,0.7017,12.737,0.0002,0.0,0.0,0.0,12.737,0.7017,13.4387,13.4413
2011,0.0888,0.0,0.0888,0.016,1.0,0.0,4.7952,0.0309,4.7949,0.0,0.0,0.0,0.0,4.7949,0.030899999999999997,4.8258,4.8289
2012,0.1776,0.0,0.1776,0.032,1.0,0.0,9.5895,0.0152,9.5896,0.0001,0.0,0.0,0.0,9.5896,0.0152,9.604800000000001,9.6068
2013,0.1864,0.0067,0.1931,0.0348,0.9653029518384257,0.03469704816157432,10.2357,4.4749,10.2353,0.0,0.0,0.0,0.0,10.235299999999999,4.4749,14.710199999999999,14.7124
2014,0.0801,0.0039,0.0841,0.0151,0.9524375743162903,0.046373365041617126,4.4001,2.4019,4.3997,0.0,0.0,0.0,0.0,4.3997,2.4019,6.8016000000000005,6.8065
2015,0.2152,0.0,0.2152,0.0387,1.0,0.0,12.231,0.0312,12.2309,0.0,0.0,0.0,0.0,12.2309,0.0312,12.2621,12.2589
2016,0.1901,0.0,0.1901,0.0342,1.0,0.0,10.2663,0.0053,10.2663,0.0,0.0,0.0,0.0,10.266300000000001,0.0053,10.271600000000001,10.2694
2017,0.1355,0.001,0.1365,0.0246,0.9926739926739927,0.007326007326007326,7.569,0.6441,7.569,0.0,0.0,0.0,0.0,7.569,0.6440999999999999,8.2131,8.2116
2018,0.1244,0.0001,0.1245,0.0224,0.9991967871485944,0.0008032128514056225,6.9516,0.0621,6.9511,0.0,0.0,0.0,0.0,6.9511,0.062099999999999995,7.0132,7.0106
2019,0.0551,0.0,0.0552,0.0099,0.9981884057971016,0.0,3.0276,0.0122,3.0276,0.0,0.0,0.0,0.0,3.0275999999999996,0.0122,3.0397999999999996,3.0386
2020,0.2799,0.0004,0.2803,0.0505,0.9985729575454869,0.001427042454513022,15.9129,0.2623,15.9127,0.0,0.0,0.0,0.0,15.912700000000001,0.26230000000000003,16.175,16.1769
2021,0.0576,0.0001,0.0576,0.0104,1.0,0.0017361111111111112,3.2724,0.0466,3.2729,0.0005,0.0,0.0,0.0,3.2729,0.0466,3.3195,3.3162
2022,0.1267,0.002,0.1288,0.0232,0.9836956521739131,0.015527950310559006,7.3332,1.3695,7.3328,0.0,0.0,0.0,0.0,7.3328,1.3695,8.7023,8.7072
2023,0.2439,0.0,0.2439,0.0439,1.0,0.0,13.6242,0.0269,13.6242,0.0,0.0,0.0,0.0,13.6242,0.026900000000000004,13.6511,13.6515
2024,0.2368,0.0001,0.2369,0.0426,0.9995778809624315,0.0004221190375685944,12.3768,0.0395,12.3764,0.0,0.0,0.0,0.0,12.3764,0.03949999999999999,12.4159,12.4194
2025,0.2508,0.0003,0.2511,0.0452,0.9988052568697732,0.0011947431302270011,15.0489,0.1775,15.0492,0.0003,0.0,0.0,0.0,15.049199999999999,0.17750000000000002,15.2267,15.2283
2026,0.1441,0.0021,0.1463,0.0263,0.9849624060150376,0.014354066985645932,8.4915,1.4589,8.4914,0.0,0.0,0.0,0.0,8.4914,1.4589,9.9503,9.9541
2027,0.0909,0.0001,0.091,0.0164,0.9989010989010989,0.001098901098901099,4.9095,0.0634,4.9091,0.0,0.0,0.0,0.0,4.9091,0.0634,4.972499999999999,4.9709
2028,0.1144,0.0008,0.1153,0.0207,0.992194275802255,0.006938421509106679,6.3927,0.488,6.3927,0.0,0.0,0.0,0.0,6.3927000000000005,0.488,6.880700000000001,6.88
2029,0.2703,0.0001,0.2704,0.0487,0.999630177514793,0.00036982248520710064,13.9023,0.052,13.9023,0.0,0.0,0.0,0.0,13.9023,0.052000000000000005,13.9543,13.9576
2030,0.0933,0.0009,0.0942,0.017,0.9904458598726114,0.009554140127388535,5.2137,0.5984,5.2134,0.0,0.0,0.0,0.0,5.2134,0.5984,5.8118,5.8077
2031,0.1184,0.0,0.1184,0.0213,1.0,0.0,6.3927,0.0112,6.3929,0.0002,0.0,0.0,0.0,6.392900000000001,0.0112,6.404100000000001,6.4041
2032,0.0801,0.0041,0.0842,0.0152,0.9513064133016628,0.048693586698337295,4.4001,2.8459,5.4,0.9999,0.0,0.0,0.0,5.3999999999999995,2.8459000000000003,8.245899999999999,8.2424
2033,0.2102,0.0,0.2103,0.0378,0.9995244888254875,0.0,12.1644,0.0167,12.1646,0.0002,0.0,0.0,0.0,12.164599999999998,0.016700000000000003,12.181299999999998,12.184
2034,0.2639,0.0006,0.2645,0.0476,0.9977315689981097,0.002268431001890359,14.0184,0.3816,14.0178,0.0,0.0,0.0,0.0,14.017800000000001,0.3816,14.399400000000002,14.4018
2035,0.21,0.001,0.211,0.038,0.995260663507109,0.004739336492890996,11.7324,0.6572,12.7325,1.0001,0.0,0.0,0.0,12.7325,0.6572,13.3897,13.3883
2036,0.1609,0.0016,0.1625,0.0293,0.990153846153846,0.009846153846153846,8.6886,1.0295,8.6887,0.0001,0.0,0.0,0.0,8.6887,1.0294999999999999,9.718200000000001,9.7202
2037,0.1609,0.0001,0.161,0.029,0.9993788819875775,0.0006211180124223603,8.6886,0.0568,8.689,0.0004,0.0,0.0,0.0,8.689,0.0568,8.745800000000001,8.7417
2038,0.2028,0.0023,0.2051,0.0369,0.9887859580692345,0.01121404193076548,11.7324,1.5312,11.7327,0.0003,0.0,0.0,0.0,11.732700000000001,1.5312,13.263900000000001,13.2622
2039,0.2027,0.0001,0.2028,0.0365,0.9995069033530571,0.0004930966469428008,10.4265,0.0346,10.4266,0.0001,0.0,0.0,0.0,10.4266,0.0346,10.4612,10.4566
2040,0.1738,0.0002,0.174,0.0313,0.9988505747126438,0.001149425287356322,10.2357,0.1305,10.2354,0.0,0.0,0.0,0.0,10.235399999999998,0.1305,10.365899999999998,10.3704
2041,0.1402,0.0,0.1402,0.0252,1.0,0.0,7.569,0.0108,7.569,0.0,0.0,0.0,0.0,7.569,0.0108,7.5798,7.5837
2042,0.2591,0.0003,0.2594,0.0467,0.9988434849653045,0.0011565150346954508,14.7276,0.1622,14.7272,0.0,0.0,0.0,0.0,14.727200000000002,0.1622,14.889400000000002,14.8939
2043,0.1946,0.0003,0.195,0.0351,0.9979487179487179,0.0015384615384615382,10.872,0.2151,10.8719,0.0,0.0,0.0,0.0,10.871899999999998,0.2151,11.086999999999998,11.0893
2044,0.2168,0.0054,0.2222,0.04,0.9756975697569756,0.024302430243024302,11.7054,3.3807,14.705,2.9996,0.0,0.0,0.0,14.705,3.3807,18.0857,18.0861
2045,0.1202,0.0147,0.1349,0.0243,0.8910303928836175,0.10896960711638251,6.9516,9.7034,6.9514,0.0,0.0,0.0,0.0,6.9514000000000005,9.7034,16.6548,16.6517
2046,0.2253,0.0,0.2253,0.0406,1.0,0.0,12.1644,0.0095,12.1646,0.0002,0.0,0.0,0.0,12.164599999999998,0.0095,12.174099999999997,12.178
2047,0.2437,0.0005,0.2443,0.044,0.9975440032746623,0.0020466639377814165,12.7368,0.3078,12.737,0.0002,0.0,0.0,0.0,12.737,0.3078,13.0448,13.0427
2048,0.2443,0.0,0.2443,0.044,1.0,0.0,13.6467,0.0092,13.6473,0.0006,0.0,0.0,0.0,13.647300000000001,0.0092,13.656500000000001,13.6588
2049,0.1031,0.0,0.1032,0.0186,0.999031007751938,0.0,5.3046,0.0157,5.3044,0.0,0.0,0.0,0.0,5.3044,0.0157,5.3201,5.3226
2050,0.2619,0.0007,0.2627,0.0473,0.9969547011800535,0.002664636467453369,14.3847,0.4572,14.3845,0.0,0.0,0.0,0.0,14.384500000000001,0.4572,14.841700000000001,14.8453
2051,0.1321,0.0,0.1321,0.0238,1.0,0.0,6.795,0.0078,6.7947,0.0,0.0,0.0,0.0,6.7947,0.0078,6.802499999999999,6.7981
2052,0.2596,0.0025,0.2621,0.0472,0.9904616558565433,0.009538344143456697,14.0184,1.5278,14.0179,0.0,0.0,0.0,0.0,14.017900000000001,1.5278,15.5457,15.5501
2053,0.1266,0.0001,0.1267,0.0228,0.9992107340173637,0.0007892659826361484,6.9516,0.0602,6.9516,0.0,0.0,0.0,0.0,6.9516,0.060200000000000004,7.0118,7.013
2054,0.198,0.0006,0.1985,0.0357,0.9974811083123426,0.0030226700251889164,11.4543,0.3772,11.4545,0.0002,0.0,0.0,0.0,11.4545,0.3772,11.8317,11.8354
2055,0.1105,0.0,0.1105,0.0199,1.0,0.0,6.3927,0.0157,6.3929,0.0002,0.0,0.0,0.0,6.392900000000001,0.0157,6.408600000000001,6.4051
2056,0.0825,0.0,0.0826,0.0149,0.9987893462469734,0.0,4.2453,0.0052,4.2454,0.0001,0.0,0.0,0.0,4.2454,0.0052,4.2506,4.2474
2057,0.1899,0.0147,0.2046,0.0368,0.9281524926686218,0.07184750733137829,10.6083,9.8043,14.6084,4.0001,0.0,0.0,0.0,14.6084,9.804300000000001,24.4127,24.4087
2058,0.2654,0.0001,0.2655,0.0478,0.9996233521657251,0.0003766478342749529,15.3531,0.0613,15.3529,0.0,0.0,0.0,0.0,15.352899999999998,0.0613,15.414199999999997,15.4148
2059,0.1706,0.0001,0.1707,0.0307,0.9994141769185707,0.0005858230814294084,10.2357,0.0689,10.2355,0.0,0.0,0.0,0.0,10.235499999999998,0.0689,10.304399999999998,10.3082
2060,0.2317,0.0,0.2318,0.0417,0.9995685936151855,0.0,12.1104,0.0049,12.1105,0.0001,0.0,0.0,0.0,12.1105,0.004900000000000001,12.1154,12.1114
2061,0.0894,0.0001,0.0895,0.0161,0.9988826815642458,0.00111731843575419,4.9095,0.0551,5.909,0.9995,0.0,0.0,0.0,5.909,0.05510000000000001,5.9641,5.9668
2062,0.1419,0.0,0.142,0.0256,0.9992957746478874,0.0,8.361,0.014,8.3607,0.0,0.0,0.0,0.0,8.3607,0.013999999999999999,8.374699999999999,8.374
2063,0.2152,0.0,0.2152,0.0387,1.0,0.0,12.231,0.0219,12.2308,0.0,0.0,0.0,0.0,12.2308,0.0219,12.2527,12.2503
2064,0.2424,0.0002,0.2426,0.0437,0.9991755976916735,0.0008244023083264633,13.0905,0.1164,13.0909,0.0004,0.0,0.0,0.0,13.090899999999998,0.1164,13.207299999999998,13.2109
2065,0.065,0.0014,0.0665,0.012,0.9774436090225563,0.021052631578947368,3.3444,0.937,3.3443,0.0,0.0,0.0,0.0,3.3443,0.9369999999999999,4.2813,4.2821
2066,0.0858,0.0113,0.0971,0.0175,0.8836251287332646,0.1163748712667353,4.7952,7.2283,4.7948,0.0,0.0,0.0,0.0,4.7948,7.2283,12.0231,12.0198
2067,0.185,0.0001,0.1851,0.0333,0.9994597514856834,0.0005402485143165857,9.513,0.0724,9.5129,0.0,0.0,0.0,0.0,9.5129,0.0724,9.5853,9.5873
2068,0.2023,0.0018,0.2041,0.0367,0.9911807937285645,0.00881920627143557,11.7054,1.1878,12.7051,0.9997,0.0,0.0,0.0,12.705099999999998,1.1878,13.892899999999997,13.8904
2069,0.0579,0.0004,0.0583,0.0105,0.9931389365351629,0.0068610634648370505,3.4758,0.243,3.4757,0.0,0.0,0.0,0.0,3.4757000000000002,0.243,3.7187,3.7203
2070,0.2439,0.0078,0.2517,0.0453,0.9690107270560192,0.03098927294398093,13.6242,5.0653,18.6242,5.0,0.0,0.0,0.0,18.6242,5.0653,23.6895,23.6911
2071,0.1243,0.0001,0.1244,0.0224,0.9991961414790996,0.0008038585209003216,6.8238,0.095,6.8235,0.0,0.0,0.0,0.0,6.823500000000001,0.095,6.918500000000001,6.9163
2072,0.2209,0.0001,0.221,0.0398,0.9995475113122172,0.00045248868778280545,11.7324,0.0845,11.7327,0.0003,0.0,0.0,0.0,11.732700000000001,0.08449999999999999,11.817200000000001,11.813
2073,0.1913,0.0,0.1913,0.0344,1.0,0.0,10.872,0.0043,10.8716,0.0,0.0,0.0,0.0,10.871599999999999,0.0043,10.8759,10.8717
2074,0.09,0.0001,0.0901,0.0162,0.9988901220865705,0.0011098779134295228,5.1174,0.0684,5.1176,0.0002,0.0,0.0,0.0,5.1175999999999995,0.0684,5.185999999999999,5.1845
2075,0.1951,0.0002,0.1952,0.0351,0.9994877049180327,0.0010245901639344263,11.7054,0.1047,11.7049,0.0,0.0,0.0,0.0,11.704899999999999,0.10469999999999999,11.809599999999998,11.8124
2076,0.0933,0.0081,0.1014,0.0183,0.9201183431952662,0.07988165680473372,5.2137,5.0532,12.2133,6.9996,0.0,0.0,0.0,12.2133,5.0532,17.2665,17.2648
2077,0.2136,0.0004,0.214,0.0385,0.9981308411214954,0.001869158878504673,11.7324,0.211,11.7326,0.0002,0.0,0.0,0.0,11.732600000000001,0.211,11.943600000000002,11.9419
2078,0.2062,0.0001,0.2062,0.0371,1.0,0.0004849660523763337,11.322,0.0395,14.3219,2.9999,0.0,0.0,0.0,14.3219,0.03949999999999999,14.3614,14.3634
2079,0.1606,0.0005,0.161,0.029,0.9975155279503105,0.003105590062111801,8.5293,0.2678,8.5294,0.0001,0.0,0.0,0.0,8.529399999999999,0.2678,8.797199999999998,8.801
2080,0.2727,0.0012,0.274,0.0493,0.9952554744525547,0.00437956204379562,14.7276,0.828,18.7275,3.9999,0.0,0.0,0.0,18.7275,0.828,19.5555,19.5558
2081,0.161,0.0019,0.1628,0.0293,0.9889434889434889,0.01167076167076167,8.8407,1.1608,8.8403,0.0,0.0,0.0,0.0,8.840300000000001,1.1608,10.001100000000001,10.0001
2082,0.2003,0.0,0.2003,0.0361,1.0,0.0,11.1879,0.0074,12.188,1.0001,0.0,0.0,0.0,12.188,0.0074,12.195400000000001,12.1968
2083,0.0995,0.0001,0.0996,0.0179,0.9989959839357431,0.0010040160642570282,5.1174,0.066,5.1176,0.0002,0.0,0.0,0.0,5.1175999999999995,0.066,5.183599999999999,5.1866
2084,0.0801,0.0022,0.0823,0.0148,0.9732685297691374,0.0267314702308627,4.4001,1.391,4.3998,0.0,0.0,0.0,0.0,4.3998,1.391,5.7908,5.7909
2085,0.1414,0.0001,0.1415,0.0255,0.9992932862190813,0.000706713780918728,8.1819,0.0723,8.1818,0.0,0.0,0.0,0.0,8.1818,0.0723,8.254100000000001,8.2539
2086,0.2708,0.0004,0.2712,0.0488,0.9985250737463126,0.0014749262536873158,14.3847,0.2531,14.3845,0.0,0.0,0.0,0.0,14.384500000000001,0.2531,14.6376,14.639
2087,0.2439,0.0096,0.2535,0.0456,0.9621301775147929,0.037869822485207094,13.6242,6.1039,13.6244,0.0002,0.0,0.0,0.0,13.624400000000001,6.1039,19.7283,19.7276
2088,0.2003,0.0,0.2003,0.0361,1.0,0.0,11.1879,0.0072,11.1879,0.0,0.0,0.0,0.0,11.1879,0.0072,11.1951,11.1977
2089,0.0939,0.0,0.094,0.0169,0.9989361702127659,0.0,4.9095,0.0127,4.9088,0.0,0.0,0.0,0.0,4.9088,0.0127,4.9215,4.9263
2090,0.1992,0.0042,0.2034,0.0366,0.9793510324483775,0.02064896755162242,11.322,2.6237,12.3217,0.9997,0.0,0.0,0.0,12.3217,2.6237,14.9454,14.9442
2091,0.2209,0.0,0.2209,0.0398,1.0,0.0,11.7324,0.0195,11.7326,0.0002,0.0,0.0,0.0,11.732600000000001,0.0195,11.752100000000002,11.7517
2092,0.1419,0.006,0.1479,0.0266,0.9594320486815415,0.04056795131845842,8.361,3.8752,9.3606,0.9996,0.0,0.0,0.0,9.3606,3.8752,13.2358,13.2381
2093,0.1865,0.0001,0.1865,0.0336,1.0,0.0005361930294906167,9.5895,0.0293,9.5895,0.0,0.0,0.0,0.0,9.5895,0.0293,9.618799999999998,9.6196
2094,0.105,0.004,0.109,0.0196,0.963302752293578,0.03669724770642202,5.8662,2.7062,5.8662,0.0,0.0,0.0,0.0,5.8662,2.7062,8.5724,8.5678
2095,0.1615,0.0003,0.1618,0.0291,0.9981458590852905,0.0018541409147095178,9.3456,0.1965,9.3455,0.0,0.0,0.0,0.0,9.345499999999998,0.1965,9.541999999999998,9.5429
2096,0.1962,0.0003,0.1965,0.0354,0.9984732824427481,0.0015267175572519082,10.5966,0.1692,10.5967,0.0001,0.0,0.0,0.0,10.5967,0.1692,10.7659,10.7678
2097,0.1258,0.0003,0.1262,0.0227,0.9968304278922344,0.0023771790808240884,6.795,0.2079,6.7949,0.0,0.0,0.0,0.0,6.794899999999999,0.20789999999999997,7.002799999999999,7.0049
2098,0.1237,0.0034,0.1271,0.0229,0.9732494099134541,0.02675059008654603,6.795,2.3278,6.795,0.0,0.0,0.0,0.0,6.795,2.3278,9.1228,9.1253
2099,0.1796,0.0002,0.1798,0.0324,0.9988876529477199,0.0011123470522803117,10.0332,0.1383,10.0329,0.0,0.0,0.0,0.0,10.0329,0.1383,10.171199999999999,10.1673
2100,0.1835,0.0001,0.1836,0.033,0.9994553376906317,0.0005446623093681917,9.5895,0.0597,9.5895,0.0,0.0,0.0,0.0,9.5895,0.0597,9.649199999999999,9.65
2101,0.1834,0.0146,0.1981,0.0357,0.9257950530035336,0.07370015143866734,10.4265,9.4915,11.4267,1.0002,0.0,0.0,0.0,11.4267,9.4915,20.9182,20.9169
2102,0.2231,0.0006,0.2237,0.0403,0.9973178363880196,0.0026821636119803306,12.4605,0.3927,12.4605,0.0,0.0,0.0,0.0,12.4605,0.3927,12.8532,12.85
2103,0.0677,0.0,0.0677,0.0122,1.0,0.0,3.5361,0.0143,3.5361,0.0,0.0,0.0,0.0,3.5361000000000002,0.0143,3.5504000000000002,3.5472
2104,0.0867,0.0008,0.0875,0.0158,0.9908571428571429,0.009142857142857144,5.0166,0.5164,5.0164,0.0,0.0,0.0,0.0,5.016399999999999,0.5164,5.532799999999999,5.5286
2105,0.1287,0.0014,0.1302,0.0234,0.988479262672811,0.01075268817204301,6.9516,0.9957,7.9514,0.9998,0.0,0.0,0.0,7.9514,0.9957,8.947099999999999,8.9434
2106,0.0478,0.0,0.0478,0.0086,1.0,0.0,2.718,0.0078,2.718,0.0,0.0,0.0,0.0,2.718,0.0078000000000000005,2.7258,2.7227
2107,0.236,0.0,0.236,0.0425,1.0,0.0,13.9023,0.0086,13.9023,0.0,0.0,0.0,0.0,13.9023,0.0086,13.9109,13.9115
2108,0.0948,0.0116,0.1064,0.0191,0.8909774436090225,0.10902255639097744,5.1174,7.7977,8.1177,3.0003,0.0,0.0,0.0,8.1177,7.797700000000001,15.9154,15.9161
2109,0.1899,0.004,0.1939,0.0349,0.9793708096957195,0.020629190304280558,10.4265,2.3662,11.4266,1.0001,0.0,0.0,0.0,11.4266,2.3662,13.7928,13.7939
2110,0.0606,0.0025,0.0631,0.0114,0.9603803486529319,0.039619651347068144,3.2724,1.6086,5.2726,2.0002,0.0,0.0,0.0,5.2726,1.6086,6.8812,6.8771
2111,0.052,0.0,0.052,0.0094,1.0,0.0,2.718,0.0106,2.7178,0.0,0.0,0.0,0.0,2.7178,0.010599999999999998,2.7284,2.7279
2112,0.2154,0.0,0.2154,0.0388,1.0,0.0,12.4605,0.013,12.4604,0.0,0.0,0.0,0.0,12.4604,0.013,12.4734,12.4736
2113,0.2682,0.0047,0.2729,0.0491,0.9827775742030048,0.01722242579699524,14.7276,3.1694,18.7273,3.9997,0.0,0.0,0.0,18.7273,3.1693999999999996,21.8967,22.401
2114,0.2748,0.0,0.2749,0.0495,0.9996362313568571,0.0,15.3531,0.0165,15.3527,0.0,0.0,0.0,0.0,15.352699999999999,0.0165,15.3692,15.3735
2115,0.0901,0.0008,0.0909,0.0164,0.9911991199119913,0.008800880088008802,5.2137,0.4951,5.2134,0.0,0.0,0.0,0.0,5.2134,0.49510000000000004,5.7085,5.7084
2116,0.1287,0.0,0.1288,0.0232,0.9992236024844722,0.0,6.9516,0.0177,6.9513,0.0,0.0,0.0,0.0,6.951300000000001,0.0177,6.969,6.9733
2117,0.1237,0.0037,0.1274,0.0229,0.9709576138147566,0.029042386185243328,6.795,2.2405,6.7949,0.0,0.0,0.0,0.0,6.794899999999999,2.2405,9.0354,9.0319
2118,0.1818,0.0017,0.1836,0.033,0.9901960784313725,0.009259259259259259,9.8181,1.0209,9.8182,0.0001,0.0,0.0,0.0,9.8182,1.0209000000000001,10.839099999999998,10.8422
2119,0.1992,0.0,0.1992,0.0359,1.0,0.0,11.322,0.0197,13.3218,1.9998,0.0,0.0,0.0,13.3218,0.019700000000000002,13.3415,13.3392
2120,0.1266,0.0001,0.1267,0.0228,0.9992107340173637,0.0007892659826361484,6.9516,0.0425,6.9512,0.0,0.0,0.0,0.0,6.9512,0.04250000000000001,6.9937000000000005,6.995
2121,0.0542,0.001,0.0552,0.0099,0.9818840579710145,0.018115942028985508,3.0276,0.6728,3.0276,0.0,0.0,0.0,0.0,3.0275999999999996,0.6728000000000001,3.7003999999999997,3.6991
2122,0.06,0.0001,0.0601,0.0108,0.9983361064891847,0.0016638935108153079,3.4119,0.0348,3.4118,0.0,0.0,0.0,0.0,3.4118000000000004,0.0348,3.4466000000000006,3.4418
2123,0.161,0.0023,0.1633,0.0294,0.9859154929577465,0.014084507042253521,8.8407,1.4185,8.8404,0.0,0.0,0.0,0.0,8.8404,1.4185,10.2589,10.7572
2124,0.2485,0.0003,0.2488,0.0448,0.9987942122186495,0.0012057877813504822,13.6467,0.1677,14.647,1.0003,0.0,0.0,0.0,14.647,0.16770000000000002,14.8147,14.8107
2125,0.0963,0.0,0.0964,0.0173,0.9989626556016598,0.0,5.1174,0.0187,5.1175,0.0001,0.0,0.0,0.0,5.1175,0.0187,5.1362,5.1315
2126,0.2003,0.0,0.2003,0.0361,1.0,0.0,11.1879,0.0163,11.1879,0.0,0.0,0.0,0.0,11.1879,0.0163,11.2042,11.2084
2127,0.0786,0.0047,0.0833,0.015,0.943577430972389,0.056422569027611044,4.2453,2.9399,6.2458,2.0005,0.0,0.0,0.0,6.245799999999999,2.9398999999999997,9.185699999999999,9.1901
2128,0.0813,0.0003,0.0816,0.0147,0.9963235294117646,0.0036764705882352936,4.5414,0.1821,4.5414,0.0,0.0,0.0,0.0,4.5414,0.18209999999999998,4.7235000000000005,4.7195
2129,0.0747,0.0102,0.0848,0.0153,0.8808962264150944,0.12028301886792454,4.2453,6.0587,5.2457,1.0004,0.0,0.0,0.0,5.2457,6.0587,11.304400000000001,11.3023
2130,0.0507,0.0,0.0507,0.0091,1.0,0.0,2.8305,0.006,2.8305,0.0,0.0,0.0,0.0,2.8305,0.006,2.8364999999999996,2.8401
2131,0.0717,0.0038,0.0755,0.0136,0.9496688741721855,0.05033112582781457,4.077,2.3686,6.077,2.0,0.0,0.0,0.0,6.077,2.3686000000000003,8.4456,8.448
2132,0.2211,0.0151,0.2363,0.0425,0.9356749894202284,0.06390181972069403,11.9412,9.1665,11.9411,0.0,0.0,0.0,0.0,11.9411,9.1665,21.107599999999998,21.1042
2133,0.2027,0.0,0.2027,0.0365,1.0,0.0,11.9412,0.0139,11.9411,0.0,0.0,0.0,0.0,11.9411,0.013900000000000001,11.955,11.9519
2134,0.2682,0.012,0.2802,0.0504,0.9571734475374732,0.042826552462526764,14.7276,8.4298,14.7273,0.0,0.0,0.0,0.0,14.727300000000001,8.4298,23.1571,23.6551
2135,0.0966,0.0066,0.1032,0.0186,0.936046511627907,0.06395348837209303,5.2137,4.2993,5.2134,0.0,0.0,0.0,0.0,5.2134,4.2993,9.512699999999999,9.5109
2136,0.0495,0.0017,0.0512,0.0092,0.966796875,0.033203125,2.718,1.0869,2.718,0.0,0.0,0.0,0.0,2.718,1.0869,3.8049,3.8089
2137,0.0512,0.0019,0.0531,0.0096,0.9642184557438795,0.035781544256120526,2.718,1.135,2.718,0.0,0.0,0.0,0.0,2.718,1.135,3.8529999999999998,3.856
2138,0.1897,0.0001,0.1898,0.0342,0.9994731296101159,0.0005268703898840886,10.5966,0.0495,10.5968,0.0002,0.0,0.0,0.0,10.5968,0.049499999999999995,10.6463,10.6418
2139,0.1804,0.0,0.1804,0.0325,1.0,0.0,9.9063,0.0085,9.9065,0.0002,0.0,0.0,0.0,9.906500000000001,0.0085,9.915000000000001,9.9111
2140,0.1968,0.0013,0.1982,0.0357,0.992936427850656,0.006559031281533804,11.1879,0.8341,12.1879,1.0,0.0,0.0,0.0,12.1879,0.8341,13.022,13.022
2141,0.0898,0.0053,0.0951,0.0171,0.9442691903259727,0.05573080967402734,5.0166,3.4999,5.0164,0.0,0.0,0.0,0.0,5.0164,3.4999000000000002,8.516300000000001,8.5126
2142,0.1502,0.0024,0.1525,0.0275,0.9849180327868853,0.015737704918032787,8.6886,1.4499,8.6889,0.0003,0.0,0.0,0.0,8.6889,1.4499,10.1388,10.1359
2143,0.1703,0.0006,0.1709,0.0308,0.9964891749561148,0.003510825043885313,9.513,0.3693,9.5129,0.0,0.0,0.0,0.0,9.5129,0.3693,9.882200000000001,9.8846
2144,0.057,0.0003,0.0573,0.0103,0.9947643979057592,0.005235602094240837,2.9331,0.1746,2.9332,0.0001,0.0,0.0,0.0,2.9332000000000003,0.17460000000000003,3.1078,3.1072
2145,0.1504,0.0003,0.1508,0.0271,0.9973474801061009,0.001989389920424403,7.9911,0.1948,7.9914,0.0003,0.0,0.0,0.0,7.9914000000000005,0.1948,8.186200000000001,8.186
2146,0.1931,0.014,0.2071,0.0373,0.932399806856591,0.06760019314340898,10.4265,8.6438,10.4267,0.0002,0.0,0.0,0.0,10.4267,8.6438,19.070500000000003,19.5699
2147,0.2023,0.0121,0.2144,0.0386,0.9435634328358209,0.0564365671641791,11.7054,7.1897,11.705,0.0,0.0,0.0,0.0,11.704999999999998,7.1897,18.8947,18.896
2148,0.0858,0.0003,0.0861,0.0155,0.9965156794425087,0.003484320557491289,4.7952,0.1824,4.7948,0.0,0.0,0.0,0.0,4.7948,0.18239999999999998,4.977200000000001,4.9822
2149,0.1758,0.0,0.1758,0.0316,1.0,0.0,9.8181,0.0054,9.8182,0.0001,0.0,0.0,0.0,9.8182,0.0054,9.823599999999999,9.8242
2150,0.2397,0.0006,0.2403,0.0433,0.9975031210986266,0.002496878901373283,13.6242,0.4032,13.6244,0.0002,0.0,0.0,0.0,13.624400000000001,0.4032,14.027600000000001,14.0281
2151,0.1654,0.0099,0.1753,0.0316,0.9435253850541927,0.05647461494580719,9.0828,6.1935,9.0829,0.0001,0.0,0.0,0.0,9.082900000000002,6.1935,15.276400000000002,15.2787
2152,0.131,0.0016,0.1326,0.0239,0.9879336349924586,0.012066365007541479,7.0722,0.9799,7.0724,0.0002,0.0,0.0,0.0,7.0724,0.9799,8.0523,8.0512
2153,0.1502,0.0,0.1502,0.027,1.0,0.0,8.6886,0.0101,8.6889,0.0003,0.0,0.0,0.0,8.6889,0.0101,8.699,8.7034
2154,0.1244,0.004,0.1284,0.0231,0.9688473520249222,0.031152647975077885,6.9516,2.7061,6.9512,0.0,0.0,0.0,0.0,6.9512,2.7060999999999997,9.6573,9.6617
2155,0.2486,0.0002,0.2488,0.0448,0.9991961414790996,0.0008038585209003216,12.7863,0.1048,12.7863,0.0,0.0,0.0,0.0,12.7863,0.10480000000000002,12.891100000000002,12.8877
2156,0.157,0.0,0.157,0.0283,1.0,0.0,9.0828,0.027,9.0828,0.0,0.0,0.0,0.0,9.0828,0.027,9.1098,9.1054
2157,0.1123,0.0001,0.1124,0.0202,0.9991103202846975,0.0008896797153024912,5.8662,0.0782,5.8664,0.0002,0.0,0.0,0.0,5.8664000000000005,0.0782,5.9446,5.9401
2158,0.0966,0.0001,0.0966,0.0174,1.0,0.0010351966873706005,5.2137,0.0317,5.2131,0.0,0.0,0.0,0.0,5.213100000000001,0.0317,5.244800000000001,5.2406
2159,0.0543,0.0014,0.0557,0.01,0.9748653500897666,0.025134649910233394,3.1968,0.8736,3.1967,0.0,0.0,0.0,0.0,3.1967,0.8736,4.0703,4.0679
2160,0.0498,0.0007,0.0505,0.0091,0.986138613861386,0.01386138613861386,2.8305,0.4191,2.8305,0.0,0.0,0.0,0.0,2.8305,0.4191,3.2495999999999996,3.2513
2161,0.2611,0.0,0.2612,0.047,0.9996171516079633,0.0,13.6467,0.0074,13.647,0.0003,0.0,0.0,0.0,13.647000000000002,0.0074,13.654400000000003,13.6575
2162,0.2485,0.0007,0.2492,0.0449,0.997191011235955,0.0028089887640449437,13.6467,0.4322,13.6468,0.0001,0.0,0.0,0.0,13.6468,0.43220000000000003,14.079,14.0787
2163,0.0461,0.0004,0.0466,0.0084,0.9892703862660944,0.008583690987124463,2.718,0.2743,2.718,0.0,0.0,0.0,0.0,2.718,0.2743,2.9923,2.9929
2164,0.1195,0.0066,0.1261,0.0227,0.9476605868358446,0.052339413164155434,6.795,4.2752,7.7948,0.9998,0.0,0.0,0.0,7.7947999999999995,4.2752,12.07,12.0657
2165,0.21,0.0011,0.2112,0.038,0.9943181818181818,0.005208333333333334,11.7324,0.7759,14.7325,3.0001,0.0,0.0,0.0,14.732500000000002,0.7759,15.508400000000002,15.5084
2166,0.0864,0.0009,0.0873,0.0157,0.9896907216494846,0.010309278350515464,4.9095,0.568,4.9092,0.0,0.0,0.0,0.0,4.909199999999999,0.568,5.477199999999999,5.4808
2167,0.1431,0.0,0.1431,0.0258,1.0,0.0,7.9911,0.0066,7.9911,0.0,0.0,0.0,0.0,7.9911,0.0066,7.9977,7.9986
2168,0.1359,0.0002,0.1361,0.0245,0.9985304922850845,0.0014695077149155034,8.154,0.124,8.1538,0.0,0.0,0.0,0.0,8.1538,0.124,8.277800000000001,8.2803
2169,0.1609,0.0008,0.1617,0.0291,0.9950525664811378,0.00494743351886209,8.6886,0.4574,8.689,0.0004,0.0,0.0,0.0,8.689,0.4574,9.1464,9.1459
2170,0.2384,0.0002,0.2386,0.0429,0.9991617770326907,0.0008382229673093043,13.0905,0.126,13.0908,0.0003,0.0,0.0,0.0,13.090799999999998,0.126,13.216799999999997,13.2128
2171,0.2243,0.0,0.2243,0.0404,1.0,0.0,12.1104,0.0123,12.1105,0.0001,0.0,0.0,0.0,12.1105,0.012299999999999998,12.1228,12.1266
2172,0.1364,0.0002,0.1366,0.0246,0.9985358711566618,0.0014641288433382138,8.1819,0.1294,8.1818,0.0,0.0,0.0,0.0,8.1818,0.12940000000000002,8.311200000000001,8.3089
2173,0.2171,0.0001,0.2171,0.0391,1.0,0.000460617227084293,12.7863,0.0363,12.7862,0.0,0.0,0.0,0.0,12.786200000000001,0.0363,12.822500000000002,12.8233
2174,0.0633,0.0,0.0633,0.0114,1.0,0.0,3.5361,0.0167,3.5361,0.0,0.0,0.0,0.0,3.5361000000000002,0.016700000000000003,3.5528000000000004,3.5479
2175,0.2289,0.0101,0.239,0.043,0.9577405857740586,0.04225941422594142,12.7863,6.6979,12.786,0.0,0.0,0.0,0.0,12.786000000000001,6.6979,19.483900000000002,19.4879
2176,0.1309,0.0017,0.1326,0.0239,0.9871794871794871,0.01282051282051282,6.9516,1.0534,8.9512,1.9996,0.0,0.0,0.0,8.951199999999998,1.0534,10.004599999999998,10.0051
2177,0.131,0.0,0.131,0.0236,1.0,0.0,7.0758,0.0044,7.0759,0.0001,0.0,0.0,0.0,7.0759,0.004399999999999999,7.0803,7.0767
2178,0.2141,0.0002,0.2143,0.0386,0.9990667288847411,0.0009332711152589829,11.1879,0.1035,11.1879,0.0,0.0,0.0,0.0,11.1879,0.1035,11.291400000000001,11.2949
2179,0.1101,0.0003,0.1104,0.0199,0.9972826086956522,0.002717391304347826,5.661,0.1774,5.6609,0.0,0.0,0.0,0.0,5.6609,0.1774,5.8383,5.8337
2180,0.047,0.0004,0.0473,0.0085,0.9936575052854122,0.008456659619450317,2.718,0.2277,7.7179,4.9999,0.0,0.0,0.0,7.7179,0.2277,7.945600000000001,7.9441
2181,0.2401,0.0034,0.2435,0.0438,0.9860369609856263,0.013963039014373716,14.1444,2.1544,15.1444,1.0,0.0,0.0,0.0,15.144400000000001,2.1544,17.2988,17.2953
2182,0.1223,0.0079,0.1302,0.0234,0.9393241167434716,0.060675883256528416,6.9516,5.1546,7.9512,0.9996,0.0,0.0,0.0,7.9512,5.1546,13.1058,13.1102
2183,0.1583,0.0002,0.1585,0.0285,0.9987381703470031,0.0012618296529968455,8.8407,0.1452,8.8402,0.0,0.0,0.0,0.0,8.8402,0.1452,8.985399999999998,8.989
2184,0.2209,0.0,0.2209,0.0398,1.0,0.0,11.7324,0.0249,11.7326,0.0002,0.0,0.0,0.0,11.732600000000001,0.024900000000000002,11.757500000000002,11.7581
2185,0.0663,0.0007,0.067,0.0121,0.9895522388059701,0.01044776119402985,3.4119,0.4774,5.4118,1.9999,0.0,0.0,0.0,5.4118,0.47740000000000005,5.889200000000001,5.8924
2186,0.2086,0.0,0.2087,0.0376,0.9995208433157643,0.0,10.9026,0.0208,10.9028,0.0002,0.0,0.0,0.0,10.902800000000001,0.0208,10.9236,10.9239
2187,0.2591,0.0069,0.266,0.0479,0.9740601503759397,0.025939849624060148,14.7276,4.3758,14.7271,0.0,0.0,0.0,0.0,14.727100000000002,4.3758,19.1029,19.1037
2188,0.1799,0.0001,0.18,0.0324,0.9994444444444445,0.0005555555555555556,10.5966,0.047,10.5967,0.0001,0.0,0.0,0.0,10.5967,0.047,10.6437,10.6463
2189,0.1834,0.0001,0.1836,0.033,0.9989106753812635,0.0005446623093681917,9.9063,0.096,9.9065,0.0002,0.0,0.0,0.0,9.906500000000001,0.096,10.002500000000001,10.0002
2190,0.1007,0.0011,0.1018,0.0183,0.9891944990176816,0.010805500982318271,5.436,0.676,6.436,1.0,0.0,0.0,0.0,6.436000000000001,0.676,7.112000000000001,7.113
2191,0.2028,0.0024,0.2052,0.0369,0.9883040935672516,0.011695906432748537,10.5966,1.4925,10.5966,0.0,0.0,0.0,0.0,10.5966,1.4925,12.0891,12.0899
2192,0.1738,0.0,0.1739,0.0313,0.9994249568717655,0.0,9.0828,0.027,9.0829,0.0001,0.0,0.0,0.0,9.082900000000002,0.027,9.109900000000001,9.1142
2193,0.2619,0.0014,0.2634,0.0474,0.9943052391799544,0.005315110098709187,14.3847,0.9626,14.3844,0.0,0.0,0.0,0.0,14.384400000000001,0.9626,15.347000000000001,15.3485
2194,0.2241,0.0001,0.2241,0.0403,1.0,0.00044622936189201253,12.7368,0.0389,12.7371,0.0003,0.0,0.0,0.0,12.7371,0.0389,12.776,12.7759
2195,0.0633,0.0146,0.0779,0.014,0.8125802310654685,0.18741976893453147,3.4758,9.4425,3.4758,0.0,0.0,0.0,0.0,3.4758,9.4425,12.9183,12.9145
2196,0.1013,0.0078,0.1091,0.0196,0.928505957836847,0.07149404216315307,5.661,4.7113,7.6608,1.9998,0.0,0.0,0.0,7.6608,4.7113000000000005,12.3721,12.3733
2197,0.1625,0.0011,0.1636,0.0295,0.993276283618582,0.0067237163814180935,8.4915,0.764,8.4912,0.0,0.0,0.0,0.0,8.491200000000001,0.764,9.2552,9.2525
2198,0.1864,0.0016,0.188,0.0338,0.9914893617021278,0.00851063829787234,10.2357,1.0429,11.2352,0.9995,0.0,0.0,0.0,11.235199999999999,1.0429,12.278099999999998,12.2731
2199,0.2249,0.0004,0.2254,0.0406,0.9977817213842058,0.001774622892635315,12.7863,0.2943,12.7862,0.0,0.0,0.0,0.0,12.786200000000001,0.2943,13.0805,13.0794
2200,0.1913,0.0006,0.1918,0.0345,0.997393117831074,0.003128258602711157,10.872,0.3508,10.8718,0.0,0.0,0.0,0.0,10.871799999999999,0.3508,11.222599999999998,11.2196
2201,0.1582,0.0003,0.1585,0.0285,0.9981072555205047,0.001892744479495268,8.6886,0.1604,8.689,0.0004,0.0,0.0,0.0,8.689,0.1604,8.8494,8.8505
2202,0.2368,0.0,0.2368,0.0426,1.0,0.0,12.7863,0.013,12.7862,0.0,0.0,0.0,0.0,12.786200000000001,0.012999999999999998,12.7992,12.7973
2203,0.1626,0.0,0.1626,0.0293,1.0,0.0,8.361,0.0278,8.3607,0.0,0.0,0.0,0.0,8.3607,0.027800000000000002,8.388499999999999,8.3885
2204,0.1672,0.0005,0.1677,0.0302,0.9970184853905784,0.0029815146094215863,10.0332,0.2986,10.033,0.0,0.0,0.0,0.0,10.033,0.2986,10.3316,10.3336
2205,0.1332,0.0007,0.1339,0.0241,0.9947722180731892,0.005227781926811053,7.9911,0.4601,7.9913,0.0002,0.0,0.0,0.0,7.991300000000001,0.4601,8.451400000000001,8.4507
2206,0.1376,0.0001,0.1377,0.0248,0.9992737835875092,0.0007262164124909224,7.0758,0.0817,7.0761,0.0003,0.0,0.0,0.0,7.076099999999999,0.0817,7.157799999999999,7.1594
2207,0.1308,0.0,0.1308,0.0236,1.0,0.0,7.569,0.0122,7.5691,0.0001,0.0,0.0,0.0,7.5691,0.012199999999999999,7.5813,7.5812
2208,0.0534,0.0,0.0534,0.0096,1.0,0.0,2.9331,0.0238,2.9331,0.0,0.0,0.0,0.0,2.9331,0.023799999999999998,2.9569,2.9541
2209,0.0579,0.0,0.0579,0.0104,1.0,0.0,3.4119,0.0176,3.4119,0.0,0.0,0.0,0.0,3.4119,0.0176,3.4295,3.4295
2210,0.1689,0.0013,0.1703,0.0307,0.9917792131532589,0.007633587786259542,8.6886,0.9121,8.6888,0.0002,0.0,0.0,0.0,8.6888,0.9121,9.600900000000001,9.5976
2211,0.0894,0.0008,0.0902,0.0162,0.9911308203991129,0.008869179600886918,4.9095,0.5225,4.9092,0.0,0.0,0.0,0.0,4.909199999999999,0.5225,5.431699999999999,5.4356
2212,0.2168,0.0094,0.2262,0.0407,0.958443854995579,0.04155614500442087,12.1104,6.1733,12.1106,0.0002,0.0,0.0,0.0,12.1106,6.1733,18.2839,18.2879
2213,0.2015,0.0,0.2015,0.0363,1.0,0.0,11.4543,0.0135,11.4546,0.0003,0.0,0.0,0.0,11.4546,0.0135,11.4681,11.4673
2214,0.1602,0.0,0.1603,0.0288,0.9993761696818466,0.0,8.7993,0.019,8.7995,0.0002,0.0,0.0,0.0,8.7995,0.019,8.8185,8.8177
2215,0.1866,0.0,0.1867,0.0336,0.9994643813604712,0.0,10.6083,0.02,10.6083,0.0,0.0,0.0,0.0,10.6083,0.02,10.6283,10.6316
2216,0.1028,0.0022,0.105,0.0189,0.979047619047619,0.020952380952380955,6.0552,1.4659,6.0553,0.0001,0.0,0.0,0.0,6.0553,1.4659,7.5212,7.5243
2217,0.0558,0.0023,0.058,0.0104,0.9620689655172414,0.0396551724137931,3.1149,1.4773,3.1151,0.0002,0.0,0.0,0.0,3.1151000000000004,1.4773,4.5924000000000005,4.5892
2218,0.219,0.001,0.2199,0.0396,0.9959072305593452,0.004547521600727604,12.231,0.6627,12.2308,0.0,0.0,0.0,0.0,12.2308,0.6627000000000001,12.8935,12.8943
2219,0.0828,0.0006,0.0835,0.015,0.9916167664670658,0.007185628742514969,4.4001,0.3934,4.4001,0.0,0.0,0.0,0.0,4.4001,0.3934,4.7935,4.7932
2220,0.1465,0.0001,0.1465,0.0264,1.0,0.0006825938566552902,8.1819,0.0491,8.1818,0.0,0.0,0.0,0.0,8.1818,0.0491,8.2309,8.2339
2221,0.2601,0.0,0.2601,0.0468,1.0,0.0,15.0489,0.0062,15.0493,0.0004,0.0,0.0,0.0,15.049299999999999,0.006200000000000001,15.055499999999999,15.0595
2222,0.1195,0.002,0.1215,0.0219,0.9835390946502057,0.01646090534979424,6.795,1.1825,6.7948,0.0,0.0,0.0,0.0,6.7947999999999995,1.1825,7.9773,7.9817
2223,0.1555,0.0,0.1556,0.028,0.9993573264781491,0.0,8.8407,0.0172,8.8403,0.0,0.0,0.0,0.0,8.8403,0.0172,8.8575,8.8543
2224,0.2141,0.0,0.2141,0.0385,1.0,0.0,11.1879,0.0223,11.1879,0.0,0.0,0.0,0.0,11.1879,0.022299999999999997,11.2102,11.2145
2225,0.2753,0.0005,0.2758,0.0496,0.9981870920957215,0.0018129079042784628,14.3847,0.3671,14.3845,0.0,0.0,0.0,0.0,14.384500000000001,0.3671,14.751600000000002,14.7504
2226,0.0579,0.0003,0.0582,0.0105,0.9948453608247423,0.005154639175257731,3.0276,0.2038,3.0277,0.0001,0.0,0.0,0.0,3.0277,0.20379999999999998,3.2314999999999996,3.2303
2227,0.104,0.0019,0.106,0.0191,0.9811320754716981,0.017924528301886792,5.436,1.2908,5.4359,0.0,0.0,0.0,0.0,5.4359,1.2908,6.7267,6.7274
2228,0.0586,0.0001,0.0588,0.0106,0.9965986394557823,0.0017006802721088437,3.1149,0.0904,3.1151,0.0002,0.0,0.0,0.0,3.1151,0.0904,3.2055,3.2066
2229,0.2607,0.0017,0.2624,0.0472,0.9935213414634145,0.006478658536585365,15.6402,1.0027,15.6401,0.0,0.0,0.0,0.0,15.6401,1.0027,16.6428,16.6459
2230,0.1774,0.0006,0.178,0.032,0.9966292134831461,0.0033707865168539327,10.2663,0.3793,10.2661,0.0,0.0,0.0,0.0,10.266099999999998,0.3793,10.645399999999999,10.646
2231,0.2227,0.0004,0.2232,0.0402,0.9977598566308243,0.0017921146953405018,12.231,0.2823,12.2307,0.0,0.0,0.0,0.0,12.2307,0.2823,12.513,12.5091
2232,0.2607,0.0006,0.2613,0.047,0.9977037887485649,0.002296211251435132,13.6242,0.3774,13.6244,0.0002,0.0,0.0,0.0,13.624400000000001,0.37739999999999996,14.001800000000001,13.9977
2233,0.0568,0.0008,0.0575,0.0104,0.9878260869565217,0.01391304347826087,3.3444,0.4738,3.3443,0.0,0.0,0.0,0.0,3.3442999999999996,0.4738,3.8180999999999994,3.8162
2234,0.1546,0.0005,0.1552,0.0279,0.9961340206185566,0.0032216494845360823,8.4915,0.3386,8.4914,0.0,0.0,0.0,0.0,8.4914,0.33860000000000007,8.83,8.8308
2235,0.212,0.0001,0.2121,0.0382,0.9995285242809995,0.0004714757190004715,10.9026,0.0503,10.9028,0.0002,0.0,0.0,0.0,10.902800000000003,0.0503,10.953100000000003,10.9498
2236,0.1586,0.0003,0.159,0.0286,0.9974842767295596,0.0018867924528301885,9.3456,0.1958,9.3454,0.0,0.0,0.0,0.0,9.345399999999998,0.1958,9.541199999999998,9.5443
2237,0.2131,0.0109,0.2239,0.0403,0.9517641804376955,0.04868244752121483,12.1104,7.3541,12.1104,0.0,0.0,0.0,0.0,12.110399999999998,7.3541,19.464499999999997,19.4596
2238,0.2748,0.0037,0.2785,0.0501,0.9867145421903051,0.013285457809694793,15.3531,2.2247,15.3529,0.0,0.0,0.0,0.0,15.352899999999998,2.2247,17.577599999999997,17.5787
2239,0.2322,0.0003,0.2325,0.0418,0.9987096774193548,0.001290322580645161,13.1994,0.1728,13.1991,0.0,0.0,0.0,0.0,13.199099999999998,0.1728,13.371899999999998,13.372
2240,0.1952,0.0,0.1952,0.0351,1.0,0.0,10.9026,0.022,10.9029,0.0003,0.0,0.0,0.0,10.902900000000002,0.022,10.924900000000003,10.9235
2241,0.2346,0.0006,0.2352,0.0423,0.9974489795918368,0.002551020408163265,12.4605,0.4267,12.4605,0.0,0.0,0.0,0.0,12.4605,0.42669999999999997,12.8872,12.8837
2242,0.0576,0.0,0.0576,0.0104,1.0,0.0,3.2724,0.018,3.2727,0.0003,0.0,0.0,0.0,3.2727,0.018000000000000002,3.2906999999999997,3.2936
2243,0.095,0.001,0.096,0.0173,0.9895833333333334,0.010416666666666666,5.3046,0.6601,5.3044,0.0,0.0,0.0,0.0,5.3044,0.6601,5.9645,5.9693
2244,0.1202,0.0032,0.1233,0.0222,0.9748580697485807,0.025952960259529603,6.9516,1.9955,6.9514,0.0,0.0,0.0,0.0,6.9514000000000005,1.9955,8.946900000000001,8.9515
2245,0.0592,0.0117,0.0709,0.0128,0.8349788434414669,0.16502115655853314,3.1968,7.6588,3.1965,0.0,0.0,0.0,0.0,3.1965000000000003,7.6588,10.8553,10.8543
2246,0.1555,0.004,0.1595,0.0287,0.9749216300940439,0.025078369905956112,8.8407,2.4282,8.8404,0.0,0.0,0.0,0.0,8.8404,2.4282000000000004,11.268600000000001,11.2669
2247,0.131,0.0076,0.1387,0.025,0.9444844989185293,0.05479452054794521,7.0758,4.6312,7.0761,0.0003,0.0,0.0,0.0,7.076099999999999,4.6312,11.7073,11.7058
2248,0.1096,0.0007,0.1103,0.0199,0.9936536718041705,0.006346328195829556,6.2298,0.4169,6.2301,0.0003,0.0,0.0,0.0,6.230100000000001,0.4169,6.647000000000001,6.6459
2249,0.2138,0.0002,0.214,0.0385,0.9990654205607477,0.0009345794392523365,11.9412,0.1355,11.9412,0.0,0.0,0.0,0.0,11.9412,0.1355,12.0767,12.0717
2250,0.1101,0.0042,0.1143,0.0206,0.963254593175853,0.03674540682414698,5.661,2.7423,5.661,0.0,0.0,0.0,0.0,5.661,2.7422999999999997,8.4033,8.4014
2251,0.0774,0.0014,0.0788,0.0142,0.9822335025380711,0.017766497461928935,4.4001,0.8767,4.3996,0.0,0.0,0.0,0.0,4.3996,0.8766999999999999,5.2763,5.2767
2252,0.1204,0.0026,0.123,0.0221,0.9788617886178861,0.02113821138211382,6.3927,1.6437,6.3929,0.0002,0.0,0.0,0.0,6.392900000000001,1.6437,8.0366,8.0414
2253,0.2319,0.0,0.232,0.0418,0.9995689655172413,0.0,12.7368,0.019,12.7372,0.0004,0.0,0.0,0.0,12.7372,0.019,12.7562,12.7543
2254,0.2231,0.0002,0.2232,0.0402,0.9995519713261648,0.0008960573476702509,12.4605,0.1056,12.4604,0.0,0.0,0.0,0.0,12.4604,0.1056,12.566,12.571
2255,0.1527,0.0002,0.1529,0.0275,0.9986919555264878,0.0013080444735120995,8.5293,0.1456,8.5293,0.0,0.0,0.0,0.0,8.5293,0.1456,8.6749,8.6795
2256,0.1131,0.0034,0.1166,0.021,0.969982847341338,0.02915951972555746,6.5457,2.1543,6.5453,0.0,0.0,0.0,0.0,6.545299999999999,2.1543,8.6996,8.7019
2257,0.2167,0.0086,0.2252,0.0405,0.9622557726465364,0.03818827708703375,11.322,5.7867,12.3218,0.9998,0.0,0.0,0.0,12.3218,5.786700000000001,18.1085,18.1042
2258,0.214,0.0005,0.2145,0.0386,0.9976689976689976,0.002331002331002331,12.1644,0.3099,12.1645,0.0001,0.0,0.0,0.0,12.164499999999999,0.30989999999999995,12.4744,12.4753
2259,0.0601,0.0,0.0601,0.0108,1.0,0.0,3.4758,0.0081,3.4756,0.0,0.0,0.0,0.0,3.4756,0.0081,3.4837000000000002,3.479
2260,0.133,0.0002,0.1333,0.024,0.9977494373593399,0.0015003750937734434,6.9516,0.1691,6.9513,0.0,0.0,0.0,0.0,6.9513,0.16910000000000003,7.1204,7.1236
2261,0.1654,0.0023,0.1677,0.0302,0.9862850327966607,0.013714967203339297,9.0828,1.5566,9.0828,0.0,0.0,0.0,0.0,9.0828,1.5566,10.6394,10.6391
2262,0.1727,0.0,0.1728,0.0311,0.9994212962962962,0.0,9.8181,0.027,9.8182,0.0001,0.0,0.0,0.0,9.8182,0.027,9.845199999999998,9.8404
2263,0.2442,0.0005,0.2446,0.044,0.9983646770237121,0.002044153720359771,14.3847,0.2845,14.3842,0.0,0.0,0.0,0.0,14.384200000000002,0.2845,14.668700000000001,14.6661
2264,0.3094,0.0005,0.3099,0.0558,0.9983865763149403,0.0016134236850596966,15.9129,0.3194,15.9128,0.0,0.0,0.0,0.0,15.9128,0.3194,16.232200000000002,16.2283
2265,0.1502,0.008,0.1581,0.0285,0.9500316255534472,0.050600885515496526,8.6886,5.1494,8.6889,0.0003,0.0,0.0,0.0,8.6889,5.149400000000001,13.8383,13.8404
2266,0.1667,0.0017,0.1684,0.0303,0.9899049881235154,0.01009501187648456,9.8181,1.1348,10.8181,1.0,0.0,0.0,0.0,10.8181,1.1348,11.9529,11.9549
2267,0.1743,0.0,0.1743,0.0314,1.0,0.0,10.2663,0.0106,10.266,0.0,0.0,0.0,0.0,10.265999999999998,0.010600000000000002,10.276599999999998,10.2801
2268,0.0914,0.0002,0.0916,0.0165,0.9978165938864628,0.002183406113537118,5.0166,0.1372,5.0162,0.0,0.0,0.0,0.0,5.0161999999999995,0.1372,5.1533999999999995,5.151
2269,0.2636,0.0037,0.2673,0.0481,0.986157875046764,0.013842124953236066,14.7276,2.2399,15.7275,0.9999,0.0,0.0,0.0,15.727500000000001,2.2399000000000004,17.9674,17.9687
2270,0.1719,0.0001,0.172,0.031,0.9994186046511628,0.0005813953488372094,8.8407,0.0829,8.8405,0.0,0.0,0.0,0.0,8.8405,0.0829,8.9234,8.9267
2271,0.1791,0.0001,0.1792,0.0323,0.9994419642857143,0.0005580357142857144,9.513,0.0843,9.5127,0.0,0.0,0.0,0.0,9.5127,0.08430000000000001,9.597000000000001,9.6011
2272,0.1172,0.0057,0.1229,0.0221,0.9536208299430432,0.04637917005695688,6.5457,3.5247,7.5453,0.9996,0.0,0.0,0.0,7.545299999999999,3.5247,11.07,11.0696
2273,0.1582,0.0006,0.1589,0.0286,0.9955947136563876,0.003775959723096286,8.6886,0.4039,8.689,0.0004,0.0,0.0,0.0,8.689,0.4039,9.0929,9.0935
2274,0.2222,0.0,0.2223,0.04,0.9995501574448943,0.0,13.0905,0.0265,13.0908,0.0003,0.0,0.0,0.0,13.090799999999998,0.0265,13.117299999999998,13.1219
2275,0.1703,0.0,0.1703,0.0307,1.0,0.0,9.513,0.0201,9.5129,0.0,0.0,0.0,0.0,9.5129,0.0201,9.533,9.5311
2276,0.1931,0.0041,0.1972,0.0355,0.9792089249492901,0.020791075050709942,10.4265,2.5443,10.4267,0.0002,0.0,0.0,0.0,10.4267,2.5443,12.971,12.9739
2277,0.149,0.0108,0.1598,0.0288,0.932415519399249,0.06758448060075094,8.1819,7.5106,9.1818,0.9999,0.0,0.0,0.0,9.1818,7.510600000000001,16.692400000000003,16.691
2278,0.1866,0.0017,0.1884,0.0339,0.9904458598726114,0.009023354564755838,10.4265,1.1022,11.4268,1.0003,0.0,0.0,0.0,11.4268,1.1022,12.529,12.5308
2279,0.219,0.0,0.219,0.0394,1.0,0.0,12.231,0.0081,12.2308,0.0,0.0,0.0,0.0,12.2308,0.0081,12.238900000000001,12.2345
2280,0.1899,0.0001,0.19,0.0342,0.9994736842105264,0.0005263157894736842,10.4265,0.0636,10.427,0.0005,0.0,0.0,0.0,10.427,0.0636,10.490599999999999,10.4862
2281,0.1378,0.0012,0.1391,0.025,0.9906542056074766,0.008626887131560028,7.569,0.7549,7.5691,0.0001,0.0,0.0,0.0,7.5691,0.7549,8.324,8.3262
2282,0.1448,0.0001,0.1449,0.0261,0.9993098688750863,0.0006901311249137336,7.569,0.0488,7.569,0.0,0.0,0.0,0.0,7.569,0.0488,7.6178,7.6146
2283,0.0606,0.0,0.0606,0.0109,1.0,0.0,3.2724,0.007,3.2727,0.0003,0.0,0.0,0.0,3.2727,0.007,3.2797,3.2775
2284,0.1806,0.0011,0.1817,0.0327,0.9939460649422125,0.006053935057787562,10.2663,0.6726,11.2661,0.9998,0.0,0.0,0.0,11.2661,0.6726,11.938699999999999,11.9381
2285,0.1879,0.0009,0.1888,0.034,0.9952330508474577,0.004766949152542373,10.872,0.5567,10.8719,0.0,0.0,0.0,0.0,10.871899999999998,0.5567,11.428599999999998,11.4277
2286,0.0773,0.0002,0.0775,0.014,0.9974193548387096,0.0025806451612903226,4.2453,0.1342,4.2458,0.0005,0.0,0.0,0.0,4.2458,0.13419999999999999,4.38,4.3756
2287,0.063,0.0,0.063,0.0113,1.0,0.0,3.3444,0.0175,3.3443,0.0,0.0,0.0,0.0,3.3442999999999996,0.0175,3.3617999999999997,3.3594
2288,0.0654,0.0002,0.0656,0.0118,0.996951219512195,0.003048780487804878,3.4758,0.134,4.4757,0.9999,0.0,0.0,0.0,4.4757,0.134,4.6097,4.6134
2289,0.099,0.0071,0.1061,0.0191,0.9330819981149859,0.06691800188501414,5.436,4.7499,6.4359,0.9999,0.0,0.0,0.0,6.4359,4.7499,11.1858,11.1857
2290,0.1406,0.0029,0.1434,0.0258,0.9804741980474199,0.0202231520223152,7.9911,1.739,7.9915,0.0004,0.0,0.0,0.0,7.9915,1.739,9.730500000000001,9.7274
2291,0.2072,0.0,0.2072,0.0373,1.0,0.0,11.1879,0.009,11.1879,0.0,0.0,0.0,0.0,11.1879,0.009,11.196900000000001,11.1992
2292,0.0894,0.0007,0.0901,0.0162,0.9922308546059933,0.00776914539400666,4.9095,0.4547,6.9091,1.9996,0.0,0.0,0.0,6.9091,0.45470000000000005,7.3637999999999995,7.3655
2293,0.1223,0.0,0.1223,0.022,1.0,0.0,7.0758,0.0219,7.0759,0.0001,0.0,0.0,0.0,7.0759,0.021899999999999996,7.097799999999999,7.0956
2294,0.1951,0.0004,0.1954,0.0352,0.9984646878198568,0.0020470829068577278,10.0332,0.2338,10.0331,0.0,0.0,0.0,0.0,10.0331,0.23379999999999998,10.2669,10.2651
2295,0.2466,0.0054,0.252,0.0454,0.9785714285714286,0.02142857142857143,14.0184,3.2349,14.0181,0.0,0.0,0.0,0.0,14.0181,3.2349,17.253,17.2556
2296,0.2178,0.0115,0.2293,0.0413,0.9498473615351068,0.05015263846489315,12.1644,6.8608,12.1646,0.0002,0.0,0.0,0.0,12.164599999999998,6.8608,19.025399999999998,19.022
2297,0.1865,0.0083,0.1948,0.0351,0.9573921971252567,0.04260780287474333,9.9063,5.5921,9.9064,0.0001,0.0,0.0,0.0,9.906400000000001,5.5921,15.498500000000002,15.4957
2298,0.2303,0.0,0.2303,0.0415,1.0,0.0,13.0905,0.0063,13.0908,0.0003,0.0,0.0,0.0,13.090799999999998,0.0063,13.097099999999998,13.1016
2299,0.2481,0.0,0.2481,0.0447,1.0,0.0,13.6242,0.0131,13.6242,0.0,0.0,0.0,0.0,13.6242,0.0131,13.6373,13.6383
2300,0.1123,0.0001,0.1124,0.0202,0.9991103202846975,0.0008896797153024912,5.8662,0.0871,5.8664,0.0002,0.0,0.0,0.0,5.8664000000000005,0.0871,5.953500000000001,5.9544
2301,0.0979,0.0,0.0979,0.0176,1.0,0.0,5.1174,0.0084,5.1176,0.0002,0.0,0.0,0.0,5.1175999999999995,0.008400000000000001,5.1259999999999994,5.1249
2302,0.0898,0.0004,0.0902,0.0162,0.9955654101995566,0.004434589800443459,5.0166,0.263,5.0164,0.0,0.0,0.0,0.0,5.0164,0.263,5.2794,5.2794
2303,0.0505,0.0,0.0505,0.0091,1.0,0.0,3.0276,0.0123,3.0276,0.0,0.0,0.0,0.0,3.0275999999999996,0.0123,3.0399,3.0367
2304,0.1832,0.0014,0.1846,0.0332,0.9924160346695559,0.007583965330444204,10.2357,0.9272,10.2354,0.0,0.0,0.0,0.0,10.235399999999998,0.9272,11.162599999999998,11.1654
2305,0.1851,0.0,0.1851,0.0333,1.0,0.0,10.9026,0.0256,10.9026,0.0,0.0,0.0,0.0,10.9026,0.0256,10.9282,10.9324
2306,0.2101,0.0001,0.2102,0.0378,0.999524262607041,0.0004757373929590866,11.9412,0.0716,11.9411,0.0,0.0,0.0,0.0,11.9411,0.0716,12.0127,12.0145
2307,0.1637,0.0082,0.1719,0.0309,0.9522978475858058,0.0477021524141943,8.8407,4.9195,8.8405,0.0,0.0,0.0,0.0,8.8405,4.919500000000001,13.760000000000002,13.7636
2308,0.1014,0.0015,0.1029,0.0185,0.9854227405247813,0.014577259475218658,5.2137,1.013,5.2134,0.0,0.0,0.0,0.0,5.2134,1.013,6.2264,6.2216
2309,0.1445,0.0014,0.146,0.0263,0.9897260273972602,0.009589041095890411,8.361,0.916,8.3606,0.0,0.0,0.0,0.0,8.3606,0.916,9.2766,9.2752
2310,0.0909,0.0031,0.094,0.0169,0.9670212765957447,0.03297872340425532,4.9095,2.0704,4.9093,0.0,0.0,0.0,0.0,4.909299999999999,2.0704,6.979699999999999,6.9824
2311,0.0761,0.0006,0.0767,0.0138,0.9921773142112125,0.007822685788787483,4.4001,0.4073,4.3997,0.0,0.0,0.0,0.0,4.3997,0.4073,4.807,4.806
2312,0.151,0.0078,0.1588,0.0286,0.9508816120906801,0.0491183879093199,8.154,4.6134,8.154,0.0,0.0,0.0,0.0,8.154,4.6133999999999995,12.767399999999999,12.7631
2313,0.1243,0.0151,0.1393,0.0251,0.892318736539842,0.10839913854989232,6.8238,9.1611,6.8236,0.0,0.0,0.0,0.0,6.823600000000001,9.161100000000001,15.984700000000002,15.9833
2314,0.2403,0.0,0.2403,0.0433,1.0,0.0,13.9023,0.0084,13.9023,0.0,0.0,0.0,0.0,13.9023,0.008400000000000001,13.9107,13.9082
2315,0.2175,0.0001,0.2176,0.0392,0.9995404411764707,0.0004595588235294118,11.1879,0.056,11.1879,0.0,0.0,0.0,0.0,11.1879,0.056,11.2439,11.2478
2316,0.0586,0.0,0.0586,0.0106,1.0,0.0,3.2724,0.032,3.2725,0.0001,0.0,0.0,0.0,3.2725,0.032,3.3045,3.3033
2317,0.2086,0.0007,0.2093,0.0377,0.9966555183946488,0.0033444816053511705,11.4543,0.4405,11.4546,0.0003,0.0,0.0,0.0,11.4546,0.4405,11.8951,11.8998
2318,0.1288,0.0011,0.1299,0.0234,0.9915319476520401,0.00846805234795997,7.0758,0.7439,7.0759,0.0001,0.0,0.0,0.0,7.0759,0.7439,7.8198,7.824
2319,0.1156,0.0004,0.116,0.0209,0.9965517241379309,0.0034482758620689655,6.6888,0.2507,6.6886,0.0,0.0,0.0,0.0,6.688599999999999,0.2507,6.939299999999999,6.9347
2320,0.1864,0.0139,0.2003,0.0361,0.9306040938592112,0.0693959061407888,10.2357,8.7976,10.2353,0.0,0.0,0.0,0.0,10.235299999999999,8.7976,19.032899999999998,19.03
2321,0.2523,0.0121,0.2644,0.0476,0.9542360060514372,0.04576399394856278,13.6242,8.0987,13.6243,0.0001,0.0,0.0,0.0,13.624300000000002,8.098700000000001,21.723000000000003,21.7187
2322,0.1448,0.0008,0.1456,0.0262,0.9945054945054945,0.005494505494505494,8.5293,0.5577,8.5294,0.0001,0.0,0.0,0.0,8.529399999999999,0.5577,9.0871,9.0856
2323,0.0626,0.0004,0.063,0.0113,0.9936507936507937,0.006349206349206349,3.2724,0.2439,3.273,0.0006,0.0,0.0,0.0,3.273,0.2439,3.5169,3.5182
2324,0.1177,0.0014,0.1191,0.0214,0.9882451721242653,0.011754827875734676,6.6888,0.9514,6.6884,0.0,0.0,0.0,0.0,6.6884,0.9514,7.639799999999999,7.639
2325,0.2553,0.0001,0.2553,0.046,1.0,0.0003916960438699569,14.0184,0.0475,14.0182,0.0,0.0,0.0,0.0,14.0182,0.0475,14.0657,14.0686
2326,0.0865,0.0006,0.0872,0.0157,0.9919724770642201,0.006880733944954128,4.6728,0.4088,4.6727,0.0,0.0,0.0,0.0,4.672699999999999,0.40879999999999994,5.081499999999999,5.0783
2327,0.236,0.0041,0.2401,0.0432,0.9829237817576009,0.017076218242399,13.9023,2.4348,13.9024,0.0001,0.0,0.0,0.0,13.902400000000002,2.4348,16.337200000000003,16.3343
2328,0.1308,0.0,0.1309,0.0236,0.9992360580595876,0.0,7.569,0.0238,7.569,0.0,0.0,0.0,0.0,7.569,0.0238,7.5927999999999995,7.5939
2329,0.2708,0.0,0.2708,0.0488,1.0,0.0,14.3847,0.0071,14.3845,0.0,0.0,0.0,0.0,14.384500000000001,0.0071,14.3916,14.3893
2330,0.2509,0.0007,0.2517,0.0453,0.9968216130313867,0.0027810885975367503,14.0184,0.4729,14.0181,0.0,0.0,0.0,0.0,14.0181,0.47290000000000004,14.491,14.4901
2331,0.0569,0.0005,0.0573,0.0103,0.993019197207679,0.008726003490401396,3.4119,0.2971,3.4118,0.0,0.0,0.0,0.0,3.4118000000000004,0.29710000000000003,3.7089000000000003,3.705
2332,0.1288,0.0191,0.1479,0.0266,0.8708586883029074,0.12914131169709261,7.0722,12.8581,7.0722,0.0,0.0,0.0,0.0,7.0722000000000005,12.858099999999999,19.9303,19.9255
2333,0.2215,0.0008,0.2223,0.04,0.9964012595591544,0.003598740440845704,12.1644,0.5073,12.1644,0.0,0.0,0.0,0.0,12.164399999999999,0.5073,12.6717,12.6719
2334,0.0999,0.0073,0.1071,0.0193,0.9327731092436975,0.06816059757236227,5.3046,4.5704,5.3044,0.0,0.0,0.0,0.0,5.3044,4.5704,9.8748,9.8723
2335,0.2444,0.0,0.2445,0.044,0.9995910020449899,0.0,13.1994,0.0188,13.1992,0.0,0.0,0.0,0.0,13.199199999999998,0.018799999999999997,13.217999999999998,13.2225
2336,0.2898,0.0011,0.2908,0.0523,0.9965612104539202,0.003782668500687758,15.9129,0.6521,15.9126,0.0,0.0,0.0,0.0,15.912600000000001,0.6521,16.564700000000002,16.5609
2337,0.0606,0.0,0.0606,0.0109,1.0,0.0,3.2724,0.0088,3.2728,0.0004,0.0,0.0,0.0,3.2728,0.0088,3.2816,3.278
2338,0.1502,0.0,0.1502,0.027,1.0,0.0,8.6886,0.0077,8.689,0.0004,0.0,0.0,0.0,8.689,0.0077,8.6967,8.7004
2339,0.1287,0.0149,0.1437,0.0259,0.895615866388309,0.10368823938761308,6.9516,9.2229,6.9511,0.0,0.0,0.0,0.0,6.951099999999999,9.2229,16.174,16.1767
2340,0.2086,0.0,0.2086,0.0375,1.0,0.0,11.4543,0.0133,11.4546,0.0003,0.0,0.0,0.0,11.4546,0.0133,11.467899999999998,11.4662
2341,0.205,0.0,0.2051,0.0369,0.9995124329595318,0.0,11.4543,0.0166,11.4545,0.0002,0.0,0.0,0.0,11.4545,0.0166,11.4711,11.4662
2342,0.1105,0.0003,0.1108,0.0199,0.9972924187725632,0.002707581227436823,6.3927,0.2019,6.3931,0.0004,0.0,0.0,0.0,6.3931000000000004,0.2019,6.595000000000001,6.5939
2343,0.2249,0.0138,0.2388,0.043,0.94179229480737,0.057788944723618084,12.7863,8.9449,12.7863,0.0,0.0,0.0,0.0,12.7863,8.9449,21.7312,21.7334
2344,0.2174,0.0157,0.2331,0.042,0.9326469326469327,0.06735306735306734,11.9412,10.1413,11.9412,0.0,0.0,0.0,0.0,11.9412,10.141300000000001,22.082500000000003,22.0829
2345,0.0978,0.0004,0.0983,0.0177,0.9949135300101729,0.004069175991861648,5.661,0.2647,5.6609,0.0,0.0,0.0,0.0,5.6609,0.2647,5.9256,5.9268
2346,0.2019,0.0059,0.2078,0.0374,0.9716073147256977,0.02839268527430221,10.9026,3.5001,10.9028,0.0002,0.0,0.0,0.0,10.902800000000001,3.5001,14.4029,14.4038
2347,0.0982,0.0,0.0982,0.0177,1.0,0.0,5.3046,0.0091,5.3043,0.0,0.0,0.0,0.0,5.3043,0.009099999999999999,5.3134,5.312
2348,0.274,0.0002,0.2743,0.0494,0.9989063069631792,0.0007291286912139993,15.0489,0.1482,15.0493,0.0004,0.0,0.0,0.0,15.049299999999999,0.1482,15.197499999999998,15.2015
2349,0.1527,0.0016,0.1543,0.0278,0.9896305897602075,0.010369410239792614,8.5293,1.0626,8.5294,0.0001,0.0,0.0,0.0,8.529399999999999,1.0626,9.591999999999999,9.5898
2350,0.0619,0.0017,0.0637,0.0115,0.9717425431711144,0.02668759811616954,3.3444,1.032,3.3444,0.0,0.0,0.0,0.0,3.3444,1.032,4.3764,4.3724
2351,0.0849,0.0,0.0849,0.0153,1.0,0.0,4.9095,0.0057,4.909,0.0,0.0,0.0,0.0,4.909,0.0057,4.9147,4.9141
2352,0.1913,0.0076,0.1989,0.0358,0.9617898441427853,0.038210155857214684,10.872,4.8584,10.8718,0.0,0.0,0.0,0.0,10.871799999999999,4.8584,15.730199999999998,15.7337
2353,0.1985,0.0101,0.2086,0.0376,0.951581975071908,0.04841802492809204,10.9026,6.361,10.903,0.0004,0.0,0.0,0.0,10.903,6.361,17.264,17.2682
2354,0.274,0.0121,0.2861,0.0515,0.9577070954211814,0.04229290457881859,15.0489,8.1046,15.0491,0.0002,0.0,0.0,0.0,15.0491,8.104600000000001,23.1537,23.1538
2355,0.1703,0.0,0.1703,0.0307,1.0,0.0,9.513,0.0037,9.5129,0.0,0.0,0.0,0.0,9.5129,0.0036999999999999997,9.5166,9.5143
2356,0.1287,0.0128,0.1415,0.0255,0.909540636042403,0.09045936395759718,6.9516,7.8205,6.9513,0.0,0.0,0.0,0.0,6.9513,7.8205,14.771799999999999,14.7674
2357,0.0507,0.0023,0.053,0.0095,0.9566037735849057,0.04339622641509434,2.8305,1.407,2.8305,0.0,0.0,0.0,0.0,2.8305,1.4070000000000003,4.2375,4.2343
2358,0.1202,0.0,0.1202,0.0216,1.0,0.0,6.9516,0.0186,6.9511,0.0,0.0,0.0,0.0,6.951099999999999,0.018600000000000002,6.9697,6.9653
2359,0.0879,0.0011,0.089,0.016,0.9876404494382024,0.012359550561797755,4.9095,0.7142,4.909,0.0,0.0,0.0,0.0,4.909,0.7142000000000001,5.6232,5.6229
2360,0.2368,0.0028,0.2396,0.0431,0.988313856427379,0.011686143572621035,12.7863,1.8383,12.7862,0.0,0.0,0.0,0.0,12.786200000000001,1.8383,14.624500000000001,14.6211
2361,0.151,0.0,0.151,0.0272,1.0,0.0,8.154,0.005,8.1538,0.0,0.0,0.0,0.0,8.1538,0.005,8.158800000000001,8.1579
2362,0.2269,0.0006,0.2275,0.0409,0.9973626373626373,0.002637362637362637,12.4605,0.3711,12.4605,0.0,0.0,0.0,0.0,12.4605,0.3711,12.8316,12.832
2363,0.0799,0.0003,0.0802,0.0144,0.9962593516209477,0.003740648379052369,4.5414,0.2044,4.5414,0.0,0.0,0.0,0.0,4.5414,0.2044,4.7458,4.7508
2364,0.1689,0.001,0.1699,0.0306,0.9941141848145968,0.005885815185403179,8.6886,0.6567,8.6888,0.0002,0.0,0.0,0.0,8.6888,0.6567,9.345500000000001,9.3426
2365,0.1727,0.0008,0.1735,0.0312,0.9953890489913545,0.004610951008645533,9.8181,0.4974,9.8182,0.0001,0.0,0.0,0.0,9.8182,0.49740000000000006,10.3156,10.3126
2366,0.0632,0.0004,0.0636,0.0115,0.9937106918238994,0.006289308176100629,3.4119,0.2727,3.4119,0.0,0.0,0.0,0.0,3.4119,0.2727,3.6846,3.6836
2367,0.2748,0.0032,0.278,0.05,0.9884892086330934,0.011510791366906475,15.3531,1.9181,15.353,0.0,0.0,0.0,0.0,15.352999999999998,1.9181000000000001,17.271099999999997,17.2689
2368,0.2174,0.0002,0.2177,0.0392,0.9986219568213137,0.0009186954524575103,11.9412,0.123,11.9412,0.0,0.0,0.0,0.0,11.9412,0.123,12.0642,12.0667
2369,0.0515,0.0006,0.0521,0.0094,0.9884836852207293,0.011516314779270632,2.8305,0.3656,2.8305,0.0,0.0,0.0,0.0,2.8305,0.3655999999999999,3.1960999999999995,3.1987
2370,0.129,0.0001,0.1291,0.0232,0.9992254066615028,0.000774593338497289,7.3332,0.038,7.333,0.0,0.0,0.0,0.0,7.333,0.038,7.371,7.3668
2371,0.2553,0.0004,0.2556,0.046,0.9988262910798124,0.001564945226917058,14.0184,0.2302,14.0179,0.0,0.0,0.0,0.0,14.017900000000001,0.2302,14.2481,14.2528
2372,0.2013,0.0002,0.2015,0.0363,0.9990074441687344,0.0009925558312655087,10.872,0.1111,10.8717,0.0,0.0,0.0,0.0,10.871699999999999,0.1111,10.9828,10.9791
2373,0.048,0.0009,0.0489,0.0088,0.9815950920245399,0.018404907975460124,2.8305,0.573,2.8304,0.0,0.0,0.0,0.0,2.8304,0.573,3.4034,3.4018
2374,0.2023,0.0001,0.2024,0.0364,0.999505928853755,0.0004940711462450594,11.7054,0.0734,11.7051,0.0,0.0,0.0,0.0,11.705099999999998,0.07339999999999999,11.778499999999998,11.7806
2375,0.2407,0.0004,0.2412,0.0434,0.9979270315091211,0.001658374792703151,12.7863,0.2654,12.7863,0.0,0.0,0.0,0.0,12.7863,0.26539999999999997,13.0517,13.0551
2376,0.1555,0.0,0.1556,0.028,0.9993573264781491,0.0,8.6886,0.009,8.6889,0.0003,0.0,0.0,0.0,8.6889,0.009,8.6979,8.7019
2377,0.2322,0.0011,0.2333,0.042,0.9952850407201028,0.004714959279897128,13.1994,0.6864,13.1993,0.0,0.0,0.0,0.0,13.199299999999997,0.6864,13.885699999999998,13.8873
2378,0.047,0.0001,0.0471,0.0085,0.9978768577494691,0.0021231422505307855,2.718,0.0801,2.718,0.0,0.0,0.0,0.0,2.718,0.0801,2.7981,2.7987
2379,0.1832,0.0029,0.1861,0.0335,0.9844169801182161,0.015583019881783988,10.2357,1.7644,10.2354,0.0,0.0,0.0,0.0,10.235399999999998,1.7644,11.999799999999999,11.9965
2380,0.1258,0.009,0.1348,0.0243,0.9332344213649851,0.06676557863501482,6.795,5.503,6.7946,0.0,0.0,0.0,0.0,6.7946,5.503000000000001,12.297600000000001,12.2961
2381,0.1096,0.0001,0.1097,0.0197,0.999088422971741,0.0009115770282588879,6.2298,0.052,6.2303,0.0005,0.0,0.0,0.0,6.2303,0.052,6.282299999999999,6.2802
2382,0.068,0.0018,0.0698,0.0126,0.9742120343839542,0.025787965616045846,4.077,1.2761,4.0769,0.0,0.0,0.0,0.0,4.0769,1.2761,5.353,5.3571
2383,0.288,0.0001,0.288,0.0518,1.0,0.0003472222222222223,15.0489,0.0358,15.0493,0.0004,0.0,0.0,0.0,15.049299999999999,0.0358,15.085099999999999,15.0852
2384,0.0633,0.0067,0.07,0.0126,0.9042857142857141,0.09571428571428571,3.4758,4.1406,5.4755,1.9997,0.0,0.0,0.0,5.4755,4.1406,9.6161,9.6124
2385,0.1672,0.0004,0.1676,0.0302,0.9976133651551312,0.002386634844868735,10.0332,0.2408,10.0329,0.0,0.0,0.0,0.0,10.032899999999998,0.2408,10.273699999999998,10.2767
2386,0.1946,0.0001,0.1947,0.0351,0.9994863893168977,0.0005136106831022085,10.872,0.0767,10.8718,0.0,0.0,0.0,0.0,10.871799999999999,0.0767,10.9485,10.9488
2387,0.2205,0.0,0.2206,0.0397,0.9995466908431551,0.0,12.1104,0.0139,12.1104,0.0,0.0,0.0,0.0,12.110399999999998,0.0139,12.124299999999998,12.1196
2388,0.1548,0.011,0.1659,0.0299,0.9330922242314648,0.06630500301386377,8.361,7.486,8.3608,0.0,0.0,0.0,0.0,8.3608,7.486,15.846799999999998,15.842
2389,0.0956,0.0078,0.1035,0.0186,0.9236714975845411,0.07536231884057971,5.436,4.8456,8.436,3.0,0.0,0.0,0.0,8.436,4.845600000000001,13.281600000000001,13.281
2390,0.2611,0.0004,0.2615,0.0471,0.9984703632887189,0.0015296367112810707,13.6467,0.2499,13.6469,0.0002,0.0,0.0,0.0,13.6469,0.24989999999999998,13.8968,13.8969
2391,0.0774,0.0001,0.0775,0.014,0.9987096774193548,0.0012903225806451613,4.4001,0.0747,4.3999,0.0,0.0,0.0,0.0,4.399900000000001,0.07470000000000002,4.474600000000001,4.4767
2392,0.1195,0.0009,0.1204,0.0217,0.9925249169435216,0.007475083056478406,6.795,0.5382,6.7948,0.0,0.0,0.0,0.0,6.7947999999999995,0.5382,7.332999999999999,7.3312
2393,0.1058,0.0001,0.1059,0.0191,0.9990557129367329,0.0009442870632672333,6.2298,0.0868,6.2301,0.0003,0.0,0.0,0.0,6.2301,0.0868,6.3169,6.3177
2394,0.0822,0.0013,0.0835,0.015,0.9844311377245508,0.0155688622754491,4.6728,0.8183,4.6727,0.0,0.0,0.0,0.0,4.672699999999999,0.8183,5.490999999999999,5.491
2395,0.2773,0.0,0.2773,0.0499,1.0,0.0,14.7276,0.0111,14.7272,0.0,0.0,0.0,0.0,14.727200000000002,0.011099999999999999,14.738300000000002,14.742
2396,0.131,0.0003,0.1312,0.0236,0.9984756097560975,0.002286585365853658,7.0722,0.1659,7.0722,0.0,0.0,0.0,0.0,7.0722000000000005,0.16590000000000002,7.2381,7.2349
2397,0.1889,0.0034,0.1923,0.0346,0.9823192927717109,0.01768070722828913,10.0332,2.0361,10.033,0.0,0.0,0.0,0.0,10.032999999999998,2.0361,12.069099999999997,12.0648
2398,0.0596,0.0002,0.0598,0.0108,0.9966555183946488,0.003344481605351171,3.2724,0.1204,3.2727,0.0003,0.0,0.0,0.0,3.2727,0.12040000000000001,3.3931,3.3944
2399,0.1528,0.0016,0.1544,0.0278,0.9896373056994817,0.010362694300518135,8.8407,1.0866,8.8404,0.0,0.0,0.0,0.0,8.8404,1.0865999999999998,9.927,9.9256
2400,0.0814,0.0062,0.0876,0.0158,0.9292237442922374,0.07077625570776255,4.7952,3.9625,4.7948,0.0,0.0,0.0,0.0,4.7948,3.9625,8.7573,8.7567
2401,0.0507,0.001,0.0517,0.0093,0.9806576402321083,0.01934235976789168,2.9331,0.5926,2.9331,0.0,0.0,0.0,0.0,2.9331,0.5926,3.5257,3.5299
2402,0.1734,0.0049,0.1784,0.0321,0.9719730941704036,0.027466367713004484,10.0332,3.2324,10.0328,0.0,0.0,0.0,0.0,10.0328,3.2323999999999997,13.2652,13.2623
2403,0.1626,0.0,0.1626,0.0293,1.0,0.0,9.0828,0.016,9.0829,0.0001,0.0,0.0,0.0,9.082900000000002,0.016,9.098900000000002,9.1019
2404,0.2173,0.0006,0.2179,0.0392,0.997246443322625,0.002753556677374942,11.7324,0.3879,11.7326,0.0002,0.0,0.0,0.0,11.732600000000001,0.38789999999999997,12.120500000000002,12.1253
2405,0.1895,0.0,0.1896,0.0341,0.9994725738396625,0.0,10.2357,0.0152,10.2353,0.0,0.0,0.0,0.0,10.235299999999999,0.0152,10.250499999999999,10.2548
2406,0.2072,0.0003,0.2075,0.0373,0.9985542168674699,0.0014457831325301205,11.1879,0.2118,11.1879,0.0,0.0,0.0,0.0,11.1879,0.21180000000000002,11.399700000000001,11.4007
2407,0.2455,0.0,0.2455,0.0442,1.0,0.0,14.7276,0.028,14.7273,0.0,0.0,0.0,0.0,14.727300000000001,0.028,14.755300000000002,14.7532
2408,0.0489,0.0001,0.049,0.0088,0.9979591836734694,0.0020408163265306124,2.8305,0.0827,2.8305,0.0,0.0,0.0,0.0,2.8305,0.0827,2.9132,2.9133
2409,0.2397,0.0041,0.2437,0.0439,0.9835863766926549,0.016823963890028725,13.6242,2.7672,13.6244,0.0002,0.0,0.0,0.0,13.624400000000001,2.7672,16.3916,16.3938
2410,0.2072,0.0001,0.2073,0.0373,0.9995176073323685,0.000482392667631452,11.1879,0.0544,11.188,0.0001,0.0,0.0,0.0,11.188,0.054400000000000004,11.2424,11.2465
2411,0.2682,0.0013,0.2695,0.0485,0.9951762523191093,0.004823747680890537,14.7276,0.7528,14.7274,0.0,0.0,0.0,0.0,14.727400000000001,0.7527999999999999,15.480200000000002,15.4823
2412,0.1609,0.0009,0.1618,0.0291,0.9944375772558713,0.005562422744128554,8.6886,0.5808,8.689,0.0004,0.0,0.0,0.0,8.689,0.5808,9.2698,9.2688
2413,0.2132,0.0,0.2132,0.0384,1.0,0.0,11.322,0.0088,11.3217,0.0,0.0,0.0,0.0,11.3217,0.008799999999999999,11.3305,11.3256
2414,0.2708,0.0,0.2709,0.0488,0.9996308600959765,0.0,14.3847,0.0278,14.3842,0.0,0.0,0.0,0.0,14.384200000000002,0.0278,14.412,14.4162
2415,0.0869,0.0002,0.0871,0.0157,0.9977037887485649,0.002296211251435132,5.2137,0.1529,5.2137,0.0,0.0,0.0,0.0,5.2137,0.1529,5.3666,5.3683
2416,0.1806,0.0001,0.1807,0.0325,0.9994465965688988,0.0005534034311012729,10.2663,0.0512,10.2662,0.0,0.0,0.0,0.0,10.2662,0.051199999999999996,10.3174,10.3198
2417,0.0939,0.0002,0.0941,0.0169,0.9978746014877788,0.0021253985122210413,4.9095,0.1002,4.909,0.0,0.0,0.0,0.0,4.909,0.1002,5.0092,5.0113
2418,0.1243,0.0017,0.1259,0.0227,0.9872915011914216,0.013502779984114375,6.8238,1.1007,6.8237,0.0,0.0,0.0,0.0,6.8237000000000005,1.1007,7.9244,7.9196
2419,0.1788,0.0045,0.1833,0.033,0.9754500818330605,0.024549918166939442,9.8181,3.1644,9.8182,0.0001,0.0,0.0,0.0,9.8182,3.1644,12.9826,12.9823
2420,0.0655,0.0,0.0655,0.0118,1.0,0.0,3.5361,0.0168,3.5362,0.0001,0.0,0.0,0.0,3.5362,0.0168,3.553,3.5528
2421,0.2059,0.0,0.2059,0.0371,1.0,0.0,11.7054,0.0081,11.705,0.0,0.0,0.0,0.0,11.704999999999998,0.0081,11.713099999999999,11.7155
2422,0.2567,0.0,0.2567,0.0462,1.0,0.0,13.1994,0.0053,13.1992,0.0,0.0,0.0,0.0,13.199199999999998,0.005300000000000001,13.204499999999998,13.208
2423,0.1805,0.0,0.1806,0.0325,0.9994462901439645,0.0,9.5895,0.0068,9.5897,0.0002,0.0,0.0,0.0,9.5897,0.0068,9.5965,9.5995
2424,0.1083,0.0,0.1084,0.0195,0.9990774907749077,0.0,5.661,0.0184,5.6608,0.0,0.0,0.0,0.0,5.6608,0.0184,5.6792,5.6744
2425,0.1738,0.0004,0.1742,0.0314,0.9977037887485649,0.002296211251435132,10.4265,0.2904,10.4269,0.0004,0.0,0.0,0.0,10.4269,0.2904,10.7173,10.7169
2426,0.1851,0.0005,0.1856,0.0334,0.9973060344827586,0.0026939655172413795,10.9026,0.3062,10.9026,0.0,0.0,0.0,0.0,10.9026,0.30619999999999997,11.2088,11.2047
2427,0.2401,0.014,0.2541,0.0457,0.9449035812672177,0.05509641873278237,13.6467,8.9267,13.6471,0.0004,0.0,0.0,0.0,13.6471,8.9267,22.5738,22.5747
2428,0.1352,0.0001,0.1352,0.0243,1.0,0.0007396449704142013,6.9516,0.0325,6.9513,0.0,0.0,0.0,0.0,6.951300000000001,0.0325,6.9838000000000005,6.9833
2429,0.205,0.0009,0.2059,0.0371,0.995628946090335,0.004371053909664886,11.4543,0.5159,11.4545,0.0002,0.0,0.0,0.0,11.4545,0.5159,11.9704,11.9753
2430,0.1243,0.0002,0.1245,0.0224,0.9983935742971887,0.001606425702811245,6.8238,0.1258,6.8237,0.0,0.0,0.0,0.0,6.8237000000000005,0.1258,6.9495000000000005,6.9516
2431,0.0914,0.0001,0.0915,0.0165,0.9989071038251366,0.001092896174863388,5.0166,0.0742,5.0165,0.0,0.0,0.0,0.0,5.0165,0.07419999999999999,5.0907,5.0957
2432,0.1835,0.0022,0.1857,0.0334,0.9881529348411416,0.011847065158858375,9.5895,1.4454,9.5896,0.0001,0.0,0.0,0.0,9.5896,1.4454,11.035,11.0397
2433,0.1806,0.0005,0.1811,0.0326,0.9972390944229708,0.0027609055770292656,10.2663,0.3453,10.2661,0.0,0.0,0.0,0.0,10.2661,0.3453,10.6114,10.6075
2434,0.0924,0.0017,0.0941,0.0169,0.9819341126461211,0.01806588735387885,4.9095,1.1098,4.909,0.0,0.0,0.0,0.0,4.909,1.1098,6.0188,6.0162
2435,0.2132,0.0,0.2132,0.0384,1.0,0.0,11.7054,0.0132,11.705,0.0,0.0,0.0,0.0,11.704999999999998,0.0132,11.718199999999998,11.7225
2436,0.2576,0.0001,0.2577,0.0464,0.9996119518820334,0.0003880481179666279,14.1444,0.077,14.1445,0.0001,0.0,0.0,0.0,14.1445,0.077,14.2215,14.2215
2437,0.2162,0.0009,0.2171,0.0391,0.9958544449562414,0.004145555043758637,12.7368,0.5593,12.737,0.0002,0.0,0.0,0.0,12.737,0.5593,13.2963,13.2953
2438,0.0818,0.0002,0.082,0.0148,0.997560975609756,0.0024390243902439024,4.9095,0.1226,4.9092,0.0,0.0,0.0,0.0,4.909199999999999,0.1226,5.0318,5.0331
2439,0.0558,0.0023,0.0581,0.0105,0.9604130808950087,0.039586919104991396,3.1149,1.6092,3.115,0.0001,0.0,0.0,0.0,3.115,1.6092000000000002,4.724200000000001,4.7259
2440,0.2891,0.0,0.2891,0.052,1.0,0.0,15.3531,0.0168,15.353,0.0,0.0,0.0,0.0,15.352999999999998,0.0168,15.369799999999998,15.3671
2441,0.2485,0.0001,0.2486,0.0448,0.999597747385358,0.0004022526146419952,13.1994,0.0759,13.1992,0.0,0.0,0.0,0.0,13.199199999999998,0.07590000000000001,13.275099999999998,13.2701
2442,0.1048,0.0,0.1049,0.0189,0.9990467111534796,0.0,5.661,0.0197,5.6609,0.0,0.0,0.0,0.0,5.6609,0.019700000000000002,5.6806,5.683
2443,0.0849,0.0062,0.0911,0.0164,0.9319429198682766,0.06805708013172337,4.9095,3.9269,5.9093,0.9998,0.0,0.0,0.0,5.9093,3.9269000000000003,9.8362,9.834
2444,0.2059,0.0001,0.206,0.0371,0.9995145631067962,0.00048543689320388353,11.7054,0.0329,11.7052,0.0,0.0,0.0,0.0,11.705199999999998,0.0329,11.738099999999998,11.7355
2445,0.2945,0.0039,0.2983,0.0537,0.9872611464968152,0.013074086490110626,15.6402,2.4699,16.6402,1.0,0.0,0.0,0.0,16.6402,2.4699,19.1101,19.1073
2446,0.146,0.0,0.146,0.0263,1.0,0.0,8.154,0.0132,8.1538,0.0,0.0,0.0,0.0,8.1538,0.0132,8.167,8.167
2447,0.0786,0.0001,0.0788,0.0142,0.9974619289340102,0.001269035532994924,4.2453,0.0846,4.2458,0.0005,0.0,0.0,0.0,4.2458,0.08460000000000001,4.3304,4.3334
2448,0.0975,0.0004,0.0979,0.0176,0.9959141981613892,0.0040858018386108275,5.0166,0.2437,5.0165,0.0,0.0,0.0,0.0,5.0165,0.2437,5.260199999999999,5.2628
2449,0.1216,0.0,0.1217,0.0219,0.9991783073130649,0.0,6.795,0.0084,6.7948,0.0,0.0,0.0,0.0,6.7947999999999995,0.008400000000000001,6.8031999999999995,6.8018
2450,0.0956,0.0002,0.0959,0.0173,0.9968717413972888,0.0020855057351407717,5.436,0.148,5.4359,0.0,0.0,0.0,0.0,5.435899999999999,0.148,5.583899999999999,5.5852
2451,0.2559,0.0002,0.2561,0.0461,0.9992190550566186,0.0007809449433814916,15.3531,0.1493,15.3528,0.0,0.0,0.0,0.0,15.352799999999998,0.1493,15.502099999999999,15.5065
2452,0.2485,0.0031,0.2516,0.0453,0.9876788553259142,0.01232114467408585,13.6467,1.9137,13.6472,0.0005,0.0,0.0,0.0,13.6472,1.9137000000000002,15.5609,15.5649
2453,0.0867,0.0005,0.0872,0.0157,0.9942660550458715,0.005733944954128441,5.0166,0.3084,5.0166,0.0,0.0,0.0,0.0,5.0166,0.30839999999999995,5.325,5.3216
2454,0.229,0.0016,0.2306,0.0415,0.9930615784908934,0.006938421509106679,12.1644,1.021,12.1645,0.0001,0.0,0.0,0.0,12.164499999999999,1.021,13.185499999999998,13.1862
2455,0.0561,0.0001,0.0562,0.0101,0.998220640569395,0.0017793594306049823,2.9331,0.0371,2.9332,0.0001,0.0,0.0,0.0,2.9332000000000003,0.0371,2.9703000000000004,2.9681
2456,0.1192,0.0028,0.122,0.022,0.9770491803278689,0.022950819672131147,6.2298,1.7451,9.2299,3.0001,0.0,0.0,0.0,9.2299,1.7451,10.975000000000001,10.9726
2457,0.1995,0.0051,0.2046,0.0368,0.9750733137829912,0.0249266862170088,10.5966,3.4716,10.5966,0.0,0.0,0.0,0.0,10.5966,3.4716,14.068200000000001,14.0717
2458,0.1897,0.0,0.1897,0.0341,1.0,0.0,10.5966,0.0057,10.5969,0.0003,0.0,0.0,0.0,10.5969,0.0057,10.602599999999999,10.6059
2459,0.2445,0.0009,0.2453,0.0442,0.9967386873216469,0.003668976763147167,14.1444,0.5054,14.1446,0.0002,0.0,0.0,0.0,14.1446,0.5054000000000001,14.65,14.6525
2460,0.1474,0.0001,0.1475,0.0265,0.9993220338983052,0.0006779661016949153,8.5293,0.0357,8.5294,0.0001,0.0,0.0,0.0,8.529399999999999,0.0357,8.5651,8.5616
2461,0.2701,0.0,0.2701,0.0486,1.0,0.0,15.9129,0.0099,15.9124,0.0,0.0,0.0,0.0,15.912400000000002,0.0099,15.922300000000002,15.9216
2462,0.0589,0.0004,0.0592,0.0107,0.9949324324324325,0.006756756756756757,3.0276,0.2345,3.0276,0.0,0.0,0.0,0.0,3.0275999999999996,0.2345,3.2620999999999998,3.2573
2463,0.151,0.0001,0.1511,0.0272,0.9993381866313699,0.0006618133686300463,8.154,0.0715,8.1537,0.0,0.0,0.0,0.0,8.1537,0.07150000000000001,8.225200000000001,8.225
2464,0.1065,0.0011,0.1076,0.0194,0.9897769516728624,0.010223048327137546,6.0552,0.7182,6.0553,0.0001,0.0,0.0,0.0,6.0553,0.7182000000000002,6.7735,6.7729
2465,0.1201,0.0001,0.1202,0.0216,0.9991680532445923,0.0008319467554076539,7.0758,0.0364,7.0759,0.0001,0.0,0.0,0.0,7.0759,0.0364,7.1123,7.1147
2466,0.1152,0.003,0.1181,0.0213,0.9754445385266723,0.02540220152413209,6.5457,2.0065,6.5455,0.0,0.0,0.0,0.0,6.545499999999999,2.0065,8.552,8.5567
2467,0.2526,0.001,0.2536,0.0456,0.9960567823343849,0.003943217665615143,13.1994,0.6812,13.1992,0.0,0.0,0.0,0.0,13.199199999999998,0.6812,13.880399999999998,13.8792
2468,0.0534,0.0002,0.0537,0.0097,0.9944134078212291,0.0037243947858473002,2.9331,0.1574,2.9331,0.0,0.0,0.0,0.0,2.9331,0.15739999999999998,3.0905,3.0952
2469,0.2799,0.0,0.28,0.0504,0.9996428571428569,0.0,15.9129,0.0171,15.9124,0.0,0.0,0.0,0.0,15.912400000000002,0.0171,15.9295,15.9314
2470,0.2682,0.0024,0.2706,0.0487,0.991130820399113,0.008869179600886916,14.7276,1.514,14.7274,0.0,0.0,0.0,0.0,14.727400000000001,1.514,16.241400000000002,16.2438
2471,0.2485,0.0003,0.2488,0.0448,0.9987942122186495,0.0012057877813504822,13.1994,0.1986,13.1993,0.0,0.0,0.0,0.0,13.1993,0.19860000000000003,13.3979,13.397
2472,0.0489,0.0001,0.049,0.0088,0.9979591836734694,0.0020408163265306124,2.9331,0.0874,2.9331,0.0,0.0,0.0,0.0,2.9331,0.0874,3.0205,3.0156
2473,0.2353,0.0034,0.2387,0.043,0.9857561793045665,0.014243820695433599,13.3776,2.2857,13.3772,0.0,0.0,0.0,0.0,13.377199999999998,2.2857000000000003,15.662899999999999,15.6612
2474,0.2601,0.0007,0.2608,0.0469,0.9973159509202455,0.0026840490797546013,15.0489,0.4523,15.0492,0.0003,0.0,0.0,0.0,15.049199999999999,0.4523,15.501499999999998,15.4971
2475,0.2654,0.0,0.2654,0.0478,1.0,0.0,15.3531,0.0179,15.3529,0.0,0.0,0.0,0.0,15.352899999999998,0.0179,15.370799999999997,15.3745
2476,0.2353,0.0029,0.2383,0.0429,0.9874108266890474,0.012169534200587494,13.3776,1.837,13.3773,0.0,0.0,0.0,0.0,13.377299999999998,1.837,15.214299999999998,15.2186
2477,0.2398,0.0005,0.2403,0.0433,0.997919267582189,0.0020807324178110692,12.7368,0.3242,12.7369,0.0001,0.0,0.0,0.0,12.7369,0.32420000000000004,13.0611,13.061
2478,0.131,0.0061,0.1371,0.0247,0.9555069292487236,0.044493070751276446,7.0722,3.8393,8.0722,1.0,0.0,0.0,0.0,8.0722,3.8392999999999997,11.9115,11.9068
2479,0.0626,0.001,0.0636,0.0115,0.9842767295597484,0.015723270440251572,3.2724,0.6021,5.2728,2.0004,0.0,0.0,0.0,5.2728,0.6021,5.8749,5.8761
2480,0.2891,0.0074,0.2964,0.0534,0.9753711201079623,0.02496626180836707,15.3531,4.93,15.3529,0.0,0.0,0.0,0.0,15.352899999999998,4.93,20.282899999999998,20.2806
2481,0.205,0.0002,0.2053,0.037,0.9985387238188016,0.000974184120798831,11.4543,0.1426,11.4546,0.0003,0.0,0.0,0.0,11.4546,0.1426,11.597199999999999,11.5991
2482,0.0799,0.0,0.0799,0.0144,1.0,0.0,4.2453,0.0074,4.2458,0.0005,0.0,0.0,0.0,4.2458,0.0074,4.2532,4.2565
2483,0.2178,0.007,0.2248,0.0405,0.9688612099644128,0.03113879003558719,12.1644,4.5597,12.1645,0.0001,0.0,0.0,0.0,12.164499999999999,4.5597,16.7242,16.7283
2484,0.0801,0.005,0.0851,0.0153,0.9412455934195065,0.058754406580493544,4.4001,3.0604,6.4,1.9999,0.0,0.0,0.0,6.4,3.0604,9.4604,9.4584
2485,0.2292,0.016,0.2452,0.0441,0.9347471451876019,0.06525285481239804,12.3768,10.3206,12.3764,0.0,0.0,0.0,0.0,12.3764,10.3206,22.697000000000003,22.7019
2486,0.2727,0.0003,0.2731,0.0492,0.9985353350421091,0.0010984987184181618,14.7276,0.2167,14.7275,0.0,0.0,0.0,0.0,14.727500000000001,0.2167,14.9442,14.943
2487,0.1222,0.0,0.1222,0.022,1.0,0.0,7.3332,0.0163,7.3327,0.0,0.0,0.0,0.0,7.332699999999999,0.016300000000000002,7.348999999999999,7.3483
2488,0.2636,0.0015,0.2651,0.0477,0.994341757827235,0.005658242172764994,14.7276,0.9529,14.7273,0.0,0.0,0.0,0.0,14.727300000000001,0.9529,15.680200000000001,15.6795
2489,0.2639,0.0022,0.2661,0.0479,0.9917324314167607,0.008267568583239383,14.0184,1.3084,14.0179,0.0,0.0,0.0,0.0,14.017900000000001,1.3084,15.326300000000002,15.3245
2490,0.1682,0.0006,0.1688,0.0304,0.9964454976303316,0.003554502369668246,9.0828,0.3472,9.0829,0.0001,0.0,0.0,0.0,9.0829,0.3472,9.430100000000001,9.4277
2491,0.1216,0.0,0.1217,0.0219,0.9991783073130649,0.0,6.795,0.0169,6.7948,0.0,0.0,0.0,0.0,6.7947999999999995,0.0169,6.811699999999999,6.8134
2492,0.2752,0.0004,0.2755,0.0496,0.9989110707803992,0.0014519056261343012,15.6402,0.261,15.64,0.0,0.0,0.0,0.0,15.64,0.261,15.901,15.8972
2493,0.2076,0.0008,0.2084,0.0375,0.9961612284069098,0.0038387715930902114,12.231,0.5385,12.2308,0.0,0.0,0.0,0.0,12.2308,0.5385,12.769300000000001,12.7712
2494,0.0487,0.0089,0.0575,0.0104,0.8469565217391304,0.15478260869565216,2.718,5.6637,2.7179,0.0,0.0,0.0,0.0,2.7178999999999998,5.6637,8.3816,8.3851
2495,0.0611,0.0029,0.0641,0.0115,0.9531981279251169,0.04524180967238689,3.5361,2.0031,3.5361,0.0,0.0,0.0,0.0,3.5361000000000002,2.0031,5.5392,5.535
2496,0.0523,0.0088,0.0612,0.011,0.8545751633986929,0.14379084967320263,3.0276,5.6024,3.0277,0.0001,0.0,0.0,0.0,3.0277,5.6024,8.6301,8.6287
2497,0.0883,0.0006,0.0889,0.016,0.9932508436445444,0.006749156355455567,4.5414,0.396,4.5415,0.0001,0.0,0.0,0.0,4.541500000000001,0.39599999999999996,4.937500000000001,4.9384
2498,0.1654,0.0013,0.1667,0.03,0.9922015596880625,0.007798440311937613,9.0828,0.7827,9.0829,0.0001,0.0,0.0,0.0,9.082900000000002,0.7827,9.865600000000002,9.8685
2499,0.2139,0.0001,0.214,0.0385,0.9995327102803739,0.00046728971962616824,12.3768,0.0365,12.3764,0.0,0.0,0.0,0.0,12.3764,0.0365,12.4129,12.4148
2500,0.2576,0.0,0.2576,0.0464,1.0,0.0,14.1444,0.0187,14.1445,0.0001,0.0,0.0,0.0,14.1445,0.018699999999999998,14.163200000000002,14.1592
2501,0.2531,0.0002,0.2532,0.0456,0.9996050552922592,0.0007898894154818326,14.3847,0.0989,14.3845,0.0,0.0,0.0,0.0,14.384500000000001,0.0989,14.483400000000001,14.4845
2502,0.2359,0.0068,0.2426,0.0437,0.9723825226710634,0.02802967848309975,13.6467,4.1347,13.6469,0.0002,0.0,0.0,0.0,13.6469,4.1347000000000005,17.7816,17.7831
2503,0.1031,0.0,0.1032,0.0186,0.999031007751938,0.0,5.3046,0.0097,5.3041,0.0,0.0,0.0,0.0,5.304100000000001,0.0097,5.3138000000000005,5.3156
2504,0.1068,0.0077,0.1145,0.0206,0.9327510917030568,0.06724890829694323,5.8662,5.2384,5.8662,0.0,0.0,0.0,0.0,5.8662,5.2384,11.104600000000001,11.0999
2505,0.1931,0.0,0.1931,0.0348,1.0,0.0,10.4265,0.0174,10.4266,0.0001,0.0,0.0,0.0,10.4266,0.0174,10.444,10.4434
2506,0.2248,0.0004,0.2252,0.0405,0.9982238010657193,0.0017761989342806395,11.9412,0.2541,11.9411,0.0,0.0,0.0,0.0,11.9411,0.2541,12.1952,12.1981
2507,0.205,0.0015,0.2066,0.0372,0.9922555663117134,0.007260406582768635,11.4543,0.9553,11.4547,0.0004,0.0,0.0,0.0,11.454699999999999,0.9553,12.409999999999998,12.4055
2508,0.2168,0.004,0.2208,0.0397,0.9818840579710145,0.018115942028985508,12.1104,2.6464,13.1105,1.0001,0.0,0.0,0.0,13.1105,2.6464,15.7569,15.7552
2509,0.2787,0.0018,0.2805,0.0505,0.9935828877005347,0.00641711229946524,15.0489,1.067,15.0492,0.0003,0.0,0.0,0.0,15.049199999999999,1.067,16.1162,16.112
2510,0.0973,0.002,0.0993,0.0179,0.9798590130916415,0.02014098690835851,5.436,1.1895,5.436,0.0,0.0,0.0,0.0,5.436,1.1895,6.6255,6.6292
2511,0.2985,0.0001,0.2987,0.0538,0.9993304318714428,0.0003347840642785403,15.3531,0.081,15.3528,0.0,0.0,0.0,0.0,15.352799999999998,0.081,15.433799999999998,15.4386
2512,0.0489,0.0071,0.056,0.0101,0.8732142857142857,0.12678571428571428,2.8305,4.7934,3.8305,1.0,0.0,0.0,0.0,3.8305,4.793399999999999,8.623899999999999,8.626
2513,0.1799,0.0002,0.1801,0.0324,0.9988895058300944,0.001110494169905608,10.5966,0.1093,10.5967,0.0001,0.0,0.0,0.0,10.5967,0.10930000000000001,10.706,10.7077
2514,0.3045,0.0005,0.305,0.0549,0.9983606557377049,0.001639344262295082,15.9129,0.3398,15.9126,0.0,0.0,0.0,0.0,15.912600000000001,0.33980000000000005,16.2524,16.2553
2515,0.1918,0.0016,0.1934,0.0348,0.9917269906928646,0.008273009307135471,10.9026,1.0083,10.9028,0.0002,0.0,0.0,0.0,10.902800000000001,1.0083,11.911100000000001,11.9117
2516,0.1573,0.0,0.1573,0.0283,1.0,0.0,8.4915,0.0048,8.4913,0.0,0.0,0.0,0.0,8.4913,0.0048000000000000004,8.4961,8.4951
2517,0.0761,0.0003,0.0764,0.0137,0.9960732984293195,0.003926701570680628,4.4001,0.2094,4.3998,0.0,0.0,0.0,0.0,4.3998,0.20939999999999998,4.6091999999999995,4.6074
2518,0.137,0.0,0.137,0.0247,1.0,0.0,7.7877,0.0136,7.7878,0.0001,0.0,0.0,0.0,7.787799999999999,0.013600000000000001,7.801399999999999,7.8
2519,0.0644,0.0016,0.066,0.0119,0.9757575757575757,0.024242424242424242,3.5361,1.0297,3.5361,0.0,0.0,0.0,0.0,3.5361000000000002,1.0297,4.5658,4.5698
2520,0.274,0.0004,0.2745,0.0494,0.9981785063752276,0.0014571948998178506,15.0489,0.284,15.0492,0.0003,0.0,0.0,0.0,15.049199999999999,0.28400000000000003,15.3332,15.329
2521,0.2424,0.0001,0.2425,0.0437,0.9995876288659794,0.0004123711340206186,13.0905,0.065,13.0908,0.0003,0.0,0.0,0.0,13.090799999999998,0.065,13.155799999999997,13.1539
2522,0.2701,0.012,0.2821,0.0508,0.9574618929457639,0.042538107054236086,15.3531,8.161,15.3529,0.0,0.0,0.0,0.0,15.352899999999998,8.161,23.5139,23.5157
2523,0.1555,0.0,0.1556,0.028,0.9993573264781491,0.0,8.8407,0.0177,8.8407,0.0,0.0,0.0,0.0,8.8407,0.0177,8.8584,8.8584
2524,0.2157,0.0034,0.219,0.0394,0.9849315068493151,0.015525114155251141,11.4543,2.0831,11.4544,0.0001,0.0,0.0,0.0,11.4544,2.0831,13.5375,13.5415
2525,0.2292,0.0035,0.2327,0.0419,0.984959174903309,0.015040825096691019,12.3768,2.3023,12.3762,0.0,0.0,0.0,0.0,12.3762,2.3023000000000002,14.678500000000001,14.6823
2526,0.1448,0.0002,0.145,0.0261,0.9986206896551726,0.0013793103448275863,8.6886,0.1067,8.6887,0.0001,0.0,0.0,0.0,8.6887,0.1067,8.7954,8.7985
2527,0.1144,0.0105,0.1249,0.0225,0.9159327461969576,0.08406725380304245,6.3927,6.5607,6.393,0.0003,0.0,0.0,0.0,6.393000000000001,6.5607,12.953700000000001,12.9583
2528,0.1523,0.003,0.1553,0.0279,0.9806825499034127,0.019317450096587252,8.361,1.9602,8.3607,0.0,0.0,0.0,0.0,8.3607,1.9602,10.3209,10.3249
2529,0.1322,0.0,0.1322,0.0238,1.0,0.0,7.7877,0.0067,7.7878,0.0001,0.0,0.0,0.0,7.787799999999999,0.006700000000000001,7.794499999999999,7.7944
2530,0.0898,0.0004,0.0902,0.0162,0.9955654101995566,0.004434589800443459,5.0166,0.2481,5.0163,0.0,0.0,0.0,0.0,5.0163,0.2481,5.2644,5.2668
2531,0.0548,0.0059,0.0607,0.0109,0.9028006589785833,0.09719934102141681,3.1149,3.4164,3.1151,0.0002,0.0,0.0,0.0,3.1151,3.4164,6.531499999999999,6.5271
2532,0.2436,0.0032,0.2468,0.0444,0.987034035656402,0.012965964343598056,13.3776,1.9948,13.3774,0.0,0.0,0.0,0.0,13.377399999999998,1.9948,15.372199999999998,15.3737
2533,0.1222,0.0002,0.1224,0.022,0.9983660130718955,0.0016339869281045752,6.8238,0.1382,6.8235,0.0,0.0,0.0,0.0,6.8235,0.1382,6.9617,6.9647
2534,0.2281,0.0,0.2281,0.0411,1.0,0.0,11.7324,0.0115,11.7325,0.0001,0.0,0.0,0.0,11.732500000000002,0.0115,11.744000000000002,11.7489
2535,0.0879,0.0151,0.1029,0.0185,0.8542274052478134,0.14674441205053448,4.9095,9.5274,4.9089,0.0,0.0,0.0,0.0,4.9089,9.5274,14.4363,14.437
2536,0.1384,0.0005,0.1389,0.025,0.9964002879769618,0.003599712023038157,8.154,0.33,8.1536,0.0,0.0,0.0,0.0,8.1536,0.33,8.483600000000001,8.4825
2537,0.1818,0.0016,0.1834,0.033,0.9912758996728461,0.008724100327153763,9.8181,0.9679,9.8181,0.0,0.0,0.0,0.0,9.8181,0.9679,10.786,10.7882
2538,0.0827,0.0,0.0827,0.0149,1.0,0.0,4.5414,0.0059,4.5415,0.0001,0.0,0.0,0.0,4.541500000000001,0.0059,4.5474000000000006,4.5455
2539,0.2559,0.0006,0.2565,0.0462,0.9976608187134504,0.002339181286549707,15.3531,0.3772,15.3531,0.0,0.0,0.0,0.0,15.3531,0.3772,15.7303,15.7264
2540,0.2611,0.0001,0.2612,0.047,0.9996171516079633,0.00038284839203675346,13.6467,0.0657,13.647,0.0003,0.0,0.0,0.0,13.647,0.0657,13.7127,13.7119
2541,0.2527,0.0011,0.2539,0.0457,0.9952737298148876,0.004332414336352895,13.6467,0.7553,13.6472,0.0005,0.0,0.0,0.0,13.6472,0.7553,14.4025,14.4024
2542,0.0734,0.0016,0.0749,0.0135,0.9799732977303073,0.02136181575433912,4.2453,1.0649,4.2455,0.0002,0.0,0.0,0.0,4.2455,1.0649,5.3104,5.3083
2543,0.0533,0.0,0.0533,0.0096,1.0,0.0,3.0276,0.0129,3.0278,0.0002,0.0,0.0,0.0,3.0277999999999996,0.0129,3.0406999999999997,3.0375
2544,0.1442,0.0103,0.1546,0.0278,0.9327296248382924,0.0666235446313066,7.7877,6.914,7.7877,0.0,0.0,0.0,0.0,7.787699999999999,6.914000000000001,14.701699999999999,14.7042
2545,0.2211,0.0,0.2212,0.0398,0.9995479204339963,0.0,11.9412,0.0169,11.9411,0.0,0.0,0.0,0.0,11.9411,0.0169,11.958,11.9555
2546,0.2059,0.0032,0.2091,0.0376,0.9846963175514107,0.015303682448589193,11.7054,2.0424,11.7051,0.0,0.0,0.0,0.0,11.705099999999998,2.0423999999999998,13.747499999999999,13.75
2547,0.1158,0.0002,0.116,0.0209,0.9982758620689655,0.0017241379310344827,6.8238,0.1167,6.8234,0.0,0.0,0.0,0.0,6.8233999999999995,0.11669999999999998,6.940099999999999,6.9423
2548,0.1232,0.0135,0.1367,0.0246,0.9012435991221655,0.09875640087783469,6.5457,8.171,6.5455,0.0,0.0,0.0,0.0,6.545499999999999,8.171,14.716499999999998,14.7184
2549,0.2328,0.0108,0.2436,0.0439,0.9556650246305418,0.04433497536945813,12.7863,6.8935,14.7862,1.9999,0.0,0.0,0.0,14.786200000000001,6.8934999999999995,21.6797,21.6834
2550,0.0524,0.0,0.0524,0.0094,1.0,0.0,2.8305,0.0204,2.8304,0.0,0.0,0.0,0.0,2.8304,0.0204,2.8508,2.8459
2551,0.0978,0.0001,0.098,0.0176,0.9979591836734694,0.0010204081632653062,5.661,0.0936,5.6609,0.0,0.0,0.0,0.0,5.6609,0.09359999999999999,5.7545,5.7502
2552,0.1717,0.0106,0.1823,0.0328,0.9418540866703237,0.05814591332967636,9.5895,6.5661,10.5895,1.0,0.0,0.0,0.0,10.5895,6.5661,17.1556,17.152
2553,0.1376,0.0,0.1376,0.0248,1.0,0.0,7.0758,0.0086,7.0762,0.0004,0.0,0.0,0.0,7.0762,0.0086,7.0848,7.0808
2554,0.1913,0.0076,0.1989,0.0358,0.9617898441427853,0.038210155857214684,10.872,4.7956,10.8719,0.0,0.0,0.0,0.0,10.871899999999998,4.7956,15.667499999999999,15.6642
2555,0.0788,0.0002,0.0789,0.0142,0.9987325728770595,0.002534854245880862,4.4001,0.0932,4.3997,0.0,0.0,0.0,0.0,4.3997,0.0932,4.492900000000001,4.4918
2556,0.2312,0.0,0.2312,0.0416,1.0,0.0,13.3776,0.0068,13.3772,0.0,0.0,0.0,0.0,13.377199999999998,0.0068000000000000005,13.383999999999999,13.3842
2557,0.0602,0.0108,0.071,0.0128,0.847887323943662,0.15211267605633805,3.1968,6.9401,4.1965,0.9997,0.0,0.0,0.0,4.1965,6.940099999999999,11.1366,11.1342
2558,0.1015,0.0001,0.1016,0.0183,0.9990157480314962,0.000984251968503937,5.3046,0.0416,5.3044,0.0,0.0,0.0,0.0,5.3044,0.0416,5.346,5.3447
2559,0.1261,0.0001,0.1263,0.0227,0.9984164687252572,0.0007917656373713382,7.569,0.0787,7.5691,0.0001,0.0,0.0,0.0,7.5691,0.07869999999999999,7.6478,7.6454
2560,0.1806,0.0003,0.1809,0.0326,0.9983416252072969,0.0016583747927031507,10.2663,0.2034,10.2662,0.0,0.0,0.0,0.0,10.2662,0.2034,10.4696,10.47
2561,0.1184,0.0,0.1184,0.0213,1.0,0.0,6.3927,0.0076,7.393,1.0003,0.0,0.0,0.0,7.393000000000001,0.007599999999999999,7.400600000000001,7.4045
2562,0.1101,0.0,0.1101,0.0198,1.0,0.0,5.661,0.0086,5.6608,0.0,0.0,0.0,0.0,5.6608,0.0086,5.6694,5.6727
2563,0.0524,0.0,0.0524,0.0094,1.0,0.0,2.8305,0.0055,2.8305,0.0,0.0,0.0,0.0,2.8305,0.0055,2.836,2.8373
2564,0.0611,0.0,0.0611,0.011,1.0,0.0,3.5361,0.0201,3.5362,0.0001,0.0,0.0,0.0,3.5362,0.0201,3.5563,3.5516
2565,0.214,0.0002,0.2142,0.0386,0.9990662931839402,0.0009337068160597573,12.1644,0.1252,12.1645,0.0001,0.0,0.0,0.0,12.164499999999999,0.12520000000000003,12.289699999999998,12.2907
2566,0.1796,0.0,0.1796,0.0323,1.0,0.0,10.0332,0.0198,10.0328,0.0,0.0,0.0,0.0,10.032799999999998,0.019799999999999998,10.052599999999998,10.0574
2567,0.088,0.0042,0.0922,0.0166,0.9544468546637743,0.04555314533622559,4.6728,2.5456,4.6727,0.0,0.0,0.0,0.0,4.672699999999999,2.5456,7.218299999999999,7.2212
2568,0.2477,0.014,0.2617,0.0471,0.946503630110814,0.053496369889186095,13.3776,9.4267,13.3775,0.0,0.0,0.0,0.0,13.377499999999998,9.4267,22.804199999999998,23.3063
2569,0.1555,0.0,0.1556,0.028,0.9993573264781491,0.0,8.6886,0.0209,8.6893,0.0007,0.0,0.0,0.0,8.689300000000001,0.0209,8.7102,8.7145
2570,0.2322,0.0022,0.2344,0.0422,0.9906143344709897,0.00938566552901024,13.1994,1.2993,14.1993,0.9999,0.0,0.0,0.0,14.1993,1.2993000000000001,15.4986,15.4976
2571,0.2891,0.0071,0.2961,0.0533,0.9763593380614659,0.023978385680513345,15.3531,4.688,16.3529,0.9998,0.0,0.0,0.0,16.3529,4.688000000000001,21.0409,21.0417
2572,0.1746,0.007,0.1816,0.0327,0.961453744493392,0.03854625550660793,9.5895,4.0848,9.5896,0.0001,0.0,0.0,0.0,9.5896,4.0848,13.674400000000002,13.6756
2573,0.1717,0.0004,0.172,0.031,0.9982558139534884,0.0023255813953488376,9.5895,0.2355,9.5896,0.0001,0.0,0.0,0.0,9.5896,0.2355,9.8251,9.8279
2574,0.0888,0.0001,0.0889,0.016,0.998875140607424,0.001124859392575928,4.7952,0.063,4.7947,0.0,0.0,0.0,0.0,4.794700000000001,0.063,4.8577,4.861
2575,0.2596,0.0007,0.2603,0.0468,0.997310795236266,0.0026892047637341533,14.0184,0.4028,14.0179,0.0,0.0,0.0,0.0,14.017900000000001,0.4028,14.4207,14.4173
2576,0.1838,0.0007,0.1845,0.0332,0.9962059620596205,0.003794037940379404,10.2663,0.4327,10.2661,0.0,0.0,0.0,0.0,10.2661,0.4327,10.6988,10.7031
2577,0.1818,0.0104,0.1922,0.0346,0.9458896982310092,0.05411030176899063,9.8181,6.4212,11.8182,2.0001,0.0,0.0,0.0,11.8182,6.421200000000001,18.2394,18.2366
2578,0.0552,0.0025,0.0578,0.0104,0.9550173010380623,0.043252595155709346,2.9331,1.6227,2.9332,0.0001,0.0,0.0,0.0,2.9332000000000003,1.6227,4.5559,4.553
2579,0.1731,0.0002,0.1733,0.0312,0.9988459319099826,0.001154068090017311,9.3456,0.1085,9.3453,0.0,0.0,0.0,0.0,9.345299999999998,0.10849999999999999,9.453799999999998,9.4551
2580,0.1058,0.0002,0.106,0.0191,0.9981132075471699,0.001886792452830189,6.2298,0.1507,6.2302,0.0004,0.0,0.0,0.0,6.2302,0.1507,6.3809,6.3798
2581,0.0611,0.0,0.0612,0.011,0.9983660130718955,0.0,3.4758,0.0207,3.4758,0.0,0.0,0.0,0.0,3.4758,0.020700000000000003,3.4965,3.4916
2582,0.073,0.0086,0.0816,0.0147,0.8946078431372548,0.10539215686274508,4.077,5.7159,5.0769,0.9999,0.0,0.0,0.0,5.0769,5.7159,10.7928,10.7976
2583,0.2752,0.0,0.2752,0.0495,1.0,0.0,15.6402,0.0148,16.6401,0.9999,0.0,0.0,0.0,16.6401,0.0148,16.6549,16.6505
2584,0.0914,0.0118,0.1032,0.0186,0.8856589147286821,0.11434108527131782,5.0166,7.0923,5.0165,0.0,0.0,0.0,0.0,5.0165,7.0923,12.108799999999999,12.105
2585,0.0949,0.0,0.095,0.0171,0.9989473684210526,0.0,5.2137,0.0088,5.2135,0.0,0.0,0.0,0.0,5.2135,0.0088,5.2223,5.2222
2586,0.1931,0.0064,0.1995,0.0359,0.9679197994987467,0.03208020050125313,10.4265,4.0626,10.4267,0.0002,0.0,0.0,0.0,10.4267,4.0626,14.4893,14.4904
2587,0.1738,0.0,0.1738,0.0313,1.0,0.0,10.2357,0.009,10.2352,0.0,0.0,0.0,0.0,10.235199999999999,0.009,10.2442,10.2404
2588,0.1717,0.0055,0.1772,0.0319,0.968961625282167,0.031038374717832957,9.5895,3.529,9.5896,0.0001,0.0,0.0,0.0,9.5896,3.5290000000000004,13.1186,13.6158
2589,0.0548,0.0013,0.0561,0.0101,0.9768270944741534,0.023172905525846704,3.1149,0.7631,3.115,0.0001,0.0,0.0,0.0,3.115,0.7631000000000001,3.8781000000000003,3.8809
2590,0.228,0.0044,0.2324,0.0418,0.981067125645439,0.0189328743545611,12.7368,2.7907,13.7371,1.0003,0.0,0.0,0.0,13.7371,2.7907,16.5278,16.5259
2591,0.2265,0.0009,0.2274,0.0409,0.9960422163588392,0.00395778364116095,12.231,0.5282,14.2307,1.9997,0.0,0.0,0.0,14.2307,0.5282,14.7589,14.7569
2592,0.1788,0.0002,0.179,0.0322,0.9988826815642458,0.00111731843575419,9.8181,0.1376,9.8183,0.0002,0.0,0.0,0.0,9.818299999999999,0.1376,9.9559,9.9582
2593,0.2748,0.0107,0.2856,0.0514,0.9621848739495797,0.03746498599439776,15.3531,7.5668,28.353,12.9999,0.0,0.0,0.0,28.352999999999998,7.566800000000001,35.919799999999995,35.9179
2594,0.1445,0.0,0.1446,0.026,0.9993084370677731,0.0,8.361,0.0299,8.3607,0.0,0.0,0.0,0.0,8.3607,0.0299,8.3906,8.3921
2595,0.0903,0.0014,0.0917,0.0165,0.9847328244274809,0.015267175572519083,4.7952,0.8373,5.7949,0.9997,0.0,0.0,0.0,5.7949,0.8373,6.6322,6.6321
2596,0.0903,0.0001,0.0904,0.0163,0.9988938053097346,0.001106194690265487,4.7952,0.0643,4.795,0.0,0.0,0.0,0.0,4.795,0.0643,4.8593,4.8641
2597,0.157,0.0004,0.1573,0.0283,0.9980928162746345,0.0025429116338207248,9.0828,0.2263,9.0828,0.0,0.0,0.0,0.0,9.0828,0.2263,9.3091,9.3108
2598,0.1674,0.0051,0.1724,0.031,0.9709976798143851,0.02958236658932715,9.513,3.074,14.5129,4.9999,0.0,0.0,0.0,14.512900000000002,3.074,17.5869,17.5907
2599,0.0523,0.0049,0.0572,0.0103,0.9143356643356643,0.08566433566433566,3.0276,2.9913,12.0276,9.0,0.0,0.0,0.0,12.027599999999998,2.9913000000000003,15.018899999999999,15.0205
2600,0.1091,0.0,0.1091,0.0196,1.0,0.0,6.5457,0.0135,6.5453,0.0,0.0,0.0,0.0,6.545299999999999,0.013500000000000002,6.558799999999999,6.5564
2601,0.2773,0.0008,0.2781,0.0501,0.9971233369291621,0.002876663070837828,14.7276,0.5327,15.727,0.9994,0.0,0.0,0.0,15.727000000000002,0.5327,16.259700000000002,16.2551
2602,0.0612,0.0001,0.0613,0.011,0.99836867862969,0.0016313213703099511,3.1968,0.0961,3.1966,0.0,0.0,0.0,0.0,3.1966,0.09609999999999999,3.2927,3.2894
2603,0.0601,0.0004,0.0605,0.0109,0.9933884297520662,0.006611570247933885,3.4758,0.2558,3.4756,0.0,0.0,0.0,0.0,3.4756,0.25579999999999997,3.7314,3.7279
2604,0.193,0.0112,0.2042,0.0368,0.9451518119490696,0.05484818805093046,10.5966,6.8644,12.5967,2.0001,0.0,0.0,0.0,12.5967,6.8644,19.461100000000002,19.9622
2605,0.2395,0.0064,0.2459,0.0443,0.9739731598210654,0.026026840178934526,13.3776,3.7383,15.3771,1.9995,0.0,0.0,0.0,15.377099999999999,3.7383,19.115399999999998,19.1203
2606,0.2211,0.0018,0.2229,0.0401,0.9919246298788694,0.008075370121130552,11.9412,1.1121,16.9412,5.0,0.0,0.0,0.0,16.941200000000002,1.1120999999999999,18.0533,18.0576
2607,0.1963,0.012,0.2083,0.0375,0.942390782525204,0.057609217474795964,10.4265,7.2866,13.4269,3.0004,0.0,0.0,0.0,13.4269,7.2866,20.7135,20.7182
2608,0.1801,0.003,0.1831,0.033,0.983615510649918,0.01638448935008192,10.6083,2.1109,11.6084,1.0001,0.0,0.0,0.0,11.6084,2.1109,13.7193,13.7232
2609,0.1644,0.0,0.1644,0.0296,1.0,0.0,9.513,0.0075,9.5129,0.0,0.0,0.0,0.0,9.5129,0.007500000000000001,9.5204,9.5181
2610,0.0611,0.0016,0.0627,0.0113,0.974481658692185,0.025518341307814992,3.4119,1.0001,3.4118,0.0,0.0,0.0,0.0,3.4118000000000004,1.0001,4.4119,4.4085
2611,0.1801,0.0008,0.1808,0.0326,0.9961283185840709,0.004424778761061948,10.2357,0.4898,14.2353,3.9996,0.0,0.0,0.0,14.235299999999999,0.4898,14.7251,14.7217
2612,0.2269,0.0,0.2269,0.0408,1.0,0.0,12.4605,0.0236,12.4605,0.0,0.0,0.0,0.0,12.4605,0.0236,12.4841,12.4807
2613,0.1579,0.0003,0.1582,0.0285,0.9981036662452591,0.0018963337547408341,8.5293,0.163,8.5294,0.0001,0.0,0.0,0.0,8.529399999999999,0.163,8.6924,8.6892
2614,0.1471,0.0036,0.1507,0.0271,0.9761114797611149,0.023888520238885203,8.361,2.3077,17.3606,8.9996,0.0,0.0,0.0,17.3606,2.3077,19.668300000000002,19.6652
2615,0.2095,0.0,0.2096,0.0377,0.9995229007633587,0.0,11.7054,0.0185,11.7052,0.0,0.0,0.0,0.0,11.705199999999998,0.0185,11.723699999999997,11.7264
2616,0.2178,0.0165,0.2343,0.0422,0.9295774647887324,0.07042253521126761,12.1644,9.795,16.1644,4.0,0.0,0.0,0.0,16.1644,9.795,25.959400000000002,25.9565
2617,0.2018,0.0005,0.2024,0.0364,0.9970355731225297,0.0024703557312252965,12.1104,0.3474,14.1105,2.0001,0.0,0.0,0.0,14.1105,0.3474,14.4579,14.4593
2618,0.1331,0.0008,0.134,0.0241,0.9932835820895521,0.005970149253731343,7.0722,0.564,12.0722,5.0,0.0,0.0,0.0,12.0722,0.5640000000000001,12.6362,12.6403
2619,0.105,0.0,0.105,0.0189,1.0,0.0,5.8662,0.0137,5.8664,0.0002,0.0,0.0,0.0,5.8664000000000005,0.013699999999999999,5.8801000000000005,5.881
2620,0.0856,0.0004,0.086,0.0155,0.9953488372093023,0.004651162790697675,4.4001,0.2914,7.3999,2.9998,0.0,0.0,0.0,7.3999,0.2914,7.6913,7.6928
2621,0.1279,0.0001,0.1281,0.023,0.9984387197501954,0.0007806401249024201,6.795,0.0776,7.7949,0.9999,0.0,0.0,0.0,7.794899999999999,0.0776,7.8725,7.8725
2622,0.0999,0.0004,0.1003,0.0181,0.996011964107677,0.0039880358923230315,5.3046,0.2467,10.3041,4.9995,0.0,0.0,0.0,10.3041,0.2467,10.5508,10.5498
2623,0.0785,0.0011,0.0796,0.0143,0.986180904522613,0.013819095477386936,4.5414,0.7897,6.5414,2.0,0.0,0.0,0.0,6.541399999999999,0.7897000000000001,7.331099999999999,7.3309
2624,0.1663,0.0006,0.1668,0.03,0.9970023980815348,0.003597122302158273,8.6886,0.3486,8.6889,0.0003,0.0,0.0,0.0,8.6889,0.34859999999999997,9.0375,9.0337
2625,0.1222,0.0071,0.1293,0.0233,0.9450889404485693,0.05491105955143079,7.0722,4.6493,11.0722,4.0,0.0,0.0,0.0,11.0722,4.649299999999999,15.721499999999999,15.7216
2626,0.1465,0.0,0.1465,0.0264,1.0,0.0,8.1819,0.0092,8.1819,0.0,0.0,0.0,0.0,8.1819,0.0092,8.1911,8.1949
2627,0.233,0.0005,0.2336,0.042,0.9974315068493151,0.0021404109589041095,12.3768,0.3358,13.3765,0.9997,0.0,0.0,0.0,13.3765,0.3358,13.7123,13.7102
2628,0.0901,0.0,0.0901,0.0162,1.0,0.0,5.2137,0.0101,5.2133,0.0,0.0,0.0,0.0,5.2133,0.0101,5.223400000000001,5.2195
2629,0.2336,0.0007,0.2343,0.0422,0.9970123772940674,0.002987622705932565,14.0184,0.431,14.018,0.0,0.0,0.0,0.0,14.018,0.431,14.449,14.4533
2630,0.1232,0.0003,0.1236,0.0222,0.9967637540453075,0.0024271844660194173,6.5457,0.1993,6.5455,0.0,0.0,0.0,0.0,6.545499999999999,0.19929999999999998,6.744799999999999,6.7427
2631,0.1817,0.0001,0.1818,0.0327,0.9994499449944995,0.0005500550055005501,9.3456,0.0429,9.3453,0.0,0.0,0.0,0.0,9.345299999999998,0.0429,9.388199999999998,9.3879
2632,0.0825,0.0003,0.0828,0.0149,0.996376811594203,0.003623188405797101,4.2453,0.1775,4.2455,0.0002,0.0,0.0,0.0,4.2455,0.1775,4.423,4.4196
2633,0.1111,0.0006,0.1118,0.0201,0.9937388193202147,0.005366726296958855,6.5457,0.4094,6.5455,0.0,0.0,0.0,0.0,6.545499999999999,0.40940000000000004,6.9548999999999985,6.9553
2634,0.057,0.0003,0.0573,0.0103,0.9947643979057592,0.005235602094240837,2.9331,0.1794,2.9334,0.0003,0.0,0.0,0.0,2.9334000000000002,0.17939999999999998,3.1128,3.1136
2635,0.2701,0.0009,0.271,0.0488,0.9966789667896678,0.003321033210332103,15.3531,0.6106,15.3529,0.0,0.0,0.0,0.0,15.352899999999998,0.6106,15.963499999999998,15.9586
2636,0.2532,0.0018,0.255,0.0459,0.9929411764705881,0.007058823529411764,14.1444,1.1009,14.1444,0.0,0.0,0.0,0.0,14.144400000000001,1.1009000000000002,15.2453,15.248
2637,0.0644,0.0122,0.0765,0.0138,0.8418300653594771,0.15947712418300655,3.5361,7.6597,3.5361,0.0,0.0,0.0,0.0,3.5361000000000002,7.659700000000001,11.195800000000002,11.1968
2638,0.148,0.0126,0.1605,0.0289,0.9221183800623052,0.07850467289719626,7.9911,7.7992,7.9912,0.0001,0.0,0.0,0.0,7.9912,7.7992,15.7904,15.7887
2639,0.0929,0.0007,0.0936,0.0168,0.9925213675213674,0.007478632478632478,5.0166,0.4255,5.0164,0.0,0.0,0.0,0.0,5.0164,0.4255,5.4419,5.4371
2640,0.076,0.0019,0.0779,0.014,0.975609756097561,0.024390243902439025,4.2453,1.1746,4.2453,0.0,0.0,0.0,0.0,4.2453,1.1746,5.4199,5.4216
2641,0.1153,0.0093,0.1246,0.0224,0.9253611556982343,0.07463884430176564,6.795,5.4304,6.795,0.0,0.0,0.0,0.0,6.795,5.430400000000001,12.2254,12.2219
2642,0.1909,0.0,0.191,0.0344,0.9994764397905759,0.0,9.8181,0.0294,9.8183,0.0002,0.0,0.0,0.0,9.818299999999999,0.0294,9.8477,9.8462
2643,0.2575,0.0,0.2575,0.0463,1.0,0.0,13.9023,0.0091,13.9023,0.0,0.0,0.0,0.0,13.9023,0.0091,13.9114,13.9141
2644,0.1626,0.0095,0.1721,0.031,0.9447995351539802,0.05520046484601975,9.0828,6.1695,9.083,0.0002,0.0,0.0,0.0,9.083000000000002,6.169499999999999,15.252500000000001,15.2573
2645,0.2271,0.0,0.2271,0.0409,1.0,0.0,13.3776,0.027,13.3774,0.0,0.0,0.0,0.0,13.377399999999998,0.027,13.404399999999997,13.4076
2646,0.099,0.0084,0.1074,0.0193,0.9217877094972068,0.0782122905027933,5.436,5.2207,5.4359,0.0,0.0,0.0,0.0,5.4359,5.2207,10.656600000000001,10.6539
2647,0.1582,0.0,0.1582,0.0285,1.0,0.0,8.6886,0.0095,8.6888,0.0002,0.0,0.0,0.0,8.6888,0.009499999999999998,8.6983,8.6956
2648,0.1992,0.0001,0.1993,0.0359,0.9994982438534871,0.0005017561465127947,11.322,0.0839,11.3218,0.0,0.0,0.0,0.0,11.3218,0.0839,11.4057,11.4104
2649,0.2519,0.0021,0.254,0.0457,0.991732283464567,0.00826771653543307,13.3776,1.2347,13.3773,0.0,0.0,0.0,0.0,13.377299999999998,1.2347000000000001,14.611999999999998,14.617
2650,0.1085,0.0012,0.1098,0.0198,0.98816029143898,0.01092896174863388,6.3927,0.8276,7.3934,1.0007,0.0,0.0,0.0,7.3934,0.8276,8.221,8.2197
2651,0.0924,0.0121,0.1045,0.0188,0.8842105263157894,0.11578947368421053,4.9095,8.0059,4.9092,0.0,0.0,0.0,0.0,4.909199999999999,8.0059,12.915099999999999,12.9199
2652,0.2064,0.0003,0.2067,0.0372,0.9985486211901307,0.001451378809869376,11.7324,0.2052,11.7324,0.0,0.0,0.0,0.0,11.7324,0.2052,11.9376,11.9403
2653,0.193,0.0003,0.1932,0.0348,0.9989648033126294,0.0015527950310559003,10.5966,0.1695,10.5968,0.0002,0.0,0.0,0.0,10.5968,0.16949999999999998,10.7663,10.763
2654,0.0929,0.0017,0.0946,0.017,0.982029598308668,0.017970401691331923,5.0166,1.0997,5.0165,0.0,0.0,0.0,0.0,5.0165,1.0997000000000001,6.1162,6.1188
2655,0.1573,0.0071,0.1644,0.0296,0.9568126520681266,0.04318734793187348,8.4915,5.1472,8.4913,0.0,0.0,0.0,0.0,8.4913,5.1472,13.6385,13.64
2656,0.2015,0.0031,0.2046,0.0368,0.9848484848484849,0.01515151515151515,11.4543,1.9486,11.4544,0.0001,0.0,0.0,0.0,11.4544,1.9485999999999999,13.402999999999999,13.3993
2657,0.0869,0.0,0.0869,0.0156,1.0,0.0,4.5414,0.0238,4.5414,0.0,0.0,0.0,0.0,4.5414,0.0238,4.5652,4.5686
2658,0.2343,0.0033,0.2377,0.0428,0.9856962557846025,0.013883045856121162,13.0905,1.9444,13.0907,0.0002,0.0,0.0,0.0,13.090699999999998,1.9443999999999997,15.035099999999998,15.0345
2659,0.1934,0.0001,0.1934,0.0348,1.0,0.000517063081695967,11.1879,0.0308,11.1879,0.0,0.0,0.0,0.0,11.1879,0.030799999999999998,11.2187,11.2166
2660,0.1801,0.0012,0.1813,0.0326,0.9933811362382792,0.006618863761720904,10.2357,0.8364,10.2356,0.0,0.0,0.0,0.0,10.235599999999998,0.8364,11.071999999999997,11.0686
2661,0.1848,0.008,0.1928,0.0347,0.95850622406639,0.04149377593360996,9.8181,4.8799,9.8183,0.0002,0.0,0.0,0.0,9.818299999999999,4.8799,14.6982,14.6989
2662,0.0515,0.0007,0.0522,0.0094,0.9865900383141761,0.013409961685823753,2.8305,0.4244,2.8304,0.0,0.0,0.0,0.0,2.8304,0.4244,3.2548,3.2528
2663,0.105,0.0081,0.1131,0.0204,0.9283819628647214,0.0716180371352785,5.8662,5.0342,5.8663,0.0001,0.0,0.0,0.0,5.866300000000001,5.034199999999999,10.900500000000001,10.8957
2664,0.0478,0.0,0.0478,0.0086,1.0,0.0,2.718,0.0052,2.718,0.0,0.0,0.0,0.0,2.718,0.005200000000000001,2.7232,2.7254
2665,0.1375,0.001,0.1385,0.0249,0.9927797833935018,0.007220216606498194,7.0722,0.6192,7.0722,0.0,0.0,0.0,0.0,7.0722000000000005,0.6192,7.691400000000001,7.6927
2666,0.2162,0.0003,0.2165,0.039,0.9986143187066975,0.0013856812933025404,12.7368,0.1671,12.737,0.0002,0.0,0.0,0.0,12.737,0.1671,12.9041,12.9035
2667,0.1632,0.0001,0.1633,0.0294,0.9993876301285978,0.000612369871402327,8.5293,0.0367,8.5294,0.0001,0.0,0.0,0.0,8.529399999999999,0.036699999999999997,8.566099999999999,8.5707
2668,0.0633,0.0008,0.0641,0.0115,0.987519500780031,0.0124804992199688,3.4758,0.4663,3.4753,0.0,0.0,0.0,0.0,3.4753,0.4663,3.9415999999999998,3.94
2669,0.1381,0.0,0.1381,0.0249,1.0,0.0,7.3332,0.0058,7.3327,0.0,0.0,0.0,0.0,7.3327,0.0058000000000000005,7.3385,7.3418
2670,0.1566,0.0,0.1566,0.0282,1.0,0.0,8.1819,0.0117,8.1819,0.0,0.0,0.0,0.0,8.1819,0.011699999999999999,8.1936,8.195
2671,0.1223,0.002,0.1243,0.0224,0.9839098954143203,0.016090104585679808,6.9516,1.2583,6.9511,0.0,0.0,0.0,0.0,6.951099999999999,1.2583,8.209399999999999,8.2075
2672,0.0761,0.0039,0.08,0.0144,0.95125,0.048749999999999995,4.4001,2.6102,4.3997,0.0,0.0,0.0,0.0,4.3997,2.6102,7.0099,7.0141
2673,0.1962,0.0,0.1963,0.0353,0.9994905756495162,0.0,10.5966,0.0227,10.5967,0.0001,0.0,0.0,0.0,10.5967,0.022699999999999998,10.6194,10.6243
2674,0.0576,0.0002,0.0578,0.0104,0.9965397923875433,0.003460207612456748,3.2724,0.1308,3.2726,0.0002,0.0,0.0,0.0,3.2725999999999997,0.13080000000000003,3.4033999999999995,3.4026
2675,0.0529,0.0001,0.053,0.0095,0.9981132075471699,0.001886792452830189,3.1149,0.0554,3.115,0.0001,0.0,0.0,0.0,3.115,0.0554,3.1704000000000003,3.1655
2676,0.1817,0.0011,0.1828,0.0329,0.9939824945295406,0.00601750547045952,9.3456,0.752,9.3452,0.0,0.0,0.0,0.0,9.345199999999998,0.752,10.097199999999999,10.0942
2677,0.0569,0.0003,0.0572,0.0103,0.9947552447552447,0.005244755244755244,3.4119,0.2334,3.4119,0.0,0.0,0.0,0.0,3.4119,0.2334,3.6453,3.6417
2678,0.0851,0.0,0.0851,0.0153,1.0,0.0,4.6728,0.0141,4.6727,0.0,0.0,0.0,0.0,4.672699999999999,0.0141,4.686799999999999,4.6838
2679,0.2701,0.0,0.2701,0.0486,1.0,0.0,15.3531,0.0208,15.353,0.0,0.0,0.0,0.0,15.352999999999998,0.0208,15.373799999999997,15.3698
2680,0.1703,0.0029,0.1732,0.0312,0.983256351039261,0.01674364896073903,10.0332,1.8027,10.0329,0.0,0.0,0.0,0.0,10.0329,1.8027,11.8356,11.8347
2681,0.129,0.0001,0.1291,0.0232,0.9992254066615028,0.000774593338497289,7.3332,0.0431,7.3331,0.0,0.0,0.0,0.0,7.3331,0.0431,7.3762,7.3763
2682,0.0612,0.0,0.0612,0.011,1.0,0.0,3.1968,0.0086,3.1966,0.0,0.0,0.0,0.0,3.1966,0.0086,3.2052,3.2033
2683,0.1266,0.0036,0.1301,0.0234,0.973097617217525,0.027671022290545733,6.9516,2.1554,6.9512,0.0,0.0,0.0,0.0,6.9512,2.1554,9.1066,9.107
2684,0.158,0.0014,0.1594,0.0287,0.9912170639899625,0.008782936010037642,8.5293,0.9994,8.5294,0.0001,0.0,0.0,0.0,8.529399999999999,0.9994,9.528799999999999,9.5268
2685,0.2378,0.0,0.2379,0.0428,0.9995796553173603,0.0,12.231,0.031,12.2308,0.0,0.0,0.0,0.0,12.2308,0.031,12.261800000000001,12.2616
2686,0.0515,0.0,0.0516,0.0093,0.998062015503876,0.0,2.8305,0.0049,2.8304,0.0,0.0,0.0,0.0,2.8304,0.0049,2.8353,2.8362
2687,0.1195,0.0023,0.1218,0.0219,0.9811165845648604,0.01888341543513957,6.795,1.3854,6.7949,0.0,0.0,0.0,0.0,6.7949,1.3854,8.1803,8.1761
2688,0.0622,0.014,0.0762,0.0137,0.816272965879265,0.1837270341207349,3.5361,9.8011,3.5361,0.0,0.0,0.0,0.0,3.5361000000000002,9.8011,13.3372,13.3322
2689,0.2655,0.0001,0.2656,0.0478,0.9996234939759037,0.00037650602409638556,15.6402,0.0697,15.6401,0.0,0.0,0.0,0.0,15.6401,0.06969999999999998,15.7098,15.708
2690,0.1466,0.0,0.1466,0.0264,1.0,0.0,7.7877,0.0165,7.7879,0.0002,0.0,0.0,0.0,7.787899999999999,0.0165,7.8043999999999984,7.8051
2691,0.2436,0.0014,0.245,0.0441,0.9942857142857143,0.005714285714285714,13.3776,0.8208,13.3774,0.0,0.0,0.0,0.0,13.377399999999998,0.8208,14.198199999999998,14.1951
2692,0.2683,0.0,0.2683,0.0483,1.0,0.0,14.0184,0.0129,14.0183,0.0,0.0,0.0,0.0,14.0183,0.012900000000000002,14.0312,14.0325
2693,0.2141,0.0,0.2141,0.0385,1.0,0.0,11.1879,0.0301,11.1879,0.0,0.0,0.0,0.0,11.1879,0.030100000000000002,11.218,11.2162
2694,0.1796,0.0078,0.1874,0.0337,0.9583778014941302,0.04162219850586979,10.0332,4.552,10.0326,0.0,0.0,0.0,0.0,10.032599999999999,4.5520000000000005,14.584599999999998,14.5876
2695,0.2027,0.0038,0.2065,0.0372,0.9815980629539952,0.018401937046004842,11.9412,2.3272,11.9412,0.0,0.0,0.0,0.0,11.9412,2.3272,14.2684,14.2703
2696,0.129,0.0043,0.1333,0.024,0.967741935483871,0.03225806451612903,7.3332,2.8252,7.3327,0.0,0.0,0.0,0.0,7.332699999999999,2.8252,10.1579,10.155
2697,0.1313,0.0,0.1313,0.0236,1.0,0.0,7.3332,0.0202,7.3327,0.0,0.0,0.0,0.0,7.332699999999999,0.0202,7.352899999999999,7.3501
2698,0.1804,0.004,0.1844,0.0332,0.9783080260303687,0.021691973969631236,9.9063,2.6078,9.9065,0.0002,0.0,0.0,0.0,9.906500000000001,2.6078,12.514300000000002,12.5095
2699,0.2322,0.0001,0.2322,0.0418,1.0,0.00043066322136089583,11.9412,0.0319,11.9412,0.0,0.0,0.0,0.0,11.9412,0.0319,11.9731,11.9696
2700,0.1934,0.0001,0.1935,0.0348,0.9994832041343669,0.0005167958656330749,11.1879,0.0613,11.1879,0.0,0.0,0.0,0.0,11.1879,0.0613,11.2492,11.2514
2701,0.1899,0.0147,0.2046,0.0368,0.9281524926686218,0.07184750733137829,10.4265,9.3164,14.4266,4.0001,0.0,0.0,0.0,14.4266,9.316400000000002,23.743000000000002,23.7407
2702,0.1817,0.0006,0.1824,0.0328,0.9961622807017544,0.0032894736842105257,9.3456,0.4224,9.3452,0.0,0.0,0.0,0.0,9.345199999999998,0.4224,9.767599999999998,9.7706
2703,0.0869,0.0,0.0869,0.0156,1.0,0.0,5.1174,0.0143,5.1177,0.0003,0.0,0.0,0.0,5.1177,0.0143,5.132000000000001,5.1364
2704,0.1922,0.0002,0.1924,0.0346,0.9989604989604991,0.0010395010395010396,11.322,0.0983,11.3216,0.0,0.0,0.0,0.0,11.3216,0.0983,11.4199,11.4221
2705,0.1602,0.0047,0.1649,0.0297,0.9714978775015162,0.028502122498483932,8.7993,2.847,10.7997,2.0004,0.0,0.0,0.0,10.7997,2.8469999999999995,13.6467,13.6481
2706,0.0515,0.0013,0.0528,0.0095,0.9753787878787878,0.02462121212121212,2.8305,0.771,5.8304,2.9999,0.0,0.0,0.0,5.830399999999999,0.771,6.601399999999999,6.6049
2707,0.1866,0.0015,0.1882,0.0339,0.9914984059511157,0.007970244420828906,10.4265,0.9632,10.4268,0.0003,0.0,0.0,0.0,10.4268,0.9632000000000001,11.39,11.3898
2708,0.1959,0.0,0.1959,0.0353,1.0,0.0,10.2357,0.0067,10.2353,0.0,0.0,0.0,0.0,10.235299999999999,0.006699999999999999,10.241999999999999,10.2406
2709,0.1009,0.0,0.1009,0.0182,1.0,0.0,6.0552,0.0055,6.0553,0.0001,0.0,0.0,0.0,6.0553,0.0055000000000000005,6.0607999999999995,6.0618
2710,0.2211,0.0001,0.2212,0.0398,0.9995479204339963,0.0004520795660036166,11.9412,0.0671,11.9411,0.0,0.0,0.0,0.0,11.9411,0.06709999999999999,12.0082,12.0083
2711,0.1866,0.0,0.1866,0.0336,1.0,0.0,10.6083,0.0085,10.6084,0.0001,0.0,0.0,0.0,10.6084,0.0085,10.6169,10.6169
2712,0.2384,0.0,0.2384,0.0429,1.0,0.0,13.0905,0.0075,13.0911,0.0006,0.0,0.0,0.0,13.091099999999997,0.0075,13.098599999999998,13.0937
2713,0.2664,0.0056,0.272,0.049,0.9794117647058824,0.020588235294117647,14.3847,3.4296,14.3845,0.0,0.0,0.0,0.0,14.384500000000001,3.4296,17.8141,17.8121
2714,0.2485,0.0044,0.2529,0.0455,0.9826018189007513,0.017398181099248716,13.6467,2.6172,13.647,0.0003,0.0,0.0,0.0,13.647000000000002,2.6172,16.264200000000002,16.261
2715,0.2064,0.0004,0.2068,0.0372,0.9980657640232108,0.0019342359767891683,11.9412,0.2431,11.9411,0.0,0.0,0.0,0.0,11.9411,0.24309999999999998,12.1842,12.1835
2716,0.1866,0.0124,0.1991,0.0358,0.9372174786539427,0.0622802611752888,10.4265,7.8757,12.4267,2.0002,0.0,0.0,0.0,12.4267,7.8757,20.3024,20.3031
2717,0.1298,0.0002,0.13,0.0234,0.9984615384615384,0.0015384615384615385,7.7877,0.1106,7.7878,0.0001,0.0,0.0,0.0,7.7878,0.11059999999999999,7.8984,7.899
2718,0.1048,0.0042,0.109,0.0196,0.9614678899082569,0.038532110091743114,5.661,2.6743,9.6608,3.9998,0.0,0.0,0.0,9.660799999999998,2.6742999999999997,12.335099999999997,12.3389
2719,0.0523,0.0047,0.057,0.0103,0.9175438596491228,0.0824561403508772,3.0276,3.0278,4.0276,1.0,0.0,0.0,0.0,4.0276000000000005,3.0278,7.055400000000001,7.0564
2720,0.0916,0.001,0.0926,0.0167,0.9892008639308855,0.01079913606911447,5.1174,0.5926,6.1177,1.0003,0.0,0.0,0.0,6.117699999999999,0.5926,6.710299999999999,6.7094
2721,0.0747,0.0004,0.0751,0.0135,0.9946737683089215,0.005326231691078562,4.2453,0.3104,5.2453,1.0,0.0,0.0,0.0,5.2453,0.3104,5.5557,5.5601
2722,0.2253,0.0001,0.2254,0.0406,0.9995563442768413,0.00044365572315882877,12.1644,0.0712,12.1644,0.0,0.0,0.0,0.0,12.164399999999999,0.0712,12.235599999999998,12.2387
2723,0.0551,0.0021,0.0572,0.0103,0.9632867132867133,0.03671328671328671,3.0276,1.274,5.0276,2.0,0.0,0.0,0.0,5.0276,1.274,6.3016,6.2974
2724,0.0524,0.0001,0.0525,0.0094,0.9980952380952381,0.001904761904761905,2.8305,0.0404,2.8303,0.0,0.0,0.0,0.0,2.8303000000000003,0.0404,2.8707000000000003,2.8672
2725,0.1497,0.0016,0.1513,0.0272,0.9894249834765367,0.01057501652346332,8.361,0.9964,8.3608,0.0,0.0,0.0,0.0,8.3608,0.9964000000000001,9.357199999999999,9.3583
2726,0.1184,0.0,0.1184,0.0213,1.0,0.0,6.3927,0.0183,6.3932,0.0005,0.0,0.0,0.0,6.3932,0.0183,6.4115,6.4134
2727,0.2849,0.0,0.2849,0.0513,1.0,0.0,15.9129,0.0086,15.9125,0.0,0.0,0.0,0.0,15.912500000000001,0.0086,15.921100000000001,15.9219
2728,0.1031,0.0,0.1031,0.0186,1.0,0.0,5.661,0.0091,5.6609,0.0,0.0,0.0,0.0,5.6609,0.0091,5.67,5.6706
2729,0.2444,0.0044,0.2488,0.0448,0.982315112540193,0.017684887459807074,13.1994,2.8967,13.1993,0.0,0.0,0.0,0.0,13.199299999999997,2.8967,16.095999999999997,16.1006
2730,0.2682,0.0015,0.2697,0.0485,0.9944382647385984,0.0055617352614015575,14.7276,0.9873,15.7274,0.9998,0.0,0.0,0.0,15.727400000000001,0.9873000000000001,16.7147,16.7137
2731,0.2559,0.0004,0.2563,0.0461,0.9984393289114321,0.0015606710885680845,15.3531,0.2716,15.3531,0.0,0.0,0.0,0.0,15.3531,0.2716,15.624699999999999,15.6209
2732,0.1711,0.0002,0.1713,0.0308,0.9988324576765908,0.0011675423234092236,8.7993,0.1098,8.7996,0.0003,0.0,0.0,0.0,8.7996,0.1098,8.9094,8.9108
2733,0.1804,0.0011,0.1815,0.0327,0.993939393939394,0.0060606060606060615,9.9063,0.7693,9.9066,0.0003,0.0,0.0,0.0,9.906600000000001,0.7693000000000001,10.6759,10.6783
2734,0.0973,0.0004,0.0977,0.0176,0.9959058341862845,0.0040941658137154556,5.436,0.2829,5.4359,0.0,0.0,0.0,0.0,5.435899999999999,0.2829,5.718799999999999,5.7195
2735,0.0644,0.0073,0.0717,0.0129,0.898186889818689,0.10181311018131102,3.5361,4.5532,3.5361,0.0,0.0,0.0,0.0,3.5361000000000002,4.5532,8.089300000000001,8.0888
2736,0.1501,0.0037,0.1538,0.0277,0.9759427828348506,0.024057217165149546,8.5293,2.288,8.5293,0.0,0.0,0.0,0.0,8.5293,2.2880000000000003,10.8173,10.8154
2737,0.1426,0.0001,0.1427,0.0257,0.9992992291520674,0.0007007708479327261,7.3332,0.0856,7.333,0.0,0.0,0.0,0.0,7.333,0.0856,7.4186000000000005,7.4225
2738,0.0599,0.0002,0.0601,0.0108,0.9966722129783694,0.0033277870216306157,3.3444,0.1308,3.3443,0.0,0.0,0.0,0.0,3.3443,0.1308,3.4751,3.4792
2739,0.2639,0.0,0.2639,0.0475,1.0,0.0,14.0184,0.0136,14.0181,0.0,0.0,0.0,0.0,14.0181,0.013599999999999998,14.0317,14.0269
2740,0.2663,0.0001,0.2664,0.048,0.9996246246246244,0.00037537537537537537,14.1444,0.0818,14.1444,0.0,0.0,0.0,0.0,14.144400000000001,0.0818,14.2262,14.2268
2741,0.288,0.0001,0.2881,0.0519,0.9996528982992016,0.0003471017007983339,15.0489,0.0699,15.0492,0.0003,0.0,0.0,0.0,15.049199999999999,0.06989999999999999,15.1191,15.118
2742,0.1712,0.0003,0.1715,0.0309,0.9982507288629736,0.0017492711370262388,9.9063,0.1667,9.9065,0.0002,0.0,0.0,0.0,9.906500000000001,0.1667,10.073200000000002,10.0736
2743,0.1066,0.0,0.1066,0.0192,1.0,0.0,5.661,0.0137,5.6608,0.0,0.0,0.0,0.0,5.6608,0.0137,5.6745,5.6703
2744,0.073,0.0001,0.073,0.0131,1.0,0.0013698630136986304,4.077,0.0355,4.0769,0.0,0.0,0.0,0.0,4.0769,0.0355,4.1124,4.1111
2745,0.2436,0.0133,0.257,0.0463,0.9478599221789884,0.05175097276264591,13.3776,8.4436,17.3771,3.9995,0.0,0.0,0.0,17.3771,8.4436,25.8207,25.8188
2746,0.047,0.0,0.047,0.0085,1.0,0.0,2.718,0.0224,2.7179,0.0,0.0,0.0,0.0,2.7178999999999998,0.0224,2.7403,2.7439
2747,0.1806,0.0012,0.1818,0.0327,0.9933993399339935,0.006600660066006601,10.2663,0.7316,11.2657,0.9994,0.0,0.0,0.0,11.265699999999999,0.7316,11.9973,11.9986
2748,0.1091,0.0,0.1091,0.0196,1.0,0.0,6.5457,0.0068,6.5455,0.0,0.0,0.0,0.0,6.545499999999999,0.0068000000000000005,6.552299999999999,6.5509
2749,0.1358,0.0002,0.136,0.0245,0.9985294117647059,0.0014705882352941176,7.3332,0.1178,7.3326,0.0,0.0,0.0,0.0,7.332599999999999,0.1178,7.450399999999999,7.4522
2750,0.1422,0.0001,0.1422,0.0256,1.0,0.0007032348804500704,8.5293,0.0357,8.5294,0.0001,0.0,0.0,0.0,8.529399999999999,0.0357,8.5651,8.5664
2751,0.1697,0.0,0.1697,0.0305,1.0,0.0,9.8181,0.0066,9.8183,0.0002,0.0,0.0,0.0,9.818299999999999,0.0066,9.8249,9.8212
2752,0.2095,0.0,0.2096,0.0377,0.9995229007633587,0.0,11.7054,0.0086,11.7054,0.0,0.0,0.0,0.0,11.7054,0.0086,11.713999999999999,11.7151
2753,0.2465,0.0056,0.2521,0.0454,0.9777865926219754,0.022213407378024595,13.0905,3.9307,13.091,0.0005,0.0,0.0,0.0,13.090999999999998,3.9307000000000003,17.0217,17.02
2754,0.1394,0.0003,0.1397,0.0251,0.9978525411596278,0.0021474588403722263,8.361,0.2161,8.361,0.0,0.0,0.0,0.0,8.361,0.21610000000000001,8.577100000000002,8.5805
2755,0.0917,0.0001,0.0918,0.0165,0.9989106753812635,0.0010893246187363833,5.3046,0.0418,5.3043,0.0,0.0,0.0,0.0,5.3043,0.0418,5.3461,5.3489
2756,0.1158,0.0016,0.1174,0.0211,0.9863713798977853,0.013628620102214651,6.8238,1.039,7.8233,0.9995,0.0,0.0,0.0,7.823300000000001,1.0390000000000001,8.862300000000001,8.8597
2757,0.1065,0.0002,0.1067,0.0192,0.9981255857544516,0.0018744142455482662,6.0552,0.0953,6.0553,0.0001,0.0,0.0,0.0,6.0553,0.0953,6.1506,6.1533
2758,0.1425,0.0,0.1425,0.0257,1.0,0.0,7.569,0.0222,7.569,0.0,0.0,0.0,0.0,7.569,0.0222,7.5912,7.5901
2759,0.199,0.0001,0.1992,0.0358,0.9989959839357431,0.0005020080321285141,10.2357,0.0802,10.2356,0.0,0.0,0.0,0.0,10.235599999999998,0.08020000000000001,10.315799999999998,10.3123
2760,0.2532,0.0022,0.2553,0.046,0.9917743830787307,0.008617312965139052,13.9023,1.3333,14.9023,1.0,0.0,0.0,0.0,14.902300000000002,1.3333,16.2356,16.2331
2761,0.0963,0.0001,0.0964,0.0174,0.9989626556016598,0.001037344398340249,5.1174,0.0537,7.1176,2.0002,0.0,0.0,0.0,7.1175999999999995,0.053700000000000005,7.1713,7.1736
2762,0.1014,0.0001,0.1015,0.0183,0.9990147783251231,0.0009852216748768472,5.8662,0.0444,6.8662,1.0,0.0,0.0,0.0,6.866199999999999,0.0444,6.9106,6.907
2763,0.1096,0.0001,0.1097,0.0197,0.999088422971741,0.0009115770282588879,6.2298,0.0528,6.2303,0.0005,0.0,0.0,0.0,6.2303,0.0528,6.2831,6.2844
2764,0.2322,0.0005,0.2327,0.0419,0.9978513107004727,0.0021486892995272885,13.1994,0.2975,13.1991,0.0,0.0,0.0,0.0,13.199099999999998,0.2975,13.496599999999997,13.4933
2765,0.1332,0.0,0.1332,0.024,1.0,0.0,7.0758,0.0047,7.0761,0.0003,0.0,0.0,0.0,7.076099999999999,0.0047,7.080799999999999,7.0856
2766,0.1288,0.0075,0.1363,0.0245,0.9449743213499633,0.05502567865003668,7.0722,4.712,7.0722,0.0,0.0,0.0,0.0,7.0722000000000005,4.712,11.7842,11.7818
2767,0.1266,0.0173,0.1439,0.0259,0.8797776233495482,0.1202223766504517,7.0722,10.4695,7.0722,0.0,0.0,0.0,0.0,7.0722000000000005,10.4695,17.5417,17.5418
2768,0.1832,0.0002,0.1834,0.033,0.9989094874591058,0.0010905125408942203,10.2357,0.1278,10.2352,0.0,0.0,0.0,0.0,10.235199999999999,0.1278,10.363,10.3664
2769,0.1932,0.0001,0.1932,0.0348,1.0,0.0005175983436853002,10.6083,0.0376,10.6083,0.0,0.0,0.0,0.0,10.6083,0.0376,10.6459,10.6425
2770,0.2037,0.0017,0.2054,0.037,0.9917234664070107,0.008276533592989289,11.1879,0.995,11.1879,0.0,0.0,0.0,0.0,11.1879,0.9949999999999999,12.1829,12.1859
2771,0.1085,0.0001,0.1086,0.0196,0.9990791896869244,0.0009208103130755065,6.3927,0.0592,6.393,0.0003,0.0,0.0,0.0,6.393000000000001,0.0592,6.4522,6.4479
2772,0.1851,0.0,0.1851,0.0333,1.0,0.0,10.9026,0.0127,10.9027,0.0001,0.0,0.0,0.0,10.902700000000001,0.0127,10.915400000000002,10.9163
2773,0.0734,0.0,0.0734,0.0132,1.0,0.0,4.2453,0.0109,4.2456,0.0003,0.0,0.0,0.0,4.2456000000000005,0.0109,4.256500000000001,4.2543
2774,0.1625,0.0001,0.1626,0.0293,0.9993849938499386,0.0006150061500615006,8.4915,0.1028,8.4913,0.0,0.0,0.0,0.0,8.4913,0.1028,8.594100000000001,8.5954
2775,0.1465,0.0109,0.1574,0.0283,0.9307496823379923,0.06925031766200762,8.1819,6.7348,8.1819,0.0,0.0,0.0,0.0,8.1819,6.7348,14.9167,14.9142
2776,0.1657,0.0056,0.1714,0.0308,0.9667444574095682,0.03267211201866978,9.5895,3.3499,10.5895,1.0,0.0,0.0,0.0,10.589500000000001,3.3499,13.939400000000001,13.9441
2777,0.0801,0.0,0.0801,0.0144,1.0,0.0,4.4001,0.0053,4.3998,0.0,0.0,0.0,0.0,4.3998,0.005300000000000001,4.4051,4.4028
2778,0.1077,0.0,0.1077,0.0194,1.0,0.0,6.2298,0.0269,6.2302,0.0004,0.0,0.0,0.0,6.230200000000001,0.0269,6.257100000000001,6.2537
2779,0.1066,0.0,0.1066,0.0192,1.0,0.0,5.661,0.0227,5.6609,0.0,0.0,0.0,0.0,5.6609,0.0227,5.6836,5.6825
2780,0.154,0.0002,0.1542,0.0278,0.9987029831387808,0.0012970168612191958,8.1819,0.1213,8.1819,0.0,0.0,0.0,0.0,8.1819,0.12129999999999999,8.3032,8.304
2781,0.1583,0.0,0.1583,0.0285,1.0,0.0,8.8407,0.0104,8.8404,0.0,0.0,0.0,0.0,8.8404,0.0104,8.850800000000001,8.8544
2782,0.1909,0.0003,0.1912,0.0344,0.9984309623430961,0.0015690376569037654,9.8181,0.2048,9.8182,0.0001,0.0,0.0,0.0,9.8182,0.20479999999999998,10.023,10.0238
2783,0.1527,0.0017,0.1544,0.0278,0.9889896373056994,0.011010362694300517,8.5293,1.0151,8.5295,0.0002,0.0,0.0,0.0,8.529499999999999,1.0151,9.544599999999999,9.5397
2784,0.1502,0.0002,0.1504,0.0271,0.9986702127659574,0.0013297872340425532,8.6886,0.1355,8.6891,0.0005,0.0,0.0,0.0,8.6891,0.13549999999999998,8.8246,8.8238
2785,0.0596,0.0053,0.0649,0.0117,0.9183359013867488,0.08166409861325116,3.2724,3.5626,4.2728,1.0004,0.0,0.0,0.0,4.2728,3.5626,7.8354,7.8391
2786,0.0538,0.0002,0.054,0.0097,0.9962962962962963,0.003703703703703704,3.1149,0.102,3.1152,0.0003,0.0,0.0,0.0,3.1152,0.102,3.2172,3.2125
2787,0.1048,0.0011,0.1059,0.0191,0.9896128423040605,0.010387157695939567,5.661,0.7189,5.6608,0.0,0.0,0.0,0.0,5.6608,0.7189000000000001,6.3797,6.3799
2788,0.1195,0.0,0.1195,0.0215,1.0,0.0,6.795,0.0039,6.7949,0.0,0.0,0.0,0.0,6.794899999999999,0.0039,6.798799999999999,6.8007
2789,0.2489,0.0065,0.2554,0.046,0.9745497259201252,0.025450274079874702,13.9023,4.1436,13.9023,0.0,0.0,0.0,0.0,13.9023,4.1436,18.0459,18.0464
2790,0.1435,0.0059,0.1493,0.0269,0.9611520428667113,0.03951774949765573,8.154,3.7987,8.1539,0.0,0.0,0.0,0.0,8.1539,3.7987,11.9526,11.9532
2791,0.1152,0.0146,0.1298,0.0234,0.8875192604006163,0.11248073959938366,6.5457,8.7009,6.5457,0.0,0.0,0.0,0.0,6.545699999999999,8.700899999999999,15.246599999999997,15.2436
2792,0.0611,0.0001,0.0612,0.011,0.9983660130718955,0.0016339869281045752,3.4119,0.0571,3.4118,0.0,0.0,0.0,0.0,3.4118000000000004,0.057100000000000005,3.4689000000000005,3.4686
2793,0.1553,0.003,0.1583,0.0285,0.9810486418193304,0.018951358180669616,8.5293,2.0216,8.5293,0.0,0.0,0.0,0.0,8.5293,2.0216,10.550899999999999,10.5542
2794,0.0901,0.0002,0.0903,0.0163,0.9977851605758582,0.0022148394241417496,5.2137,0.1071,5.2135,0.0,0.0,0.0,0.0,5.2135,0.1071,5.3206,5.3244
2795,0.1717,0.0001,0.1718,0.0309,0.99941792782305,0.0005820721769499418,9.5895,0.0594,9.5896,0.0001,0.0,0.0,0.0,9.5896,0.0594,9.649000000000001,9.6516
2796,0.0525,0.0097,0.0622,0.0112,0.8440514469453376,0.15594855305466238,2.9331,6.2301,2.9332,0.0001,0.0,0.0,0.0,2.9332000000000003,6.230099999999999,9.1633,9.1609
2797,0.2227,0.0007,0.2234,0.0402,0.9968666069829902,0.003133393017009848,11.4543,0.4351,11.4546,0.0003,0.0,0.0,0.0,11.4546,0.4351,11.8897,11.8909
2798,0.0588,0.0001,0.0589,0.0106,0.99830220713073,0.001697792869269949,3.3444,0.0705,3.3444,0.0,0.0,0.0,0.0,3.3444,0.0705,3.4149,3.4162
2799,0.1332,0.0021,0.1353,0.0244,0.9844789356984479,0.015521064301552106,7.0758,1.2915,7.0761,0.0003,0.0,0.0,0.0,7.076099999999999,1.2915,8.3676,8.3658
2800,0.2477,0.0138,0.2616,0.0471,0.9468654434250765,0.05275229357798165,13.3776,8.2515,13.3773,0.0,0.0,0.0,0.0,13.377299999999998,8.2515,21.6288,21.6319
2801,0.1222,0.0001,0.1223,0.022,0.9991823385118561,0.0008176614881439084,7.0722,0.0431,7.0722,0.0,0.0,0.0,0.0,7.0722000000000005,0.0431,7.1153,7.1109
2802,0.2308,0.0,0.2308,0.0415,1.0,0.0,12.4605,0.0062,12.4604,0.0,0.0,0.0,0.0,12.4604,0.006200000000000001,12.4666,12.4709
2803,0.0799,0.0002,0.0801,0.0144,0.9975031210986266,0.0024968789013732834,4.5414,0.1028,4.5414,0.0,0.0,0.0,0.0,4.5414,0.1028,4.6442000000000005,4.6431
2804,0.2204,0.0143,0.2347,0.0423,0.9390711546655306,0.06092884533446954,11.7054,9.7262,12.7051,0.9997,0.0,0.0,0.0,12.705099999999998,9.7262,22.4313,22.4296
2805,0.0561,0.001,0.0571,0.0103,0.9824868651488616,0.017513134851138354,3.0276,0.6279,3.0277,0.0001,0.0,0.0,0.0,3.0277,0.6279,3.6555999999999997,3.6577
2806,0.0773,0.0,0.0773,0.0139,1.0,0.0,4.2453,0.0098,4.2454,0.0001,0.0,0.0,0.0,4.2454,0.009800000000000001,4.2552,4.251
2807,0.1131,0.0004,0.1135,0.0204,0.9964757709251102,0.003524229074889868,6.5457,0.2429,6.5457,0.0,0.0,0.0,0.0,6.545699999999999,0.2429,6.788599999999999,6.7876
2808,0.0523,0.0002,0.0526,0.0095,0.9942965779467681,0.0038022813688212928,3.0276,0.134,3.0276,0.0,0.0,0.0,0.0,3.0275999999999996,0.134,3.1615999999999995,3.1597
2809,0.1077,0.0001,0.1077,0.0194,1.0,0.0009285051067780873,6.2298,0.0453,6.2301,0.0003,0.0,0.0,0.0,6.230100000000001,0.04529999999999999,6.275400000000001,6.2723
2810,0.1223,0.003,0.1253,0.0225,0.9760574620909818,0.023942537909018357,6.9516,2.0719,7.9512,0.9996,0.0,0.0,0.0,7.951199999999999,2.0719,10.0231,10.0217
2811,0.2353,0.0026,0.2379,0.0428,0.9890710382513661,0.01092896174863388,13.3776,1.6625,13.3773,0.0,0.0,0.0,0.0,13.377299999999998,1.6625,15.039799999999998,15.0397
2812,0.1448,0.0001,0.1449,0.0261,0.9993098688750863,0.0006901311249137336,8.6886,0.0734,8.6888,0.0002,0.0,0.0,0.0,8.6888,0.07339999999999999,8.7622,8.7587
2813,0.2028,0.0001,0.2029,0.0365,0.9995071463775259,0.0004928536224741252,11.7324,0.0476,11.7326,0.0002,0.0,0.0,0.0,11.732600000000001,0.0476,11.7802,11.7831
2814,0.1288,0.0006,0.1294,0.0233,0.9953632148377126,0.00463678516228748,7.0758,0.3589,7.0762,0.0004,0.0,0.0,0.0,7.0762,0.3589,7.4351,7.432
2815,0.0612,0.0004,0.0616,0.0111,0.9935064935064934,0.006493506493506494,3.1968,0.245,3.1967,0.0,0.0,0.0,0.0,3.1967,0.24499999999999997,3.4417,3.4386
2816,0.2505,0.0001,0.2506,0.0451,0.9996009577015164,0.0003990422984836393,13.0905,0.0595,13.0907,0.0002,0.0,0.0,0.0,13.090699999999998,0.0595,13.150199999999998,13.1532
2817,0.2115,0.0009,0.2124,0.0382,0.9957627118644067,0.00423728813559322,12.4605,0.5421,12.4604,0.0,0.0,0.0,0.0,12.4604,0.5421,13.0025,13.0047
2818,0.1711,0.0006,0.1717,0.0309,0.9965055329062319,0.0034944670937682,8.7993,0.3668,8.7994,0.0001,0.0,0.0,0.0,8.7994,0.3668,9.1662,9.163
2819,0.2489,0.0008,0.2497,0.0449,0.9967961553864638,0.0032038446135362435,13.9023,0.5475,13.9023,0.0,0.0,0.0,0.0,13.9023,0.5475,14.4498,14.4518
2820,0.1851,0.0004,0.1855,0.0334,0.997843665768194,0.00215633423180593,10.9026,0.244,11.9027,1.0001,0.0,0.0,0.0,11.9027,0.244,12.1467,12.1479
2821,0.1927,0.0,0.1927,0.0347,1.0,0.0,10.2357,0.018,10.2352,0.0,0.0,0.0,0.0,10.235199999999999,0.018,10.2532,10.2522
2822,0.1332,0.0017,0.1349,0.0243,0.9873980726464049,0.012601927353595256,7.0758,1.0974,7.0761,0.0003,0.0,0.0,0.0,7.0761,1.0974,8.1735,8.1755
2823,0.0577,0.0,0.0577,0.0104,1.0,0.0,3.1149,0.0264,3.1151,0.0002,0.0,0.0,0.0,3.1151000000000004,0.0264,3.1415000000000006,3.139
2824,0.2308,0.0001,0.2308,0.0415,1.0,0.00043327556325823227,12.4605,0.0319,12.4605,0.0,0.0,0.0,0.0,12.4605,0.0319,12.4924,12.4966
2825,0.1732,0.0005,0.1737,0.0313,0.9971214738054116,0.0028785261945883708,9.513,0.3127,9.5128,0.0,0.0,0.0,0.0,9.5128,0.3127,9.8255,9.8228
2826,0.2445,0.0118,0.2563,0.0461,0.9539602028872416,0.04603979711275849,14.1444,8.0522,14.1444,0.0,0.0,0.0,0.0,14.144400000000001,8.052200000000001,22.196600000000004,22.193
2827,0.059,0.008,0.067,0.0121,0.880597014925373,0.11940298507462686,3.4758,4.8115,3.4755,0.0,0.0,0.0,0.0,3.4755,4.8115,8.286999999999999,8.2904
2828,0.1023,0.0005,0.1029,0.0185,0.9941690962099125,0.004859086491739553,5.436,0.3395,5.436,0.0,0.0,0.0,0.0,5.436,0.3395,5.7755,5.7756
2829,0.2703,0.0036,0.2739,0.0493,0.9868565169769989,0.013143483023001097,15.6402,2.1767,15.6402,0.0,0.0,0.0,0.0,15.6402,2.1767,17.8169,17.8192
2830,0.0644,0.0036,0.068,0.0122,0.9470588235294117,0.05294117647058823,3.4758,2.1753,3.4755,0.0,0.0,0.0,0.0,3.4755,2.1753,5.6508,5.652
2831,0.2328,0.0004,0.2332,0.042,0.9982847341337908,0.0017152658662092626,12.1644,0.253,12.1646,0.0002,0.0,0.0,0.0,12.164599999999998,0.253,12.417599999999998,12.4223
2832,0.2178,0.0005,0.2183,0.0393,0.9977095739807604,0.0022904260192395786,12.1644,0.3317,13.1644,1.0,0.0,0.0,0.0,13.164399999999999,0.3317,13.496099999999998,13.4949
2833,0.2023,0.0027,0.205,0.0369,0.986829268292683,0.013170731707317074,11.7054,1.6942,14.7051,2.9997,0.0,0.0,0.0,14.705099999999998,1.6942,16.399299999999997,16.4017
2834,0.0822,0.0006,0.0828,0.0149,0.9927536231884058,0.007246376811594202,4.6728,0.3612,4.6725,0.0,0.0,0.0,0.0,4.672499999999999,0.3612,5.0337,5.0322
2835,0.1899,0.0135,0.2033,0.0366,0.9340875553369405,0.06640432857845548,10.4265,8.94,11.4267,1.0002,0.0,0.0,0.0,11.4267,8.94,20.3667,20.3619
2836,0.1657,0.0015,0.1672,0.0301,0.9910287081339713,0.00897129186602871,9.5895,0.9447,9.5897,0.0002,0.0,0.0,0.0,9.5897,0.9447,10.5344,10.5392
2837,0.1096,0.003,0.1126,0.0203,0.9733570159857904,0.02664298401420959,6.2298,1.7623,6.2301,0.0003,0.0,0.0,0.0,6.230100000000001,1.7623,7.992400000000001,7.9889
2838,0.0929,0.0115,0.1044,0.0188,0.8898467432950191,0.11015325670498083,5.0166,7.2378,7.0165,1.9999,0.0,0.0,0.0,7.016499999999999,7.2378,14.254299999999999,14.2495
2839,0.1995,0.0011,0.2006,0.0361,0.9945164506480558,0.005483549351944168,10.4265,0.66,11.4268,1.0003,0.0,0.0,0.0,11.4268,0.6599999999999999,12.0868,12.5861
2840,0.2132,0.0001,0.2132,0.0384,1.0,0.00046904315196998124,11.7054,0.0331,11.7047,0.0,0.0,0.0,0.0,11.704699999999999,0.0331,11.737799999999998,11.7365
2841,0.0828,0.0025,0.0853,0.0154,0.9706916764361079,0.029308323563892145,4.4001,1.4781,6.3999,1.9998,0.0,0.0,0.0,6.399900000000001,1.4781,7.878,7.8766
2842,0.1743,0.0071,0.1813,0.0326,0.9613899613899615,0.03916161059018202,9.9063,4.167,10.9064,1.0001,0.0,0.0,0.0,10.906400000000001,4.167,15.073400000000001,15.0703
2843,0.0966,0.0,0.0966,0.0174,1.0,0.0,5.3046,0.0212,5.3042,0.0,0.0,0.0,0.0,5.304200000000001,0.0212,5.325400000000001,5.3206
2844,0.0948,0.0,0.0948,0.0171,1.0,0.0,5.1174,0.031,5.1175,0.0001,0.0,0.0,0.0,5.1175,0.031,5.148499999999999,5.1525
2845,0.1378,0.0018,0.1396,0.0251,0.9871060171919771,0.012893982808022923,7.569,1.1482,8.5691,1.0001,0.0,0.0,0.0,8.569099999999999,1.1481999999999999,9.717299999999998,9.7137
2846,0.1834,0.0015,0.1849,0.0333,0.991887506760411,0.008112493239588967,10.4265,0.9585,11.4268,1.0003,0.0,0.0,0.0,11.4268,0.9584999999999999,12.3853,12.3886
2847,0.198,0.0006,0.1985,0.0357,0.9974811083123426,0.0030226700251889164,10.872,0.3207,10.8719,0.0,0.0,0.0,0.0,10.871899999999998,0.3207,11.192599999999999,11.1878
2848,0.1514,0.0,0.1514,0.0273,1.0,0.0,7.7877,0.0062,7.7877,0.0,0.0,0.0,0.0,7.787699999999999,0.006200000000000001,7.793899999999999,7.7978
2849,0.1946,0.0001,0.1947,0.035,0.9994863893168977,0.0005136106831022085,10.872,0.0402,10.8718,0.0,0.0,0.0,0.0,10.871799999999999,0.0402,10.911999999999999,10.9074
2850,0.0586,0.0002,0.0587,0.0106,0.9982964224872232,0.0034071550255536627,3.2724,0.1028,5.2728,2.0004,0.0,0.0,0.0,5.2728,0.1028,5.3756,5.3765
2851,0.1818,0.0,0.1818,0.0327,1.0,0.0,9.8181,0.007,9.8181,0.0,0.0,0.0,0.0,9.8181,0.007000000000000001,9.825099999999999,9.8222
2852,0.0873,0.0,0.0873,0.0157,1.0,0.0,4.7952,0.0078,4.7949,0.0,0.0,0.0,0.0,4.7949,0.0078000000000000005,4.8027,4.8006
2853,0.1827,0.0002,0.1829,0.0329,0.9989065062875888,0.0010934937124111536,10.0332,0.1206,10.033,0.0,0.0,0.0,0.0,10.032999999999998,0.1206,10.153599999999997,10.158
2854,0.2368,0.0068,0.2436,0.0438,0.9720853858784894,0.02791461412151067,12.7863,4.2375,12.7862,0.0,0.0,0.0,0.0,12.786200000000001,4.2375,17.0237,17.0245
2855,0.0561,0.0,0.0561,0.0101,1.0,0.0,3.0276,0.025,3.0276,0.0,0.0,0.0,0.0,3.0275999999999996,0.024999999999999998,3.0525999999999995,3.0515
2856,0.0858,0.0001,0.086,0.0155,0.9976744186046512,0.0011627906976744188,4.7952,0.0888,4.7948,0.0,0.0,0.0,0.0,4.7948,0.0888,4.8836,4.8838
2857,0.1445,0.0,0.1445,0.026,1.0,0.0,8.361,0.0067,8.3609,0.0,0.0,0.0,0.0,8.3609,0.006700000000000001,8.367600000000001,8.3638
2858,0.0788,0.0,0.0788,0.0142,1.0,0.0,4.4001,0.0138,4.3996,0.0,0.0,0.0,0.0,4.3996,0.013800000000000002,4.4134,4.418
2859,0.1848,0.0,0.1849,0.0333,0.9994591671173606,0.0,9.8181,0.0088,9.8181,0.0,0.0,0.0,0.0,9.8181,0.0088,9.8269,9.8281
2860,0.1804,0.0,0.1804,0.0325,1.0,0.0,9.9063,0.0063,9.9066,0.0003,0.0,0.0,0.0,9.906600000000001,0.0063,9.9129,9.9124
2861,0.1766,0.0002,0.1768,0.0318,0.998868778280543,0.0011312217194570135,9.0828,0.1541,9.0828,0.0,0.0,0.0,0.0,9.0828,0.15410000000000001,9.2369,9.2358
2862,0.1058,0.0,0.1058,0.019,1.0,0.0,6.2298,0.0062,6.2302,0.0004,0.0,0.0,0.0,6.2302,0.006200000000000001,6.2364,6.2395
2863,0.0898,0.0032,0.093,0.0167,0.9655913978494625,0.034408602150537634,5.0166,1.9559,5.0165,0.0,0.0,0.0,0.0,5.0165,1.9559000000000002,6.9724,6.9757
2864,0.0572,0.0064,0.0636,0.0114,0.8993710691823898,0.10062893081761007,3.1968,4.0779,3.1964,0.0,0.0,0.0,0.0,3.1964,4.0779000000000005,7.2743,7.2738
2865,0.1644,0.0,0.1644,0.0296,1.0,0.0,9.513,0.0167,9.5129,0.0,0.0,0.0,0.0,9.5129,0.0167,9.5296,9.5255
2866,0.2336,0.0001,0.2337,0.0421,0.9995721009841678,0.00042789901583226365,14.0184,0.0573,14.0181,0.0,0.0,0.0,0.0,14.0181,0.057300000000000004,14.0754,14.074
2867,0.0851,0.0045,0.0896,0.0161,0.9497767857142857,0.05022321428571428,4.6728,3.0286,4.6728,0.0,0.0,0.0,0.0,4.6728,3.0286,7.7014,7.7051
2868,0.1901,0.0003,0.1904,0.0343,0.998424369747899,0.0015756302521008402,10.2663,0.2037,10.2661,0.0,0.0,0.0,0.0,10.2661,0.2037,10.4698,10.4696
2869,0.0626,0.0,0.0627,0.0113,0.9984051036682615,0.0,3.2724,0.0298,3.2728,0.0004,0.0,0.0,0.0,3.2728,0.0298,3.3026,3.3056
2870,0.0995,0.0003,0.0998,0.018,0.996993987975952,0.0030060120240480957,5.1174,0.2122,5.1178,0.0004,0.0,0.0,0.0,5.117799999999999,0.21220000000000003,5.329999999999999,5.3268
2871,0.0578,0.0063,0.0641,0.0115,0.9017160686427456,0.09828393135725429,3.3444,3.678,3.3443,0.0,0.0,0.0,0.0,3.3442999999999996,3.6779999999999995,7.0222999999999995,7.0208
2872,0.1111,0.0002,0.1113,0.02,0.9982030548068285,0.0017969451931716084,6.5457,0.1318,6.5454,0.0,0.0,0.0,0.0,6.545399999999999,0.1318,6.677199999999999,6.6772
2873,0.2167,0.0011,0.2178,0.0392,0.994949494949495,0.005050505050505051,11.322,0.7331,11.3219,0.0,0.0,0.0,0.0,11.3219,0.7331,12.055,12.0523
2874,0.0898,0.0137,0.1035,0.0186,0.867632850241546,0.13236714975845412,5.0166,9.0869,5.0163,0.0,0.0,0.0,0.0,5.016299999999999,9.0869,14.1032,14.1052
2875,0.1963,0.001,0.1973,0.0355,0.994931576279777,0.00506842372022301,10.4265,0.58,10.4268,0.0003,0.0,0.0,0.0,10.4268,0.58,11.0068,11.0025
2876,0.0996,0.0,0.0996,0.0179,1.0,0.0,5.8662,0.0064,5.8662,0.0,0.0,0.0,0.0,5.8662,0.0064,5.8726,5.8761
2877,0.1266,0.0,0.1266,0.0228,1.0,0.0,7.0722,0.0164,7.0722,0.0,0.0,0.0,0.0,7.0722000000000005,0.0164,7.0886000000000005,7.0927
2878,0.2401,0.0,0.2401,0.0432,1.0,0.0,13.6467,0.0275,13.6468,0.0001,0.0,0.0,0.0,13.646799999999999,0.0275,13.674299999999999,13.6775
2879,0.2231,0.0137,0.2368,0.0426,0.9421452702702702,0.05785472972972973,12.4605,8.1932,14.4605,2.0,0.0,0.0,0.0,14.4605,8.193200000000001,22.6537,22.6551
2880,0.1818,0.0001,0.1819,0.0327,0.999450247388675,0.0005497526113249038,9.8181,0.0549,9.8182,0.0001,0.0,0.0,0.0,9.8182,0.054900000000000004,9.873099999999999,9.8765
2881,0.0533,0.0087,0.062,0.0112,0.8596774193548388,0.1403225806451613,3.0276,5.613,3.0276,0.0,0.0,0.0,0.0,3.0275999999999996,5.6129999999999995,8.6406,8.6407
2882,0.0898,0.0038,0.0936,0.0168,0.9594017094017094,0.0405982905982906,5.0166,2.2343,5.0166,0.0,0.0,0.0,0.0,5.0166,2.2342999999999997,7.2509,7.2511
2883,0.2101,0.0016,0.2117,0.0381,0.9924421350968352,0.007557864903164856,12.3768,1.0819,12.3766,0.0,0.0,0.0,0.0,12.3766,1.0819,13.4585,13.4555
2884,0.1548,0.0031,0.1579,0.0284,0.9803673210892969,0.019632678910702975,8.361,1.8523,8.3608,0.0,0.0,0.0,0.0,8.3608,1.8523,10.213099999999999,10.2157
2885,0.1838,0.0,0.1838,0.0331,1.0,0.0,10.2663,0.025,11.2663,1.0,0.0,0.0,0.0,11.266300000000001,0.024999999999999994,11.291300000000001,11.2925
2886,0.1335,0.004,0.1375,0.0247,0.9709090909090908,0.02909090909090909,7.3332,2.442,7.3331,0.0,0.0,0.0,0.0,7.3331,2.4419999999999997,9.7751,9.7746
2887,0.1273,0.0013,0.1286,0.0231,0.989891135303266,0.01010886469673406,6.5457,0.8382,6.5455,0.0,0.0,0.0,0.0,6.545499999999999,0.8382000000000001,7.383699999999999,7.3857
2888,0.193,0.0001,0.1931,0.0348,0.9994821336095288,0.0005178663904712585,10.5966,0.0811,10.5967,0.0001,0.0,0.0,0.0,10.5967,0.0811,10.6778,10.6758
2889,0.171,0.0001,0.1711,0.0308,0.9994155464640562,0.0005844535359438925,9.0828,0.0497,9.0828,0.0,0.0,0.0,0.0,9.0828,0.0497,9.1325,9.1323
2890,0.1244,0.0001,0.1245,0.0224,0.9991967871485944,0.0008032128514056225,7.0722,0.0509,7.0722,0.0,0.0,0.0,0.0,7.0722000000000005,0.05090000000000001,7.123100000000001,7.1234
2891,0.0948,0.0018,0.0965,0.0174,0.9823834196891191,0.01865284974093264,5.1174,1.0182,6.1176,1.0002,0.0,0.0,0.0,6.1175999999999995,1.0182,7.1358,7.1324
2892,0.1804,0.0,0.1804,0.0325,1.0,0.0,9.9063,0.0091,9.9066,0.0003,0.0,0.0,0.0,9.906600000000001,0.009099999999999999,9.915700000000001,9.9121
2893,0.1702,0.0129,0.1831,0.033,0.9295466957946477,0.07045330420535226,9.3456,7.3819,9.3451,0.0,0.0,0.0,0.0,9.345099999999999,7.3819,16.726999999999997,16.73
2894,0.205,0.0,0.2051,0.0369,0.9995124329595318,0.0,11.4543,0.0167,11.4547,0.0004,0.0,0.0,0.0,11.454699999999999,0.0167,11.4714,11.4691
2895,0.1957,0.0005,0.1962,0.0353,0.9974515800203874,0.0025484199796126403,11.322,0.3204,11.3218,0.0,0.0,0.0,0.0,11.3218,0.3204,11.642199999999999,11.6375
2896,0.099,0.002,0.101,0.0182,0.9801980198019802,0.019801980198019802,5.436,1.2653,5.436,0.0,0.0,0.0,0.0,5.436,1.2652999999999999,6.7013,6.7
2897,0.2442,0.0027,0.2468,0.0444,0.9894651539708266,0.01094003241491086,14.3847,1.757,14.3844,0.0,0.0,0.0,0.0,14.384400000000001,1.757,16.1414,16.1408
2898,0.1582,0.0178,0.176,0.0317,0.8988636363636364,0.10113636363636364,8.6886,11.4301,10.689,2.0004,0.0,0.0,0.0,10.689,11.4301,22.1191,22.1187
2899,0.1218,0.0001,0.1219,0.0219,0.9991796554552913,0.0008203445447087777,6.6888,0.0292,6.6885,0.0,0.0,0.0,0.0,6.6884999999999994,0.0292,6.7177,6.7167
2900,0.1553,0.0008,0.1562,0.0281,0.9942381562099871,0.005121638924455826,8.5293,0.549,8.5293,0.0,0.0,0.0,0.0,8.5293,0.5489999999999999,9.078299999999999,9.0744
2901,0.0966,0.0018,0.0983,0.0177,0.982706002034588,0.018311291963377416,5.2137,1.1456,5.2136,0.0,0.0,0.0,0.0,5.2136,1.1456,6.3591999999999995,6.3546
2902,0.2509,0.0,0.251,0.0452,0.999601593625498,0.0,14.0184,0.0121,14.018,0.0,0.0,0.0,0.0,14.018,0.0121,14.030100000000001,14.0311
2903,0.0596,0.0148,0.0744,0.0134,0.8010752688172044,0.19892473118279572,3.2724,9.0236,3.2724,0.0,0.0,0.0,0.0,3.2723999999999998,9.0236,12.296,12.2999
2904,0.1084,0.0004,0.1088,0.0196,0.9963235294117647,0.0036764705882352945,6.0552,0.2436,6.0553,0.0001,0.0,0.0,0.0,6.0553,0.24359999999999998,6.2989,6.2948
2905,0.2848,0.0011,0.2859,0.0515,0.9961525008744316,0.003847499125568381,15.6402,0.7334,15.6402,0.0,0.0,0.0,0.0,15.6402,0.7333999999999999,16.3736,16.3747
2906,0.2363,0.0,0.2363,0.0425,1.0,0.0,13.1994,0.0169,13.1992,0.0,0.0,0.0,0.0,13.199199999999998,0.0169,13.216099999999997,13.2131
2907,0.2596,0.0025,0.2621,0.0472,0.9904616558565433,0.009538344143456697,14.0184,1.538,14.018,0.0,0.0,0.0,0.0,14.018,1.538,15.556000000000001,15.5583
2908,0.2346,0.005,0.2396,0.0431,0.9791318864774624,0.020868113522537562,12.4605,3.0268,13.4605,1.0,0.0,0.0,0.0,13.4605,3.0268,16.4873,16.4913
2909,0.1957,0.0003,0.1959,0.0353,0.9989790709545687,0.0015313935681470136,11.322,0.1742,11.3218,0.0,0.0,0.0,0.0,11.3218,0.1742,11.496,11.4974
2910,0.2799,0.0004,0.2804,0.0505,0.9982168330955777,0.0014265335235378034,15.9129,0.2614,15.9127,0.0,0.0,0.0,0.0,15.912700000000001,0.2614,16.1741,16.174
2911,0.0561,0.0095,0.0656,0.0118,0.8551829268292682,0.1448170731707317,3.0276,6.3292,3.0276,0.0,0.0,0.0,0.0,3.0275999999999996,6.329199999999999,9.3568,9.3577
2912,0.0616,0.0039,0.0655,0.0118,0.9404580152671755,0.059541984732824425,3.2724,2.365,3.2727,0.0003,0.0,0.0,0.0,3.2727,2.365,5.637700000000001,5.635
2913,0.1335,0.0083,0.1419,0.0255,0.9408033826638479,0.058491895701198025,7.3332,5.2926,7.3326,0.0,0.0,0.0,0.0,7.332599999999999,5.2926,12.6252,12.6232
2914,0.1096,0.0029,0.1125,0.0202,0.9742222222222222,0.025777777777777774,6.2298,1.892,6.23,0.0002,0.0,0.0,0.0,6.23,1.8920000000000001,8.122,8.1189
2915,0.1897,0.0003,0.19,0.0342,0.998421052631579,0.0015789473684210524,10.5966,0.1999,10.5966,0.0,0.0,0.0,0.0,10.5966,0.19989999999999997,10.7965,10.7998
2916,0.1625,0.0,0.1625,0.0293,1.0,0.0,8.4915,0.0058,8.4914,0.0,0.0,0.0,0.0,8.4914,0.0058000000000000005,8.497200000000001,8.4923
2917,0.2019,0.0024,0.2043,0.0368,0.988252569750367,0.01174743024963289,10.9026,1.6181,10.9028,0.0002,0.0,0.0,0.0,10.902800000000001,1.6181,12.520900000000001,12.5227
2918,0.1131,0.012,0.1252,0.0225,0.9033546325878594,0.09584664536741214,6.5457,7.1056,6.5454,0.0,0.0,0.0,0.0,6.545399999999999,7.105600000000001,13.651,13.6505
2919,0.09,0.0002,0.0902,0.0162,0.9977827050997782,0.0022172949002217295,5.1174,0.125,5.1176,0.0002,0.0,0.0,0.0,5.1175999999999995,0.125,5.2425999999999995,5.2434
2920,0.1144,0.006,0.1205,0.0217,0.9493775933609959,0.049792531120331954,6.3927,4.0222,7.3927,1.0,0.0,0.0,0.0,7.3927,4.0222,11.4149,11.4189
2921,0.0966,0.0009,0.0975,0.0176,0.9907692307692307,0.00923076923076923,5.3046,0.6389,6.3041,0.9995,0.0,0.0,0.0,6.304100000000001,0.6389,6.943000000000001,6.9407
2922,0.1858,0.0008,0.1866,0.0336,0.9957127545551984,0.004287245444801716,10.0332,0.4588,10.0328,0.0,0.0,0.0,0.0,10.0328,0.45880000000000004,10.4916,10.4896
2923,0.182,0.0009,0.183,0.0329,0.994535519125683,0.0049180327868852455,9.513,0.5671,9.5129,0.0,0.0,0.0,0.0,9.5129,0.5671,10.08,10.0819
2924,0.1865,0.0001,0.1866,0.0336,0.9994640943193999,0.0005359056806002145,11.1879,0.0568,11.1879,0.0,0.0,0.0,0.0,11.1879,0.0568,11.244700000000002,11.2444
2925,0.2227,0.0001,0.2228,0.0401,0.9995511669658887,0.0004488330341113106,12.231,0.04,12.2306,0.0,0.0,0.0,0.0,12.2306,0.04000000000000001,12.2706,12.271
2926,0.2292,0.0017,0.2309,0.0416,0.992637505413599,0.0073624945864010395,12.3768,1.0245,12.3763,0.0,0.0,0.0,0.0,12.3763,1.0245,13.4008,13.4058
2927,0.0498,0.004,0.0538,0.0097,0.9256505576208178,0.07434944237918216,2.8305,2.3879,2.8304,0.0,0.0,0.0,0.0,2.8304,2.3879,5.2183,5.2219
2928,0.1134,0.01,0.1234,0.0222,0.9189627228525122,0.08103727714748785,6.2298,7.0393,6.2302,0.0004,0.0,0.0,0.0,6.230200000000001,7.0393,13.2695,13.2722
2929,0.236,0.0011,0.2371,0.0427,0.9953606073386756,0.004639392661324336,13.9023,0.6589,13.9023,0.0,0.0,0.0,0.0,13.9023,0.6589,14.5612,14.5593
2930,0.1895,0.0037,0.1932,0.0348,0.9808488612836439,0.019151138716356108,10.2357,2.2333,10.2354,0.0,0.0,0.0,0.0,10.235399999999998,2.2333,12.468699999999998,12.4733
2931,0.1023,0.0001,0.1024,0.0184,0.9990234375,0.0009765625,5.436,0.0341,5.4359,0.0,0.0,0.0,0.0,5.435899999999999,0.0341,5.469999999999999,5.4654
2932,0.1084,0.0017,0.1101,0.0198,0.9845594913714804,0.015440508628519527,6.0552,1.0331,6.0552,0.0,0.0,0.0,0.0,6.055199999999999,1.0331000000000001,7.088299999999999,7.0877
2933,0.114,0.0,0.114,0.0205,1.0,0.0,6.0552,0.0127,6.0552,0.0,0.0,0.0,0.0,6.055199999999999,0.0127,6.067899999999999,6.0636
2934,0.2131,0.0003,0.2134,0.0384,0.9985941893158389,0.0014058106841611994,12.7863,0.2066,12.7862,0.0,0.0,0.0,0.0,12.786200000000001,0.20659999999999998,12.9928,12.9916
2935,0.1901,0.0012,0.1913,0.0344,0.993727130162049,0.006272869837950862,10.2663,0.8487,10.2661,0.0,0.0,0.0,0.0,10.2661,0.8487000000000001,11.1148,11.1099
2936,0.1858,0.0006,0.1864,0.0336,0.9967811158798282,0.0032188841201716734,10.0332,0.4352,10.0327,0.0,0.0,0.0,0.0,10.032699999999998,0.43520000000000003,10.467899999999998,10.4704
2937,0.229,0.0,0.229,0.0412,1.0,0.0,12.1644,0.007,12.1644,0.0,0.0,0.0,0.0,12.164399999999999,0.007,12.171399999999998,12.1747
2938,0.1731,0.012,0.1851,0.0333,0.9351701782820098,0.06482982171799029,9.3456,7.4594,9.3453,0.0,0.0,0.0,0.0,9.345299999999998,7.4594000000000005,16.804699999999997,16.8011
2939,0.1285,0.003,0.1315,0.0237,0.9771863117870723,0.022813688212927757,6.8238,1.8751,6.8234,0.0,0.0,0.0,0.0,6.8234,1.8751000000000002,8.698500000000001,8.6964
2940,0.0633,0.0005,0.0638,0.0115,0.9921630094043887,0.007836990595611286,3.5361,0.3141,3.5361,0.0,0.0,0.0,0.0,3.5361000000000002,0.3141,3.8502,3.855
2941,0.1077,0.0,0.1077,0.0194,1.0,0.0,6.2298,0.0059,6.2302,0.0004,0.0,0.0,0.0,6.2302,0.005900000000000001,6.2360999999999995,6.2351
2942,0.2446,0.0,0.2446,0.044,1.0,0.0,13.9023,0.0188,13.9023,0.0,0.0,0.0,0.0,13.9023,0.0188,13.921100000000001,13.9185
2943,0.2485,0.0148,0.2633,0.0474,0.9437903532092671,0.05620964679073301,13.6467,9.5947,13.6469,0.0002,0.0,0.0,0.0,13.6469,9.5947,23.2416,23.2386
2944,0.1884,0.0052,0.1936,0.0349,0.9731404958677687,0.026859504132231406,10.9026,3.2961,11.9028,1.0002,0.0,0.0,0.0,11.902800000000001,3.2961,15.198900000000002,15.1958
2945,0.1927,0.0029,0.1956,0.0352,0.9851738241308794,0.014826175869120654,10.2357,1.8976,11.2353,0.9996,0.0,0.0,0.0,11.235299999999999,1.8976,13.1329,13.1342
2946,0.2231,0.0012,0.2243,0.0404,0.9946500222915737,0.005349977708426214,12.4605,0.8118,13.4605,1.0,0.0,0.0,0.0,13.4605,0.8118000000000001,14.2723,14.2718
2947,0.2215,0.0027,0.2242,0.0404,0.987957181088314,0.012042818911685994,12.1644,1.6861,12.1644,0.0,0.0,0.0,0.0,12.164399999999999,1.6861000000000002,13.850499999999998,13.8465
2948,0.177,0.0,0.177,0.0319,1.0,0.0,10.4265,0.0247,10.4268,0.0003,0.0,0.0,0.0,10.4268,0.0247,10.4515,10.4541
2949,0.1527,0.0,0.1527,0.0275,1.0,0.0,8.5293,0.0142,8.5293,0.0,0.0,0.0,0.0,8.5293,0.0142,8.5435,8.5406
2950,0.1985,0.0054,0.204,0.0367,0.9730392156862746,0.02647058823529412,10.9026,3.1798,10.9029,0.0003,0.0,0.0,0.0,10.9029,3.1797999999999997,14.0827,14.0835
2951,0.2209,0.0005,0.2214,0.0399,0.9977416440831075,0.002258355916892502,11.7324,0.3204,11.7326,0.0002,0.0,0.0,0.0,11.732600000000001,0.32039999999999996,12.053,12.0511
2952,0.2446,0.0077,0.2523,0.0454,0.9694807768529528,0.030519223147047164,13.9023,4.5719,13.9023,0.0,0.0,0.0,0.0,13.9023,4.5719,18.4742,18.4711
2953,0.2056,0.0025,0.2081,0.0375,0.9879865449303219,0.012013455069678039,12.1104,1.501,12.1107,0.0003,0.0,0.0,0.0,12.1107,1.501,13.611699999999999,13.6113
2954,0.0558,0.0011,0.0568,0.0102,0.9823943661971831,0.01936619718309859,3.1149,0.6719,4.1151,1.0002,0.0,0.0,0.0,4.1151,0.6719,4.787,4.7876
2955,0.1899,0.0,0.1899,0.0342,1.0,0.0,10.4265,0.0087,10.4266,0.0001,0.0,0.0,0.0,10.4266,0.0087,10.4353,10.4364
2956,0.0621,0.0101,0.0722,0.013,0.8601108033240997,0.13988919667590027,3.4119,6.6364,3.4117,0.0,0.0,0.0,0.0,3.4116999999999997,6.6364,10.0481,10.045
2957,0.2065,0.0,0.2065,0.0372,1.0,0.0,12.1644,0.009,12.1646,0.0002,0.0,0.0,0.0,12.164599999999998,0.009000000000000001,12.173599999999999,12.1726
2958,0.1918,0.0091,0.2009,0.0362,0.9547038327526133,0.04529616724738676,10.9026,5.7249,10.9029,0.0003,0.0,0.0,0.0,10.9029,5.7249,16.6278,16.632
2959,0.2526,0.004,0.2566,0.0462,0.9844115354637568,0.01558846453624318,13.1994,2.5715,13.1991,0.0,0.0,0.0,0.0,13.199099999999998,2.5715,15.770599999999998,15.7744
2960,0.1796,0.003,0.1826,0.0329,0.9835706462212486,0.01642935377875137,10.0332,1.9036,10.0331,0.0,0.0,0.0,0.0,10.0331,1.9036,11.936699999999998,11.9388
2961,0.0478,0.0034,0.0512,0.0092,0.93359375,0.06640625,2.718,2.0645,2.718,0.0,0.0,0.0,0.0,2.718,2.0645000000000002,4.782500000000001,4.7837
2962,0.0793,0.0009,0.0801,0.0144,0.9900124843945067,0.011235955056179775,4.077,0.5209,4.077,0.0,0.0,0.0,0.0,4.077,0.5209,4.5979,4.5981
2963,0.2086,0.0023,0.2109,0.038,0.9890943575154102,0.010905642484589853,10.9026,1.4382,10.9026,0.0,0.0,0.0,0.0,10.9026,1.4382000000000001,12.3408,12.3372
2964,0.0849,0.0002,0.0851,0.0153,0.9976498237367804,0.002350176263219742,4.9095,0.133,4.9091,0.0,0.0,0.0,0.0,4.9091,0.133,5.0421,5.0425
2965,0.2466,0.0105,0.2571,0.0463,0.9591598599766629,0.040840140023337225,14.0184,6.442,17.0181,2.9997,0.0,0.0,0.0,17.0181,6.442,23.4601,23.4604
2966,0.2215,0.0022,0.2237,0.0403,0.9901654000894055,0.009834599910594547,12.1644,1.2791,12.1646,0.0002,0.0,0.0,0.0,12.164599999999998,1.2791000000000001,13.443699999999998,13.4452
2967,0.1626,0.0,0.1626,0.0293,1.0,0.0,9.0828,0.0103,9.0829,0.0001,0.0,0.0,0.0,9.0829,0.0103,9.093200000000001,9.0967
2968,0.0622,0.0,0.0622,0.0112,1.0,0.0,3.5361,0.0186,3.5362,0.0001,0.0,0.0,0.0,3.5362,0.018600000000000002,3.5548,3.5498
2969,0.2993,0.0007,0.3,0.054,0.9976666666666667,0.0023333333333333335,15.6402,0.4989,15.64,0.0,0.0,0.0,0.0,15.64,0.4989,16.1389,16.1437
2970,0.2576,0.0004,0.258,0.0464,0.9984496124031007,0.0015503875968992248,14.1444,0.259,14.1445,0.0001,0.0,0.0,0.0,14.1445,0.259,14.403500000000001,14.4074
2971,0.1445,0.0004,0.1449,0.0261,0.997239475500345,0.0027605244996549345,8.361,0.2698,9.3604,0.9994,0.0,0.0,0.0,9.3604,0.2698,9.6302,9.6294
2972,0.0461,0.0005,0.0467,0.0084,0.9871520342612421,0.010706638115631693,2.718,0.312,2.718,0.0,0.0,0.0,0.0,2.718,0.312,3.03,3.032
2973,0.1164,0.0121,0.1285,0.0231,0.9058365758754864,0.09416342412451362,6.3927,7.2964,6.393,0.0003,0.0,0.0,0.0,6.393000000000001,7.296399999999999,13.6894,13.6894
2974,0.192,0.0002,0.1922,0.0346,0.9989594172736732,0.001040582726326743,10.0332,0.1125,10.0331,0.0,0.0,0.0,0.0,10.0331,0.11249999999999999,10.1456,10.1486
2975,0.2138,0.002,0.2158,0.0388,0.9907321594068582,0.009267840593141799,11.9412,1.2707,12.9411,0.9999,0.0,0.0,0.0,12.9411,1.2707,14.2118,14.2164
2976,0.1913,0.0002,0.1915,0.0345,0.9989556135770234,0.0010443864229765013,10.872,0.1683,10.872,0.0,0.0,0.0,0.0,10.872,0.1683,11.0403,11.0405
2977,0.096,0.0,0.096,0.0173,1.0,0.0,5.0166,0.0101,5.0164,0.0,0.0,0.0,0.0,5.0164,0.0101,5.0265,5.0289
2978,0.0503,0.0036,0.0539,0.0097,0.9332096474953617,0.06679035250463822,2.718,2.3857,6.718,4.0,0.0,0.0,0.0,6.718,2.3857000000000004,9.1037,9.1052
2979,0.1667,0.0005,0.1672,0.0301,0.9970095693779905,0.00299043062200957,9.8181,0.3274,9.8183,0.0002,0.0,0.0,0.0,9.818299999999999,0.3274,10.1457,10.1408
2980,0.2701,0.0001,0.2702,0.0486,0.9996299037749815,0.00037009622501850485,15.3531,0.0369,15.3529,0.0,0.0,0.0,0.0,15.352899999999998,0.036899999999999995,15.389799999999997,15.3911
2981,0.0582,0.0003,0.0585,0.0105,0.9948717948717949,0.005128205128205127,3.1968,0.1985,3.1966,0.0,0.0,0.0,0.0,3.1966,0.19849999999999998,3.3951000000000002,3.3914
2982,0.1244,0.0001,0.1245,0.0224,0.9991967871485944,0.0008032128514056225,7.0722,0.0771,7.0722,0.0,0.0,0.0,0.0,7.0722000000000005,0.07709999999999999,7.1493,7.1464
2983,0.0869,0.0002,0.0871,0.0157,0.9977037887485649,0.002296211251435132,4.5414,0.1073,4.5415,0.0001,0.0,0.0,0.0,4.5415,0.10729999999999999,4.6488000000000005,4.6465
2984,0.1216,0.0064,0.128,0.023,0.95,0.05,6.795,3.9933,6.7949,0.0,0.0,0.0,0.0,6.794899999999999,3.9933,10.7882,10.7911
2985,0.1895,0.0033,0.1929,0.0347,0.9823742871954381,0.017107309486780718,10.2357,2.0516,10.2354,0.0,0.0,0.0,0.0,10.235399999999998,2.0516,12.286999999999999,12.2832
2986,0.0996,0.0067,0.1063,0.0191,0.9369708372530573,0.06302916274694262,5.661,4.6792,6.6609,0.9999,0.0,0.0,0.0,6.6609,4.679200000000001,11.3401,11.3396
2987,0.0914,0.0001,0.0914,0.0165,1.0,0.0010940919037199126,5.0166,0.0512,5.0164,0.0,0.0,0.0,0.0,5.0164,0.051199999999999996,5.0676,5.0628
2988,0.2254,0.001,0.2263,0.0407,0.9960229783473266,0.004418912947414936,12.3768,0.5939,12.3764,0.0,0.0,0.0,0.0,12.3764,0.5939000000000001,12.9703,12.9658
2989,0.2136,0.0037,0.2173,0.0391,0.9829728485964105,0.01702715140358951,11.7324,2.4288,11.7326,0.0002,0.0,0.0,0.0,11.732600000000001,2.4288000000000003,14.161400000000002,14.1578
2990,0.2121,0.0008,0.2129,0.0383,0.9962423673085956,0.0037576326914044154,11.4543,0.4768,11.4545,0.0002,0.0,0.0,0.0,11.4545,0.47680000000000006,11.9313,11.9359
2991,0.0548,0.0006,0.0554,0.01,0.9891696750902528,0.010830324909747292,3.1149,0.4223,3.1151,0.0002,0.0,0.0,0.0,3.1151,0.4223,3.5374,3.5331
2992,0.2241,0.0001,0.2242,0.0404,0.9995539696699375,0.00044603033006244426,13.1994,0.0774,13.1994,0.0,0.0,0.0,0.0,13.199399999999999,0.07740000000000001,13.2768,13.2755
2993,0.0742,0.0001,0.0743,0.0134,0.9986541049798116,0.0013458950201884253,4.077,0.066,4.0769,0.0,0.0,0.0,0.0,4.0769,0.066,4.1429,4.143
2994,0.2703,0.0,0.2703,0.0487,1.0,0.0,15.6402,0.0076,15.6402,0.0,0.0,0.0,0.0,15.6402,0.007599999999999999,15.6478,15.6444
2995,0.2576,0.0008,0.2584,0.0465,0.9969040247678018,0.003095975232198142,14.1444,0.5278,14.1445,0.0001,0.0,0.0,0.0,14.1445,0.5277999999999999,14.6723,14.6747
2996,0.1897,0.0111,0.2008,0.0361,0.9447211155378487,0.055278884462151394,10.5966,7.3113,10.5968,0.0002,0.0,0.0,0.0,10.5968,7.311299999999999,17.908099999999997,17.9093
2997,0.1931,0.0001,0.1931,0.0348,1.0,0.0005178663904712585,10.4265,0.0395,10.4266,0.0001,0.0,0.0,0.0,10.4266,0.0395,10.4661,10.4683
2998,0.2047,0.0041,0.2087,0.0376,0.9808337326305702,0.01964542405366555,10.872,2.6234,10.872,0.0,0.0,0.0,0.0,10.872,2.6234,13.4954,13.4977
2999,0.1515,0.0002,0.1517,0.0273,0.9986816084377059,0.0013183915622940014,8.1819,0.1075,8.1818,0.0,0.0,0.0,0.0,8.1818,0.1075,8.2893,8.2851
