job_id,energy_qpu_kwh,energy_cpu_kwh,energy_total_kwh,cost_energy_total,phi_qpu,phi_cpu,qpu_time_s,cpu_time_s,qpu_phase_s,qpu_idle_s,qpu_wait_s,cpu_wait_s,wait_total_s,qpu_turn_s,cpu_turn_s,turn_total_s,job_turnaround_s
0,0.2175,0.0001,0.2176,0.0392,0.9995404411764707,0.0004595588235294118,11.322,0.0651,11.3219,0.0,0.0,0.0,0.0,11.321900000000001,0.06509999999999999,11.387,11.3902
1,0.1576,0.0078,0.1654,0.0298,0.9528415961305925,0.0471584038694075,8.7276,5.0142,8.7269,0.0,0.0,0.0,0.0,8.726899999999999,5.014200000000001,13.7411,13.7439
2,0.1277,0.0107,0.1384,0.0249,0.9226878612716763,0.0773121387283237,7.0728,6.4206,11.0725,3.9997,0.0,0.0,0.0,11.072500000000002,6.4206,17.493100000000002,17.4977
3,0.148,0.0065,0.1545,0.0278,0.9579288025889967,0.042071197411003236,8.5236,4.2515,13.5238,5.0002,0.0,0.0,0.0,13.523800000000001,4.2515,17.7753,17.7709
4,0.244,0.0,0.244,0.0439,1.0,0.0,13.6884,0.0135,15.6881,1.9997,0.0,0.0,0.0,15.688099999999999,0.0135,15.7016,15.7019
5,0.299,0.0009,0.2999,0.054,0.9969989996665555,0.0030010003334444814,16.1472,0.5787,16.1477,0.0005,0.0,0.0,0.0,16.1477,0.5787,16.7264,16.7232
6,0.2156,0.0209,0.2365,0.0426,0.9116279069767443,0.08837209302325581,11.7876,14.1848,48.7873,36.9997,0.0,0.0,0.0,48.78730000000001,14.1848,62.97210000000001,63.4767
7,0.3669,0.0,0.367,0.0661,0.9997275204359674,0.0,20.0652,0.0233,20.0656,0.0004,0.0,0.0,0.0,20.0656,0.023300000000000005,20.0889,20.0877
8,0.1402,0.0001,0.1403,0.0253,0.999287241625089,0.0007127583749109052,8.0736,0.0782,8.0736,0.0,0.0,0.0,0.0,8.073599999999999,0.07819999999999999,8.1518,8.1478
9,0.2159,0.0001,0.216,0.0389,0.9995370370370371,0.000462962962962963,11.3724,0.0824,13.3725,2.0001,0.0,0.0,0.0,13.372499999999997,0.0824,13.454899999999997,13.4545
10,0.2173,0.0012,0.2185,0.0393,0.994508009153318,0.005491990846681922,11.7324,0.8415,31.7328,20.0004,0.0,0.0,0.0,31.732799999999997,0.8414999999999999,32.574299999999994,32.572
11,0.3364,0.006,0.3424,0.0616,0.9824766355140186,0.01752336448598131,18.1656,3.7385,79.1659,61.0003,0.0,0.0,0.0,79.16590000000001,3.7385,82.90440000000001,84.4036
12,0.2758,0.0009,0.2767,0.0498,0.9967473798337549,0.0032526201662450307,15.2724,0.6101,27.2727,12.0003,0.0,0.0,0.0,27.272700000000004,0.6101,27.882800000000003,27.8875
13,0.3375,0.0039,0.3414,0.0614,0.9885764499121267,0.011423550087873463,18.6912,2.6537,40.6906,21.9994,0.0,0.0,0.0,40.690599999999996,2.6537,43.3443,44.3394
14,0.1799,0.0032,0.183,0.0329,0.9830601092896175,0.017486338797814208,10.092,2.0344,48.092,38.0,0.0,0.0,0.0,48.092,2.0343999999999998,50.1264,50.6216
15,0.3015,0.0016,0.3031,0.0546,0.9947212141207522,0.005278785879247774,17.5992,1.0458,28.5989,10.9997,0.0,0.0,0.0,28.598899999999997,1.0458,29.644699999999997,30.1475
16,0.2691,0.0001,0.2691,0.0484,1.0,0.0003716090672612412,15.096,0.0432,16.0959,0.9999,0.0,0.0,0.0,16.095899999999997,0.0432,16.139099999999996,16.1368
17,0.2446,0.001,0.2457,0.0442,0.9955229955229956,0.00407000407000407,13.3776,0.6742,30.3771,16.9995,0.0,0.0,0.0,30.377099999999995,0.6741999999999999,31.051299999999994,31.0497
18,0.2587,0.001,0.2597,0.0467,0.9961494031574895,0.0038505968425105895,14.1444,0.6731,19.1444,5.0,0.0,0.0,0.0,19.144399999999997,0.6731,19.8175,20.82
19,0.3106,0.0027,0.3133,0.0564,0.9913820619214809,0.008617938078518992,16.9824,1.6516,27.9825,11.0001,0.0,0.0,0.0,27.982499999999995,1.6516,29.634099999999993,29.6317
20,0.2308,0.0004,0.2312,0.0416,0.9982698961937717,0.001730103806228374,12.4608,0.2518,12.4601,0.0,0.0,0.0,0.0,12.460099999999997,0.25179999999999997,12.711899999999996,12.71
21,0.2415,0.0051,0.2467,0.0444,0.9789217673287394,0.020672882042967168,13.2084,3.2184,78.2087,65.0003,0.0,0.0,0.0,78.2087,3.2184,81.4271,81.9297
22,0.1212,0.0001,0.1213,0.0218,0.9991755976916735,0.0008244023083264633,6.546,0.0386,6.5456,0.0,0.0,0.0,0.0,6.5455999999999985,0.03860000000000001,6.584199999999998,6.5868
23,0.2293,0.0,0.2293,0.0413,1.0,0.0,13.2084,0.0132,13.2087,0.0003,0.0,0.0,0.0,13.2087,0.013199999999999998,13.2219,13.2205
24,0.166,0.0,0.166,0.0299,1.0,0.0,9.4344,0.007,9.4348,0.0004,0.0,0.0,0.0,9.4348,0.006999999999999999,9.441799999999999,9.4408
25,0.1383,0.0001,0.1384,0.0249,0.999277456647399,0.0007225433526011561,8.0736,0.0377,8.0736,0.0,0.0,0.0,0.0,8.073599999999999,0.0377,8.111299999999998,8.6139
26,0.1514,0.0002,0.1516,0.0273,0.9986807387862796,0.0013192612137203166,8.0736,0.1229,8.0737,0.0001,0.0,0.0,0.0,8.073699999999999,0.12290000000000001,8.196599999999998,8.1938
27,0.1345,0.0064,0.141,0.0254,0.9539007092198583,0.045390070921985826,7.548,4.2089,68.5479,60.9999,0.0,0.0,0.0,68.54790000000001,4.208900000000001,72.75680000000001,73.7587
28,0.2106,0.0182,0.2288,0.0412,0.9204545454545455,0.07954545454545454,11.3724,11.9602,31.3726,20.0002,0.0,0.0,0.0,31.372600000000006,11.960199999999999,43.332800000000006,44.3301
29,0.1703,0.0,0.1704,0.0307,0.9994131455399061,0.0,9.4344,0.0141,9.4349,0.0005,0.0,0.0,0.0,9.434899999999999,0.014099999999999998,9.448999999999998,9.4473
30,0.0851,0.01,0.0951,0.0171,0.8948475289169294,0.10515247108307045,4.7148,5.8805,61.7148,57.0,0.0,0.0,0.0,61.71479999999998,5.8805000000000005,67.59529999999998,68.0992
31,0.3364,0.0028,0.3392,0.0611,0.9917452830188679,0.008254716981132075,18.1656,1.8546,61.1661,43.0005,0.0,0.0,0.0,61.16609999999999,1.8545999999999998,63.02069999999999,64.0172
32,0.1944,0.0009,0.1954,0.0352,0.9948822927328557,0.004605936540429887,10.9092,0.5668,26.9091,15.9999,0.0,0.0,0.0,26.9091,0.5668000000000001,27.4759,27.4725
33,0.2323,0.0001,0.2324,0.0418,0.9995697074010328,0.0004302925989672978,13.3776,0.0899,16.3772,2.9996,0.0,0.0,0.0,16.3772,0.08989999999999998,16.4671,16.4651
34,0.328,0.0019,0.3299,0.0594,0.9942406789936344,0.005759321006365565,18.1656,1.2713,60.1658,42.0002,0.0,0.0,0.0,60.165800000000004,1.2713,61.4371,61.4396
35,0.1019,0.005,0.1069,0.0192,0.9532273152478953,0.046772684752104776,5.436,3.1351,61.4359,55.9999,0.0,0.0,0.0,61.435900000000004,3.1351,64.571,66.576
36,0.225,0.0,0.225,0.0405,1.0,0.0,12.4608,0.0199,12.4604,0.0,0.0,0.0,0.0,12.460399999999996,0.0199,12.480299999999996,12.4814
37,0.1136,0.0001,0.1137,0.0205,0.9991204925241866,0.0008795074758135445,6.546,0.0362,9.5451,2.9991,0.0,0.0,0.0,9.545100000000001,0.0362,9.5813,9.5795
38,0.1082,0.0015,0.1097,0.0197,0.9863263445761167,0.013673655423883317,6.2304,1.015,28.23,21.9996,0.0,0.0,0.0,28.230000000000008,1.0150000000000001,29.245000000000008,30.2477
39,0.1755,0.0,0.1755,0.0316,1.0,0.0,10.3836,0.0087,10.3838,0.0002,0.0,0.0,0.0,10.383799999999997,0.0087,10.392499999999997,10.397
40,0.3178,0.0007,0.3184,0.0573,0.9981155778894473,0.0021984924623115578,17.5992,0.4435,26.5991,8.9999,0.0,0.0,0.0,26.599099999999996,0.44349999999999995,27.042599999999997,27.0455
41,0.1154,0.0172,0.1327,0.0239,0.8696307460437076,0.12961567445365485,6.3936,9.9003,23.3929,16.9993,0.0,0.0,0.0,23.392899999999997,9.9003,33.2932,33.7935
42,0.1051,0.0004,0.1055,0.019,0.9962085308056873,0.0037914691943127963,6.0552,0.2539,17.0552,11.0,0.0,0.0,0.0,17.0552,0.2539,17.3091,17.3061
43,0.1862,0.0002,0.1864,0.0336,0.9989270386266094,0.001072961373390558,10.872,0.1127,10.8717,0.0,0.0,0.0,0.0,10.871700000000002,0.11269999999999998,10.984400000000003,10.9822
44,0.1521,0.0001,0.1522,0.0274,0.9993429697766097,0.000657030223390276,7.8216,0.0627,7.8219,0.0003,0.0,0.0,0.0,7.821899999999999,0.06269999999999999,7.8846,7.8873
45,0.0829,0.0001,0.083,0.0149,0.9987951807228915,0.0012048192771084336,4.7148,0.0505,5.7148,1.0,0.0,0.0,0.0,5.7148,0.0505,5.765300000000001,5.769
46,0.3361,0.0116,0.3477,0.0626,0.9666379062410124,0.03336209375898763,18.8592,7.6653,57.8594,39.0002,0.0,0.0,0.0,57.85940000000001,7.6652999999999984,65.52470000000001,65.5209
47,0.1125,0.0068,0.1193,0.0215,0.9430008382229673,0.05699916177703269,6.3936,4.526,67.3931,60.9995,0.0,0.0,0.0,67.3931,4.526,71.9191,71.9193
48,0.1537,0.0001,0.1538,0.0277,0.9993498049414825,0.0006501950585175553,9.0984,0.0447,9.0981,0.0,0.0,0.0,0.0,9.098100000000002,0.0447,9.142800000000003,9.1419
49,0.3192,0.0078,0.327,0.0589,0.9761467889908256,0.02385321100917431,17.454,4.8968,62.4543,45.0003,0.0,0.0,0.0,62.45430000000001,4.896800000000001,67.35110000000002,67.3538
50,0.1716,0.0003,0.1719,0.0309,0.9982547993019197,0.001745200698080279,9.2688,0.1834,10.2682,0.9994,0.0,0.0,0.0,10.268199999999997,0.1834,10.451599999999997,10.4556
51,0.1716,0.0,0.1717,0.0309,0.9994175888177054,0.0,9.2688,0.0234,9.2683,0.0,0.0,0.0,0.0,9.2683,0.0234,9.2917,9.2893
52,0.283,0.0,0.2831,0.051,0.9996467679265276,0.0,16.9824,0.0109,16.9829,0.0005,0.0,0.0,0.0,16.9829,0.010899999999999998,16.9938,16.9951
53,0.3304,0.0052,0.3356,0.0604,0.9845053635280095,0.015494636471990463,18.5364,3.2135,55.5364,37.0,0.0,0.0,0.0,55.536399999999986,3.2135000000000002,58.74989999999999,58.7539
54,0.3696,0.0,0.3696,0.0665,1.0,0.0,20.4708,0.0114,20.4705,0.0,0.0,0.0,0.0,20.470499999999998,0.0114,20.481899999999996,20.486
55,0.3192,0.0019,0.321,0.0578,0.9943925233644859,0.005919003115264798,17.454,1.1707,34.4543,17.0003,0.0,0.0,0.0,34.4543,1.1707,35.625,36.1253
56,0.1048,0.0023,0.1072,0.0193,0.9776119402985075,0.021455223880597014,5.6604,1.4388,26.6609,21.0005,0.0,0.0,0.0,26.660899999999998,1.4388,28.0997,28.5951
57,0.2173,0.0001,0.2174,0.0391,0.999540018399264,0.00045998160073597056,11.7324,0.0852,11.7326,0.0002,0.0,0.0,0.0,11.732600000000001,0.0852,11.817800000000002,11.8165
58,0.1703,0.0025,0.1729,0.0311,0.9849624060150376,0.014459224985540775,9.4344,1.5871,13.4348,4.0004,0.0,0.0,0.0,13.434800000000003,1.5871,15.021900000000002,16.0207
59,0.3261,0.0165,0.3426,0.0617,0.9518388791593695,0.04816112084063047,18.5364,9.6085,73.5364,55.0,0.0,0.0,0.0,73.53640000000001,9.608500000000001,83.14490000000002,83.6422
60,0.3231,0.0005,0.3236,0.0582,0.9984548825710754,0.0015451174289245982,16.614,0.3308,17.6138,0.9998,0.0,0.0,0.0,17.613799999999998,0.3308,17.944599999999998,17.9463
61,0.3576,0.0001,0.3577,0.0644,0.9997204361196532,0.0002795638803466592,20.0652,0.0402,22.0659,2.0007,0.0,0.0,0.0,22.0659,0.0402,22.106099999999998,22.1041
62,0.2551,0.0125,0.2676,0.0482,0.953288490284006,0.04671150971599402,14.1288,8.0802,51.129,37.0002,0.0,0.0,0.0,51.129,8.0802,59.209199999999996,61.2125
63,0.3762,0.0,0.3763,0.0677,0.9997342545841083,0.0,20.0652,0.0179,20.0658,0.0006,0.0,0.0,0.0,20.0658,0.0179,20.0837,20.086
64,0.2486,0.0001,0.2487,0.0448,0.9995979091274627,0.0004020908725371934,14.1288,0.0677,32.129,18.0002,0.0,0.0,0.0,32.129,0.0677,32.1967,32.2012
65,0.1913,0.0,0.1913,0.0344,1.0,0.0,10.872,0.0119,11.8717,0.9997,0.0,0.0,0.0,11.871700000000002,0.0119,11.883600000000003,11.8827
66,0.2074,0.0166,0.224,0.0403,0.9258928571428571,0.07410714285714286,11.7876,10.7723,38.7871,26.9995,0.0,0.0,0.0,38.7871,10.772300000000001,49.559400000000004,52.0589
67,0.2323,0.0017,0.234,0.0421,0.9927350427350426,0.007264957264957264,13.3776,1.0841,27.3768,13.9992,0.0,0.0,0.0,27.376799999999996,1.0840999999999998,28.460899999999995,28.4623
68,0.2415,0.0001,0.2416,0.0435,0.9995860927152317,0.0004139072847682119,13.2084,0.0495,14.2087,1.0003,0.0,0.0,0.0,14.2087,0.0495,14.2582,14.2542
69,0.2503,0.0037,0.254,0.0457,0.9854330708661418,0.014566929133858268,13.6884,2.2877,41.6882,27.9998,0.0,0.0,0.0,41.68820000000001,2.2877,43.97590000000001,43.9793
70,0.1279,0.0003,0.1282,0.0231,0.9976599063962559,0.0023400936037441494,6.8232,0.1638,6.8237,0.0005,0.0,0.0,0.0,6.823699999999999,0.1638,6.987499999999999,6.9844
71,0.1107,0.0035,0.1143,0.0206,0.9685039370078741,0.03062117235345582,6.0552,2.059,21.0554,15.0002,0.0,0.0,0.0,21.0554,2.0589999999999997,23.1144,23.6192
72,0.3554,0.0,0.3554,0.064,1.0,0.0,20.4708,0.0087,20.4706,0.0,0.0,0.0,0.0,20.470599999999997,0.0087,20.4793,20.4744
73,0.1992,0.0001,0.1993,0.0359,0.9994982438534871,0.0005017561465127947,11.322,0.0634,11.3217,0.0,0.0,0.0,0.0,11.321700000000002,0.0634,11.385100000000001,11.3898
74,0.296,0.0001,0.296,0.0533,1.0,0.00033783783783783786,17.0484,0.0334,19.0483,1.9999,0.0,0.0,0.0,19.0483,0.0334,19.0817,19.0866
75,0.271,0.0,0.271,0.0488,1.0,0.0,15.6072,0.0201,16.6067,0.9995,0.0,0.0,0.0,16.606699999999996,0.0201,16.626799999999996,16.6238
76,0.3327,0.0096,0.3424,0.0616,0.9716705607476636,0.028037383177570093,18.1956,5.8172,44.1961,26.0005,0.0,0.0,0.0,44.196099999999994,5.817199999999999,50.013299999999994,50.0141
77,0.1703,0.0014,0.1717,0.0309,0.9918462434478743,0.008153756552125802,9.4344,0.7847,33.4348,24.0004,0.0,0.0,0.0,33.4348,0.7847000000000001,34.219500000000004,34.7226
78,0.1261,0.003,0.1291,0.0232,0.9767621998450813,0.02323780015491867,7.0728,1.9376,24.0721,16.9993,0.0,0.0,0.0,24.0721,1.9376,26.0097,27.5052
79,0.0711,0.0021,0.0732,0.0132,0.971311475409836,0.02868852459016393,4.1532,1.3212,33.1533,29.0001,0.0,0.0,0.0,33.1533,1.3212000000000002,34.4745,34.476
80,0.3855,0.0002,0.3857,0.0694,0.9994814622763807,0.0005185377236193934,20.0652,0.1426,20.0656,0.0004,0.0,0.0,0.0,20.0656,0.1426,20.2082,20.2049
81,0.1169,0.0085,0.1255,0.0226,0.9314741035856574,0.06772908366533865,6.3936,5.3077,36.3932,29.9996,0.0,0.0,0.0,36.3932,5.3077,41.7009,42.203
82,0.2944,0.0002,0.2947,0.053,0.9989820156090939,0.0006786562606040041,16.308,0.1515,25.3073,8.9993,0.0,0.0,0.0,25.307299999999998,0.15150000000000002,25.458799999999997,25.4566
83,0.2394,0.0154,0.2548,0.0459,0.9395604395604394,0.06043956043956043,13.0908,10.1582,24.0908,11.0,0.0,0.0,0.0,24.09080000000001,10.158199999999999,34.24900000000001,37.7457
84,0.2046,0.0,0.2047,0.0368,0.9995114802149487,0.0,12.1104,0.0158,14.1106,2.0002,0.0,0.0,0.0,14.110600000000002,0.015799999999999998,14.126400000000002,14.1217
85,0.307,0.0,0.307,0.0553,1.0,0.0,18.1656,0.0147,18.1657,0.0001,0.0,0.0,0.0,18.1657,0.014700000000000001,18.180400000000002,18.1848
86,0.1938,0.011,0.2048,0.0369,0.9462890625,0.05371093749999999,10.872,6.6929,25.8718,14.9998,0.0,0.0,0.0,25.871799999999993,6.6929,32.564699999999995,33.065
87,0.2586,0.0,0.2586,0.0465,1.0,0.0,15.096,0.0133,15.0956,0.0,0.0,0.0,0.0,15.095599999999997,0.0133,15.108899999999997,15.1052
88,0.1995,0.0,0.1995,0.0359,1.0,0.0,10.3836,0.0069,16.3837,6.0001,0.0,0.0,0.0,16.3837,0.0069,16.390600000000003,16.3896
89,0.0652,0.0,0.0652,0.0117,1.0,0.0,3.9108,0.0304,4.9109,1.0001,0.0,0.0,0.0,4.910900000000001,0.0304,4.941300000000001,4.9423
90,0.3322,0.0019,0.3341,0.0601,0.9943130799161927,0.005686920083807243,18.1656,1.2065,37.1657,19.0001,0.0,0.0,0.0,37.16570000000001,1.2065,38.37220000000001,38.3718
91,0.2427,0.0,0.2427,0.0437,1.0,0.0,12.786,0.0309,12.7862,0.0002,0.0,0.0,0.0,12.786200000000001,0.0309,12.817100000000002,12.8202
92,0.0778,0.0002,0.078,0.014,0.9974358974358973,0.002564102564102564,4.3632,0.1546,4.3637,0.0005,0.0,0.0,0.0,4.3637,0.15460000000000002,4.5183,4.5176
93,0.076,0.0,0.076,0.0137,1.0,0.0,4.2624,0.0304,4.2622,0.0,0.0,0.0,0.0,4.2622,0.0304,4.2926,4.2948
94,0.2427,0.0005,0.2432,0.0438,0.9979440789473685,0.002055921052631579,12.786,0.3071,15.786,3.0,0.0,0.0,0.0,15.786000000000001,0.30710000000000004,16.0931,16.5956
95,0.3055,0.0006,0.3061,0.0551,0.9980398562561255,0.0019601437438745506,17.5992,0.3621,20.5988,2.9996,0.0,0.0,0.0,20.5988,0.3621,20.960900000000002,20.9613
96,0.1394,0.0119,0.1513,0.0272,0.9213483146067416,0.07865168539325844,7.8216,7.3804,28.8217,21.0001,0.0,0.0,0.0,28.821700000000003,7.3804,36.2021,37.2038
97,0.2953,0.0,0.2953,0.0532,1.0,0.0,16.1472,0.0142,16.1474,0.0002,0.0,0.0,0.0,16.147399999999998,0.014199999999999999,16.161599999999996,16.159
98,0.2542,0.0003,0.2545,0.0458,0.9988212180746561,0.0011787819253438112,13.902,0.1965,17.9024,4.0004,0.0,0.0,0.0,17.9024,0.1965,18.0989,18.0973
99,0.3094,0.0098,0.3192,0.0575,0.9692982456140352,0.030701754385964914,16.5024,6.1674,31.5021,14.9997,0.0,0.0,0.0,31.502099999999995,6.1674,37.66949999999999,38.1706
100,0.1837,0.0,0.1837,0.0331,1.0,0.0,10.872,0.014,10.8718,0.0,0.0,0.0,0.0,10.871800000000002,0.013999999999999999,10.885800000000001,10.8848
101,0.3232,0.0078,0.331,0.0596,0.9764350453172205,0.023564954682779454,17.454,5.1681,30.4546,13.0006,0.0,0.0,0.0,30.454599999999996,5.1681,35.622699999999995,36.6212
102,0.1239,0.0003,0.1242,0.0224,0.9975845410628018,0.0024154589371980675,6.9516,0.2007,7.9511,0.9995,0.0,0.0,0.0,7.9511,0.20070000000000002,8.1518,8.1469
103,0.1476,0.0004,0.1481,0.0267,0.9966239027683997,0.002700877785280216,8.0736,0.2769,18.0738,10.0002,0.0,0.0,0.0,18.0738,0.27690000000000003,18.3507,18.3488
104,0.1539,0.0046,0.1585,0.0285,0.9709779179810726,0.029022082018927444,8.5236,3.0149,11.5239,3.0003,0.0,0.0,0.0,11.523900000000001,3.0149,14.538800000000002,14.5415
105,0.1834,0.0,0.1835,0.033,0.9994550408719347,0.0,9.4344,0.0292,9.435,0.0006,0.0,0.0,0.0,9.434999999999999,0.029199999999999997,9.464199999999998,9.4671
106,0.2649,0.0059,0.2708,0.0487,0.9782127031019204,0.021787296898079764,14.1288,3.677,17.129,3.0002,0.0,0.0,0.0,17.129,3.677,20.806,21.8082
107,0.2308,0.0055,0.2362,0.0425,0.9771380186282812,0.023285351397121082,12.4608,3.4554,20.4603,7.9995,0.0,0.0,0.0,20.4603,3.4554,23.9157,24.4167
108,0.0679,0.0,0.068,0.0122,0.9985294117647059,0.0,3.624,0.0254,3.624,0.0,0.0,0.0,0.0,3.624,0.025399999999999995,3.6494,3.6522
109,0.159,0.0002,0.1592,0.0287,0.9987437185929647,0.001256281407035176,8.9184,0.1535,8.918,0.0,0.0,0.0,0.0,8.918,0.15350000000000003,9.071499999999999,9.0731
110,0.1005,0.0,0.1005,0.0181,1.0,0.0,5.8668,0.0148,5.8662,0.0,0.0,0.0,0.0,5.866200000000001,0.014799999999999999,5.881000000000001,5.8836
111,0.3623,0.002,0.3643,0.0656,0.9945100192149328,0.005489980785067252,20.0652,1.2645,20.0655,0.0003,0.0,0.0,0.0,20.0655,1.2645,21.33,21.3276
112,0.2503,0.0135,0.2639,0.0475,0.9484653277756726,0.05115574081091322,13.6884,8.3824,20.6879,6.9995,0.0,0.0,0.0,20.687899999999996,8.3824,29.070299999999996,29.0725
113,0.3,0.0046,0.3045,0.0548,0.9852216748768473,0.015106732348111659,16.614,2.6463,16.614,0.0,0.0,0.0,0.0,16.613999999999997,2.6462999999999997,19.260299999999997,19.2588
114,0.2864,0.0001,0.2864,0.0516,1.0,0.00034916201117318437,15.2724,0.0378,15.2728,0.0004,0.0,0.0,0.0,15.2728,0.03779999999999999,15.3106,15.3057
115,0.0729,0.0056,0.0785,0.0141,0.9286624203821657,0.07133757961783439,4.0368,3.5539,10.0369,6.0001,0.0,0.0,0.0,10.0369,3.5539,13.5908,14.09
116,0.3433,0.0002,0.3434,0.0618,0.9997087944088526,0.0005824111822947001,18.5364,0.0917,18.5364,0.0,0.0,0.0,0.0,18.5364,0.09169999999999999,18.6281,18.6266
117,0.2146,0.0127,0.2272,0.0409,0.9445422535211268,0.05589788732394366,11.7324,7.5727,22.7325,11.0001,0.0,0.0,0.0,22.73249999999999,7.572699999999998,30.30519999999999,30.3075
118,0.1169,0.0011,0.1179,0.0212,0.991518235793045,0.009329940627650551,6.8232,0.7176,6.8234,0.0002,0.0,0.0,0.0,6.8233999999999995,0.7175999999999999,7.5409999999999995,7.5439
119,0.0748,0.0099,0.0847,0.0152,0.8831168831168832,0.1168831168831169,4.0368,6.4001,18.0369,14.0001,0.0,0.0,0.0,18.036900000000003,6.4001,24.437000000000005,24.4331
120,0.2762,0.001,0.2772,0.0499,0.9963924963924964,0.0036075036075036075,14.9172,0.6131,14.9172,0.0,0.0,0.0,0.0,14.917200000000001,0.6131,15.5303,15.5293
121,0.1137,0.0002,0.114,0.0205,0.9973684210526315,0.0017543859649122807,6.8232,0.1504,6.8236,0.0004,0.0,0.0,0.0,6.823599999999999,0.1504,6.973999999999999,6.9739
122,0.3507,0.0009,0.3516,0.0633,0.9974402730375427,0.002559726962457338,20.4708,0.6102,24.4706,3.9998,0.0,0.0,0.0,24.470599999999997,0.6102000000000001,25.080799999999996,25.0819
123,0.1177,0.0045,0.1222,0.022,0.9631751227495908,0.036824877250409165,6.6888,2.8375,10.6885,3.9997,0.0,0.0,0.0,10.688499999999998,2.8375,13.525999999999998,14.0296
124,0.2801,0.0013,0.2814,0.0507,0.9953802416488985,0.004619758351101635,15.9216,0.8439,15.9215,0.0,0.0,0.0,0.0,15.921500000000002,0.8438999999999999,16.765400000000003,16.7695
125,0.0858,0.0005,0.0864,0.0155,0.9930555555555555,0.005787037037037037,4.6344,0.3223,4.6341,0.0,0.0,0.0,0.0,4.634099999999999,0.3223,4.9563999999999995,4.9557
126,0.296,0.0009,0.2969,0.0534,0.9969686763219939,0.0030313236780060626,17.0484,0.6035,18.0484,1.0,0.0,0.0,0.0,18.0484,0.6035,18.6519,18.6539
127,0.1223,0.0146,0.1369,0.0246,0.8933528122717312,0.10664718772826881,6.6888,9.2443,9.6884,2.9996,0.0,0.0,0.0,9.688399999999998,9.2443,18.932699999999997,18.9283
128,0.3071,0.0,0.3071,0.0553,1.0,0.0,17.454,0.0094,17.4546,0.0006,0.0,0.0,0.0,17.454599999999996,0.009399999999999999,17.463999999999995,17.4671
129,0.3862,0.0052,0.3914,0.0705,0.9867143587123147,0.01328564128768523,20.8536,3.4241,21.8534,0.9998,0.0,0.0,0.0,21.8534,3.4241,25.2775,25.7762
130,0.3028,0.0001,0.3029,0.0545,0.9996698580389568,0.0003301419610432486,16.1472,0.0599,16.1473,0.0001,0.0,0.0,0.0,16.147299999999998,0.0599,16.207199999999997,16.2102
131,0.074,0.0,0.074,0.0133,1.0,0.0,4.2624,0.0081,4.2622,0.0,0.0,0.0,0.0,4.2622,0.0081,4.2703,4.2657
132,0.0663,0.0001,0.0663,0.0119,1.0,0.0015082956259426848,3.624,0.0439,3.624,0.0,0.0,0.0,0.0,3.624,0.0439,3.6679,3.6632
133,0.2762,0.0074,0.2836,0.051,0.9739069111424541,0.02609308885754584,14.9172,4.5552,15.9172,1.0,0.0,0.0,0.0,15.917200000000001,4.5552,20.4724,20.4734
134,0.2038,0.0,0.2038,0.0367,1.0,0.0,11.5848,0.0233,11.5851,0.0003,0.0,0.0,0.0,11.585100000000002,0.023299999999999998,11.608400000000003,11.6131
135,0.132,0.0188,0.1508,0.0271,0.8753315649867375,0.12466843501326261,6.9516,12.8569,12.9511,5.9995,0.0,0.0,0.0,12.9511,12.856900000000003,25.808000000000003,26.3079
136,0.1652,0.0049,0.1701,0.0306,0.9711934156378601,0.028806584362139915,8.9184,3.1349,8.9178,0.0,0.0,0.0,0.0,8.9178,3.1349,12.0527,12.0531
137,0.1402,0.0,0.1402,0.0252,1.0,0.0,8.0736,0.0305,8.0737,0.0001,0.0,0.0,0.0,8.073699999999999,0.0305,8.104199999999999,8.1013
138,0.2446,0.0003,0.2448,0.0441,0.9991830065359478,0.0012254901960784314,13.902,0.1755,14.9023,1.0003,0.0,0.0,0.0,14.9023,0.1755,15.0778,15.0751
139,0.2687,0.001,0.2697,0.0485,0.996292176492399,0.0037078235076010383,15.2724,0.6437,15.2727,0.0003,0.0,0.0,0.0,15.2727,0.6436999999999999,15.9164,15.9186
140,0.1846,0.0002,0.1847,0.0333,0.9994585814834867,0.0010828370330265296,10.092,0.1187,10.0923,0.0003,0.0,0.0,0.0,10.092299999999998,0.1187,10.210999999999999,10.2137
141,0.2292,0.0001,0.2292,0.0413,1.0,0.00043630017452006987,13.3776,0.035,13.3775,0.0,0.0,0.0,0.0,13.377500000000001,0.035,13.412500000000001,13.4076
142,0.2478,0.0043,0.2521,0.0454,0.9829432764775883,0.01705672352241174,13.902,2.6266,21.9021,8.0001,0.0,0.0,0.0,21.9021,2.6266,24.5287,24.5252
143,0.2658,0.0001,0.266,0.0479,0.9992481203007517,0.00037593984962406017,14.5368,0.0744,14.537,0.0002,0.0,0.0,0.0,14.537,0.0744,14.611400000000001,14.6139
144,0.3201,0.002,0.3221,0.058,0.9937907482148401,0.006209251785159888,18.1956,1.2766,18.196,0.0004,0.0,0.0,0.0,18.196,1.2765999999999997,19.4726,19.4735
145,0.0673,0.0002,0.0675,0.0121,0.9970370370370369,0.002962962962962963,4.0368,0.1191,4.0368,0.0,0.0,0.0,0.0,4.0367999999999995,0.11910000000000001,4.1559,4.1538
146,0.1239,0.0005,0.1243,0.0224,0.996781979082864,0.004022526146419952,6.6888,0.3026,6.6887,0.0,0.0,0.0,0.0,6.688700000000001,0.3026,6.991300000000001,6.9872
147,0.1724,0.0006,0.1731,0.0312,0.9959560947429231,0.0034662045060658577,9.4296,0.3889,9.4297,0.0001,0.0,0.0,0.0,9.4297,0.38889999999999997,9.8186,9.8234
148,0.2146,0.0039,0.2185,0.0393,0.9821510297482838,0.017848970251716247,11.7324,2.4303,16.7325,5.0001,0.0,0.0,0.0,16.7325,2.4303,19.1628,19.158
149,0.3463,0.0001,0.3464,0.0624,0.9997113163972287,0.00028868360277136264,19.1796,0.0758,20.1793,0.9997,0.0,0.0,0.0,20.179300000000005,0.0758,20.255100000000006,20.2548
150,0.3039,0.0143,0.3182,0.0573,0.9550597108736644,0.04494028912633564,17.0484,9.0988,25.0483,7.9999,0.0,0.0,0.0,25.0483,9.0988,34.1471,34.1492
151,0.1963,0.0002,0.1965,0.0354,0.9989821882951654,0.0010178117048346056,10.872,0.0956,10.8718,0.0,0.0,0.0,0.0,10.871800000000002,0.0956,10.967400000000001,10.966
152,0.3236,0.0,0.3236,0.0583,1.0,0.0,17.0484,0.0091,18.0482,0.9998,0.0,0.0,0.0,18.0482,0.0091,18.0573,18.0584
153,0.2338,0.001,0.2348,0.0423,0.9957410562180579,0.004258943781942078,12.786,0.6601,12.7861,0.0001,0.0,0.0,0.0,12.7861,0.6601000000000001,13.4462,14.9419
154,0.2271,0.0002,0.2273,0.0409,0.9991201055873294,0.0008798944126704796,12.1104,0.126,12.1105,0.0001,0.0,0.0,0.0,12.110500000000002,0.126,12.236500000000001,12.2347
155,0.2106,0.0002,0.2108,0.0379,0.9990512333965845,0.0009487666034155599,12.4608,0.1248,13.4604,0.9996,0.0,0.0,0.0,13.460399999999996,0.12480000000000001,13.585199999999997,13.5807
156,0.0832,0.0001,0.0833,0.015,0.9987995198079231,0.0012004801920768309,4.5492,0.0454,4.5485,0.0,0.0,0.0,0.0,4.548500000000001,0.0454,4.5939000000000005,4.5896
157,0.132,0.0007,0.1326,0.0239,0.9954751131221721,0.005279034690799397,6.9516,0.3938,11.9512,4.9996,0.0,0.0,0.0,11.9512,0.3938,12.345,12.3487
158,0.2273,0.0005,0.2278,0.041,0.9978050921861282,0.0021949078138718174,13.0908,0.3231,14.0908,1.0,0.0,0.0,0.0,14.090799999999998,0.3231,14.413899999999998,14.4121
159,0.2961,0.0007,0.2968,0.0534,0.9976415094339621,0.0023584905660377358,16.614,0.4859,19.6138,2.9998,0.0,0.0,0.0,19.613799999999998,0.4859,20.0997,20.0959
160,0.2941,0.0002,0.2943,0.053,0.9993204213387699,0.0006795786612300374,16.5024,0.1193,16.502,0.0,0.0,0.0,0.0,16.502,0.11929999999999999,16.621299999999998,16.6201
161,0.2728,0.0001,0.2729,0.0491,0.9996335654085746,0.0003664345914254306,14.9172,0.0646,14.9172,0.0,0.0,0.0,0.0,14.917200000000001,0.0646,14.981800000000002,14.9844
162,0.2658,0.0131,0.2789,0.0502,0.9530297597705271,0.04697024022947294,14.5368,8.2926,34.5375,20.0007,0.0,0.0,0.0,34.5375,8.2926,42.8301,42.828
163,0.143,0.0116,0.1547,0.0278,0.9243697478991596,0.07498383968972204,7.8216,7.5297,33.8217,26.0001,0.0,0.0,0.0,33.82170000000001,7.5297,41.351400000000005,41.3513
164,0.1125,0.0001,0.1126,0.0203,0.9991119005328597,0.0008880994671403197,6.2304,0.0634,6.2303,0.0,0.0,0.0,0.0,6.230299999999999,0.0634,6.2936999999999985,6.2969
165,0.3548,0.0,0.3548,0.0639,1.0,0.0,18.6912,0.0083,18.6905,0.0,0.0,0.0,0.0,18.690500000000004,0.0083,18.698800000000002,18.6967
166,0.1096,0.0021,0.1117,0.0201,0.981199641897941,0.018800358102059087,6.2304,1.2483,7.23,0.9996,0.0,0.0,0.0,7.229999999999999,1.2483000000000002,8.478299999999999,8.4749
167,0.1121,0.0001,0.1123,0.0202,0.9982190560997329,0.0008904719501335709,6.0552,0.0702,6.0552,0.0,0.0,0.0,0.0,6.0552,0.0702,6.1254,6.1214
168,0.2354,0.006,0.2414,0.0435,0.9751449875724938,0.024855012427506214,13.2084,3.6998,26.2087,13.0003,0.0,0.0,0.0,26.208699999999997,3.6998000000000006,29.908499999999997,29.9079
169,0.219,0.0002,0.2193,0.0395,0.9986320109439125,0.0009119927040583676,12.786,0.146,12.7862,0.0002,0.0,0.0,0.0,12.786200000000001,0.14600000000000002,12.932200000000002,12.937
170,0.3364,0.0014,0.3378,0.0608,0.9958555358200119,0.0041444641799881585,18.1656,0.9652,21.1657,3.0001,0.0,0.0,0.0,21.165699999999998,0.9652,22.130899999999997,22.1337
171,0.2013,0.0048,0.2061,0.0371,0.9767103347889374,0.02328966521106259,10.872,2.9769,21.872,11.0,0.0,0.0,0.0,21.871999999999996,2.9768999999999997,24.848899999999997,24.851
172,0.2324,0.0,0.2324,0.0418,1.0,0.0,13.2084,0.014,13.2086,0.0002,0.0,0.0,0.0,13.2086,0.014,13.2226,13.2271
173,0.2923,0.0004,0.2927,0.0527,0.9986334130509054,0.0013665869490946361,16.614,0.2694,17.6138,0.9998,0.0,0.0,0.0,17.613799999999998,0.2694,17.8832,17.8809
174,0.197,0.0005,0.1975,0.0356,0.9974683544303797,0.002531645569620253,10.9092,0.3158,11.9091,0.9999,0.0,0.0,0.0,11.909100000000002,0.31579999999999997,12.224900000000002,12.2231
175,0.2092,0.0001,0.2092,0.0377,1.0,0.00047801147227533465,11.5848,0.0392,11.5854,0.0006,0.0,0.0,0.0,11.585400000000002,0.039200000000000006,11.624600000000001,11.6229
176,0.0688,0.0,0.0688,0.0124,1.0,0.0,3.624,0.0237,4.6239,0.9999,0.0,0.0,0.0,4.623899999999999,0.023700000000000002,4.647599999999999,4.6515
177,0.1851,0.0077,0.1928,0.0347,0.9600622406639003,0.03993775933609959,10.3836,4.9982,30.3837,20.0001,0.0,0.0,0.0,30.383700000000005,4.9982,35.3819,35.8836
178,0.3364,0.0,0.3364,0.0606,1.0,0.0,18.1656,0.0142,18.1658,0.0002,0.0,0.0,0.0,18.1658,0.0142,18.18,18.1783
179,0.1596,0.0071,0.1667,0.03,0.9574085182963408,0.04259148170365928,8.7276,4.8377,31.7273,22.9997,0.0,0.0,0.0,31.7273,4.837700000000001,36.565,36.5677
180,0.3406,0.0005,0.3411,0.0614,0.9985341542069774,0.001465845793022574,18.1656,0.2734,18.1656,0.0,0.0,0.0,0.0,18.1656,0.2734,18.439,18.4361
181,0.3066,0.0095,0.3161,0.0569,0.9699462195507751,0.03005378044922493,16.9824,5.827,35.9826,19.0002,0.0,0.0,0.0,35.9826,5.827000000000001,41.809599999999996,41.8144
182,0.1948,0.0003,0.1951,0.0351,0.9984623270117888,0.0015376729882111736,11.3724,0.1865,13.3725,2.0001,0.0,0.0,0.0,13.3725,0.1865,13.559000000000001,13.5541
183,0.3765,0.0,0.3766,0.0678,0.9997344662772172,0.0,20.8536,0.0233,20.8531,0.0,0.0,0.0,0.0,20.8531,0.0233,20.8764,20.876
184,0.2022,0.0004,0.2026,0.0365,0.998025666337611,0.0019743336623889436,10.6548,0.2506,10.6551,0.0003,0.0,0.0,0.0,10.655100000000001,0.2506,10.905700000000001,10.9041
185,0.1107,0.0008,0.1116,0.0201,0.9919354838709677,0.007168458781362007,6.0552,0.5194,6.0552,0.0,0.0,0.0,0.0,6.0552,0.5194,6.5746,6.572
186,0.3374,0.0005,0.3379,0.0608,0.9985202722699024,0.0014797277300976621,19.1796,0.2838,19.1796,0.0,0.0,0.0,0.0,19.1796,0.2838,19.4634,19.4589
187,0.2338,0.0008,0.2346,0.0422,0.9965899403239556,0.0034100596760443308,12.786,0.4997,12.7862,0.0002,0.0,0.0,0.0,12.786200000000001,0.4996999999999999,13.285900000000002,13.2854
188,0.1293,0.0012,0.1305,0.0235,0.9908045977011494,0.009195402298850573,7.0728,0.7594,11.0723,3.9995,0.0,0.0,0.0,11.072299999999998,0.7594,11.831699999999998,11.8341
189,0.1923,0.0,0.1923,0.0346,1.0,0.0,10.3836,0.0181,10.3838,0.0002,0.0,0.0,0.0,10.383799999999997,0.0181,10.401899999999998,10.4061
190,0.1086,0.0003,0.1089,0.0196,0.997245179063361,0.002754820936639118,5.8668,0.1893,9.8665,3.9997,0.0,0.0,0.0,9.866499999999997,0.18930000000000002,10.055799999999996,10.054
191,0.2518,0.0004,0.2523,0.0454,0.9980182322631788,0.0015854141894569955,14.1288,0.2808,19.129,5.0002,0.0,0.0,0.0,19.128999999999994,0.28079999999999994,19.409799999999994,19.4048
192,0.3288,0.0002,0.3291,0.0592,0.999088422971741,0.0006077180188392586,18.6912,0.1455,18.6907,0.0,0.0,0.0,0.0,18.690700000000003,0.1455,18.8362,18.8347
193,0.2941,0.0124,0.3065,0.0552,0.9595432300163131,0.04045676998368679,16.5024,7.4732,34.5022,17.9998,0.0,0.0,0.0,34.5022,7.473200000000001,41.9754,41.9752
194,0.1086,0.0061,0.1148,0.0207,0.945993031358885,0.05313588850174216,5.8668,3.8868,16.8664,10.9996,0.0,0.0,0.0,16.866400000000002,3.8868,20.753200000000003,21.7529
195,0.0983,0.0062,0.1045,0.0188,0.9406698564593302,0.05933014354066986,5.6604,3.838,20.661,15.0006,0.0,0.0,0.0,20.661,3.838,24.499000000000002,24.501
196,0.1398,0.0007,0.1405,0.0253,0.995017793594306,0.004982206405693949,7.548,0.4728,14.548,7.0,0.0,0.0,0.0,14.547999999999996,0.4728,15.020799999999996,15.0204
197,0.1616,0.0068,0.1684,0.0303,0.9596199524940617,0.04038004750593824,8.7276,4.5584,19.7273,10.9997,0.0,0.0,0.0,19.7273,4.558400000000001,24.2857,24.7845
198,0.1875,0.0111,0.1986,0.0358,0.9441087613293051,0.055891238670694864,10.3836,7.0662,18.3836,8.0,0.0,0.0,0.0,18.3836,7.066199999999999,25.4498,25.4477
199,0.2106,0.019,0.2296,0.0413,0.917247386759582,0.08275261324041812,11.3724,12.1426,17.3727,6.0003,0.0,0.0,0.0,17.372700000000002,12.1426,29.515300000000003,29.517
200,0.1846,0.0,0.1846,0.0332,1.0,0.0,10.092,0.0082,11.092,1.0,0.0,0.0,0.0,11.091999999999997,0.008199999999999999,11.100199999999997,11.0993
201,0.1899,0.0001,0.19,0.0342,0.9994736842105264,0.0005263157894736842,10.3836,0.067,10.3837,0.0001,0.0,0.0,0.0,10.383699999999997,0.067,10.450699999999998,10.4556
202,0.2903,0.0,0.2904,0.0523,0.9996556473829201,0.0,16.5024,0.0241,16.5018,0.0,0.0,0.0,0.0,16.5018,0.024099999999999996,16.5259,16.5261
203,0.3241,0.0006,0.3247,0.0585,0.9981521404373268,0.0018478595626732367,19.1796,0.3857,24.1793,4.9997,0.0,0.0,0.0,24.179300000000005,0.38569999999999993,24.565000000000005,24.5681
204,0.1874,0.0019,0.1894,0.0341,0.989440337909187,0.01003167898627244,10.6548,1.1773,17.6549,7.0001,0.0,0.0,0.0,17.6549,1.1773000000000002,18.8322,18.8353
205,0.1125,0.001,0.1135,0.0204,0.9911894273127754,0.008810572687224669,6.2304,0.6225,9.2302,2.9998,0.0,0.0,0.0,9.2302,0.6225,9.8527,9.8489
206,0.283,0.01,0.2931,0.0528,0.9655407710678947,0.03411804844762879,15.096,6.2372,27.0959,11.9999,0.0,0.0,0.0,27.095899999999993,6.2372000000000005,33.333099999999995,33.8368
207,0.0729,0.0002,0.0731,0.0132,0.997264021887825,0.002735978112175103,4.0368,0.1245,4.0368,0.0,0.0,0.0,0.0,4.0367999999999995,0.1245,4.1613,4.1584
208,0.2782,0.002,0.2801,0.0504,0.9932167083184577,0.007140307033202427,15.6072,1.2542,19.6069,3.9997,0.0,0.0,0.0,19.6069,1.2542,20.8611,20.8595
209,0.2584,0.0011,0.2595,0.0467,0.9957610789980733,0.004238921001926782,14.496,0.739,21.4955,6.9995,0.0,0.0,0.0,21.495499999999993,0.739,22.234499999999993,22.2316
210,0.2408,0.0,0.2408,0.0433,1.0,0.0,12.684,0.0117,12.6836,0.0,0.0,0.0,0.0,12.683600000000002,0.011699999999999999,12.695300000000001,12.6988
211,0.067,0.0001,0.0671,0.0121,0.9985096870342771,0.0014903129657228018,3.9108,0.0564,3.9108,0.0,0.0,0.0,0.0,3.9107999999999996,0.05639999999999999,3.9671999999999996,3.9657
212,0.2518,0.0135,0.2653,0.0478,0.9491142103279308,0.05088578967206936,14.1288,8.1181,21.1288,7.0,0.0,0.0,0.0,21.128799999999995,8.1181,29.246899999999997,29.2494
213,0.2039,0.0163,0.2202,0.0396,0.9259763851044505,0.0740236148955495,11.148,10.706,19.1477,7.9997,0.0,0.0,0.0,19.147699999999997,10.706,29.853699999999996,29.8494
214,0.1277,0.0001,0.1278,0.023,0.9992175273865416,0.000782472613458529,7.0728,0.0402,7.0725,0.0,0.0,0.0,0.0,7.072500000000002,0.0402,7.112700000000001,7.1082
215,0.1271,0.0001,0.1272,0.0229,0.9992138364779873,0.0007861635220125787,6.9516,0.0502,6.9509,0.0,0.0,0.0,0.0,6.950900000000001,0.0502,7.001100000000001,7.0041
216,0.0679,0.0003,0.0682,0.0123,0.995601173020528,0.00439882697947214,3.9108,0.21,4.9109,1.0001,0.0,0.0,0.0,4.9109,0.21000000000000002,5.1209,5.1185
217,0.1899,0.0002,0.1901,0.0342,0.998947922146239,0.0010520778537611785,10.6548,0.1296,10.6552,0.0004,0.0,0.0,0.0,10.6552,0.12960000000000002,10.7848,10.7804
218,0.251,0.005,0.256,0.0461,0.98046875,0.01953125,13.902,3.1622,15.9024,2.0004,0.0,0.0,0.0,15.9024,3.1622,19.0646,19.0686
219,0.2128,0.0001,0.2129,0.0383,0.9995302959135743,0.0004697040864255519,11.7876,0.0521,12.7872,0.9996,0.0,0.0,0.0,12.787200000000002,0.052099999999999994,12.839300000000001,12.8344
220,0.2384,0.0086,0.247,0.0445,0.9651821862348178,0.034817813765182185,13.3776,5.2489,14.3771,0.9995,0.0,0.0,0.0,14.3771,5.248899999999999,19.625999999999998,20.1283
221,0.2338,0.0143,0.2482,0.0447,0.9419822723609992,0.05761482675261886,12.786,9.1087,15.7863,3.0003,0.0,0.0,0.0,15.7863,9.1087,24.895000000000003,25.3995
222,0.1232,0.0118,0.135,0.0243,0.9125925925925925,0.0874074074074074,6.8232,7.3053,6.8232,0.0,0.0,0.0,0.0,6.8232,7.3053,14.128499999999999,14.1287
223,0.1548,0.0003,0.1551,0.0279,0.9980657640232109,0.0019342359767891683,8.9184,0.1792,8.918,0.0,0.0,0.0,0.0,8.918,0.1792,9.097199999999999,9.099
224,0.1519,0.0149,0.1668,0.03,0.9106714628297362,0.08932853717026379,8.3064,8.6981,9.307,1.0006,0.0,0.0,0.0,9.307,8.6981,18.0051,18.0099
225,0.1359,0.0047,0.1405,0.0253,0.9672597864768682,0.03345195729537366,7.0728,2.8503,7.0723,0.0,0.0,0.0,0.0,7.072300000000001,2.8503,9.922600000000001,9.9243
226,0.1514,0.0,0.1514,0.0273,1.0,0.0,8.0736,0.0186,8.0737,0.0001,0.0,0.0,0.0,8.073699999999999,0.0186,8.092299999999998,8.0933
227,0.127,0.0001,0.1271,0.0229,0.999213217938631,0.0007867820613690009,6.6888,0.0826,6.6887,0.0,0.0,0.0,0.0,6.688700000000001,0.08259999999999999,6.771300000000001,6.7745
228,0.3218,0.0105,0.3323,0.0598,0.9684020463436653,0.03159795365633464,17.5992,7.1417,17.5989,0.0,0.0,0.0,0.0,17.598899999999997,7.1417,24.740599999999997,25.2441
229,0.2446,0.0001,0.2447,0.044,0.9995913363302003,0.0004086636697997548,13.902,0.0898,13.9023,0.0003,0.0,0.0,0.0,13.9023,0.08980000000000002,13.9921,13.9884
230,0.1657,0.0003,0.1659,0.0299,0.998794454490657,0.0018083182640144665,8.7276,0.1713,8.7274,0.0,0.0,0.0,0.0,8.727399999999998,0.17129999999999998,8.898699999999998,8.9003
231,0.1022,0.0,0.1022,0.0184,1.0,0.0,5.6604,0.0063,5.6606,0.0002,0.0,0.0,0.0,5.6606000000000005,0.0063,5.666900000000001,5.6716
232,0.1963,0.0095,0.2058,0.037,0.9538386783284742,0.04616132167152575,10.872,6.0923,10.8718,0.0,0.0,0.0,0.0,10.871800000000002,6.0923,16.964100000000002,16.9612
233,0.2123,0.0002,0.2125,0.0383,0.9990588235294118,0.0009411764705882353,11.322,0.1612,11.3215,0.0,0.0,0.0,0.0,11.3215,0.16119999999999995,11.4827,11.4813
234,0.269,0.002,0.271,0.0488,0.992619926199262,0.007380073800738007,15.9216,1.2403,15.9216,0.0,0.0,0.0,0.0,15.921600000000002,1.2403,17.161900000000003,17.1627
235,0.1325,0.0044,0.1369,0.0247,0.9678597516435355,0.032140248356464576,7.248,2.6663,9.2478,1.9998,0.0,0.0,0.0,9.247799999999998,2.6663,11.914099999999998,11.9146
236,0.2953,0.0001,0.2953,0.0532,1.0,0.0003386386725364037,16.1472,0.0322,16.1474,0.0002,0.0,0.0,0.0,16.1474,0.0322,16.1796,16.1791
237,0.2726,0.0,0.2726,0.0491,1.0,0.0,15.096,0.011,15.0955,0.0,0.0,0.0,0.0,15.095499999999998,0.010999999999999998,15.106499999999997,15.1098
238,0.3831,0.0014,0.3845,0.0692,0.9963589076723016,0.0036410923276983093,21.2172,0.8608,22.2166,0.9994,0.0,0.0,0.0,22.216600000000003,0.8607999999999999,23.077400000000004,23.0821
239,0.0679,0.0001,0.068,0.0122,0.9985294117647059,0.0014705882352941176,3.9108,0.0573,3.911,0.0002,0.0,0.0,0.0,3.9109999999999996,0.057300000000000004,3.9682999999999997,3.9661
240,0.1916,0.0,0.1916,0.0345,1.0,0.0,10.092,0.0312,10.0921,0.0001,0.0,0.0,0.0,10.092099999999999,0.031200000000000002,10.123299999999999,10.1201
241,0.1093,0.0004,0.1098,0.0198,0.9954462659380692,0.003642987249544627,6.0552,0.2752,9.0552,3.0,0.0,0.0,0.0,9.0552,0.2752,9.3304,9.332
242,0.0702,0.0031,0.0733,0.0132,0.9577080491132333,0.04229195088676671,4.1532,1.9596,7.1534,3.0002,0.0,0.0,0.0,7.153399999999999,1.9595999999999998,9.112999999999998,9.1167
243,0.2486,0.0,0.2486,0.0447,1.0,0.0,14.1288,0.0086,16.1289,2.0001,0.0,0.0,0.0,16.1289,0.0086,16.137500000000003,16.1367
244,0.1091,0.0004,0.1095,0.0197,0.9963470319634703,0.0036529680365296807,6.546,0.2661,8.5453,1.9993,0.0,0.0,0.0,8.545300000000001,0.2661,8.8114,8.8128
245,0.179,0.0024,0.1814,0.0327,0.9867695700110253,0.01323042998897464,9.4296,1.5505,9.4297,0.0001,0.0,0.0,0.0,9.4297,1.5504999999999998,10.9802,10.9803
246,0.1577,0.0008,0.1585,0.0285,0.9949526813880126,0.005047318611987382,8.3064,0.5228,8.3068,0.0004,0.0,0.0,0.0,8.3068,0.5228,8.829600000000001,8.8337
247,0.3552,0.0104,0.3656,0.0658,0.9715536105032824,0.028446389496717725,19.1796,6.7358,19.1795,0.0,0.0,0.0,0.0,19.179500000000004,6.735799999999999,25.915300000000002,25.9194
248,0.1545,0.0003,0.1548,0.0279,0.998062015503876,0.001937984496124031,9.2688,0.1918,10.2683,0.9995,0.0,0.0,0.0,10.268299999999998,0.19179999999999997,10.460099999999999,10.4595
249,0.1458,0.0038,0.1495,0.0269,0.9752508361204014,0.025418060200668897,8.0736,2.3985,8.0737,0.0001,0.0,0.0,0.0,8.073699999999999,2.3985,10.472199999999999,10.4763
250,0.1596,0.0011,0.1607,0.0289,0.9931549471064094,0.006845052893590542,8.7276,0.675,8.7272,0.0,0.0,0.0,0.0,8.727199999999998,0.675,9.402199999999999,9.4053
251,0.1287,0.0092,0.138,0.0248,0.9326086956521739,0.06666666666666667,6.9516,6.2342,6.9511,0.0,0.0,0.0,0.0,6.9511,6.2341999999999995,13.1853,13.1841
252,0.0829,0.0002,0.0831,0.015,0.9975932611311674,0.002406738868832732,4.2624,0.1299,4.2616,0.0,0.0,0.0,0.0,4.2616000000000005,0.12990000000000002,4.391500000000001,4.395
253,0.2159,0.0008,0.2166,0.039,0.9967682363804249,0.0036934441366574334,12.1104,0.4724,12.1107,0.0003,0.0,0.0,0.0,12.110700000000001,0.47240000000000004,12.583100000000002,12.5785
254,0.2903,0.0003,0.2907,0.0523,0.9986240110079119,0.0010319917440660474,16.5024,0.215,16.5021,0.0,0.0,0.0,0.0,16.5021,0.21499999999999997,16.7171,16.7215
255,0.3929,0.0007,0.3936,0.0708,0.9982215447154472,0.0017784552845528454,21.2172,0.3901,21.2166,0.0,0.0,0.0,0.0,21.216600000000003,0.3901,21.606700000000004,21.6094
256,0.084,0.0028,0.0868,0.0156,0.967741935483871,0.03225806451612903,4.7148,1.6902,4.7148,0.0,0.0,0.0,0.0,4.7148,1.6902000000000001,6.405,6.4011
257,0.1765,0.0031,0.1797,0.0323,0.9821925431274345,0.017250973845297717,9.7776,1.9201,9.7775,0.0,0.0,0.0,0.0,9.7775,1.9201000000000001,11.6976,11.7
258,0.2691,0.0051,0.2741,0.0493,0.9817584823057278,0.018606348048157608,15.096,3.3357,15.0957,0.0,0.0,0.0,0.0,15.095699999999997,3.3357000000000006,18.431399999999996,18.4331
259,0.2353,0.0005,0.2358,0.0424,0.9978795589482612,0.0021204410517387615,13.3776,0.2975,13.3772,0.0,0.0,0.0,0.0,13.377200000000002,0.2975,13.674700000000001,13.6739
260,0.0836,0.001,0.0846,0.0152,0.9881796690307328,0.011820330969267141,4.4592,0.6054,4.4591,0.0,0.0,0.0,0.0,4.459099999999999,0.6053999999999999,5.064499999999999,5.069
261,0.3112,0.0001,0.3113,0.056,0.9996787664632186,0.00032123353678123993,18.1656,0.0643,18.1659,0.0003,0.0,0.0,0.0,18.1659,0.06430000000000001,18.2302,18.2345
262,0.1924,0.0,0.1924,0.0346,1.0,0.0,10.6548,0.0077,10.6553,0.0005,0.0,0.0,0.0,10.6553,0.007699999999999999,10.663,10.659
263,0.2517,0.0111,0.2628,0.0473,0.9577625570776256,0.042237442922374434,14.496,7.2806,14.4956,0.0,0.0,0.0,0.0,14.4956,7.2806,21.7762,21.7779
264,0.3449,0.0006,0.3455,0.0622,0.9982633863965268,0.0017366136034732273,18.8592,0.3816,18.8592,0.0,0.0,0.0,0.0,18.8592,0.3816,19.2408,19.2366
265,0.2624,0.0034,0.2659,0.0479,0.9868371568258744,0.012786761940579164,14.9172,2.0836,14.9172,0.0,0.0,0.0,0.0,14.917200000000001,2.0835999999999997,17.0008,17.0032
266,0.3518,0.0007,0.3525,0.0635,0.9980141843971632,0.0019858156028368795,18.5364,0.4069,18.5364,0.0,0.0,0.0,0.0,18.5364,0.40689999999999993,18.9433,18.9404
267,0.1725,0.0,0.1725,0.0311,1.0,0.0,9.4344,0.0066,9.4347,0.0003,0.0,0.0,0.0,9.4347,0.006600000000000001,9.4413,9.4381
268,0.1295,0.0,0.1296,0.0233,0.9992283950617284,0.0,6.8232,0.0233,6.8235,0.0003,0.0,0.0,0.0,6.823499999999999,0.0233,6.846799999999999,6.8502
269,0.1659,0.0219,0.1878,0.0338,0.8833865814696485,0.11661341853035144,9.4296,13.828,12.4298,3.0002,0.0,0.0,0.0,12.4298,13.827999999999998,26.257799999999996,26.2575
270,0.1115,0.0002,0.1117,0.0201,0.9982094897045659,0.001790510295434199,6.6888,0.1489,6.6884,0.0,0.0,0.0,0.0,6.6884,0.1489,6.8373,6.8376
271,0.1682,0.0,0.1682,0.0303,1.0,0.0,10.092,0.0136,10.092,0.0,0.0,0.0,0.0,10.091999999999999,0.013600000000000001,10.105599999999999,10.1102
272,0.2394,0.0,0.2394,0.0431,1.0,0.0,12.4608,0.0093,12.4604,0.0,0.0,0.0,0.0,12.460399999999996,0.009300000000000001,12.469699999999996,12.4744
273,0.131,0.0003,0.1313,0.0236,0.9977151561309977,0.0022848438690022846,7.0728,0.1958,7.0722,0.0,0.0,0.0,0.0,7.0722000000000005,0.1958,7.268000000000001,7.2708
274,0.1869,0.003,0.1899,0.0342,0.9842022116903634,0.01579778830963665,10.092,1.9225,10.092,0.0,0.0,0.0,0.0,10.091999999999999,1.9224999999999999,12.014499999999998,12.0155
275,0.075,0.0079,0.0829,0.0149,0.9047044632086851,0.09529553679131485,4.1532,4.7687,7.1535,3.0003,0.0,0.0,0.0,7.153499999999999,4.768700000000001,11.9222,11.9176
276,0.2146,0.003,0.2176,0.0392,0.9862132352941178,0.013786764705882354,11.7324,1.9863,11.7326,0.0002,0.0,0.0,0.0,11.732600000000001,1.9863,13.718900000000001,13.7199
277,0.1678,0.0002,0.1679,0.0302,0.9994044073853485,0.0011911852293031567,9.06,0.1069,9.06,0.0,0.0,0.0,0.0,9.06,0.1069,9.1669,9.1695
278,0.0706,0.0028,0.0734,0.0132,0.9618528610354222,0.03814713896457765,3.9108,1.7249,6.9108,3.0,0.0,0.0,0.0,6.9108,1.7249,8.6357,8.6313
279,0.1182,0.0078,0.126,0.0227,0.9380952380952381,0.0619047619047619,6.546,4.6532,7.5454,0.9994,0.0,0.0,0.0,7.545399999999999,4.653200000000001,12.198599999999999,12.701
280,0.1439,0.0033,0.1472,0.0265,0.9775815217391305,0.022418478260869564,8.0736,2.0044,10.0736,2.0,0.0,0.0,0.0,10.0736,2.0044,12.078000000000001,12.0757
281,0.0673,0.0004,0.0676,0.0122,0.9955621301775148,0.00591715976331361,3.774,0.2151,3.7738,0.0,0.0,0.0,0.0,3.7737999999999996,0.2151,3.9888999999999997,3.9852
282,0.2333,0.0,0.2334,0.042,0.9995715509854328,0.0,13.0908,0.0177,13.0909,0.0001,0.0,0.0,0.0,13.090899999999998,0.0177,13.108599999999997,13.1099
283,0.2982,0.0045,0.3027,0.0545,0.9851337958374629,0.014866204162537163,16.308,2.6828,18.3078,1.9998,0.0,0.0,0.0,18.3078,2.6828000000000003,20.9906,20.9912
284,0.2865,0.0001,0.2866,0.0516,0.9996510816468944,0.0003489183531053733,16.5024,0.0583,16.5019,0.0,0.0,0.0,0.0,16.5019,0.058300000000000005,16.5602,16.5572
285,0.1093,0.0071,0.1165,0.021,0.9381974248927037,0.06094420600858369,6.0552,4.4762,8.0552,2.0,0.0,0.0,0.0,8.0552,4.4761999999999995,12.531399999999998,12.5351
286,0.1924,0.0,0.1924,0.0346,1.0,0.0,10.6548,0.0099,10.6551,0.0003,0.0,0.0,0.0,10.655100000000001,0.009899999999999999,10.665000000000001,10.6686
287,0.2722,0.0141,0.2863,0.0515,0.9507509605309116,0.04924903946908837,15.2724,8.5228,20.2727,5.0003,0.0,0.0,0.0,20.2727,8.5228,28.7955,29.2944
288,0.076,0.0012,0.0772,0.0139,0.9844559585492227,0.0155440414507772,4.2624,0.702,7.262,2.9996,0.0,0.0,0.0,7.2620000000000005,0.702,7.964,7.9601
289,0.1672,0.0126,0.1798,0.0324,0.9299221357063404,0.07007786429365963,8.9184,8.1617,13.9181,4.9997,0.0,0.0,0.0,13.918099999999999,8.161699999999998,22.0798,22.0836
290,0.2841,0.0113,0.2954,0.0532,0.9617467840216656,0.03825321597833446,16.1472,7.259,21.1472,5.0,0.0,0.0,0.0,21.1472,7.259,28.406200000000002,28.4087
291,0.0826,0.0,0.0826,0.0149,1.0,0.0,4.6344,0.0225,4.6342,0.0,0.0,0.0,0.0,4.6342,0.022499999999999996,4.6567,4.6525
292,0.1924,0.0002,0.1926,0.0347,0.9989615784008307,0.001038421599169263,10.6548,0.1419,10.6551,0.0003,0.0,0.0,0.0,10.655100000000001,0.14190000000000003,10.797,10.7992
293,0.2001,0.0011,0.2012,0.0362,0.9945328031809145,0.0054671968190854875,11.3724,0.6652,13.3725,2.0001,0.0,0.0,0.0,13.372499999999999,0.6652,14.0377,14.5356
294,0.2488,0.0007,0.2495,0.0449,0.9971943887775551,0.0028056112224448897,14.1444,0.4216,16.1444,2.0,0.0,0.0,0.0,16.144399999999997,0.4216,16.566,16.5653
295,0.1973,0.0073,0.2046,0.0368,0.9643206256109482,0.03567937438905181,10.6548,4.6126,18.6552,8.0004,0.0,0.0,0.0,18.6552,4.6126,23.2678,23.2695
296,0.0826,0.0188,0.1014,0.0183,0.814595660749507,0.1854043392504931,4.4592,11.9509,10.4589,5.9997,0.0,0.0,0.0,10.4589,11.9509,22.4098,22.4115
297,0.3347,0.0001,0.3348,0.0603,0.9997013142174432,0.00029868578255675033,18.5364,0.0544,18.5364,0.0,0.0,0.0,0.0,18.5364,0.0544,18.5908,18.5918
298,0.1394,0.0,0.1394,0.0251,1.0,0.0,7.8216,0.016,7.8216,0.0,0.0,0.0,0.0,7.821599999999999,0.016,7.837599999999999,7.8349
299,0.2384,0.0092,0.2477,0.0446,0.9624545821558337,0.03714170367379895,13.3776,5.7325,14.3773,0.9997,0.0,0.0,0.0,14.3773,5.7325,20.1098,20.1053
300,0.2551,0.0064,0.2615,0.0471,0.9755258126195028,0.024474187380497132,14.1288,4.0827,22.1288,8.0,0.0,0.0,0.0,22.1288,4.082700000000001,26.2115,26.7066
301,0.299,0.0024,0.3014,0.0542,0.9920371599203716,0.0079628400796284,16.1472,1.533,22.1472,6.0,0.0,0.0,0.0,22.147200000000005,1.5330000000000001,23.680200000000006,24.1755
302,0.289,0.0089,0.2979,0.0536,0.9701242027526015,0.029875797247398455,15.6072,5.4912,26.6069,10.9997,0.0,0.0,0.0,26.6069,5.4912,32.0981,32.5975
303,0.0769,0.0001,0.077,0.0139,0.9987012987012986,0.0012987012987012987,4.1532,0.035,4.1535,0.0003,0.0,0.0,0.0,4.1535,0.035,4.1885,4.19
304,0.2478,0.0156,0.2634,0.0474,0.940774487471526,0.059225512528473793,13.902,10.069,17.9025,4.0005,0.0,0.0,0.0,17.9025,10.069,27.9715,27.9739
305,0.1476,0.011,0.1586,0.0286,0.930643127364439,0.06935687263556116,8.0736,6.8015,21.0737,13.0001,0.0,0.0,0.0,21.073699999999995,6.801499999999999,27.875199999999992,28.3776
306,0.172,0.0,0.172,0.031,1.0,0.0,9.7776,0.0074,9.7774,0.0,0.0,0.0,0.0,9.7774,0.007400000000000001,9.7848,9.781
307,0.0809,0.001,0.0819,0.0147,0.9877899877899878,0.01221001221001221,4.2624,0.6313,4.2617,0.0,0.0,0.0,0.0,4.2617,0.6313000000000001,4.893000000000001,4.893
308,0.3831,0.0002,0.3833,0.069,0.9994782154969998,0.000521784503000261,21.2172,0.1598,22.2164,0.9992,0.0,0.0,0.0,22.216400000000004,0.1598,22.376200000000004,22.3744
309,0.2306,0.0003,0.2309,0.0416,0.9987007362494587,0.00129926375054136,13.6476,0.1586,17.6472,3.9996,0.0,0.0,0.0,17.647199999999998,0.15860000000000002,17.805799999999998,17.8046
310,0.1325,0.0004,0.1329,0.0239,0.99699021820918,0.003009781790820166,7.248,0.2247,7.2479,0.0,0.0,0.0,0.0,7.2479000000000005,0.22469999999999998,7.472600000000001,7.468
311,0.072,0.0002,0.0722,0.013,0.9972299168975068,0.002770083102493075,4.0368,0.1477,4.0369,0.0001,0.0,0.0,0.0,4.036899999999999,0.14769999999999997,4.1846,4.1824
312,0.2496,0.0192,0.2688,0.0484,0.9285714285714286,0.07142857142857142,13.6476,11.4714,32.6472,18.9996,0.0,0.0,0.0,32.6472,11.4714,44.1186,46.6226
313,0.1948,0.0151,0.2099,0.0378,0.9280609814197237,0.07193901858027632,10.6548,9.5338,42.6552,32.0004,0.0,0.0,0.0,42.65520000000001,9.5338,52.18900000000001,52.6868
314,0.1376,0.0,0.1377,0.0248,0.9992737835875092,0.0,7.8216,0.0283,7.8216,0.0,0.0,0.0,0.0,7.821599999999999,0.0283,7.849899999999999,7.8461
315,0.2796,0.0,0.2796,0.0503,1.0,0.0,15.096,0.0063,15.0958,0.0,0.0,0.0,0.0,15.095799999999997,0.0063,15.102099999999997,15.0984
316,0.084,0.0158,0.0998,0.018,0.841683366733467,0.15831663326653309,4.7148,9.94,69.7148,65.0,0.0,0.0,0.0,69.7148,9.940000000000001,79.6548,79.6568
317,0.3261,0.0152,0.3413,0.0614,0.9554644008203926,0.04453559917960739,18.5364,10.1667,43.5364,25.0,0.0,0.0,0.0,43.53639999999999,10.166699999999999,53.70309999999999,54.205
318,0.3649,0.0001,0.365,0.0657,0.9997260273972604,0.00027397260273972606,20.4708,0.074,20.4707,0.0,0.0,0.0,0.0,20.470699999999997,0.074,20.5447,20.5402
319,0.3221,0.0035,0.3256,0.0586,0.9892506142506142,0.01074938574938575,17.8368,2.2141,24.8362,6.9994,0.0,0.0,0.0,24.836199999999998,2.2141,27.0503,27.0495
320,0.2625,0.0142,0.2766,0.0498,0.9490238611713666,0.05133767172812726,14.5368,9.4629,33.5372,19.0004,0.0,0.0,0.0,33.5372,9.4629,43.000099999999996,44.5019
321,0.2368,0.0008,0.2375,0.0428,0.9970526315789474,0.003368421052631579,12.786,0.5002,17.7861,5.0001,0.0,0.0,0.0,17.7861,0.5002,18.2863,18.2822
322,0.1995,0.0004,0.1999,0.036,0.9979989994997499,0.0020010005002501254,10.3836,0.2464,10.3836,0.0,0.0,0.0,0.0,10.383599999999998,0.2464,10.629999999999997,10.6337
323,0.2249,0.0001,0.2251,0.0405,0.9991115059973344,0.00044424700133274104,12.786,0.0718,12.7861,0.0001,0.0,0.0,0.0,12.786100000000001,0.0718,12.8579,12.8597
324,0.3406,0.0034,0.344,0.0619,0.9901162790697675,0.009883720930232558,18.1656,2.1611,27.1658,9.0002,0.0,0.0,0.0,27.165799999999997,2.1611000000000002,29.3269,31.8236
325,0.2464,0.004,0.2504,0.0451,0.9840255591054313,0.01597444089456869,13.6476,2.5539,34.6472,20.9996,0.0,0.0,0.0,34.6472,2.5539,37.2011,38.6999
326,0.2621,0.0002,0.2623,0.0472,0.999237514296607,0.0007624857033930615,15.096,0.1083,15.0958,0.0,0.0,0.0,0.0,15.095799999999997,0.10830000000000001,15.204099999999997,15.1994
327,0.2861,0.0004,0.2865,0.0516,0.998603839441536,0.0013961605584642237,15.6432,0.2541,22.6436,7.0004,0.0,0.0,0.0,22.6436,0.2541,22.8977,22.9014
328,0.1616,0.0005,0.1622,0.0292,0.9963008631319358,0.0030826140567200987,8.7276,0.3285,14.7273,5.9997,0.0,0.0,0.0,14.7273,0.3285,15.0558,15.0523
329,0.2554,0.0003,0.2556,0.046,0.9992175273865416,0.0011737089201877935,14.1444,0.1629,17.1445,3.0001,0.0,0.0,0.0,17.144499999999997,0.1629,17.307399999999998,17.3074
330,0.1261,0.0194,0.1455,0.0262,0.8666666666666667,0.13333333333333336,7.0728,12.7722,24.0722,16.9994,0.0,0.0,0.0,24.072200000000006,12.7722,36.84440000000001,37.8492
331,0.2551,0.0158,0.2709,0.0488,0.9416758951642673,0.058324104835732755,14.1288,9.6066,60.1289,46.0001,0.0,0.0,0.0,60.128899999999994,9.6066,69.7355,71.2402
332,0.3218,0.0007,0.3225,0.0581,0.997829457364341,0.0021705426356589145,18.5364,0.437,24.5364,6.0,0.0,0.0,0.0,24.5364,0.43699999999999994,24.9734,24.9769
333,0.2415,0.0,0.2416,0.0435,0.9995860927152317,0.0,13.3776,0.0223,13.3768,0.0,0.0,0.0,0.0,13.3768,0.0223,13.399099999999999,13.3976
334,0.1125,0.0011,0.1136,0.0204,0.9903169014084506,0.009683098591549295,6.2304,0.7052,20.2303,13.9999,0.0,0.0,0.0,20.2303,0.7052,20.9355,21.4374
335,0.3591,0.004,0.3631,0.0654,0.9889837510327734,0.011016248967226661,19.6368,2.4185,24.6366,4.9998,0.0,0.0,0.0,24.6366,2.4185,27.055100000000003,28.5515
336,0.1212,0.0151,0.1363,0.0245,0.8892149669845928,0.1107850330154072,6.546,9.7627,42.5455,35.9995,0.0,0.0,0.0,42.545500000000004,9.762699999999999,52.3082,53.3108
337,0.1404,0.0001,0.1405,0.0253,0.9992882562277579,0.0007117437722419928,8.3064,0.0645,8.3071,0.0007,0.0,0.0,0.0,8.3071,0.0645,8.3716,8.371
338,0.0664,0.0006,0.067,0.0121,0.9910447761194029,0.008955223880597014,3.774,0.3964,13.774,10.0,0.0,0.0,0.0,13.774,0.39640000000000003,14.170399999999999,14.1673
339,0.1007,0.0022,0.1029,0.0185,0.9786200194363459,0.021379980563654033,5.436,1.3911,50.436,45.0,0.0,0.0,0.0,50.43600000000001,1.3911,51.82710000000001,53.8239
340,0.0798,0.0001,0.0798,0.0144,1.0,0.0012531328320802006,4.3632,0.031,9.3635,5.0003,0.0,0.0,0.0,9.3635,0.031,9.3945,9.3904
341,0.2769,0.0,0.2769,0.0498,1.0,0.0,16.614,0.0147,16.614,0.0,0.0,0.0,0.0,16.613999999999997,0.0147,16.6287,16.6256
342,0.251,0.0001,0.2512,0.0452,0.999203821656051,0.00039808917197452237,13.902,0.0933,14.902,1.0,0.0,0.0,0.0,14.902000000000001,0.09330000000000001,14.9953,14.9976
343,0.2039,0.0048,0.2086,0.0376,0.9774688398849473,0.023010546500479383,10.872,3.1832,83.8718,72.9998,0.0,0.0,0.0,83.87180000000001,3.1832000000000003,87.055,88.5597
344,0.2466,0.0004,0.247,0.0445,0.9983805668016195,0.001619433198380567,12.684,0.2259,13.6839,0.9999,0.0,0.0,0.0,13.683900000000001,0.2259,13.9098,14.4078
345,0.0826,0.0002,0.0828,0.0149,0.997584541062802,0.002415458937198068,4.6344,0.0992,6.6337,1.9993,0.0,0.0,0.0,6.633699999999999,0.0992,6.732899999999999,7.7368
346,0.3418,0.0077,0.3495,0.0629,0.9779685264663805,0.022031473533619457,18.6912,4.8543,59.691,40.9998,0.0,0.0,0.0,59.691,4.854299999999999,64.5453,65.5486
347,0.2903,0.0,0.2903,0.0523,1.0,0.0,16.5024,0.0114,16.5019,0.0,0.0,0.0,0.0,16.5019,0.011399999999999999,16.513299999999997,17.017
348,0.3288,0.0002,0.3291,0.0592,0.999088422971741,0.0006077180188392586,18.6912,0.1493,18.6909,0.0,0.0,0.0,0.0,18.690900000000003,0.14930000000000002,18.840200000000003,18.8367
349,0.0862,0.0226,0.1089,0.0196,0.7915518824609734,0.20752984389348025,4.7148,13.2432,82.7148,78.0,0.0,0.0,0.0,82.7148,13.2432,95.958,97.4569
350,0.2464,0.0,0.2464,0.0444,1.0,0.0,13.6476,0.0104,16.6472,2.9996,0.0,0.0,0.0,16.647199999999998,0.0104,16.6576,16.6612
351,0.172,0.0063,0.1783,0.0321,0.9646662927650028,0.0353337072349972,9.7776,3.8318,51.7769,41.9993,0.0,0.0,0.0,51.776900000000005,3.8318000000000003,55.608700000000006,59.6039
352,0.2828,0.0151,0.2979,0.0536,0.9493118496139644,0.05068815038603559,15.2724,9.8459,63.2724,48.0,0.0,0.0,0.0,63.272400000000005,9.8459,73.1183,73.1222
353,0.3744,0.0,0.3744,0.0674,1.0,0.0,20.4708,0.0203,23.4705,2.9997,0.0,0.0,0.0,23.470499999999998,0.0203,23.490799999999997,23.4933
354,0.2527,0.0,0.2527,0.0455,1.0,0.0,13.6476,0.0097,16.6471,2.9995,0.0,0.0,0.0,16.6471,0.0097,16.656799999999997,16.6598
355,0.3492,0.0003,0.3495,0.0629,0.9991416309012876,0.0008583690987124463,18.8592,0.1886,26.8593,8.0001,0.0,0.0,0.0,26.8593,0.1886,27.047900000000002,27.0444
356,0.1652,0.0009,0.1661,0.0299,0.9945815773630344,0.005418422636965683,8.9184,0.5792,20.9183,11.9999,0.0,0.0,0.0,20.918300000000002,0.5791999999999999,21.497500000000002,21.4948
357,0.1398,0.0001,0.1399,0.0252,0.9992852037169407,0.0007147962830593281,7.548,0.0513,7.5478,0.0,0.0,0.0,0.0,7.547799999999999,0.051300000000000005,7.599099999999999,7.602
358,0.2446,0.0,0.2446,0.044,1.0,0.0,13.902,0.024,13.9024,0.0004,0.0,0.0,0.0,13.9024,0.024,13.9264,13.9287
359,0.0805,0.0006,0.0811,0.0146,0.9926017262638718,0.007398273736128236,4.4592,0.3572,7.4591,2.9999,0.0,0.0,0.0,7.459099999999999,0.35719999999999996,7.816299999999999,7.812
360,0.3831,0.0001,0.3832,0.069,0.9997390396659708,0.0002609603340292276,21.2172,0.0469,23.217,1.9998,0.0,0.0,0.0,23.217000000000002,0.0469,23.263900000000003,23.2642
361,0.1995,0.0158,0.2153,0.0387,0.9266140269391547,0.07338597306084534,10.9092,10.4217,37.9091,26.9999,0.0,0.0,0.0,37.909099999999995,10.421700000000001,48.330799999999996,49.8276
362,0.3117,0.0001,0.3118,0.0561,0.9996792815907631,0.00032071840923669016,18.1956,0.0805,18.1962,0.0006,0.0,0.0,0.0,18.1962,0.08050000000000002,18.2767,18.2719
363,0.2486,0.0068,0.2553,0.046,0.9737563650607127,0.026635330983157065,14.1288,4.318,64.129,50.0002,0.0,0.0,0.0,64.129,4.318,68.447,69.9428
364,0.2249,0.0077,0.2327,0.0419,0.9664804469273743,0.033089815212720246,12.786,4.8582,30.7861,18.0001,0.0,0.0,0.0,30.7861,4.8582,35.6443,36.6471
365,0.1243,0.0003,0.1245,0.0224,0.9983935742971887,0.0024096385542168672,6.546,0.1702,6.5454,0.0,0.0,0.0,0.0,6.545399999999999,0.17020000000000002,6.715599999999999,6.7173
366,0.2369,0.0012,0.2381,0.0429,0.994960100797984,0.005039899202015959,13.6476,0.7895,41.6471,27.9995,0.0,0.0,0.0,41.647099999999995,0.7895,42.43659999999999,42.4341
367,0.1326,0.0002,0.1328,0.0239,0.9984939759036144,0.0015060240963855422,7.0728,0.1038,8.0725,0.9997,0.0,0.0,0.0,8.0725,0.1038,8.1763,8.1723
368,0.1309,0.0091,0.1399,0.0252,0.9356683345246604,0.06504646175839886,7.248,5.8733,53.2478,45.9998,0.0,0.0,0.0,53.2478,5.8732999999999995,59.1211,62.1238
369,0.1057,0.0002,0.1059,0.0191,0.9981114258734656,0.0018885741265344666,5.436,0.1175,9.436,4.0,0.0,0.0,0.0,9.436,0.1175,9.5535,9.5508
370,0.289,0.0006,0.2896,0.0521,0.99792817679558,0.002071823204419889,15.6072,0.3495,34.6069,18.9997,0.0,0.0,0.0,34.6069,0.3495,34.9564,34.957
371,0.2019,0.0001,0.202,0.0364,0.9995049504950494,0.0004950495049504951,11.7876,0.0536,11.7869,0.0,0.0,0.0,0.0,11.786900000000001,0.053599999999999995,11.8405,11.839
372,0.3,0.0002,0.3002,0.054,0.9993337774816787,0.0006662225183211193,16.614,0.1391,23.6139,6.9999,0.0,0.0,0.0,23.613899999999994,0.1391,23.752999999999993,23.7492
373,0.2651,0.0006,0.2657,0.0478,0.9977418140760256,0.002258185923974407,14.496,0.3887,35.4956,20.9996,0.0,0.0,0.0,35.495599999999996,0.38870000000000005,35.884299999999996,35.8885
374,0.296,0.0,0.296,0.0533,1.0,0.0,17.0484,0.0164,19.0482,1.9998,0.0,0.0,0.0,19.0482,0.0164,19.064600000000002,19.0678
375,0.3546,0.0023,0.3568,0.0642,0.9938340807174888,0.006446188340807174,19.6368,1.469,76.6362,56.9994,0.0,0.0,0.0,76.6362,1.469,78.1052,78.6025
376,0.0808,0.0003,0.0811,0.0146,0.9963008631319358,0.003699136868064118,4.7148,0.2203,6.7148,2.0,0.0,0.0,0.0,6.7148,0.2203,6.9351,6.9301
377,0.208,0.0021,0.2101,0.0378,0.9900047596382674,0.009995240361732508,11.3724,1.3889,40.3725,29.0001,0.0,0.0,0.0,40.37249999999999,1.3889,41.76139999999999,41.757
378,0.1971,0.0,0.1971,0.0355,1.0,0.0,10.3836,0.0209,10.3837,0.0001,0.0,0.0,0.0,10.383699999999997,0.020900000000000002,10.404599999999997,10.4037
379,0.3058,0.0024,0.3082,0.0555,0.992212848799481,0.007787151200519144,16.308,1.6159,27.3076,10.9996,0.0,0.0,0.0,27.3076,1.6158999999999997,28.9235,29.9225
380,0.1958,0.0,0.1958,0.0352,1.0,0.0,11.5848,0.0135,11.5851,0.0003,0.0,0.0,0.0,11.585100000000002,0.013499999999999998,11.598600000000003,11.6032
381,0.076,0.0094,0.0854,0.0154,0.8899297423887588,0.11007025761124122,4.2624,5.8455,46.262,41.9996,0.0,0.0,0.0,46.262,5.8454999999999995,52.1075,54.1066
382,0.1759,0.0001,0.176,0.0317,0.9994318181818183,0.0005681818181818183,9.2688,0.0405,9.2682,0.0,0.0,0.0,0.0,9.268199999999998,0.0405,9.308699999999998,9.3065
383,0.1939,0.0,0.194,0.0349,0.9994845360824741,0.0,11.322,0.0075,11.3217,0.0,0.0,0.0,0.0,11.321700000000002,0.007500000000000001,11.329200000000002,11.3273
384,0.2853,0.0002,0.2855,0.0514,0.9992994746059546,0.0007005253940455343,16.2192,0.1039,16.2195,0.0003,0.0,0.0,0.0,16.219499999999996,0.1039,16.323399999999996,16.3224
385,0.271,0.0,0.271,0.0488,1.0,0.0,15.6072,0.0124,16.6068,0.9996,0.0,0.0,0.0,16.6068,0.0124,16.6192,16.6238
386,0.1631,0.0007,0.1637,0.0295,0.9963347587049479,0.004276114844227245,9.2688,0.402,21.268,11.9992,0.0,0.0,0.0,21.268000000000004,0.40199999999999997,21.670000000000005,22.6694
387,0.1664,0.0001,0.1665,0.03,0.9993993993993993,0.0006006006006006006,9.0984,0.0741,10.0982,0.9998,0.0,0.0,0.0,10.098200000000002,0.0741,10.172300000000002,10.175
388,0.3171,0.0004,0.3175,0.0571,0.998740157480315,0.0012598425196850393,16.308,0.233,16.3078,0.0,0.0,0.0,0.0,16.3078,0.23299999999999998,16.5408,16.5372
389,0.2018,0.0,0.2018,0.0363,1.0,0.0,11.322,0.0148,12.3219,0.9999,0.0,0.0,0.0,12.321900000000001,0.014799999999999997,12.3367,12.3322
390,0.2915,0.0,0.2916,0.0525,0.9996570644718792,0.0,16.1472,0.0148,17.1474,1.0002,0.0,0.0,0.0,17.147399999999998,0.014799999999999999,17.1622,17.162
391,0.1048,0.0003,0.1052,0.0189,0.9961977186311788,0.0028517110266159692,5.6604,0.2235,8.6612,3.0008,0.0,0.0,0.0,8.6612,0.22350000000000003,8.884699999999999,8.8847
392,0.2381,0.0006,0.2387,0.043,0.9974863845831589,0.0025136154168412233,13.902,0.3522,26.9023,13.0003,0.0,0.0,0.0,26.9023,0.35219999999999996,27.2545,27.2515
393,0.2752,0.0001,0.2753,0.0495,0.9996367598982928,0.0003632401017072285,15.6432,0.0335,15.6434,0.0002,0.0,0.0,0.0,15.6434,0.0335,15.6769,15.677
394,0.1963,0.0027,0.199,0.0358,0.9864321608040201,0.013567839195979899,10.872,1.7262,29.8716,18.9996,0.0,0.0,0.0,29.871599999999994,1.7262000000000002,31.597799999999992,31.5947
395,0.2159,0.0128,0.2286,0.0412,0.9444444444444445,0.05599300087489064,12.1104,7.8328,52.1106,40.0002,0.0,0.0,0.0,52.1106,7.8328,59.9434,61.4472
396,0.1467,0.0001,0.1467,0.0264,1.0,0.0006816632583503749,7.8216,0.0556,7.8217,0.0001,0.0,0.0,0.0,7.8217,0.055600000000000004,7.8773,7.8785
397,0.1643,0.0005,0.1648,0.0297,0.9969660194174758,0.003033980582524272,9.0984,0.3323,24.0981,14.9997,0.0,0.0,0.0,24.098099999999995,0.33230000000000004,24.430399999999995,24.4347
398,0.2303,0.0,0.2303,0.0415,1.0,0.0,13.0908,0.0102,15.0908,2.0,0.0,0.0,0.0,15.090799999999998,0.0102,15.100999999999997,15.1037
399,0.1007,0.0003,0.101,0.0182,0.9970297029702969,0.00297029702970297,5.436,0.2057,8.4358,2.9998,0.0,0.0,0.0,8.4358,0.20569999999999997,8.6415,9.1374
400,0.1706,0.0002,0.1708,0.0308,0.9988290398126464,0.00117096018735363,9.0984,0.1549,9.098,0.0,0.0,0.0,0.0,9.098000000000003,0.15489999999999998,9.252900000000002,9.2538
401,0.1216,0.0,0.1217,0.0219,0.9991783073130649,0.0,6.8232,0.0225,6.8234,0.0002,0.0,0.0,0.0,6.8233999999999995,0.022500000000000003,6.845899999999999,6.8497
402,0.2096,0.0,0.2096,0.0377,1.0,0.0,10.9092,0.022,10.9092,0.0,0.0,0.0,0.0,10.909200000000002,0.022000000000000002,10.931200000000002,10.933
403,0.1139,0.0009,0.1148,0.0207,0.9921602787456446,0.0078397212543554,6.2304,0.5242,27.2302,20.9998,0.0,0.0,0.0,27.230200000000004,0.5242,27.754400000000004,27.7592
404,0.0931,0.0,0.0931,0.0168,1.0,0.0,5.436,0.0058,5.4357,0.0,0.0,0.0,0.0,5.4357000000000015,0.0058000000000000005,5.441500000000001,5.4368
405,0.3288,0.0001,0.3289,0.0592,0.9996959562176952,0.0003040437823046519,18.6912,0.0369,18.6908,0.0,0.0,0.0,0.0,18.690800000000003,0.036899999999999995,18.727700000000002,18.7273
406,0.1207,0.0006,0.1212,0.0218,0.9958745874587459,0.00495049504950495,6.9516,0.36,12.951,5.9994,0.0,0.0,0.0,12.951,0.35999999999999993,13.311,13.8111
407,0.2928,0.0012,0.2941,0.0529,0.9955797347840871,0.004080244814688882,16.2192,0.7711,18.2193,2.0001,0.0,0.0,0.0,18.2193,0.7711,18.9904,18.9862
408,0.3341,0.0004,0.3344,0.0602,0.9991028708133972,0.001196172248803828,17.5992,0.2398,18.5991,0.9999,0.0,0.0,0.0,18.5991,0.23979999999999999,18.8389,19.3418
409,0.1227,0.0002,0.1229,0.0221,0.9983726606997559,0.001627339300244101,6.546,0.126,8.5456,1.9996,0.0,0.0,0.0,8.5456,0.126,8.6716,9.6681
410,0.391,0.0013,0.3923,0.0706,0.9966862095335204,0.003313790466479735,20.8536,0.85,23.8534,2.9998,0.0,0.0,0.0,23.8534,0.8500000000000001,24.703400000000002,24.7025
411,0.0679,0.0001,0.0681,0.0123,0.9970631424375919,0.0014684287812041117,3.624,0.0875,8.624,5.0,0.0,0.0,0.0,8.623999999999999,0.0875,8.7115,8.7105
412,0.2423,0.0008,0.243,0.0437,0.997119341563786,0.003292181069958848,14.1444,0.4407,17.1446,3.0002,0.0,0.0,0.0,17.1446,0.4407000000000001,17.5853,17.5875
413,0.114,0.0,0.114,0.0205,1.0,0.0,6.3936,0.009,6.3934,0.0,0.0,0.0,0.0,6.3934,0.009,6.4024,6.4062
414,0.1681,0.0056,0.1737,0.0313,0.9677605066206103,0.03223949337938976,9.4296,3.566,36.4296,27.0,0.0,0.0,0.0,36.42960000000001,3.566,39.99560000000001,40.9999
415,0.1342,0.0007,0.1349,0.0243,0.9948109710896962,0.0051890289103039295,7.248,0.4218,11.2478,3.9998,0.0,0.0,0.0,11.247799999999998,0.4218,11.669599999999997,12.1688
416,0.1615,0.0006,0.1621,0.0292,0.9962985811227638,0.003701418877236274,9.06,0.3839,12.06,3.0,0.0,0.0,0.0,12.060000000000002,0.3839,12.443900000000003,12.9442
417,0.2355,0.0002,0.2357,0.0424,0.9991514637250742,0.0008485362749257532,14.1288,0.1281,18.1289,4.0001,0.0,0.0,0.0,18.128899999999998,0.1281,18.256999999999998,18.2587
418,0.1674,0.0038,0.1712,0.0308,0.977803738317757,0.022196261682242993,9.2688,2.4294,42.2686,32.9998,0.0,0.0,0.0,42.2686,2.4294000000000002,44.698,45.6964
419,0.2376,0.0,0.2377,0.0428,0.9995793016407236,0.0,13.6884,0.0142,17.6882,3.9998,0.0,0.0,0.0,17.6882,0.014199999999999999,17.702399999999997,17.7058
420,0.2292,0.0,0.2292,0.0413,1.0,0.0,11.7876,0.022,14.7875,2.9999,0.0,0.0,0.0,14.787500000000001,0.022,14.809500000000002,15.3102
421,0.1578,0.0019,0.1597,0.0287,0.9881026925485284,0.011897307451471509,8.5236,1.2252,24.524,16.0004,0.0,0.0,0.0,24.524,1.2252,25.749200000000002,26.7451
422,0.3259,0.0,0.3259,0.0587,1.0,0.0,17.5992,0.0078,17.5991,0.0,0.0,0.0,0.0,17.599099999999996,0.0078000000000000005,17.606899999999996,17.6105
423,0.2816,0.0026,0.2842,0.0512,0.9908515130190008,0.009148486980999295,16.2192,1.7019,36.2193,20.0001,0.0,0.0,0.0,36.21929999999999,1.7019,37.92119999999999,37.9244
424,0.2866,0.0,0.2866,0.0516,1.0,0.0,14.9172,0.0152,15.9172,1.0,0.0,0.0,0.0,15.917200000000001,0.0152,15.932400000000001,15.9305
425,0.1325,0.0027,0.1353,0.0244,0.9793052475979306,0.019955654101995565,7.248,1.7317,33.2479,25.9999,0.0,0.0,0.0,33.2479,1.7317,34.979600000000005,35.4781
426,0.1208,0.0,0.1208,0.0217,1.0,0.0,6.6888,0.0117,6.6884,0.0,0.0,0.0,0.0,6.6884,0.0117,6.7001,6.7014
427,0.3106,0.0102,0.3208,0.0577,0.9682044887780549,0.03179551122194514,16.9824,6.3974,92.9827,76.0003,0.0,0.0,0.0,92.9827,6.397399999999999,99.3801,100.3789
428,0.0837,0.0014,0.0851,0.0153,0.9835487661574618,0.01645123384253819,4.6344,0.8998,14.6341,9.9997,0.0,0.0,0.0,14.634100000000002,0.8998,15.533900000000003,15.5388
429,0.2909,0.0001,0.291,0.0524,0.9996563573883162,0.0003436426116838488,17.454,0.0398,17.4546,0.0006,0.0,0.0,0.0,17.454599999999996,0.039799999999999995,17.494399999999995,17.4929
430,0.2446,0.0003,0.2449,0.0441,0.9987750102082483,0.0012249897917517353,13.902,0.203,14.9022,1.0002,0.0,0.0,0.0,14.9022,0.20300000000000004,15.1052,15.1061
431,0.1358,0.0,0.1358,0.0244,1.0,0.0,7.8216,0.0132,7.8217,0.0001,0.0,0.0,0.0,7.8217,0.0132,7.8349,7.8338
432,0.0795,0.0011,0.0806,0.0145,0.9863523573200992,0.013647642679900745,4.4592,0.7008,14.4591,9.9999,0.0,0.0,0.0,14.459100000000003,0.7007999999999999,15.159900000000002,15.1562
433,0.2001,0.0156,0.2156,0.0388,0.9281076066790352,0.07235621521335807,11.3724,9.865,140.3725,129.0001,0.0,0.0,0.0,140.3725,9.865,150.2375,150.7382
434,0.2303,0.0002,0.2305,0.0415,0.9991323210412147,0.0008676789587852494,13.0908,0.1395,13.0909,0.0001,0.0,0.0,0.0,13.090899999999998,0.13949999999999999,13.230399999999998,13.2259
435,0.3059,0.0001,0.306,0.0551,0.9996732026143791,0.00032679738562091506,15.9216,0.0464,15.9215,0.0,0.0,0.0,0.0,15.921500000000002,0.04639999999999999,15.967900000000002,15.9688
436,0.069,0.0113,0.0803,0.0145,0.8592777085927772,0.14072229140722292,3.774,7.1694,70.774,67.0,0.0,0.0,0.0,70.774,7.1693999999999996,77.9434,78.4478
437,0.2384,0.0,0.2385,0.0429,0.99958071278826,0.0,13.3776,0.0206,13.3773,0.0,0.0,0.0,0.0,13.3773,0.020599999999999997,13.3979,13.3939
438,0.2758,0.0003,0.276,0.0497,0.9992753623188405,0.0010869565217391302,15.2724,0.1583,27.2726,12.0002,0.0,0.0,0.0,27.272600000000004,0.1583,27.430900000000005,27.428
439,0.3406,0.0007,0.3413,0.0614,0.9979490184588339,0.0020509815411661296,18.1656,0.4341,21.1659,3.0003,0.0,0.0,0.0,21.1659,0.43410000000000004,21.6,21.6043
440,0.3137,0.0,0.3137,0.0565,1.0,0.0,17.5992,0.0171,20.5988,2.9996,0.0,0.0,0.0,20.598799999999997,0.0171,20.615899999999996,20.6201
441,0.1019,0.0004,0.1022,0.0184,0.9970645792563602,0.00391389432485323,5.8668,0.2518,9.8665,3.9997,0.0,0.0,0.0,9.866499999999998,0.25179999999999997,10.118299999999998,10.1171
442,0.3018,0.0012,0.303,0.0545,0.9960396039603961,0.0039603960396039604,16.5024,0.7571,23.502,6.9996,0.0,0.0,0.0,23.502000000000002,0.7571000000000001,24.259100000000004,24.2594
443,0.074,0.0034,0.0774,0.0139,0.9560723514211886,0.04392764857881137,4.1532,2.1421,37.1534,33.0002,0.0,0.0,0.0,37.1534,2.1421,39.2955,39.7936
444,0.2788,0.0,0.2788,0.0502,1.0,0.0,15.6432,0.0059,15.6436,0.0004,0.0,0.0,0.0,15.6436,0.0059,15.6495,15.6481
445,0.1963,0.0027,0.199,0.0358,0.9864321608040201,0.013567839195979899,10.872,1.6194,39.8718,28.9998,0.0,0.0,0.0,39.8718,1.6193999999999997,41.4912,42.9904
446,0.0795,0.0139,0.0934,0.0168,0.8511777301927195,0.1488222698072805,4.4592,9.2245,46.459,41.9998,0.0,0.0,0.0,46.459,9.2245,55.6835,56.6884
447,0.3096,0.0053,0.3149,0.0567,0.9831692600825658,0.016830739917434105,17.5992,3.3499,72.5987,54.9995,0.0,0.0,0.0,72.5987,3.3499,75.9486,78.4487
448,0.1938,0.0048,0.1986,0.0357,0.9758308157099698,0.024169184290030208,10.872,2.9393,76.8719,65.9999,0.0,0.0,0.0,76.87190000000001,2.9393,79.81120000000001,81.8134
449,0.2803,0.0018,0.2822,0.0508,0.9932671863926293,0.0063784549964564135,16.1472,1.1776,28.1473,12.0001,0.0,0.0,0.0,28.147300000000005,1.1776000000000002,29.324900000000007,29.3209
450,0.0798,0.0035,0.0833,0.015,0.9579831932773109,0.04201680672268908,4.3632,2.2812,23.3636,19.0004,0.0,0.0,0.0,23.363600000000005,2.2812,25.644800000000004,27.1422
451,0.2132,0.0002,0.2135,0.0384,0.9985948477751757,0.0009367681498829041,11.3724,0.165,14.3726,3.0002,0.0,0.0,0.0,14.3726,0.165,14.5376,14.5349
452,0.2496,0.0003,0.2498,0.045,0.9991993594875901,0.0012009607686148918,13.6476,0.1827,16.647,2.9994,0.0,0.0,0.0,16.647,0.18269999999999997,16.8297,16.8336
453,0.2869,0.0026,0.2895,0.0521,0.9910189982728843,0.008981001727115717,16.308,1.4868,70.3078,53.9998,0.0,0.0,0.0,70.30780000000001,1.4868000000000001,71.79460000000002,76.2968
454,0.1182,0.0002,0.1184,0.0213,0.9983108108108107,0.0016891891891891893,6.546,0.1157,8.5454,1.9994,0.0,0.0,0.0,8.545399999999999,0.1157,8.6611,8.6643
455,0.2691,0.0023,0.2714,0.0488,0.9915254237288137,0.00847457627118644,15.096,1.542,63.0958,47.9998,0.0,0.0,0.0,63.095800000000004,1.542,64.6378,66.1345
456,0.0748,0.0029,0.0777,0.014,0.9626769626769627,0.037323037323037316,4.0368,1.9821,33.0369,29.0001,0.0,0.0,0.0,33.03689999999999,1.9821000000000002,35.01899999999999,36.0191
457,0.2793,0.0001,0.2794,0.0503,0.9996420901932713,0.0003579098067287044,15.2724,0.0431,20.2728,5.0004,0.0,0.0,0.0,20.2728,0.0431,20.3159,20.3135
458,0.1468,0.0,0.1468,0.0264,1.0,0.0,7.548,0.0123,7.548,0.0,0.0,0.0,0.0,7.547999999999998,0.0123,7.560299999999998,7.5566
459,0.353,0.001,0.354,0.0637,0.9971751412429378,0.0028248587570621473,20.0652,0.6245,25.0657,5.0005,0.0,0.0,0.0,25.065700000000003,0.6244999999999999,25.690200000000004,25.6895
460,0.2948,0.0001,0.295,0.0531,0.9993220338983052,0.00033898305084745765,15.9216,0.089,17.9216,2.0,0.0,0.0,0.0,17.921599999999998,0.08900000000000001,18.010599999999997,18.5087
461,0.0729,0.0,0.0729,0.0131,1.0,0.0,4.0368,0.008,4.0368,0.0,0.0,0.0,0.0,4.0367999999999995,0.008,4.0447999999999995,4.0498
462,0.1402,0.0014,0.1416,0.0255,0.9901129943502824,0.009887005649717513,8.0736,0.912,35.0738,27.0002,0.0,0.0,0.0,35.073800000000006,0.9119999999999998,35.985800000000005,36.9884
463,0.2759,0.0001,0.276,0.0497,0.9996376811594201,0.00036231884057971015,14.5368,0.0688,15.5371,1.0003,0.0,0.0,0.0,15.537099999999999,0.0688,15.605899999999998,15.6059
464,0.251,0.0001,0.2512,0.0452,0.999203821656051,0.00039808917197452237,13.902,0.0916,18.9023,5.0003,0.0,0.0,0.0,18.9023,0.09159999999999999,18.9939,18.989
465,0.2313,0.0,0.2313,0.0416,1.0,0.0,13.6884,0.0075,14.688,0.9996,0.0,0.0,0.0,14.688,0.007500000000000001,14.695500000000001,14.6953
466,0.1556,0.0189,0.1745,0.0314,0.8916905444126074,0.10830945558739256,8.7276,11.4742,51.7273,42.9997,0.0,0.0,0.0,51.7273,11.474200000000002,63.2015,64.1988
467,0.1846,0.0128,0.1973,0.0355,0.9356310187531677,0.06487582361885454,10.092,8.4836,28.0921,18.0001,0.0,0.0,0.0,28.092100000000006,8.4836,36.575700000000005,38.0713
468,0.1287,0.0043,0.1331,0.0239,0.9669421487603307,0.032306536438767845,6.9516,2.744,23.951,16.9994,0.0,0.0,0.0,23.951,2.744,26.695,26.6963
469,0.1519,0.0002,0.1522,0.0274,0.9980289093298292,0.001314060446780552,8.5236,0.15,20.5242,12.0006,0.0,0.0,0.0,20.5242,0.14999999999999997,20.6742,20.6766
470,0.1223,0.0096,0.132,0.0238,0.9265151515151515,0.07272727272727272,6.6888,6.2733,54.6885,47.9997,0.0,0.0,0.0,54.688500000000005,6.2733,60.961800000000004,61.961
471,0.2046,0.0,0.2047,0.0368,0.9995114802149487,0.0,11.7876,0.0232,11.7874,0.0,0.0,0.0,0.0,11.787400000000002,0.023200000000000002,11.8106,11.8137
472,0.3449,0.0026,0.3475,0.0626,0.9925179856115108,0.007482014388489209,18.8592,1.6583,53.8593,35.0001,0.0,0.0,0.0,53.859300000000005,1.6583,55.5176,57.0153
473,0.2364,0.0015,0.2379,0.0428,0.9936948297604036,0.006305170239596469,13.0908,0.9796,22.0909,9.0001,0.0,0.0,0.0,22.090900000000005,0.9795999999999999,23.070500000000006,24.5748
474,0.2103,0.0002,0.2105,0.0379,0.9990498812351544,0.0009501187648456058,12.1104,0.132,12.1108,0.0004,0.0,0.0,0.0,12.110800000000001,0.132,12.2428,12.2446
475,0.1007,0.0001,0.1008,0.0181,0.9990079365079365,0.000992063492063492,5.436,0.0891,6.4358,0.9998,0.0,0.0,0.0,6.4358,0.0891,6.524900000000001,6.5293
476,0.2327,0.0004,0.233,0.0419,0.9987124463519312,0.0017167381974248926,12.1104,0.2345,26.1105,14.0001,0.0,0.0,0.0,26.1105,0.2345,26.345,26.3485
477,0.3151,0.0038,0.3189,0.0574,0.9880840388836625,0.01191596111633741,17.454,2.3457,58.4544,41.0004,0.0,0.0,0.0,58.45440000000001,2.3457000000000003,60.80010000000001,61.3024
478,0.1765,0.0002,0.1768,0.0318,0.9983031674208144,0.0011312217194570135,9.7776,0.1429,10.7773,0.9997,0.0,0.0,0.0,10.7773,0.14289999999999997,10.9202,10.9243
479,0.0969,0.0041,0.101,0.0182,0.9594059405940594,0.040594059405940595,5.436,2.4758,77.436,72.0,0.0,0.0,0.0,77.436,2.4757999999999996,79.9118,81.413
480,0.362,0.0001,0.3622,0.0652,0.9994478188845941,0.00027609055770292653,20.8536,0.089,20.8535,0.0,0.0,0.0,0.0,20.8535,0.089,20.9425,20.94
481,0.1111,0.0,0.1111,0.02,1.0,0.0,6.2304,0.0104,7.2301,0.9997,0.0,0.0,0.0,7.230099999999998,0.010399999999999998,7.240499999999998,7.2416
482,0.2001,0.0011,0.2011,0.0362,0.9950273495773247,0.005469915464942815,11.3724,0.7151,13.3726,2.0002,0.0,0.0,0.0,13.372599999999998,0.7151,14.087699999999998,14.0906
483,0.1578,0.0075,0.1654,0.0298,0.9540507859733979,0.04534461910519952,8.5236,4.9052,46.5242,38.0006,0.0,0.0,0.0,46.5242,4.9052,51.4294,54.9322
484,0.1107,0.0002,0.111,0.02,0.9972972972972973,0.0018018018018018018,6.0552,0.1447,13.0552,7.0,0.0,0.0,0.0,13.0552,0.1447,13.1999,13.1955
485,0.4076,0.0001,0.4077,0.0734,0.9997547216090262,0.0002452783909737552,21.2172,0.048,24.2169,2.9997,0.0,0.0,0.0,24.216900000000003,0.047999999999999994,24.2649,24.2607
486,0.0769,0.0003,0.0772,0.0139,0.9961139896373056,0.0038860103626943,4.1532,0.163,4.1535,0.0003,0.0,0.0,0.0,4.1535,0.163,4.3165000000000004,4.3203
487,0.0851,0.005,0.0901,0.0162,0.9445061043285238,0.05549389567147614,4.7148,3.1713,18.7148,14.0,0.0,0.0,0.0,18.714800000000004,3.1712999999999996,21.886100000000003,22.3898
488,0.1415,0.0,0.1415,0.0255,1.0,0.0,7.548,0.0063,7.5479,0.0,0.0,0.0,0.0,7.5478999999999985,0.006300000000000001,7.554199999999999,7.5546
489,0.2828,0.0001,0.2829,0.0509,0.9996465182043125,0.0003534817956875221,15.2724,0.0455,15.2732,0.0008,0.0,0.0,0.0,15.2732,0.04549999999999999,15.3187,15.3156
490,0.3106,0.0,0.3106,0.0559,1.0,0.0,16.9824,0.0107,16.9825,0.0001,0.0,0.0,0.0,16.9825,0.010700000000000001,16.9932,16.9936
491,0.0766,0.0001,0.0767,0.0138,0.998696219035202,0.001303780964797914,4.0368,0.0691,4.0368,0.0,0.0,0.0,0.0,4.0367999999999995,0.0691,4.105899999999999,4.1043
492,0.3137,0.0004,0.3141,0.0565,0.9987265202164916,0.0012734797835084368,17.5992,0.2438,20.5988,2.9996,0.0,0.0,0.0,20.598799999999997,0.24380000000000002,20.842599999999997,20.8418
493,0.0832,0.0078,0.091,0.0164,0.9142857142857143,0.08571428571428572,4.5492,4.8135,32.5489,27.9997,0.0,0.0,0.0,32.5489,4.8135,37.3624,41.3589
494,0.3192,0.0009,0.32,0.0576,0.9974999999999999,0.0028125,17.454,0.5852,24.4544,7.0004,0.0,0.0,0.0,24.4544,0.5852,25.0396,25.5399
495,0.3814,0.0005,0.3818,0.0687,0.9989523310633841,0.0013095861707700367,20.8536,0.3464,28.8534,7.9998,0.0,0.0,0.0,28.8534,0.34640000000000004,29.1998,29.1995
496,0.3027,0.0026,0.3053,0.055,0.9914837864395677,0.00851621356043236,16.9824,1.5282,35.9825,19.0001,0.0,0.0,0.0,35.982499999999995,1.5282,37.51069999999999,38.5117
497,0.2587,0.0025,0.2612,0.047,0.9904287901990811,0.009571209800918837,14.1444,1.5829,28.1444,14.0,0.0,0.0,0.0,28.144399999999997,1.5829000000000002,29.727299999999996,31.2313
498,0.1327,0.0001,0.1327,0.0239,1.0,0.0007535795026375283,6.8232,0.0417,6.8233,0.0001,0.0,0.0,0.0,6.8233,0.0417,6.864999999999999,6.8603
499,0.2131,0.0001,0.2132,0.0384,0.9995309568480301,0.00046904315196998124,12.786,0.0744,12.7862,0.0002,0.0,0.0,0.0,12.786200000000001,0.0744,12.860600000000002,12.8637
500,0.3412,0.0001,0.3413,0.0614,0.9997070026369763,0.0002929973630237328,18.1956,0.094,21.1958,3.0002,0.0,0.0,0.0,21.195800000000002,0.09400000000000001,21.289800000000003,21.2919
501,0.1768,0.0048,0.1816,0.0327,0.973568281938326,0.026431718061674006,9.4296,3.0243,44.4297,35.0001,0.0,0.0,0.0,44.42970000000001,3.0242999999999998,47.45400000000001,49.951
502,0.1924,0.0005,0.1929,0.0347,0.9974079834110938,0.0025920165889061694,10.6548,0.336,14.6552,4.0004,0.0,0.0,0.0,14.6552,0.336,14.991200000000001,15.4961
503,0.1066,0.0,0.1066,0.0192,1.0,0.0,6.3936,0.0306,6.3931,0.0,0.0,0.0,0.0,6.3931,0.030600000000000006,6.423699999999999,6.4256
504,0.2625,0.0001,0.2626,0.0473,0.9996191926884996,0.0003808073115003808,14.5368,0.0594,20.537,6.0002,0.0,0.0,0.0,20.537000000000006,0.0594,20.596400000000006,20.6012
505,0.1275,0.0006,0.1281,0.0231,0.9953161592505856,0.00468384074941452,7.248,0.3949,31.2479,23.9999,0.0,0.0,0.0,31.247899999999994,0.39490000000000003,31.642799999999994,31.6438
506,0.1227,0.0004,0.1232,0.0222,0.9959415584415584,0.003246753246753247,6.546,0.2741,13.5458,6.9998,0.0,0.0,0.0,13.5458,0.2741,13.8199,13.8163
507,0.1216,0.0044,0.1261,0.0227,0.9643140364789851,0.03489294210943696,6.8232,2.6571,61.8234,55.0002,0.0,0.0,0.0,61.82340000000001,2.6571000000000007,64.4805,64.9817
508,0.097,0.0003,0.0972,0.0175,0.9979423868312758,0.0030864197530864196,5.6604,0.1788,8.661,3.0006,0.0,0.0,0.0,8.661,0.17880000000000004,8.8398,9.3366
509,0.0646,0.0048,0.0694,0.0125,0.930835734870317,0.06916426512968299,3.624,3.1647,25.6239,21.9999,0.0,0.0,0.0,25.623899999999995,3.1647,28.788599999999995,30.2882
510,0.2651,0.0001,0.2652,0.0477,0.9996229260935143,0.0003770739064856712,14.496,0.0521,14.4957,0.0,0.0,0.0,0.0,14.4957,0.052099999999999994,14.547799999999999,14.5483
511,0.1121,0.0,0.1121,0.0202,1.0,0.0,6.546,0.0085,7.5454,0.9994,0.0,0.0,0.0,7.545399999999999,0.0085,7.553899999999999,7.5514
512,0.2472,0.0099,0.2571,0.0463,0.9614935822637106,0.038506417736289385,13.6884,6.4883,52.688,38.9996,0.0,0.0,0.0,52.688,6.488299999999999,59.1763,64.181
513,0.1588,0.0,0.1588,0.0286,1.0,0.0,9.2688,0.0118,11.2681,1.9993,0.0,0.0,0.0,11.268099999999997,0.011799999999999998,11.279899999999996,11.2797
514,0.1675,0.0,0.1675,0.0302,1.0,0.0,9.7776,0.0305,10.777,0.9994,0.0,0.0,0.0,10.777,0.030500000000000003,10.8075,10.8031
515,0.2662,0.0,0.2662,0.0479,1.0,0.0,13.6884,0.0072,13.6879,0.0,0.0,0.0,0.0,13.687900000000003,0.0072,13.695100000000002,13.6987
516,0.0731,0.0,0.0731,0.0132,1.0,0.0,4.1532,0.0082,4.1534,0.0002,0.0,0.0,0.0,4.1534,0.0082,4.161600000000001,4.1665
517,0.1974,0.0001,0.1975,0.0356,0.9994936708860759,0.0005063291139240507,11.3724,0.0458,11.3727,0.0003,0.0,0.0,0.0,11.372699999999998,0.0458,11.418499999999998,11.416
518,0.1121,0.0045,0.1166,0.021,0.9614065180102916,0.038593481989708404,6.0552,2.9558,50.0552,44.0,0.0,0.0,0.0,50.055200000000006,2.9558,53.01100000000001,55.5102
519,0.2242,0.0006,0.2248,0.0405,0.9973309608540926,0.002669039145907473,13.0908,0.3451,23.0909,10.0001,0.0,0.0,0.0,23.0909,0.34509999999999996,23.436,23.4382
520,0.3288,0.0,0.3289,0.0592,0.9996959562176952,0.0,18.6912,0.0152,22.6908,3.9996,0.0,0.0,0.0,22.690800000000003,0.015200000000000002,22.706000000000003,22.702
521,0.0826,0.0001,0.0827,0.0149,0.9987908101571948,0.0012091898428053206,4.4592,0.0476,4.459,0.0,0.0,0.0,0.0,4.459,0.0476,4.5066,4.5102
522,0.0788,0.0,0.0789,0.0142,0.9987325728770595,0.0,4.1532,0.0177,9.1536,5.0004,0.0,0.0,0.0,9.153599999999999,0.0177,9.171299999999999,9.1699
523,0.2639,0.0001,0.264,0.0475,0.9996212121212121,0.0003787878787878788,13.902,0.0884,14.9025,1.0005,0.0,0.0,0.0,14.9025,0.0884,14.9909,15.4895
524,0.161,0.0176,0.1786,0.0321,0.9014557670772676,0.09854423292273236,8.9184,11.0447,69.918,60.9996,0.0,0.0,0.0,69.918,11.044700000000002,80.96270000000001,83.9658
525,0.1768,0.0001,0.1769,0.0318,0.9994347088750707,0.0005652911249293387,9.4296,0.042,12.4297,3.0001,0.0,0.0,0.0,12.4297,0.042,12.4717,12.4757
526,0.1775,0.0126,0.1902,0.0342,0.9332281808622501,0.06624605678233439,10.092,7.5033,42.0922,32.0002,0.0,0.0,0.0,42.0922,7.5033,49.5955,52.092
527,0.1239,0.009,0.1328,0.0239,0.9329819277108433,0.0677710843373494,6.6888,5.1903,41.6886,34.9998,0.0,0.0,0.0,41.6886,5.1903,46.8789,50.8789
528,0.1616,0.0001,0.1617,0.0291,0.9993815708101421,0.0006184291898577612,8.7276,0.0392,10.7271,1.9995,0.0,0.0,0.0,10.7271,0.0392,10.7663,10.7616
529,0.3347,0.0011,0.3358,0.0604,0.9967242406194163,0.003275759380583681,18.5364,0.6669,37.5364,19.0,0.0,0.0,0.0,37.5364,0.6669,38.2033,38.7037
530,0.2875,0.0003,0.2877,0.0518,0.9993048314216196,0.0010427528675703856,15.9216,0.1753,19.9216,4.0,0.0,0.0,0.0,19.921599999999998,0.1753,20.096899999999998,20.0989
531,0.2897,0.0116,0.3013,0.0542,0.9615001659475606,0.038499834052439424,15.6432,7.5676,56.6435,41.0003,0.0,0.0,0.0,56.6435,7.5676,64.2111,67.2099
532,0.1325,0.0086,0.1411,0.0254,0.9390503189227498,0.06094968107725018,7.248,5.3015,61.2478,53.9998,0.0,0.0,0.0,61.24779999999999,5.3015,66.54929999999999,68.0505
533,0.2488,0.0119,0.2608,0.0469,0.9539877300613497,0.04562883435582823,14.1444,7.2496,74.1445,60.0001,0.0,0.0,0.0,74.14450000000001,7.249600000000001,81.39410000000001,86.3968
534,0.1643,0.0022,0.1665,0.03,0.9867867867867868,0.013213213213213214,9.0984,1.4929,33.0981,23.9997,0.0,0.0,0.0,33.0981,1.4929,34.591,35.0931
535,0.2477,0.0002,0.2478,0.0446,0.9995964487489911,0.0008071025020177563,13.2084,0.1167,17.2086,4.0002,0.0,0.0,0.0,17.208599999999997,0.1167,17.3253,17.3243
536,0.0851,0.0024,0.0876,0.0158,0.9714611872146118,0.0273972602739726,4.7148,1.4766,50.7148,46.0,0.0,0.0,0.0,50.7148,1.4765999999999997,52.191399999999994,52.194
537,0.2215,0.0027,0.2242,0.0404,0.987957181088314,0.012042818911685994,12.1104,1.724,55.1104,43.0,0.0,0.0,0.0,55.1104,1.724,56.834399999999995,59.8367
538,0.2309,0.0,0.2309,0.0416,1.0,0.0,12.786,0.0173,12.7863,0.0003,0.0,0.0,0.0,12.7863,0.017300000000000003,12.803600000000001,12.8018
539,0.1005,0.0,0.1005,0.0181,1.0,0.0,5.8668,0.0168,5.8665,0.0,0.0,0.0,0.0,5.8665,0.0168,5.8833,5.8839
540,0.1743,0.0001,0.1744,0.0314,0.9994266055045872,0.0005733944954128441,9.7776,0.0507,11.7772,1.9996,0.0,0.0,0.0,11.7772,0.050699999999999995,11.827900000000001,11.8253
541,0.069,0.0024,0.0714,0.0128,0.9663865546218487,0.03361344537815125,3.774,1.5596,32.774,29.0,0.0,0.0,0.0,32.774,1.5596,34.333600000000004,34.8382
542,0.0779,0.0044,0.0823,0.0148,0.9465370595382746,0.0534629404617254,4.2624,2.7116,49.2619,44.9995,0.0,0.0,0.0,49.261900000000004,2.7116,51.9735,55.4726
543,0.0629,0.0003,0.0632,0.0114,0.9952531645569619,0.004746835443037974,3.624,0.2013,4.6239,0.9999,0.0,0.0,0.0,4.6239,0.2013,4.8252,4.8281
544,0.1082,0.0161,0.1243,0.0224,0.8704746580852777,0.12952534191472245,6.2304,10.6648,31.2304,25.0,0.0,0.0,0.0,31.230400000000003,10.6648,41.8952,44.8926
545,0.1765,0.0014,0.1779,0.032,0.9921304103428892,0.007869589657110735,9.7776,0.9036,34.7771,24.9995,0.0,0.0,0.0,34.7771,0.9036,35.680699999999995,35.6842
546,0.1643,0.0024,0.1667,0.03,0.9856028794241153,0.014397120575884824,9.0984,1.5373,34.0982,24.9998,0.0,0.0,0.0,34.098200000000006,1.5372999999999999,35.63550000000001,38.1375
547,0.2584,0.0001,0.2585,0.0465,0.9996131528046422,0.00038684719535783365,14.496,0.0549,14.4956,0.0,0.0,0.0,0.0,14.4956,0.0549,14.5505,14.5496
548,0.1916,0.0,0.1916,0.0345,1.0,0.0,10.092,0.0152,14.092,4.0,0.0,0.0,0.0,14.091999999999999,0.015199999999999998,14.107199999999999,14.1046
549,0.2912,0.001,0.2921,0.0526,0.9969188634029441,0.0034234851078397805,15.9216,0.6142,18.9216,3.0,0.0,0.0,0.0,18.921599999999998,0.6142,19.5358,19.5383
550,0.172,0.0002,0.1722,0.031,0.9988385598141696,0.00116144018583043,9.7776,0.1082,14.7775,4.9999,0.0,0.0,0.0,14.7775,0.10820000000000002,14.8857,14.886
551,0.1111,0.0036,0.1147,0.0206,0.968613775065388,0.03138622493461203,6.2304,2.3376,31.2302,24.9998,0.0,0.0,0.0,31.230200000000004,2.3376,33.567800000000005,37.0702
552,0.1741,0.0,0.1741,0.0313,1.0,0.0,9.06,0.024,14.06,5.0,0.0,0.0,0.0,14.060000000000002,0.024,14.084000000000001,14.588
553,0.1858,0.0001,0.1859,0.0335,0.9994620763851532,0.0005379236148466917,11.148,0.0701,11.1479,0.0,0.0,0.0,0.0,11.147900000000002,0.07010000000000001,11.218000000000002,11.7174
554,0.1086,0.0,0.1087,0.0196,0.9990800367985281,0.0,5.8668,0.0085,8.866,2.9992,0.0,0.0,0.0,8.866,0.0085,8.8745,8.87
555,0.3018,0.0053,0.3071,0.0553,0.982741777922501,0.017258222077499188,16.5024,3.4056,30.5018,13.9994,0.0,0.0,0.0,30.5018,3.4056,33.9074,34.9026
556,0.2909,0.0,0.2909,0.0524,1.0,0.0,17.454,0.0225,18.4544,1.0004,0.0,0.0,0.0,18.454399999999996,0.0225,18.476899999999997,18.4729
557,0.18,0.0002,0.1803,0.0325,0.9983361064891847,0.0011092623405435386,10.6548,0.1625,10.6552,0.0004,0.0,0.0,0.0,10.6552,0.16249999999999998,10.8177,10.8211
558,0.0858,0.0045,0.0903,0.0163,0.9501661129568106,0.04983388704318936,4.6344,2.6694,12.6342,7.9998,0.0,0.0,0.0,12.6342,2.6694,15.3036,17.8048
559,0.3484,0.0005,0.3489,0.0628,0.998566924620235,0.0014330753797649758,20.0652,0.3322,24.0657,4.0005,0.0,0.0,0.0,24.065700000000003,0.3322,24.397900000000003,24.8978
560,0.328,0.0,0.328,0.059,1.0,0.0,18.1656,0.0085,18.1658,0.0002,0.0,0.0,0.0,18.1658,0.008499999999999999,18.174300000000002,18.1694
561,0.3315,0.0001,0.3316,0.0597,0.9996984318455971,0.0003015681544028951,17.0484,0.0393,17.0482,0.0,0.0,0.0,0.0,17.0482,0.0393,17.087500000000002,17.0839
562,0.2308,0.0002,0.231,0.0416,0.9991341991341991,0.0008658008658008658,12.4608,0.1386,16.4605,3.9997,0.0,0.0,0.0,16.4605,0.1386,16.5991,16.5967
563,0.3341,0.0002,0.3343,0.0602,0.9994017349685912,0.0005982650314089142,17.5992,0.1293,27.5989,9.9997,0.0,0.0,0.0,27.598899999999997,0.1293,27.728199999999998,27.7233
564,0.1657,0.0,0.1657,0.0298,1.0,0.0,9.06,0.0226,10.0598,0.9998,0.0,0.0,0.0,10.0598,0.0226,10.0824,10.0814
565,0.2824,0.0127,0.2952,0.0531,0.9566395663956638,0.043021680216802166,15.6432,7.9807,40.6438,25.0006,0.0,0.0,0.0,40.6438,7.980699999999999,48.6245,50.1208
566,0.1192,0.0021,0.1214,0.0218,0.9818780889621088,0.01729818780889621,6.6888,1.2877,26.6883,19.9995,0.0,0.0,0.0,26.68830000000001,1.2877,27.97600000000001,29.4789
567,0.2132,0.0007,0.2139,0.0385,0.9967274427302477,0.0032725572697522207,11.3724,0.4124,28.3725,17.0001,0.0,0.0,0.0,28.372500000000006,0.41240000000000004,28.784900000000007,28.7832
568,0.1009,0.0002,0.1011,0.0182,0.9980217606330367,0.001978239366963403,5.6604,0.1066,9.661,4.0006,0.0,0.0,0.0,9.661,0.10660000000000001,9.7676,10.2646
569,0.3238,0.0,0.3238,0.0583,1.0,0.0,18.1656,0.0072,20.1657,2.0001,0.0,0.0,0.0,20.1657,0.0072,20.172900000000002,20.1715
570,0.3231,0.0,0.3231,0.0582,1.0,0.0,18.8592,0.013,19.8593,1.0001,0.0,0.0,0.0,19.8593,0.013000000000000001,19.872300000000003,19.874
571,0.1336,0.0,0.1336,0.024,1.0,0.0,6.9516,0.0118,6.9508,0.0,0.0,0.0,0.0,6.950800000000001,0.011799999999999998,6.962600000000001,6.9651
572,0.2692,0.0007,0.2699,0.0486,0.9974064468321602,0.002593553167839941,14.5368,0.4546,25.5371,11.0003,0.0,0.0,0.0,25.537100000000002,0.45459999999999995,25.9917,26.9927
573,0.1519,0.0001,0.152,0.0274,0.9993421052631579,0.0006578947368421054,8.5236,0.0412,8.5241,0.0005,0.0,0.0,0.0,8.5241,0.0412,8.5653,8.5669
574,0.0738,0.0001,0.0739,0.0133,0.9986468200270637,0.0013531799729364006,4.0368,0.0607,7.0368,3.0,0.0,0.0,0.0,7.0368,0.0607,7.0975,7.0965
575,0.0895,0.0003,0.0898,0.0162,0.9966592427616926,0.0033407572383073493,4.7148,0.1641,7.7148,3.0,0.0,0.0,0.0,7.7148,0.16410000000000002,7.878900000000001,7.8837
576,0.1277,0.0191,0.1468,0.0264,0.8698910081743869,0.13010899182561306,7.0728,12.3921,24.0723,16.9995,0.0,0.0,0.0,24.072300000000006,12.392100000000001,36.464400000000005,37.9689
577,0.1239,0.0012,0.1251,0.0225,0.9904076738609113,0.009592326139088728,6.9516,0.7306,19.9514,12.9998,0.0,0.0,0.0,19.9514,0.7305999999999999,20.682,22.1808
578,0.3344,0.0001,0.3345,0.0602,0.9997010463378175,0.00029895366218236175,20.0652,0.0377,20.0659,0.0007,0.0,0.0,0.0,20.0659,0.0377,20.1036,20.0992
579,0.2401,0.0177,0.2578,0.0464,0.9313421256788209,0.06865787432117922,13.6476,10.7483,44.6473,30.9997,0.0,0.0,0.0,44.6473,10.7483,55.3956,55.4003
580,0.1439,0.0069,0.1508,0.0271,0.9542440318302388,0.045755968169761276,8.0736,4.5683,21.0736,13.0,0.0,0.0,0.0,21.073599999999992,4.5683,25.641899999999993,25.64
581,0.0731,0.0009,0.074,0.0133,0.9878378378378379,0.012162162162162163,4.1532,0.5731,12.1536,8.0004,0.0,0.0,0.0,12.153599999999997,0.5730999999999999,12.726699999999997,13.723
582,0.275,0.0,0.2751,0.0495,0.9996364958197019,0.0,16.5024,0.0223,16.5017,0.0,0.0,0.0,0.0,16.5017,0.0223,16.524,16.5233
583,0.2915,0.0001,0.2917,0.0525,0.9993143640726773,0.00034281796366129587,16.1472,0.0683,18.1475,2.0003,0.0,0.0,0.0,18.147500000000004,0.0683,18.215800000000005,18.2187
584,0.2261,0.0,0.2261,0.0407,1.0,0.0,12.684,0.0094,12.6835,0.0,0.0,0.0,0.0,12.683500000000002,0.009400000000000002,12.692900000000002,12.6939
585,0.1812,0.0,0.1812,0.0326,1.0,0.0,9.4296,0.0241,11.4296,2.0,0.0,0.0,0.0,11.4296,0.024099999999999996,11.453700000000001,11.4569
586,0.069,0.0047,0.0738,0.0133,0.9349593495934959,0.06368563685636856,3.774,2.7643,26.7739,22.9999,0.0,0.0,0.0,26.773899999999994,2.7642999999999995,29.538199999999993,31.5336
587,0.1107,0.0037,0.1144,0.0206,0.9676573426573427,0.032342657342657344,6.0552,2.2784,27.0552,21.0,0.0,0.0,0.0,27.0552,2.2784,29.3336,31.8339
588,0.1716,0.0026,0.1743,0.0314,0.9845094664371772,0.014916810097532988,9.2688,1.6311,17.2682,7.9994,0.0,0.0,0.0,17.268199999999997,1.6311000000000002,18.899299999999997,19.3982
589,0.3138,0.0138,0.3276,0.059,0.9578754578754579,0.04212454212454212,17.8368,8.8407,40.8359,22.9991,0.0,0.0,0.0,40.8359,8.840700000000002,49.67660000000001,50.68
590,0.1746,0.0205,0.1952,0.0351,0.8944672131147541,0.10502049180327869,9.4296,12.3925,31.4296,22.0,0.0,0.0,0.0,31.429600000000008,12.3925,43.822100000000006,44.3183
591,0.2215,0.0063,0.2277,0.041,0.9727711901624945,0.02766798418972332,12.1104,3.7557,21.1104,9.0,0.0,0.0,0.0,21.1104,3.7557,24.8661,26.3627
592,0.1699,0.0,0.1699,0.0306,1.0,0.0,9.06,0.0213,10.0598,0.9998,0.0,0.0,0.0,10.059800000000001,0.0213,10.081100000000001,10.0785
593,0.1747,0.0003,0.175,0.0315,0.9982857142857143,0.0017142857142857142,9.4344,0.1983,13.4346,4.0002,0.0,0.0,0.0,13.4346,0.19830000000000003,13.6329,14.1311
594,0.3151,0.001,0.3162,0.0569,0.9965211891208097,0.003162555344718533,17.454,0.6465,17.4545,0.0005,0.0,0.0,0.0,17.454499999999996,0.6465,18.100999999999996,18.1019
595,0.1998,0.0,0.1998,0.036,1.0,0.0,10.6548,0.0077,13.655,3.0002,0.0,0.0,0.0,13.655000000000001,0.0077,13.662700000000001,13.662
596,0.3184,0.0004,0.3188,0.0574,0.9987452948557091,0.0012547051442910917,16.9824,0.2419,16.9826,0.0002,0.0,0.0,0.0,16.9826,0.2419,17.224500000000003,17.2267
597,0.148,0.0001,0.148,0.0266,1.0,0.0006756756756756757,8.5236,0.0364,8.5241,0.0005,0.0,0.0,0.0,8.5241,0.0364,8.560500000000001,8.562
598,0.1293,0.0,0.1293,0.0233,1.0,0.0,7.548,0.0074,7.548,0.0,0.0,0.0,0.0,7.547999999999998,0.0074,7.555399999999998,7.5526
599,0.1657,0.0003,0.166,0.0299,0.9981927710843372,0.0018072289156626504,9.06,0.1902,13.0596,3.9996,0.0,0.0,0.0,13.0596,0.1902,13.2498,13.253
600,0.079,0.0,0.079,0.0142,1.0,0.0,4.5492,0.0114,4.5488,0.0,0.0,0.0,0.0,4.548800000000001,0.011399999999999999,4.560200000000001,4.5647
601,0.2013,0.0004,0.2017,0.0363,0.998016856717898,0.001983143282102132,11.148,0.2791,13.1475,1.9995,0.0,0.0,0.0,13.1475,0.2791,13.4266,13.423
602,0.3636,0.0174,0.3811,0.0686,0.954080293886119,0.04565730779323012,19.6368,10.7573,44.6364,24.9996,0.0,0.0,0.0,44.6364,10.7573,55.3937,56.3911
603,0.2587,0.0115,0.2702,0.0486,0.957438934122872,0.04256106587712805,14.1444,7.3049,23.1444,9.0,0.0,0.0,0.0,23.144399999999997,7.3049,30.449299999999997,30.9475
604,0.287,0.0007,0.2876,0.0518,0.9979137691237828,0.0024339360222531293,16.9824,0.4288,22.9827,6.0003,0.0,0.0,0.0,22.982699999999994,0.42880000000000007,23.411499999999993,23.4123
605,0.2018,0.0,0.2018,0.0363,1.0,0.0,11.322,0.0123,11.3219,0.0,0.0,0.0,0.0,11.321900000000001,0.012299999999999998,11.334200000000001,11.3391
606,0.2044,0.0031,0.2075,0.0374,0.9850602409638555,0.014939759036144579,11.322,1.8528,15.3217,3.9997,0.0,0.0,0.0,15.3217,1.8528000000000002,17.174500000000002,17.1722
607,0.3303,0.0021,0.3324,0.0598,0.9936823104693141,0.006317689530685921,17.8368,1.3489,18.8364,0.9996,0.0,0.0,0.0,18.836399999999998,1.3489,20.185299999999998,20.689
608,0.1682,0.0116,0.1797,0.0324,0.9360044518642181,0.06455203116304953,9.4344,7.0586,49.4346,40.0002,0.0,0.0,0.0,49.4346,7.0586,56.4932,57.9933
609,0.1146,0.0001,0.1146,0.0206,1.0,0.0008726003490401397,6.6888,0.0417,8.6887,1.9999,0.0,0.0,0.0,8.688699999999999,0.041699999999999994,8.7304,8.7284
610,0.0724,0.0064,0.0788,0.0142,0.918781725888325,0.08121827411167513,3.9108,3.9405,20.9109,17.0001,0.0,0.0,0.0,20.9109,3.9405000000000006,24.8514,25.8508
611,0.0788,0.0003,0.0791,0.0142,0.9962073324905182,0.0037926675094816682,4.3632,0.191,8.3636,4.0004,0.0,0.0,0.0,8.3636,0.19100000000000003,8.5546,8.5582
612,0.2187,0.0038,0.2224,0.04,0.983363309352518,0.0170863309352518,12.1104,2.333,17.1105,5.0001,0.0,0.0,0.0,17.1105,2.333,19.4435,19.4478
613,0.2145,0.0003,0.2149,0.0387,0.9981386691484411,0.0013959981386691483,11.5848,0.2043,12.5851,1.0003,0.0,0.0,0.0,12.585100000000004,0.20429999999999998,12.789400000000004,12.7941
614,0.1277,0.0,0.1277,0.023,1.0,0.0,7.0728,0.013,7.0723,0.0,0.0,0.0,0.0,7.072300000000001,0.013000000000000001,7.085300000000001,7.0899
615,0.232,0.0,0.232,0.0418,1.0,0.0,12.684,0.0065,12.6838,0.0,0.0,0.0,0.0,12.683800000000002,0.0065,12.690300000000002,12.6943
616,0.1197,0.0,0.1197,0.0216,1.0,0.0,6.2304,0.0128,6.2303,0.0,0.0,0.0,0.0,6.230299999999999,0.012799999999999999,6.243099999999999,6.2413
617,0.2221,0.0015,0.2236,0.0402,0.9932915921288015,0.0067084078711985694,12.4608,0.9532,12.4605,0.0,0.0,0.0,0.0,12.460499999999996,0.9532,13.413699999999997,13.4108
618,0.0991,0.0002,0.0993,0.0179,0.9979859013091641,0.002014098690835851,5.8668,0.1078,5.8664,0.0,0.0,0.0,0.0,5.8664000000000005,0.1078,5.974200000000001,5.9718
619,0.3782,0.005,0.3831,0.069,0.9872096058470373,0.013051422605063952,21.2172,3.2734,34.2168,12.9996,0.0,0.0,0.0,34.2168,3.2733999999999996,37.4902,37.4933
620,0.2728,0.0009,0.2737,0.0493,0.9967117281695287,0.003288271830471319,14.9172,0.5821,21.9172,7.0,0.0,0.0,0.0,21.9172,0.5821000000000001,22.4993,22.5034
621,0.2134,0.0,0.2135,0.0384,0.9995316159250586,0.0,12.4608,0.0152,12.4604,0.0,0.0,0.0,0.0,12.460399999999996,0.015199999999999998,12.475599999999996,12.4735
622,0.1765,0.0,0.1766,0.0318,0.9994337485843714,0.0,9.7776,0.0263,9.7773,0.0,0.0,0.0,0.0,9.7773,0.026300000000000004,9.803600000000001,9.8082
623,0.0798,0.0148,0.0946,0.017,0.843551797040169,0.15644820295983086,4.3632,9.8979,50.3638,46.0006,0.0,0.0,0.0,50.3638,9.8979,60.2617,61.261
624,0.2915,0.0019,0.2934,0.0528,0.9935241990456714,0.006475800954328562,16.1472,1.1813,25.1473,9.0001,0.0,0.0,0.0,25.147300000000005,1.1813,26.328600000000005,26.3298
625,0.3262,0.0098,0.336,0.0605,0.9708333333333332,0.029166666666666664,17.8368,6.0436,29.8361,11.9993,0.0,0.0,0.0,29.8361,6.0436,35.8797,36.8764
626,0.1325,0.005,0.1375,0.0248,0.9636363636363636,0.03636363636363636,7.248,3.0837,26.2477,18.9997,0.0,0.0,0.0,26.2477,3.0837000000000003,29.3314,30.8296
627,0.1652,0.0047,0.1699,0.0306,0.9723366686286051,0.02766333137139494,9.2688,2.8867,10.2684,0.9996,0.0,0.0,0.0,10.2684,2.8867000000000003,13.155100000000001,13.1577
628,0.3696,0.0084,0.378,0.068,0.9777777777777777,0.02222222222222222,20.4708,4.9427,44.4705,23.9997,0.0,0.0,0.0,44.4705,4.942699999999999,49.4132,49.9144
629,0.2793,0.0001,0.2794,0.0503,0.9996420901932713,0.0003579098067287044,16.308,0.0513,16.3076,0.0,0.0,0.0,0.0,16.3076,0.05129999999999999,16.358900000000002,16.3616
630,0.1325,0.0,0.1326,0.0239,0.9992458521870288,0.0,7.248,0.006,7.2479,0.0,0.0,0.0,0.0,7.2479,0.006000000000000001,7.2539,7.2543
631,0.3066,0.0001,0.3067,0.0552,0.9996739484838605,0.0003260515161395501,16.9824,0.0568,17.9829,1.0005,0.0,0.0,0.0,17.982899999999997,0.0568,18.039699999999996,18.0352
632,0.1423,0.0001,0.1423,0.0256,1.0,0.0007027406886858749,8.3064,0.0342,8.307,0.0006,0.0,0.0,0.0,8.307,0.034199999999999994,8.3412,8.3443
633,0.3273,0.0001,0.3274,0.0589,0.9996945632254122,0.00030543677458766036,17.454,0.0684,19.4544,2.0004,0.0,0.0,0.0,19.454399999999996,0.0684,19.522799999999997,19.519
634,0.15,0.0078,0.1578,0.0284,0.9505703422053232,0.049429657794676805,8.5236,4.8567,25.524,17.0004,0.0,0.0,0.0,25.524,4.8567,30.3807,30.8797
635,0.197,0.0046,0.2016,0.0363,0.9771825396825398,0.022817460317460316,10.9092,2.8275,24.9092,14.0,0.0,0.0,0.0,24.909199999999995,2.8275,27.736699999999995,28.2364
636,0.3327,0.0045,0.3373,0.0607,0.9863622887637119,0.013341239252890602,18.1956,2.7654,32.1962,14.0006,0.0,0.0,0.0,32.196200000000005,2.7654,34.961600000000004,35.4614
637,0.2486,0.0001,0.2487,0.0448,0.9995979091274627,0.0004020908725371934,12.786,0.0333,12.7861,0.0001,0.0,0.0,0.0,12.786100000000001,0.0333,12.819400000000002,12.823
638,0.2433,0.0013,0.2446,0.044,0.9946852003270645,0.005314799672935404,13.6476,0.8603,16.6469,2.9993,0.0,0.0,0.0,16.6469,0.8603000000000001,17.507199999999997,18.0073
639,0.2483,0.0,0.2483,0.0447,1.0,0.0,14.496,0.0101,17.4956,2.9996,0.0,0.0,0.0,17.495599999999996,0.0101,17.505699999999997,17.5034
640,0.2131,0.0,0.2131,0.0384,1.0,0.0,12.1104,0.0163,14.1105,2.0001,0.0,0.0,0.0,14.1105,0.016300000000000002,14.1268,14.124
641,0.1657,0.0,0.1657,0.0298,1.0,0.0,9.06,0.0123,12.06,3.0,0.0,0.0,0.0,12.060000000000002,0.012299999999999998,12.072300000000002,12.0713
642,0.3978,0.0003,0.3981,0.0717,0.9992464204973625,0.0007535795026375282,21.2172,0.1762,21.2169,0.0,0.0,0.0,0.0,21.216900000000003,0.17620000000000002,21.393100000000004,21.3976
643,0.2903,0.0002,0.2905,0.0523,0.9993115318416524,0.0006884681583476765,16.5024,0.1066,17.5019,0.9995,0.0,0.0,0.0,17.5019,0.1066,17.6085,17.6054
644,0.067,0.0002,0.0672,0.0121,0.9970238095238096,0.0029761904761904765,3.9108,0.1016,4.9109,1.0001,0.0,0.0,0.0,4.9109,0.1016,5.0125,5.0092
645,0.1035,0.0003,0.1038,0.0187,0.9971098265895952,0.002890173410404624,5.6604,0.2111,13.6609,8.0005,0.0,0.0,0.0,13.660900000000002,0.21110000000000004,13.872000000000002,13.8714
646,0.1678,0.0011,0.1689,0.0304,0.9934872705743044,0.0065127294256956784,9.06,0.7252,12.0598,2.9998,0.0,0.0,0.0,12.059800000000001,0.7252,12.785,13.7844
647,0.2478,0.0021,0.2499,0.045,0.9915966386554621,0.008403361344537815,13.902,1.3392,24.9024,11.0004,0.0,0.0,0.0,24.9024,1.3392000000000002,26.241600000000002,26.2419
648,0.1127,0.0008,0.1136,0.0204,0.9920774647887323,0.007042253521126761,5.8668,0.5725,14.8662,8.9994,0.0,0.0,0.0,14.8662,0.5725,15.438699999999999,15.4379
649,0.143,0.0,0.1431,0.0257,0.9993011879804331,0.0,7.8216,0.0138,9.8218,2.0002,0.0,0.0,0.0,9.821800000000001,0.0138,9.835600000000001,9.8313
650,0.3375,0.006,0.3435,0.0618,0.982532751091703,0.017467248908296942,18.6912,3.6369,26.6906,7.9994,0.0,0.0,0.0,26.690600000000003,3.6369,30.327500000000004,30.8277
651,0.1232,0.0206,0.1438,0.0259,0.8567454798331015,0.14325452016689846,6.8232,12.7817,23.8235,17.0003,0.0,0.0,0.0,23.8235,12.7817,36.605199999999996,37.101
652,0.1244,0.0002,0.1246,0.0224,0.9983948635634028,0.0016051364365971107,7.0728,0.1212,7.0721,0.0,0.0,0.0,0.0,7.072100000000001,0.12119999999999999,7.193300000000001,7.1929
653,0.1439,0.0002,0.1441,0.0259,0.9986120749479528,0.0013879250520471894,8.0736,0.0996,8.0737,0.0001,0.0,0.0,0.0,8.073699999999999,0.09959999999999998,8.1733,8.1747
654,0.143,0.0001,0.1431,0.0258,0.9993011879804331,0.0006988120195667365,7.8216,0.0737,7.8217,0.0001,0.0,0.0,0.0,7.8217,0.0737,7.8953999999999995,7.894
655,0.2652,0.0214,0.2866,0.0516,0.92533147243545,0.07466852756454989,14.1444,13.9611,35.1445,21.0001,0.0,0.0,0.0,35.144499999999994,13.961100000000002,49.105599999999995,49.6055
656,0.1032,0.0062,0.1094,0.0197,0.943327239488117,0.056672760511883,5.8668,3.926,32.866,26.9992,0.0,0.0,0.0,32.866,3.9259999999999997,36.792,37.2927
657,0.1961,0.0191,0.2152,0.0387,0.9112453531598512,0.0887546468401487,11.148,12.5088,31.1477,19.9997,0.0,0.0,0.0,31.147699999999997,12.5088,43.656499999999994,44.6605
658,0.3065,0.0004,0.3069,0.0552,0.9986966438579341,0.0013033561420658195,16.1472,0.2673,17.1473,1.0001,0.0,0.0,0.0,17.147299999999998,0.26730000000000004,17.414599999999997,17.4138
659,0.35,0.0,0.3501,0.063,0.9997143673236217,0.0,19.6368,0.0316,19.6365,0.0,0.0,0.0,0.0,19.636500000000005,0.031599999999999996,19.668100000000006,19.6658
660,0.3327,0.0053,0.338,0.0608,0.9843195266272189,0.015680473372781063,18.1956,3.2198,32.196,14.0004,0.0,0.0,0.0,32.196000000000005,3.2198,35.415800000000004,36.9184
661,0.3259,0.0003,0.3262,0.0587,0.9990803188228082,0.0009196811771919068,17.5992,0.2137,17.5989,0.0,0.0,0.0,0.0,17.598899999999997,0.2137,17.812599999999996,17.8086
662,0.1154,0.0016,0.117,0.0211,0.9863247863247863,0.013675213675213675,6.2304,1.0213,6.2304,0.0,0.0,0.0,0.0,6.230399999999999,1.0213,7.251699999999999,7.2467
663,0.2156,0.0211,0.2367,0.0426,0.9108576256865231,0.08914237431347698,11.7876,12.7024,32.7873,20.9997,0.0,0.0,0.0,32.787299999999995,12.7024,45.4897,45.9863
664,0.3097,0.0001,0.3098,0.0558,0.9996772111039379,0.00032278889606197545,17.8368,0.0844,17.8362,0.0,0.0,0.0,0.0,17.836199999999998,0.0844,17.920599999999997,17.9215
665,0.223,0.0001,0.2231,0.0402,0.9995517705064993,0.00044822949350067237,13.3776,0.0935,13.3771,0.0,0.0,0.0,0.0,13.377100000000002,0.09350000000000001,13.470600000000003,13.4705
666,0.1672,0.0001,0.1674,0.0301,0.998805256869773,0.0005973715651135007,8.9184,0.0823,8.9181,0.0,0.0,0.0,0.0,8.918099999999999,0.0823,9.000399999999999,8.996
667,0.1698,0.0,0.1698,0.0306,1.0,0.0,9.7776,0.0076,10.7774,0.9998,0.0,0.0,0.0,10.7774,0.0076,10.785,10.786
668,0.1352,0.0011,0.1362,0.0245,0.9926578560939794,0.008076358296622616,6.9516,0.7049,10.951,3.9994,0.0,0.0,0.0,10.951,0.7048999999999999,11.6559,11.652
669,0.2948,0.0023,0.2971,0.0535,0.9922584988219456,0.007741501178054527,16.9824,1.4421,19.9825,3.0001,0.0,0.0,0.0,19.982499999999998,1.4421000000000004,21.424599999999998,21.4279
670,0.0808,0.0073,0.0881,0.0159,0.9171396140749148,0.08286038592508513,4.3632,4.7603,19.3636,15.0004,0.0,0.0,0.0,19.363599999999998,4.7603,24.1239,24.6289
671,0.2394,0.0001,0.2395,0.0431,0.9995824634655532,0.0004175365344467641,13.0908,0.0403,13.091,0.0002,0.0,0.0,0.0,13.090999999999998,0.0403,13.131299999999998,13.1297
672,0.0794,0.0002,0.0795,0.0143,0.9987421383647799,0.0025157232704402514,4.6344,0.1092,6.6341,1.9997,0.0,0.0,0.0,6.6341,0.10919999999999999,6.7433000000000005,6.7435
673,0.3332,0.0,0.3332,0.06,1.0,0.0,18.6912,0.0132,18.6904,0.0,0.0,0.0,0.0,18.690400000000004,0.0132,18.703600000000005,18.7074
674,0.1032,0.0027,0.106,0.0191,0.9735849056603774,0.02547169811320755,5.8668,1.7815,15.8663,9.9995,0.0,0.0,0.0,15.866299999999999,1.7815000000000003,17.6478,17.6503
675,0.1869,0.0002,0.1871,0.0337,0.998931052912881,0.0010689470871191877,10.092,0.1368,11.092,1.0,0.0,0.0,0.0,11.091999999999997,0.13680000000000003,11.228799999999996,11.2318
676,0.3418,0.0,0.3418,0.0615,1.0,0.0,18.6912,0.0087,20.6908,1.9996,0.0,0.0,0.0,20.690800000000003,0.008700000000000001,20.699500000000004,20.6969
677,0.143,0.0,0.1431,0.0257,0.9993011879804331,0.0,7.8216,0.0112,8.8218,1.0002,0.0,0.0,0.0,8.8218,0.0112,8.833,8.8328
678,0.097,0.0001,0.097,0.0175,1.0,0.0010309278350515464,5.6604,0.0529,7.6611,2.0007,0.0,0.0,0.0,7.661099999999999,0.052899999999999996,7.7139999999999995,7.714
679,0.0706,0.0063,0.0769,0.0138,0.918075422626788,0.08192457737321197,3.9108,4.0671,17.9108,14.0,0.0,0.0,0.0,17.910800000000002,4.0671,21.9779,22.9758
680,0.3106,0.0013,0.3118,0.0561,0.9961513790891596,0.004169339320076972,16.9824,0.8045,18.9827,2.0003,0.0,0.0,0.0,18.982699999999998,0.8045,19.7872,19.7896
681,0.2619,0.0114,0.2734,0.0492,0.9579370885149965,0.04169714703730798,14.1444,7.0923,26.1446,12.0002,0.0,0.0,0.0,26.144599999999993,7.0923,33.23689999999999,34.234
682,0.3018,0.0045,0.3063,0.0551,0.9853085210577864,0.014691478942213515,16.5024,2.8348,21.5019,4.9995,0.0,0.0,0.0,21.501899999999996,2.8348,24.336699999999997,24.3396
683,0.2841,0.0,0.2841,0.0511,1.0,0.0,16.1472,0.0071,16.1473,0.0001,0.0,0.0,0.0,16.147299999999998,0.0071,16.1544,16.1582
684,0.2793,0.0006,0.28,0.0504,0.9974999999999998,0.0021428571428571425,16.308,0.3881,17.3076,0.9996,0.0,0.0,0.0,17.3076,0.38810000000000006,17.695700000000002,17.6934
685,0.131,0.0,0.131,0.0236,1.0,0.0,7.0728,0.0127,7.0723,0.0,0.0,0.0,0.0,7.0723,0.0127,7.085,7.0854
686,0.1227,0.008,0.1308,0.0235,0.9380733944954128,0.06116207951070336,6.546,5.1697,14.5455,7.9995,0.0,0.0,0.0,14.545500000000002,5.169700000000001,19.715200000000003,20.2104
687,0.1177,0.0001,0.1177,0.0212,1.0,0.0008496176720475786,6.6888,0.0407,8.6885,1.9997,0.0,0.0,0.0,8.6885,0.04069999999999999,8.729199999999999,8.7244
688,0.2518,0.0067,0.2585,0.0465,0.9740812379110252,0.025918762088974857,14.1288,4.4506,23.1288,9.0,0.0,0.0,0.0,23.1288,4.4506,27.5794,27.5761
689,0.075,0.0002,0.0752,0.0135,0.9973404255319148,0.0026595744680851063,4.1532,0.1267,4.1534,0.0002,0.0,0.0,0.0,4.1533999999999995,0.1267,4.280099999999999,4.2753
690,0.2619,0.0025,0.2644,0.0476,0.9905446293494705,0.0094553706505295,14.1444,1.5856,19.1445,5.0001,0.0,0.0,0.0,19.144499999999997,1.5856000000000003,20.730099999999997,20.7349
691,0.1746,0.0027,0.1773,0.0319,0.9847715736040609,0.015228426395939085,9.4296,1.7518,14.4296,5.0,0.0,0.0,0.0,14.4296,1.7518,16.1814,16.1827
692,0.3449,0.0004,0.3453,0.0621,0.9988415870257746,0.0011584129742253115,18.8592,0.2306,22.8593,4.0001,0.0,0.0,0.0,22.8593,0.2306,23.0899,23.0925
693,0.2727,0.0,0.2728,0.0491,0.999633431085044,0.0,15.9216,0.0214,15.9215,0.0,0.0,0.0,0.0,15.921500000000002,0.0214,15.942900000000002,15.9421
694,0.1061,0.0006,0.1068,0.0192,0.9934456928838951,0.005617977528089887,5.6604,0.3988,7.6612,2.0008,0.0,0.0,0.0,7.6612,0.39879999999999993,8.06,8.0579
695,0.1601,0.0092,0.1693,0.0305,0.9456585942114589,0.05434140578854105,9.0984,5.7007,16.0982,6.9998,0.0,0.0,0.0,16.098200000000002,5.700699999999999,21.798900000000003,21.796
696,0.2926,0.0009,0.2935,0.0528,0.9969335604770019,0.0030664395229982964,15.6072,0.6153,16.6064,0.9992,0.0,0.0,0.0,16.606399999999997,0.6153,17.2217,17.2193
697,0.1652,0.0001,0.1653,0.0298,0.9993950393224441,0.0006049606775559589,9.2688,0.0597,9.2681,0.0,0.0,0.0,0.0,9.268099999999999,0.0597,9.327799999999998,9.3292
698,0.1458,0.0,0.1458,0.0262,1.0,0.0,8.0736,0.0165,8.0736,0.0,0.0,0.0,0.0,8.073599999999999,0.016499999999999997,8.0901,8.0933
699,0.0764,0.0,0.0764,0.0138,1.0,0.0,4.4592,0.0082,4.4589,0.0,0.0,0.0,0.0,4.4589,0.008199999999999999,4.4671,4.4715
700,0.3058,0.0053,0.311,0.056,0.9832797427652734,0.017041800643086816,16.308,3.097,24.3071,7.9991,0.0,0.0,0.0,24.3071,3.0969999999999995,27.4041,27.4072
701,0.3463,0.0039,0.3502,0.063,0.9888635065676755,0.011136493432324385,19.1796,2.3539,23.1796,4.0,0.0,0.0,0.0,23.179600000000008,2.3539000000000003,25.533500000000007,25.5287
702,0.1115,0.0001,0.1115,0.0201,1.0,0.0008968609865470852,6.6888,0.0389,6.6888,0.0,0.0,0.0,0.0,6.688800000000001,0.0389,6.727700000000001,6.7296
703,0.138,0.0029,0.141,0.0254,0.9787234042553193,0.020567375886524825,7.548,1.8013,10.5479,2.9999,0.0,0.0,0.0,10.547899999999998,1.8013000000000001,12.349199999999998,12.3505
704,0.2308,0.0004,0.2312,0.0416,0.9982698961937717,0.001730103806228374,12.4608,0.2473,13.4604,0.9996,0.0,0.0,0.0,13.460399999999996,0.24730000000000002,13.707699999999996,13.7034
705,0.1827,0.0001,0.1828,0.0329,0.99945295404814,0.0005470459518599563,10.3836,0.0689,10.3837,0.0001,0.0,0.0,0.0,10.383699999999997,0.0689,10.452599999999997,10.4495
706,0.1765,0.0062,0.1827,0.0329,0.9660645867542419,0.03393541324575807,9.7776,3.6747,13.777,3.9994,0.0,0.0,0.0,13.777000000000001,3.6747,17.451700000000002,17.4488
707,0.1376,0.0134,0.151,0.0272,0.9112582781456954,0.08874172185430464,7.8216,8.149,10.8217,3.0001,0.0,0.0,0.0,10.8217,8.149000000000001,18.9707,19.9709
708,0.1731,0.0,0.1731,0.0312,1.0,0.0,10.3836,0.0273,10.3838,0.0002,0.0,0.0,0.0,10.383799999999999,0.027299999999999998,10.4111,10.407
709,0.3576,0.0022,0.3598,0.0648,0.9938854919399666,0.006114508060033352,20.0652,1.3412,23.0657,3.0005,0.0,0.0,0.0,23.0657,1.3412,24.4069,24.9049
710,0.2838,0.0041,0.2879,0.0518,0.9857589440778048,0.014241055922195208,15.9216,2.6013,15.9215,0.0,0.0,0.0,0.0,15.921500000000002,2.6013,18.522800000000004,18.5255
711,0.1121,0.0,0.1122,0.0202,0.9991087344028522,0.0,6.0552,0.0298,6.0553,0.0001,0.0,0.0,0.0,6.055300000000001,0.0298,6.085100000000001,6.089
712,0.071,0.0007,0.0717,0.0129,0.9902370990237098,0.009762900976290097,4.0368,0.4492,4.0369,0.0001,0.0,0.0,0.0,4.036899999999999,0.44920000000000004,4.4860999999999995,4.9855
713,0.2793,0.0,0.2793,0.0503,1.0,0.0,15.2724,0.023,16.2727,1.0003,0.0,0.0,0.0,16.2727,0.022999999999999996,16.2957,16.2911
714,0.3066,0.0113,0.3179,0.0572,0.964454230890217,0.035545769109782945,16.9824,6.9157,23.9825,7.0001,0.0,0.0,0.0,23.982499999999998,6.915699999999999,30.898199999999996,30.899
715,0.1476,0.0116,0.1593,0.0287,0.9265536723163843,0.07281858129315756,8.0736,7.6094,17.0736,9.0,0.0,0.0,0.0,17.0736,7.609399999999999,24.683,25.6838
716,0.244,0.0031,0.247,0.0445,0.9878542510121457,0.012550607287449392,13.6884,1.8089,13.6882,0.0,0.0,0.0,0.0,13.688200000000002,1.8088999999999997,15.497100000000001,15.4941
717,0.2119,0.0,0.2119,0.0381,1.0,0.0,11.5848,0.0102,11.5852,0.0004,0.0,0.0,0.0,11.585200000000002,0.0102,11.595400000000001,11.5916
718,0.1095,0.0001,0.1096,0.0197,0.9990875912408759,0.0009124087591240876,6.3936,0.0346,6.3929,0.0,0.0,0.0,0.0,6.392900000000001,0.034600000000000006,6.427500000000001,6.4274
719,0.2349,0.0003,0.2352,0.0423,0.9987244897959184,0.0012755102040816326,12.684,0.1857,12.6838,0.0,0.0,0.0,0.0,12.683800000000002,0.18570000000000003,12.869500000000002,12.8649
720,0.2065,0.0083,0.2148,0.0387,0.9613594040968343,0.038640595903165736,11.5848,5.5584,27.5852,16.0004,0.0,0.0,0.0,27.585199999999993,5.5584,33.14359999999999,33.1448
721,0.1271,0.009,0.1362,0.0245,0.933186490455213,0.06607929515418502,6.9516,6.1369,16.9513,9.9997,0.0,0.0,0.0,16.9513,6.136899999999999,23.0882,23.5832
722,0.2018,0.0,0.2018,0.0363,1.0,0.0,11.322,0.0135,11.3215,0.0,0.0,0.0,0.0,11.321500000000002,0.0135,11.335000000000003,11.3382
723,0.3576,0.0043,0.362,0.0652,0.9878453038674033,0.011878453038674033,20.0652,2.7723,21.0657,1.0005,0.0,0.0,0.0,21.0657,2.7723,23.838,23.8382
724,0.1803,0.0,0.1803,0.0325,1.0,0.0,10.3836,0.0075,10.3839,0.0003,0.0,0.0,0.0,10.383899999999997,0.0075,10.391399999999997,10.3961
725,0.2875,0.0034,0.2909,0.0524,0.988312134754211,0.011687865245788931,15.9216,2.0974,18.9216,3.0,0.0,0.0,0.0,18.921599999999998,2.0974000000000004,21.019,22.0207
726,0.3591,0.0027,0.3618,0.0651,0.9925373134328357,0.007462686567164179,19.6368,1.6966,26.6363,6.9995,0.0,0.0,0.0,26.636300000000006,1.6965999999999999,28.332900000000006,28.83
727,0.1135,0.0125,0.126,0.0227,0.9007936507936508,0.09920634920634921,6.0552,7.5981,19.0552,13.0,0.0,0.0,0.0,19.0552,7.598099999999999,26.653299999999998,27.1562
728,0.0671,0.0027,0.0698,0.0126,0.9613180515759313,0.03868194842406877,3.624,1.7075,10.6239,6.9999,0.0,0.0,0.0,10.623899999999999,1.7075,12.331399999999999,12.3331
729,0.2368,0.0,0.2368,0.0426,1.0,0.0,12.786,0.0175,12.7863,0.0003,0.0,0.0,0.0,12.7863,0.0175,12.8038,12.8016
730,0.1376,0.0001,0.1377,0.0248,0.9992737835875092,0.0007262164124909224,7.248,0.0859,7.248,0.0,0.0,0.0,0.0,7.248,0.08589999999999999,7.3339,7.338
731,0.2726,0.0002,0.2728,0.0491,0.9992668621700881,0.0007331378299120236,14.5368,0.1325,14.5372,0.0004,0.0,0.0,0.0,14.537199999999999,0.1325,14.669699999999999,14.6653
732,0.1725,0.0001,0.1726,0.0311,0.9994206257242177,0.0005793742757821553,9.4344,0.063,9.4346,0.0002,0.0,0.0,0.0,9.4346,0.063,9.4976,9.4967
733,0.353,0.0011,0.3541,0.0637,0.9968935329003105,0.003106467099689353,20.0652,0.7039,20.0661,0.0009,0.0,0.0,0.0,20.0661,0.7038999999999997,20.77,20.7726
734,0.3862,0.0,0.3862,0.0695,1.0,0.0,20.8536,0.0107,20.8535,0.0,0.0,0.0,0.0,20.8535,0.0107,20.8642,20.8616
735,0.1856,0.0004,0.186,0.0335,0.9978494623655914,0.002150537634408602,9.7776,0.2392,9.777,0.0,0.0,0.0,0.0,9.777000000000001,0.23920000000000002,10.016200000000001,10.0136
736,0.2013,0.0001,0.2014,0.0363,0.999503475670308,0.0004965243296921549,11.148,0.0798,11.1478,0.0,0.0,0.0,0.0,11.1478,0.0798,11.2276,11.2325
737,0.2624,0.0,0.2624,0.0472,1.0,0.0,14.9172,0.0077,15.9172,1.0,0.0,0.0,0.0,15.917200000000001,0.007700000000000001,15.924900000000001,15.9238
738,0.2551,0.0017,0.2568,0.0462,0.9933800623052961,0.006619937694704051,14.1288,1.0527,24.129,10.0002,0.0,0.0,0.0,24.128999999999998,1.0527,25.1817,25.181
739,0.1519,0.0017,0.1536,0.0277,0.9889322916666669,0.011067708333333334,8.5236,1.1067,15.524,7.0004,0.0,0.0,0.0,15.524000000000001,1.1067,16.6307,16.6314
740,0.307,0.0,0.307,0.0553,1.0,0.0,18.1656,0.0178,18.166,0.0004,0.0,0.0,0.0,18.166,0.0178,18.1838,18.1875
741,0.1239,0.0,0.1239,0.0223,1.0,0.0,6.9516,0.0245,6.9511,0.0,0.0,0.0,0.0,6.9511,0.024499999999999997,6.9756,6.9719
742,0.0884,0.0206,0.109,0.0196,0.8110091743119267,0.1889908256880734,4.7148,13.2439,21.7148,17.0,0.0,0.0,0.0,21.714800000000004,13.2439,34.95870000000001,35.9571
743,0.1412,0.0013,0.1425,0.0257,0.9908771929824561,0.00912280701754386,7.8216,0.7914,9.8217,2.0001,0.0,0.0,0.0,9.8217,0.7913999999999999,10.6131,10.6162
744,0.2619,0.0001,0.2621,0.0472,0.9992369324685235,0.00038153376573826786,14.1444,0.0906,14.1446,0.0002,0.0,0.0,0.0,14.144599999999997,0.09059999999999999,14.235199999999997,14.2381
745,0.2828,0.0029,0.2858,0.0514,0.9895031490552834,0.010146955913226032,15.2724,1.76,24.2725,9.0001,0.0,0.0,0.0,24.272500000000004,1.76,26.032500000000006,26.0306
746,0.3015,0.0004,0.3019,0.0543,0.9986750579662139,0.001324942033786022,17.5992,0.2643,17.5992,0.0,0.0,0.0,0.0,17.5992,0.2643,17.8635,17.8676
747,0.2518,0.0,0.2518,0.0453,1.0,0.0,14.1288,0.009,14.1288,0.0,0.0,0.0,0.0,14.128800000000002,0.008999999999999998,14.137800000000002,14.1388
748,0.3059,0.0001,0.306,0.0551,0.9996732026143791,0.00032679738562091506,15.9216,0.0783,17.9216,2.0,0.0,0.0,0.0,17.921599999999998,0.07830000000000001,17.999899999999997,18.0002
749,0.0738,0.0,0.0738,0.0133,1.0,0.0,4.0368,0.008,4.0368,0.0,0.0,0.0,0.0,4.0367999999999995,0.008,4.0447999999999995,4.0423
750,0.3552,0.0,0.3552,0.0639,1.0,0.0,19.1796,0.0164,19.1794,0.0,0.0,0.0,0.0,19.1794,0.0164,19.195800000000002,19.1955
751,0.3682,0.0003,0.3684,0.0663,0.9994571118349621,0.0008143322475570032,19.6368,0.1525,20.6363,0.9995,0.0,0.0,0.0,20.6363,0.15250000000000002,20.7888,20.7875
752,0.0982,0.0001,0.0982,0.0177,1.0,0.0010183299389002038,5.436,0.0479,6.436,1.0,0.0,0.0,0.0,6.436000000000002,0.0479,6.483900000000002,6.4821
753,0.0774,0.0001,0.0776,0.014,0.997422680412371,0.001288659793814433,4.4592,0.0944,4.4592,0.0,0.0,0.0,0.0,4.4592,0.09440000000000001,4.5536,4.5545
754,0.0779,0.0009,0.0788,0.0142,0.9885786802030457,0.011421319796954314,4.1532,0.5779,7.1536,3.0004,0.0,0.0,0.0,7.153599999999999,0.5779,7.731499999999999,8.2279
755,0.2394,0.0157,0.2551,0.0459,0.9384555076440612,0.06154449235593885,13.0908,9.7044,25.0909,12.0001,0.0,0.0,0.0,25.0909,9.7044,34.7953,35.2904
756,0.1947,0.0001,0.1948,0.0351,0.9994866529774128,0.000513347022587269,10.3836,0.0634,13.3836,3.0,0.0,0.0,0.0,13.383599999999998,0.0634,13.446999999999997,13.4506
757,0.1182,0.0021,0.1203,0.0217,0.9825436408977556,0.017456359102244388,6.546,1.2791,8.5453,1.9993,0.0,0.0,0.0,8.545300000000001,1.2791,9.8244,9.8249
758,0.2769,0.0001,0.277,0.0499,0.999638989169675,0.00036101083032490973,16.614,0.0754,16.6139,0.0,0.0,0.0,0.0,16.613899999999997,0.0754,16.689299999999996,16.6844
759,0.2309,0.0005,0.2313,0.0416,0.998270644185041,0.00216169476869866,12.786,0.2984,13.7861,1.0001,0.0,0.0,0.0,13.786100000000001,0.2984,14.084500000000002,14.0884
760,0.1197,0.0195,0.1392,0.0251,0.8599137931034483,0.14008620689655174,6.546,12.4128,11.5457,4.9997,0.0,0.0,0.0,11.545700000000004,12.412800000000002,23.958500000000008,25.4542
761,0.1923,0.0002,0.1925,0.0346,0.9989610389610389,0.001038961038961039,10.3836,0.1149,11.3836,1.0,0.0,0.0,0.0,11.383599999999998,0.1149,11.498499999999998,11.4986
762,0.1955,0.0002,0.1957,0.0352,0.9989780275932549,0.0010219724067450178,11.7324,0.1279,11.7328,0.0004,0.0,0.0,0.0,11.732800000000001,0.1279,11.860700000000001,11.8634
763,0.1059,0.0005,0.1064,0.0192,0.9953007518796992,0.0046992481203007525,5.8668,0.277,5.8664,0.0,0.0,0.0,0.0,5.8664000000000005,0.27699999999999997,6.143400000000001,6.1473
764,0.2477,0.015,0.2628,0.0473,0.9425418569254187,0.05707762557077626,13.3776,10.2031,14.3768,0.9992,0.0,0.0,0.0,14.3768,10.2031,24.5799,25.0783
765,0.1528,0.0001,0.1528,0.0275,1.0,0.0006544502617801048,8.9184,0.0414,8.918,0.0,0.0,0.0,0.0,8.918,0.0414,8.959399999999999,8.9609
766,0.1279,0.0003,0.1282,0.0231,0.9976599063962559,0.0023400936037441494,6.8232,0.1824,6.8234,0.0002,0.0,0.0,0.0,6.8233999999999995,0.18239999999999998,7.0058,7.007
767,0.35,0.0011,0.3511,0.0632,0.9968669894616917,0.0031330105383081744,19.6368,0.667,19.6365,0.0,0.0,0.0,0.0,19.636499999999998,0.667,20.3035,20.2991
768,0.2231,0.0001,0.2232,0.0402,0.9995519713261648,0.00044802867383512545,12.684,0.0494,12.6836,0.0,0.0,0.0,0.0,12.683600000000002,0.049400000000000006,12.733000000000002,12.7378
769,0.2988,0.0008,0.2996,0.0539,0.9973297730307077,0.00267022696929239,16.9824,0.4957,16.9826,0.0002,0.0,0.0,0.0,16.9826,0.4956999999999999,17.4783,17.4821
770,0.3623,0.0147,0.377,0.0679,0.9610079575596817,0.0389920424403183,20.0652,9.1081,22.066,2.0008,0.0,0.0,0.0,22.066,9.1081,31.1741,31.1783
771,0.2503,0.0001,0.2504,0.0451,0.9996006389776358,0.00039936102236421724,13.6884,0.0598,13.6879,0.0,0.0,0.0,0.0,13.6879,0.0598,13.7477,13.7433
772,0.2173,0.0,0.2173,0.0391,1.0,0.0,11.7324,0.0127,11.7326,0.0002,0.0,0.0,0.0,11.732600000000001,0.0127,11.745300000000002,11.7438
773,0.2118,0.0145,0.2263,0.0407,0.9359257622624834,0.06407423773751657,11.7324,9.1241,14.7324,3.0,0.0,0.0,0.0,14.732400000000002,9.1241,23.856500000000004,23.859
774,0.0724,0.0025,0.0749,0.0135,0.9666221628838453,0.03337783711615488,3.9108,1.6416,3.9109,0.0001,0.0,0.0,0.0,3.9109,1.6416,5.5525,5.551
775,0.2915,0.0016,0.2932,0.0528,0.9942019099590722,0.005457025920873124,16.1472,1.0471,17.1474,1.0002,0.0,0.0,0.0,17.147399999999998,1.0471,18.194499999999998,18.1988
776,0.0809,0.0002,0.0811,0.0146,0.9975339087546239,0.002466091245376079,4.2624,0.1465,4.262,0.0,0.0,0.0,0.0,4.2620000000000005,0.1465,4.4085,4.4098
777,0.3636,0.0003,0.3639,0.0655,0.9991755976916735,0.0008244023083264632,19.6368,0.1773,19.6366,0.0,0.0,0.0,0.0,19.6366,0.17729999999999999,19.8139,19.8094
778,0.2816,0.0002,0.2817,0.0507,0.9996450124245652,0.0007099751508697196,16.2192,0.0955,16.2194,0.0002,0.0,0.0,0.0,16.219399999999997,0.0955,16.314899999999998,16.3124
779,0.2682,0.0134,0.2815,0.0507,0.9527531083481351,0.04760213143872114,14.1288,8.5599,14.1289,0.0001,0.0,0.0,0.0,14.128900000000002,8.559899999999999,22.6888,22.6846
780,0.2019,0.0001,0.202,0.0364,0.9995049504950494,0.0004950495049504951,10.3836,0.0712,10.3836,0.0,0.0,0.0,0.0,10.383599999999998,0.0712,10.454799999999997,10.4528
781,0.2574,0.0,0.2575,0.0463,0.999611650485437,0.0,13.902,0.0251,13.9022,0.0002,0.0,0.0,0.0,13.9022,0.025099999999999997,13.9273,13.9252
782,0.0956,0.0007,0.0963,0.0173,0.9927310488058152,0.007268951194184839,5.436,0.4129,5.4359,0.0,0.0,0.0,0.0,5.435900000000001,0.41290000000000004,5.848800000000001,5.8509
783,0.2607,0.0001,0.2608,0.0469,0.9996165644171779,0.00038343558282208595,15.6432,0.0506,15.6433,0.0001,0.0,0.0,0.0,15.6433,0.050600000000000006,15.6939,15.698
784,0.0873,0.0003,0.0876,0.0158,0.9965753424657535,0.003424657534246575,4.7148,0.1792,4.7149,0.0001,0.0,0.0,0.0,4.7149,0.17919999999999997,4.8941,4.8919
785,0.244,0.0133,0.2572,0.0463,0.9486780715396579,0.05171073094867807,13.6884,8.1914,13.6882,0.0,0.0,0.0,0.0,13.688200000000002,8.191400000000002,21.879600000000003,21.8774
786,0.2001,0.0,0.2001,0.036,1.0,0.0,11.3724,0.0187,11.3724,0.0,0.0,0.0,0.0,11.372399999999997,0.0187,11.391099999999998,11.3935
787,0.2092,0.0099,0.219,0.0394,0.9552511415525115,0.045205479452054796,11.5848,6.1203,11.5856,0.0008,0.0,0.0,0.0,11.585600000000001,6.120299999999999,17.7059,17.7078
788,0.1995,0.0092,0.2086,0.0376,0.9563758389261745,0.04410354745925216,10.9092,5.4865,10.909,0.0,0.0,0.0,0.0,10.909000000000002,5.4865,16.395500000000002,16.3996
789,0.1275,0.0002,0.1277,0.023,0.9984338292873923,0.0015661707126076742,7.248,0.1031,7.2479,0.0,0.0,0.0,0.0,7.2479000000000005,0.10309999999999998,7.351000000000001,7.351
790,0.1944,0.0001,0.1945,0.035,0.9994858611825191,0.0005141388174807198,10.9092,0.0666,10.909,0.0,0.0,0.0,0.0,10.909000000000002,0.0666,10.975600000000002,10.9742
791,0.1944,0.0065,0.2009,0.0362,0.9676455948232952,0.03235440517670483,10.9092,4.3503,10.9092,0.0,0.0,0.0,0.0,10.909200000000002,4.3503,15.259500000000003,15.2579
792,0.221,0.0024,0.2235,0.0402,0.988814317673378,0.010738255033557046,11.7876,1.5979,11.787,0.0,0.0,0.0,0.0,11.787,1.5979,13.384900000000002,13.3877
793,0.3096,0.0007,0.3103,0.0559,0.9977441185949081,0.0022558814050918463,17.5992,0.4308,17.5989,0.0,0.0,0.0,0.0,17.598899999999997,0.43079999999999996,18.0297,18.0314
794,0.1121,0.0,0.1121,0.0202,1.0,0.0,6.546,0.0089,6.5456,0.0,0.0,0.0,0.0,6.5455999999999985,0.0089,6.554499999999998,6.5551
795,0.2865,0.0001,0.2866,0.0516,0.9996510816468944,0.0003489183531053733,15.096,0.0597,15.0959,0.0,0.0,0.0,0.0,15.095899999999997,0.059699999999999996,15.155599999999996,15.16
796,0.3236,0.0005,0.3241,0.0583,0.9984572662758407,0.0015427337241592102,17.0484,0.2976,17.0483,0.0,0.0,0.0,0.0,17.0483,0.2976,17.3459,17.3416
797,0.2816,0.0001,0.2817,0.0507,0.9996450124245652,0.0003549875754348598,16.2192,0.0506,16.2192,0.0,0.0,0.0,0.0,16.219199999999997,0.050600000000000006,16.269799999999996,16.2661
798,0.1199,0.0001,0.12,0.0216,0.9991666666666668,0.0008333333333333334,6.3936,0.0622,6.393,0.0,0.0,0.0,0.0,6.393000000000001,0.0622,6.4552000000000005,6.4594
799,0.1987,0.0001,0.1988,0.0358,0.9994969818913481,0.0005030181086519115,11.148,0.0842,11.1476,0.0,0.0,0.0,0.0,11.1476,0.0842,11.2318,11.2279
800,0.1552,0.0001,0.1553,0.0279,0.9993560849967805,0.0006439150032195751,9.06,0.0521,9.06,0.0,0.0,0.0,0.0,9.06,0.052099999999999994,9.1121,9.1081
801,0.2163,0.0033,0.2196,0.0395,0.9849726775956285,0.015027322404371586,12.4608,2.0663,12.4605,0.0,0.0,0.0,0.0,12.460499999999996,2.0663,14.526799999999996,14.5251
802,0.0706,0.0002,0.0708,0.0127,0.9971751412429378,0.002824858757062147,3.9108,0.1136,3.9108,0.0,0.0,0.0,0.0,3.9107999999999996,0.11359999999999999,4.0244,4.0211
803,0.0688,0.0015,0.0703,0.0126,0.9786628733997155,0.021337126600284494,3.9108,0.8838,3.9108,0.0,0.0,0.0,0.0,3.9107999999999996,0.8838000000000001,4.7946,4.7914
804,0.2928,0.0201,0.313,0.0563,0.9354632587859425,0.06421725239616613,16.2192,13.2291,36.2194,20.0002,0.0,0.0,0.0,36.21939999999999,13.229099999999999,49.448499999999996,50.9488
805,0.1519,0.0041,0.156,0.0281,0.9737179487179488,0.026282051282051286,8.5236,2.5825,9.5238,1.0002,0.0,0.0,0.0,9.523800000000001,2.5825,12.106300000000001,12.1111
806,0.1652,0.001,0.1661,0.0299,0.9945815773630344,0.006020469596628537,8.9184,0.6179,8.918,0.0,0.0,0.0,0.0,8.918,0.6179,9.5359,9.5314
807,0.1578,0.0024,0.1602,0.0288,0.9850187265917603,0.014981273408239699,8.5236,1.4415,8.524,0.0004,0.0,0.0,0.0,8.524000000000001,1.4415000000000002,9.9655,9.97
808,0.1827,0.0002,0.1829,0.0329,0.9989065062875888,0.0010934937124111536,10.3836,0.1358,10.3836,0.0,0.0,0.0,0.0,10.383599999999998,0.1358,10.519399999999997,10.5179
809,0.3027,0.0,0.3027,0.0545,1.0,0.0,16.9824,0.0298,16.9827,0.0003,0.0,0.0,0.0,16.9827,0.0298,17.012500000000003,17.0113
810,0.2159,0.0035,0.2193,0.0395,0.9844961240310078,0.01595987232102143,12.1104,2.2331,13.1104,1.0,0.0,0.0,0.0,13.1104,2.2331000000000003,15.3435,15.3459
811,0.0705,0.001,0.0715,0.0129,0.986013986013986,0.013986013986013988,3.624,0.6843,3.624,0.0,0.0,0.0,0.0,3.624,0.6843,4.3083,4.313
812,0.2261,0.0007,0.2267,0.0408,0.9973533303925892,0.0030877812086457872,12.684,0.4247,13.6839,0.9999,0.0,0.0,0.0,13.683900000000001,0.4247,14.108600000000001,14.1132
813,0.358,0.0007,0.3587,0.0646,0.9980485085029271,0.0019514914970727626,18.8592,0.4494,21.8593,3.0001,0.0,0.0,0.0,21.8593,0.4494,22.3087,22.3137
814,0.3096,0.011,0.3206,0.0577,0.9656893325015595,0.034310667498440424,17.5992,6.9436,31.5989,13.9997,0.0,0.0,0.0,31.598899999999997,6.9436,38.5425,38.5383
815,0.1121,0.0025,0.1147,0.0206,0.977332170880558,0.021795989537925022,6.0552,1.7116,6.0552,0.0,0.0,0.0,0.0,6.0552,1.7116,7.7668,7.7642
816,0.2559,0.0001,0.256,0.0461,0.999609375,0.000390625,13.6476,0.0481,13.6472,0.0,0.0,0.0,0.0,13.647199999999998,0.048100000000000004,13.695299999999998,13.6909
817,0.1214,0.001,0.1223,0.022,0.9926410466067047,0.008176614881439084,6.3936,0.6148,8.3931,1.9995,0.0,0.0,0.0,8.3931,0.6148,9.007900000000001,9.0067
818,0.1572,0.0,0.1573,0.0283,0.9993642720915449,0.0,9.4344,0.0113,9.4348,0.0004,0.0,0.0,0.0,9.4348,0.0113,9.4461,9.4449
819,0.255,0.0023,0.2573,0.0463,0.991061018266615,0.008938981733385155,14.496,1.5323,19.4958,4.9998,0.0,0.0,0.0,19.495799999999996,1.5322999999999998,21.028099999999995,22.0327
820,0.1713,0.0,0.1714,0.0309,0.9994165694282381,0.0,8.9184,0.0248,8.9179,0.0,0.0,0.0,0.0,8.9179,0.024800000000000003,8.9427,8.9432
821,0.3077,0.0063,0.314,0.0565,0.979936305732484,0.020063694267515923,16.614,4.0514,30.6139,13.9999,0.0,0.0,0.0,30.613899999999997,4.0514,34.665299999999995,34.6649
822,0.2762,0.0,0.2763,0.0497,0.9996380745566413,0.0,14.9172,0.0076,14.9172,0.0,0.0,0.0,0.0,14.917200000000001,0.0076,14.924800000000001,14.9275
823,0.2766,0.0002,0.2768,0.0498,0.999277456647399,0.0007225433526011561,16.1472,0.1483,16.1472,0.0,0.0,0.0,0.0,16.147199999999998,0.1483,16.295499999999997,16.2942
824,0.1987,0.0158,0.2145,0.0386,0.9263403263403263,0.07365967365967367,11.148,9.5146,15.1476,3.9996,0.0,0.0,0.0,15.1476,9.514600000000002,24.662200000000002,25.165
825,0.1303,0.0002,0.1306,0.0235,0.9977029096477795,0.0015313935681470138,6.9516,0.1524,6.9513,0.0,0.0,0.0,0.0,6.9513,0.15239999999999998,7.1037,7.1036
826,0.2722,0.0145,0.2867,0.0516,0.949424485524939,0.05057551447506104,15.2724,8.9053,17.2729,2.0005,0.0,0.0,0.0,17.2729,8.9053,26.1782,26.1734
827,0.2944,0.0002,0.2946,0.053,0.9993211133740666,0.0006788866259334692,16.308,0.095,16.3079,0.0,0.0,0.0,0.0,16.3079,0.095,16.4029,16.4001
828,0.1961,0.0005,0.1966,0.0354,0.9974567650050865,0.00254323499491353,11.148,0.3519,13.1474,1.9994,0.0,0.0,0.0,13.147400000000001,0.3519,13.499300000000002,13.5019
829,0.1007,0.0002,0.1008,0.0181,0.9990079365079365,0.001984126984126984,5.436,0.1063,5.4358,0.0,0.0,0.0,0.0,5.435800000000001,0.10629999999999999,5.542100000000001,5.5445
830,0.1765,0.0009,0.1774,0.0319,0.9949267192784667,0.005073280721533258,9.7776,0.5452,11.7771,1.9995,0.0,0.0,0.0,11.7771,0.5452,12.3223,12.3258
831,0.1609,0.0007,0.1616,0.0291,0.9956683168316831,0.004331683168316832,9.2688,0.4089,11.2681,1.9993,0.0,0.0,0.0,11.268099999999997,0.4089,11.676999999999996,11.6813
832,0.1322,0.0001,0.1322,0.0238,1.0,0.0007564296520423601,7.8216,0.0342,7.8218,0.0002,0.0,0.0,0.0,7.8218,0.0342,7.856,7.8601
833,0.3,0.0122,0.3122,0.0562,0.9609224855861628,0.03907751441383729,16.614,8.417,30.6138,13.9998,0.0,0.0,0.0,30.613799999999994,8.417000000000002,39.0308,39.0338
834,0.2123,0.0006,0.2129,0.0383,0.9971817754814466,0.0028182245185533112,11.322,0.3723,11.322,0.0,0.0,0.0,0.0,11.322000000000001,0.3723,11.6943,11.6907
835,0.2865,0.0002,0.2867,0.0516,0.9993024066968956,0.0006975933031042902,16.5024,0.113,16.5017,0.0,0.0,0.0,0.0,16.5017,0.11299999999999999,16.6147,16.6124
836,0.2828,0.001,0.2838,0.0511,0.9964763918252291,0.0035236081747709656,15.2724,0.6196,19.2726,4.0002,0.0,0.0,0.0,19.2726,0.6196,19.8922,19.8955
837,0.3929,0.0006,0.3935,0.0708,0.9984752223634054,0.001524777636594663,21.2172,0.3631,25.2167,3.9995,0.0,0.0,0.0,25.2167,0.36310000000000003,25.5798,25.5797
838,0.0738,0.0077,0.0816,0.0147,0.9044117647058824,0.09436274509803921,4.0368,5.0207,19.0368,15.0,0.0,0.0,0.0,19.036800000000007,5.0207,24.057500000000005,24.0591
839,0.3117,0.0,0.3117,0.0561,1.0,0.0,18.1956,0.0127,18.1957,0.0001,0.0,0.0,0.0,18.195700000000002,0.012700000000000001,18.2084,18.2035
840,0.353,0.005,0.358,0.0644,0.9860335195530726,0.013966480446927375,20.0652,3.0163,23.0655,3.0003,0.0,0.0,0.0,23.065500000000004,3.0163,26.081800000000005,26.0851
841,0.3554,0.0001,0.3555,0.064,0.99971870604782,0.00028129395218002813,20.4708,0.0896,20.4706,0.0,0.0,0.0,0.0,20.470599999999997,0.08960000000000001,20.5602,20.5559
842,0.0788,0.001,0.0798,0.0144,0.9874686716791979,0.012531328320802006,4.3632,0.5735,8.3636,4.0004,0.0,0.0,0.0,8.363599999999998,0.5735000000000001,8.937099999999997,8.9353
843,0.1514,0.0008,0.1522,0.0274,0.9947437582128779,0.005256241787122208,8.0736,0.4832,8.0737,0.0001,0.0,0.0,0.0,8.073699999999999,0.4832000000000001,8.556899999999999,8.5542
844,0.2866,0.0008,0.2874,0.0517,0.9972164231036883,0.0027835768963117608,14.9172,0.5426,14.9172,0.0,0.0,0.0,0.0,14.917200000000001,0.5426000000000001,15.459800000000001,15.4561
845,0.0884,0.0012,0.0896,0.0161,0.9866071428571429,0.013392857142857142,4.7148,0.7386,8.7149,4.0001,0.0,0.0,0.0,8.7149,0.7385999999999999,9.4535,9.4578
846,0.2187,0.0057,0.2243,0.0404,0.9750334373606777,0.025412394115024523,12.1104,3.7025,14.1106,2.0002,0.0,0.0,0.0,14.1106,3.7025,17.8131,17.8098
847,0.1973,0.0,0.1973,0.0355,1.0,0.0,10.6548,0.0184,11.6552,1.0004,0.0,0.0,0.0,11.6552,0.0184,11.6736,11.6757
848,0.3374,0.0012,0.3386,0.061,0.9964559952746602,0.0035440047253396333,19.1796,0.7042,20.1794,0.9998,0.0,0.0,0.0,20.179399999999998,0.7041999999999999,20.883599999999998,20.8859
849,0.3273,0.0002,0.3275,0.0589,0.9993893129770991,0.0006106870229007634,17.454,0.1328,17.4544,0.0004,0.0,0.0,0.0,17.454399999999996,0.1328,17.587199999999996,17.585
850,0.1799,0.0062,0.1861,0.0335,0.9666845781837723,0.03331542181622783,10.092,4.1954,11.092,1.0,0.0,0.0,0.0,11.091999999999997,4.195399999999999,15.287399999999996,15.2862
851,0.0715,0.0058,0.0773,0.0139,0.92496765847348,0.07503234152652005,3.9108,3.4641,7.9109,4.0001,0.0,0.0,0.0,7.910899999999999,3.4641,11.375,11.3798
852,0.1073,0.0001,0.1074,0.0193,0.9990689013035383,0.0009310986964618251,5.8668,0.0544,5.8661,0.0,0.0,0.0,0.0,5.866100000000001,0.05440000000000001,5.920500000000001,5.9243
853,0.084,0.0024,0.0864,0.0156,0.9722222222222222,0.027777777777777773,4.7148,1.5096,4.7149,0.0001,0.0,0.0,0.0,4.7149,1.5095999999999998,6.2245,6.2215
854,0.2114,0.0003,0.2117,0.0381,0.9985829003306567,0.0014170996693434103,10.872,0.1985,10.8716,0.0,0.0,0.0,0.0,10.871600000000003,0.1985,11.070100000000002,11.0677
855,0.296,0.0002,0.2962,0.0533,0.9993247805536798,0.000675219446320054,17.0484,0.1539,17.0483,0.0,0.0,0.0,0.0,17.0483,0.15389999999999998,17.2022,17.1988
856,0.3364,0.0004,0.3368,0.0606,0.998812351543943,0.0011876484560570072,18.1656,0.2955,18.1658,0.0002,0.0,0.0,0.0,18.1658,0.2955,18.4613,18.4633
857,0.2074,0.0029,0.2103,0.0379,0.9862101759391346,0.01378982406086543,12.1104,1.8358,12.1105,0.0001,0.0,0.0,0.0,12.110500000000002,1.8358,13.946300000000003,13.9459
858,0.0706,0.0,0.0706,0.0127,1.0,0.0,3.9108,0.017,3.9109,0.0001,0.0,0.0,0.0,3.9109,0.017,3.9278999999999997,3.929
859,0.2173,0.0023,0.2196,0.0395,0.9895264116575592,0.010473588342440802,11.7324,1.5269,11.7326,0.0002,0.0,0.0,0.0,11.732600000000001,1.5269,13.259500000000001,13.2572
860,0.2801,0.001,0.2811,0.0506,0.9964425471362505,0.0035574528637495554,15.9216,0.6474,15.9215,0.0,0.0,0.0,0.0,15.921500000000002,0.6474,16.568900000000003,16.5688
861,0.391,0.0002,0.3912,0.0704,0.9994887525562373,0.0005112474437627812,20.8536,0.1586,20.8533,0.0,0.0,0.0,0.0,20.8533,0.15860000000000002,21.0119,21.0074
862,0.0638,0.0024,0.0661,0.0119,0.9652042360060513,0.03630862329803328,3.624,1.5355,3.6239,0.0,0.0,0.0,0.0,3.6239,1.5355,5.1594,5.1591
863,0.2568,0.0003,0.2572,0.0463,0.9984447900466562,0.001166407465007776,13.2084,0.2107,13.2085,0.0001,0.0,0.0,0.0,13.2085,0.2107,13.4192,13.4151
864,0.2854,0.0003,0.2857,0.0514,0.9989499474973748,0.001050052502625131,15.6072,0.1667,15.6069,0.0,0.0,0.0,0.0,15.606899999999996,0.1667,15.773599999999997,15.7777
865,0.242,0.0,0.242,0.0436,1.0,0.0,14.1288,0.0085,14.1289,0.0001,0.0,0.0,0.0,14.128900000000002,0.0085,14.137400000000001,14.1376
866,0.138,0.0012,0.1392,0.0251,0.9913793103448277,0.008620689655172414,7.548,0.7901,7.548,0.0,0.0,0.0,0.0,7.547999999999998,0.7901000000000001,8.338099999999999,8.3358
867,0.1019,0.0019,0.1038,0.0187,0.9816955684007708,0.018304431599229287,5.436,1.2434,5.436,0.0,0.0,0.0,0.0,5.436000000000001,1.2433999999999998,6.679400000000001,6.6825
868,0.2782,0.0011,0.2792,0.0503,0.9964183381088825,0.003939828080229226,15.6072,0.6735,15.6068,0.0,0.0,0.0,0.0,15.606799999999996,0.6735,16.280299999999997,16.2816
869,0.2182,0.0004,0.2186,0.0393,0.9981701738334859,0.0018298261665141812,13.0908,0.2813,13.0908,0.0,0.0,0.0,0.0,13.090799999999998,0.2813,13.372099999999998,13.3722
870,0.2915,0.0015,0.2931,0.0528,0.9945411122483793,0.005117707267144319,16.1472,1.0267,16.1475,0.0003,0.0,0.0,0.0,16.1475,1.0267000000000002,17.174200000000003,17.1712
871,0.0818,0.0,0.0818,0.0147,1.0,0.0,4.3632,0.0193,4.3637,0.0005,0.0,0.0,0.0,4.3637,0.0193,4.383,4.3841
872,0.0721,0.0,0.0721,0.013,1.0,0.0,4.1532,0.0096,4.1532,0.0,0.0,0.0,0.0,4.1532,0.0096,4.1628,4.1638
873,0.131,0.0107,0.1418,0.0255,0.923836389280677,0.07545839210155147,7.548,6.905,11.548,4.0,0.0,0.0,0.0,11.547999999999998,6.905,18.453,18.455
874,0.207,0.0061,0.2131,0.0384,0.9713749413420928,0.028625058657907085,11.322,3.7441,11.322,0.0,0.0,0.0,0.0,11.322000000000001,3.7441,15.0661,15.0656
875,0.249,0.0002,0.2492,0.0449,0.9991974317817014,0.0008025682182985554,14.5368,0.1199,14.537,0.0002,0.0,0.0,0.0,14.536999999999999,0.11989999999999999,14.656899999999998,14.6599
876,0.1578,0.0,0.1579,0.0284,0.9993666877770739,0.0,8.5236,0.0098,8.524,0.0004,0.0,0.0,0.0,8.524000000000001,0.0098,8.533800000000001,8.5295
877,0.2013,0.0086,0.21,0.0378,0.9585714285714286,0.040952380952380955,10.872,5.3551,13.8719,2.9999,0.0,0.0,0.0,13.871900000000002,5.355099999999999,19.227,19.7238
878,0.2039,0.0001,0.204,0.0367,0.9995098039215686,0.0004901960784313727,11.148,0.0852,11.1476,0.0,0.0,0.0,0.0,11.1476,0.08520000000000001,11.232800000000001,11.2292
879,0.3855,0.0001,0.3856,0.0694,0.9997406639004149,0.00025933609958506224,20.0652,0.0679,20.0658,0.0006,0.0,0.0,0.0,20.0658,0.0679,20.1337,20.1383
880,0.1439,0.0,0.1439,0.0259,1.0,0.0,8.0736,0.0153,8.0736,0.0,0.0,0.0,0.0,8.073599999999999,0.015299999999999998,8.088899999999999,8.0917
881,0.197,0.0019,0.1989,0.0358,0.9904474610356964,0.009552538964303671,10.9092,1.1501,11.909,0.9998,0.0,0.0,0.0,11.909000000000002,1.1501,13.059100000000003,13.56
882,0.2651,0.0014,0.2665,0.048,0.9947467166979361,0.00525328330206379,14.496,0.8647,16.4958,1.9998,0.0,0.0,0.0,16.495800000000003,0.8647,17.360500000000002,17.3622
883,0.0729,0.0008,0.0736,0.0133,0.9904891304347827,0.010869565217391306,4.0368,0.4727,4.0368,0.0,0.0,0.0,0.0,4.0367999999999995,0.47269999999999995,4.509499999999999,4.5093
884,0.2756,0.0,0.2756,0.0496,1.0,0.0,16.308,0.0061,16.3075,0.0,0.0,0.0,0.0,16.3075,0.0061,16.3136,16.3146
885,0.1601,0.0198,0.1799,0.0324,0.8899388549193996,0.11006114508060034,9.0984,12.8317,15.0978,5.9994,0.0,0.0,0.0,15.097800000000003,12.831700000000001,27.929500000000004,28.4288
886,0.1197,0.0132,0.1329,0.0239,0.9006772009029346,0.09932279909706547,6.546,8.6457,15.5457,8.9997,0.0,0.0,0.0,15.545700000000002,8.645700000000001,24.1914,24.1949
887,0.3461,0.0,0.3462,0.0623,0.9997111496244946,0.0,18.6912,0.0162,18.6909,0.0,0.0,0.0,0.0,18.690900000000003,0.0162,18.707100000000004,18.7088
888,0.1971,0.0002,0.1973,0.0355,0.9989863152559554,0.0010136847440446021,10.3836,0.1308,10.3836,0.0,0.0,0.0,0.0,10.383599999999998,0.1308,10.514399999999998,10.5102
889,0.1475,0.0001,0.1475,0.0266,1.0,0.0006779661016949153,8.7276,0.0382,8.7272,0.0,0.0,0.0,0.0,8.727199999999998,0.0382,8.765399999999998,8.7656
890,0.1404,0.0021,0.1425,0.0257,0.985263157894737,0.014736842105263158,8.3064,1.3429,8.3069,0.0005,0.0,0.0,0.0,8.3069,1.3429,9.6498,9.6462
891,0.2944,0.0003,0.2948,0.0531,0.9986431478968792,0.0010176390773405698,16.308,0.2116,16.3074,0.0,0.0,0.0,0.0,16.3074,0.21159999999999998,16.519000000000002,16.5164
892,0.1169,0.0039,0.1208,0.0217,0.9677152317880795,0.03228476821192053,6.3936,2.3379,12.3932,5.9996,0.0,0.0,0.0,12.3932,2.3379,14.7311,15.2313
893,0.2518,0.0009,0.2528,0.0455,0.9960443037974683,0.0035601265822784805,14.1288,0.5983,14.1289,0.0001,0.0,0.0,0.0,14.128900000000002,0.5983,14.727200000000002,14.7262
894,0.2279,0.0184,0.2463,0.0443,0.9252943564758425,0.07470564352415754,12.786,11.4847,14.7863,2.0003,0.0,0.0,0.0,14.7863,11.4847,26.271,26.2726
895,0.2782,0.0,0.2782,0.0501,1.0,0.0,15.6072,0.019,15.6064,0.0,0.0,0.0,0.0,15.606399999999997,0.019,15.625399999999997,15.6265
896,0.0757,0.0011,0.0768,0.0138,0.9856770833333335,0.01432291666666667,4.3632,0.6753,11.3637,7.0005,0.0,0.0,0.0,11.363699999999998,0.6753,12.038999999999998,12.0417
897,0.209,0.0003,0.2093,0.0377,0.9985666507405637,0.0014333492594362158,11.148,0.1543,11.1476,0.0,0.0,0.0,0.0,11.1476,0.15430000000000002,11.3019,11.3024
898,0.337,0.0001,0.3371,0.0607,0.9997033521210323,0.0002966478789676654,18.1956,0.0867,18.1957,0.0001,0.0,0.0,0.0,18.1957,0.08670000000000001,18.2824,18.2792
899,0.1009,0.0028,0.1037,0.0187,0.9729990356798457,0.02700096432015429,5.6604,1.737,11.6611,6.0007,0.0,0.0,0.0,11.661100000000001,1.737,13.398100000000001,13.3972
900,0.1596,0.0017,0.1613,0.029,0.9894606323620583,0.010539367637941723,8.7276,1.0699,8.7275,0.0,0.0,0.0,0.0,8.727499999999997,1.0699,9.797399999999998,9.7972
901,0.197,0.0025,0.1994,0.0359,0.9879638916750252,0.012537612838515547,10.9092,1.5144,12.9092,2.0,0.0,0.0,0.0,12.909200000000002,1.5144,14.423600000000002,14.4249
902,0.15,0.001,0.1509,0.0272,0.9940357852882703,0.0066269052352551355,8.5236,0.5917,9.5241,1.0005,0.0,0.0,0.0,9.5241,0.5917,10.1158,10.1176
903,0.1822,0.001,0.1832,0.033,0.9945414847161572,0.0054585152838427945,10.092,0.6101,10.0922,0.0002,0.0,0.0,0.0,10.0922,0.6101000000000001,10.702300000000001,10.7019
904,0.0858,0.0,0.0859,0.0155,0.9988358556461001,0.0,4.6344,0.0224,4.6343,0.0,0.0,0.0,0.0,4.6343,0.022399999999999996,4.6567,4.6528
905,0.3304,0.0171,0.3475,0.0626,0.9507913669064749,0.04920863309352518,18.5364,11.107,30.5364,12.0,0.0,0.0,0.0,30.5364,11.107000000000001,41.6434,41.6484
906,0.3765,0.0087,0.3852,0.0693,0.9774143302180686,0.022585669781931463,20.8536,5.9968,23.8536,3.0,0.0,0.0,0.0,23.8536,5.9968,29.8504,29.854
907,0.3077,0.002,0.3097,0.0557,0.9935421375524701,0.006457862447529868,16.614,1.2224,16.6139,0.0,0.0,0.0,0.0,16.613899999999997,1.2224,17.836299999999998,17.839
908,0.1892,0.0008,0.19,0.0342,0.9957894736842106,0.004210526315789474,10.092,0.5126,10.092,0.0,0.0,0.0,0.0,10.091999999999999,0.5126000000000001,10.6046,10.6034
909,0.1358,0.0005,0.1362,0.0245,0.9970631424375919,0.0036710719530102793,7.8216,0.2752,7.822,0.0004,0.0,0.0,0.0,7.822,0.2752,8.0972,8.0983
910,0.225,0.0063,0.2312,0.0416,0.9731833910034603,0.027249134948096887,12.4608,3.899,12.4602,0.0,0.0,0.0,0.0,12.460199999999997,3.899,16.359199999999998,16.3623
911,0.2161,0.0001,0.2161,0.0389,1.0,0.0004627487274409996,12.786,0.0346,12.7861,0.0001,0.0,0.0,0.0,12.7861,0.03459999999999999,12.820699999999999,12.8188
912,0.3669,0.0,0.3669,0.0661,1.0,0.0,20.0652,0.0096,20.0656,0.0004,0.0,0.0,0.0,20.0656,0.009600000000000001,20.0752,20.0789
913,0.3055,0.0004,0.306,0.0551,0.9983660130718954,0.0013071895424836603,17.5992,0.2608,17.599,0.0,0.0,0.0,0.0,17.598999999999997,0.2608,17.859799999999996,17.8637
914,0.3902,0.0001,0.3902,0.0702,1.0,0.00025627883136852895,20.0652,0.0381,23.0654,3.0002,0.0,0.0,0.0,23.0654,0.0381,23.1035,23.1062
915,0.1402,0.0,0.1402,0.0252,1.0,0.0,8.0736,0.0155,8.0737,0.0001,0.0,0.0,0.0,8.073699999999999,0.0155,8.089199999999998,8.0896
916,0.2718,0.0,0.2718,0.0489,1.0,0.0,14.1444,0.024,14.1444,0.0,0.0,0.0,0.0,14.144399999999997,0.023999999999999997,14.168399999999997,14.1691
917,0.1191,0.0011,0.1202,0.0216,0.9908485856905158,0.009151414309484194,6.9516,0.6494,6.9512,0.0,0.0,0.0,0.0,6.9512,0.6494,7.6006,7.5967
918,0.2838,0.0006,0.2843,0.0512,0.9982412944073162,0.0021104467112205414,15.9216,0.333,15.9214,0.0,0.0,0.0,0.0,15.921400000000002,0.33299999999999996,16.2544,16.2543
919,0.3056,0.0,0.3056,0.055,1.0,0.0,16.5024,0.0133,16.5019,0.0,0.0,0.0,0.0,16.5019,0.013299999999999998,16.5152,16.511
920,0.1822,0.0129,0.1951,0.0351,0.9338800615069196,0.06611993849308047,10.092,8.2685,17.0921,7.0001,0.0,0.0,0.0,17.092100000000002,8.2685,25.3606,25.3637
921,0.219,0.0005,0.2195,0.0395,0.9977220956719818,0.002277904328018223,12.786,0.2983,12.7863,0.0003,0.0,0.0,0.0,12.7863,0.2983,13.0846,13.0853
922,0.3221,0.0,0.3221,0.058,1.0,0.0,17.8368,0.0107,17.8363,0.0,0.0,0.0,0.0,17.836299999999998,0.0107,17.846999999999998,17.8493
923,0.3391,0.0001,0.3392,0.0611,0.9997051886792453,0.00029481132075471697,20.0652,0.0741,20.0658,0.0006,0.0,0.0,0.0,20.0658,0.0741,20.1399,20.138
924,0.22,0.0017,0.2217,0.0399,0.9923319801533603,0.007668019846639602,11.7324,1.0374,12.7327,1.0003,0.0,0.0,0.0,12.732700000000001,1.0373999999999999,13.770100000000001,13.77
925,0.1779,0.0001,0.178,0.032,0.999438202247191,0.0005617977528089888,10.3836,0.0675,10.3836,0.0,0.0,0.0,0.0,10.383599999999998,0.0675,10.451099999999999,10.4554
926,0.1596,0.001,0.1606,0.0289,0.9937733499377335,0.006226650062266501,8.7276,0.646,8.7271,0.0,0.0,0.0,0.0,8.727099999999998,0.646,9.373099999999999,9.3725
927,0.1596,0.0001,0.1597,0.0287,0.9993738259236067,0.0006261740763932373,8.7276,0.0473,8.7275,0.0,0.0,0.0,0.0,8.727499999999997,0.047299999999999995,8.774799999999997,8.771
928,0.2089,0.0027,0.2116,0.0381,0.9872400756143667,0.01275992438563327,10.872,1.6004,10.872,0.0,0.0,0.0,0.0,10.872000000000002,1.6004,12.472400000000002,12.4711
929,0.2271,0.0005,0.2275,0.041,0.9982417582417582,0.002197802197802198,12.1104,0.2861,16.1105,4.0001,0.0,0.0,0.0,16.1105,0.2861,16.3966,16.3917
930,0.2838,0.0001,0.2838,0.0511,1.0,0.00035236081747709656,15.9216,0.0383,15.9216,0.0,0.0,0.0,0.0,15.921600000000002,0.038299999999999994,15.959900000000001,15.9625
931,0.2793,0.0166,0.2959,0.0533,0.9438999662047989,0.056100033795201086,15.2724,10.8267,20.2727,5.0003,0.0,0.0,0.0,20.2727,10.8267,31.099400000000003,31.0945
932,0.084,0.0088,0.0928,0.0167,0.9051724137931035,0.09482758620689656,4.7148,5.7688,12.7148,8.0,0.0,0.0,0.0,12.714800000000004,5.7688,18.483600000000003,18.4816
933,0.2673,0.0006,0.2679,0.0482,0.997760358342665,0.002239641657334826,15.6072,0.3681,15.6067,0.0,0.0,0.0,0.0,15.606699999999996,0.36810000000000004,15.974799999999997,15.9723
934,0.1577,0.0,0.1577,0.0284,1.0,0.0,8.3064,0.0068,8.3069,0.0005,0.0,0.0,0.0,8.3069,0.0068000000000000005,8.3137,8.3131
935,0.2415,0.0011,0.2426,0.0437,0.9954657873042044,0.004534212695795548,13.3776,0.6888,13.3771,0.0,0.0,0.0,0.0,13.3771,0.6888000000000001,14.065900000000001,14.0644
936,0.2584,0.0135,0.2719,0.0489,0.9503493931592499,0.04965060684075028,14.1288,8.2262,17.1289,3.0001,0.0,0.0,0.0,17.1289,8.2262,25.3551,25.3545
937,0.232,0.0001,0.232,0.0418,1.0,0.0004310344827586207,12.684,0.0462,13.6837,0.9997,0.0,0.0,0.0,13.683700000000002,0.04619999999999999,13.729900000000002,13.7286
938,0.1073,0.0008,0.1081,0.0195,0.9925994449583719,0.0074005550416281225,5.8668,0.4743,6.866,0.9992,0.0,0.0,0.0,6.866000000000001,0.47429999999999994,7.340300000000001,7.837
939,0.3433,0.0205,0.3638,0.0655,0.9436503573391973,0.05634964266080264,18.5364,12.9592,19.5364,1.0,0.0,0.0,0.0,19.5364,12.9592,32.495599999999996,32.4961
940,0.1652,0.0172,0.1824,0.0328,0.905701754385965,0.09429824561403509,9.2688,10.8752,11.2683,1.9995,0.0,0.0,0.0,11.2683,10.8752,22.1435,23.1387
941,0.2183,0.0016,0.2199,0.0396,0.9927239654388358,0.007276034561164165,11.7876,1.0252,11.7868,0.0,0.0,0.0,0.0,11.786800000000001,1.0252000000000001,12.812000000000001,12.8153
942,0.1184,0.0019,0.1203,0.0217,0.9842061512884456,0.015793848711554447,6.3936,1.1569,7.3933,0.9997,0.0,0.0,0.0,7.3933,1.1569000000000003,8.5502,8.5543
943,0.1594,0.0042,0.1636,0.0294,0.9743276283618582,0.02567237163814181,9.06,2.6516,9.0596,0.0,0.0,0.0,0.0,9.059600000000001,2.6515999999999997,11.711200000000002,11.7145
944,0.2788,0.0014,0.2802,0.0504,0.9950035688793718,0.004996431120628123,15.6432,0.8512,15.6432,0.0,0.0,0.0,0.0,15.643199999999998,0.8512000000000001,16.4944,16.496
945,0.1913,0.0039,0.1951,0.0351,0.9805228088159919,0.01998974884674526,10.872,2.468,10.872,0.0,0.0,0.0,0.0,10.872000000000002,2.4680000000000004,13.340000000000002,13.343
946,0.2027,0.0,0.2027,0.0365,1.0,0.0,11.3724,0.0185,11.3725,0.0001,0.0,0.0,0.0,11.372499999999997,0.0185,11.390999999999996,11.3862
947,0.2486,0.0,0.2486,0.0447,1.0,0.0,14.1288,0.0163,14.1289,0.0001,0.0,0.0,0.0,14.128900000000002,0.0163,14.1452,14.1433
948,0.3304,0.0001,0.3305,0.0595,0.999697428139183,0.000302571860816944,18.5364,0.0451,18.5364,0.0,0.0,0.0,0.0,18.5364,0.0451,18.581500000000002,18.5847
949,0.3221,0.0148,0.3368,0.0606,0.956353919239905,0.043942992874109264,17.8368,9.6671,17.8363,0.0,0.0,0.0,0.0,17.836299999999998,9.667100000000001,27.5034,27.5056
950,0.3236,0.0004,0.324,0.0583,0.9987654320987654,0.0012345679012345679,17.0484,0.2628,17.0481,0.0,0.0,0.0,0.0,17.0481,0.26280000000000003,17.3109,17.307
951,0.3015,0.0001,0.3016,0.0543,0.9996684350132626,0.00033156498673740057,17.5992,0.0613,17.5987,0.0,0.0,0.0,0.0,17.598699999999997,0.0613,17.659999999999997,17.66
952,0.1065,0.0001,0.1066,0.0192,0.99906191369606,0.0009380863039399625,6.0552,0.0344,6.0553,0.0001,0.0,0.0,0.0,6.055300000000001,0.03440000000000001,6.089700000000001,6.0915
953,0.146,0.0,0.146,0.0263,1.0,0.0,8.5236,0.0138,8.5238,0.0002,0.0,0.0,0.0,8.523800000000001,0.0138,8.537600000000001,8.5393
954,0.1197,0.016,0.1357,0.0244,0.8820928518791452,0.11790714812085484,6.2304,9.8391,6.2302,0.0,0.0,0.0,0.0,6.230199999999998,9.839100000000002,16.0693,16.0739
955,0.3601,0.0,0.3602,0.0648,0.9997223764575235,0.0,20.4708,0.0235,21.4705,0.9997,0.0,0.0,0.0,21.470499999999998,0.0235,21.493999999999996,21.4921
956,0.2159,0.0002,0.216,0.0389,0.9995370370370371,0.000925925925925926,12.1104,0.1216,12.1105,0.0001,0.0,0.0,0.0,12.110500000000002,0.12160000000000001,12.232100000000003,12.2341
957,0.1421,0.0001,0.1422,0.0256,0.99929676511955,0.0007032348804500704,8.5236,0.0611,8.5243,0.0007,0.0,0.0,0.0,8.5243,0.0611,8.5854,8.5878
958,0.1093,0.0051,0.1144,0.0206,0.9554195804195803,0.044580419580419584,6.0552,3.0492,6.0552,0.0,0.0,0.0,0.0,6.0552,3.0492,9.1044,9.1068
959,0.2684,0.0001,0.2686,0.0483,0.9992553983618765,0.00037230081906180194,14.496,0.0964,14.4954,0.0,0.0,0.0,0.0,14.4954,0.09639999999999999,14.5918,14.5942
960,0.3327,0.0003,0.3331,0.0599,0.998799159411588,0.0009006304413089162,18.1956,0.1968,18.1961,0.0005,0.0,0.0,0.0,18.1961,0.19679999999999995,18.3929,18.3923
961,0.2907,0.0096,0.3003,0.0541,0.968031968031968,0.03196803196803196,16.308,6.3519,18.3077,1.9997,0.0,0.0,0.0,18.307700000000004,6.351899999999999,24.659600000000005,24.6564
962,0.2982,0.0,0.2982,0.0537,1.0,0.0,16.308,0.0071,16.3076,0.0,0.0,0.0,0.0,16.3076,0.0071,16.314700000000002,16.3185
963,0.3041,0.0084,0.3125,0.0563,0.97312,0.026879999999999998,16.2192,5.3346,16.2193,0.0001,0.0,0.0,0.0,16.219299999999997,5.3346,21.5539,21.5542
964,0.3303,0.001,0.3313,0.0596,0.9969815876848778,0.003018412315122246,17.8368,0.5808,17.8361,0.0,0.0,0.0,0.0,17.8361,0.5808000000000001,18.4169,18.4149
965,0.2838,0.0088,0.2926,0.0527,0.9699248120300751,0.03007518796992481,15.9216,5.6506,15.9215,0.0,0.0,0.0,0.0,15.921500000000002,5.6506,21.572100000000002,21.5736
966,0.08,0.0093,0.0894,0.0161,0.894854586129754,0.1040268456375839,4.5492,5.8608,6.5488,1.9996,0.0,0.0,0.0,6.5488,5.860799999999999,12.4096,12.4053
967,0.3409,0.0001,0.341,0.0614,0.999706744868035,0.0002932551319648094,19.6368,0.07,19.6363,0.0,0.0,0.0,0.0,19.6363,0.06999999999999999,19.7063,19.708
968,0.1755,0.0001,0.1755,0.0316,1.0,0.0005698005698005699,10.3836,0.0364,10.3838,0.0002,0.0,0.0,0.0,10.383799999999999,0.036399999999999995,10.4202,10.4217
969,0.3418,0.0079,0.3497,0.0629,0.9774092078924792,0.022590792107520734,18.6912,4.6255,18.6906,0.0,0.0,0.0,0.0,18.690600000000003,4.6255,23.316100000000002,23.3145
970,0.3157,0.0001,0.3158,0.0568,0.9996833438885369,0.00031665611146295124,17.0484,0.036,17.0482,0.0,0.0,0.0,0.0,17.0482,0.036,17.084200000000003,17.0859
971,0.1153,0.0,0.1153,0.0208,1.0,0.0,6.8232,0.0102,6.8234,0.0002,0.0,0.0,0.0,6.8233999999999995,0.0102,6.8336,6.8375
972,0.2948,0.0025,0.2974,0.0535,0.9912575655682583,0.008406186953597848,15.9216,1.7093,15.9216,0.0,0.0,0.0,0.0,15.921600000000002,1.7092999999999996,17.6309,17.6287
973,0.1514,0.0002,0.1516,0.0273,0.9986807387862796,0.0013192612137203166,8.0736,0.1358,8.0737,0.0001,0.0,0.0,0.0,8.073699999999999,0.1358,8.209499999999998,8.2067
974,0.3782,0.0024,0.3806,0.0685,0.9936941671045717,0.0063058328954282705,21.2172,1.6281,24.2165,2.9993,0.0,0.0,0.0,24.216500000000003,1.6281,25.844600000000003,25.8453
975,0.2656,0.0,0.2656,0.0478,1.0,0.0,15.096,0.0061,15.0959,0.0,0.0,0.0,0.0,15.095899999999997,0.0061,15.101999999999997,15.1006
976,0.2427,0.0001,0.2428,0.0437,0.9995881383855025,0.0004118616144975289,12.786,0.0796,12.7861,0.0001,0.0,0.0,0.0,12.786100000000001,0.0796,12.8657,12.8693
977,0.2227,0.0,0.2227,0.0401,1.0,0.0,11.7324,0.0155,11.7327,0.0003,0.0,0.0,0.0,11.732700000000001,0.0155,11.7482,11.7463
978,0.2065,0.0016,0.2081,0.0375,0.9923113887554059,0.0076886112445939455,11.5848,0.9145,12.5851,1.0003,0.0,0.0,0.0,12.585100000000002,0.9144999999999999,13.499600000000003,13.4955
979,0.0734,0.0014,0.0748,0.0135,0.9812834224598931,0.01871657754010695,3.774,0.9083,3.774,0.0,0.0,0.0,0.0,3.773999999999999,0.9083,4.682299999999999,4.6784
980,0.146,0.0,0.146,0.0263,1.0,0.0,8.5236,0.0209,8.5242,0.0006,0.0,0.0,0.0,8.5242,0.0209,8.5451,8.5472
981,0.3684,0.0107,0.3791,0.0682,0.9717752571880771,0.028224742811922974,21.2172,6.6222,31.2171,9.9999,0.0,0.0,0.0,31.217100000000002,6.6222,37.8393,37.8346
982,0.2778,0.0005,0.2783,0.0501,0.998203377650018,0.001796622349982034,16.2192,0.3159,16.2194,0.0002,0.0,0.0,0.0,16.219399999999997,0.31589999999999996,16.535299999999996,16.5344
983,0.1913,0.0,0.1913,0.0344,1.0,0.0,10.872,0.0067,11.8717,0.9997,0.0,0.0,0.0,11.871700000000002,0.006699999999999999,11.878400000000003,11.8791
984,0.2944,0.0,0.2945,0.053,0.9996604414261461,0.0,16.308,0.0132,16.3077,0.0,0.0,0.0,0.0,16.3077,0.0132,16.3209,16.3256
985,0.283,0.0003,0.2834,0.051,0.9985885673959068,0.001058574453069866,15.096,0.2254,17.0959,1.9999,0.0,0.0,0.0,17.095899999999997,0.22540000000000002,17.321299999999997,17.3189
986,0.2865,0.0001,0.2866,0.0516,0.9996510816468944,0.0003489183531053733,16.5024,0.075,17.5019,0.9995,0.0,0.0,0.0,17.5019,0.075,17.5769,17.5808
987,0.3461,0.0146,0.3608,0.0649,0.9592572062084257,0.040465631929046564,18.6912,9.2492,24.6907,5.9995,0.0,0.0,0.0,24.690700000000003,9.2492,33.9399,33.9399
988,0.1154,0.0185,0.1339,0.0241,0.8618371919342794,0.13816280806572068,6.3936,11.4133,18.3929,11.9993,0.0,0.0,0.0,18.392899999999997,11.4133,29.806199999999997,29.81
989,0.2659,0.0002,0.2661,0.0479,0.9992484028560692,0.0007515971439308531,14.9172,0.138,14.9172,0.0,0.0,0.0,0.0,14.917200000000001,0.138,15.055200000000001,15.0558
990,0.2793,0.0001,0.2794,0.0503,0.9996420901932713,0.0003579098067287044,15.2724,0.0916,15.2729,0.0005,0.0,0.0,0.0,15.2729,0.09160000000000001,15.3645,15.3596
991,0.1458,0.0015,0.1473,0.0265,0.9898167006109981,0.010183299389002037,8.0736,0.902,12.0737,4.0001,0.0,0.0,0.0,12.073700000000002,0.9019999999999998,12.975700000000002,13.4735
992,0.22,0.0,0.22,0.0396,1.0,0.0,11.7324,0.0067,11.7327,0.0003,0.0,0.0,0.0,11.732700000000001,0.0067,11.739400000000002,11.7363
993,0.2313,0.0009,0.2322,0.0418,0.996124031007752,0.003875968992248062,13.6884,0.5772,18.6882,4.9998,0.0,0.0,0.0,18.688199999999995,0.5772,19.265399999999996,19.2683
994,0.2759,0.0001,0.276,0.0497,0.9996376811594201,0.00036231884057971015,14.5368,0.0669,15.5372,1.0004,0.0,0.0,0.0,15.537200000000002,0.0669,15.604100000000003,15.6073
995,0.1747,0.0062,0.1809,0.0326,0.9657269209508015,0.03427307904919845,9.4344,4.0557,17.435,8.0006,0.0,0.0,0.0,17.435000000000002,4.055700000000001,21.490700000000004,21.988
996,0.1503,0.0001,0.1504,0.0271,0.9993351063829786,0.0006648936170212766,7.8216,0.0505,7.8216,0.0,0.0,0.0,0.0,7.821599999999999,0.050499999999999996,7.8721,7.8691
997,0.1622,0.001,0.1632,0.0294,0.9938725490196079,0.006127450980392157,9.0984,0.6729,12.0977,2.9993,0.0,0.0,0.0,12.097700000000003,0.6728999999999999,12.770600000000004,13.2684
998,0.1107,0.0004,0.1112,0.02,0.9955035971223023,0.0035971223021582736,6.0552,0.2714,16.0552,10.0,0.0,0.0,0.0,16.0552,0.2714,16.3266,16.3242
999,0.1125,0.0019,0.1144,0.0206,0.9833916083916084,0.016608391608391608,6.2304,1.2625,15.2302,8.9998,0.0,0.0,0.0,15.230199999999998,1.2625000000000002,16.4927,16.4915
1000,0.197,0.0,0.197,0.0355,1.0,0.0,10.9092,0.0115,10.9091,0.0,0.0,0.0,0.0,10.909100000000002,0.0115,10.920600000000002,10.924
1001,0.3604,0.0,0.3604,0.0649,1.0,0.0,18.5364,0.0102,19.5364,1.0,0.0,0.0,0.0,19.5364,0.0102,19.5466,20.048
1002,0.074,0.0016,0.0756,0.0136,0.9788359788359787,0.021164021164021166,4.1532,1.0913,8.1532,4.0,0.0,0.0,0.0,8.1532,1.0913000000000002,9.2445,9.7425
1003,0.0862,0.0012,0.0874,0.0157,0.9862700228832951,0.013729977116704803,4.7148,0.7342,13.7148,9.0,0.0,0.0,0.0,13.714800000000004,0.7341999999999999,14.449000000000003,14.4464
1004,0.1208,0.0051,0.1258,0.0227,0.9602543720190779,0.04054054054054054,6.6888,3.0846,17.6884,10.9996,0.0,0.0,0.0,17.6884,3.0846,20.773000000000003,20.7688
1005,0.1167,0.0002,0.1169,0.021,0.9982891360136869,0.001710863986313088,6.546,0.1239,7.5456,0.9996,0.0,0.0,0.0,7.5455999999999985,0.1239,7.669499999999998,7.6645
1006,0.0638,0.0004,0.0641,0.0115,0.9953198127925116,0.0062402496099844,3.624,0.233,4.6238,0.9998,0.0,0.0,0.0,4.623799999999999,0.233,4.856799999999999,4.8617
1007,0.2617,0.0,0.2618,0.0471,0.9996180290297938,0.0,14.496,0.0119,14.4956,0.0,0.0,0.0,0.0,14.4956,0.011899999999999999,14.5075,14.5031
1008,0.2408,0.0033,0.2441,0.0439,0.9864809504301515,0.013519049569848422,13.6884,1.9575,22.6881,8.9997,0.0,0.0,0.0,22.6881,1.9575,24.645599999999998,24.6414
1009,0.3958,0.0197,0.4155,0.0748,0.9525872442839952,0.04741275571600481,20.8536,12.3041,37.8533,16.9997,0.0,0.0,0.0,37.8533,12.304099999999998,50.157399999999996,50.1578
1010,0.134,0.0,0.134,0.0241,1.0,0.0,7.8216,0.0063,9.822,2.0004,0.0,0.0,0.0,9.822000000000001,0.0063,9.8283,9.8272
1011,0.3332,0.0001,0.3333,0.06,0.9996999699969997,0.00030003000300030005,18.6912,0.0737,18.6909,0.0,0.0,0.0,0.0,18.690900000000003,0.0737,18.7646,18.7665
1012,0.1769,0.0,0.1769,0.0318,1.0,0.0,9.4344,0.0139,9.435,0.0006,0.0,0.0,0.0,9.435000000000002,0.0139,9.448900000000002,9.453
1013,0.1121,0.0019,0.1141,0.0205,0.9824715162138477,0.016652059596844872,6.546,1.2112,6.5454,0.0,0.0,0.0,0.0,6.545399999999999,1.2112,7.756599999999999,7.7604
1014,0.0991,0.0008,0.0999,0.018,0.991991991991992,0.008008008008008008,5.8668,0.4921,5.866,0.0,0.0,0.0,0.0,5.866000000000001,0.49210000000000004,6.358100000000001,6.3585
1015,0.131,0.0023,0.1333,0.024,0.9827456864216054,0.017254313578394596,7.0728,1.4855,13.0723,5.9995,0.0,0.0,0.0,13.072299999999998,1.4855,14.557799999999999,14.5554
1016,0.2044,0.0,0.2045,0.0368,0.9995110024449878,0.0,11.322,0.0234,11.3217,0.0,0.0,0.0,0.0,11.321700000000002,0.0234,11.345100000000002,11.3461
1017,0.1184,0.0161,0.1345,0.0242,0.8802973977695168,0.11970260223048326,6.3936,10.3645,9.3931,2.9995,0.0,0.0,0.0,9.3931,10.364500000000001,19.757600000000004,19.7589
1018,0.1326,0.0001,0.1327,0.0239,0.9992464204973623,0.0007535795026375283,7.0728,0.0444,7.0719,0.0,0.0,0.0,0.0,7.0719,0.044399999999999995,7.116300000000001,7.1151
1019,0.3361,0.0054,0.3416,0.0615,0.9838992974238876,0.015807962529274005,18.8592,3.3989,19.8594,1.0002,0.0,0.0,0.0,19.8594,3.3988999999999994,23.2583,23.2605
1020,0.1535,0.0,0.1536,0.0276,0.9993489583333334,0.0,8.7276,0.0211,8.7269,0.0,0.0,0.0,0.0,8.726899999999999,0.0211,8.748,8.7451
1021,0.127,0.0001,0.1271,0.0229,0.999213217938631,0.0007867820613690009,6.6888,0.0818,6.6887,0.0,0.0,0.0,0.0,6.688700000000001,0.08180000000000001,6.770500000000001,6.766
1022,0.2793,0.0002,0.2795,0.0503,0.9992844364937387,0.0007155635062611807,16.308,0.1132,16.3075,0.0,0.0,0.0,0.0,16.3075,0.1132,16.4207,16.4194
1023,0.1875,0.0002,0.1877,0.0338,0.9989344698987747,0.0010655301012253596,10.3836,0.1479,10.3836,0.0,0.0,0.0,0.0,10.383599999999998,0.14789999999999998,10.531499999999998,10.5337
1024,0.3406,0.0037,0.3443,0.062,0.9892535579436539,0.01074644205634621,18.1656,2.2002,18.1659,0.0003,0.0,0.0,0.0,18.1659,2.2001999999999997,20.3661,20.3671
1025,0.2323,0.0,0.2323,0.0418,1.0,0.0,13.3776,0.009,13.3773,0.0,0.0,0.0,0.0,13.377300000000002,0.009000000000000001,13.386300000000002,13.3865
1026,0.0789,0.0034,0.0823,0.0148,0.9586877278250304,0.04131227217496962,4.2624,2.0304,6.2622,1.9998,0.0,0.0,0.0,6.2622,2.0304,8.2926,8.2912
1027,0.11,0.0001,0.1101,0.0198,0.9990917347865577,0.0009082652134423251,5.8668,0.0567,5.8663,0.0,0.0,0.0,0.0,5.866300000000001,0.0567,5.923000000000001,5.9229
1028,0.1846,0.0117,0.1963,0.0353,0.9403973509933774,0.059602649006622516,10.092,7.6647,10.0922,0.0002,0.0,0.0,0.0,10.092199999999998,7.664700000000001,17.756899999999998,17.7526
1029,0.1799,0.0007,0.1806,0.0325,0.9961240310077519,0.003875968992248062,10.092,0.431,10.092,0.0,0.0,0.0,0.0,10.091999999999999,0.43100000000000005,10.523,10.5252
1030,0.1596,0.0,0.1596,0.0287,1.0,0.0,8.3064,0.0158,8.307,0.0006,0.0,0.0,0.0,8.307,0.015799999999999998,8.3228,8.3214
1031,0.0884,0.0,0.0884,0.0159,1.0,0.0,4.7148,0.0134,4.715,0.0002,0.0,0.0,0.0,4.715000000000001,0.013399999999999999,4.728400000000001,4.727
1032,0.0721,0.0132,0.0853,0.0154,0.8452520515826495,0.1547479484173505,4.1532,8.1326,4.1535,0.0003,0.0,0.0,0.0,4.1535,8.1326,12.286100000000001,12.2882
1033,0.229,0.0001,0.2291,0.0412,0.9995635093845483,0.0004364906154517678,12.684,0.052,12.6838,0.0,0.0,0.0,0.0,12.683800000000002,0.052,12.735800000000001,12.7396
1034,0.2163,0.0004,0.2167,0.039,0.9981541301338255,0.0018458698661744347,12.4608,0.2646,12.4603,0.0,0.0,0.0,0.0,12.460299999999997,0.2646,12.724899999999996,12.7271
1035,0.222,0.0001,0.2221,0.04,0.9995497523638002,0.00045024763619991,12.786,0.0637,12.7862,0.0002,0.0,0.0,0.0,12.786200000000001,0.0637,12.849900000000002,12.8474
1036,0.3243,0.0013,0.3256,0.0586,0.9960073710073709,0.003992628992628993,18.1956,0.8154,19.196,1.0004,0.0,0.0,0.0,19.196000000000005,0.8153999999999998,20.011400000000005,20.0065
1037,0.2764,0.0,0.2764,0.0498,1.0,0.0,15.9216,0.0111,15.9215,0.0,0.0,0.0,0.0,15.921500000000002,0.011099999999999999,15.932600000000003,15.9335
1038,0.0811,0.0006,0.0816,0.0147,0.9938725490196079,0.007352941176470587,4.5492,0.3336,4.549,0.0,0.0,0.0,0.0,4.549000000000001,0.3336,4.882600000000001,4.8806
1039,0.1261,0.0001,0.1261,0.0227,1.0,0.0007930214115781127,7.0728,0.0419,7.0725,0.0,0.0,0.0,0.0,7.072500000000001,0.0419,7.114400000000001,7.1164
1040,0.2793,0.0073,0.2866,0.0516,0.9745289602233076,0.025471039776692253,15.2724,4.4677,17.2727,2.0003,0.0,0.0,0.0,17.2727,4.4677,21.7404,21.7441
1041,0.1448,0.0,0.1449,0.0261,0.9993098688750863,0.0,7.8216,0.0073,7.8216,0.0,0.0,0.0,0.0,7.821599999999999,0.0073,7.828899999999999,7.8242
1042,0.0815,0.0043,0.0858,0.0154,0.9498834498834499,0.05011655011655011,4.6344,2.8019,5.634,0.9996,0.0,0.0,0.0,5.633999999999999,2.8019,8.435899999999998,8.4324
1043,0.2369,0.0011,0.238,0.0428,0.9953781512605042,0.004621848739495798,13.6476,0.7652,13.6469,0.0,0.0,0.0,0.0,13.646899999999999,0.7652,14.412099999999999,14.4124
1044,0.1461,0.0001,0.1462,0.0263,0.9993160054719563,0.0006839945280437757,8.3064,0.0673,9.3071,1.0007,0.0,0.0,0.0,9.3071,0.06730000000000001,9.3744,9.3778
1045,0.1398,0.0,0.1398,0.0252,1.0,0.0,7.548,0.0145,7.5479,0.0,0.0,0.0,0.0,7.5478999999999985,0.0145,7.5623999999999985,7.5585
1046,0.302,0.0001,0.3021,0.0544,0.9996689837802053,0.00033101621979477,16.308,0.0515,16.3078,0.0,0.0,0.0,0.0,16.3078,0.05149999999999999,16.3593,16.3544
1047,0.1154,0.0168,0.1322,0.0238,0.8729198184568835,0.12708018154311648,6.3936,9.7241,7.3933,0.9997,0.0,0.0,0.0,7.3933,9.7241,17.1174,17.1143
1048,0.1682,0.0017,0.1699,0.0306,0.9899941141848145,0.010005885815185403,9.4344,1.0736,9.4347,0.0003,0.0,0.0,0.0,9.4347,1.0736,10.5083,10.5038
1049,0.1127,0.0,0.1128,0.0203,0.999113475177305,0.0,5.8668,0.0265,5.8666,0.0,0.0,0.0,0.0,5.8666,0.0265,5.8931000000000004,5.8908
1050,0.2074,0.003,0.2103,0.0379,0.9862101759391346,0.014265335235378032,11.7876,1.8748,11.7869,0.0,0.0,0.0,0.0,11.786900000000001,1.8748000000000002,13.661700000000002,13.6648
1051,0.1096,0.0137,0.1233,0.0222,0.8888888888888888,0.1111111111111111,6.2304,9.2622,8.2304,2.0,0.0,0.0,0.0,8.2304,9.262200000000002,17.492600000000003,18.4877
1052,0.2064,0.0067,0.2131,0.0384,0.9685593618019709,0.03144063819802909,11.148,3.978,14.1479,2.9999,0.0,0.0,0.0,14.147900000000002,3.9779999999999998,18.1259,18.1217
1053,0.3831,0.0046,0.3877,0.0698,0.9881351560484911,0.0118648439515089,21.2172,2.8105,23.2167,1.9995,0.0,0.0,0.0,23.216700000000003,2.8104999999999993,26.0272,26.0309
1054,0.2433,0.0001,0.2434,0.0438,0.9995891536565323,0.0004108463434675432,13.6476,0.0762,13.6468,0.0,0.0,0.0,0.0,13.646799999999999,0.07619999999999999,13.722999999999999,13.7248
1055,0.2948,0.0011,0.296,0.0533,0.995945945945946,0.0037162162162162164,15.9216,0.7023,15.9216,0.0,0.0,0.0,0.0,15.921600000000002,0.7023,16.623900000000003,16.6273
1056,0.0681,0.0,0.0682,0.0123,0.998533724340176,0.0,3.774,0.0111,3.7738,0.0,0.0,0.0,0.0,3.7737999999999996,0.0111,3.7848999999999995,3.7867
1057,0.3886,0.0024,0.3909,0.0704,0.9941161422358659,0.006139677666922486,20.4708,1.4342,22.4706,1.9998,0.0,0.0,0.0,22.4706,1.4341999999999997,23.9048,23.9013
1058,0.202,0.0094,0.2114,0.0381,0.9555345316934721,0.04446546830652791,10.9092,6.1064,12.909,1.9998,0.0,0.0,0.0,12.909000000000002,6.106400000000001,19.015400000000003,19.0129
1059,0.2793,0.0071,0.2864,0.0515,0.9752094972067039,0.02479050279329609,15.2724,4.8767,18.273,3.0006,0.0,0.0,0.0,18.273,4.8767000000000005,23.1497,23.6473
1060,0.3201,0.0,0.3201,0.0576,1.0,0.0,18.1956,0.0239,18.1961,0.0005,0.0,0.0,0.0,18.1961,0.023899999999999998,18.220000000000002,18.2225
1061,0.1827,0.0135,0.1962,0.0353,0.9311926605504587,0.06880733944954127,10.3836,7.8657,14.3836,4.0,0.0,0.0,0.0,14.383599999999998,7.8656999999999995,22.249299999999998,22.2493
1062,0.2891,0.0051,0.2942,0.053,0.9826648538409246,0.01733514615907546,16.2192,3.1263,18.2192,2.0,0.0,0.0,0.0,18.2192,3.1262999999999996,21.3455,21.345
1063,0.1495,0.0064,0.1559,0.0281,0.9589480436177036,0.04105195638229634,8.0736,3.991,8.0737,0.0001,0.0,0.0,0.0,8.073699999999999,3.991,12.064699999999998,12.0598
1064,0.3138,0.0093,0.3231,0.0582,0.9712163416898794,0.028783658310120704,17.8368,6.0794,18.8361,0.9993,0.0,0.0,0.0,18.8361,6.079400000000001,24.915499999999998,24.9125
1065,0.2401,0.0012,0.2413,0.0434,0.995026937422296,0.004973062577704103,13.6476,0.7417,13.6469,0.0,0.0,0.0,0.0,13.646899999999999,0.7416999999999999,14.388599999999999,14.3864
1066,0.1037,0.0001,0.1038,0.0187,0.9990366088631984,0.0009633911368015414,6.0552,0.0443,6.0552,0.0,0.0,0.0,0.0,6.0552,0.044300000000000006,6.0995,6.095
1067,0.1309,0.0001,0.1309,0.0236,1.0,0.0007639419404125287,7.248,0.0469,7.2477,0.0,0.0,0.0,0.0,7.2477,0.0469,7.2946,7.2898
1068,0.3218,0.0013,0.3231,0.0582,0.9959764778706283,0.004023522129371711,17.5992,0.8762,18.5989,0.9997,0.0,0.0,0.0,18.5989,0.8761999999999999,19.4751,19.4704
1069,0.0819,0.023,0.1049,0.0189,0.780743565300286,0.21925643469971404,4.7148,14.7045,4.7148,0.0,0.0,0.0,0.0,4.7148,14.704500000000001,19.4193,19.4238
1070,0.0873,0.0,0.0873,0.0157,1.0,0.0,4.7148,0.0125,4.7148,0.0,0.0,0.0,0.0,4.7148,0.0125,4.7273000000000005,4.7242
1071,0.1223,0.0001,0.1224,0.022,0.9991830065359478,0.0008169934640522876,6.6888,0.0457,6.6888,0.0,0.0,0.0,0.0,6.688800000000001,0.0457,6.7345000000000015,6.7317
1072,0.3285,0.0094,0.3379,0.0608,0.972181118674164,0.02781888132583605,18.1956,5.7857,23.1964,5.0008,0.0,0.0,0.0,23.1964,5.7857,28.982100000000003,29.4866
1073,0.2074,0.0,0.2075,0.0373,0.9995180722891567,0.0,12.1104,0.0267,12.1106,0.0002,0.0,0.0,0.0,12.110600000000002,0.0267,12.137300000000002,12.1356
1074,0.2966,0.0231,0.3197,0.0575,0.9277447607131686,0.0722552392868314,16.2192,14.833,21.2192,5.0,0.0,0.0,0.0,21.2192,14.832999999999998,36.0522,36.0564
1075,0.1535,0.0,0.1536,0.0276,0.9993489583333334,0.0,8.7276,0.018,8.7275,0.0,0.0,0.0,0.0,8.727499999999997,0.018,8.745499999999998,8.7426
1076,0.2354,0.0068,0.2422,0.0436,0.9719240297274979,0.02807597027250206,13.2084,4.368,13.2089,0.0005,0.0,0.0,0.0,13.2089,4.368,17.576900000000002,17.5785
1077,0.0869,0.0023,0.0892,0.0161,0.9742152466367714,0.025784753363228698,4.6344,1.4694,4.6344,0.0,0.0,0.0,0.0,4.634399999999999,1.4694,6.1038,6.1044
1078,0.1919,0.0005,0.1925,0.0346,0.9968831168831168,0.0025974025974025974,10.9092,0.3462,10.9092,0.0,0.0,0.0,0.0,10.909200000000002,0.3462,11.255400000000002,11.2548
1079,0.3831,0.0001,0.3832,0.069,0.9997390396659708,0.0002609603340292276,21.2172,0.0507,21.2168,0.0,0.0,0.0,0.0,21.216800000000003,0.05069999999999999,21.267500000000002,21.2704
1080,0.1208,0.0176,0.1384,0.0249,0.8728323699421966,0.1271676300578035,6.6888,10.4708,10.6885,3.9997,0.0,0.0,0.0,10.688500000000001,10.4708,21.1593,21.66
1081,0.2173,0.0,0.2173,0.0391,1.0,0.0,11.7324,0.007,11.7326,0.0002,0.0,0.0,0.0,11.732600000000001,0.007,11.739600000000001,11.7429
1082,0.3591,0.0001,0.3592,0.0647,0.9997216035634743,0.00027839643652561246,19.6368,0.0456,19.6364,0.0,0.0,0.0,0.0,19.6364,0.045599999999999995,19.682,19.6819
1083,0.0691,0.0,0.0692,0.0125,0.9985549132947976,0.0,4.0368,0.0302,4.0368,0.0,0.0,0.0,0.0,4.0367999999999995,0.030200000000000005,4.066999999999999,4.0662
1084,0.3179,0.0001,0.3181,0.0573,0.9993712668972022,0.0003143665513989312,17.8368,0.0846,17.8363,0.0,0.0,0.0,0.0,17.836299999999998,0.08460000000000001,17.920899999999996,17.9241
1085,0.2456,0.0224,0.268,0.0482,0.9164179104477612,0.0835820895522388,14.1444,14.5667,19.1445,5.0001,0.0,0.0,0.0,19.144499999999997,14.566699999999999,33.7112,33.7126
1086,0.1088,0.0,0.1088,0.0196,1.0,0.0,5.6604,0.0071,5.6608,0.0004,0.0,0.0,0.0,5.6608,0.0070999999999999995,5.6679,5.6717
1087,0.1724,0.0049,0.1773,0.0319,0.9723632261703327,0.027636773829667227,9.4296,3.1616,15.4297,6.0001,0.0,0.0,0.0,15.4297,3.1615999999999995,18.5913,18.5953
1088,0.1125,0.0065,0.119,0.0214,0.9453781512605043,0.0546218487394958,6.3936,3.9707,9.3929,2.9993,0.0,0.0,0.0,9.392900000000001,3.9707,13.363600000000002,13.8643
1089,0.074,0.0,0.074,0.0133,1.0,0.0,4.1532,0.0082,4.1536,0.0004,0.0,0.0,0.0,4.153599999999999,0.008199999999999999,4.1617999999999995,4.1582
1090,0.2625,0.0016,0.264,0.0475,0.9943181818181818,0.006060606060606061,14.5368,0.9977,16.5371,2.0003,0.0,0.0,0.0,16.537100000000002,0.9977,17.534800000000004,17.5343
1091,0.0873,0.002,0.0893,0.0161,0.9776035834266518,0.022396416573348264,4.7148,1.2283,4.7149,0.0001,0.0,0.0,0.0,4.7149,1.2283,5.9432,5.9406
1092,0.1154,0.0002,0.1155,0.0208,0.9991341991341991,0.0017316017316017316,6.2304,0.1044,7.2302,0.9998,0.0,0.0,0.0,7.230199999999999,0.10439999999999998,7.334599999999999,7.3303
1093,0.3546,0.0038,0.3583,0.0645,0.9896734579960927,0.010605637733742674,19.6368,2.4558,24.6363,4.9995,0.0,0.0,0.0,24.636299999999995,2.4558,27.092099999999995,27.0931
1094,0.131,0.0004,0.1314,0.0236,0.9969558599695587,0.0030441400304414006,7.0728,0.2404,7.0721,0.0,0.0,0.0,0.0,7.0721,0.24039999999999997,7.3125,7.3077
1095,0.2691,0.005,0.2741,0.0493,0.9817584823057278,0.018241517694272163,15.096,3.1479,17.0959,1.9999,0.0,0.0,0.0,17.095899999999997,3.1479000000000004,20.243799999999997,20.746
1096,0.1073,0.003,0.1103,0.0199,0.972801450589302,0.0271985494106981,5.8668,1.8349,14.8663,8.9995,0.0,0.0,0.0,14.866299999999999,1.8349000000000002,16.7012,16.6968
1097,0.2691,0.0011,0.2702,0.0486,0.9959289415247965,0.004071058475203553,15.096,0.7741,23.096,8.0,0.0,0.0,0.0,23.095999999999997,0.7741000000000001,23.870099999999997,23.8692
1098,0.3409,0.0037,0.3447,0.062,0.9889759210908036,0.010733971569480708,19.6368,2.4262,20.6364,0.9996,0.0,0.0,0.0,20.636400000000002,2.4262000000000006,23.062600000000003,23.0657
1099,0.0725,0.0,0.0725,0.0131,1.0,0.0,3.774,0.0125,3.7739,0.0,0.0,0.0,0.0,3.7738999999999994,0.012499999999999997,3.7863999999999995,3.7888
1100,0.1293,0.0,0.1294,0.0233,0.9992272024729522,0.0,7.0728,0.0128,7.0723,0.0,0.0,0.0,0.0,7.072299999999999,0.012799999999999999,7.0851,7.0808
1101,0.2424,0.0,0.2425,0.0436,0.9995876288659794,0.0,13.0908,0.023,13.0911,0.0003,0.0,0.0,0.0,13.091099999999997,0.023,13.114099999999997,13.1144
1102,0.0982,0.0002,0.0983,0.0177,0.9989827060020345,0.002034587995930824,5.436,0.0989,5.4359,0.0,0.0,0.0,0.0,5.435900000000001,0.0989,5.5348000000000015,5.5367
1103,0.3649,0.0112,0.376,0.0677,0.9704787234042553,0.029787234042553193,20.4708,6.7553,33.4705,12.9997,0.0,0.0,0.0,33.4705,6.7553,40.2258,40.2297
1104,0.1833,0.0015,0.1848,0.0333,0.9918831168831169,0.008116883116883118,9.7776,0.9415,9.7776,0.0,0.0,0.0,0.0,9.7776,0.9414999999999999,10.7191,10.7239
1105,0.075,0.006,0.081,0.0146,0.9259259259259258,0.07407407407407407,4.2624,3.6188,12.262,7.9996,0.0,0.0,0.0,12.262,3.6188000000000002,15.8808,15.8796
1106,0.1944,0.0004,0.1949,0.0351,0.9974345818368394,0.0020523345305284765,10.9092,0.2662,10.9092,0.0,0.0,0.0,0.0,10.909200000000002,0.2662,11.175400000000002,11.1793
1107,0.2838,0.0005,0.2843,0.0512,0.9982412944073162,0.0017587055926837848,15.9216,0.3208,15.9216,0.0,0.0,0.0,0.0,15.921600000000002,0.3208,16.2424,16.2433
1108,0.1061,0.0003,0.1064,0.0192,0.9971804511278196,0.002819548872180451,5.6604,0.1968,6.6612,1.0008,0.0,0.0,0.0,6.661200000000001,0.19680000000000003,6.8580000000000005,6.8534
1109,0.2778,0.0002,0.278,0.05,0.9992805755395682,0.0007194244604316547,16.2192,0.0959,16.2192,0.0,0.0,0.0,0.0,16.219199999999997,0.0959,16.315099999999997,16.3191
1110,0.1643,0.0,0.1643,0.0296,1.0,0.0,9.0984,0.0098,9.098,0.0,0.0,0.0,0.0,9.098,0.0098,9.107800000000001,9.1072
1111,0.0884,0.0001,0.0885,0.0159,0.9988700564971753,0.0011299435028248588,4.7148,0.0486,4.7148,0.0,0.0,0.0,0.0,4.7148,0.0486,4.763400000000001,4.7586
1112,0.1802,0.0005,0.1807,0.0325,0.9972329828444937,0.0027670171555063644,9.2688,0.3356,9.2681,0.0,0.0,0.0,0.0,9.2681,0.3356,9.6037,9.6036
1113,0.3221,0.0001,0.3222,0.058,0.9996896337678461,0.0003103662321539417,17.8368,0.0813,17.8363,0.0,0.0,0.0,0.0,17.836299999999998,0.0813,17.917599999999997,17.9163
1114,0.0798,0.0001,0.0798,0.0144,1.0,0.0012531328320802006,4.3632,0.0339,4.3638,0.0006,0.0,0.0,0.0,4.3638,0.0339,4.3977,4.3978
1115,0.1412,0.0032,0.1444,0.026,0.9778393351800554,0.0221606648199446,7.8216,1.8893,7.8217,0.0001,0.0,0.0,0.0,7.8217,1.8893,9.711,9.7107
1116,0.1922,0.0001,0.1923,0.0346,0.999479979199168,0.0005200208008320333,11.3724,0.0756,11.3726,0.0002,0.0,0.0,0.0,11.372599999999997,0.0756,11.448199999999996,11.4455
1117,0.2752,0.0026,0.2777,0.05,0.9909974792942023,0.009362621534029527,14.496,1.5815,15.4958,0.9998,0.0,0.0,0.0,15.4958,1.5815,17.077299999999997,17.0798
1118,0.1074,0.0001,0.1075,0.0194,0.9990697674418605,0.0009302325581395349,5.6604,0.0466,5.6611,0.0007,0.0,0.0,0.0,5.6611,0.0466,5.7077,5.7083
1119,0.3303,0.0002,0.3306,0.0595,0.999092558983666,0.0006049606775559589,17.8368,0.1651,17.836,0.0,0.0,0.0,0.0,17.836,0.1651,18.001099999999997,18.0021
1120,0.3717,0.0,0.3717,0.0669,1.0,0.0,20.8536,0.0233,20.8533,0.0,0.0,0.0,0.0,20.8533,0.023299999999999998,20.8766,20.8747
1121,0.2897,0.0001,0.2898,0.0522,0.9996549344375432,0.0003450655624568668,15.6432,0.0868,16.6438,1.0006,0.0,0.0,0.0,16.6438,0.08680000000000002,16.7306,16.7271
1122,0.3782,0.0002,0.3783,0.0681,0.9997356595294739,0.000528680941052075,21.2172,0.1106,21.2168,0.0,0.0,0.0,0.0,21.216800000000003,0.1106,21.327400000000004,21.3236
1123,0.1919,0.0002,0.1922,0.0346,0.9984391259105098,0.001040582726326743,10.9092,0.1494,10.9092,0.0,0.0,0.0,0.0,10.909200000000002,0.1494,11.058600000000002,11.063
1124,0.2101,0.0001,0.2102,0.0378,0.999524262607041,0.0004757373929590866,11.7876,0.0431,11.7871,0.0,0.0,0.0,0.0,11.7871,0.04309999999999999,11.830200000000001,11.8256
1125,0.0779,0.0134,0.0913,0.0164,0.8532311062431543,0.14676889375684557,4.1532,8.204,12.1534,8.0002,0.0,0.0,0.0,12.1534,8.204,20.3574,21.8586
1126,0.275,0.0,0.2751,0.0495,0.9996364958197019,0.0,16.5024,0.0239,16.502,0.0,0.0,0.0,0.0,16.502,0.0239,16.5259,16.5272
1127,0.3137,0.0035,0.3172,0.0571,0.9889659520807061,0.011034047919293822,17.5992,2.3313,21.599,3.9998,0.0,0.0,0.0,21.598999999999997,2.3313,23.930299999999995,23.9325
1128,0.1197,0.0001,0.1198,0.0216,0.9991652754590985,0.0008347245409015025,6.2304,0.0364,6.2303,0.0,0.0,0.0,0.0,6.230299999999998,0.03640000000000001,6.266699999999998,6.262
1129,0.075,0.0136,0.0886,0.0159,0.8465011286681715,0.15349887133182843,4.2624,8.6417,14.2621,9.9997,0.0,0.0,0.0,14.2621,8.6417,22.9038,22.9001
1130,0.1175,0.0,0.1175,0.0212,1.0,0.0,6.9516,0.022,7.951,0.9994,0.0,0.0,0.0,7.9510000000000005,0.022,7.973000000000001,7.9687
1131,0.2183,0.0014,0.2197,0.0396,0.9936276741010468,0.0063723258989531175,11.7876,0.9016,13.7872,1.9996,0.0,0.0,0.0,13.787200000000002,0.9016000000000001,14.688800000000002,14.691
1132,0.3315,0.0,0.3315,0.0597,1.0,0.0,17.0484,0.0162,17.0483,0.0,0.0,0.0,0.0,17.0483,0.0162,17.064500000000002,17.0679
1133,0.2864,0.0164,0.3028,0.0545,0.9458388375165124,0.05416116248348745,15.2724,10.8983,17.2728,2.0004,0.0,0.0,0.0,17.2728,10.898299999999999,28.1711,28.6742
1134,0.2865,0.0001,0.2866,0.0516,0.9996510816468944,0.0003489183531053733,16.5024,0.0471,16.5019,0.0,0.0,0.0,0.0,16.5019,0.0471,16.549,16.5496
1135,0.2584,0.0015,0.2598,0.0468,0.9946112394149347,0.005773672055427253,14.496,0.9439,17.4959,2.9999,0.0,0.0,0.0,17.4959,0.9439000000000001,18.439799999999998,18.4398
1136,0.0885,0.0001,0.0885,0.0159,1.0,0.0011299435028248588,4.5492,0.0417,4.549,0.0,0.0,0.0,0.0,4.549,0.04169999999999999,4.5907,4.5936
1137,0.1514,0.0008,0.1521,0.0274,0.9953977646285338,0.0052596975673898745,8.0736,0.5429,11.0737,3.0001,0.0,0.0,0.0,11.073700000000002,0.5428999999999999,11.616600000000002,11.6155
1138,0.1725,0.0,0.1725,0.0311,1.0,0.0,9.4344,0.0124,11.4349,2.0005,0.0,0.0,0.0,11.434900000000003,0.012399999999999998,11.447300000000002,11.4523
1139,0.1698,0.0029,0.1726,0.0311,0.9837775202780996,0.0168018539976825,9.7776,1.9319,10.7773,0.9997,0.0,0.0,0.0,10.7773,1.9319,12.709200000000001,12.7067
1140,0.1856,0.0003,0.1859,0.0335,0.9983862291554598,0.001613770844540075,9.7776,0.2001,10.7775,0.9999,0.0,0.0,0.0,10.7775,0.20009999999999997,10.9776,10.9768
1141,0.2659,0.0074,0.2733,0.0492,0.972923527259422,0.02707647274057812,14.9172,4.4496,16.9172,2.0,0.0,0.0,0.0,16.9172,4.4496,21.3668,21.3702
1142,0.0721,0.0001,0.0722,0.013,0.9986149584487535,0.0013850415512465374,4.1532,0.0385,5.1536,1.0004,0.0,0.0,0.0,5.153599999999999,0.0385,5.192099999999999,5.189
1143,0.2524,0.0001,0.2524,0.0454,1.0,0.0003961965134706815,14.5368,0.0354,14.5371,0.0003,0.0,0.0,0.0,14.5371,0.0354,14.5725,14.575
1144,0.2159,0.0001,0.2159,0.0389,1.0,0.0004631773969430292,12.1104,0.0559,12.1105,0.0001,0.0,0.0,0.0,12.110500000000002,0.0559,12.166400000000001,12.171
1145,0.3221,0.0174,0.3395,0.0611,0.9487481590574374,0.05125184094256258,17.8368,10.8191,18.8364,0.9996,0.0,0.0,0.0,18.836399999999998,10.819100000000002,29.6555,29.6551
1146,0.2901,0.0017,0.2918,0.0525,0.9941740918437286,0.005825908156271418,14.9172,1.0664,14.9172,0.0,0.0,0.0,0.0,14.917200000000001,1.0664,15.983600000000001,15.98
1147,0.3111,0.001,0.3121,0.0562,0.9967958987504005,0.0032041012495994873,17.454,0.6763,17.4544,0.0004,0.0,0.0,0.0,17.454399999999996,0.6763,18.130699999999997,18.1318
1148,0.1703,0.0003,0.1705,0.0307,0.9988269794721407,0.001759530791788856,9.4296,0.1577,9.4296,0.0,0.0,0.0,0.0,9.4296,0.1577,9.5873,9.5868
1149,0.1899,0.0004,0.1902,0.0342,0.998422712933754,0.002103049421661409,10.3836,0.2199,10.3837,0.0001,0.0,0.0,0.0,10.383699999999997,0.21989999999999996,10.603599999999997,10.607
1150,0.3288,0.0037,0.3325,0.0598,0.9888721804511277,0.011127819548872181,18.6912,2.4475,18.6908,0.0,0.0,0.0,0.0,18.690800000000003,2.4475,21.1383,21.1367
1151,0.1495,0.0003,0.1498,0.027,0.9979973297730308,0.0020026702269692926,8.7276,0.1793,8.7273,0.0,0.0,0.0,0.0,8.727299999999998,0.1793,8.906599999999997,8.9047
1152,0.1223,0.0155,0.1378,0.0248,0.8875181422351234,0.11248185776487662,6.6888,9.6589,6.6885,0.0,0.0,0.0,0.0,6.688500000000001,9.6589,16.3474,16.3503
1153,0.3591,0.019,0.3781,0.0681,0.949748743718593,0.05025125628140704,19.6368,12.4814,20.6364,0.9996,0.0,0.0,0.0,20.6364,12.4814,33.1178,33.1209
1154,0.1239,0.0001,0.124,0.0223,0.9991935483870967,0.0008064516129032258,6.6888,0.075,6.6883,0.0,0.0,0.0,0.0,6.688300000000002,0.075,6.763300000000002,6.765
1155,0.4027,0.0004,0.4031,0.0726,0.9990076903994046,0.0009923096005953857,21.2172,0.2375,21.2171,0.0,0.0,0.0,0.0,21.217100000000002,0.2375,21.454600000000003,21.4527
1156,0.2354,0.0,0.2354,0.0424,1.0,0.0,13.2084,0.0067,13.2085,0.0001,0.0,0.0,0.0,13.2085,0.006700000000000001,13.215200000000001,13.2133
1157,0.3218,0.0006,0.3224,0.058,0.9981389578163771,0.0018610421836228286,18.5364,0.3746,18.5365,0.0001,0.0,0.0,0.0,18.5365,0.3746,18.9111,18.9063
1158,0.1415,0.0001,0.1416,0.0255,0.9992937853107343,0.0007062146892655367,7.548,0.054,7.5479,0.0,0.0,0.0,0.0,7.5478999999999985,0.054,7.601899999999999,7.6027
1159,0.0729,0.0016,0.0745,0.0134,0.9785234899328861,0.021476510067114096,4.0368,1.0247,4.0369,0.0001,0.0,0.0,0.0,4.036899999999999,1.0247000000000002,5.061599999999999,5.0598
1160,0.1255,0.0043,0.1298,0.0234,0.9668721109399075,0.03312788906009245,6.9516,2.7972,6.9514,0.0,0.0,0.0,0.0,6.9514000000000005,2.7972,9.7486,9.7517
1161,0.1197,0.0001,0.1198,0.0216,0.9991652754590985,0.0008347245409015025,6.546,0.0381,6.5452,0.0,0.0,0.0,0.0,6.5451999999999995,0.038099999999999995,6.5832999999999995,6.5805
1162,0.2758,0.0088,0.2846,0.0512,0.9690794096978214,0.030920590302178495,15.2724,5.8921,17.2725,2.0001,0.0,0.0,0.0,17.2725,5.8921,23.1646,23.1661
1163,0.0819,0.0002,0.082,0.0148,0.998780487804878,0.0024390243902439024,4.2624,0.0945,4.2622,0.0,0.0,0.0,0.0,4.2622,0.0945,4.3567,4.3555
1164,0.1924,0.0033,0.1957,0.0352,0.9831374552887071,0.016862544711292792,10.6548,2.1832,11.655,1.0002,0.0,0.0,0.0,11.655,2.1832000000000003,13.8382,13.8393
1165,0.1681,0.0,0.1681,0.0303,1.0,0.0,9.4296,0.0269,9.4297,0.0001,0.0,0.0,0.0,9.4297,0.0269,9.4566,9.4552
1166,0.2637,0.0001,0.2639,0.0475,0.9992421371731716,0.00037893141341417203,15.6072,0.0843,15.6068,0.0,0.0,0.0,0.0,15.606799999999996,0.08430000000000001,15.691099999999997,15.6937
1167,0.2793,0.0,0.2793,0.0503,1.0,0.0,15.2724,0.0099,15.2726,0.0002,0.0,0.0,0.0,15.2726,0.0099,15.2825,15.2799
1168,0.2624,0.0084,0.2708,0.0488,0.9689807976366324,0.0310192023633678,14.9172,5.0729,16.9172,2.0,0.0,0.0,0.0,16.9172,5.0729,21.9901,21.9927
1169,0.1724,0.0003,0.1727,0.0311,0.9982628836132021,0.0017371163867979154,9.4296,0.1905,9.4296,0.0,0.0,0.0,0.0,9.4296,0.1905,9.6201,9.6242
1170,0.3145,0.0089,0.3234,0.0582,0.9724799010513295,0.027520098948670375,16.9824,5.7299,19.9826,3.0002,0.0,0.0,0.0,19.982599999999998,5.729900000000001,25.7125,25.7128
1171,0.1223,0.0023,0.1246,0.0224,0.9815409309791333,0.01845906902086677,6.6888,1.4233,6.6885,0.0,0.0,0.0,0.0,6.6884999999999994,1.4232999999999998,8.111799999999999,8.1117
1172,0.2384,0.0005,0.239,0.043,0.997489539748954,0.002092050209205021,13.3776,0.3516,13.3774,0.0,0.0,0.0,0.0,13.377400000000002,0.3516,13.729000000000001,13.7323
1173,0.1935,0.0175,0.2111,0.038,0.9166271909047844,0.08289909995262909,11.148,11.8368,16.1476,4.9996,0.0,0.0,0.0,16.1476,11.8368,27.9844,27.9882
1174,0.2584,0.0,0.2584,0.0465,1.0,0.0,14.496,0.0236,14.4955,0.0,0.0,0.0,0.0,14.4955,0.0236,14.5191,14.516
1175,0.2092,0.0108,0.22,0.0396,0.9509090909090909,0.049090909090909095,11.5848,6.9337,16.5852,5.0004,0.0,0.0,0.0,16.5852,6.933700000000001,23.518900000000002,23.5171
1176,0.1631,0.0041,0.1672,0.0301,0.9754784688995216,0.024521531100478472,8.9184,2.3902,12.918,3.9996,0.0,0.0,0.0,12.918,2.3901999999999997,15.3082,15.308
1177,0.3117,0.0013,0.313,0.0563,0.9958466453674121,0.004153354632587859,18.1956,0.7875,18.1961,0.0005,0.0,0.0,0.0,18.1961,0.7874999999999999,18.983600000000003,18.9831
1178,0.2793,0.0,0.2793,0.0503,1.0,0.0,15.2724,0.0211,15.2726,0.0002,0.0,0.0,0.0,15.2726,0.021099999999999997,15.293700000000001,15.2915
1179,0.2899,0.0021,0.292,0.0526,0.9928082191780823,0.007191780821917808,15.2724,1.2886,15.2729,0.0005,0.0,0.0,0.0,15.2729,1.2886,16.5615,16.5601
1180,0.1899,0.0,0.1899,0.0342,1.0,0.0,10.3836,0.0074,10.3836,0.0,0.0,0.0,0.0,10.383599999999998,0.0073999999999999995,10.390999999999998,10.3898
1181,0.2656,0.0061,0.2717,0.0489,0.9775487670224513,0.02245123297754877,15.096,3.8568,16.0955,0.9995,0.0,0.0,0.0,16.095499999999998,3.8568,19.952299999999997,19.9501
1182,0.1495,0.0002,0.1497,0.027,0.9986639946559785,0.0013360053440213762,8.0736,0.1346,8.0736,0.0,0.0,0.0,0.0,8.073599999999999,0.1346,8.2082,8.2072
1183,0.1577,0.0002,0.1579,0.0284,0.9987333755541482,0.001266624445851805,8.3064,0.1348,8.307,0.0006,0.0,0.0,0.0,8.307,0.13479999999999998,8.4418,8.4369
1184,0.208,0.0002,0.2081,0.0375,0.9995194617972128,0.0009610764055742432,11.3724,0.0966,11.3725,0.0001,0.0,0.0,0.0,11.372499999999997,0.0966,11.469099999999997,11.4681
1185,0.1232,0.0001,0.1233,0.0222,0.9991889699918897,0.0008110300081103001,6.8232,0.0398,6.8236,0.0004,0.0,0.0,0.0,6.8236,0.0398,6.8633999999999995,6.8613
1186,0.1239,0.0044,0.1283,0.0231,0.965705378020265,0.034294621979735,6.6888,2.6573,7.6887,0.9999,0.0,0.0,0.0,7.688700000000001,2.6573,10.346,10.3472
1187,0.1916,0.0004,0.192,0.0346,0.9979166666666666,0.0020833333333333333,10.092,0.2618,10.0924,0.0004,0.0,0.0,0.0,10.092399999999998,0.26180000000000003,10.354199999999999,10.3498
1188,0.3056,0.0012,0.3068,0.0552,0.9960886571056061,0.003911342894393741,16.5024,0.7603,19.5019,2.9995,0.0,0.0,0.0,19.5019,0.7603000000000002,20.2622,20.2628
1189,0.2074,0.0008,0.2082,0.0375,0.9961575408261287,0.003842459173871278,12.1104,0.4847,12.1106,0.0002,0.0,0.0,0.0,12.110600000000002,0.48469999999999996,12.595300000000002,12.5924
1190,0.1264,0.0,0.1264,0.0228,1.0,0.0,6.8232,0.0228,6.8236,0.0004,0.0,0.0,0.0,6.823599999999999,0.022799999999999997,6.846399999999999,6.8501
1191,0.2333,0.0,0.2333,0.042,1.0,0.0,13.0908,0.0092,13.0911,0.0003,0.0,0.0,0.0,13.091099999999997,0.009199999999999998,13.100299999999997,13.0961
1192,0.2065,0.0032,0.2097,0.0377,0.9847401049117787,0.01525989508822127,11.5848,1.9631,12.585,1.0002,0.0,0.0,0.0,12.585000000000004,1.9630999999999998,14.548100000000005,14.5439
1193,0.3546,0.0,0.3546,0.0638,1.0,0.0,19.6368,0.0182,19.6363,0.0,0.0,0.0,0.0,19.6363,0.0182,19.6545,19.6594
1194,0.2408,0.001,0.2418,0.0435,0.9958643507030603,0.0041356492969396195,13.6884,0.6232,15.6882,1.9998,0.0,0.0,0.0,15.688200000000002,0.6232,16.311400000000003,16.3151
1195,0.0778,0.0043,0.082,0.0148,0.9487804878048779,0.0524390243902439,4.3632,2.609,14.3636,10.0004,0.0,0.0,0.0,14.363599999999998,2.609,16.9726,16.9719
1196,0.2818,0.0093,0.2911,0.0524,0.9680522157334248,0.031947784266575054,15.6072,5.5241,22.6071,6.9999,0.0,0.0,0.0,22.6071,5.524099999999999,28.1312,28.1311
1197,0.1114,0.0,0.1114,0.02,1.0,0.0,5.8668,0.0066,5.8664,0.0,0.0,0.0,0.0,5.8664000000000005,0.006600000000000001,5.873,5.8756
1198,0.3548,0.0016,0.3564,0.0641,0.9955106621773289,0.004489337822671156,18.6912,0.9923,18.6904,0.0,0.0,0.0,0.0,18.690400000000004,0.9923,19.682700000000004,19.6796
1199,0.3929,0.0001,0.393,0.0707,0.9997455470737914,0.0002544529262086514,21.2172,0.0468,22.2166,0.9994,0.0,0.0,0.0,22.216600000000003,0.046799999999999994,22.263400000000004,22.2654
1200,0.1552,0.0032,0.1584,0.0285,0.9797979797979798,0.0202020202020202,9.06,1.9661,9.0599,0.0,0.0,0.0,0.0,9.0599,1.9661000000000002,11.026000000000002,11.0233
1201,0.0789,0.0008,0.0798,0.0144,0.9887218045112782,0.010025062656641605,4.2624,0.4995,4.2622,0.0,0.0,0.0,0.0,4.2622,0.49949999999999994,4.7617,4.7646
1202,0.1974,0.0047,0.2022,0.0364,0.9762611275964391,0.023244312561819983,11.3724,2.7574,12.3724,1.0,0.0,0.0,0.0,12.372399999999997,2.7574,15.129799999999998,15.1292
1203,0.1578,0.0001,0.158,0.0284,0.9987341772151899,0.0006329113924050633,8.5236,0.0761,9.5241,1.0005,0.0,0.0,0.0,9.5241,0.0761,9.600200000000001,9.5975
1204,0.071,0.0005,0.0715,0.0129,0.993006993006993,0.006993006993006994,4.0368,0.3137,4.0368,0.0,0.0,0.0,0.0,4.0367999999999995,0.3137,4.350499999999999,4.3461
1205,0.2557,0.0018,0.2576,0.0464,0.9926242236024844,0.006987577639751553,14.5368,1.1418,16.5371,2.0003,0.0,0.0,0.0,16.5371,1.1418,17.6789,17.6782
1206,0.1538,0.0037,0.1575,0.0284,0.9765079365079364,0.023492063492063495,8.3064,2.3288,9.3068,1.0004,0.0,0.0,0.0,9.3068,2.3287999999999998,11.6356,11.6369
1207,0.1631,0.0051,0.1681,0.0303,0.9702558001189767,0.030339083878643668,9.2688,3.3273,12.2683,2.9995,0.0,0.0,0.0,12.268299999999998,3.3273,15.595599999999997,16.0924
1208,0.1552,0.0,0.1552,0.0279,1.0,0.0,9.06,0.0263,11.0598,1.9998,0.0,0.0,0.0,11.059800000000001,0.026300000000000004,11.086100000000002,11.0877
1209,0.2477,0.0182,0.266,0.0479,0.9312030075187969,0.06842105263157895,13.3776,11.6484,16.377,2.9994,0.0,0.0,0.0,16.377,11.6484,28.025399999999998,28.529
1210,0.0706,0.0138,0.0845,0.0152,0.8355029585798815,0.1633136094674556,3.9108,9.0283,5.9109,2.0001,0.0,0.0,0.0,5.9109,9.0283,14.9392,14.9439
1211,0.1093,0.0008,0.1101,0.0198,0.9927338782924613,0.007266121707538601,6.0552,0.4888,6.0553,0.0001,0.0,0.0,0.0,6.055300000000001,0.4888,6.544100000000001,6.5476
1212,0.259,0.0005,0.2594,0.0467,0.9984579799537393,0.0019275250578257516,14.9172,0.2892,14.9172,0.0,0.0,0.0,0.0,14.917200000000001,0.2892,15.2064,15.2038
1213,0.15,0.0016,0.1516,0.0273,0.9894459102902373,0.010554089709762533,8.3064,1.0553,8.3068,0.0004,0.0,0.0,0.0,8.3068,1.0553,9.362100000000002,9.3581
1214,0.3262,0.0019,0.3281,0.0591,0.9942090825967692,0.005790917403230723,17.8368,1.2294,17.8362,0.0,0.0,0.0,0.0,17.836199999999998,1.2293999999999996,19.065599999999996,19.0674
1215,0.3151,0.0,0.3152,0.0567,0.9996827411167513,0.0,17.454,0.0244,17.4543,0.0003,0.0,0.0,0.0,17.454299999999996,0.0244,17.478699999999996,17.4799
1216,0.111,0.0031,0.1141,0.0205,0.9728308501314638,0.02716914986853637,6.3936,2.1336,6.3931,0.0,0.0,0.0,0.0,6.3931000000000004,2.1336,8.5267,8.5284
1217,0.1631,0.0,0.1631,0.0294,1.0,0.0,8.9184,0.0239,8.9183,0.0,0.0,0.0,0.0,8.918299999999999,0.023900000000000005,8.942199999999998,8.9464
1218,0.1963,0.0,0.1963,0.0353,1.0,0.0,10.872,0.0139,10.8717,0.0,0.0,0.0,0.0,10.871700000000002,0.0139,10.885600000000002,10.8857
1219,0.0769,0.0,0.0769,0.0138,1.0,0.0,4.1532,0.0074,4.1534,0.0002,0.0,0.0,0.0,4.1534,0.0074,4.1608,4.1598
1220,0.1652,0.0001,0.1653,0.0298,0.9993950393224441,0.0006049606775559589,8.9184,0.0857,8.918,0.0,0.0,0.0,0.0,8.918,0.08569999999999998,9.003699999999998,8.9997
1221,0.3157,0.0037,0.3194,0.0575,0.988415779586725,0.011584220413274891,17.0484,2.4977,17.0484,0.0,0.0,0.0,0.0,17.0484,2.4977,19.546100000000003,19.5506
1222,0.3261,0.0,0.3261,0.0587,1.0,0.0,18.5364,0.0186,18.5364,0.0,0.0,0.0,0.0,18.5364,0.018600000000000002,18.555,18.5535
1223,0.1277,0.0032,0.1309,0.0236,0.9755538579067993,0.02444614209320092,7.0728,2.0434,7.0722,0.0,0.0,0.0,0.0,7.072200000000001,2.0434,9.1156,9.1192
1224,0.1461,0.0003,0.1464,0.0263,0.9979508196721312,0.002049180327868852,8.3064,0.1654,8.307,0.0006,0.0,0.0,0.0,8.307000000000002,0.1654,8.472400000000002,8.4675
1225,0.1875,0.0016,0.189,0.034,0.9920634920634921,0.008465608465608466,10.3836,0.9527,10.3837,0.0001,0.0,0.0,0.0,10.383699999999997,0.9527,11.336399999999998,11.341
1226,0.0869,0.0039,0.0907,0.0163,0.958103638368247,0.04299889746416758,4.6344,2.5838,4.634,0.0,0.0,0.0,0.0,4.6339999999999995,2.5838,7.2177999999999995,7.2174
1227,0.1359,0.0006,0.1365,0.0246,0.9956043956043955,0.004395604395604395,7.248,0.3524,7.2479,0.0,0.0,0.0,0.0,7.2479,0.35240000000000005,7.6003,7.5969
1228,0.0808,0.0044,0.0852,0.0153,0.9483568075117371,0.051643192488262914,4.3632,2.8087,4.3634,0.0002,0.0,0.0,0.0,4.3634,2.8087000000000004,7.1721,7.1747
1229,0.1057,0.0002,0.1059,0.0191,0.9981114258734656,0.0018885741265344666,5.436,0.1441,5.4359,0.0,0.0,0.0,0.0,5.435900000000001,0.1441,5.580000000000001,5.5777
1230,0.1225,0.0,0.1225,0.0221,1.0,0.0,7.248,0.0147,7.2479,0.0,0.0,0.0,0.0,7.2479000000000005,0.0147,7.262600000000001,7.2576
1231,0.2486,0.0033,0.2518,0.0453,0.9872915011914216,0.013105639396346305,14.1288,2.1498,14.1291,0.0003,0.0,0.0,0.0,14.129100000000001,2.1498,16.2789,16.282
1232,0.1088,0.0016,0.1103,0.0199,0.986400725294651,0.014505893019038986,5.6604,1.0286,5.6607,0.0003,0.0,0.0,0.0,5.6607,1.0286,6.6893,6.6875
1233,0.3015,0.0002,0.3017,0.0543,0.9993370898243287,0.0006629101756711965,17.5992,0.1151,17.599,0.0,0.0,0.0,0.0,17.598999999999997,0.11509999999999998,17.714099999999995,17.7174
1234,0.0708,0.0003,0.0711,0.0128,0.9957805907172996,0.004219409282700422,3.774,0.2387,3.7738,0.0,0.0,0.0,0.0,3.7737999999999996,0.2387,4.012499999999999,4.0106
1235,0.2969,0.0004,0.2973,0.0535,0.9986545576858392,0.0013454423141607804,15.6432,0.2564,15.6435,0.0003,0.0,0.0,0.0,15.6435,0.2564,15.899899999999999,15.9011
1236,0.1572,0.0001,0.1573,0.0283,0.9993642720915449,0.0006357279084551812,9.4296,0.0604,9.4296,0.0,0.0,0.0,0.0,9.4296,0.0604,9.49,9.4896
1237,0.2477,0.0003,0.248,0.0446,0.9987903225806452,0.0012096774193548385,13.3776,0.2079,13.3774,0.0,0.0,0.0,0.0,13.3774,0.2079,13.5853,13.5876
1238,0.3347,0.0041,0.3387,0.061,0.9881901387658695,0.012105107764983762,18.5364,2.6967,20.5364,2.0,0.0,0.0,0.0,20.5364,2.6967,23.2331,23.2356
1239,0.3814,0.0001,0.3815,0.0687,0.999737876802097,0.0002621231979030144,20.8536,0.0856,20.8534,0.0,0.0,0.0,0.0,20.8534,0.08560000000000001,20.939,20.9346
1240,0.3862,0.0,0.3862,0.0695,1.0,0.0,20.8536,0.0127,21.8536,1.0,0.0,0.0,0.0,21.8536,0.0127,21.8663,21.8663
1241,0.0727,0.0001,0.0728,0.0131,0.9986263736263736,0.0013736263736263735,4.3632,0.0727,4.3634,0.0002,0.0,0.0,0.0,4.3633999999999995,0.0727,4.4361,4.4363
1242,0.2119,0.0,0.2119,0.0381,1.0,0.0,11.5848,0.027,11.5852,0.0004,0.0,0.0,0.0,11.585200000000002,0.027,11.612200000000001,11.6103
1243,0.0621,0.0,0.0621,0.0112,1.0,0.0,3.624,0.0269,3.624,0.0,0.0,0.0,0.0,3.624,0.026900000000000004,3.6509,3.6531
1244,0.1448,0.0062,0.1511,0.0272,0.9583057577763071,0.04103242885506287,7.8216,3.7586,8.8218,1.0002,0.0,0.0,0.0,8.821800000000001,3.7586,12.580400000000001,12.5834
1245,0.0788,0.0172,0.0959,0.0173,0.821689259645464,0.17935349322210636,4.3632,10.4581,12.3633,8.0001,0.0,0.0,0.0,12.363299999999999,10.4581,22.821399999999997,23.8253
1246,0.2183,0.0037,0.222,0.04,0.9833333333333333,0.016666666666666666,11.7876,2.3869,18.7869,6.9993,0.0,0.0,0.0,18.786900000000003,2.3869,21.173800000000004,21.1781
1247,0.2716,0.0108,0.2824,0.0508,0.9617563739376771,0.03824362606232295,15.6432,7.0939,21.6434,6.0002,0.0,0.0,0.0,21.6434,7.093899999999999,28.737299999999998,28.7336
1248,0.3154,0.0131,0.3285,0.0591,0.9601217656012176,0.039878234398782346,18.1656,8.2145,24.1656,6.0,0.0,0.0,0.0,24.165599999999998,8.2145,32.3801,32.3762
1249,0.3232,0.0041,0.3273,0.0589,0.9874732661167125,0.012526733883287506,17.454,2.377,22.4545,5.0005,0.0,0.0,0.0,22.4545,2.3770000000000002,24.8315,25.3298
1250,0.2601,0.0002,0.2603,0.0469,0.9992316557817903,0.0007683442182097581,15.6072,0.1276,15.6069,0.0,0.0,0.0,0.0,15.606899999999996,0.1276,15.734499999999995,15.7328
1251,0.2503,0.0096,0.2599,0.0468,0.9630627164293959,0.03693728357060407,13.6884,6.1137,20.6882,6.9998,0.0,0.0,0.0,20.688199999999995,6.1137,26.801899999999996,26.7975
1252,0.0901,0.0003,0.0904,0.0163,0.9966814159292036,0.00331858407079646,4.6344,0.1611,4.6342,0.0,0.0,0.0,0.0,4.6342,0.16109999999999997,4.7953,4.7966
1253,0.3641,0.0,0.3641,0.0655,1.0,0.0,19.1796,0.0196,19.1791,0.0,0.0,0.0,0.0,19.179100000000005,0.0196,19.198700000000006,19.198
1254,0.1788,0.003,0.1818,0.0327,0.9834983498349835,0.016501650165016504,9.7776,1.9212,12.7772,2.9996,0.0,0.0,0.0,12.7772,1.9212,14.698400000000001,14.6992
1255,0.0664,0.0015,0.0679,0.0122,0.9779086892488954,0.022091310751104567,3.774,0.9015,5.7739,1.9999,0.0,0.0,0.0,5.773899999999999,0.9015000000000002,6.6754,6.6775
1256,0.3055,0.0,0.3056,0.055,0.99967277486911,0.0,17.5992,0.0278,17.5991,0.0,0.0,0.0,0.0,17.5991,0.027800000000000002,17.6269,17.6309
1257,0.2353,0.0019,0.2372,0.0427,0.9919898819561552,0.008010118043844857,13.3776,1.2713,16.3772,2.9996,0.0,0.0,0.0,16.377200000000002,1.2712999999999999,17.648500000000002,17.6472
1258,0.3018,0.0123,0.3141,0.0565,0.9608404966571157,0.039159503342884434,16.5024,7.9363,19.5019,2.9995,0.0,0.0,0.0,19.501900000000003,7.936299999999999,27.438200000000002,27.4429
1259,0.15,0.0002,0.1502,0.027,0.9986684420772303,0.0013315579227696406,8.3064,0.1444,8.307,0.0006,0.0,0.0,0.0,8.307,0.1444,8.4514,8.4523
1260,0.2039,0.0003,0.2042,0.0368,0.9985308521057786,0.0014691478942213516,10.872,0.2079,10.8719,0.0,0.0,0.0,0.0,10.871900000000002,0.2079,11.079800000000002,11.0825
1261,0.1082,0.0,0.1082,0.0195,1.0,0.0,6.2304,0.0146,6.2303,0.0,0.0,0.0,0.0,6.230299999999999,0.014599999999999998,6.244899999999999,6.2443
1262,0.1813,0.0001,0.1814,0.0326,0.9994487320837926,0.0005512679162072767,9.4344,0.0608,10.4351,1.0007,0.0,0.0,0.0,10.435100000000002,0.06079999999999999,10.495900000000002,10.4987
1263,0.131,0.0002,0.1311,0.0236,0.9992372234935165,0.0015255530129672007,7.0728,0.1024,7.0723,0.0,0.0,0.0,0.0,7.072300000000001,0.1024,7.174700000000001,7.176
1264,0.097,0.0003,0.0973,0.0175,0.9969167523124358,0.003083247687564234,5.6604,0.1941,5.6609,0.0005,0.0,0.0,0.0,5.660900000000001,0.1941,5.855,5.8572
1265,0.2716,0.0,0.2716,0.0489,1.0,0.0,15.6432,0.0137,15.6435,0.0003,0.0,0.0,0.0,15.6435,0.013699999999999999,15.6572,15.6544
1266,0.3095,0.0001,0.3096,0.0557,0.9996770025839794,0.00032299741602067185,16.308,0.0557,16.3078,0.0,0.0,0.0,0.0,16.3078,0.0557,16.363500000000002,16.363
1267,0.0862,0.0095,0.0957,0.0172,0.9007314524555904,0.09926854754440961,4.7148,5.8523,4.7148,0.0,0.0,0.0,0.0,4.7148,5.8523,10.5671,10.5679
1268,0.2038,0.0025,0.2063,0.0371,0.9878817256422685,0.012118274357731459,11.5848,1.634,11.5853,0.0005,0.0,0.0,0.0,11.585300000000002,1.634,13.219300000000002,13.2222
1269,0.1048,0.0,0.1048,0.0189,1.0,0.0,5.6604,0.0054,5.6613,0.0009,0.0,0.0,0.0,5.661300000000001,0.005399999999999999,5.6667000000000005,5.6642
1270,0.1596,0.0001,0.1596,0.0287,1.0,0.0006265664160401003,8.3064,0.0337,8.3068,0.0004,0.0,0.0,0.0,8.306799999999999,0.0337,8.340499999999999,8.3398
1271,0.2953,0.0,0.2953,0.0532,1.0,0.0,16.1472,0.0327,17.1473,1.0001,0.0,0.0,0.0,17.147299999999998,0.0327,17.179999999999996,17.1847
1272,0.3576,0.0039,0.3616,0.0651,0.9889380530973452,0.010785398230088495,20.0652,2.5159,23.0656,3.0004,0.0,0.0,0.0,23.0656,2.5159000000000002,25.5815,25.586
1273,0.3375,0.0,0.3375,0.0607,1.0,0.0,18.6912,0.0079,18.6904,0.0,0.0,0.0,0.0,18.690400000000004,0.0079,18.698300000000003,18.7022
1274,0.2453,0.0001,0.2454,0.0442,0.9995925020374897,0.0004074979625101875,14.1288,0.0604,14.1289,0.0001,0.0,0.0,0.0,14.128900000000002,0.060399999999999995,14.189300000000001,14.1933
1275,0.1214,0.0002,0.1215,0.0219,0.9991769547325102,0.001646090534979424,6.3936,0.0975,6.3933,0.0,0.0,0.0,0.0,6.3933,0.0975,6.4908,6.4882
1276,0.3276,0.0002,0.3278,0.059,0.9993898718730935,0.0006101281269066505,17.0484,0.1452,17.0483,0.0,0.0,0.0,0.0,17.0483,0.1452,17.1935,17.1899
1277,0.2693,0.0001,0.2695,0.0485,0.9992578849721706,0.00037105751391465676,14.9172,0.0774,14.9172,0.0,0.0,0.0,0.0,14.917200000000001,0.07740000000000001,14.994600000000002,14.9974
1278,0.161,0.0005,0.1616,0.0291,0.9962871287128714,0.003094059405940594,8.9184,0.3202,8.9183,0.0,0.0,0.0,0.0,8.918299999999999,0.32020000000000004,9.238499999999998,9.2415
1279,0.3374,0.0,0.3374,0.0607,1.0,0.0,19.1796,0.0094,19.1793,0.0,0.0,0.0,0.0,19.179300000000005,0.0094,19.188700000000004,19.1908
1280,0.1197,0.0169,0.1366,0.0246,0.876281112737921,0.12371888726207905,6.546,10.4739,14.5454,7.9994,0.0,0.0,0.0,14.5454,10.4739,25.0193,25.5206
1281,0.1556,0.0023,0.1579,0.0284,0.9854338188727041,0.014566181127295755,8.7276,1.3815,9.7274,0.9998,0.0,0.0,0.0,9.7274,1.3815000000000002,11.1089,11.1068
1282,0.1303,0.0,0.1304,0.0235,0.9992331288343559,0.0,6.9516,0.01,6.9511,0.0,0.0,0.0,0.0,6.9511,0.01,6.9611,6.9648
1283,0.3154,0.0035,0.3188,0.0574,0.9893350062735259,0.010978670012547053,18.1656,2.102,23.1659,5.0003,0.0,0.0,0.0,23.1659,2.1020000000000003,25.2679,25.2685
1284,0.1961,0.0005,0.1966,0.0354,0.9974567650050865,0.00254323499491353,11.148,0.2807,11.1476,0.0,0.0,0.0,0.0,11.1476,0.2807,11.4283,11.4328
1285,0.2446,0.0013,0.2459,0.0443,0.9947132980886539,0.005286701911346075,13.3776,0.8064,14.3771,0.9995,0.0,0.0,0.0,14.377099999999999,0.8064000000000001,15.183499999999999,15.1824
1286,0.1738,0.0013,0.1751,0.0315,0.9925756710451171,0.007424328954882924,9.2688,0.7741,9.2679,0.0,0.0,0.0,0.0,9.2679,0.7740999999999999,10.042,10.039
1287,0.2928,0.0053,0.2982,0.0537,0.9818913480885312,0.01777330650570087,16.2192,3.582,21.2192,5.0,0.0,0.0,0.0,21.219200000000004,3.582,24.801200000000005,24.8042
1288,0.1948,0.0003,0.1951,0.0351,0.9984623270117888,0.0015376729882111736,11.3724,0.1973,12.3727,1.0003,0.0,0.0,0.0,12.372699999999998,0.19730000000000003,12.569999999999999,12.5684
1289,0.1657,0.0102,0.1759,0.0317,0.9420125071063103,0.0579874928936896,9.06,6.518,17.06,8.0,0.0,0.0,0.0,17.06,6.518000000000001,23.578,23.576
1290,0.1899,0.0153,0.2053,0.0369,0.92498782269849,0.07452508524111057,10.6548,9.665,35.6551,25.0003,0.0,0.0,0.0,35.655100000000004,9.665,45.320100000000004,45.3235
1291,0.1019,0.0001,0.102,0.0184,0.9990196078431374,0.0009803921568627453,5.436,0.0486,5.436,0.0,0.0,0.0,0.0,5.436000000000001,0.04859999999999999,5.484600000000001,5.4844
1292,0.1275,0.0002,0.1277,0.023,0.9984338292873923,0.0015661707126076742,7.248,0.1025,9.2479,1.9999,0.0,0.0,0.0,9.247899999999998,0.10250000000000001,9.350399999999997,9.3459
1293,0.1358,0.0002,0.136,0.0245,0.9985294117647059,0.0014705882352941176,7.8216,0.1313,9.8217,2.0001,0.0,0.0,0.0,9.8217,0.1313,9.953,9.9481
1294,0.1184,0.0084,0.1268,0.0228,0.9337539432176657,0.06624605678233439,6.3936,5.3675,16.3932,9.9996,0.0,0.0,0.0,16.3932,5.367500000000001,21.7607,22.263
1295,0.1559,0.0,0.1559,0.0281,1.0,0.0,8.5236,0.0106,8.5238,0.0002,0.0,0.0,0.0,8.523800000000001,0.0106,8.534400000000002,8.5385
1296,0.1716,0.0045,0.1762,0.0317,0.9738933030646992,0.02553916004540295,9.2688,3.0544,14.2684,4.9996,0.0,0.0,0.0,14.2684,3.0544000000000002,17.3228,18.3223
1297,0.3132,0.0,0.3133,0.0564,0.9996808171082029,0.0,18.5364,0.0142,18.5364,0.0,0.0,0.0,0.0,18.5364,0.014199999999999999,18.5506,18.5464
1298,0.3041,0.0047,0.3089,0.0556,0.9844609906118484,0.015215280025898349,16.2192,3.061,26.2193,10.0001,0.0,0.0,0.0,26.219300000000008,3.061,29.280300000000008,29.2795
1299,0.1277,0.0,0.1277,0.023,1.0,0.0,7.0728,0.0239,7.0725,0.0,0.0,0.0,0.0,7.0725,0.0239,7.0964,7.0955
1300,0.2854,0.0,0.2854,0.0514,1.0,0.0,15.6072,0.0087,15.6068,0.0,0.0,0.0,0.0,15.606799999999996,0.0087,15.615499999999995,15.6108
1301,0.1239,0.0,0.1239,0.0223,1.0,0.0,6.6888,0.0119,7.6886,0.9998,0.0,0.0,0.0,7.6886,0.011899999999999999,7.7005,7.7011
1302,0.1643,0.0,0.1643,0.0296,1.0,0.0,9.0984,0.0218,9.098,0.0,0.0,0.0,0.0,9.098,0.0218,9.119800000000001,9.1183
1303,0.3364,0.0057,0.3421,0.0616,0.9833382052031568,0.01666179479684303,18.1656,3.6932,27.1656,9.0,0.0,0.0,0.0,27.1656,3.6932,30.858800000000002,30.8577
1304,0.0759,0.0018,0.0777,0.014,0.9768339768339767,0.023166023166023165,4.1532,1.173,8.1535,4.0003,0.0,0.0,0.0,8.1535,1.173,9.3265,9.8221
1305,0.11,0.0015,0.1115,0.0201,0.9865470852017937,0.013452914798206279,5.8668,0.8912,6.8662,0.9994,0.0,0.0,0.0,6.866200000000001,0.8911999999999999,7.7574000000000005,7.7534
1306,0.185,0.004,0.189,0.034,0.9788359788359788,0.021164021164021163,10.6548,2.425,24.655,14.0002,0.0,0.0,0.0,24.655,2.425,27.080000000000002,27.5814
1307,0.3669,0.0,0.3669,0.066,1.0,0.0,20.8536,0.0246,20.8536,0.0,0.0,0.0,0.0,20.8536,0.024599999999999997,20.8782,20.8803
1308,0.2923,0.002,0.2943,0.053,0.9932042133876996,0.0067957866123003734,16.614,1.1843,17.614,1.0,0.0,0.0,0.0,17.613999999999997,1.1843000000000001,18.798299999999998,18.7986
1309,0.3102,0.0008,0.311,0.056,0.997427652733119,0.002572347266881029,16.1472,0.5131,19.1475,3.0003,0.0,0.0,0.0,19.1475,0.5131,19.660600000000002,19.6655
1310,0.3463,0.0002,0.3465,0.0624,0.9994227994227994,0.0005772005772005773,19.1796,0.0937,19.1791,0.0,0.0,0.0,0.0,19.179100000000005,0.0937,19.272800000000004,19.2777
1311,0.2065,0.0049,0.2114,0.038,0.97682119205298,0.023178807947019868,11.5848,3.0036,18.5851,7.0003,0.0,0.0,0.0,18.585099999999997,3.0036,21.588699999999996,21.59
1312,0.3332,0.017,0.3502,0.063,0.9514563106796116,0.04854368932038835,18.6912,10.8645,35.6907,16.9995,0.0,0.0,0.0,35.6907,10.864500000000003,46.5552,46.5587
1313,0.1695,0.01,0.1795,0.0323,0.9442896935933148,0.05571030640668524,9.2688,6.0549,17.2678,7.999,0.0,0.0,0.0,17.2678,6.054899999999999,23.3227,24.3207
1314,0.1743,0.0008,0.175,0.0315,0.9960000000000001,0.004571428571428572,9.7776,0.487,18.7773,8.9997,0.0,0.0,0.0,18.777299999999997,0.487,19.264299999999995,19.2649
1315,0.1799,0.0,0.1799,0.0324,1.0,0.0,10.092,0.0179,11.092,1.0,0.0,0.0,0.0,11.091999999999997,0.0179,11.109899999999996,11.1072
1316,0.2854,0.0001,0.2855,0.0514,0.9996497373029772,0.00035026269702276714,15.6072,0.0444,15.6067,0.0,0.0,0.0,0.0,15.606699999999996,0.0444,15.651099999999996,15.6523
1317,0.075,0.0,0.075,0.0135,1.0,0.0,4.2624,0.0176,5.2623,0.9999,0.0,0.0,0.0,5.2623,0.0176,5.2799,5.2765
1318,0.2408,0.0,0.2409,0.0434,0.9995848899958488,0.0,13.6884,0.024,13.6879,0.0,0.0,0.0,0.0,13.687900000000003,0.024,13.711900000000002,13.7069
1319,0.2586,0.0,0.2586,0.0466,1.0,0.0,15.096,0.0296,16.0957,0.9997,0.0,0.0,0.0,16.095699999999997,0.029599999999999998,16.125299999999996,16.1274
1320,0.1833,0.0002,0.1835,0.033,0.9989100817438692,0.0010899182561307902,9.7776,0.1252,13.7775,3.9999,0.0,0.0,0.0,13.7775,0.1252,13.9027,13.9068
1321,0.0815,0.0011,0.0827,0.0149,0.9854897218863362,0.013301088270858526,4.6344,0.7057,15.6342,10.9998,0.0,0.0,0.0,15.6342,0.7056999999999999,16.3399,16.3383
1322,0.2243,0.0,0.2243,0.0404,1.0,0.0,12.1104,0.0307,13.1104,1.0,0.0,0.0,0.0,13.110399999999998,0.030699999999999998,13.141099999999998,13.1455
1323,0.1394,0.0006,0.1401,0.0252,0.9950035688793718,0.004282655246252676,7.8216,0.4346,13.8216,6.0,0.0,0.0,0.0,13.821599999999998,0.4346,14.256199999999998,14.258
1324,0.3151,0.002,0.3171,0.0571,0.9936928413749606,0.00630715862503942,17.454,1.3192,18.4547,1.0007,0.0,0.0,0.0,18.454699999999995,1.3192,19.773899999999994,19.7767
1325,0.1208,0.0,0.1208,0.0217,1.0,0.0,7.248,0.0186,7.248,0.0,0.0,0.0,0.0,7.248,0.0186,7.2666,7.2706
1326,0.1475,0.0023,0.1497,0.027,0.9853039412157648,0.015364061456245824,8.7276,1.3368,23.7274,14.9998,0.0,0.0,0.0,23.727399999999996,1.3368,25.064199999999996,25.5688
1327,0.2091,0.0028,0.2119,0.0381,0.9867862199150543,0.013213780084945729,11.7324,1.889,27.7327,16.0003,0.0,0.0,0.0,27.732699999999994,1.8889999999999998,29.621699999999993,30.1197
1328,0.0661,0.0,0.0661,0.0119,1.0,0.0,3.9108,0.0203,7.9108,4.0,0.0,0.0,0.0,7.910799999999999,0.0203,7.931099999999999,7.9272
1329,0.2923,0.0009,0.2932,0.0528,0.9969304229195088,0.003069577080491132,16.614,0.5209,27.6138,10.9998,0.0,0.0,0.0,27.613799999999994,0.5209,28.134699999999995,28.1353
1330,0.3184,0.0002,0.3186,0.0573,0.9993722536095418,0.0006277463904582549,16.9824,0.1021,34.9826,18.0002,0.0,0.0,0.0,34.9826,0.10210000000000001,35.0847,35.0844
1331,0.2758,0.0144,0.2902,0.0522,0.9503790489317712,0.0496209510682288,15.2724,9.5154,48.2727,33.0003,0.0,0.0,0.0,48.2727,9.5154,57.7881,58.2838
1332,0.079,0.0083,0.0873,0.0157,0.9049255441008018,0.09507445589919816,4.5492,5.2932,18.5489,13.9997,0.0,0.0,0.0,18.548900000000007,5.2932,23.842100000000006,23.8393
1333,0.143,0.0002,0.1433,0.0258,0.9979064898813677,0.0013956734124214933,7.8216,0.1435,7.8219,0.0003,0.0,0.0,0.0,7.821900000000001,0.1435,7.965400000000002,7.965
1334,0.328,0.0,0.328,0.059,1.0,0.0,18.1656,0.0073,18.1656,0.0,0.0,0.0,0.0,18.1656,0.007300000000000001,18.172900000000002,18.174
1335,0.1899,0.0002,0.1901,0.0342,0.998947922146239,0.0010520778537611785,10.3836,0.1319,14.3839,4.0003,0.0,0.0,0.0,14.383899999999999,0.1319,14.515799999999999,14.5192
1336,0.2934,0.0009,0.2943,0.053,0.9969418960244648,0.0030581039755351682,15.2724,0.5642,24.2727,9.0003,0.0,0.0,0.0,24.272700000000004,0.5641999999999999,24.836900000000004,24.8374
1337,0.3137,0.0001,0.3138,0.0565,0.9996813256851497,0.00031867431485022306,17.5992,0.0505,17.599,0.0,0.0,0.0,0.0,17.598999999999997,0.0505,17.649499999999996,17.6537
1338,0.161,0.0003,0.1613,0.029,0.9981401115933044,0.001859888406695598,8.9184,0.1548,8.9182,0.0,0.0,0.0,0.0,8.918199999999999,0.1548,9.072999999999999,9.073
1339,0.1035,0.0,0.1036,0.0186,0.999034749034749,0.0,5.6604,0.0275,6.6607,1.0003,0.0,0.0,0.0,6.6607,0.027499999999999997,6.6882,6.6878
1340,0.1703,0.0056,0.1759,0.0317,0.9681637293916998,0.03183627060830017,9.4296,3.7507,9.4296,0.0,0.0,0.0,0.0,9.4296,3.7506999999999997,13.1803,13.6785
1341,0.067,0.0,0.067,0.0121,1.0,0.0,3.9108,0.0065,4.9109,1.0001,0.0,0.0,0.0,4.9109,0.0065,4.9174,4.9178
1342,0.2215,0.0004,0.2218,0.0399,0.9986474301172228,0.0018034265103697026,12.1104,0.2366,14.1105,2.0001,0.0,0.0,0.0,14.1105,0.23659999999999998,14.3471,14.347
1343,0.3288,0.0001,0.3289,0.0592,0.9996959562176952,0.0003040437823046519,18.6912,0.035,18.6907,0.0,0.0,0.0,0.0,18.690700000000003,0.034999999999999996,18.725700000000003,18.7286
1344,0.1988,0.0012,0.2001,0.036,0.9935032483758122,0.005997001499250375,10.872,0.764,16.8715,5.9995,0.0,0.0,0.0,16.8715,0.7639999999999999,17.6355,18.1345
1345,0.3303,0.0001,0.3304,0.0595,0.9996973365617432,0.0003026634382566586,17.8368,0.0459,17.8361,0.0,0.0,0.0,0.0,17.8361,0.04590000000000001,17.881999999999998,17.8848
1346,0.1254,0.0005,0.1259,0.0227,0.9960285941223193,0.003971405877680699,6.6888,0.3062,7.6886,0.9998,0.0,0.0,0.0,7.6886,0.3062,7.9948,7.9975
1347,0.1086,0.0001,0.1087,0.0196,0.9990800367985281,0.0009199632014719411,5.8668,0.0321,5.8665,0.0,0.0,0.0,0.0,5.8665,0.032100000000000004,5.8986,5.8969
1348,0.255,0.005,0.2601,0.0468,0.9803921568627452,0.019223375624759707,14.496,3.3695,24.496,10.0,0.0,0.0,0.0,24.495999999999995,3.3695,27.865499999999994,27.8616
1349,0.0621,0.0083,0.0704,0.0127,0.8821022727272727,0.11789772727272727,3.624,5.387,15.6237,11.9997,0.0,0.0,0.0,15.6237,5.3870000000000005,21.0107,21.0106
1350,0.1101,0.0,0.1101,0.0198,1.0,0.0,5.6604,0.0072,5.6609,0.0005,0.0,0.0,0.0,5.6609,0.007200000000000001,5.6681,5.6654
1351,0.1485,0.0001,0.1486,0.0267,0.9993270524899057,0.0006729475100942127,7.8216,0.0615,7.8217,0.0001,0.0,0.0,0.0,7.8217,0.061500000000000006,7.8831999999999995,7.8783
1352,0.0708,0.0003,0.071,0.0128,0.9971830985915494,0.004225352112676056,3.774,0.1787,7.7739,3.9999,0.0,0.0,0.0,7.7738999999999985,0.17870000000000003,7.952599999999999,7.9525
1353,0.1495,0.0024,0.1519,0.0273,0.9842001316655694,0.015799868334430544,8.0736,1.5732,11.0738,3.0002,0.0,0.0,0.0,11.073800000000002,1.5732,12.647000000000002,12.6507
1354,0.3733,0.0,0.3733,0.0672,1.0,0.0,21.2172,0.0255,21.2169,0.0,0.0,0.0,0.0,21.216900000000003,0.0255,21.242400000000004,21.2426
1355,0.2453,0.0036,0.2488,0.0448,0.9859324758842444,0.014469453376205787,14.1288,2.1769,18.1289,4.0001,0.0,0.0,0.0,18.128899999999998,2.1769,20.305799999999998,20.3056
1356,0.2693,0.0192,0.2885,0.0519,0.9334488734835356,0.06655112651646447,14.9172,11.4731,38.9172,24.0,0.0,0.0,0.0,38.917199999999994,11.473099999999999,50.390299999999996,50.3916
1357,0.3243,0.0035,0.3279,0.059,0.9890210430009148,0.010673985971332723,18.1956,2.3112,32.1957,14.0001,0.0,0.0,0.0,32.1957,2.3112,34.5069,34.5081
1358,0.074,0.0002,0.0743,0.0134,0.9959623149394347,0.0026917900403768506,4.1532,0.1528,4.1535,0.0003,0.0,0.0,0.0,4.153499999999999,0.1528,4.306299999999999,4.3104
1359,0.1074,0.0002,0.1076,0.0194,0.9981412639405204,0.001858736059479554,5.6604,0.1201,5.661,0.0006,0.0,0.0,0.0,5.6610000000000005,0.12010000000000001,5.7811,5.7815
1360,0.1738,0.0,0.1738,0.0313,1.0,0.0,9.2688,0.0145,9.2679,0.0,0.0,0.0,0.0,9.267899999999997,0.0145,9.282399999999997,9.2791
1361,0.2265,0.0002,0.2267,0.0408,0.9991177767975298,0.000882223202470225,11.7876,0.1207,11.7871,0.0,0.0,0.0,0.0,11.7871,0.12069999999999999,11.9078,11.9083
1362,0.1569,0.0011,0.158,0.0284,0.9930379746835444,0.006962025316455697,8.9184,0.705,9.9181,0.9997,0.0,0.0,0.0,9.918099999999999,0.7050000000000001,10.623099999999999,10.6258
1363,0.2948,0.0161,0.311,0.056,0.9479099678456592,0.05176848874598071,15.9216,9.7556,43.9214,27.9998,0.0,0.0,0.0,43.9214,9.7556,53.677,56.1796
1364,0.3115,0.0019,0.3134,0.0564,0.9939374601148692,0.006062539885130823,16.614,1.1692,22.614,6.0,0.0,0.0,0.0,22.613999999999997,1.1692,23.783199999999997,24.2852
1365,0.3782,0.0001,0.3783,0.0681,0.9997356595294739,0.0002643404705260375,21.2172,0.0526,25.2167,3.9995,0.0,0.0,0.0,25.2167,0.0526,25.2693,25.2698
1366,0.1255,0.0214,0.1469,0.0264,0.8543226684819605,0.14567733151803947,6.9516,12.4416,30.951,23.9994,0.0,0.0,0.0,30.951,12.441599999999998,43.3926,45.3897
1367,0.3636,0.0148,0.3784,0.0681,0.9608879492600422,0.039112050739957716,19.6368,9.5128,39.6363,19.9995,0.0,0.0,0.0,39.636300000000006,9.5128,49.149100000000004,49.1506
1368,0.2788,0.0017,0.2805,0.0505,0.9939393939393938,0.00606060606060606,15.6432,1.0796,22.6434,7.0002,0.0,0.0,0.0,22.643399999999996,1.0796000000000001,23.722999999999995,23.7263
1369,0.3347,0.0214,0.356,0.0641,0.9401685393258428,0.060112359550561795,18.5364,13.1759,67.5364,49.0,0.0,0.0,0.0,67.53640000000001,13.175900000000002,80.71230000000001,81.7147
1370,0.2415,0.0,0.2416,0.0435,0.9995860927152317,0.0,13.3776,0.0125,13.3772,0.0,0.0,0.0,0.0,13.377199999999998,0.0125,13.389699999999998,13.3895
1371,0.2022,0.0003,0.2025,0.0365,0.9985185185185184,0.0014814814814814812,10.6548,0.1606,11.6551,1.0003,0.0,0.0,0.0,11.655100000000001,0.16060000000000002,11.815700000000001,11.8113
1372,0.3733,0.0001,0.3733,0.0672,1.0,0.0002678810608090008,21.2172,0.0504,21.2168,0.0,0.0,0.0,0.0,21.216800000000003,0.050399999999999986,21.267200000000003,21.271
1373,0.2128,0.0188,0.2317,0.0417,0.918429003021148,0.08113940440224429,11.7876,12.1968,26.787,14.9994,0.0,0.0,0.0,26.786999999999995,12.1968,38.983799999999995,41.4825
1374,0.1573,0.0012,0.1585,0.0285,0.9924290220820189,0.007570977917981072,9.06,0.7742,21.0598,11.9998,0.0,0.0,0.0,21.0598,0.7742,21.834,21.8297
1375,0.255,0.0003,0.2553,0.046,0.9988249118683901,0.0011750881316098705,14.496,0.1953,14.4956,0.0,0.0,0.0,0.0,14.4956,0.19530000000000003,14.6909,14.6862
1376,0.3717,0.0182,0.3899,0.0702,0.9533213644524235,0.0466786355475763,20.8536,11.055,49.8536,29.0,0.0,0.0,0.0,49.8536,11.055,60.9086,61.4089
1377,0.333,0.0,0.333,0.0599,1.0,0.0,19.1796,0.0105,19.1791,0.0,0.0,0.0,0.0,19.1791,0.0105,19.1896,19.1893
1378,0.1973,0.0127,0.21,0.0378,0.9395238095238095,0.060476190476190475,10.6548,8.6829,30.6551,20.0003,0.0,0.0,0.0,30.655099999999997,8.682900000000002,39.338,40.3408
1379,0.1073,0.0057,0.113,0.0203,0.9495575221238939,0.050442477876106194,5.8668,4.0237,22.8662,16.9994,0.0,0.0,0.0,22.866200000000006,4.0237,26.889900000000004,26.8859
1380,0.1154,0.0019,0.1173,0.0211,0.9838022165387894,0.01619778346121057,6.3936,1.2388,13.393,6.9994,0.0,0.0,0.0,13.393,1.2388,14.6318,15.1282
1381,0.3361,0.0015,0.3377,0.0608,0.9952620669233048,0.004441812259401836,18.8592,1.0086,26.8593,8.0001,0.0,0.0,0.0,26.8593,1.0086,27.867900000000002,28.8712
1382,0.2718,0.0,0.2718,0.0489,1.0,0.0,14.496,0.0228,14.4958,0.0,0.0,0.0,0.0,14.4958,0.0228,14.5186,14.5163
1383,0.0711,0.0008,0.0719,0.0129,0.9888734353268427,0.011126564673157162,4.1532,0.5187,7.1534,3.0002,0.0,0.0,0.0,7.1533999999999995,0.5187,7.6720999999999995,7.6769
1384,0.0862,0.0001,0.0863,0.0155,0.9988412514484356,0.0011587485515643105,4.7148,0.0535,4.7149,0.0001,0.0,0.0,0.0,4.7149,0.0535,4.7684,4.7684
1385,0.3079,0.0,0.3079,0.0554,1.0,0.0,16.2192,0.0101,16.2193,0.0001,0.0,0.0,0.0,16.219299999999997,0.0101,16.2294,16.2278
1386,0.2758,0.0018,0.2775,0.05,0.9938738738738737,0.006486486486486486,15.2724,1.1218,20.2728,5.0004,0.0,0.0,0.0,20.2728,1.1218,21.3946,21.3902
1387,0.2324,0.0004,0.2327,0.0419,0.9987107864202837,0.001718951439621831,13.2084,0.2511,20.2088,7.0004,0.0,0.0,0.0,20.208799999999997,0.2511,20.459899999999998,20.4564
1388,0.3601,0.0023,0.3625,0.0652,0.9933793103448275,0.006344827586206896,20.4708,1.4661,21.4706,0.9998,0.0,0.0,0.0,21.470599999999997,1.4661,22.9367,23.9375
1389,0.138,0.0053,0.1434,0.0258,0.9623430962343097,0.03695955369595537,7.548,3.4874,30.548,23.0,0.0,0.0,0.0,30.548,3.4874,34.035399999999996,35.537
1390,0.2726,0.0118,0.2844,0.0512,0.958509142053446,0.041490857946554154,15.096,6.925,45.0957,29.9997,0.0,0.0,0.0,45.0957,6.925,52.0207,53.5256
1391,0.1516,0.0001,0.1517,0.0273,0.9993408042188531,0.0006591957811470007,9.0984,0.0438,9.098,0.0,0.0,0.0,0.0,9.098,0.0438,9.1418,9.1407
1392,0.0779,0.0001,0.078,0.014,0.9987179487179487,0.001282051282051282,4.1532,0.0547,5.1534,1.0002,0.0,0.0,0.0,5.1533999999999995,0.054700000000000006,5.2081,5.2063
1393,0.3111,0.0085,0.3196,0.0575,0.9734042553191489,0.026595744680851068,17.454,5.0411,42.4544,25.0004,0.0,0.0,0.0,42.454400000000014,5.041100000000001,47.495500000000014,47.9993
1394,0.3634,0.0004,0.3638,0.0655,0.9989004947773502,0.0010995052226498076,18.6912,0.2562,18.6907,0.0,0.0,0.0,0.0,18.690700000000003,0.2562,18.946900000000003,18.9429
1395,0.2574,0.017,0.2745,0.0494,0.9377049180327869,0.061930783242258654,13.902,10.3868,41.9022,28.0002,0.0,0.0,0.0,41.90220000000001,10.386800000000001,52.28900000000001,53.288
1396,0.2279,0.0074,0.2353,0.0424,0.9685507862303442,0.03144921376965576,12.786,4.489,17.7861,5.0001,0.0,0.0,0.0,17.7861,4.489000000000001,22.275100000000002,26.2749
1397,0.3386,0.0,0.3386,0.0609,1.0,0.0,17.8368,0.0115,17.8359,0.0,0.0,0.0,0.0,17.8359,0.011499999999999998,17.8474,17.8452
1398,0.134,0.0,0.134,0.0241,1.0,0.0,7.8216,0.0152,7.8218,0.0002,0.0,0.0,0.0,7.8218000000000005,0.0152,7.837000000000001,7.8344
1399,0.1467,0.0,0.1467,0.0264,1.0,0.0,7.8216,0.0077,10.8217,3.0001,0.0,0.0,0.0,10.8217,0.007699999999999999,10.8294,10.8268
1400,0.2551,0.0004,0.2555,0.046,0.9984344422700586,0.0015655577299412916,14.1288,0.2403,18.129,4.0002,0.0,0.0,0.0,18.129,0.24029999999999999,18.369300000000003,18.3741
1401,0.3221,0.001,0.3231,0.0582,0.9969049829774064,0.0030950170225936243,17.8368,0.6558,24.8361,6.9993,0.0,0.0,0.0,24.8361,0.6557999999999999,25.491899999999998,25.4945
1402,0.3669,0.0005,0.3674,0.0661,0.9986390854654328,0.0013609145345672292,20.8536,0.3191,20.8532,0.0,0.0,0.0,0.0,20.8532,0.31909999999999994,21.1723,21.1713
1403,0.2279,0.0001,0.228,0.041,0.9995614035087719,0.0004385964912280702,12.4608,0.0647,13.4604,0.9996,0.0,0.0,0.0,13.460399999999996,0.0647,13.525099999999997,13.5243
1404,0.2551,0.0,0.2551,0.0459,1.0,0.0,14.1288,0.0076,14.1289,0.0001,0.0,0.0,0.0,14.128900000000002,0.007600000000000001,14.136500000000002,14.1399
1405,0.1161,0.0006,0.1167,0.021,0.9948586118251928,0.005141388174807198,6.6888,0.3422,6.6885,0.0,0.0,0.0,0.0,6.6885,0.34220000000000006,7.0307,7.0326
1406,0.3623,0.0002,0.3625,0.0653,0.9994482758620691,0.0005517241379310345,18.8592,0.103,18.8593,0.0001,0.0,0.0,0.0,18.8593,0.103,18.962300000000003,18.9644
1407,0.1161,0.0164,0.1326,0.0239,0.8755656108597285,0.12368024132730017,6.6888,10.7854,30.6885,23.9997,0.0,0.0,0.0,30.688500000000005,10.785400000000001,41.47390000000001,43.4776
1408,0.3717,0.0045,0.3762,0.0677,0.9880382775119617,0.011961722488038277,20.8536,2.6952,35.8536,15.0,0.0,0.0,0.0,35.8536,2.6952,38.5488,38.5443
1409,0.1363,0.0002,0.1365,0.0246,0.9985347985347985,0.0014652014652014652,7.548,0.1112,8.5479,0.9999,0.0,0.0,0.0,8.547899999999998,0.1112,8.659099999999999,9.6559
1410,0.074,0.003,0.077,0.0139,0.961038961038961,0.03896103896103896,4.1532,1.8284,10.1533,6.0001,0.0,0.0,0.0,10.1533,1.8284,11.9817,13.4817
1411,0.2587,0.0001,0.2588,0.0466,0.9996136012364761,0.00038639876352395677,14.1444,0.0878,18.1445,4.0001,0.0,0.0,0.0,18.144499999999997,0.08780000000000002,18.2323,18.2279
1412,0.1191,0.0002,0.1192,0.0215,0.9991610738255033,0.0016778523489932888,6.9516,0.0937,8.9515,1.9999,0.0,0.0,0.0,8.9515,0.0937,9.0452,9.045
1413,0.3202,0.0003,0.3204,0.0577,0.9993757802746566,0.0009363295880149812,18.6912,0.1594,21.6905,2.9993,0.0,0.0,0.0,21.690500000000004,0.1594,21.849900000000005,21.8517
1414,0.2446,0.0,0.2446,0.044,1.0,0.0,13.2084,0.0063,15.2089,2.0005,0.0,0.0,0.0,15.2089,0.0063,15.2152,15.2112
1415,0.1998,0.0001,0.1998,0.036,1.0,0.0005005005005005005,10.6548,0.0403,12.655,2.0002,0.0,0.0,0.0,12.655000000000001,0.040299999999999996,12.695300000000001,12.6932
1416,0.3634,0.0001,0.3635,0.0654,0.9997248968363136,0.00027510316368638244,21.2172,0.0489,21.2168,0.0,0.0,0.0,0.0,21.216800000000003,0.0489,21.265700000000002,21.2633
1417,0.3221,0.0092,0.3313,0.0596,0.9722306067008754,0.027769393299124662,17.8368,6.0173,24.8361,6.9993,0.0,0.0,0.0,24.8361,6.0173,30.853399999999997,32.8508
1418,0.2521,0.0003,0.2524,0.0454,0.9988114104595879,0.0011885895404120442,14.1444,0.1887,15.1445,1.0001,0.0,0.0,0.0,15.144499999999997,0.18870000000000003,15.333199999999998,15.3372
1419,0.1309,0.0053,0.1361,0.0245,0.9617927994121969,0.038941954445260836,7.248,3.2216,23.2478,15.9998,0.0,0.0,0.0,23.247799999999998,3.2216,26.469399999999997,26.4683
1420,0.1657,0.0,0.1657,0.0298,1.0,0.0,9.06,0.0239,10.0598,0.9998,0.0,0.0,0.0,10.0598,0.023899999999999998,10.083699999999999,10.0872
1421,0.1136,0.0001,0.1137,0.0205,0.9991204925241866,0.0008795074758135445,6.546,0.0503,6.5456,0.0,0.0,0.0,0.0,6.5455999999999985,0.0503,6.5958999999999985,6.5969
1422,0.3405,0.0,0.3405,0.0613,1.0,0.0,18.8592,0.0115,18.8593,0.0001,0.0,0.0,0.0,18.8593,0.011499999999999998,18.870800000000003,18.8742
1423,0.1154,0.0019,0.1173,0.0211,0.9838022165387894,0.01619778346121057,6.2304,1.2262,17.2303,10.9999,0.0,0.0,0.0,17.2303,1.2262000000000002,18.4565,18.9607
1424,0.2097,0.0003,0.21,0.0378,0.9985714285714286,0.0014285714285714286,11.322,0.1924,15.3217,3.9997,0.0,0.0,0.0,15.321700000000002,0.19240000000000002,15.514100000000001,16.5137
1425,0.2433,0.0005,0.2438,0.0439,0.9979491386382281,0.002050861361771944,13.6476,0.3322,14.6471,0.9995,0.0,0.0,0.0,14.647099999999998,0.3322,14.979299999999999,14.9806
1426,0.1455,0.0,0.1455,0.0262,1.0,0.0,8.7276,0.019,10.7273,1.9997,0.0,0.0,0.0,10.727299999999998,0.019,10.746299999999998,10.7419
1427,0.3138,0.0045,0.3182,0.0573,0.9861722187303584,0.014142049025769956,17.8368,2.7286,26.8362,8.9994,0.0,0.0,0.0,26.836199999999998,2.7286,29.564799999999998,30.0623
1428,0.3028,0.0,0.3028,0.0545,1.0,0.0,16.1472,0.0072,18.1473,2.0001,0.0,0.0,0.0,18.1473,0.0072,18.154500000000002,18.1534
1429,0.1948,0.0002,0.1951,0.0351,0.9984623270117888,0.0010251153254741158,10.6548,0.1478,10.6551,0.0003,0.0,0.0,0.0,10.655100000000001,0.1478,10.802900000000001,10.8043
1430,0.1559,0.0001,0.1559,0.0281,1.0,0.0006414368184733803,9.0984,0.0482,10.0981,0.9997,0.0,0.0,0.0,10.0981,0.0482,10.1463,10.1484
1431,0.2625,0.0041,0.2665,0.048,0.9849906191369606,0.015384615384615385,14.5368,2.6403,32.5371,18.0003,0.0,0.0,0.0,32.5371,2.6403,35.177400000000006,35.1735
1432,0.299,0.0008,0.2998,0.054,0.9973315543695797,0.0026684456304202804,16.1472,0.5096,18.1474,2.0002,0.0,0.0,0.0,18.1474,0.5095999999999999,18.657,19.1531
1433,0.1135,0.0004,0.1139,0.0205,0.9964881474978051,0.003511852502194908,6.0552,0.2393,10.0554,4.0002,0.0,0.0,0.0,10.055399999999999,0.2393,10.294699999999999,10.2991
1434,0.3078,0.0021,0.3099,0.0558,0.9932236205227493,0.006776379477250726,17.0484,1.262,23.0481,5.9997,0.0,0.0,0.0,23.0481,1.2620000000000002,24.310100000000002,24.3084
1435,0.2273,0.0001,0.2273,0.0409,1.0,0.0004399472063352398,13.0908,0.0381,14.0909,1.0001,0.0,0.0,0.0,14.090899999999998,0.038099999999999995,14.128999999999998,14.1248
1436,0.3929,0.0201,0.413,0.0743,0.9513317191283294,0.0486682808716707,21.2172,13.979,29.2169,7.9997,0.0,0.0,0.0,29.2169,13.979000000000001,43.1959,43.1974
1437,0.1467,0.0018,0.1484,0.0267,0.988544474393531,0.012129380053908356,7.8216,1.0404,19.8219,12.0003,0.0,0.0,0.0,19.821900000000003,1.0404,20.862300000000005,21.3623
1438,0.1657,0.0024,0.1681,0.0303,0.9857227840571088,0.014277215942891134,9.06,1.3871,16.0596,6.9996,0.0,0.0,0.0,16.0596,1.3871,17.4467,17.447
1439,0.1197,0.0011,0.1208,0.0217,0.9908940397350993,0.009105960264900662,6.546,0.6522,11.5456,4.9996,0.0,0.0,0.0,11.545600000000002,0.6522,12.197800000000003,12.1981
1440,0.2969,0.0003,0.2972,0.0535,0.9989905787348586,0.0010094212651413188,15.6432,0.2018,15.6433,0.0001,0.0,0.0,0.0,15.6433,0.20179999999999998,15.8451,15.8491
1441,0.1995,0.001,0.2005,0.0361,0.9950124688279302,0.004987531172069825,10.9092,0.6515,13.9092,3.0,0.0,0.0,0.0,13.909200000000002,0.6515,14.560700000000002,14.5575
1442,0.077,0.0,0.077,0.0139,1.0,0.0,4.2624,0.0186,4.2619,0.0,0.0,0.0,0.0,4.261900000000001,0.0186,4.280500000000001,4.2843
1443,0.2591,0.0023,0.2614,0.047,0.9912012241775057,0.00879877582249426,14.5368,1.3475,14.5372,0.0004,0.0,0.0,0.0,14.537199999999999,1.3475,15.884699999999999,15.8892
1444,0.2369,0.0,0.237,0.0427,0.99957805907173,0.0,13.6476,0.0228,13.6471,0.0,0.0,0.0,0.0,13.647099999999998,0.022799999999999997,13.669899999999998,13.6738
1445,0.2801,0.018,0.2981,0.0537,0.9396175779939618,0.060382422006038244,15.9216,11.2495,20.9216,5.0,0.0,0.0,0.0,20.921599999999998,11.2495,32.171099999999996,32.1687
1446,0.2884,0.0038,0.2923,0.0526,0.9866575436195689,0.013000342114266164,16.614,2.3651,17.614,1.0,0.0,0.0,0.0,17.613999999999997,2.3651,19.979099999999995,19.9759
1447,0.3039,0.007,0.3109,0.056,0.9774847217754905,0.022515278224509487,17.0484,4.5771,20.0484,3.0,0.0,0.0,0.0,20.0484,4.5771,24.625500000000002,25.1243
1448,0.0697,0.0002,0.0699,0.0126,0.9971387696709584,0.002861230329041488,3.9108,0.1079,3.9109,0.0001,0.0,0.0,0.0,3.9109,0.10790000000000001,4.0188,4.014
1449,0.1167,0.0018,0.1185,0.0213,0.9848101265822785,0.01518987341772152,6.546,1.1794,6.5457,0.0,0.0,0.0,0.0,6.545699999999998,1.1794,7.7250999999999985,7.7217
1450,0.3145,0.006,0.3205,0.0577,0.9812792511700468,0.0187207488299532,16.9824,3.5984,17.9825,1.0001,0.0,0.0,0.0,17.982499999999998,3.5984,21.5809,21.5826
1451,0.1111,0.0001,0.1112,0.02,0.9991007194244605,0.0008992805755395684,6.2304,0.0667,6.2304,0.0,0.0,0.0,0.0,6.230399999999999,0.06670000000000001,6.297099999999999,6.2981
1452,0.075,0.0001,0.0751,0.0135,0.9986684420772303,0.0013315579227696406,4.1532,0.0678,4.1534,0.0002,0.0,0.0,0.0,4.1534,0.0678,4.2212000000000005,4.2195
1453,0.2999,0.0,0.2999,0.054,1.0,0.0,15.6072,0.0096,15.6069,0.0,0.0,0.0,0.0,15.606899999999996,0.009600000000000001,15.616499999999997,15.614
1454,0.0832,0.0017,0.0849,0.0153,0.9799764428739693,0.02002355712603062,4.5492,1.0705,4.5491,0.0,0.0,0.0,0.0,4.549100000000001,1.0705,5.619600000000001,5.6155
1455,0.2903,0.0,0.2904,0.0523,0.9996556473829201,0.0,16.5024,0.0255,16.502,0.0,0.0,0.0,0.0,16.502,0.025500000000000005,16.5275,16.5254
1456,0.3492,0.0049,0.3541,0.0637,0.9861621011013837,0.013837898898616209,18.8592,3.0607,19.8593,1.0001,0.0,0.0,0.0,19.8593,3.0606999999999998,22.92,22.916
1457,0.3056,0.0004,0.306,0.0551,0.9986928104575163,0.0013071895424836603,16.5024,0.2097,16.5021,0.0,0.0,0.0,0.0,16.5021,0.2097,16.7118,16.7158
1458,0.0779,0.0,0.078,0.014,0.9987179487179487,0.0,4.5492,0.0234,4.5491,0.0,0.0,0.0,0.0,4.5491,0.0234,4.5725,4.5685
1459,0.0697,0.0002,0.0699,0.0126,0.9971387696709584,0.002861230329041488,3.9108,0.0967,3.9108,0.0,0.0,0.0,0.0,3.9107999999999996,0.09670000000000001,4.007499999999999,4.0084
1460,0.2231,0.0006,0.2237,0.0403,0.9973178363880196,0.0026821636119803306,12.684,0.3662,12.6836,0.0,0.0,0.0,0.0,12.683600000000002,0.36619999999999997,13.049800000000001,13.0478
1461,0.1944,0.0019,0.1964,0.0354,0.9898167006109979,0.009674134419551936,10.9092,1.1642,14.9091,3.9999,0.0,0.0,0.0,14.909100000000002,1.1642000000000001,16.073300000000003,16.0782
1462,0.2044,0.0098,0.2142,0.0386,0.9542483660130718,0.0457516339869281,11.322,6.179,11.3218,0.0,0.0,0.0,0.0,11.321800000000001,6.179,17.5008,17.498
1463,0.221,0.0106,0.2316,0.0417,0.9542314335060449,0.045768566493955096,11.7876,6.6918,16.7872,4.9996,0.0,0.0,0.0,16.787200000000002,6.691800000000001,23.479000000000003,23.4824
1464,0.1261,0.0185,0.1446,0.026,0.8720608575380359,0.12793914246196403,7.0728,12.3749,14.0722,6.9994,0.0,0.0,0.0,14.072199999999999,12.374899999999998,26.4471,26.4424
1465,0.08,0.0001,0.0802,0.0144,0.9975062344139652,0.0012468827930174565,4.5492,0.087,4.5489,0.0,0.0,0.0,0.0,4.548900000000001,0.08700000000000001,4.6359,4.633
1466,0.1609,0.0005,0.1614,0.0291,0.9969021065675341,0.0030978934324659233,9.2688,0.3269,9.2682,0.0,0.0,0.0,0.0,9.268199999999998,0.32689999999999997,9.595099999999999,9.599
1467,0.2243,0.0016,0.2259,0.0407,0.9929172200088535,0.007082779991146526,12.1104,1.0976,14.1105,2.0001,0.0,0.0,0.0,14.1105,1.0976,15.2081,15.2096
1468,0.2999,0.0001,0.3,0.054,0.9996666666666667,0.0003333333333333334,15.6072,0.0792,15.607,0.0,0.0,0.0,0.0,15.606999999999998,0.07919999999999999,15.686199999999998,15.6822
1469,0.2354,0.0,0.2355,0.0424,0.9995753715498938,0.0,13.2084,0.0278,13.2088,0.0004,0.0,0.0,0.0,13.2088,0.0278,13.2366,13.2405
1470,0.159,0.0084,0.1673,0.0301,0.9503885236102809,0.050209205020920494,8.9184,4.9983,10.918,1.9996,0.0,0.0,0.0,10.918,4.9982999999999995,15.9163,15.9178
1471,0.1913,0.002,0.1933,0.0348,0.9896533885152612,0.010346611484738748,11.322,1.3358,13.3218,1.9998,0.0,0.0,0.0,13.3218,1.3358000000000003,14.6576,14.6574
1472,0.2065,0.0006,0.2071,0.0373,0.9971028488652824,0.0028971511347175272,11.5848,0.3614,11.5853,0.0005,0.0,0.0,0.0,11.585300000000002,0.36139999999999994,11.946700000000002,11.9485
1473,0.3427,0.0024,0.3451,0.0621,0.9930454940596928,0.0069545059403071565,17.8368,1.5426,20.8364,2.9996,0.0,0.0,0.0,20.836399999999998,1.5426,22.378999999999998,22.3812
1474,0.3814,0.0,0.3814,0.0686,1.0,0.0,20.8536,0.0241,20.8534,0.0,0.0,0.0,0.0,20.8534,0.0241,20.8775,20.8785
1475,0.2853,0.0051,0.2904,0.0523,0.9824380165289256,0.01756198347107438,16.2192,3.1465,18.2194,2.0002,0.0,0.0,0.0,18.2194,3.1465000000000005,21.3659,21.3637
1476,0.1652,0.0014,0.1665,0.03,0.9921921921921922,0.008408408408408409,8.9184,0.8251,8.9181,0.0,0.0,0.0,0.0,8.918099999999999,0.8251000000000001,9.7432,9.7415
1477,0.0788,0.0038,0.0827,0.0149,0.9528415961305925,0.04594921402660218,4.1532,2.4909,6.1535,2.0003,0.0,0.0,0.0,6.153499999999999,2.4909,8.6444,8.647
1478,0.2355,0.0001,0.2356,0.0424,0.9995755517826824,0.00042444821731748726,14.1288,0.0601,14.1288,0.0,0.0,0.0,0.0,14.128800000000002,0.0601,14.188900000000002,14.1863
1479,0.1637,0.0,0.1637,0.0295,1.0,0.0,9.4296,0.0118,9.4296,0.0,0.0,0.0,0.0,9.4296,0.0118,9.4414,9.4395
1480,0.3838,0.001,0.3849,0.0693,0.997142114835022,0.002598077422707197,20.4708,0.6897,20.4706,0.0,0.0,0.0,0.0,20.470599999999997,0.6897000000000001,21.160299999999996,21.1575
1481,0.2587,0.0055,0.2642,0.0476,0.9791824375473126,0.020817562452687358,14.1444,3.7512,17.1444,3.0,0.0,0.0,0.0,17.144399999999997,3.7512,20.895599999999998,20.8999
1482,0.2853,0.0023,0.2876,0.0518,0.9920027816411682,0.00799721835883171,16.2192,1.43,16.2195,0.0003,0.0,0.0,0.0,16.219499999999996,1.4299999999999997,17.649499999999996,17.6497
1483,0.0815,0.0006,0.0822,0.0148,0.9914841849148419,0.0072992700729927005,4.4592,0.351,4.4591,0.0,0.0,0.0,0.0,4.4591,0.351,4.8101,4.8087
1484,0.1948,0.0067,0.2015,0.0363,0.9667493796526054,0.03325062034739454,10.6548,4.5768,10.6552,0.0004,0.0,0.0,0.0,10.6552,4.5768,15.232000000000001,15.2294
1485,0.0784,0.0001,0.0785,0.0141,0.9987261146496815,0.0012738853503184715,4.4592,0.0373,4.4592,0.0,0.0,0.0,0.0,4.4592,0.03729999999999999,4.4965,4.4998
1486,0.1364,0.0009,0.1373,0.0247,0.9934450109249817,0.006554989075018208,8.0736,0.5577,8.0736,0.0,0.0,0.0,0.0,8.073599999999999,0.5577,8.6313,8.6274
1487,0.0779,0.0033,0.0813,0.0146,0.958179581795818,0.04059040590405904,4.2624,2.0603,4.2623,0.0,0.0,0.0,0.0,4.2623,2.0603,6.3225999999999996,6.3263
1488,0.2254,0.0,0.2254,0.0406,1.0,0.0,11.7324,0.0157,11.7326,0.0002,0.0,0.0,0.0,11.732600000000001,0.0157,11.748300000000002,11.752
1489,0.3623,0.0003,0.3625,0.0653,0.9994482758620691,0.0008275862068965517,20.0652,0.158,20.0659,0.0007,0.0,0.0,0.0,20.0659,0.158,20.2239,20.2201
1490,0.2486,0.0004,0.249,0.0448,0.9983935742971887,0.001606425702811245,14.1288,0.2527,14.1291,0.0003,0.0,0.0,0.0,14.129100000000001,0.2527,14.381800000000002,14.3814
1491,0.388,0.0102,0.3982,0.0717,0.9743847312908087,0.025615268709191362,21.2172,5.9608,21.2167,0.0,0.0,0.0,0.0,21.216700000000003,5.960800000000001,27.177500000000002,27.1742
1492,0.191,0.0011,0.1921,0.0346,0.9942738157209787,0.005726184279021344,11.148,0.6889,11.1478,0.0,0.0,0.0,0.0,11.1478,0.6889,11.8367,11.836
1493,0.1939,0.0,0.194,0.0349,0.9994845360824741,0.0,11.322,0.0077,11.3217,0.0,0.0,0.0,0.0,11.321700000000002,0.0077,11.329400000000001,11.3323
1494,0.1995,0.0001,0.1996,0.0359,0.9994989979959921,0.0005010020040080161,10.9092,0.0389,10.909,0.0,0.0,0.0,0.0,10.909000000000002,0.0389,10.947900000000002,10.9432
1495,0.1264,0.002,0.1284,0.0231,0.9844236760124613,0.015576323987538943,6.8232,1.2879,6.8237,0.0005,0.0,0.0,0.0,6.823699999999999,1.2879,8.1116,8.1066
1496,0.362,0.0023,0.3643,0.0656,0.9936865220971726,0.006313477902827339,20.8536,1.3342,20.8535,0.0,0.0,0.0,0.0,20.8535,1.3342,22.1877,22.1832
1497,0.3332,0.0074,0.3406,0.0613,0.9782736347621843,0.02172636523781562,18.6912,4.8038,19.6908,0.9996,0.0,0.0,0.0,19.690800000000003,4.8038,24.494600000000002,24.4897
1498,0.127,0.0041,0.1311,0.0236,0.9687261632341725,0.031273836765827616,6.6888,2.5718,6.6885,0.0,0.0,0.0,0.0,6.688500000000001,2.5717999999999996,9.2603,9.2637
1499,0.1481,0.0,0.1481,0.0267,1.0,0.0,8.3064,0.0079,8.3072,0.0008,0.0,0.0,0.0,8.3072,0.007899999999999999,8.3151,8.316
1500,0.2838,0.0047,0.2884,0.0519,0.9840499306518724,0.016296809986130374,15.9216,2.8369,15.9216,0.0,0.0,0.0,0.0,15.921600000000002,2.8369000000000004,18.7585,18.7599
1501,0.0838,0.0163,0.1002,0.018,0.8363273453093812,0.1626746506986028,4.3632,10.615,5.3636,1.0004,0.0,0.0,0.0,5.3636,10.615000000000002,15.978600000000002,15.9751
1502,0.1293,0.0098,0.1391,0.025,0.9295470884255931,0.0704529115744069,7.0728,6.1813,7.0724,0.0,0.0,0.0,0.0,7.072400000000001,6.1813,13.253700000000002,13.2502
1503,0.1539,0.0,0.1539,0.0277,1.0,0.0,8.5236,0.0097,8.5238,0.0002,0.0,0.0,0.0,8.523800000000001,0.0097,8.533500000000002,8.5382
1504,0.2508,0.0,0.2509,0.0452,0.9996014348345955,0.0,13.3776,0.0245,13.3775,0.0,0.0,0.0,0.0,13.377500000000001,0.0245,13.402000000000001,13.4053
1505,0.2131,0.0,0.2131,0.0384,1.0,0.0,12.1104,0.0138,12.1106,0.0002,0.0,0.0,0.0,12.110600000000002,0.0138,12.124400000000001,12.122
1506,0.2782,0.001,0.2792,0.0503,0.9964183381088825,0.0035816618911174787,15.6072,0.7142,15.6068,0.0,0.0,0.0,0.0,15.606799999999996,0.7142,16.320999999999998,16.3172
1507,0.2464,0.0003,0.2467,0.0444,0.9987839481151196,0.0012160518848804214,13.6476,0.1971,14.647,0.9994,0.0,0.0,0.0,14.646999999999998,0.1971,14.8441,14.846
1508,0.3433,0.0011,0.3444,0.062,0.9968060394889664,0.003193960511033682,18.5364,0.7189,18.5364,0.0,0.0,0.0,0.0,18.5364,0.7189000000000001,19.255300000000002,19.2594
1509,0.0774,0.0,0.0774,0.0139,1.0,0.0,4.4592,0.0083,4.4591,0.0,0.0,0.0,0.0,4.459099999999999,0.0083,4.4674,4.4685
1510,0.2279,0.0022,0.2301,0.0414,0.9904389395914819,0.009561060408518037,12.786,1.4028,12.7862,0.0002,0.0,0.0,0.0,12.786200000000001,1.4028000000000003,14.189000000000002,14.1901
1511,0.2828,0.0069,0.2898,0.0522,0.9758454106280193,0.023809523809523808,15.2724,4.514,19.2725,4.0001,0.0,0.0,0.0,19.2725,4.514,23.7865,23.7907
1512,0.2831,0.0006,0.2837,0.0511,0.99788508988368,0.0021149101163200562,16.308,0.3404,16.3079,0.0,0.0,0.0,0.0,16.3079,0.34040000000000004,16.6483,16.6517
1513,0.3115,0.0001,0.3116,0.0561,0.9996790757381259,0.0003209242618741977,16.614,0.0642,16.6139,0.0,0.0,0.0,0.0,16.613899999999997,0.06420000000000001,16.678099999999997,16.6734
1514,0.388,0.0103,0.3983,0.0717,0.9741400954054733,0.02585990459452674,21.2172,6.4727,32.2168,10.9996,0.0,0.0,0.0,32.2168,6.4727,38.689499999999995,39.1899
1515,0.1573,0.0006,0.1579,0.0284,0.9962001266624445,0.0037998733375554142,9.06,0.3955,11.0596,1.9996,0.0,0.0,0.0,11.059599999999998,0.39549999999999996,11.455099999999998,11.4577
1516,0.1136,0.0006,0.1142,0.0206,0.9947460595446586,0.005253940455341506,6.546,0.3685,6.5456,0.0,0.0,0.0,0.0,6.5455999999999985,0.36849999999999994,6.914099999999999,6.912
1517,0.339,0.0011,0.34,0.0612,0.9970588235294118,0.003235294117647059,18.5364,0.704,18.5364,0.0,0.0,0.0,0.0,18.5364,0.704,19.2404,19.2369
1518,0.2878,0.0072,0.295,0.0531,0.9755932203389831,0.02440677966101695,16.1472,4.246,25.1472,9.0,0.0,0.0,0.0,25.147200000000005,4.246,29.393200000000007,29.898
1519,0.3375,0.0018,0.3393,0.0611,0.9946949602122017,0.005305039787798408,18.6912,1.1017,18.6907,0.0,0.0,0.0,0.0,18.690700000000003,1.1017,19.792400000000004,19.796
1520,0.1884,0.0003,0.1887,0.034,0.9984101748807631,0.0015898251192368838,11.148,0.1772,11.1476,0.0,0.0,0.0,0.0,11.1476,0.17719999999999997,11.3248,11.3207
1521,0.0838,0.0005,0.0843,0.0152,0.9940688018979834,0.005931198102016607,4.3632,0.2848,4.3639,0.0007,0.0,0.0,0.0,4.3639,0.28480000000000005,4.6487,4.6506
1522,0.0688,0.006,0.0748,0.0135,0.9197860962566844,0.08021390374331551,3.9108,3.8172,6.9109,3.0001,0.0,0.0,0.0,6.910899999999999,3.8172,10.7281,11.2241
1523,0.2433,0.0185,0.2618,0.0471,0.9293353705118411,0.07066462948815891,13.6476,11.0442,15.647,1.9994,0.0,0.0,0.0,15.646999999999998,11.044200000000002,26.691200000000002,27.191
1524,0.076,0.0004,0.0764,0.0137,0.9947643979057592,0.005235602094240838,4.2624,0.2532,4.2621,0.0,0.0,0.0,0.0,4.2621,0.2532,4.5153,4.5184
1525,0.069,0.0113,0.0803,0.0145,0.8592777085927772,0.14072229140722292,3.774,6.8361,15.7739,11.9999,0.0,0.0,0.0,15.773900000000001,6.8361,22.61,24.6135
1526,0.255,0.0003,0.2553,0.046,0.9988249118683901,0.0011750881316098705,14.496,0.1788,14.4956,0.0,0.0,0.0,0.0,14.4956,0.1788,14.6744,14.6775
1527,0.35,0.0004,0.3504,0.0631,0.9988584474885844,0.0011415525114155253,19.6368,0.2622,22.6364,2.9996,0.0,0.0,0.0,22.636400000000002,0.2622,22.898600000000002,22.8999
1528,0.3641,0.0004,0.3644,0.0656,0.9991767288693743,0.0010976948408342481,19.1796,0.2514,20.1796,1.0,0.0,0.0,0.0,20.1796,0.2514,20.431,20.4262
1529,0.3094,0.0,0.3095,0.0557,0.9996768982229403,0.0,16.5024,0.0258,16.5023,0.0,0.0,0.0,0.0,16.502299999999998,0.0258,16.5281,16.5258
1530,0.1938,0.0103,0.2041,0.0367,0.9495345418912298,0.05046545810877021,10.872,6.6243,15.8718,4.9998,0.0,0.0,0.0,15.8718,6.6243,22.4961,23.4954
1531,0.2011,0.0028,0.204,0.0367,0.9857843137254902,0.013725490196078433,11.5848,1.725,13.5851,2.0003,0.0,0.0,0.0,13.585100000000002,1.7249999999999999,15.310100000000002,15.3121
1532,0.2953,0.0098,0.3051,0.0549,0.9678793838085874,0.032120616191412654,16.1472,6.4212,18.1473,2.0001,0.0,0.0,0.0,18.1473,6.4212,24.5685,25.5689
1533,0.1185,0.0021,0.1205,0.0217,0.983402489626556,0.017427385892116183,6.8232,1.3541,7.8234,1.0002,0.0,0.0,0.0,7.8233999999999995,1.3540999999999999,9.177499999999998,9.1745
1534,0.0789,0.0043,0.0832,0.015,0.9483173076923077,0.05168269230769231,4.2624,2.5054,10.262,5.9996,0.0,0.0,0.0,10.262,2.5054000000000003,12.7674,14.2642
1535,0.2797,0.0001,0.2798,0.0504,0.9996426018584704,0.00035739814152966406,14.9172,0.067,14.9172,0.0,0.0,0.0,0.0,14.917200000000001,0.067,14.984200000000001,14.9822
1536,0.1096,0.0031,0.1128,0.0203,0.9716312056737589,0.027482269503546097,6.2304,2.0327,13.2304,7.0,0.0,0.0,0.0,13.230399999999998,2.0326999999999997,15.263099999999998,15.7642
1537,0.244,0.0062,0.2501,0.045,0.975609756097561,0.024790083966413436,13.6884,3.9779,19.6883,5.9999,0.0,0.0,0.0,19.688299999999995,3.9779,23.666199999999996,23.6635
1538,0.3096,0.0002,0.3098,0.0558,0.999354422207876,0.0006455777921239509,17.5992,0.108,17.5989,0.0,0.0,0.0,0.0,17.598899999999997,0.10800000000000001,17.706899999999997,17.7089
1539,0.1325,0.0097,0.1423,0.0256,0.9311314125087843,0.06816584680252986,7.248,6.163,9.2479,1.9999,0.0,0.0,0.0,9.2479,6.163,15.4109,15.908
1540,0.0884,0.0001,0.0885,0.0159,0.9988700564971753,0.0011299435028248588,4.7148,0.0469,8.7148,4.0,0.0,0.0,0.0,8.7148,0.0469,8.761700000000001,8.7662
1541,0.0847,0.0003,0.085,0.0153,0.996470588235294,0.0035294117647058816,4.6344,0.1681,5.6342,0.9998,0.0,0.0,0.0,5.634199999999999,0.16810000000000003,5.802299999999999,5.7994
1542,0.1919,0.0001,0.192,0.0346,0.9994791666666666,0.0005208333333333333,10.9092,0.0366,10.909,0.0,0.0,0.0,0.0,10.909000000000002,0.0366,10.945600000000002,10.9491
1543,0.3929,0.0003,0.3932,0.0708,0.999237029501526,0.000762970498474059,21.2172,0.1747,21.2165,0.0,0.0,0.0,0.0,21.216500000000003,0.17470000000000002,21.391200000000005,21.3869
1544,0.1199,0.0008,0.1207,0.0217,0.9933719966859984,0.0066280033140016575,6.3936,0.516,9.3932,2.9996,0.0,0.0,0.0,9.3932,0.516,9.9092,9.9135
1545,0.1576,0.0075,0.1651,0.0297,0.9545729860690491,0.04542701393095094,8.7276,4.5749,9.7273,0.9997,0.0,0.0,0.0,9.727299999999998,4.5748999999999995,14.302199999999997,14.2978
1546,0.0699,0.0,0.0699,0.0126,1.0,0.0,3.774,0.0302,3.774,0.0,0.0,0.0,0.0,3.773999999999999,0.0302,3.804199999999999,3.8053
1547,0.1988,0.0052,0.204,0.0367,0.9745098039215687,0.025490196078431372,10.872,3.2481,12.8719,1.9999,0.0,0.0,0.0,12.871900000000004,3.2481,16.120000000000005,16.116
1548,0.2106,0.0043,0.2149,0.0387,0.9799906933457422,0.020009306654257795,11.3724,2.68,11.3725,0.0001,0.0,0.0,0.0,11.372499999999997,2.6799999999999997,14.052499999999997,14.5538
1549,0.1552,0.0003,0.1555,0.028,0.9980707395498393,0.0019292604501607716,9.06,0.189,9.0597,0.0,0.0,0.0,0.0,9.0597,0.18900000000000003,9.2487,9.251
1550,0.2746,0.0022,0.2768,0.0498,0.9920520231213874,0.007947976878612718,15.6072,1.3368,15.6068,0.0,0.0,0.0,0.0,15.606799999999996,1.3368000000000004,16.943599999999996,16.9392
1551,0.2243,0.0002,0.2245,0.0404,0.999109131403118,0.0008908685968819599,12.1104,0.1118,12.1105,0.0001,0.0,0.0,0.0,12.110500000000002,0.11179999999999998,12.222300000000002,12.2214
1552,0.229,0.0002,0.2292,0.0413,0.99912739965096,0.0008726003490401397,12.684,0.091,12.6837,0.0,0.0,0.0,0.0,12.683700000000002,0.091,12.774700000000001,12.7734
1553,0.0826,0.0081,0.0907,0.0163,0.9106945975744212,0.08930540242557883,4.4592,5.6232,4.459,0.0,0.0,0.0,0.0,4.459,5.6232,10.0822,10.08
1554,0.0757,0.0003,0.076,0.0137,0.9960526315789474,0.003947368421052632,4.0368,0.2039,4.0368,0.0,0.0,0.0,0.0,4.0367999999999995,0.2039,4.2406999999999995,4.2384
1555,0.35,0.0044,0.3544,0.0638,0.9875846501128668,0.012415349887133184,19.6368,2.6765,19.6364,0.0,0.0,0.0,0.0,19.636400000000002,2.6765000000000003,22.312900000000003,22.3101
1556,0.2279,0.0078,0.2357,0.0424,0.9669070852778956,0.03309291472210437,12.786,4.972,15.7863,3.0003,0.0,0.0,0.0,15.7863,4.972,20.758300000000002,20.7535
1557,0.3018,0.0,0.3018,0.0543,1.0,0.0,16.5024,0.014,16.5019,0.0,0.0,0.0,0.0,16.5019,0.014,16.5159,16.514
1558,0.1051,0.0008,0.1059,0.0191,0.9924457034938622,0.007554296506137866,6.0552,0.5101,6.0553,0.0001,0.0,0.0,0.0,6.055300000000001,0.5100999999999999,6.5654,6.5697
1559,0.2175,0.0,0.2176,0.0392,0.9995404411764707,0.0,11.322,0.0132,11.3217,0.0,0.0,0.0,0.0,11.321700000000002,0.013199999999999998,11.334900000000001,11.3318
1560,0.2123,0.0032,0.2155,0.0388,0.9851508120649651,0.014849187935034803,11.322,1.8653,11.3219,0.0,0.0,0.0,0.0,11.321900000000001,1.8653,13.1872,13.1886
1561,0.1519,0.0136,0.1655,0.0298,0.9178247734138972,0.08217522658610271,8.3064,8.8774,13.307,5.0006,0.0,0.0,0.0,13.306999999999999,8.8774,22.184399999999997,22.1799
1562,0.2796,0.0055,0.285,0.0513,0.9810526315789475,0.01929824561403509,15.096,3.4421,17.0959,1.9999,0.0,0.0,0.0,17.095899999999997,3.4421,20.537999999999997,20.5417
1563,0.2923,0.0,0.2923,0.0526,1.0,0.0,16.614,0.0083,16.6139,0.0,0.0,0.0,0.0,16.613899999999997,0.0083,16.622199999999996,16.6197
1564,0.3137,0.0067,0.3204,0.0577,0.9790886392009986,0.020911360799001247,17.5992,4.3403,20.5991,2.9999,0.0,0.0,0.0,20.599099999999996,4.3403,24.939399999999996,24.9365
1565,0.1984,0.0007,0.1991,0.0358,0.9964841788046208,0.0035158211953792064,11.5848,0.3916,11.5856,0.0008,0.0,0.0,0.0,11.585600000000003,0.39159999999999995,11.977200000000003,11.982
1566,0.3304,0.0,0.3304,0.0595,1.0,0.0,18.5364,0.0093,18.5364,0.0,0.0,0.0,0.0,18.5364,0.009299999999999998,18.5457,18.5492
1567,0.1032,0.0,0.1032,0.0186,1.0,0.0,5.8668,0.0057,5.8662,0.0,0.0,0.0,0.0,5.866200000000001,0.0057,5.871900000000001,5.8712
1568,0.1674,0.0075,0.1748,0.0315,0.95766590389016,0.04290617848970251,9.2688,4.7472,10.268,0.9992,0.0,0.0,0.0,10.267999999999997,4.747199999999999,15.015199999999997,15.0188
1569,0.2118,0.0,0.2119,0.0381,0.9995280792826804,0.0,11.7324,0.0277,11.7324,0.0,0.0,0.0,0.0,11.732400000000002,0.0277,11.760100000000001,11.764
1570,0.1765,0.0,0.1766,0.0318,0.9994337485843714,0.0,9.7776,0.0073,9.7774,0.0,0.0,0.0,0.0,9.7774,0.0073,9.7847,9.785
1571,0.2013,0.0022,0.2035,0.0366,0.9891891891891893,0.010810810810810811,10.872,1.3833,10.8718,0.0,0.0,0.0,0.0,10.871800000000002,1.3833,12.255100000000002,12.2565
1572,0.2554,0.0001,0.2555,0.046,0.9996086105675147,0.0003913894324853229,14.1444,0.0834,14.1445,0.0001,0.0,0.0,0.0,14.144499999999997,0.0834,14.227899999999996,14.2258
1573,0.1154,0.0002,0.1156,0.0208,0.9982698961937717,0.001730103806228374,6.3936,0.1275,6.393,0.0,0.0,0.0,0.0,6.393000000000001,0.1275,6.520500000000001,6.5176
1574,0.202,0.0005,0.2025,0.0364,0.9975308641975309,0.0024691358024691358,10.9092,0.2806,10.909,0.0,0.0,0.0,0.0,10.909000000000002,0.2806,11.189600000000002,11.1871
1575,0.0795,0.0,0.0795,0.0143,1.0,0.0,4.4592,0.0183,4.4591,0.0,0.0,0.0,0.0,4.4591,0.0183,4.4774,4.4776
1576,0.2159,0.0126,0.2285,0.0411,0.9448577680525164,0.055142231947483585,11.3724,7.2309,15.3726,4.0002,0.0,0.0,0.0,15.3726,7.2309,22.6035,23.1015
1577,0.1115,0.0,0.1115,0.0201,1.0,0.0,6.6888,0.0103,6.6886,0.0,0.0,0.0,0.0,6.6886,0.0103,6.6989,6.6953
1578,0.2478,0.0006,0.2484,0.0447,0.9975845410628018,0.0024154589371980675,13.902,0.3666,17.9023,4.0003,0.0,0.0,0.0,17.9023,0.3666,18.2689,18.2723
1579,0.249,0.0001,0.2491,0.0448,0.9995985547972702,0.0004014452027298274,14.5368,0.0355,15.5373,1.0005,0.0,0.0,0.0,15.5373,0.035500000000000004,15.5728,15.5753
1580,0.1703,0.0,0.1704,0.0307,0.9994131455399061,0.0,9.4344,0.0246,9.4351,0.0007,0.0,0.0,0.0,9.435099999999998,0.024599999999999997,9.459699999999998,9.4557
1581,0.2013,0.0044,0.2057,0.037,0.9786096256684492,0.021390374331550804,10.872,2.5519,29.8717,18.9997,0.0,0.0,0.0,29.871699999999997,2.5519000000000003,32.4236,32.4259
1582,0.1834,0.0001,0.1835,0.033,0.9994550408719347,0.0005449591280653951,9.4344,0.0568,9.4349,0.0005,0.0,0.0,0.0,9.434899999999999,0.0568,9.4917,9.4935
1583,0.2118,0.005,0.2169,0.039,0.9764868603042876,0.02305209774089442,11.7324,3.3486,44.7328,33.0004,0.0,0.0,0.0,44.7328,3.3486000000000002,48.081399999999995,48.5839
1584,0.3285,0.0001,0.3287,0.0592,0.9993915424399149,0.00030422878004259207,18.1956,0.0921,18.1961,0.0005,0.0,0.0,0.0,18.196100000000005,0.0921,18.288200000000003,18.2913
1585,0.0789,0.0083,0.0872,0.0157,0.9048165137614679,0.09518348623853211,4.2624,5.1228,15.2619,10.9995,0.0,0.0,0.0,15.2619,5.1228,20.384700000000002,20.3873
1586,0.2587,0.0003,0.259,0.0466,0.9988416988416987,0.0011583011583011582,14.1444,0.1801,14.1444,0.0,0.0,0.0,0.0,14.144399999999997,0.1801,14.324499999999997,14.3264
1587,0.3243,0.0096,0.3339,0.0601,0.9712488769092543,0.02875112309074573,18.1956,5.9806,33.1959,15.0003,0.0,0.0,0.0,33.1959,5.980599999999999,39.176500000000004,39.1768
1588,0.2231,0.0003,0.2235,0.0402,0.9982102908277405,0.0013422818791946308,12.684,0.1953,13.6837,0.9997,0.0,0.0,0.0,13.683700000000002,0.19529999999999997,13.879000000000001,13.8793
1589,0.1923,0.0123,0.2046,0.0368,0.939882697947214,0.060117302052785926,10.3836,8.0144,36.3839,26.0003,0.0,0.0,0.0,36.3839,8.0144,44.3983,44.895
1590,0.1258,0.0003,0.1261,0.0227,0.9976209357652657,0.0023790642347343376,7.548,0.2094,12.5479,4.9999,0.0,0.0,0.0,12.547899999999998,0.20940000000000003,12.757299999999999,12.7551
1591,0.0805,0.0,0.0806,0.0145,0.998759305210918,0.0,4.4592,0.0234,4.459,0.0,0.0,0.0,0.0,4.4590000000000005,0.0234,4.4824,4.4812
1592,0.35,0.0035,0.3535,0.0636,0.9900990099009901,0.009900990099009901,19.6368,2.2793,30.636,10.9992,0.0,0.0,0.0,30.636000000000003,2.2793,32.9153,32.9181
1593,0.0805,0.0006,0.0811,0.0146,0.9926017262638718,0.007398273736128236,4.4592,0.3545,8.459,3.9998,0.0,0.0,0.0,8.459000000000001,0.3545000000000001,8.813500000000001,8.8132
1594,0.2271,0.0,0.2271,0.0409,1.0,0.0,12.1104,0.0295,12.1105,0.0001,0.0,0.0,0.0,12.110500000000002,0.029499999999999995,12.140000000000002,12.1413
1595,0.2551,0.0,0.2551,0.0459,1.0,0.0,14.1288,0.0168,19.1289,5.0001,0.0,0.0,0.0,19.128899999999998,0.016800000000000002,19.145699999999998,19.1466
1596,0.3554,0.0027,0.3581,0.0645,0.9924602066461883,0.007539793353811786,20.4708,1.6816,33.4707,12.9999,0.0,0.0,0.0,33.4707,1.6816,35.152300000000004,35.1542
1597,0.302,0.0004,0.3024,0.0544,0.9986772486772486,0.001322751322751323,16.308,0.2258,16.3075,0.0,0.0,0.0,0.0,16.3075,0.2258,16.5333,16.5304
1598,0.1874,0.0005,0.1879,0.0338,0.9973390101117616,0.0026609898882384245,10.6548,0.3069,13.6549,3.0001,0.0,0.0,0.0,13.654900000000001,0.30690000000000006,13.961800000000002,13.9663
1599,0.0873,0.0009,0.0883,0.0159,0.9886749716874292,0.010192525481313703,4.7148,0.6123,12.7148,8.0,0.0,0.0,0.0,12.7148,0.6123000000000001,13.3271,13.3295
1600,0.3669,0.0007,0.3676,0.0662,0.9980957562568009,0.0019042437431991295,20.8536,0.4314,24.8536,4.0,0.0,0.0,0.0,24.8536,0.4313999999999999,25.285,25.2888
1601,0.0994,0.0001,0.0995,0.0179,0.9989949748743718,0.0010050251256281408,5.436,0.0563,5.436,0.0,0.0,0.0,0.0,5.436000000000001,0.0563,5.492300000000001,5.4934
1602,0.0815,0.0024,0.0839,0.0151,0.9713945172824792,0.028605482717520853,4.4592,1.5356,11.4589,6.9997,0.0,0.0,0.0,11.4589,1.5355999999999999,12.9945,12.9971
1603,0.2691,0.0047,0.2738,0.0493,0.9828341855368883,0.017165814463111762,15.096,3.0631,22.0957,6.9997,0.0,0.0,0.0,22.095699999999997,3.0631000000000004,25.1588,26.6579
1604,0.2044,0.0,0.2045,0.0368,0.9995110024449878,0.0,11.322,0.0149,14.3218,2.9998,0.0,0.0,0.0,14.3218,0.0149,14.3367,14.3372
1605,0.2037,0.0122,0.2159,0.0389,0.9434923575729504,0.05650764242704956,11.7324,8.1429,16.7326,5.0002,0.0,0.0,0.0,16.7326,8.142900000000001,24.875500000000002,24.8774
1606,0.328,0.0139,0.3419,0.0615,0.959344837671834,0.04065516232816613,18.1656,8.5932,40.1657,22.0001,0.0,0.0,0.0,40.1657,8.5932,48.7589,49.2573
1607,0.1309,0.0056,0.1365,0.0246,0.9589743589743588,0.041025641025641026,7.248,3.4074,14.248,7.0,0.0,0.0,0.0,14.247999999999998,3.4074,17.655399999999997,17.6591
1608,0.3197,0.0003,0.3199,0.0576,0.9993748046264457,0.0009377930603313534,17.0484,0.1623,17.0481,0.0,0.0,0.0,0.0,17.0481,0.1623,17.2104,17.2111
1609,0.2378,0.0006,0.2385,0.0429,0.9970649895178197,0.0025157232704402514,12.684,0.3727,27.6838,14.9998,0.0,0.0,0.0,27.683799999999994,0.3727,28.056499999999993,28.0568
1610,0.1275,0.0013,0.1288,0.0232,0.9899068322981367,0.010093167701863354,7.248,0.7785,8.2479,0.9999,0.0,0.0,0.0,8.2479,0.7785,9.026399999999999,9.0246
1611,0.1961,0.0088,0.2049,0.0369,0.9570522205954124,0.042947779404587605,11.148,5.2692,29.1478,17.9998,0.0,0.0,0.0,29.147799999999993,5.2692000000000005,34.416999999999994,34.919
1612,0.2899,0.001,0.2909,0.0524,0.996562392574768,0.0034376074252320385,15.2724,0.6043,24.2726,9.0002,0.0,0.0,0.0,24.2726,0.6043000000000001,24.8769,25.3742
1613,0.15,0.0122,0.1621,0.0292,0.9253547193090684,0.07526218383713758,8.5236,7.5374,43.5243,35.0007,0.0,0.0,0.0,43.5243,7.537400000000001,51.061699999999995,51.0654
1614,0.197,0.0,0.197,0.0355,1.0,0.0,10.9092,0.0108,13.9091,2.9999,0.0,0.0,0.0,13.909100000000002,0.010800000000000002,13.919900000000002,13.9168
1615,0.2535,0.0,0.2535,0.0456,1.0,0.0,13.6884,0.0134,13.6881,0.0,0.0,0.0,0.0,13.688100000000002,0.013400000000000002,13.701500000000003,13.6974
1616,0.3623,0.0083,0.3706,0.0667,0.9776038855909337,0.02239611440906638,20.0652,5.0715,32.0655,12.0003,0.0,0.0,0.0,32.0655,5.0714999999999995,37.137,38.1386
1617,0.0701,0.0133,0.0834,0.015,0.8405275779376498,0.1594724220623501,4.0368,8.1662,33.0368,29.0,0.0,0.0,0.0,33.03680000000001,8.1662,41.203,41.7074
1618,0.0851,0.0201,0.1052,0.0189,0.8089353612167299,0.19106463878326996,4.7148,12.5334,34.7148,30.0,0.0,0.0,0.0,34.71479999999999,12.5334,47.24819999999999,47.2461
1619,0.2587,0.0001,0.2587,0.0466,1.0,0.0003865481252415926,14.1444,0.0512,14.1445,0.0001,0.0,0.0,0.0,14.144499999999997,0.0512,14.195699999999997,14.1992
1620,0.2824,0.0111,0.2936,0.0528,0.9618528610354222,0.03780653950953678,15.6432,7.2539,38.6436,23.0004,0.0,0.0,0.0,38.643600000000006,7.253900000000001,45.89750000000001,48.8971
1621,0.2131,0.0001,0.2131,0.0384,1.0,0.0004692632566870014,12.1104,0.0385,12.1104,0.0,0.0,0.0,0.0,12.1104,0.0385,12.148900000000001,12.1508
1622,0.2385,0.0001,0.2386,0.043,0.9995808885163453,0.00041911148365465214,13.2084,0.0892,15.2087,2.0003,0.0,0.0,0.0,15.2087,0.0892,15.2979,15.2962
1623,0.2116,0.0022,0.2138,0.0385,0.989710009354537,0.01028999064546305,11.148,1.4003,21.1476,9.9996,0.0,0.0,0.0,21.147599999999997,1.4002999999999999,22.5479,22.5489
1624,0.2292,0.0003,0.2294,0.0413,0.999128160418483,0.0013077593722755011,13.3776,0.1831,19.3775,5.9999,0.0,0.0,0.0,19.377499999999994,0.18309999999999998,19.560599999999994,19.5577
1625,0.3838,0.0,0.3839,0.0691,0.9997395154988277,0.0,20.4708,0.0171,20.4705,0.0,0.0,0.0,0.0,20.470499999999998,0.0171,20.487599999999997,20.4911
1626,0.3667,0.0003,0.367,0.0661,0.999182561307902,0.0008174386920980926,18.8592,0.1926,19.8593,1.0001,0.0,0.0,0.0,19.8593,0.1926,20.0519,20.0537
1627,0.2013,0.0046,0.2059,0.0371,0.9776590577950461,0.022340942204953862,10.872,2.9548,16.8718,5.9998,0.0,0.0,0.0,16.8718,2.9548000000000005,19.8266,20.8285
1628,0.1531,0.0012,0.1543,0.0278,0.9922229423201557,0.007777057679844459,9.06,0.786,24.0597,14.9997,0.0,0.0,0.0,24.059699999999996,0.786,24.845699999999997,24.8478
1629,0.3118,0.0089,0.3207,0.0577,0.9722482070470846,0.027751792952915497,17.0484,5.5301,31.0483,13.9999,0.0,0.0,0.0,31.0483,5.530100000000001,36.5784,37.0793
1630,0.3285,0.0,0.3286,0.0591,0.9996956786366403,0.0,18.1956,0.0173,18.1959,0.0003,0.0,0.0,0.0,18.1959,0.0173,18.2132,18.2139
1631,0.0779,0.0147,0.0926,0.0167,0.8412526997840172,0.1587473002159827,4.5492,9.2137,36.5491,31.9999,0.0,0.0,0.0,36.5491,9.2137,45.7628,46.7635
1632,0.3106,0.0065,0.317,0.0571,0.9798107255520504,0.020504731861198736,16.9824,4.2181,40.9826,24.0002,0.0,0.0,0.0,40.9826,4.218100000000001,45.2007,45.2014
1633,0.2659,0.0016,0.2675,0.0482,0.9940186915887851,0.005981308411214953,14.9172,1.0453,20.9173,6.0001,0.0,0.0,0.0,20.917299999999997,1.0453,21.9626,21.958
1634,0.2455,0.0002,0.2456,0.0442,0.9995928338762214,0.0008143322475570033,13.0908,0.0958,13.0909,0.0001,0.0,0.0,0.0,13.090899999999998,0.09580000000000002,13.186699999999998,13.1871
1635,0.2338,0.0019,0.2357,0.0424,0.9919389053882054,0.008061094611794654,13.6476,1.3018,24.647,10.9994,0.0,0.0,0.0,24.647,1.3017999999999998,25.9488,25.9454
1636,0.1216,0.0,0.1216,0.0219,1.0,0.0,6.8232,0.0096,7.8234,1.0002,0.0,0.0,0.0,7.8233999999999995,0.009600000000000001,7.832999999999999,7.8296
1637,0.1552,0.0,0.1552,0.0279,1.0,0.0,9.06,0.0244,14.0598,4.9998,0.0,0.0,0.0,14.059800000000001,0.024399999999999998,14.084200000000001,14.0817
1638,0.0994,0.0037,0.1031,0.0186,0.9641125121241514,0.035887487875848695,5.436,2.3521,22.436,17.0,0.0,0.0,0.0,22.435999999999996,2.3520999999999996,24.788099999999996,24.7842
1639,0.2018,0.0042,0.206,0.0371,0.979611650485437,0.020388349514563107,11.322,2.9526,29.322,18.0,0.0,0.0,0.0,29.322000000000003,2.9526,32.2746,32.2711
1640,0.084,0.0162,0.1002,0.018,0.8383233532934132,0.16167664670658682,4.7148,10.7617,22.7148,18.0,0.0,0.0,0.0,22.714800000000004,10.7617,33.4765,34.4754
1641,0.2092,0.0,0.2092,0.0377,1.0,0.0,11.5848,0.0213,13.5852,2.0004,0.0,0.0,0.0,13.585200000000004,0.0213,13.606500000000004,13.6037
1642,0.3733,0.0046,0.3778,0.068,0.9880889359449444,0.012175754367390152,21.2172,2.8143,30.217,8.9998,0.0,0.0,0.0,30.217,2.8143000000000002,33.0313,33.0299
1643,0.3232,0.0,0.3232,0.0582,1.0,0.0,17.454,0.0105,17.4546,0.0006,0.0,0.0,0.0,17.454599999999996,0.0105,17.465099999999996,17.4669
1644,0.219,0.0001,0.2191,0.0394,0.9995435874030124,0.0004564125969876769,12.786,0.0717,12.7863,0.0003,0.0,0.0,0.0,12.7863,0.0717,12.858,12.858
1645,0.1223,0.0179,0.1402,0.0252,0.8723252496433667,0.1276747503566334,6.6888,10.5568,18.6887,11.9999,0.0,0.0,0.0,18.688700000000004,10.5568,29.245500000000007,29.242
1646,0.2038,0.0194,0.2232,0.0402,0.9130824372759857,0.08691756272401434,11.5848,11.242,23.5851,12.0003,0.0,0.0,0.0,23.585099999999994,11.241999999999999,34.827099999999994,35.3317
1647,0.3454,0.0,0.3454,0.0622,1.0,0.0,18.1956,0.0194,20.1961,2.0005,0.0,0.0,0.0,20.1961,0.019399999999999997,20.215500000000002,20.2161
1648,0.0688,0.0,0.0688,0.0124,1.0,0.0,3.9108,0.006,4.9109,1.0001,0.0,0.0,0.0,4.9109,0.006,4.9169,4.919
1649,0.1812,0.0001,0.1813,0.0326,0.9994484280198567,0.0005515719801434088,9.4296,0.0501,9.4298,0.0002,0.0,0.0,0.0,9.4298,0.0501,9.4799,9.4783
1650,0.172,0.0,0.1721,0.031,0.9994189424753049,0.0,9.7776,0.0311,9.777,0.0,0.0,0.0,0.0,9.777000000000001,0.0311,9.808100000000001,9.807
1651,0.1899,0.0,0.1899,0.0342,1.0,0.0,10.6548,0.0076,10.655,0.0002,0.0,0.0,0.0,10.655000000000001,0.007600000000000001,10.662600000000001,10.6584
1652,0.2044,0.0,0.2044,0.0368,1.0,0.0,11.322,0.0142,11.3218,0.0,0.0,0.0,0.0,11.321800000000001,0.014199999999999999,11.336000000000002,11.3329
1653,0.11,0.0,0.11,0.0198,1.0,0.0,5.8668,0.0298,7.8661,1.9993,0.0,0.0,0.0,7.866100000000001,0.0298,7.895900000000001,7.8995
1654,0.1185,0.0005,0.119,0.0214,0.9957983193277311,0.004201680672268908,6.8232,0.3117,9.8236,3.0004,0.0,0.0,0.0,9.823599999999999,0.3117,10.135299999999999,10.1381
1655,0.2013,0.0002,0.2015,0.0363,0.9990074441687344,0.0009925558312655087,10.872,0.1245,13.8719,2.9999,0.0,0.0,0.0,13.871900000000004,0.12449999999999999,13.996400000000003,14.0008
1656,0.1086,0.0022,0.1108,0.02,0.98014440433213,0.019855595667870037,5.8668,1.4928,13.8663,7.9995,0.0,0.0,0.0,13.866299999999997,1.4928,15.359099999999998,15.3566
1657,0.2488,0.0003,0.2491,0.0448,0.9987956643918106,0.001204335608189482,14.1444,0.161,14.1445,0.0001,0.0,0.0,0.0,14.144499999999997,0.16099999999999998,14.305499999999997,14.3009
1658,0.1958,0.0003,0.1961,0.0353,0.998470168281489,0.0015298317185109638,11.5848,0.1845,12.585,1.0002,0.0,0.0,0.0,12.585000000000003,0.1845,12.769500000000003,12.7717
1659,0.2001,0.0001,0.2002,0.036,0.9995004995004996,0.0004995004995004995,11.3724,0.0852,13.3725,2.0001,0.0,0.0,0.0,13.372499999999999,0.08520000000000001,13.457699999999999,13.4538
1660,0.0671,0.0033,0.0704,0.0127,0.953125,0.046875,3.624,2.0326,9.624,6.0,0.0,0.0,0.0,9.623999999999999,2.0326,11.6566,11.6586
1661,0.2759,0.0038,0.2797,0.0504,0.9864140150160886,0.013585984983911333,14.5368,2.3733,21.537,7.0002,0.0,0.0,0.0,21.537000000000006,2.3733,23.910300000000007,23.9062
1662,0.3056,0.0012,0.3068,0.0552,0.9960886571056061,0.003911342894393741,16.5024,0.7978,16.5019,0.0,0.0,0.0,0.0,16.5019,0.7978000000000001,17.299699999999998,17.3043
1663,0.197,0.0021,0.1991,0.0358,0.9894525364138624,0.01054746358613762,10.9092,1.2152,10.909,0.0,0.0,0.0,0.0,10.909000000000002,1.2152,12.124200000000002,12.1241
1664,0.0829,0.0014,0.0844,0.0152,0.9822274881516587,0.01658767772511848,4.7148,0.8561,4.7148,0.0,0.0,0.0,0.0,4.7148,0.8561,5.5709,5.5705
1665,0.1163,0.0007,0.1171,0.0211,0.9931682322801025,0.0059777967549103335,6.0552,0.4676,6.0552,0.0,0.0,0.0,0.0,6.0552,0.46759999999999996,6.5228,6.527
1666,0.3682,0.0001,0.3683,0.0663,0.9997284822155852,0.00027151778441487917,19.6368,0.0371,19.6367,0.0,0.0,0.0,0.0,19.636700000000005,0.037099999999999994,19.673800000000004,19.6752
1667,0.1743,0.0,0.1743,0.0314,1.0,0.0,9.7776,0.0072,9.7773,0.0,0.0,0.0,0.0,9.7773,0.007200000000000001,9.7845,9.7841
1668,0.1738,0.0,0.1738,0.0313,1.0,0.0,9.2688,0.0121,9.2682,0.0,0.0,0.0,0.0,9.268199999999998,0.0121,9.280299999999999,9.2828
1669,0.1359,0.01,0.1459,0.0263,0.9314599040438656,0.06854009595613433,7.248,6.228,7.2479,0.0,0.0,0.0,0.0,7.2479000000000005,6.228,13.4759,13.4713
1670,0.0706,0.0001,0.0707,0.0127,0.9985855728429985,0.0014144271570014145,3.9108,0.0676,3.9109,0.0001,0.0,0.0,0.0,3.9109,0.06760000000000001,3.9785,3.98
1671,0.2782,0.0036,0.2818,0.0507,0.9872249822569198,0.0127750177430802,15.6072,2.4262,15.6066,0.0,0.0,0.0,0.0,15.606599999999997,2.4262,18.032799999999998,18.0339
1672,0.3831,0.0238,0.4069,0.0732,0.9415089702629639,0.05849102973703613,21.2172,14.7798,22.2165,0.9993,0.0,0.0,0.0,22.216500000000003,14.7798,36.996300000000005,36.9934
1673,0.2831,0.0001,0.2832,0.051,0.9996468926553673,0.00035310734463276836,16.308,0.0466,16.3077,0.0,0.0,0.0,0.0,16.3077,0.046599999999999996,16.354300000000002,16.3504
1674,0.1697,0.0016,0.1714,0.0309,0.9900816802800466,0.009334889148191366,9.7776,1.0528,9.7772,0.0,0.0,0.0,0.0,9.7772,1.0528,10.83,10.8306
1675,0.1874,0.0004,0.1879,0.0338,0.9973390101117616,0.0021287919105907396,10.6548,0.2814,10.6552,0.0004,0.0,0.0,0.0,10.6552,0.2814,10.9366,10.9384
1676,0.1295,0.0001,0.1296,0.0233,0.9992283950617284,0.000771604938271605,6.8232,0.0806,6.8235,0.0003,0.0,0.0,0.0,6.823499999999999,0.08059999999999999,6.904099999999999,6.9057
1677,0.0805,0.0,0.0805,0.0145,1.0,0.0,4.4592,0.0109,4.4591,0.0,0.0,0.0,0.0,4.459099999999999,0.0109,4.47,4.4667
1678,0.2486,0.0007,0.2493,0.0449,0.9971921379863617,0.002807862013638187,14.1288,0.488,14.1289,0.0001,0.0,0.0,0.0,14.128900000000002,0.488,14.616900000000001,14.6149
1679,0.2693,0.0166,0.2859,0.0515,0.9419377404686954,0.05806225953130466,14.9172,10.9215,14.9172,0.0,0.0,0.0,0.0,14.917200000000001,10.921499999999998,25.8387,25.8431
1680,0.0612,0.0005,0.0618,0.0111,0.9902912621359222,0.008090614886731391,3.624,0.3387,3.6239,0.0,0.0,0.0,0.0,3.6239,0.3387,3.9626,3.9599
1681,0.275,0.0003,0.2753,0.0496,0.9989102796948784,0.0010897203051216855,14.1444,0.1791,14.1444,0.0,0.0,0.0,0.0,14.144399999999997,0.1791,14.323499999999997,14.3195
1682,0.271,0.0,0.271,0.0488,1.0,0.0,15.6072,0.0106,15.6069,0.0,0.0,0.0,0.0,15.606899999999996,0.010599999999999998,15.617499999999996,15.617
1683,0.1248,0.0001,0.1249,0.0225,0.9991993594875901,0.000800640512409928,6.8232,0.0497,6.8232,0.0,0.0,0.0,0.0,6.8232,0.049699999999999994,6.8729,6.8729
1684,0.0655,0.0016,0.0671,0.0121,0.9761549925484351,0.02384500745156483,3.774,0.99,3.7737,0.0,0.0,0.0,0.0,3.7737,0.99,4.7637,4.7597
1685,0.2159,0.0,0.2159,0.0389,1.0,0.0,12.1104,0.0175,12.1106,0.0002,0.0,0.0,0.0,12.110600000000002,0.017499999999999998,12.128100000000002,12.1257
1686,0.2793,0.0002,0.2795,0.0503,0.9992844364937387,0.0007155635062611807,15.2724,0.1643,15.2724,0.0,0.0,0.0,0.0,15.272400000000001,0.1643,15.436700000000002,15.4347
1687,0.3245,0.0003,0.3248,0.0585,0.999076354679803,0.0009236453201970443,18.6912,0.1875,18.6905,0.0,0.0,0.0,0.0,18.690500000000004,0.1875,18.878000000000004,18.8762
1688,0.3303,0.0022,0.3325,0.0599,0.9933834586466165,0.006616541353383459,17.8368,1.4235,17.8362,0.0,0.0,0.0,0.0,17.836199999999998,1.4235000000000002,19.2597,19.2588
1689,0.0832,0.0003,0.0835,0.015,0.9964071856287424,0.0035928143712574846,4.5492,0.1826,4.5491,0.0,0.0,0.0,0.0,4.5491,0.18259999999999998,4.7317,4.7312
1690,0.1616,0.0075,0.1691,0.0304,0.9556475458308693,0.04435245416913069,8.7276,5.0948,8.7271,0.0,0.0,0.0,0.0,8.727099999999998,5.0948,13.8219,13.8219
1691,0.3179,0.0025,0.3204,0.0577,0.9921972534332085,0.007802746566791511,17.8368,1.5987,17.8362,0.0,0.0,0.0,0.0,17.836199999999998,1.5987,19.4349,19.4333
1692,0.2903,0.0094,0.2998,0.054,0.9683122081387592,0.03135423615743829,16.5024,6.1623,16.5021,0.0,0.0,0.0,0.0,16.5021,6.1623,22.6644,22.668
1693,0.1328,0.0001,0.1329,0.0239,0.9992475545522951,0.0007524454477050415,7.548,0.0574,7.548,0.0,0.0,0.0,0.0,7.547999999999998,0.05740000000000001,7.605399999999999,7.6071
1694,0.2338,0.0134,0.2472,0.0445,0.9457928802588997,0.054207119741100325,12.786,8.7151,12.7861,0.0001,0.0,0.0,0.0,12.7861,8.7151,21.501199999999997,21.5013
1695,0.0759,0.0053,0.0813,0.0146,0.933579335793358,0.06519065190651907,4.1532,3.2611,4.1534,0.0002,0.0,0.0,0.0,4.1534,3.2611,7.4145,7.4104
1696,0.2617,0.0,0.2618,0.0471,0.9996180290297938,0.0,14.496,0.0267,14.4957,0.0,0.0,0.0,0.0,14.4957,0.0267,14.5224,14.5253
1697,0.1615,0.0,0.1615,0.0291,1.0,0.0,9.06,0.0106,9.0597,0.0,0.0,0.0,0.0,9.059700000000001,0.0106,9.070300000000001,9.0732
1698,0.2542,0.0003,0.2545,0.0458,0.9988212180746561,0.0011787819253438112,13.902,0.1543,13.9022,0.0002,0.0,0.0,0.0,13.9022,0.1543,14.0565,14.053
1699,0.2118,0.0,0.2119,0.0381,0.9995280792826804,0.0,11.7324,0.0133,11.7325,0.0001,0.0,0.0,0.0,11.732500000000002,0.0133,11.745800000000001,11.7409
1700,0.2607,0.0,0.2607,0.0469,1.0,0.0,13.902,0.0238,13.9024,0.0004,0.0,0.0,0.0,13.9024,0.023799999999999995,13.9262,13.9224
1701,0.1082,0.0001,0.1083,0.0195,0.9990766389658358,0.0009233610341643583,6.2304,0.0845,6.2303,0.0,0.0,0.0,0.0,6.230299999999999,0.0845,6.314799999999999,6.3167
1702,0.172,0.0015,0.1735,0.0312,0.9913544668587896,0.008645533141210375,9.7776,0.931,9.7773,0.0,0.0,0.0,0.0,9.7773,0.931,10.708300000000001,10.7046
1703,0.0757,0.0003,0.076,0.0137,0.9960526315789474,0.003947368421052632,4.3632,0.1714,4.3637,0.0005,0.0,0.0,0.0,4.3637,0.1714,4.5351,4.5389
1704,0.1995,0.0038,0.2033,0.0366,0.9813084112149533,0.018691588785046728,10.9092,2.4266,10.909,0.0,0.0,0.0,0.0,10.909000000000002,2.4265999999999996,13.335600000000003,13.3372
1705,0.208,0.0048,0.2128,0.0383,0.9774436090225564,0.022556390977443608,11.3724,2.9657,11.3724,0.0,0.0,0.0,0.0,11.372399999999997,2.9657,14.338099999999997,14.3417
1706,0.1803,0.0,0.1803,0.0325,1.0,0.0,10.3836,0.0282,10.3837,0.0001,0.0,0.0,0.0,10.383699999999997,0.0282,10.411899999999997,10.4084
1707,0.0699,0.0002,0.07,0.0126,0.9985714285714286,0.002857142857142857,3.774,0.0923,3.7739,0.0,0.0,0.0,0.0,3.7738999999999994,0.0923,3.866199999999999,3.8669
1708,0.0826,0.0011,0.0837,0.0151,0.9868578255675031,0.013142174432497015,4.6344,0.7028,4.6344,0.0,0.0,0.0,0.0,4.634399999999999,0.7027999999999999,5.337199999999999,5.3408
1709,0.2728,0.0168,0.2896,0.0521,0.941988950276243,0.0580110497237569,14.9172,10.3856,14.9173,0.0001,0.0,0.0,0.0,14.917300000000001,10.3856,25.3029,25.3036
1710,0.1803,0.0,0.1803,0.0325,1.0,0.0,10.3836,0.0196,10.3837,0.0001,0.0,0.0,0.0,10.383699999999997,0.0196,10.403299999999998,10.4073
1711,0.2788,0.0007,0.2795,0.0503,0.9974955277280857,0.002504472271914132,15.6432,0.443,15.6434,0.0002,0.0,0.0,0.0,15.6434,0.44299999999999995,16.0864,16.0892
1712,0.1725,0.0058,0.1783,0.0321,0.9674705552439709,0.03252944475602917,9.4344,3.7339,12.4345,3.0001,0.0,0.0,0.0,12.4345,3.7338999999999998,16.1684,16.1639
1713,0.232,0.0092,0.2411,0.0434,0.9622563251762755,0.03815844048112816,12.684,5.758,12.6839,0.0,0.0,0.0,0.0,12.683900000000001,5.758,18.4419,18.4376
1714,0.2385,0.0133,0.2518,0.0453,0.9471803018268465,0.05281969817315329,13.2084,7.9752,14.2087,1.0003,0.0,0.0,0.0,14.2087,7.9752,22.1839,22.1813
1715,0.3838,0.0,0.3839,0.0691,0.9997395154988277,0.0,20.4708,0.0238,20.4703,0.0,0.0,0.0,0.0,20.470299999999998,0.0238,20.4941,20.4951
1716,0.1455,0.0,0.1455,0.0262,1.0,0.0,8.7276,0.02,8.7274,0.0,0.0,0.0,0.0,8.727399999999998,0.019999999999999997,8.747399999999997,8.7492
1717,0.2503,0.0001,0.2504,0.0451,0.9996006389776358,0.00039936102236421724,13.6884,0.0531,13.688,0.0,0.0,0.0,0.0,13.688,0.053099999999999994,13.741100000000001,13.7366
1718,0.1376,0.0001,0.1377,0.0248,0.9992737835875092,0.0007262164124909224,7.248,0.087,7.2478,0.0,0.0,0.0,0.0,7.2478,0.087,7.3347999999999995,7.3398
1719,0.1177,0.0001,0.1177,0.0212,1.0,0.0008496176720475786,6.6888,0.0411,6.6887,0.0,0.0,0.0,0.0,6.688700000000001,0.0411,6.729800000000001,6.7312
1720,0.1576,0.0043,0.1619,0.0291,0.9734403953057443,0.026559604694255716,8.7276,2.7417,9.7275,0.9999,0.0,0.0,0.0,9.7275,2.7417000000000002,12.469199999999999,12.4658
1721,0.1705,0.0,0.1706,0.0307,0.9994138335287223,0.0,10.092,0.0169,10.092,0.0,0.0,0.0,0.0,10.091999999999999,0.0169,10.108899999999998,10.104
1722,0.1412,0.0,0.1413,0.0254,0.9992922859164897,0.0,7.8216,0.0274,7.8217,0.0001,0.0,0.0,0.0,7.8217,0.027399999999999997,7.8491,7.8471
1723,0.1182,0.0137,0.1319,0.0237,0.8961334344200153,0.10386656557998485,6.546,8.8366,7.5458,0.9998,0.0,0.0,0.0,7.545799999999999,8.8366,16.3824,16.383
1724,0.2478,0.0,0.2478,0.0446,1.0,0.0,13.902,0.0117,13.9022,0.0002,0.0,0.0,0.0,13.9022,0.0117,13.9139,13.9171
1725,0.3096,0.0003,0.3099,0.0558,0.9990319457889641,0.0009680542110358179,15.9216,0.1753,15.9216,0.0,0.0,0.0,0.0,15.921600000000002,0.17529999999999996,16.0969,16.0981
1726,0.2161,0.0005,0.2165,0.039,0.9981524249422632,0.0023094688221709007,12.786,0.2947,12.7862,0.0002,0.0,0.0,0.0,12.786200000000001,0.29469999999999996,13.080900000000002,13.0782
1727,0.2172,0.0012,0.2184,0.0393,0.9945054945054945,0.005494505494505494,11.5848,0.8093,11.5855,0.0007,0.0,0.0,0.0,11.585500000000001,0.8092999999999999,12.394800000000002,12.3901
1728,0.1636,0.0,0.1636,0.0295,1.0,0.0,9.06,0.0266,9.0599,0.0,0.0,0.0,0.0,9.0599,0.0266,9.086500000000001,9.0843
1729,0.2692,0.0001,0.2693,0.0485,0.9996286669142221,0.00037133308577794286,14.5368,0.069,14.5372,0.0004,0.0,0.0,0.0,14.537199999999999,0.069,14.6062,14.6071
1730,0.3313,0.0003,0.3316,0.0597,0.9990952955367912,0.000904704463208685,17.454,0.1702,17.4544,0.0004,0.0,0.0,0.0,17.454399999999996,0.17020000000000002,17.624599999999997,17.6287
1731,0.2161,0.0009,0.217,0.0391,0.9958525345622119,0.004147465437788018,12.786,0.6236,12.7863,0.0003,0.0,0.0,0.0,12.7863,0.6235999999999999,13.4099,13.4138
1732,0.2617,0.0,0.2618,0.0471,0.9996180290297938,0.0,14.496,0.0266,14.496,0.0,0.0,0.0,0.0,14.496,0.026600000000000006,14.5226,14.5181
1733,0.2293,0.0,0.2294,0.0413,0.9995640802092416,0.0,13.2084,0.0297,13.2088,0.0004,0.0,0.0,0.0,13.2088,0.029700000000000004,13.2385,13.2355
1734,0.2187,0.0008,0.2195,0.0395,0.9963553530751709,0.0036446469248291574,12.1104,0.5208,12.1104,0.0,0.0,0.0,0.0,12.1104,0.5208,12.6312,12.6298
1735,0.3418,0.0001,0.3419,0.0615,0.999707516817783,0.00029248318221702257,18.6912,0.0377,18.6906,0.0,0.0,0.0,0.0,18.690600000000003,0.0377,18.728300000000004,18.7321
1736,0.1363,0.0,0.1363,0.0245,1.0,0.0,7.548,0.0251,7.548,0.0,0.0,0.0,0.0,7.547999999999998,0.025099999999999997,7.573099999999998,7.5741
1737,0.2019,0.0001,0.202,0.0364,0.9995049504950494,0.0004950495049504951,11.7876,0.0753,11.7871,0.0,0.0,0.0,0.0,11.7871,0.0753,11.862400000000001,11.8646
1738,0.3158,0.0,0.3159,0.0569,0.9996834441278886,0.0,18.6912,0.0175,18.6908,0.0,0.0,0.0,0.0,18.690800000000003,0.0175,18.7083,18.7092
1739,0.3344,0.0021,0.3366,0.0606,0.9934640522875816,0.00623885918003565,17.8368,1.4106,23.8363,5.9995,0.0,0.0,0.0,23.8363,1.4105999999999999,25.2469,25.2455
1740,0.3585,0.0001,0.3586,0.0645,0.9997211377579476,0.0002788622420524261,21.2172,0.0487,21.2169,0.0,0.0,0.0,0.0,21.216900000000003,0.0487,21.265600000000003,21.2616
1741,0.1342,0.0003,0.1345,0.0242,0.9977695167286246,0.0022304832713754643,7.248,0.2047,7.2478,0.0,0.0,0.0,0.0,7.2478,0.2047,7.4525,7.4499
1742,0.289,0.0009,0.2899,0.0522,0.9968954812004139,0.003104518799586064,15.6072,0.6109,15.6068,0.0,0.0,0.0,0.0,15.606799999999996,0.6108999999999999,16.217699999999997,16.2197
1743,0.1594,0.0087,0.168,0.0302,0.9488095238095237,0.05178571428571428,9.06,5.5878,16.0597,6.9997,0.0,0.0,0.0,16.0597,5.5878000000000005,21.6475,21.6491
1744,0.143,0.0027,0.1457,0.0262,0.9814687714481811,0.018531228551818806,7.8216,1.6821,16.8217,9.0001,0.0,0.0,0.0,16.821700000000003,1.6821,18.503800000000002,19.5024
1745,0.1255,0.0001,0.1257,0.0226,0.9984089101034208,0.0007955449482895784,6.9516,0.0977,7.951,0.9994,0.0,0.0,0.0,7.9510000000000005,0.09770000000000001,8.0487,8.0446
1746,0.4027,0.0001,0.4029,0.0725,0.9995035989079176,0.0002482005460412013,21.2172,0.0956,21.2169,0.0,0.0,0.0,0.0,21.216900000000003,0.09559999999999999,21.312500000000004,21.3101
1747,0.1232,0.002,0.1252,0.0225,0.9840255591054313,0.01597444089456869,6.8232,1.2504,6.8234,0.0002,0.0,0.0,0.0,6.8233999999999995,1.2504,8.073799999999999,8.0737
1748,0.3079,0.0001,0.308,0.0554,0.9996753246753247,0.0003246753246753247,16.2192,0.0999,16.2194,0.0002,0.0,0.0,0.0,16.219399999999997,0.0999,16.3193,16.3175
1749,0.3196,0.0002,0.3198,0.0576,0.9993746091307067,0.0006253908692933084,18.1656,0.1426,22.1657,4.0001,0.0,0.0,0.0,22.1657,0.1426,22.308300000000003,22.3052
1750,0.2692,0.0,0.2692,0.0485,1.0,0.0,14.5368,0.0081,14.5371,0.0003,0.0,0.0,0.0,14.537099999999999,0.008100000000000001,14.5452,14.5422
1751,0.3536,0.0001,0.3537,0.0637,0.9997172745264349,0.0002827254735651682,21.2172,0.0572,22.2168,0.9996,0.0,0.0,0.0,22.216800000000003,0.057199999999999994,22.274000000000004,22.2723
1752,0.1139,0.017,0.1309,0.0236,0.8701298701298702,0.12987012987012989,6.2304,10.4827,24.2303,17.9999,0.0,0.0,0.0,24.230300000000003,10.482699999999998,34.713,34.7101
1753,0.232,0.0,0.232,0.0418,1.0,0.0,12.684,0.0125,12.6838,0.0,0.0,0.0,0.0,12.683800000000002,0.012499999999999999,12.6963,12.6958
1754,0.1947,0.0004,0.1951,0.0351,0.9979497693490519,0.0020502306509482316,10.3836,0.2716,10.3836,0.0,0.0,0.0,0.0,10.383599999999998,0.2716,10.655199999999997,10.6555
1755,0.3327,0.0024,0.3352,0.0603,0.9925417661097852,0.007159904534606205,18.1956,1.5386,21.1956,3.0,0.0,0.0,0.0,21.195600000000006,1.5386,22.734200000000005,22.7378
1756,0.2982,0.0,0.2982,0.0537,1.0,0.0,16.308,0.0103,16.3075,0.0,0.0,0.0,0.0,16.3075,0.0103,16.317800000000002,16.3165
1757,0.2941,0.0157,0.3098,0.0558,0.9493221433182697,0.05067785668173014,16.5024,9.6877,25.5018,8.9994,0.0,0.0,0.0,25.5018,9.687700000000001,35.1895,35.1893
1758,0.1538,0.0001,0.1539,0.0277,0.9993502274204028,0.000649772579597141,8.3064,0.0355,8.3068,0.0004,0.0,0.0,0.0,8.3068,0.035500000000000004,8.342300000000002,8.3385
1759,0.0705,0.0006,0.0711,0.0128,0.9915611814345991,0.008438818565400843,3.624,0.3879,7.624,4.0,0.0,0.0,0.0,7.6240000000000006,0.38789999999999997,8.0119,8.0095
1760,0.2243,0.0034,0.2277,0.041,0.9850680720245937,0.014931927975406234,12.1104,2.0678,27.1104,15.0,0.0,0.0,0.0,27.1104,2.0678,29.178199999999997,29.177
1761,0.1788,0.013,0.1918,0.0345,0.9322210636079249,0.06777893639207508,9.7776,8.212,18.7772,8.9996,0.0,0.0,0.0,18.777199999999993,8.212000000000002,26.989199999999997,26.9876
1762,0.3066,0.0,0.3066,0.0552,1.0,0.0,16.9824,0.0064,20.9825,4.0001,0.0,0.0,0.0,20.982499999999995,0.0064,20.988899999999994,20.984
1763,0.2828,0.0009,0.2838,0.0511,0.9964763918252291,0.003171247357293869,15.2724,0.6129,25.2725,10.0001,0.0,0.0,0.0,25.2725,0.6129,25.8854,25.8852
1764,0.1935,0.0,0.1936,0.0348,0.9994834710743802,0.0,11.148,0.0106,11.1473,0.0,0.0,0.0,0.0,11.147300000000001,0.0106,11.157900000000001,11.153
1765,0.0983,0.0002,0.0984,0.0177,0.9989837398373983,0.0020325203252032522,5.6604,0.1019,5.661,0.0006,0.0,0.0,0.0,5.6610000000000005,0.1019,5.7629,5.7593
1766,0.0836,0.0013,0.0849,0.0153,0.9846878680800941,0.015312131919905771,4.4592,0.7909,12.459,7.9998,0.0,0.0,0.0,12.459,0.7909000000000002,13.2499,13.2503
1767,0.1923,0.0088,0.2011,0.0362,0.9562406762804575,0.04375932371954252,10.3836,5.5573,34.3837,24.0001,0.0,0.0,0.0,34.383700000000005,5.557300000000001,39.941,40.442
1768,0.1184,0.0035,0.1219,0.0219,0.9712879409351929,0.02871205906480722,6.3936,2.4031,12.3933,5.9997,0.0,0.0,0.0,12.3933,2.4031000000000002,14.7964,14.8008
1769,0.3455,0.0005,0.346,0.0623,0.9985549132947977,0.0014450867052023123,19.6368,0.3141,22.6364,2.9996,0.0,0.0,0.0,22.636400000000002,0.3141,22.9505,22.9543
1770,0.1874,0.014,0.2014,0.0363,0.9304865938430984,0.06951340615690169,10.6548,8.8679,17.655,7.0002,0.0,0.0,0.0,17.654999999999998,8.8679,26.5229,27.5191
1771,0.2163,0.0,0.2164,0.0389,0.9995378927911275,0.0,12.4608,0.0155,12.4603,0.0,0.0,0.0,0.0,12.460299999999997,0.0155,12.475799999999996,12.471
1772,0.2838,0.0022,0.286,0.0515,0.9923076923076923,0.007692307692307694,15.9216,1.3145,19.9216,4.0,0.0,0.0,0.0,19.921599999999998,1.3145000000000002,21.236099999999997,21.2343
1773,0.2424,0.0005,0.243,0.0437,0.9975308641975309,0.00205761316872428,13.0908,0.3552,13.0908,0.0,0.0,0.0,0.0,13.090799999999998,0.35519999999999996,13.445999999999998,13.4479
1774,0.3548,0.0,0.3548,0.0639,1.0,0.0,18.6912,0.0179,18.6908,0.0,0.0,0.0,0.0,18.690800000000003,0.017900000000000003,18.708700000000004,18.7075
1775,0.2464,0.0003,0.2467,0.0444,0.9987839481151196,0.0012160518848804214,13.6476,0.1613,14.6469,0.9993,0.0,0.0,0.0,14.646899999999999,0.1613,14.8082,14.807
1776,0.1631,0.0053,0.1684,0.0303,0.9685273159144893,0.03147268408551069,8.9184,3.2438,14.9183,5.9999,0.0,0.0,0.0,14.918299999999999,3.2438000000000002,18.1621,18.1635
1777,0.2368,0.0037,0.2405,0.0433,0.9846153846153847,0.015384615384615385,12.786,2.3219,18.7862,6.0002,0.0,0.0,0.0,18.7862,2.3219,21.1081,21.1045
1778,0.3159,0.0003,0.3162,0.0569,0.9990512333965845,0.0009487666034155598,18.1956,0.1541,18.196,0.0004,0.0,0.0,0.0,18.196,0.15410000000000001,18.3501,18.3541
1779,0.2651,0.0005,0.2656,0.0478,0.9981174698795181,0.0018825301204819277,15.2724,0.3076,17.273,2.0006,0.0,0.0,0.0,17.273,0.3076,17.5806,17.582
1780,0.2071,0.0001,0.2071,0.0373,1.0,0.00048285852245292133,10.9092,0.0429,10.9091,0.0,0.0,0.0,0.0,10.909100000000002,0.042899999999999994,10.952000000000002,10.9552
1781,0.3179,0.0001,0.318,0.0572,0.999685534591195,0.00031446540880503143,17.8368,0.0435,17.8365,0.0,0.0,0.0,0.0,17.836499999999997,0.043500000000000004,17.88,17.8825
1782,0.1616,0.0139,0.1755,0.0316,0.9207977207977208,0.07920227920227921,8.7276,8.5712,33.7273,24.9997,0.0,0.0,0.0,33.7273,8.5712,42.2985,42.7938
1783,0.3066,0.0102,0.3168,0.057,0.9678030303030302,0.032196969696969696,16.9824,6.4757,33.9827,17.0003,0.0,0.0,0.0,33.982699999999994,6.4757,40.4584,40.9536
1784,0.1939,0.0008,0.1948,0.0351,0.9953798767967145,0.004106776180698152,11.322,0.521,17.3219,5.9999,0.0,0.0,0.0,17.321900000000003,0.521,17.842900000000004,17.8432
1785,0.1007,0.003,0.1037,0.0187,0.9710703953712633,0.02892960462873674,5.436,1.8818,11.4359,5.9999,0.0,0.0,0.0,11.435899999999998,1.8818,13.317699999999999,13.3191
1786,0.111,0.0,0.111,0.02,1.0,0.0,6.3936,0.0219,6.3929,0.0,0.0,0.0,0.0,6.392900000000001,0.021900000000000003,6.4148000000000005,6.411
1787,0.3238,0.003,0.3268,0.0588,0.9908200734394125,0.009179926560587515,18.1656,1.9687,30.166,12.0004,0.0,0.0,0.0,30.165999999999997,1.9687,32.134699999999995,32.1307
1788,0.0836,0.0209,0.1045,0.0188,0.7999999999999999,0.19999999999999998,4.4592,12.7634,24.459,19.9998,0.0,0.0,0.0,24.459000000000007,12.763399999999999,37.22240000000001,37.726
1789,0.339,0.0013,0.3403,0.0613,0.9961798413164855,0.003820158683514546,18.5364,0.8634,20.5365,2.0001,0.0,0.0,0.0,20.5365,0.8634000000000001,21.3999,21.9036
1790,0.2769,0.0,0.2769,0.0499,1.0,0.0,16.614,0.0289,16.6139,0.0,0.0,0.0,0.0,16.613899999999997,0.0289,16.642799999999998,16.6439
1791,0.2923,0.0002,0.2925,0.0526,0.9993162393162394,0.0006837606837606839,16.614,0.1333,17.614,1.0,0.0,0.0,0.0,17.613999999999997,0.1333,17.747299999999996,17.7503
1792,0.2503,0.0056,0.2559,0.0461,0.9781164517389606,0.021883548261039467,13.6884,3.5727,21.688,7.9996,0.0,0.0,0.0,21.687999999999995,3.5727,25.260699999999996,25.2611
1793,0.2338,0.0036,0.2374,0.0427,0.9848357203032856,0.015164279696714406,12.786,2.4074,28.7863,16.0003,0.0,0.0,0.0,28.7863,2.4074,31.1937,31.1942
1794,0.2831,0.0002,0.2833,0.051,0.999294034592305,0.0007059654076950229,16.308,0.1005,16.3077,0.0,0.0,0.0,0.0,16.3077,0.10049999999999998,16.4082,16.4061
1795,0.3151,0.0005,0.3156,0.0568,0.9984157160963245,0.0015842839036755388,17.454,0.3126,22.4546,5.0006,0.0,0.0,0.0,22.4546,0.31259999999999993,22.7672,22.7632
1796,0.3405,0.0003,0.3408,0.0613,0.9991197183098592,0.000880281690140845,18.8592,0.2086,22.8593,4.0001,0.0,0.0,0.0,22.8593,0.2086,23.0679,23.0692
1797,0.2433,0.005,0.2482,0.0447,0.9802578565672844,0.020145044319097503,13.6476,3.1539,24.6471,10.9995,0.0,0.0,0.0,24.6471,3.1538999999999997,27.801,28.3047
1798,0.251,0.0005,0.2515,0.0453,0.9980119284294234,0.001988071570576541,13.902,0.3237,13.9022,0.0002,0.0,0.0,0.0,13.9022,0.3237,14.225900000000001,14.2252
1799,0.2215,0.0001,0.2216,0.0399,0.999548736462094,0.0004512635379061372,12.1104,0.0623,14.1104,2.0,0.0,0.0,0.0,14.110399999999998,0.06230000000000001,14.172699999999999,14.1687
1800,0.1788,0.0025,0.1813,0.0326,0.9862107004964148,0.013789299503585218,9.7776,1.5042,21.7774,11.9998,0.0,0.0,0.0,21.777399999999993,1.5042,23.281599999999994,23.2842
1801,0.1232,0.0089,0.1321,0.0238,0.9326267978803937,0.06737320211960636,6.8232,5.3347,28.8237,22.0005,0.0,0.0,0.0,28.8237,5.3347,34.1584,34.1591
1802,0.2187,0.0063,0.225,0.0405,0.972,0.028,12.1104,4.0499,25.1106,13.0002,0.0,0.0,0.0,25.110599999999998,4.0499,29.1605,29.1649
1803,0.2114,0.0,0.2114,0.0381,1.0,0.0,10.872,0.023,11.8716,0.9996,0.0,0.0,0.0,11.871600000000003,0.023,11.894600000000002,11.8908
1804,0.2173,0.0,0.2173,0.0391,1.0,0.0,11.7324,0.0262,13.7325,2.0001,0.0,0.0,0.0,13.732500000000002,0.0262,13.758700000000001,13.7631
1805,0.2333,0.0001,0.2334,0.042,0.9995715509854328,0.0004284490145672665,13.0908,0.0776,14.0908,1.0,0.0,0.0,0.0,14.090799999999998,0.0776,14.168399999999998,14.1721
1806,0.1258,0.0005,0.1263,0.0227,0.9960411718131433,0.003958828186856691,6.546,0.3367,10.5457,3.9997,0.0,0.0,0.0,10.545700000000002,0.3367,10.882400000000002,10.8839
1807,0.075,0.016,0.091,0.0164,0.8241758241758241,0.17582417582417584,4.2624,10.1579,18.262,13.9996,0.0,0.0,0.0,18.262,10.157899999999998,28.4199,28.9193
1808,0.3322,0.0062,0.3384,0.0609,0.9816784869976359,0.01832151300236407,18.1656,3.7649,64.166,46.0004,0.0,0.0,0.0,64.166,3.7649,67.9309,67.9346
1809,0.2542,0.0096,0.2638,0.0475,0.9636087945413192,0.03639120545868082,13.902,5.8945,35.902,22.0,0.0,0.0,0.0,35.902,5.894499999999999,41.7965,41.7969
1810,0.1154,0.0138,0.1293,0.0233,0.8924980665119877,0.10672853828306264,6.3936,9.099,19.393,12.9994,0.0,0.0,0.0,19.393,9.099,28.492,28.9902
1811,0.131,0.0,0.131,0.0236,1.0,0.0,7.0728,0.0295,9.0721,1.9993,0.0,0.0,0.0,9.072099999999999,0.029500000000000002,9.1016,9.1004
1812,0.0944,0.0007,0.0951,0.0171,0.992639327024185,0.007360672975814931,5.436,0.4385,8.4359,2.9999,0.0,0.0,0.0,8.4359,0.4385,8.8744,8.8706
1813,0.1616,0.0001,0.1617,0.0291,0.9993815708101421,0.0006184291898577612,9.4344,0.0531,11.4346,2.0002,0.0,0.0,0.0,11.434600000000003,0.05310000000000001,11.487700000000004,11.4916
1814,0.2726,0.0028,0.2753,0.0496,0.9901925172539049,0.010170722847802398,15.096,1.8055,28.0958,12.9998,0.0,0.0,0.0,28.095799999999993,1.8055,29.901299999999992,31.402
1815,0.1636,0.0156,0.1793,0.0323,0.9124372559955383,0.08700501952035694,8.7276,9.8625,34.7274,25.9998,0.0,0.0,0.0,34.727399999999996,9.8625,44.5899,45.5921
1816,0.2961,0.0004,0.2965,0.0534,0.9986509274873524,0.001349072512647555,16.614,0.2749,16.614,0.0,0.0,0.0,0.0,16.613999999999997,0.2749,16.888899999999996,16.8924
1817,0.302,0.0049,0.3069,0.0552,0.9840338872596937,0.01596611274030629,16.308,3.2441,58.3075,41.9995,0.0,0.0,0.0,58.307500000000005,3.2441,61.55160000000001,62.5562
1818,0.1216,0.0002,0.1219,0.0219,0.9975389663658737,0.0016406890894175555,6.8232,0.1525,6.8237,0.0005,0.0,0.0,0.0,6.8237,0.15249999999999997,6.9761999999999995,6.9734
1819,0.1851,0.0029,0.188,0.0338,0.9845744680851063,0.015425531914893617,10.3836,1.8049,29.3836,19.0,0.0,0.0,0.0,29.38360000000001,1.8049,31.18850000000001,31.6923
1820,0.1073,0.012,0.1193,0.0215,0.8994132439228835,0.10058675607711651,5.8668,7.7532,33.8665,27.9997,0.0,0.0,0.0,33.8665,7.7532,41.6197,43.6188
1821,0.1161,0.0184,0.1345,0.0242,0.8631970260223047,0.13680297397769517,6.6888,12.3877,41.6886,34.9998,0.0,0.0,0.0,41.6886,12.3877,54.0763,55.0759
1822,0.3184,0.0003,0.3187,0.0574,0.9990586758707249,0.0009413241292751804,16.9824,0.2009,16.9826,0.0002,0.0,0.0,0.0,16.9826,0.20090000000000002,17.183500000000002,17.1819
1823,0.1223,0.018,0.1403,0.0253,0.8717034925160371,0.12829650748396293,6.9516,12.3035,32.9513,25.9997,0.0,0.0,0.0,32.9513,12.303500000000001,45.2548,46.2546
1824,0.2693,0.0036,0.273,0.0491,0.9864468864468863,0.013186813186813185,14.9172,2.2678,32.9172,18.0,0.0,0.0,0.0,32.9172,2.2678000000000003,35.185,35.1839
1825,0.3361,0.005,0.3412,0.0614,0.9850527549824151,0.014654161781946073,18.8592,3.2982,37.8594,19.0002,0.0,0.0,0.0,37.85940000000001,3.2982000000000005,41.15760000000001,41.6579
1826,0.3285,0.0005,0.329,0.0592,0.9984802431610942,0.001519756838905775,18.1956,0.3017,18.1962,0.0006,0.0,0.0,0.0,18.1962,0.30169999999999997,18.4979,18.4977
1827,0.1136,0.0001,0.1138,0.0205,0.9982425307557119,0.0008787346221441125,6.546,0.0874,6.5454,0.0,0.0,0.0,0.0,6.545399999999999,0.0874,6.632799999999999,6.6281
1828,0.2966,0.0,0.2966,0.0534,1.0,0.0,16.2192,0.0143,16.2192,0.0,0.0,0.0,0.0,16.219199999999997,0.0143,16.233499999999996,16.2293
1829,0.3039,0.0046,0.3085,0.0555,0.9850891410048622,0.014910858995137763,17.0484,2.9676,33.0484,16.0,0.0,0.0,0.0,33.0484,2.9675999999999996,36.016,36.518
1830,0.2953,0.0036,0.2989,0.0538,0.9879558380729341,0.012044161927065908,16.1472,2.1862,21.1473,5.0001,0.0,0.0,0.0,21.147300000000005,2.1862,23.333500000000004,23.3305
1831,0.2279,0.0034,0.2313,0.0416,0.985300475572849,0.014699524427150884,12.786,2.2294,33.7862,21.0002,0.0,0.0,0.0,33.7862,2.2294,36.0156,38.0153
1832,0.2796,0.0032,0.2827,0.0509,0.9890343119915105,0.011319419879731164,15.096,1.9944,45.0958,29.9998,0.0,0.0,0.0,45.0958,1.9944000000000002,47.090199999999996,49.5906
1833,0.3004,0.0085,0.3089,0.0556,0.9724830042084817,0.02751699579151829,16.2192,5.4538,40.2192,24.0,0.0,0.0,0.0,40.219199999999994,5.4538,45.672999999999995,46.6713
1834,0.1476,0.0001,0.1477,0.0266,0.9993229519295871,0.0006770480704129994,8.0736,0.0299,8.0737,0.0001,0.0,0.0,0.0,8.073699999999999,0.0299,8.103599999999998,8.1
1835,0.242,0.0007,0.2427,0.0437,0.9971157807993407,0.00288421920065925,14.1288,0.4267,22.129,8.0002,0.0,0.0,0.0,22.128999999999998,0.42669999999999997,22.555699999999998,23.5605
1836,0.0788,0.0042,0.083,0.0149,0.9493975903614457,0.05060240963855421,4.3632,2.6143,25.3635,21.0003,0.0,0.0,0.0,25.363500000000002,2.6142999999999996,27.977800000000002,27.9764
1837,0.0757,0.0,0.0757,0.0136,1.0,0.0,4.0368,0.0084,4.0368,0.0,0.0,0.0,0.0,4.0367999999999995,0.0084,4.0451999999999995,4.0411
1838,0.197,0.0019,0.1988,0.0358,0.9909456740442656,0.009557344064386318,10.9092,1.1477,11.9091,0.9999,0.0,0.0,0.0,11.909100000000002,1.1477,13.056800000000003,13.559
1839,0.2453,0.013,0.2583,0.0465,0.9496709252806814,0.05032907471931863,14.1288,7.7993,44.1288,30.0,0.0,0.0,0.0,44.1288,7.7993,51.9281,53.4303
1840,0.1944,0.0088,0.2033,0.0366,0.9562223315297589,0.04328578455484506,10.9092,5.4147,35.9091,24.9999,0.0,0.0,0.0,35.9091,5.4147,41.323800000000006,42.3197
1841,0.2119,0.0001,0.2119,0.0381,1.0,0.00047192071731949034,11.5848,0.0394,11.5851,0.0003,0.0,0.0,0.0,11.585100000000002,0.0394,11.624500000000003,11.6262
1842,0.1818,0.0001,0.182,0.0328,0.9989010989010989,0.0005494505494505495,10.9092,0.0858,11.9091,0.9999,0.0,0.0,0.0,11.909100000000002,0.08580000000000002,11.994900000000003,11.9987
1843,0.2018,0.0051,0.2069,0.0372,0.9753504108264862,0.024649589173513776,11.322,3.2824,41.3219,29.9999,0.0,0.0,0.0,41.3219,3.2824000000000004,44.6043,44.5994
1844,0.3669,0.0001,0.367,0.0661,0.9997275204359674,0.00027247956403269756,20.0652,0.0437,20.0657,0.0005,0.0,0.0,0.0,20.0657,0.0437,20.1094,20.106
1845,0.0716,0.0001,0.0717,0.0129,0.9986052998605299,0.0013947001394700141,3.774,0.0359,9.774,6.0,0.0,0.0,0.0,9.774000000000001,0.0359,9.8099,9.8139
1846,0.2096,0.0005,0.2101,0.0378,0.9976201808662541,0.002379819133745835,10.9092,0.3047,24.9092,14.0,0.0,0.0,0.0,24.909199999999995,0.3047,25.213899999999995,25.2187
1847,0.207,0.0057,0.2127,0.0383,0.9732016925246826,0.02679830747531735,11.322,3.7091,38.322,27.0,0.0,0.0,0.0,38.322,3.7091,42.0311,42.0268
1848,0.3033,0.0026,0.3058,0.0551,0.9918247220405494,0.008502289077828646,18.1956,1.6108,27.1964,9.0008,0.0,0.0,0.0,27.196400000000008,1.6108,28.80720000000001,29.309
1849,0.2542,0.0,0.2542,0.0458,1.0,0.0,13.902,0.0127,13.9023,0.0003,0.0,0.0,0.0,13.9023,0.0127,13.915000000000001,14.4108
1850,0.2953,0.0,0.2953,0.0532,1.0,0.0,16.1472,0.0088,16.1473,0.0001,0.0,0.0,0.0,16.147299999999998,0.0088,16.1561,16.1513
1851,0.1107,0.0008,0.1116,0.0201,0.9919354838709677,0.007168458781362007,6.0552,0.5332,22.0552,16.0,0.0,0.0,0.0,22.0552,0.5332,22.5884,22.5911
1852,0.2584,0.0004,0.2587,0.0466,0.9988403556242753,0.0015461925009663704,14.1288,0.227,17.1291,3.0003,0.0,0.0,0.0,17.1291,0.22699999999999998,17.3561,17.3531
1853,0.2215,0.0112,0.2326,0.0419,0.9522785898538263,0.04815133276010318,12.1104,7.4419,47.1105,35.0001,0.0,0.0,0.0,47.1105,7.4418999999999995,54.5524,56.5546
1854,0.2764,0.0003,0.2768,0.0498,0.9985549132947976,0.001083815028901734,15.9216,0.1995,21.9214,5.9998,0.0,0.0,0.0,21.9214,0.1995,22.1209,22.125
1855,0.3419,0.0021,0.344,0.0619,0.9938953488372093,0.006104651162790698,19.1796,1.3031,41.1793,21.9997,0.0,0.0,0.0,41.179300000000005,1.3031,42.482400000000005,42.9822
1856,0.2838,0.0095,0.2932,0.0528,0.9679399727148703,0.03240109140518417,15.9216,5.5797,43.9216,28.0,0.0,0.0,0.0,43.9216,5.5797,49.5013,49.9984
1857,0.333,0.0,0.333,0.0599,1.0,0.0,19.1796,0.0193,23.1793,3.9997,0.0,0.0,0.0,23.179300000000005,0.0193,23.198600000000006,23.1992
1858,0.2027,0.0109,0.2136,0.0384,0.9489700374531834,0.05102996254681648,11.3724,6.6962,29.3725,18.0001,0.0,0.0,0.0,29.372500000000006,6.696199999999999,36.06870000000001,37.5718
1859,0.4076,0.0006,0.4082,0.0735,0.9985301322880941,0.0014698677119059282,21.2172,0.3479,26.2168,4.9996,0.0,0.0,0.0,26.2168,0.34790000000000004,26.5647,26.5601
1860,0.2097,0.0002,0.2098,0.0378,0.9995233555767398,0.0009532888465204958,11.322,0.095,11.3216,0.0,0.0,0.0,0.0,11.321600000000002,0.095,11.416600000000003,11.4123
1861,0.2303,0.0,0.2303,0.0415,1.0,0.0,13.0908,0.009,15.0911,2.0003,0.0,0.0,0.0,15.091099999999997,0.009000000000000001,15.100099999999998,15.0961
1862,0.3484,0.0003,0.3486,0.0628,0.9994262765347102,0.0008605851979345954,20.0652,0.179,23.0656,3.0004,0.0,0.0,0.0,23.0656,0.17900000000000005,23.2446,23.247
1863,0.1261,0.0043,0.1303,0.0235,0.9677666922486569,0.03300076745970837,7.0728,2.802,24.0724,16.9996,0.0,0.0,0.0,24.072400000000005,2.802,26.874400000000005,27.3695
1864,0.2691,0.0002,0.2692,0.0485,0.99962852897474,0.0007429420505200595,15.096,0.1008,16.0957,0.9997,0.0,0.0,0.0,16.095699999999997,0.10079999999999999,16.196499999999997,16.1953
1865,0.15,0.002,0.1519,0.0273,0.9874917709019091,0.013166556945358789,8.5236,1.2246,30.5244,22.0008,0.0,0.0,0.0,30.5244,1.2246,31.749,31.7481
1866,0.1652,0.0,0.1652,0.0297,1.0,0.0,8.9184,0.0206,8.918,0.0,0.0,0.0,0.0,8.918,0.020600000000000004,8.9386,8.9416
1867,0.2253,0.0001,0.2254,0.0406,0.9995563442768413,0.00044365572315882877,11.5848,0.0832,15.5853,4.0005,0.0,0.0,0.0,15.585300000000002,0.08320000000000001,15.668500000000002,15.6662
1868,0.3243,0.0,0.3243,0.0584,1.0,0.0,18.1956,0.0114,19.196,1.0004,0.0,0.0,0.0,19.196,0.011399999999999999,19.2074,19.2059
1869,0.1874,0.0037,0.1911,0.0344,0.9806384092098379,0.019361590790162222,10.6548,2.3271,27.6551,17.0003,0.0,0.0,0.0,27.6551,2.3270999999999997,29.9822,30.4797
1870,0.2308,0.0001,0.2308,0.0415,1.0,0.00043327556325823227,12.4608,0.0345,12.4604,0.0,0.0,0.0,0.0,12.460399999999996,0.0345,12.494899999999996,12.4965
1871,0.1697,0.0003,0.17,0.0306,0.9982352941176469,0.0017647058823529408,8.7276,0.187,10.727,1.9994,0.0,0.0,0.0,10.726999999999999,0.18699999999999997,10.913999999999998,11.4107
1872,0.1495,0.0002,0.1497,0.027,0.9986639946559785,0.0013360053440213762,8.0736,0.1451,8.0737,0.0001,0.0,0.0,0.0,8.073699999999999,0.1451,8.218799999999998,8.2144
1873,0.3022,0.0,0.3023,0.0544,0.9996692027786966,0.0,15.9216,0.0256,16.9215,0.9999,0.0,0.0,0.0,16.9215,0.025599999999999998,16.947100000000002,16.9437
1874,0.1364,0.0001,0.1365,0.0246,0.9992673992673992,0.0007326007326007326,8.0736,0.0581,9.0737,1.0001,0.0,0.0,0.0,9.0737,0.0581,9.1318,9.1324
1875,0.1984,0.0099,0.2083,0.0375,0.9524723955832932,0.04752760441670668,11.5848,6.3188,21.5856,10.0008,0.0,0.0,0.0,21.585599999999996,6.3187999999999995,27.904399999999995,27.9047
1876,0.1681,0.0021,0.1702,0.0306,0.9876615746180964,0.012338425381903642,9.4296,1.452,22.4296,13.0,0.0,0.0,0.0,22.429600000000008,1.452,23.881600000000006,24.3786
1877,0.3179,0.0005,0.3184,0.0573,0.9984296482412061,0.0015703517587939697,17.8368,0.3104,21.8364,3.9996,0.0,0.0,0.0,21.836399999999998,0.3104,22.1468,22.1494
1878,0.073,0.0001,0.0731,0.0132,0.9986320109439124,0.0013679890560875515,4.2624,0.0321,6.262,1.9996,0.0,0.0,0.0,6.2620000000000005,0.032100000000000004,6.2941,6.2947
1879,0.3536,0.0171,0.3707,0.0667,0.9538710547612627,0.04612894523873753,18.8592,10.5634,29.8593,11.0001,0.0,0.0,0.0,29.8593,10.5634,40.4227,41.4259
1880,0.1152,0.0001,0.1153,0.0207,0.9991326973113617,0.0008673026886383349,6.546,0.0686,11.5456,4.9996,0.0,0.0,0.0,11.545600000000004,0.0686,11.614200000000004,11.619
1881,0.1048,0.0002,0.105,0.0189,0.9980952380952381,0.001904761904761905,5.6604,0.124,5.6611,0.0007,0.0,0.0,0.0,5.6611,0.12400000000000001,5.7851,5.7888
1882,0.2118,0.0007,0.2125,0.0383,0.9967058823529411,0.0032941176470588237,11.7324,0.4508,13.7327,2.0003,0.0,0.0,0.0,13.732700000000001,0.45080000000000003,14.1835,14.1865
1883,0.3224,0.0004,0.3227,0.0581,0.9990703439727302,0.0012395413696932136,16.9824,0.221,18.9827,2.0003,0.0,0.0,0.0,18.982699999999998,0.221,19.203699999999998,19.2013
1884,0.1924,0.0161,0.2085,0.0375,0.9227817745803357,0.07721822541966428,10.6548,10.5854,28.6553,18.0005,0.0,0.0,0.0,28.6553,10.5854,39.240700000000004,39.2435
1885,0.0837,0.0001,0.0837,0.0151,1.0,0.0011947431302270013,4.6344,0.0453,4.6343,0.0,0.0,0.0,0.0,4.6343,0.04530000000000001,4.6796,4.6824
1886,0.2464,0.0002,0.2467,0.0444,0.9987839481151196,0.0008107012565869477,13.6476,0.1529,13.647,0.0,0.0,0.0,0.0,13.646999999999998,0.1529,13.7999,13.7957
1887,0.1073,0.0055,0.1127,0.0203,0.9520851818988466,0.048802129547471165,5.8668,3.3731,12.866,6.9992,0.0,0.0,0.0,12.865999999999998,3.3730999999999995,16.239099999999997,16.7371
1888,0.2961,0.0,0.2961,0.0533,1.0,0.0,16.614,0.0083,16.614,0.0,0.0,0.0,0.0,16.613999999999997,0.0083,16.622299999999996,16.6231
1889,0.3197,0.0,0.3197,0.0575,1.0,0.0,17.0484,0.0203,17.0481,0.0,0.0,0.0,0.0,17.0481,0.0203,17.0684,17.0678
1890,0.2656,0.0007,0.2663,0.0479,0.997371385655276,0.0026286143447239955,15.096,0.44,15.0959,0.0,0.0,0.0,0.0,15.095899999999997,0.44,15.535899999999996,15.5346
1891,0.1576,0.0175,0.1751,0.0315,0.9000571102227298,0.09994288977727014,8.7276,11.0563,11.7274,2.9998,0.0,0.0,0.0,11.7274,11.0563,22.7837,22.7872
1892,0.1467,0.0,0.1467,0.0264,1.0,0.0,7.8216,0.0081,7.8216,0.0,0.0,0.0,0.0,7.821599999999999,0.0081,7.829699999999999,7.8341
1893,0.3554,0.0001,0.3555,0.064,0.99971870604782,0.00028129395218002813,20.4708,0.0437,20.4705,0.0,0.0,0.0,0.0,20.470499999999998,0.0437,20.5142,20.5112
1894,0.1439,0.0158,0.1597,0.0287,0.9010644959298685,0.0989355040701315,8.0736,9.2347,22.0736,14.0,0.0,0.0,0.0,22.0736,9.234699999999997,31.308299999999996,31.3066
1895,0.0851,0.0,0.0852,0.0153,0.9988262910798121,0.0,4.7148,0.0259,4.7149,0.0001,0.0,0.0,0.0,4.7149,0.025900000000000003,4.7408,4.7374
1896,0.339,0.0089,0.3479,0.0626,0.97441793618856,0.02558206381144007,18.5364,5.6007,19.5364,1.0,0.0,0.0,0.0,19.5364,5.600700000000001,25.1371,25.1411
1897,0.2385,0.0056,0.2441,0.0439,0.9770585825481359,0.02294141745186399,13.2084,3.489,25.2089,12.0005,0.0,0.0,0.0,25.2089,3.4890000000000003,28.6979,28.6981
1898,0.202,0.0006,0.2026,0.0365,0.9970384995064167,0.002961500493583415,10.9092,0.3522,10.9089,0.0,0.0,0.0,0.0,10.908900000000003,0.35219999999999996,11.261100000000003,11.2634
1899,0.1556,0.0081,0.1637,0.0295,0.9505192425167989,0.04948075748320097,8.7276,4.9765,18.7273,9.9997,0.0,0.0,0.0,18.7273,4.976500000000001,23.7038,23.7032
1900,0.3601,0.0083,0.3684,0.0663,0.9774701411509228,0.02252985884907709,20.4708,5.1639,32.4707,11.9999,0.0,0.0,0.0,32.470699999999994,5.1639,37.63459999999999,37.6355
1901,0.22,0.0003,0.2203,0.0397,0.9986382206082615,0.0013617793917385383,11.7324,0.213,11.7325,0.0001,0.0,0.0,0.0,11.732500000000002,0.21299999999999997,11.945500000000001,11.9486
1902,0.1264,0.0001,0.1265,0.0228,0.999209486166008,0.0007905138339920949,6.8232,0.0931,6.8233,0.0001,0.0,0.0,0.0,6.8233,0.09309999999999999,6.916399999999999,6.9158
1903,0.1182,0.0005,0.1186,0.0214,0.9966273187183812,0.0042158516020236085,6.546,0.2931,6.5455,0.0,0.0,0.0,0.0,6.545499999999999,0.29309999999999997,6.838599999999999,6.8342
1904,0.2376,0.0004,0.238,0.0428,0.9983193277310926,0.0016806722689075631,13.6884,0.2288,14.6879,0.9995,0.0,0.0,0.0,14.687899999999999,0.2288,14.916699999999999,14.9205
1905,0.1995,0.0,0.1995,0.0359,1.0,0.0,10.9092,0.0228,10.9091,0.0,0.0,0.0,0.0,10.909100000000002,0.0228,10.931900000000002,10.9277
1906,0.0788,0.0,0.0788,0.0142,1.0,0.0,4.3632,0.0096,4.3637,0.0005,0.0,0.0,0.0,4.363700000000001,0.009600000000000001,4.3733,4.3769
1907,0.0788,0.003,0.0819,0.0147,0.9621489621489621,0.03663003663003663,4.1532,1.9428,13.1533,9.0001,0.0,0.0,0.0,13.153299999999998,1.9427999999999999,15.096099999999998,15.0923
1908,0.2793,0.0004,0.2797,0.0503,0.9985698963174829,0.0014301036825169824,15.2724,0.24,17.273,2.0006,0.0,0.0,0.0,17.273,0.24000000000000002,17.512999999999998,17.5119
1909,0.1596,0.0034,0.163,0.0293,0.9791411042944784,0.02085889570552147,8.7276,2.1786,10.7272,1.9996,0.0,0.0,0.0,10.7272,2.1786000000000003,12.9058,12.9047
1910,0.2128,0.0,0.2129,0.0383,0.9995302959135743,0.0,11.7876,0.012,11.7869,0.0,0.0,0.0,0.0,11.786900000000001,0.011999999999999999,11.798900000000001,11.7947
1911,0.2433,0.0,0.2433,0.0438,1.0,0.0,13.6476,0.0119,13.647,0.0,0.0,0.0,0.0,13.646999999999998,0.011899999999999999,13.6589,13.6591
1912,0.3118,0.002,0.3138,0.0565,0.9936265137029955,0.006373486297004461,17.0484,1.238,21.0481,3.9997,0.0,0.0,0.0,21.0481,1.238,22.2861,23.2887
1913,0.0821,0.0003,0.0825,0.0148,0.9951515151515152,0.003636363636363636,4.5492,0.202,4.5491,0.0,0.0,0.0,0.0,4.549100000000001,0.202,4.751100000000001,4.7501
1914,0.2478,0.0235,0.2713,0.0488,0.9133800221157391,0.08661997788426097,13.902,14.411,28.9024,15.0004,0.0,0.0,0.0,28.9024,14.411,43.3134,43.3129
1915,0.1519,0.0131,0.165,0.0297,0.9206060606060606,0.07939393939393939,8.5236,8.217,9.5239,1.0003,0.0,0.0,0.0,9.523900000000001,8.217,17.740900000000003,18.241
1916,0.0673,0.0121,0.0793,0.0143,0.8486759142496848,0.15258511979823455,3.774,7.4305,26.7738,22.9998,0.0,0.0,0.0,26.773799999999994,7.430499999999999,34.204299999999996,34.7061
1917,0.2673,0.0,0.2674,0.0481,0.9996260284218398,0.0,15.6072,0.0118,16.6068,0.9996,0.0,0.0,0.0,16.6068,0.0118,16.6186,16.6205
1918,0.2192,0.0005,0.2197,0.0395,0.9977241693218024,0.002275830678197542,12.4608,0.2972,12.4604,0.0,0.0,0.0,0.0,12.460399999999996,0.2972,12.757599999999996,12.7535
1919,0.2828,0.0003,0.2831,0.051,0.9989403037795831,0.0010596962204168137,15.2724,0.1752,16.2728,1.0004,0.0,0.0,0.0,16.2728,0.17520000000000002,16.448,16.4527
1920,0.1169,0.0034,0.1203,0.0217,0.971737323358271,0.028262676641729007,6.3936,2.2111,24.3928,17.9992,0.0,0.0,0.0,24.3928,2.2110999999999996,26.6039,26.6061
1921,0.0716,0.0,0.0717,0.0129,0.9986052998605299,0.0,3.774,0.0139,3.7738,0.0,0.0,0.0,0.0,3.7737999999999996,0.013900000000000001,3.7876999999999996,3.7911
1922,0.2415,0.0001,0.2416,0.0435,0.9995860927152317,0.0004139072847682119,13.2084,0.059,14.2086,1.0002,0.0,0.0,0.0,14.208599999999999,0.059,14.267599999999998,14.2719
1923,0.2617,0.0025,0.2642,0.0476,0.9905374716124148,0.009462528387585163,14.496,1.6104,16.4959,1.9999,0.0,0.0,0.0,16.4959,1.6104000000000003,18.106299999999997,18.1026
1924,0.2263,0.0003,0.2266,0.0408,0.9986760812003531,0.0013239187996469549,13.2084,0.2099,13.2089,0.0005,0.0,0.0,0.0,13.2089,0.2099,13.4188,13.4211
1925,0.1699,0.0026,0.1725,0.031,0.9849275362318841,0.015072463768115942,9.06,1.616,18.0597,8.9997,0.0,0.0,0.0,18.059699999999996,1.6159999999999999,19.675699999999996,19.6726
1926,0.1538,0.0016,0.1554,0.028,0.9897039897039895,0.010296010296010296,8.3064,1.0654,13.3067,5.0003,0.0,0.0,0.0,13.3067,1.0654000000000001,14.3721,14.8684
1927,0.1811,0.0061,0.1871,0.0337,0.9679315873864245,0.032602886157135226,9.7776,3.8622,31.7775,21.9999,0.0,0.0,0.0,31.777499999999996,3.8622000000000005,35.6397,36.1399
1928,0.1035,0.0,0.1035,0.0186,1.0,0.0,5.6604,0.0066,6.6608,1.0004,0.0,0.0,0.0,6.660800000000001,0.006600000000000001,6.667400000000001,6.6642
1929,0.2846,0.0002,0.2848,0.0513,0.9992977528089888,0.000702247191011236,16.614,0.1513,17.614,1.0,0.0,0.0,0.0,17.613999999999997,0.1513,17.765299999999996,17.7677
1930,0.0754,0.0,0.0754,0.0136,1.0,0.0,4.4592,0.0181,4.4589,0.0,0.0,0.0,0.0,4.4589,0.018099999999999998,4.476999999999999,4.4796
1931,0.1184,0.0002,0.1186,0.0214,0.9983136593591906,0.0016863406408094436,6.3936,0.1446,6.3931,0.0,0.0,0.0,0.0,6.3931000000000004,0.14459999999999998,6.5377,6.5414
1932,0.3427,0.0001,0.3428,0.0617,0.9997082847141191,0.0002917152858809802,17.8368,0.0408,17.836,0.0,0.0,0.0,0.0,17.836,0.040799999999999996,17.8768,17.8807
1933,0.2923,0.001,0.2933,0.0528,0.9965905216501875,0.0034094783498124785,16.614,0.5984,24.614,8.0,0.0,0.0,0.0,24.613999999999997,0.5984,25.2124,25.2089
1934,0.2944,0.0,0.2945,0.053,0.9996604414261461,0.0,16.308,0.012,18.3073,1.9993,0.0,0.0,0.0,18.307299999999998,0.011999999999999999,18.3193,18.3214
1935,0.1609,0.0021,0.163,0.0293,0.9871165644171778,0.012883435582822084,9.2688,1.3854,24.2685,14.9997,0.0,0.0,0.0,24.268500000000007,1.3854,25.653900000000007,25.6498
1936,0.1503,0.0001,0.1504,0.0271,0.9993351063829786,0.0006648936170212766,7.8216,0.0612,7.8217,0.0001,0.0,0.0,0.0,7.8217,0.0612,7.8829,7.8875
1937,0.339,0.0,0.339,0.061,1.0,0.0,18.5364,0.0251,18.5364,0.0,0.0,0.0,0.0,18.5364,0.025099999999999997,18.5615,18.5653
1938,0.0729,0.0068,0.0796,0.0143,0.9158291457286433,0.08542713567839195,4.0368,4.1585,22.0369,18.0001,0.0,0.0,0.0,22.036900000000006,4.1585,26.195400000000006,26.1986
1939,0.2053,0.0001,0.2054,0.037,0.9995131450827653,0.0004868549172346641,11.3724,0.0546,11.3725,0.0001,0.0,0.0,0.0,11.372499999999997,0.0546,11.427099999999998,11.425
1940,0.2486,0.0001,0.2487,0.0448,0.9995979091274627,0.0004020908725371934,12.786,0.0431,12.7862,0.0002,0.0,0.0,0.0,12.786200000000001,0.043100000000000006,12.829300000000002,12.8332
1941,0.0873,0.0002,0.0875,0.0157,0.9977142857142858,0.002285714285714286,4.7148,0.1147,4.7149,0.0001,0.0,0.0,0.0,4.7149,0.11469999999999998,4.8296,4.832
1942,0.1111,0.0002,0.1112,0.02,0.9991007194244605,0.0017985611510791368,6.2304,0.132,6.2303,0.0,0.0,0.0,0.0,6.230299999999999,0.13199999999999998,6.3622999999999985,6.8582
1943,0.3274,0.0,0.3274,0.0589,1.0,0.0,18.8592,0.0223,18.8593,0.0001,0.0,0.0,0.0,18.8593,0.0223,18.881600000000002,18.8809
1944,0.1987,0.009,0.2077,0.0374,0.9566682715454983,0.043331728454501686,11.148,6.0097,22.1475,10.9995,0.0,0.0,0.0,22.147499999999997,6.009699999999999,28.157199999999996,29.6606
1945,0.0982,0.0006,0.0987,0.0178,0.9949341438703141,0.0060790273556231,5.436,0.4,5.4358,0.0,0.0,0.0,0.0,5.4358,0.4,5.835800000000001,5.8378
1946,0.1846,0.0083,0.1929,0.0347,0.9569725246241576,0.04302747537584241,10.092,5.4471,40.0921,30.0001,0.0,0.0,0.0,40.0921,5.447100000000001,45.5392,46.544
1947,0.202,0.0034,0.2054,0.037,0.9834469328140215,0.016553067185978577,10.9092,2.2136,16.9091,5.9999,0.0,0.0,0.0,16.9091,2.2136000000000005,19.1227,19.1263
1948,0.2215,0.0002,0.2217,0.0399,0.9990978800180423,0.0009021199819576004,12.1104,0.1175,12.1105,0.0001,0.0,0.0,0.0,12.1105,0.11750000000000001,12.228,12.233
1949,0.1481,0.0055,0.1535,0.0276,0.9648208469055375,0.03583061889250814,8.3064,3.4353,18.3071,10.0007,0.0,0.0,0.0,18.3071,3.4353000000000002,21.7424,21.7399
1950,0.3285,0.0135,0.342,0.0616,0.9605263157894737,0.039473684210526314,18.1956,8.5837,32.1962,14.0006,0.0,0.0,0.0,32.196200000000005,8.5837,40.779900000000005,41.2776
1951,0.2854,0.0001,0.2855,0.0514,0.9996497373029772,0.00035026269702276714,15.6072,0.0857,15.6068,0.0,0.0,0.0,0.0,15.606799999999996,0.08570000000000001,15.692499999999995,15.6944
1952,0.1232,0.0003,0.1235,0.0222,0.9975708502024292,0.00242914979757085,6.8232,0.1981,10.8234,4.0002,0.0,0.0,0.0,10.8234,0.19809999999999994,11.0215,11.0261
1953,0.2046,0.0002,0.2048,0.0369,0.9990234375,0.0009765625,11.7876,0.0949,17.787,5.9994,0.0,0.0,0.0,17.787,0.09489999999999998,17.881899999999998,17.8816
1954,0.3038,0.0,0.3038,0.0547,1.0,0.0,16.614,0.0181,16.6137,0.0,0.0,0.0,0.0,16.613699999999998,0.018099999999999998,16.6318,16.6333
1955,0.2758,0.0009,0.2767,0.0498,0.9967473798337549,0.0032526201662450307,15.2724,0.6269,17.2726,2.0002,0.0,0.0,0.0,17.2726,0.6269,17.8995,17.9041
1956,0.1061,0.0,0.1061,0.0191,1.0,0.0,5.6604,0.0063,5.6609,0.0005,0.0,0.0,0.0,5.660900000000001,0.0063,5.667200000000001,5.6681
1957,0.2524,0.0009,0.2533,0.0456,0.9964469009080141,0.003553099091985787,14.5368,0.5285,16.5371,2.0003,0.0,0.0,0.0,16.5371,0.5285000000000001,17.0656,18.0637
1958,0.084,0.0,0.0841,0.0151,0.9988109393579074,0.0,4.7148,0.0124,4.7151,0.0003,0.0,0.0,0.0,4.7151000000000005,0.0124,4.727500000000001,4.7275
1959,0.1228,0.0014,0.1242,0.0224,0.9887278582930757,0.011272141706924315,7.0728,0.8155,15.0721,7.9993,0.0,0.0,0.0,15.072099999999999,0.8155000000000001,15.887599999999999,15.8882
1960,0.1538,0.0002,0.154,0.0277,0.9987012987012986,0.0012987012987012987,8.3064,0.1369,8.3068,0.0004,0.0,0.0,0.0,8.3068,0.1369,8.443700000000002,8.4471
1961,0.2687,0.0081,0.2768,0.0498,0.9707369942196532,0.02926300578034682,15.2724,4.7907,20.273,5.0006,0.0,0.0,0.0,20.273000000000003,4.7907,25.063700000000004,26.0627
1962,0.1309,0.0008,0.1316,0.0237,0.9946808510638298,0.006079027355623101,7.248,0.5262,17.248,10.0,0.0,0.0,0.0,17.247999999999998,0.5262,17.774199999999997,17.7697
1963,0.1939,0.0,0.194,0.0349,0.9994845360824741,0.0,11.322,0.0233,11.3218,0.0,0.0,0.0,0.0,11.321800000000001,0.023300000000000005,11.345100000000002,11.3455
1964,0.1019,0.0003,0.1022,0.0184,0.9970645792563602,0.0029354207436399216,5.436,0.197,5.4358,0.0,0.0,0.0,0.0,5.4358,0.19699999999999995,5.6328000000000005,5.6307
1965,0.3137,0.0121,0.3258,0.0586,0.9628606507059546,0.03713934929404543,17.5992,8.0083,32.5988,14.9996,0.0,0.0,0.0,32.5988,8.008299999999998,40.607099999999996,42.1087
1966,0.0826,0.017,0.0997,0.0179,0.8284854563691074,0.17051153460381147,4.6344,10.9696,17.634,12.9996,0.0,0.0,0.0,17.633999999999997,10.969600000000002,28.6036,28.6052
1967,0.1601,0.0002,0.1602,0.0288,0.9993757802746566,0.0012484394506866417,9.0984,0.0986,9.0981,0.0,0.0,0.0,0.0,9.098100000000002,0.0986,9.196700000000002,9.1993
1968,0.339,0.0046,0.3436,0.0618,0.9866123399301514,0.01338766006984866,18.5364,2.9239,25.5364,7.0,0.0,0.0,0.0,25.536399999999997,2.9239,28.460299999999997,28.4612
1969,0.0873,0.0002,0.0875,0.0157,0.9977142857142858,0.002285714285714286,4.7148,0.0894,4.7148,0.0,0.0,0.0,0.0,4.7148,0.0894,4.804200000000001,4.805
1970,0.0681,0.0057,0.0738,0.0133,0.9227642276422763,0.07723577235772358,3.774,3.4008,16.774,13.0,0.0,0.0,0.0,16.773999999999997,3.4008000000000003,20.174799999999998,20.6744
1971,0.1664,0.0197,0.1861,0.0335,0.8941429339065019,0.10585706609349813,9.0984,12.3527,15.0978,5.9994,0.0,0.0,0.0,15.097800000000003,12.352699999999999,27.4505,27.4534
1972,0.2878,0.0,0.2878,0.0518,1.0,0.0,16.1472,0.0161,16.1472,0.0,0.0,0.0,0.0,16.147199999999998,0.0161,16.1633,16.1674
1973,0.1846,0.0,0.1846,0.0332,1.0,0.0,10.092,0.0182,10.0921,0.0001,0.0,0.0,0.0,10.0921,0.018199999999999997,10.1103,10.1147
1974,0.0697,0.0,0.0698,0.0126,0.998567335243553,0.0,3.9108,0.0287,3.9109,0.0001,0.0,0.0,0.0,3.9109,0.0287,3.9396,3.944
1975,0.2607,0.0,0.2607,0.0469,1.0,0.0,13.902,0.0102,13.9024,0.0004,0.0,0.0,0.0,13.9024,0.010199999999999997,13.9126,13.9078
1976,0.3304,0.0195,0.3499,0.063,0.9442697913689627,0.05573020863103744,18.5364,12.0049,25.5364,7.0,0.0,0.0,0.0,25.536399999999993,12.004900000000001,37.54129999999999,38.5438
1977,0.2001,0.0003,0.2004,0.0361,0.9985029940119761,0.001497005988023952,11.3724,0.1953,12.3727,1.0003,0.0,0.0,0.0,12.372699999999998,0.19529999999999997,12.567999999999998,12.5719
1978,0.1899,0.0182,0.2081,0.0375,0.9125420470927439,0.08745795290725612,10.3836,11.0212,15.3838,5.0002,0.0,0.0,0.0,15.383799999999999,11.0212,26.405,26.9013
1979,0.131,0.0012,0.1322,0.0238,0.9909228441754916,0.00907715582450832,7.0728,0.774,7.0721,0.0,0.0,0.0,0.0,7.072100000000001,0.774,7.846100000000001,7.843
1980,0.1601,0.0001,0.1601,0.0288,1.0,0.0006246096189881325,9.0984,0.0486,9.0982,0.0,0.0,0.0,0.0,9.098200000000002,0.048600000000000004,9.146800000000002,9.1453
1981,0.2598,0.0007,0.2606,0.0469,0.9969301611665387,0.002686108979278588,13.6884,0.4337,15.6883,1.9999,0.0,0.0,0.0,15.6883,0.43370000000000003,16.122,16.1242
1982,0.1048,0.0008,0.1056,0.019,0.9924242424242424,0.007575757575757576,5.6604,0.4816,5.6607,0.0003,0.0,0.0,0.0,5.660700000000001,0.48160000000000003,6.142300000000001,6.1407
1983,0.2587,0.0002,0.2588,0.0466,0.9996136012364761,0.0007727975270479135,14.1444,0.0949,15.1444,1.0,0.0,0.0,0.0,15.144399999999997,0.09489999999999998,15.239299999999997,15.2413
1984,0.1009,0.0006,0.1015,0.0183,0.9940886699507389,0.005911330049261082,5.6604,0.4305,9.6611,4.0007,0.0,0.0,0.0,9.661100000000001,0.43049999999999994,10.091600000000001,10.087
1985,0.1458,0.0074,0.1532,0.0276,0.9516971279373369,0.048302872062663184,8.0736,4.7481,21.0737,13.0001,0.0,0.0,0.0,21.073699999999995,4.7481,25.821799999999996,25.8193
1986,0.0681,0.0103,0.0785,0.0141,0.8675159235668789,0.13121019108280255,3.774,6.1981,13.7738,9.9998,0.0,0.0,0.0,13.773800000000003,6.198100000000001,19.971900000000005,20.4702
1987,0.1657,0.0,0.1657,0.0298,1.0,0.0,8.7276,0.0113,10.7272,1.9996,0.0,0.0,0.0,10.7272,0.011300000000000001,10.7385,10.7433
1988,0.1239,0.0002,0.1241,0.0223,0.9983883964544722,0.0016116035455278003,6.6888,0.1639,7.6886,0.9998,0.0,0.0,0.0,7.6886,0.16390000000000002,7.8525,7.8484
1989,0.1995,0.007,0.2065,0.0372,0.9661016949152543,0.03389830508474576,10.9092,4.7204,13.9092,3.0,0.0,0.0,0.0,13.909200000000002,4.7204,18.629600000000003,18.632
1990,0.0721,0.0,0.0722,0.013,0.9986149584487535,0.0,4.1532,0.0307,4.1535,0.0003,0.0,0.0,0.0,4.153499999999999,0.030699999999999998,4.1842,4.1878
1991,0.2584,0.0003,0.2587,0.0466,0.9988403556242753,0.0011596443757247777,14.496,0.2062,19.4955,4.9995,0.0,0.0,0.0,19.495499999999996,0.20620000000000002,19.701699999999995,19.7061
1992,0.1594,0.0,0.1594,0.0287,1.0,0.0,9.06,0.0279,9.0596,0.0,0.0,0.0,0.0,9.0596,0.027899999999999998,9.0875,9.0854
1993,0.2692,0.0009,0.2701,0.0486,0.9966679007774898,0.003332099222510181,14.5368,0.6008,15.5371,1.0003,0.0,0.0,0.0,15.537099999999999,0.6008,16.1379,16.1379
1994,0.0783,0.0,0.0783,0.0141,1.0,0.0,4.6344,0.0225,4.6343,0.0,0.0,0.0,0.0,4.6343,0.0225,4.6568,4.6537
1995,0.2864,0.0,0.2864,0.0515,1.0,0.0,15.2724,0.01,15.2727,0.0003,0.0,0.0,0.0,15.2727,0.010000000000000002,15.2827,15.2794
1996,0.1228,0.0,0.1228,0.0221,1.0,0.0,7.0728,0.0115,7.0724,0.0,0.0,0.0,0.0,7.072400000000001,0.0115,7.083900000000001,7.0878
1997,0.1481,0.0002,0.1483,0.0267,0.9986513823331087,0.0013486176668914365,8.3064,0.1328,8.3067,0.0003,0.0,0.0,0.0,8.306700000000001,0.13279999999999997,8.4395,8.4433
1998,0.2693,0.0037,0.273,0.0491,0.9864468864468863,0.013553113553113554,14.9172,2.4853,15.9172,1.0,0.0,0.0,0.0,15.917200000000001,2.4852999999999996,18.4025,18.4063
1999,0.1643,0.0,0.1643,0.0296,1.0,0.0,9.0984,0.0118,9.0982,0.0,0.0,0.0,0.0,9.098200000000002,0.011799999999999998,9.110000000000001,9.1127
2000,0.1799,0.0056,0.1855,0.0334,0.969811320754717,0.03018867924528302,10.092,3.6404,10.0922,0.0002,0.0,0.0,0.0,10.092199999999998,3.6403999999999996,13.732599999999998,13.7336
2001,0.1743,0.0,0.1743,0.0314,1.0,0.0,9.7776,0.0161,9.7773,0.0,0.0,0.0,0.0,9.7773,0.016100000000000003,9.7934,9.7977
2002,0.1988,0.0,0.1989,0.0358,0.9994972347913524,0.0,10.872,0.0239,10.8719,0.0,0.0,0.0,0.0,10.871900000000002,0.0239,10.895800000000001,10.8927
2003,0.3018,0.0093,0.3111,0.056,0.9701060752169721,0.029893924783027964,16.5024,5.9314,16.5019,0.0,0.0,0.0,0.0,16.5019,5.931399999999999,22.4333,22.4379
2004,0.2542,0.0,0.2543,0.0458,0.9996067636649625,0.0,13.902,0.0256,13.9026,0.0006,0.0,0.0,0.0,13.9026,0.0256,13.9282,13.9288
2005,0.1514,0.0002,0.1516,0.0273,0.9986807387862796,0.0013192612137203166,8.0736,0.123,8.0736,0.0,0.0,0.0,0.0,8.073599999999999,0.123,8.196599999999998,8.192
2006,0.3669,0.0,0.3669,0.0661,1.0,0.0,20.0652,0.0105,20.0659,0.0007,0.0,0.0,0.0,20.0659,0.0105,20.0764,20.0786
2007,0.2303,0.0001,0.2304,0.0415,0.9995659722222223,0.0004340277777777778,13.0908,0.0901,13.0908,0.0,0.0,0.0,0.0,13.090799999999998,0.09009999999999999,13.180899999999998,13.1856
2008,0.3507,0.0004,0.3512,0.0632,0.9985763097949886,0.0011389521640091116,19.1796,0.2892,19.1791,0.0,0.0,0.0,0.0,19.1791,0.2892,19.4683,19.4672
2009,0.1258,0.0088,0.1346,0.0242,0.9346210995542348,0.06537890044576523,7.248,5.569,7.2478,0.0,0.0,0.0,0.0,7.2478,5.569000000000001,12.8168,12.8166
2010,0.2948,0.0013,0.2961,0.0533,0.9956095913542723,0.004390408645727795,16.9824,0.8163,16.9825,0.0001,0.0,0.0,0.0,16.9825,0.8163,17.7988,17.8014
2011,0.1169,0.0001,0.117,0.0211,0.9991452991452991,0.0008547008547008547,6.3936,0.0366,6.393,0.0,0.0,0.0,0.0,6.393000000000001,0.0366,6.429600000000001,6.4327
2012,0.2279,0.0,0.2279,0.041,1.0,0.0,12.786,0.0198,12.7863,0.0003,0.0,0.0,0.0,12.7863,0.019799999999999998,12.8061,12.8081
2013,0.2527,0.009,0.2617,0.0471,0.9656094764998089,0.034390523500191054,13.6476,5.7371,13.6471,0.0,0.0,0.0,0.0,13.647099999999998,5.7371,19.3842,19.3864
2014,0.1073,0.0048,0.1121,0.0202,0.9571810883140054,0.042818911685994644,5.8668,3.1564,5.8665,0.0,0.0,0.0,0.0,5.8665,3.1564,9.0229,9.0278
2015,0.302,0.0001,0.3021,0.0544,0.9996689837802053,0.00033101621979477,16.308,0.0479,16.3078,0.0,0.0,0.0,0.0,16.3078,0.0479,16.3557,16.3525
2016,0.2313,0.0,0.2313,0.0416,1.0,0.0,13.6884,0.0074,13.688,0.0,0.0,0.0,0.0,13.688000000000002,0.0074,13.695400000000003,13.6932
2017,0.1846,0.0017,0.1863,0.0335,0.9908749329039184,0.00912506709608159,10.092,1.1726,10.0921,0.0001,0.0,0.0,0.0,10.0921,1.1726,11.264700000000001,11.2632
2018,0.1716,0.0001,0.1718,0.0309,0.9988358556461001,0.0005820721769499418,9.2688,0.0749,9.268,0.0,0.0,0.0,0.0,9.267999999999999,0.07490000000000001,9.342899999999998,9.3403
2019,0.0776,0.0,0.0776,0.014,1.0,0.0,4.0368,0.0197,4.0368,0.0,0.0,0.0,0.0,4.0367999999999995,0.019699999999999995,4.0565,4.0553
2020,0.3536,0.0005,0.3541,0.0637,0.9985879695001412,0.0014120304998587968,21.2172,0.3335,21.2169,0.0,0.0,0.0,0.0,21.216900000000003,0.3335,21.550400000000003,21.5523
2021,0.0788,0.0001,0.0789,0.0142,0.9987325728770595,0.001267427122940431,4.3632,0.0839,4.3635,0.0003,0.0,0.0,0.0,4.3635,0.0839,4.4474,4.4441
2022,0.1788,0.0034,0.1822,0.0328,0.9813391877058177,0.018660812294182216,9.7776,2.1724,9.7771,0.0,0.0,0.0,0.0,9.7771,2.1723999999999997,11.9495,11.9544
2023,0.3406,0.0001,0.3407,0.0613,0.9997064866451424,0.00029351335485764606,18.1656,0.0356,20.1658,2.0002,0.0,0.0,0.0,20.1658,0.0356,20.2014,20.2018
2024,0.2903,0.0001,0.2904,0.0523,0.9996556473829201,0.0003443526170798898,16.5024,0.0515,16.5023,0.0,0.0,0.0,0.0,16.502299999999998,0.0515,16.5538,16.5573
2025,0.3855,0.0006,0.3861,0.0695,0.9984459984459985,0.0015540015540015538,20.0652,0.3738,20.0657,0.0005,0.0,0.0,0.0,20.0657,0.37379999999999997,20.4395,20.4411
2026,0.2097,0.0029,0.2125,0.0383,0.9868235294117648,0.013647058823529411,11.322,1.7894,11.3219,0.0,0.0,0.0,0.0,11.321900000000001,1.7894,13.111300000000002,13.1151
2027,0.1167,0.0001,0.1168,0.021,0.9991438356164384,0.0008561643835616439,6.546,0.0748,6.5454,0.0,0.0,0.0,0.0,6.545399999999999,0.0748,6.620199999999999,6.6186
2028,0.1519,0.0011,0.153,0.0275,0.9928104575163399,0.007189542483660131,8.5236,0.6546,8.5241,0.0005,0.0,0.0,0.0,8.5241,0.6546000000000001,9.178700000000001,9.178
2029,0.3218,0.0001,0.3219,0.0579,0.9996893445169306,0.00031065548306927616,18.5364,0.0853,18.5364,0.0,0.0,0.0,0.0,18.5364,0.0853,18.6217,18.625
2030,0.1191,0.0012,0.1203,0.0217,0.9900249376558603,0.009975062344139649,6.9516,0.7476,8.9514,1.9998,0.0,0.0,0.0,8.9514,0.7475999999999999,9.699,9.6949
2031,0.1618,0.0,0.1618,0.0291,1.0,0.0,8.5236,0.0179,8.5241,0.0005,0.0,0.0,0.0,8.5241,0.0179,8.542,8.542
2032,0.1046,0.0048,0.1094,0.0197,0.9561243144424132,0.043875685557586835,5.8668,3.2845,8.8665,2.9997,0.0,0.0,0.0,8.866499999999998,3.2844999999999995,12.150999999999998,12.1475
2033,0.3004,0.0,0.3004,0.0541,1.0,0.0,16.2192,0.0225,16.2193,0.0001,0.0,0.0,0.0,16.219299999999997,0.022500000000000003,16.241799999999998,16.2445
2034,0.3158,0.0009,0.3168,0.057,0.9968434343434344,0.0028409090909090906,18.6912,0.5692,19.6905,0.9993,0.0,0.0,0.0,19.690500000000004,0.5692,20.259700000000002,20.2621
2035,0.268,0.0013,0.2693,0.0485,0.9951726698848868,0.004827330115113257,15.6432,0.8155,16.6433,1.0001,0.0,0.0,0.0,16.6433,0.8155,17.4588,17.4574
2036,0.2172,0.0023,0.2195,0.0395,0.9895216400911162,0.010478359908883827,11.5848,1.5138,22.5852,11.0004,0.0,0.0,0.0,22.585199999999997,1.5137999999999998,24.098999999999997,24.101
2037,0.2199,0.0001,0.22,0.0396,0.9995454545454546,0.00045454545454545455,11.5848,0.0966,11.5852,0.0004,0.0,0.0,0.0,11.585200000000002,0.09660000000000002,11.681800000000003,11.6777
2038,0.2897,0.0023,0.292,0.0526,0.992123287671233,0.007876712328767124,15.6432,1.4176,17.6435,2.0003,0.0,0.0,0.0,17.6435,1.4176,19.0611,19.0594
2039,0.251,0.0001,0.2511,0.0452,0.9996017522899244,0.0003982477100756671,13.902,0.0449,13.9024,0.0004,0.0,0.0,0.0,13.9024,0.044899999999999995,13.9473,13.9427
2040,0.2433,0.0002,0.2435,0.0438,0.9991786447638603,0.0008213552361396305,13.6476,0.1267,13.6469,0.0,0.0,0.0,0.0,13.646899999999999,0.12669999999999998,13.773599999999998,13.7781
2041,0.1799,0.0,0.1799,0.0324,1.0,0.0,10.092,0.0166,10.0921,0.0001,0.0,0.0,0.0,10.092099999999999,0.0166,10.108699999999999,10.1126
2042,0.3409,0.0005,0.3414,0.0615,0.9985354422964264,0.0014645577035735209,19.6368,0.3177,19.6363,0.0,0.0,0.0,0.0,19.6363,0.31770000000000004,19.953999999999997,19.9585
2043,0.2752,0.0003,0.2755,0.0496,0.9989110707803992,0.0010889292196007258,14.496,0.2009,18.4957,3.9997,0.0,0.0,0.0,18.4957,0.2009,18.6966,18.6989
2044,0.2782,0.0082,0.2863,0.0515,0.9717079986028642,0.02864128536500175,15.6072,5.084,35.6068,19.9996,0.0,0.0,0.0,35.60680000000001,5.0840000000000005,40.69080000000001,43.6912
2045,0.1695,0.0215,0.191,0.0344,0.8874345549738221,0.112565445026178,9.2688,13.6785,30.2684,20.9996,0.0,0.0,0.0,30.2684,13.678500000000001,43.9469,46.9438
2046,0.3079,0.0,0.3079,0.0554,1.0,0.0,16.2192,0.012,16.2193,0.0001,0.0,0.0,0.0,16.219299999999997,0.012,16.231299999999997,16.2352
2047,0.3145,0.0008,0.3153,0.0567,0.9974627339042181,0.002537266095781795,16.9824,0.4526,20.9827,4.0003,0.0,0.0,0.0,20.982699999999998,0.45260000000000006,21.435299999999998,21.4332
2048,0.337,0.0,0.337,0.0607,1.0,0.0,18.1956,0.0115,18.1959,0.0003,0.0,0.0,0.0,18.1959,0.0115,18.207400000000003,18.2097
2049,0.1228,0.0,0.1228,0.0221,1.0,0.0,7.0728,0.0197,7.0725,0.0,0.0,0.0,0.0,7.072500000000001,0.0197,7.092200000000001,7.0947
2050,0.3552,0.001,0.3562,0.0641,0.9971925884334644,0.002807411566535654,19.1796,0.6606,27.1791,7.9995,0.0,0.0,0.0,27.1791,0.6606000000000001,27.839699999999997,27.8433
2051,0.172,0.0,0.172,0.031,1.0,0.0,9.06,0.0142,9.0597,0.0,0.0,0.0,0.0,9.059700000000001,0.014199999999999999,9.073900000000002,9.0695
2052,0.3375,0.0039,0.3414,0.0614,0.9885764499121267,0.011423550087873463,18.6912,2.5389,32.6908,13.9996,0.0,0.0,0.0,32.6908,2.5389,35.2297,35.2341
2053,0.1716,0.0001,0.1718,0.0309,0.9988358556461001,0.0005820721769499418,9.2688,0.0824,9.2683,0.0,0.0,0.0,0.0,9.2683,0.08239999999999999,9.3507,9.3519
2054,0.2616,0.001,0.2626,0.0473,0.9961919268849961,0.003808073115003808,15.2724,0.6386,25.2728,10.0004,0.0,0.0,0.0,25.272800000000004,0.6386000000000001,25.911400000000004,25.9151
2055,0.15,0.0,0.15,0.027,1.0,0.0,8.5236,0.0164,8.524,0.0004,0.0,0.0,0.0,8.524000000000001,0.016399999999999998,8.540400000000002,8.5369
2056,0.1074,0.0,0.1075,0.0193,0.9990697674418605,0.0,5.6604,0.0067,5.661,0.0006,0.0,0.0,0.0,5.6610000000000005,0.006699999999999999,5.667700000000001,5.6645
2057,0.2619,0.0182,0.2801,0.0504,0.9350232059978579,0.0649767940021421,14.1444,11.5805,45.1444,31.0,0.0,0.0,0.0,45.14439999999999,11.5805,56.72489999999999,56.7209
2058,0.3933,0.0002,0.3935,0.0708,0.9994917407878017,0.0005082592121982211,20.4708,0.1026,20.4707,0.0,0.0,0.0,0.0,20.470699999999997,0.10260000000000002,20.573299999999996,20.5739
2059,0.2496,0.0002,0.2497,0.045,0.9995995194233079,0.0008009611533840609,13.6476,0.0974,14.6469,0.9993,0.0,0.0,0.0,14.646899999999999,0.09739999999999999,14.744299999999999,14.7481
2060,0.2915,0.0,0.2916,0.0525,0.9996570644718792,0.0,16.1472,0.0079,16.1472,0.0,0.0,0.0,0.0,16.147199999999998,0.007899999999999999,16.155099999999997,16.1511
2061,0.1167,0.0001,0.1168,0.021,0.9991438356164384,0.0008561643835616439,6.546,0.0723,7.5457,0.9997,0.0,0.0,0.0,7.545699999999998,0.0723,7.6179999999999986,7.6207
2062,0.2039,0.0,0.2039,0.0367,1.0,0.0,11.148,0.0248,11.1479,0.0,0.0,0.0,0.0,11.147900000000002,0.024800000000000003,11.172700000000003,11.172
2063,0.2756,0.0,0.2756,0.0496,1.0,0.0,16.308,0.022,19.3079,2.9999,0.0,0.0,0.0,19.307899999999997,0.022,19.329899999999995,19.3275
2064,0.3111,0.0002,0.3113,0.056,0.9993575329264374,0.0006424670735624799,17.454,0.1582,17.4547,0.0007,0.0,0.0,0.0,17.454699999999995,0.1582,17.612899999999996,17.6165
2065,0.0805,0.0019,0.0825,0.0148,0.9757575757575757,0.02303030303030303,4.4592,1.2493,4.4591,0.0,0.0,0.0,0.0,4.4591,1.2492999999999999,5.7084,5.7092
2066,0.1154,0.016,0.1315,0.0237,0.8775665399239544,0.12167300380228137,6.3936,9.9042,67.3931,60.9995,0.0,0.0,0.0,67.3931,9.904200000000001,77.2973,79.294
2067,0.2378,0.0002,0.238,0.0428,0.9991596638655463,0.0008403361344537816,12.684,0.0935,12.6837,0.0,0.0,0.0,0.0,12.683700000000002,0.0935,12.777200000000002,12.7792
2068,0.2746,0.0022,0.2768,0.0498,0.9920520231213874,0.007947976878612718,15.6072,1.4265,29.6067,13.9995,0.0,0.0,0.0,29.6067,1.4264999999999999,31.0332,32.0307
2069,0.0783,0.0006,0.0789,0.0142,0.9923954372623573,0.0076045627376425855,4.6344,0.37,12.6341,7.9997,0.0,0.0,0.0,12.634100000000002,0.37,13.004100000000001,13.0057
2070,0.3322,0.0107,0.3429,0.0617,0.9687955672207641,0.03120443277923593,18.1656,7.1673,56.1658,38.0002,0.0,0.0,0.0,56.165800000000004,7.167299999999999,63.3331,64.8347
2071,0.1685,0.0003,0.1688,0.0304,0.9982227488151659,0.001777251184834123,9.0984,0.2071,14.098,4.9996,0.0,0.0,0.0,14.098000000000003,0.20709999999999998,14.305100000000003,14.3029
2072,0.2607,0.0002,0.261,0.047,0.9988505747126436,0.0007662835249042146,15.6432,0.135,15.6435,0.0003,0.0,0.0,0.0,15.6435,0.135,15.7785,15.7743
2073,0.2752,0.0,0.2752,0.0495,1.0,0.0,14.496,0.0057,14.4955,0.0,0.0,0.0,0.0,14.4955,0.005700000000000001,14.501199999999999,14.497
2074,0.1264,0.0002,0.1265,0.0228,0.999209486166008,0.0015810276679841897,6.8232,0.0958,10.8234,4.0002,0.0,0.0,0.0,10.8234,0.09579999999999998,10.9192,10.9177
2075,0.2637,0.0003,0.264,0.0475,0.9988636363636363,0.0011363636363636363,15.6072,0.1833,15.6064,0.0,0.0,0.0,0.0,15.606399999999997,0.1833,15.789699999999996,15.7925
2076,0.1239,0.0096,0.1335,0.024,0.9280898876404493,0.07191011235955055,6.9516,6.0682,24.9511,17.9995,0.0,0.0,0.0,24.9511,6.0682,31.0193,38.0176
2077,0.2788,0.0004,0.2792,0.0503,0.998567335243553,0.0014326647564469914,15.6432,0.2145,15.6435,0.0003,0.0,0.0,0.0,15.6435,0.21449999999999997,15.857999999999999,15.8563
2078,0.2796,0.0001,0.2796,0.0503,1.0,0.000357653791130186,15.096,0.0529,15.0957,0.0,0.0,0.0,0.0,15.095699999999997,0.0529,15.148599999999997,15.1506
2079,0.2053,0.0005,0.2059,0.0371,0.9970859640602234,0.0024283632831471587,11.3724,0.3168,15.3725,4.0001,0.0,0.0,0.0,15.372499999999999,0.31679999999999997,15.6893,15.6931
2080,0.3591,0.0015,0.3606,0.0649,0.9958402662229617,0.00415973377703827,19.6368,1.0184,41.6365,21.9997,0.0,0.0,0.0,41.636500000000005,1.0184,42.654900000000005,42.6552
2081,0.2074,0.0023,0.2097,0.0377,0.989031950405341,0.010968049594659036,11.7876,1.408,27.7871,15.9995,0.0,0.0,0.0,27.787099999999995,1.4080000000000001,29.195099999999996,29.6941
2082,0.2728,0.0,0.2728,0.0491,1.0,0.0,14.9172,0.0068,14.9172,0.0,0.0,0.0,0.0,14.917200000000001,0.006800000000000001,14.924000000000001,14.9254
2083,0.1248,0.0002,0.1249,0.0225,0.9991993594875901,0.001601281024819856,6.8232,0.0962,8.8237,2.0005,0.0,0.0,0.0,8.823699999999999,0.09620000000000001,8.919899999999998,9.9229
2084,0.1073,0.0023,0.1095,0.0197,0.9799086757990868,0.02100456621004566,5.8668,1.3997,32.8662,26.9994,0.0,0.0,0.0,32.8662,1.3997000000000002,34.2659,34.766
2085,0.1919,0.0001,0.1921,0.0346,0.9989588755856325,0.0005205622071837585,10.9092,0.0859,10.9091,0.0,0.0,0.0,0.0,10.909100000000002,0.0859,10.995000000000003,10.9948
2086,0.3507,0.0004,0.3511,0.0632,0.9988607234406152,0.0011392765593847907,19.1796,0.2411,27.1796,8.0,0.0,0.0,0.0,27.179600000000008,0.24109999999999995,27.420700000000007,27.4221
2087,0.3364,0.0133,0.3497,0.0629,0.9619674006291106,0.03803259937088933,18.1656,8.5866,36.1659,18.0003,0.0,0.0,0.0,36.16590000000001,8.5866,44.75250000000001,47.2518
2088,0.2659,0.0,0.2659,0.0479,1.0,0.0,14.9172,0.0101,14.9173,0.0001,0.0,0.0,0.0,14.917300000000001,0.0101,14.9274,14.93
2089,0.1273,0.0,0.1273,0.0229,1.0,0.0,6.546,0.0167,6.5453,0.0,0.0,0.0,0.0,6.545299999999999,0.0167,6.561999999999999,6.5668
2090,0.2761,0.0048,0.2809,0.0506,0.9829120683517267,0.017087931648273408,15.096,3.1666,34.0957,18.9997,0.0,0.0,0.0,34.0957,3.1666000000000003,37.2623,38.2611
2091,0.2643,0.0,0.2644,0.0476,0.9996217851739787,0.0,15.6432,0.0303,15.6435,0.0003,0.0,0.0,0.0,15.6435,0.0303,15.6738,15.6734
2092,0.2013,0.0092,0.2104,0.0379,0.9567490494296578,0.043726235741444866,11.148,6.1143,22.1477,10.9997,0.0,0.0,0.0,22.147699999999993,6.1143,28.261999999999993,29.7643
2093,0.2368,0.0001,0.2368,0.0426,1.0,0.0004222972972972973,12.786,0.033,12.786,0.0,0.0,0.0,0.0,12.786,0.033,12.818999999999999,12.8198
2094,0.1394,0.0059,0.1453,0.0262,0.9593943565037851,0.040605643496214726,7.8216,3.5411,12.8217,5.0001,0.0,0.0,0.0,12.8217,3.5411,16.3628,17.3582
2095,0.2308,0.0005,0.2312,0.0416,0.9982698961937717,0.0021626297577854673,12.4608,0.2909,15.4607,2.9999,0.0,0.0,0.0,15.4607,0.2909,15.7516,15.7525
2096,0.2453,0.0004,0.2456,0.0442,0.9987785016286644,0.0016286644951140066,14.1288,0.2129,15.1289,1.0001,0.0,0.0,0.0,15.128900000000002,0.21290000000000006,15.341800000000001,15.3437
2097,0.1636,0.0006,0.1642,0.0296,0.9963459196102313,0.0036540803897685743,9.06,0.3784,9.0599,0.0,0.0,0.0,0.0,9.059899999999999,0.3784,9.438299999999998,9.4404
2098,0.1615,0.0055,0.167,0.0301,0.9670658682634731,0.03293413173652694,9.06,3.6589,43.0598,33.9998,0.0,0.0,0.0,43.05980000000001,3.6588999999999996,46.71870000000001,47.7212
2099,0.2477,0.0002,0.248,0.0446,0.9987903225806452,0.0008064516129032258,13.3776,0.1621,13.3767,0.0,0.0,0.0,0.0,13.376699999999996,0.16210000000000002,13.538799999999997,13.5349
2100,0.2486,0.0001,0.2487,0.0448,0.9995979091274627,0.0004020908725371934,12.786,0.0767,15.7862,3.0002,0.0,0.0,0.0,15.786200000000001,0.0767,15.862900000000002,16.3637
2101,0.2542,0.0158,0.27,0.0486,0.9414814814814814,0.05851851851851852,13.902,10.0925,56.9024,43.0004,0.0,0.0,0.0,56.9024,10.0925,66.9949,67.9936
2102,0.3077,0.001,0.3086,0.0556,0.9970836033700583,0.0032404406999351912,16.614,0.6207,43.6139,26.9999,0.0,0.0,0.0,43.61390000000001,0.6206999999999999,44.23460000000001,44.2314
2103,0.084,0.0,0.0841,0.0151,0.9988109393579074,0.0,4.7148,0.0274,6.7148,2.0,0.0,0.0,0.0,6.7148,0.027399999999999997,6.7422,6.739
2104,0.1239,0.0011,0.1249,0.0225,0.9919935948759007,0.008807045636509208,6.6888,0.6766,7.6887,0.9999,0.0,0.0,0.0,7.6887,0.6766000000000001,8.3653,8.3611
2105,0.1652,0.0025,0.1677,0.0302,0.9850924269528922,0.014907573047107932,9.2688,1.5975,15.2682,5.9994,0.0,0.0,0.0,15.268199999999997,1.5975000000000001,16.865699999999997,16.862
2106,0.0671,0.0,0.0671,0.0121,1.0,0.0,3.624,0.0126,6.624,3.0,0.0,0.0,0.0,6.623999999999999,0.012599999999999998,6.636599999999999,6.6335
2107,0.3261,0.0,0.3261,0.0587,1.0,0.0,18.5364,0.0126,18.5364,0.0,0.0,0.0,0.0,18.5364,0.0126,18.549,18.5496
2108,0.1185,0.0163,0.1348,0.0243,0.879080118694362,0.12091988130563797,6.8232,9.8953,45.8233,39.0001,0.0,0.0,0.0,45.8233,9.895300000000002,55.71860000000001,57.7193
2109,0.2381,0.0042,0.2423,0.0436,0.9826661163846472,0.017333883615352867,13.902,2.7096,40.9023,27.0003,0.0,0.0,0.0,40.9023,2.7096,43.6119,44.113
2110,0.0778,0.0043,0.0821,0.0148,0.9476248477466502,0.05237515225334957,4.3632,2.909,47.3637,43.0005,0.0,0.0,0.0,47.3637,2.909,50.2727,51.7686
2111,0.0621,0.0,0.0621,0.0112,1.0,0.0,3.624,0.0133,3.6239,0.0,0.0,0.0,0.0,3.6239,0.0133,3.6372,3.6367
2112,0.3115,0.0,0.3115,0.0561,1.0,0.0,16.614,0.0186,18.6137,1.9997,0.0,0.0,0.0,18.613699999999998,0.0186,18.632299999999997,18.6325
2113,0.3409,0.0066,0.3475,0.0625,0.9810071942446044,0.018992805755395685,19.6368,4.0858,31.6362,11.9994,0.0,0.0,0.0,31.636199999999995,4.0858,35.721999999999994,37.2263
2114,0.3838,0.0,0.3839,0.0691,0.9997395154988277,0.0,20.4708,0.0212,22.4706,1.9998,0.0,0.0,0.0,22.470599999999997,0.0212,22.491799999999998,22.4961
2115,0.1239,0.0015,0.1254,0.0226,0.9880382775119616,0.011961722488038277,6.9516,0.8937,18.9508,11.9992,0.0,0.0,0.0,18.9508,0.8937000000000002,19.8445,19.8444
2116,0.1631,0.0,0.1631,0.0294,1.0,0.0,9.2688,0.0206,9.2686,0.0,0.0,0.0,0.0,9.2686,0.0206,9.2892,9.2935
2117,0.1678,0.0055,0.1733,0.0312,0.9682631275245239,0.03173687247547605,9.06,3.204,60.0597,50.9997,0.0,0.0,0.0,60.05970000000001,3.204,63.26370000000001,63.7602
2118,0.2394,0.0017,0.2411,0.0434,0.9929489838241393,0.007051016175860638,13.0908,1.0382,38.091,25.0002,0.0,0.0,0.0,38.091,1.0382,39.129200000000004,39.6323
2119,0.2656,0.0,0.2656,0.0478,1.0,0.0,15.096,0.0294,20.0955,4.9995,0.0,0.0,0.0,20.095499999999998,0.0294,20.124899999999997,20.1226
2120,0.1738,0.0001,0.1738,0.0313,1.0,0.0005753739930955121,9.2688,0.0379,13.2683,3.9995,0.0,0.0,0.0,13.268299999999998,0.0379,13.306199999999999,13.3075
2121,0.071,0.0017,0.0727,0.0131,0.9766162310866574,0.0233837689133425,4.0368,1.1288,23.0368,19.0,0.0,0.0,0.0,23.036800000000003,1.1288,24.165600000000005,24.6643
2122,0.0821,0.0001,0.0822,0.0148,0.9987834549878347,0.0012165450121654502,4.5492,0.0396,6.5491,1.9999,0.0,0.0,0.0,6.5491,0.03960000000000001,6.5887,6.5839
2123,0.2074,0.0024,0.2098,0.0378,0.9885605338417541,0.011439466158245948,11.7876,1.5842,43.787,31.9994,0.0,0.0,0.0,43.787,1.5842000000000003,45.3712,45.8695
2124,0.3159,0.0003,0.3162,0.0569,0.9990512333965845,0.0009487666034155598,18.1956,0.1648,26.1958,8.0002,0.0,0.0,0.0,26.195800000000006,0.1648,26.360600000000005,26.8566
2125,0.1216,0.0,0.1217,0.0219,0.9991783073130649,0.0,6.8232,0.0234,8.8234,2.0002,0.0,0.0,0.0,8.8234,0.023399999999999997,8.8468,8.8421
2126,0.2624,0.0,0.2625,0.0472,0.9996190476190476,0.0,14.9172,0.0204,14.9172,0.0,0.0,0.0,0.0,14.917200000000001,0.0204,14.937600000000002,14.9418
2127,0.1009,0.0054,0.1063,0.0191,0.949200376293509,0.05079962370649106,5.6604,3.4853,65.6611,60.0007,0.0,0.0,0.0,65.6611,3.4853,69.1464,70.1508
2128,0.1037,0.0004,0.1042,0.0187,0.9952015355086372,0.0038387715930902114,6.0552,0.2791,9.0553,3.0001,0.0,0.0,0.0,9.0553,0.2791,9.3344,9.8304
2129,0.1009,0.0101,0.111,0.02,0.909009009009009,0.09099099099099099,5.6604,6.2704,69.6606,64.0002,0.0,0.0,0.0,69.6606,6.270400000000001,75.931,75.9289
2130,0.069,0.0,0.069,0.0124,1.0,0.0,3.774,0.0058,3.774,0.0,0.0,0.0,0.0,3.773999999999999,0.0058000000000000005,3.779799999999999,3.7834
2131,0.0982,0.0052,0.1033,0.0186,0.9506292352371732,0.05033881897386253,5.436,3.0538,42.4359,36.9999,0.0,0.0,0.0,42.43590000000001,3.0538,45.48970000000001,46.4921
2132,0.2912,0.0166,0.3078,0.0554,0.9460688758934372,0.0539311241065627,15.9216,10.4373,60.9216,45.0,0.0,0.0,0.0,60.9216,10.4373,71.3589,71.3555
2133,0.2948,0.0,0.2949,0.0531,0.9996609020006783,0.0,15.9216,0.0176,15.9216,0.0,0.0,0.0,0.0,15.921600000000002,0.017599999999999998,15.939200000000001,15.9361
2134,0.3636,0.0175,0.3812,0.0686,0.9538300104931794,0.04590766002098637,19.6368,10.7605,43.6365,23.9997,0.0,0.0,0.0,43.636500000000005,10.7605,54.397000000000006,58.395
2135,0.1239,0.0096,0.1335,0.024,0.9280898876404493,0.07191011235955055,6.9516,5.8524,60.9514,53.9998,0.0,0.0,0.0,60.95140000000001,5.8524,66.80380000000001,68.802
2136,0.0638,0.0024,0.0662,0.0119,0.9637462235649547,0.036253776435045314,3.624,1.6485,11.624,8.0,0.0,0.0,0.0,11.623999999999999,1.6485,13.272499999999999,14.7765
2137,0.0654,0.0023,0.0677,0.0122,0.9660265878877401,0.033973412112259974,3.624,1.501,12.6239,8.9999,0.0,0.0,0.0,12.623899999999999,1.501,14.124899999999998,16.1279
2138,0.2616,0.0001,0.2617,0.0471,0.9996178830722201,0.0003821169277799007,14.1288,0.0624,14.1289,0.0001,0.0,0.0,0.0,14.128900000000002,0.0624,14.191300000000002,14.1868
2139,0.2507,0.0,0.2507,0.0451,1.0,0.0,13.2084,0.0114,14.2087,1.0003,0.0,0.0,0.0,14.208699999999999,0.011399999999999999,14.220099999999999,14.2162
2140,0.2693,0.0017,0.2711,0.0488,0.9933603836222795,0.006270748801180376,14.9172,1.0463,38.9173,24.0001,0.0,0.0,0.0,38.9173,1.0463,39.9636,40.4636
2141,0.1192,0.0081,0.1273,0.0229,0.9363707776904949,0.0636292223095051,6.6888,4.9869,15.6885,8.9997,0.0,0.0,0.0,15.688499999999998,4.9868999999999994,20.675399999999996,21.1717
2142,0.1984,0.0026,0.2011,0.0362,0.9865738438587767,0.012928891098955743,11.5848,1.707,11.5854,0.0006,0.0,0.0,0.0,11.585400000000002,1.707,13.292400000000002,13.7895
2143,0.232,0.0006,0.2325,0.0419,0.9978494623655914,0.002580645161290322,12.684,0.3692,19.6836,6.9996,0.0,0.0,0.0,19.6836,0.36920000000000003,20.052799999999998,20.0552
2144,0.0697,0.0004,0.0701,0.0126,0.9942938659058488,0.005706134094151214,3.9108,0.2439,8.9108,5.0,0.0,0.0,0.0,8.910800000000002,0.2439,9.154700000000002,9.1541
2145,0.1948,0.0005,0.1953,0.0352,0.9974398361495136,0.002560163850486431,10.6548,0.3094,10.655,0.0002,0.0,0.0,0.0,10.655000000000001,0.3094,10.964400000000001,11.4642
2146,0.2574,0.0215,0.2789,0.0502,0.9229114377913232,0.07708856220867695,13.902,12.641,28.9023,15.0003,0.0,0.0,0.0,28.9023,12.641,41.5433,41.5427
2147,0.2818,0.0147,0.2965,0.0534,0.9504215851602024,0.04957841483979764,15.6072,9.4813,46.6069,30.9997,0.0,0.0,0.0,46.6069,9.481300000000001,56.0882,58.0895
2148,0.114,0.0005,0.1145,0.0206,0.9956331877729258,0.004366812227074236,6.3936,0.3051,13.393,6.9994,0.0,0.0,0.0,13.393,0.3051,13.6981,13.7031
2149,0.2394,0.0,0.2394,0.0431,1.0,0.0,13.0908,0.0097,13.091,0.0002,0.0,0.0,0.0,13.090999999999998,0.0097,13.100699999999998,13.1013
2150,0.3238,0.0008,0.3245,0.0584,0.9978428351309706,0.002465331278890601,18.1656,0.4963,22.1658,4.0002,0.0,0.0,0.0,22.1658,0.49629999999999996,22.662100000000002,22.6626
2151,0.2187,0.0166,0.2353,0.0423,0.9294517637059073,0.07054823629409264,12.1104,9.943,50.1106,38.0002,0.0,0.0,0.0,50.1106,9.943,60.053599999999996,63.0559
2152,0.1724,0.0025,0.1749,0.0315,0.9857061177815895,0.014293882218410521,9.4296,1.596,15.4298,6.0002,0.0,0.0,0.0,15.4298,1.596,17.0258,18.5247
2153,0.2119,0.0,0.2119,0.0381,1.0,0.0,11.5848,0.0114,11.585,0.0002,0.0,0.0,0.0,11.585000000000003,0.0114,11.596400000000003,11.6008
2154,0.1652,0.0052,0.1704,0.0307,0.9694835680751175,0.03051643192488263,9.2688,3.0929,58.2682,48.9994,0.0,0.0,0.0,58.26820000000001,3.0929000000000006,61.36110000000001,62.3655
2155,0.3118,0.0002,0.312,0.0562,0.9993589743589745,0.000641025641025641,17.0484,0.14,17.048,0.0,0.0,0.0,0.0,17.048000000000002,0.14,17.188000000000002,17.1846
2156,0.2018,0.0001,0.2019,0.0363,0.9995047052996533,0.0004952947003467064,12.1104,0.0423,12.1106,0.0002,0.0,0.0,0.0,12.110600000000002,0.042300000000000004,12.152900000000002,12.1485
2157,0.1503,0.0002,0.1505,0.0271,0.9986710963455149,0.00132890365448505,7.8216,0.1338,7.8217,0.0001,0.0,0.0,0.0,7.8217,0.1338,7.9555,7.951
2158,0.1207,0.0001,0.1208,0.0217,0.9991721854304636,0.0008278145695364238,6.9516,0.0525,6.951,0.0,0.0,0.0,0.0,6.9510000000000005,0.0525,7.003500000000001,6.9993
2159,0.076,0.0021,0.0781,0.0141,0.9731113956466069,0.026888604353393082,4.2624,1.3646,20.2623,15.9999,0.0,0.0,0.0,20.2623,1.3646,21.6269,21.6245
2160,0.0699,0.0007,0.0706,0.0127,0.9900849858356942,0.009915014164305949,3.774,0.4296,5.7738,1.9998,0.0,0.0,0.0,5.773799999999999,0.42960000000000004,6.2033999999999985,6.2051
2161,0.3327,0.0,0.3328,0.0599,0.9996995192307693,0.0,18.1956,0.0146,18.196,0.0004,0.0,0.0,0.0,18.196,0.014599999999999998,18.210600000000003,18.2137
2162,0.3243,0.0011,0.3254,0.0586,0.9966195451751689,0.003380454824830977,18.1956,0.7089,26.196,8.0004,0.0,0.0,0.0,26.196000000000005,0.7089,26.904900000000005,27.4046
2163,0.0621,0.0006,0.0626,0.0113,0.9920127795527156,0.009584664536741212,3.624,0.3513,3.6239,0.0,0.0,0.0,0.0,3.6239,0.35130000000000006,3.9752,3.9758
2164,0.1636,0.0111,0.1747,0.0314,0.936462507155123,0.06353749284487693,9.06,7.3217,28.06,19.0,0.0,0.0,0.0,28.059999999999995,7.321700000000001,35.381699999999995,36.8774
2165,0.2897,0.0017,0.2914,0.0525,0.9941660947151683,0.005833905284831846,15.6432,1.0784,25.6436,10.0004,0.0,0.0,0.0,25.6436,1.0784,26.721999999999998,28.222
2166,0.1212,0.001,0.1222,0.022,0.9918166939443536,0.008183306055646482,6.546,0.6423,17.5453,10.9993,0.0,0.0,0.0,17.5453,0.6423000000000001,18.1876,20.1912
2167,0.2047,0.0,0.2047,0.0369,1.0,0.0,10.6548,0.0087,10.6553,0.0005,0.0,0.0,0.0,10.6553,0.0087,10.664,10.6649
2168,0.1938,0.0003,0.1941,0.0349,0.9984544049459042,0.0015455950540958269,10.872,0.2061,22.872,12.0,0.0,0.0,0.0,22.871999999999996,0.20609999999999998,23.078099999999996,23.0806
2169,0.2092,0.0011,0.2103,0.0379,0.9947693770803614,0.0052306229196386125,11.5848,0.7366,35.5852,24.0004,0.0,0.0,0.0,35.58520000000001,0.7365999999999999,36.32180000000001,37.3213
2170,0.3353,0.0002,0.3356,0.0604,0.9991060786650774,0.0005959475566150178,17.454,0.1411,18.4545,1.0005,0.0,0.0,0.0,18.454499999999996,0.1411,18.595599999999997,18.5916
2171,0.2841,0.0,0.2841,0.0511,1.0,0.0,16.1472,0.0169,16.1473,0.0001,0.0,0.0,0.0,16.147299999999998,0.0169,16.164199999999997,16.168
2172,0.1919,0.0003,0.1922,0.0346,0.9984391259105098,0.0015608740894901142,10.9092,0.1661,12.9091,1.9999,0.0,0.0,0.0,12.909100000000002,0.16610000000000003,13.075200000000002,13.0729
2173,0.2841,0.0001,0.2842,0.0512,0.9996481351161155,0.0003518648838845883,17.0484,0.0337,17.0483,0.0,0.0,0.0,0.0,17.0483,0.0337,17.082,17.0828
2174,0.0786,0.0,0.0786,0.0142,1.0,0.0,4.7148,0.0246,5.7148,1.0,0.0,0.0,0.0,5.7148,0.0246,5.739400000000001,5.7345
2175,0.3039,0.0146,0.3185,0.0573,0.954160125588697,0.04583987441130298,17.0484,9.3325,42.0481,24.9997,0.0,0.0,0.0,42.0481,9.332500000000001,51.3806,54.8846
2176,0.1674,0.0026,0.17,0.0306,0.9847058823529411,0.015294117647058821,9.2688,1.6923,45.2683,35.9995,0.0,0.0,0.0,45.268299999999996,1.6923,46.9606,47.4611
2177,0.1682,0.0,0.1682,0.0303,1.0,0.0,9.4344,0.0066,10.4348,1.0004,0.0,0.0,0.0,10.434800000000003,0.0066,10.441400000000003,10.4378
2178,0.2832,0.0002,0.2834,0.051,0.9992942836979535,0.0007057163020465773,14.9172,0.1596,26.9173,12.0001,0.0,0.0,0.0,26.917299999999997,0.15960000000000002,27.0769,27.0804
2179,0.1293,0.0004,0.1297,0.0233,0.9969159599074787,0.0030840400925212026,7.548,0.2498,23.548,16.0,0.0,0.0,0.0,23.548000000000002,0.2498,23.797800000000002,23.7932
2180,0.0638,0.0005,0.0643,0.0116,0.9922239502332815,0.007776049766718507,3.624,0.3745,21.624,18.0,0.0,0.0,0.0,21.623999999999995,0.3745,21.998499999999996,23.997
2181,0.3405,0.0051,0.3456,0.0622,0.9852430555555556,0.014756944444444444,18.8592,3.0828,64.8594,46.0002,0.0,0.0,0.0,64.85940000000001,3.0827999999999998,67.94220000000001,70.9387
2182,0.1674,0.0103,0.1776,0.032,0.9425675675675674,0.05799549549549549,9.2688,6.2322,54.2681,44.9993,0.0,0.0,0.0,54.2681,6.232199999999999,60.500299999999996,61.0047
2183,0.2046,0.0003,0.2049,0.0369,0.9985358711566618,0.0014641288433382136,11.7876,0.1681,15.787,3.9994,0.0,0.0,0.0,15.787000000000003,0.1681,15.955100000000003,15.9587
2184,0.3006,0.0001,0.3006,0.0541,1.0,0.0003326679973386561,15.6432,0.0305,15.6432,0.0,0.0,0.0,0.0,15.643199999999998,0.030500000000000003,15.673699999999998,15.6743
2185,0.0832,0.0012,0.0844,0.0152,0.985781990521327,0.014218009478672983,4.5492,0.7804,25.5491,20.9999,0.0,0.0,0.0,25.549100000000003,0.7804,26.329500000000003,27.8327
2186,0.2692,0.0001,0.2693,0.0485,0.9996286669142221,0.00037133308577794286,14.5368,0.0341,15.5371,1.0003,0.0,0.0,0.0,15.537099999999999,0.03409999999999999,15.5712,15.5715
2187,0.35,0.0078,0.3578,0.0644,0.9782001117942984,0.021799888205701508,19.6368,4.8971,68.6364,48.9996,0.0,0.0,0.0,68.6364,4.897100000000001,73.53349999999999,74.5343
2188,0.2584,0.0001,0.2585,0.0465,0.9996131528046422,0.00038684719535783365,14.1288,0.075,14.1291,0.0003,0.0,0.0,0.0,14.129100000000001,0.07499999999999998,14.2041,14.2067
2189,0.2232,0.0002,0.2234,0.0402,0.999104744852283,0.0008952551477170995,13.2084,0.1042,17.2088,4.0004,0.0,0.0,0.0,17.208799999999997,0.1042,17.312999999999995,17.3107
2190,0.1309,0.0014,0.1322,0.0238,0.9901664145234491,0.01059001512859304,7.248,0.8911,13.2478,5.9998,0.0,0.0,0.0,13.247799999999998,0.8911000000000001,14.138899999999998,14.6399
2191,0.2616,0.0033,0.265,0.0477,0.9871698113207547,0.012452830188679244,14.1288,1.991,32.129,18.0002,0.0,0.0,0.0,32.129,1.9909999999999999,34.12,35.1208
2192,0.2187,0.0,0.2187,0.0394,1.0,0.0,12.1104,0.0327,12.1104,0.0,0.0,0.0,0.0,12.1104,0.0327,12.1431,12.1474
2193,0.3507,0.002,0.3527,0.0635,0.9943294584632832,0.005670541536716756,19.1796,1.3205,41.179,21.9994,0.0,0.0,0.0,41.179,1.3205,42.499500000000005,43.501
2194,0.3302,0.0001,0.3303,0.0595,0.9996972449288526,0.00030275507114744176,16.9824,0.0603,16.9826,0.0002,0.0,0.0,0.0,16.9826,0.060300000000000006,17.042900000000003,17.0428
2195,0.0826,0.0173,0.0999,0.018,0.8268268268268268,0.17317317317317316,4.6344,10.8613,53.6343,48.9999,0.0,0.0,0.0,53.63430000000001,10.8613,64.49560000000001,65.9918
2196,0.138,0.0092,0.1472,0.0265,0.9375000000000001,0.0625,7.548,5.9799,30.5479,22.9999,0.0,0.0,0.0,30.547900000000006,5.979900000000001,36.527800000000006,37.029
2197,0.2123,0.0011,0.2134,0.0384,0.9948453608247422,0.005154639175257732,11.322,0.7282,15.3218,3.9998,0.0,0.0,0.0,15.3218,0.7282000000000002,16.05,16.5473
2198,0.2496,0.0019,0.2515,0.0453,0.9924453280318091,0.0075546719681908545,13.6476,1.209,57.6472,43.9996,0.0,0.0,0.0,57.64720000000001,1.209,58.856200000000015,59.8512
2199,0.3039,0.0004,0.3043,0.0548,0.9986855077226421,0.0013144922773578706,17.0484,0.2597,24.0484,7.0,0.0,0.0,0.0,24.0484,0.2597,24.3081,24.307
2200,0.255,0.0006,0.2556,0.046,0.9976525821596245,0.002347417840375587,14.496,0.3712,24.4958,9.9998,0.0,0.0,0.0,24.495799999999996,0.37120000000000003,24.866999999999997,24.864
2201,0.2065,0.0003,0.2068,0.0372,0.9985493230174081,0.001450676982591876,11.5848,0.1954,11.5851,0.0003,0.0,0.0,0.0,11.585100000000002,0.1954,11.780500000000002,11.7816
2202,0.3078,0.0,0.3079,0.0554,0.9996752192270218,0.0,17.0484,0.0202,22.0484,5.0,0.0,0.0,0.0,22.0484,0.020200000000000003,22.0686,22.0667
2203,0.2168,0.0001,0.2168,0.039,1.0,0.0004612546125461255,11.148,0.0422,13.1476,1.9996,0.0,0.0,0.0,13.1476,0.0422,13.1898,13.1898
2204,0.2292,0.0005,0.2296,0.0413,0.9982578397212543,0.0021777003484320556,13.3776,0.2792,13.3772,0.0,0.0,0.0,0.0,13.3772,0.2792,13.6564,13.6584
2205,0.1874,0.0008,0.1883,0.0339,0.9952203929899098,0.004248539564524695,10.6548,0.5269,15.6551,5.0003,0.0,0.0,0.0,15.655100000000001,0.5268999999999999,16.182000000000002,16.6813
2206,0.1747,0.0002,0.1749,0.0315,0.9988564894225271,0.0011435105774728416,9.4344,0.1332,10.4347,1.0003,0.0,0.0,0.0,10.434700000000003,0.1332,10.567900000000003,10.5695
2207,0.1705,0.0,0.1706,0.0307,0.9994138335287223,0.0,10.092,0.0161,10.0921,0.0001,0.0,0.0,0.0,10.092099999999999,0.016100000000000003,10.108199999999998,10.1081
2208,0.0688,0.0,0.0688,0.0124,1.0,0.0,3.9108,0.0276,3.911,0.0002,0.0,0.0,0.0,3.9109999999999996,0.0276,3.9385999999999997,3.9358
2209,0.0821,0.0,0.0822,0.0148,0.9987834549878347,0.0,4.5492,0.0225,4.549,0.0,0.0,0.0,0.0,4.549,0.0225,4.5715,4.5715
2210,0.2038,0.0028,0.2066,0.0372,0.9864472410454985,0.013552758954501452,11.5848,1.8024,30.5852,19.0004,0.0,0.0,0.0,30.585199999999997,1.8023999999999998,32.3876,32.3843
2211,0.1167,0.0009,0.1176,0.0212,0.9923469387755102,0.007653061224489796,6.546,0.6247,13.5453,6.9993,0.0,0.0,0.0,13.545300000000001,0.6246999999999999,14.170000000000002,14.1739
2212,0.2915,0.0152,0.3068,0.0552,0.9501303780964797,0.04954367666232073,16.1472,9.756,28.1474,12.0002,0.0,0.0,0.0,28.147400000000005,9.756,37.903400000000005,39.4074
2213,0.297,0.0,0.297,0.0535,1.0,0.0,15.2724,0.0176,15.2731,0.0007,0.0,0.0,0.0,15.2731,0.0176,15.2907,15.2899
2214,0.2118,0.0,0.2119,0.0381,0.9995280792826804,0.0,11.7324,0.0258,11.7327,0.0003,0.0,0.0,0.0,11.732700000000001,0.025800000000000003,11.758500000000002,11.7577
2215,0.2587,0.0,0.2587,0.0466,1.0,0.0,14.1444,0.0246,14.1444,0.0,0.0,0.0,0.0,14.144399999999997,0.0246,14.168999999999997,14.1723
2216,0.1476,0.0031,0.1507,0.0271,0.9794293297942933,0.0205706702057067,8.0736,1.9928,33.0737,25.0001,0.0,0.0,0.0,33.073699999999995,1.9928,35.0665,35.5696
2217,0.075,0.0032,0.0782,0.0141,0.9590792838874679,0.040920716112531966,4.1532,2.2406,31.1535,27.0003,0.0,0.0,0.0,31.153499999999998,2.2405999999999997,33.394099999999995,34.3909
2218,0.2944,0.0011,0.2956,0.0532,0.9959404600811909,0.003721244925575102,16.308,0.7176,24.3078,7.9998,0.0,0.0,0.0,24.3078,0.7176,25.0254,25.0262
2219,0.1019,0.0007,0.1026,0.0185,0.99317738791423,0.006822612085769981,5.8668,0.5075,10.8665,4.9997,0.0,0.0,0.0,10.866499999999998,0.5075,11.373999999999999,11.3737
2220,0.1919,0.0001,0.192,0.0346,0.9994791666666666,0.0005208333333333333,10.9092,0.0757,10.9092,0.0,0.0,0.0,0.0,10.909200000000002,0.0757,10.984900000000001,10.9879
2221,0.3484,0.0,0.3484,0.0627,1.0,0.0,20.0652,0.0109,20.0657,0.0005,0.0,0.0,0.0,20.0657,0.010899999999999998,20.0766,20.0806
2222,0.1636,0.0034,0.167,0.0301,0.9796407185628742,0.020359281437125745,9.06,2.0507,18.0599,8.9999,0.0,0.0,0.0,18.059899999999995,2.0507,20.110599999999994,20.115
2223,0.2128,0.0,0.2129,0.0383,0.9995302959135743,0.0,11.7876,0.0246,12.787,0.9994,0.0,0.0,0.0,12.787000000000003,0.0246,12.811600000000002,12.8084
2224,0.259,0.0001,0.259,0.0466,1.0,0.0003861003861003861,14.9172,0.0389,18.9172,4.0,0.0,0.0,0.0,18.9172,0.038900000000000004,18.956100000000003,18.9604
2225,0.3241,0.0008,0.3249,0.0585,0.997537703908895,0.0024622960911049553,19.1796,0.5096,21.1795,1.9999,0.0,0.0,0.0,21.179500000000004,0.5096,21.689100000000003,21.6879
2226,0.071,0.0004,0.0714,0.0128,0.9943977591036413,0.0056022408963585435,4.0368,0.2349,10.0369,6.0001,0.0,0.0,0.0,10.036900000000001,0.2349,10.2718,10.2706
2227,0.1275,0.0028,0.1303,0.0235,0.9785111281657713,0.021488871834228703,7.248,1.7618,34.2477,26.9997,0.0,0.0,0.0,34.2477,1.7617999999999998,36.0095,36.0102
2228,0.0779,0.0002,0.0781,0.0141,0.997439180537772,0.002560819462227913,4.1532,0.1505,7.1534,3.0002,0.0,0.0,0.0,7.1533999999999995,0.1505,7.3039,7.305
2229,0.362,0.0021,0.3642,0.0656,0.9939593629873695,0.005766062602965403,20.8536,1.3693,32.8534,11.9998,0.0,0.0,0.0,32.8534,1.3693,34.2227,34.7258
2230,0.2345,0.0007,0.2352,0.0423,0.9970238095238095,0.0029761904761904765,13.6884,0.4684,22.6882,8.9998,0.0,0.0,0.0,22.688199999999995,0.46840000000000004,23.156599999999994,23.1572
2231,0.3058,0.0006,0.3064,0.0551,0.9980417754569191,0.0019582245430809398,16.308,0.3958,16.3079,0.0,0.0,0.0,0.0,16.3079,0.39580000000000004,16.7037,16.6998
2232,0.3364,0.0008,0.3372,0.0607,0.9976275207591933,0.002372479240806643,18.1656,0.5031,19.1656,1.0,0.0,0.0,0.0,19.165599999999998,0.5031,19.668699999999998,19.6646
2233,0.0795,0.0008,0.0803,0.0145,0.9900373599003737,0.009962640099626403,4.4592,0.5554,6.4588,1.9996,0.0,0.0,0.0,6.4588,0.5554,7.0142,7.0123
2234,0.207,0.0007,0.2078,0.0374,0.996150144369586,0.003368623676612127,11.322,0.4451,15.3219,3.9999,0.0,0.0,0.0,15.3219,0.44510000000000005,15.767,15.7678
2235,0.2591,0.0001,0.2592,0.0467,0.9996141975308642,0.0003858024691358025,14.5368,0.069,21.5371,7.0003,0.0,0.0,0.0,21.537100000000002,0.069,21.6061,21.6028
2236,0.2279,0.0005,0.2283,0.0411,0.9982479194042926,0.002190100744634253,12.4608,0.2973,12.4605,0.0,0.0,0.0,0.0,12.460499999999996,0.2973,12.757799999999996,13.2609
2237,0.299,0.0118,0.3108,0.0559,0.962033462033462,0.03796653796653796,16.1472,7.5273,46.1473,30.0001,0.0,0.0,0.0,46.147299999999994,7.5273,53.6746,54.1697
2238,0.3601,0.0051,0.3652,0.0657,0.9860350492880612,0.013964950711938665,20.4708,3.1272,37.4704,16.9996,0.0,0.0,0.0,37.4704,3.1272,40.5976,41.0987
2239,0.3422,0.0004,0.3426,0.0617,0.9988324576765908,0.0011675423234092236,17.5992,0.2169,20.5988,2.9996,0.0,0.0,0.0,20.598799999999997,0.21689999999999998,20.815699999999996,20.8158
2240,0.2591,0.0001,0.2592,0.0466,0.9996141975308642,0.0003858024691358025,14.5368,0.0326,14.5372,0.0004,0.0,0.0,0.0,14.537199999999999,0.0326,14.569799999999999,14.5684
2241,0.3038,0.0009,0.3048,0.0549,0.9967191601049868,0.002952755905511811,16.614,0.5596,21.614,5.0,0.0,0.0,0.0,21.613999999999997,0.5596,22.173599999999997,22.1701
2242,0.0757,0.0,0.0758,0.0136,0.9986807387862796,0.0,4.3632,0.0187,5.3637,1.0005,0.0,0.0,0.0,5.3637,0.0187,5.3824,5.3853
2243,0.1228,0.0013,0.1241,0.0223,0.9895245769540694,0.0104754230459307,7.0728,0.7767,18.0724,10.9996,0.0,0.0,0.0,18.072400000000002,0.7767000000000002,18.849100000000004,18.8539
2244,0.1674,0.0041,0.1715,0.0309,0.9760932944606413,0.0239067055393586,9.2688,2.6903,15.2682,5.9994,0.0,0.0,0.0,15.268199999999998,2.6903,17.958499999999997,19.9631
2245,0.075,0.0138,0.0888,0.016,0.8445945945945945,0.1554054054054054,4.2624,8.2043,20.2624,16.0,0.0,0.0,0.0,20.2624,8.204299999999998,28.466699999999996,30.9657
2246,0.2156,0.0049,0.2204,0.0397,0.9782214156079855,0.022232304900181486,11.7876,3.0575,29.7867,17.9991,0.0,0.0,0.0,29.7867,3.0575,32.8442,34.8425
2247,0.1638,0.0117,0.1755,0.0316,0.9333333333333333,0.06666666666666667,9.4344,7.7428,28.4347,19.0003,0.0,0.0,0.0,28.434700000000003,7.7428,36.1775,36.676
2248,0.15,0.0008,0.1508,0.0271,0.9946949602122016,0.005305039787798409,8.3064,0.5167,11.3068,3.0004,0.0,0.0,0.0,11.306799999999999,0.5167,11.8235,12.8224
2249,0.3022,0.0002,0.3024,0.0544,0.9993386243386244,0.0006613756613756614,15.9216,0.1368,15.9215,0.0,0.0,0.0,0.0,15.921500000000002,0.1368,16.058300000000003,16.0533
2250,0.1363,0.0068,0.1431,0.0258,0.9524807826694619,0.04751921733053808,7.548,4.4451,32.548,25.0,0.0,0.0,0.0,32.548,4.4451,36.9931,38.4912
2251,0.1005,0.0015,0.102,0.0184,0.985294117647059,0.014705882352941178,5.8668,0.9941,7.8663,1.9995,0.0,0.0,0.0,7.866299999999999,0.9941,8.860399999999998,9.3608
2252,0.1559,0.0035,0.1593,0.0287,0.9786566227244194,0.02197112366603892,8.5236,2.1161,23.524,15.0004,0.0,0.0,0.0,23.524,2.1161,25.6401,26.1449
2253,0.2988,0.0001,0.2988,0.0538,1.0,0.00033467202141900936,16.9824,0.0319,16.9825,0.0001,0.0,0.0,0.0,16.9825,0.0319,17.014400000000002,17.0125
2254,0.3154,0.0002,0.3156,0.0568,0.9993662864385299,0.0006337135614702155,16.614,0.1257,20.6138,3.9998,0.0,0.0,0.0,20.613799999999998,0.1257,20.739499999999996,20.7445
2255,0.2185,0.0002,0.2187,0.0394,0.9990855052583447,0.0009144947416552355,11.3724,0.1628,11.3725,0.0001,0.0,0.0,0.0,11.372499999999999,0.1628,11.5353,11.5399
2256,0.1616,0.0046,0.1662,0.0299,0.9723225030084236,0.027677496991576414,8.7276,2.952,16.7272,7.9996,0.0,0.0,0.0,16.727199999999996,2.9520000000000004,19.679199999999998,20.1815
2257,0.2656,0.0098,0.2754,0.0496,0.9644153957879449,0.03558460421205519,15.096,6.3116,42.0955,26.9995,0.0,0.0,0.0,42.0955,6.311599999999999,48.4071,48.4028
2258,0.2816,0.0006,0.2822,0.0508,0.9978738483345145,0.002126151665485471,16.2192,0.3819,17.2192,1.0,0.0,0.0,0.0,17.219199999999997,0.3819,17.6011,17.602
2259,0.0805,0.0,0.0805,0.0145,1.0,0.0,4.6344,0.0087,4.6342,0.0,0.0,0.0,0.0,4.6342,0.0087,4.6429,4.6382
2260,0.1759,0.0004,0.1763,0.0317,0.9977311401020986,0.0022688598979013043,9.2688,0.2138,10.2684,0.9996,0.0,0.0,0.0,10.2684,0.2138,10.482199999999999,10.4854
2261,0.2215,0.0035,0.225,0.0405,0.9844444444444445,0.015555555555555555,12.1104,2.3087,14.1105,2.0001,0.0,0.0,0.0,14.110500000000002,2.3086999999999995,16.4192,16.4189
2262,0.2273,0.0001,0.2273,0.0409,1.0,0.0004399472063352398,13.0908,0.0467,14.0909,1.0001,0.0,0.0,0.0,14.090899999999998,0.0467,14.137599999999997,14.1328
2263,0.3507,0.0005,0.3513,0.0632,0.9982920580700256,0.0014232849416453174,19.1796,0.3243,24.1792,4.9996,0.0,0.0,0.0,24.17920000000001,0.3243,24.50350000000001,24.5009
2264,0.4076,0.0005,0.4082,0.0735,0.9985301322880941,0.001224889759921607,21.2172,0.3376,21.2167,0.0,0.0,0.0,0.0,21.216700000000003,0.3376,21.5543,21.5504
2265,0.2199,0.0099,0.2298,0.0414,0.9569190600522194,0.04308093994778068,11.5848,5.9682,18.5854,7.0006,0.0,0.0,0.0,18.585399999999996,5.9681999999999995,24.553599999999996,25.0557
2266,0.2303,0.0024,0.2327,0.0419,0.989686291362269,0.010313708637730984,13.0908,1.5615,34.091,21.0002,0.0,0.0,0.0,34.091,1.5614999999999999,35.6525,36.1545
2267,0.2503,0.0,0.2503,0.0451,1.0,0.0,13.6884,0.0148,14.6881,0.9997,0.0,0.0,0.0,14.688100000000002,0.0148,14.702900000000001,14.7064
2268,0.1239,0.0003,0.1242,0.0223,0.9975845410628018,0.0024154589371980675,6.6888,0.1918,6.6886,0.0,0.0,0.0,0.0,6.688600000000001,0.19179999999999997,6.880400000000001,6.878
2269,0.3591,0.005,0.3641,0.0655,0.9862675089261191,0.013732491073880804,19.6368,3.2581,32.6364,12.9996,0.0,0.0,0.0,32.6364,3.2581000000000007,35.8945,36.3958
2270,0.1965,0.0002,0.1966,0.0354,0.9994913530010173,0.001017293997965412,11.7876,0.0967,11.7871,0.0,0.0,0.0,0.0,11.7871,0.09670000000000001,11.8838,11.8871
2271,0.2261,0.0002,0.2262,0.0407,0.9995579133510167,0.0008841732979664014,12.684,0.1096,14.6839,1.9999,0.0,0.0,0.0,14.683900000000001,0.10959999999999998,14.793500000000002,14.7976
2272,0.1576,0.0075,0.1651,0.0297,0.9545729860690491,0.04542701393095094,8.7276,4.9649,24.7273,15.9997,0.0,0.0,0.0,24.727299999999996,4.9649,29.692199999999996,29.6918
2273,0.1984,0.0006,0.199,0.0358,0.9969849246231155,0.0030150753768844215,11.5848,0.3714,12.585,1.0002,0.0,0.0,0.0,12.585000000000004,0.3714,12.956400000000004,12.957
2274,0.3111,0.0001,0.3112,0.056,0.9996786632390746,0.0003213367609254499,17.454,0.0427,17.4545,0.0005,0.0,0.0,0.0,17.454499999999996,0.0427,17.497199999999996,17.5018
2275,0.2349,0.0,0.2349,0.0423,1.0,0.0,12.684,0.019,13.6837,0.9997,0.0,0.0,0.0,13.683700000000002,0.019,13.702700000000002,13.7008
2276,0.251,0.0048,0.2558,0.046,0.9812353401094605,0.018764659890539482,13.902,2.802,34.9023,21.0003,0.0,0.0,0.0,34.90230000000001,2.8020000000000005,37.70430000000001,37.7072
2277,0.197,0.0169,0.2139,0.0385,0.9209911173445535,0.07900888265544646,10.9092,10.1735,20.9089,9.9997,0.0,0.0,0.0,20.908899999999996,10.1735,31.082399999999996,31.081
2278,0.251,0.0027,0.2537,0.0457,0.9893575088687427,0.010642491131257393,13.902,1.6285,21.9022,8.0002,0.0,0.0,0.0,21.9022,1.6284999999999996,23.5307,23.5325
2279,0.2793,0.0,0.2794,0.0503,0.9996420901932713,0.0,16.308,0.0141,16.3075,0.0,0.0,0.0,0.0,16.3075,0.014100000000000001,16.3216,16.3172
2280,0.2542,0.0002,0.2544,0.0458,0.9992138364779873,0.0007861635220125787,13.902,0.0983,15.9023,2.0003,0.0,0.0,0.0,15.9023,0.0983,16.0006,15.9962
2281,0.1869,0.0016,0.1885,0.0339,0.9915119363395226,0.008488063660477455,10.092,0.9797,12.0921,2.0001,0.0,0.0,0.0,12.092099999999999,0.9797,13.071799999999998,13.074
2282,0.1752,0.0001,0.1753,0.0316,0.9994295493439816,0.0005704506560182544,10.092,0.054,10.0921,0.0001,0.0,0.0,0.0,10.092099999999999,0.05399999999999999,10.146099999999999,10.1429
2283,0.0818,0.0,0.0818,0.0147,1.0,0.0,4.3632,0.01,4.3635,0.0003,0.0,0.0,0.0,4.3635,0.01,4.3735,4.3713
2284,0.2598,0.0017,0.2615,0.0471,0.9934990439770554,0.00650095602294455,13.6884,1.152,14.688,0.9996,0.0,0.0,0.0,14.687999999999999,1.1520000000000001,15.84,15.8394
2285,0.2617,0.0012,0.2629,0.0473,0.9954355268162798,0.004564473183720045,14.496,0.7488,28.4958,13.9998,0.0,0.0,0.0,28.495799999999996,0.7488000000000001,29.244599999999995,29.2437
2286,0.1061,0.0003,0.1065,0.0192,0.996244131455399,0.002816901408450704,5.6604,0.2127,9.6612,4.0008,0.0,0.0,0.0,9.6612,0.21269999999999997,9.873899999999999,9.8695
2287,0.0795,0.0,0.0795,0.0143,1.0,0.0,4.4592,0.0176,4.4591,0.0,0.0,0.0,0.0,4.4591,0.0176,4.4767,4.4743
2288,0.0858,0.0003,0.0861,0.0155,0.9965156794425087,0.003484320557491289,4.6344,0.2018,8.6343,3.9999,0.0,0.0,0.0,8.6343,0.2018,8.8361,9.3398
2289,0.1325,0.0102,0.1428,0.0257,0.9278711484593838,0.07142857142857142,7.248,6.5311,14.2476,6.9996,0.0,0.0,0.0,14.247599999999998,6.5311,20.7787,20.7786
2290,0.1973,0.0034,0.2007,0.0361,0.983059292476333,0.016940707523667164,10.6548,2.0715,13.6552,3.0004,0.0,0.0,0.0,13.6552,2.0715,15.726700000000001,15.7236
2291,0.2624,0.0,0.2624,0.0472,1.0,0.0,14.9172,0.0078,14.9172,0.0,0.0,0.0,0.0,14.917200000000001,0.0078000000000000005,14.925,14.9273
2292,0.1121,0.0008,0.113,0.0203,0.9920353982300885,0.007079646017699115,6.546,0.572,7.5455,0.9995,0.0,0.0,0.0,7.545499999999999,0.572,8.117499999999998,8.1192
2293,0.1703,0.0,0.1704,0.0307,0.9994131455399061,0.0,9.4344,0.0272,10.4346,1.0002,0.0,0.0,0.0,10.434600000000003,0.0272,10.461800000000004,10.4596
2294,0.2446,0.0005,0.2451,0.0441,0.9979600163198694,0.002039983680130559,13.3776,0.2924,13.377,0.0,0.0,0.0,0.0,13.376999999999995,0.2924,13.669399999999996,13.6676
2295,0.3245,0.008,0.3325,0.0598,0.9759398496240601,0.024060150375939848,18.6912,4.7715,20.6908,1.9996,0.0,0.0,0.0,20.690800000000003,4.7715,25.462300000000003,25.9649
2296,0.2853,0.0178,0.3032,0.0546,0.9409630606860158,0.058707124010554085,16.2192,11.5353,23.2195,7.0003,0.0,0.0,0.0,23.219500000000004,11.535300000000001,34.7548,34.7514
2297,0.2385,0.0097,0.2482,0.0447,0.9609186140209508,0.03908138597904916,13.2084,6.4435,14.2087,1.0003,0.0,0.0,0.0,14.2087,6.4435,20.6522,20.6494
2298,0.3111,0.0,0.3111,0.056,1.0,0.0,17.454,0.0104,17.4544,0.0004,0.0,0.0,0.0,17.454399999999996,0.0104,17.464799999999997,17.4693
2299,0.3154,0.0,0.3154,0.0568,1.0,0.0,18.1656,0.0202,18.1658,0.0002,0.0,0.0,0.0,18.1658,0.0202,18.186,18.187
2300,0.1394,0.0002,0.1396,0.0251,0.998567335243553,0.0014326647564469914,7.8216,0.1087,7.8218,0.0002,0.0,0.0,0.0,7.8218,0.10869999999999999,7.930499999999999,7.9314
2301,0.1232,0.0,0.1232,0.0222,1.0,0.0,6.8232,0.0117,6.8233,0.0001,0.0,0.0,0.0,6.8233,0.011700000000000002,6.835,6.8339
2302,0.1208,0.0005,0.1213,0.0218,0.9958779884583677,0.004122011541632316,6.6888,0.3253,6.6886,0.0,0.0,0.0,0.0,6.688600000000001,0.32530000000000003,7.013900000000001,7.0139
2303,0.0682,0.0,0.0682,0.0123,1.0,0.0,4.0368,0.0175,4.0368,0.0,0.0,0.0,0.0,4.0367999999999995,0.017499999999999998,4.0543,4.0511
2304,0.2559,0.0027,0.2586,0.0466,0.9895591647331787,0.010440835266821347,13.6476,1.6895,13.6467,0.0,0.0,0.0,0.0,13.6467,1.6895,15.3362,15.339
2305,0.2726,0.0001,0.2726,0.0491,1.0,0.00036683785766691124,14.5368,0.042,14.537,0.0002,0.0,0.0,0.0,14.536999999999999,0.041999999999999996,14.578999999999999,14.5832
2306,0.2985,0.0001,0.2987,0.0538,0.9993304318714428,0.0003347840642785403,15.9216,0.0864,15.9216,0.0,0.0,0.0,0.0,15.921600000000002,0.0864,16.008000000000003,16.0098
2307,0.2074,0.0104,0.2177,0.0392,0.9526871841984382,0.04777216352779053,11.7876,6.3986,11.7872,0.0,0.0,0.0,0.0,11.787200000000002,6.3986,18.1858,18.1894
2308,0.1271,0.0021,0.1292,0.0233,0.9837461300309596,0.016253869969040245,6.9516,1.3426,6.9511,0.0,0.0,0.0,0.0,6.9511,1.3426000000000002,8.293700000000001,8.2889
2309,0.2064,0.0025,0.2089,0.0376,0.9880325514600287,0.011967448539971278,11.148,1.5837,11.1479,0.0,0.0,0.0,0.0,11.147900000000002,1.5837,12.731600000000002,12.7302
2310,0.1243,0.0035,0.1277,0.023,0.9733750978856694,0.027407987470634297,6.546,2.0384,6.5454,0.0,0.0,0.0,0.0,6.545399999999999,2.0384,8.5838,8.5865
2311,0.1086,0.0007,0.1094,0.0197,0.9926873857404023,0.006398537477148081,5.8668,0.4251,5.8667,0.0,0.0,0.0,0.0,5.866700000000001,0.42510000000000003,6.2918,6.2908
2312,0.2013,0.0121,0.2134,0.0384,0.9432989690721649,0.05670103092783505,10.872,8.0209,11.872,1.0,0.0,0.0,0.0,11.872000000000002,8.0209,19.8929,19.8886
2313,0.1601,0.0202,0.1802,0.0324,0.8884572697003329,0.11209766925638179,9.0984,13.3795,9.0981,0.0,0.0,0.0,0.0,9.0981,13.3795,22.477600000000002,22.4762
2314,0.3347,0.0,0.3347,0.0602,1.0,0.0,18.5364,0.0091,18.5364,0.0,0.0,0.0,0.0,18.5364,0.009099999999999999,18.5455,18.543
2315,0.2762,0.0001,0.2764,0.0497,0.9992764109985529,0.00036179450072358903,14.9172,0.0728,14.9172,0.0,0.0,0.0,0.0,14.917200000000001,0.0728,14.990000000000002,14.9939
2316,0.0808,0.0001,0.0809,0.0146,0.9987639060568603,0.0012360939431396787,4.3632,0.0425,4.3639,0.0007,0.0,0.0,0.0,4.3639,0.0425,4.4064000000000005,4.4052
2317,0.2687,0.001,0.2697,0.0485,0.996292176492399,0.0037078235076010383,15.2724,0.6367,15.2728,0.0004,0.0,0.0,0.0,15.2728,0.6367,15.9095,15.9142
2318,0.1769,0.0012,0.1781,0.0321,0.9932622122403144,0.006737787759685569,9.4344,0.7936,9.4346,0.0002,0.0,0.0,0.0,9.4346,0.7935999999999999,10.2282,10.2324
2319,0.1486,0.0006,0.1492,0.0269,0.9959785522788205,0.004021447721179625,8.9184,0.3476,8.9179,0.0,0.0,0.0,0.0,8.9179,0.34759999999999996,9.2655,9.2609
2320,0.2464,0.0153,0.2617,0.0471,0.9415361100496753,0.0584638899503248,13.6476,10.1441,16.6474,2.9998,0.0,0.0,0.0,16.647399999999998,10.144099999999998,26.791499999999996,26.7886
2321,0.328,0.0153,0.3433,0.0618,0.9554325662685699,0.04456743373143023,18.1656,10.1315,19.1657,1.0001,0.0,0.0,0.0,19.1657,10.1315,29.297200000000004,29.2929
2322,0.2001,0.0013,0.2014,0.0363,0.993545183714002,0.006454816285998014,11.3724,0.8048,11.3725,0.0001,0.0,0.0,0.0,11.372499999999997,0.8048000000000001,12.177299999999997,12.1758
2323,0.0818,0.0006,0.0824,0.0148,0.9927184466019418,0.007281553398058252,4.3632,0.3614,4.3637,0.0005,0.0,0.0,0.0,4.3637,0.36139999999999994,4.725099999999999,4.7264
2324,0.159,0.0028,0.1618,0.0291,0.9826946847960445,0.0173053152039555,8.9184,1.6711,8.9184,0.0,0.0,0.0,0.0,8.9184,1.6711,10.589500000000001,10.5887
2325,0.3288,0.0001,0.329,0.0592,0.9993920972644376,0.00030395136778115504,18.6912,0.0816,18.6907,0.0,0.0,0.0,0.0,18.690700000000003,0.08159999999999999,18.772300000000005,18.7752
2326,0.1139,0.0009,0.1149,0.0207,0.9912967798085291,0.007832898172323759,6.2304,0.6059,6.2303,0.0,0.0,0.0,0.0,6.230299999999999,0.6058999999999999,6.836199999999999,6.833
2327,0.3304,0.0033,0.3337,0.0601,0.9901108780341625,0.009889121965837579,18.5364,2.1814,18.5364,0.0,0.0,0.0,0.0,18.5364,2.1814,20.7178,20.7149
2328,0.1939,0.0001,0.194,0.0349,0.9994845360824741,0.0005154639175257732,10.092,0.034,10.0921,0.0001,0.0,0.0,0.0,10.092099999999999,0.033999999999999996,10.1261,10.1272
2329,0.3641,0.0,0.3641,0.0655,1.0,0.0,19.1796,0.0103,19.1794,0.0,0.0,0.0,0.0,19.1794,0.0103,19.189700000000002,19.1874
2330,0.3202,0.0008,0.321,0.0578,0.9975077881619937,0.0024922118380062306,18.6912,0.4842,18.6908,0.0,0.0,0.0,0.0,18.690800000000003,0.48419999999999996,19.175000000000004,19.1741
2331,0.0885,0.0006,0.0891,0.016,0.9932659932659932,0.006734006734006734,4.5492,0.3778,4.5491,0.0,0.0,0.0,0.0,4.549100000000001,0.37779999999999997,4.926900000000001,4.923
2332,0.1724,0.0214,0.1939,0.0349,0.889118102114492,0.11036616812790098,9.4296,13.6202,10.4297,1.0001,0.0,0.0,0.0,10.4297,13.6202,24.0499,24.0451
2333,0.2966,0.0013,0.2979,0.0536,0.9956361195031889,0.00436388049681101,16.2192,0.8156,16.2193,0.0001,0.0,0.0,0.0,16.219299999999997,0.8156000000000001,17.034899999999997,17.0351
2334,0.1261,0.0085,0.1346,0.0242,0.9368499257057948,0.06315007429420506,7.0728,5.1106,7.0723,0.0,0.0,0.0,0.0,7.072300000000001,5.1106,12.1829,12.1804
2335,0.3178,0.0,0.3178,0.0572,1.0,0.0,17.5992,0.0321,17.599,0.0,0.0,0.0,0.0,17.598999999999997,0.032100000000000004,17.631099999999996,17.6356
2336,0.388,0.0013,0.3893,0.0701,0.9966606730028257,0.0033393269971744156,21.2172,0.8642,21.217,0.0,0.0,0.0,0.0,21.217000000000002,0.8642,22.081200000000003,22.0774
2337,0.0768,0.0,0.0768,0.0138,1.0,0.0,4.3632,0.0113,4.3637,0.0005,0.0,0.0,0.0,4.3637,0.011300000000000001,4.375,4.3714
2338,0.2119,0.0,0.2119,0.0381,1.0,0.0,11.5848,0.0127,11.5854,0.0006,0.0,0.0,0.0,11.585400000000002,0.012699999999999998,11.598100000000002,11.6018
2339,0.1609,0.0166,0.1776,0.032,0.9059684684684683,0.09346846846846847,9.2688,11.1391,9.2682,0.0,0.0,0.0,0.0,9.2682,11.139100000000001,20.4073,20.41
2340,0.2864,0.0,0.2864,0.0515,1.0,0.0,15.2724,0.0188,15.2728,0.0004,0.0,0.0,0.0,15.2728,0.018799999999999997,15.2916,15.2899
2341,0.2758,0.0,0.2758,0.0496,1.0,0.0,15.2724,0.0211,15.2726,0.0002,0.0,0.0,0.0,15.2726,0.0211,15.293700000000001,15.2888
2342,0.1578,0.0004,0.1582,0.0285,0.9974715549936788,0.0025284450063211127,8.5236,0.2399,8.524,0.0004,0.0,0.0,0.0,8.524000000000001,0.2399,8.763900000000001,8.7628
2343,0.3039,0.0132,0.317,0.0571,0.9586750788643533,0.0416403785488959,17.0484,8.2735,17.0483,0.0,0.0,0.0,0.0,17.0483,8.273499999999999,25.3218,25.324
2344,0.2764,0.0192,0.2956,0.0532,0.9350473612990527,0.06495263870094722,15.9216,12.788,15.9213,0.0,0.0,0.0,0.0,15.921300000000002,12.788,28.709300000000002,28.7097
2345,0.1363,0.0008,0.1371,0.0247,0.9941648431801605,0.005835156819839533,7.548,0.4706,7.5479,0.0,0.0,0.0,0.0,7.5478999999999985,0.4705999999999999,8.018499999999998,8.0197
2346,0.2625,0.0061,0.2685,0.0483,0.9776536312849162,0.02271880819366853,14.5368,3.6559,14.5372,0.0004,0.0,0.0,0.0,14.537199999999999,3.6558999999999995,18.193099999999998,18.194
2347,0.1293,0.0,0.1294,0.0233,0.9992272024729522,0.0,7.0728,0.0126,7.0723,0.0,0.0,0.0,0.0,7.0723,0.0126,7.0849,7.0835
2348,0.3576,0.0003,0.3579,0.0644,0.9991617770326906,0.0008382229673093042,20.0652,0.1747,20.0656,0.0004,0.0,0.0,0.0,20.0656,0.1747,20.2403,20.2443
2349,0.1974,0.002,0.1994,0.0359,0.9899699097291875,0.010030090270812439,11.3724,1.2989,11.3724,0.0,0.0,0.0,0.0,11.372399999999997,1.2988999999999997,12.671299999999997,12.6691
2350,0.0805,0.0024,0.0829,0.0149,0.971049457177322,0.02895054282267792,4.4592,1.4689,4.4592,0.0,0.0,0.0,0.0,4.4592,1.4688999999999999,5.9281,5.9241
2351,0.1182,0.0,0.1182,0.0213,1.0,0.0,6.546,0.0107,6.5453,0.0,0.0,0.0,0.0,6.545299999999999,0.0107,6.555999999999999,6.5554
2352,0.2684,0.0118,0.2803,0.0504,0.9575454869782377,0.04209775240813414,14.496,7.3435,29.4958,14.9998,0.0,0.0,0.0,29.495799999999996,7.343499999999999,36.839299999999994,36.8428
2353,0.2692,0.0137,0.2829,0.0509,0.9515729939908095,0.04842700600919053,14.5368,8.9686,17.5369,3.0001,0.0,0.0,0.0,17.536900000000003,8.968599999999999,26.5055,26.5097
2354,0.3576,0.0178,0.3754,0.0676,0.9525839104954714,0.047416089504528504,20.0652,10.3707,30.0659,10.0007,0.0,0.0,0.0,30.0659,10.370700000000001,40.4366,40.4367
2355,0.2202,0.0,0.2202,0.0396,1.0,0.0,12.684,0.0053,12.6836,0.0,0.0,0.0,0.0,12.683600000000002,0.0053,12.688900000000002,12.6866
2356,0.1695,0.0223,0.1918,0.0345,0.8837330552659021,0.11626694473409802,9.2688,13.9343,13.268,3.9992,0.0,0.0,0.0,13.267999999999997,13.934299999999999,27.202299999999994,27.6979
2357,0.0673,0.0024,0.0697,0.0125,0.9655667144906743,0.03443328550932568,3.774,1.6246,3.7739,0.0,0.0,0.0,0.0,3.7738999999999994,1.6246000000000003,5.398499999999999,5.3953
2358,0.1781,0.0,0.1781,0.0321,1.0,0.0,9.2688,0.0264,9.2682,0.0,0.0,0.0,0.0,9.2682,0.0264,9.2946,9.2902
2359,0.1227,0.0023,0.125,0.0225,0.9816,0.0184,6.546,1.4043,9.5455,2.9995,0.0,0.0,0.0,9.5455,1.4042999999999999,10.9498,10.9495
2360,0.3039,0.0037,0.3075,0.0554,0.9882926829268293,0.012032520325203253,17.0484,2.3936,22.0483,4.9999,0.0,0.0,0.0,22.0483,2.3935999999999997,24.4419,24.4385
2361,0.1888,0.0,0.1888,0.034,1.0,0.0,10.872,0.0061,10.8717,0.0,0.0,0.0,0.0,10.871700000000002,0.006100000000000001,10.877800000000002,10.8769
2362,0.2961,0.0009,0.2971,0.0535,0.9966341299225849,0.0030292830696735107,16.614,0.585,16.614,0.0,0.0,0.0,0.0,16.613999999999997,0.585,17.198999999999998,17.1994
2363,0.1093,0.0004,0.1097,0.0198,0.9963536918869643,0.0036463081130355514,6.0552,0.2506,7.0552,1.0,0.0,0.0,0.0,7.055199999999999,0.2506,7.3058,7.3108
2364,0.2226,0.0011,0.2236,0.0403,0.9955277280858676,0.004919499105545617,11.5848,0.6599,14.5854,3.0006,0.0,0.0,0.0,14.5854,0.6598999999999999,15.2453,15.2424
2365,0.2333,0.0009,0.2343,0.0422,0.9957319675629535,0.0038412291933418692,13.0908,0.5582,13.0909,0.0001,0.0,0.0,0.0,13.090899999999998,0.5582,13.649099999999997,13.6461
2366,0.0779,0.0005,0.0784,0.0141,0.9936224489795918,0.006377551020408163,4.5492,0.311,4.5492,0.0,0.0,0.0,0.0,4.549200000000001,0.31099999999999994,4.860200000000001,4.8592
2367,0.3601,0.0038,0.3639,0.0655,0.9895575707611981,0.010442429238801869,20.4708,2.2989,23.4702,2.9994,0.0,0.0,0.0,23.4702,2.2988999999999997,25.769099999999998,25.7669
2368,0.269,0.0002,0.2693,0.0485,0.9988860007426663,0.0007426661715558857,15.9216,0.1552,20.9216,5.0,0.0,0.0,0.0,20.921599999999998,0.1552,21.0768,21.0793
2369,0.0681,0.0008,0.0689,0.0124,0.9883889695210448,0.011611030478955007,3.774,0.5175,4.774,1.0,0.0,0.0,0.0,4.773999999999999,0.5175000000000001,5.291499999999999,5.2941
2370,0.1856,0.0001,0.1857,0.0334,0.9994614970382336,0.0005385029617662897,9.7776,0.0611,9.7771,0.0,0.0,0.0,0.0,9.777099999999999,0.061099999999999995,9.838199999999999,9.834
2371,0.3418,0.0005,0.3423,0.0616,0.9985392930178206,0.001460706982179375,18.6912,0.3193,24.6906,5.9994,0.0,0.0,0.0,24.690600000000003,0.31930000000000003,25.009900000000002,25.0146
2372,0.2651,0.0002,0.2653,0.0478,0.9992461364493027,0.0007538635506973239,14.496,0.1569,16.4959,1.9999,0.0,0.0,0.0,16.4959,0.15689999999999998,16.6528,16.6491
2373,0.0699,0.0011,0.071,0.0128,0.9845070422535213,0.015492957746478875,3.774,0.7153,7.7739,3.9999,0.0,0.0,0.0,7.773899999999999,0.7153,8.4892,8.4876
2374,0.2601,0.0002,0.2603,0.0469,0.9992316557817903,0.0007683442182097581,15.6072,0.1024,15.607,0.0,0.0,0.0,0.0,15.606999999999996,0.10240000000000002,15.709399999999995,15.7115
2375,0.3276,0.0005,0.328,0.059,0.998780487804878,0.001524390243902439,17.0484,0.3025,19.0484,2.0,0.0,0.0,0.0,19.0484,0.3025,19.3509,19.8543
2376,0.2038,0.0,0.2038,0.0367,1.0,0.0,11.5848,0.0121,11.5852,0.0004,0.0,0.0,0.0,11.585200000000002,0.012100000000000001,11.597300000000002,11.6013
2377,0.3137,0.0017,0.3153,0.0568,0.9949254678084363,0.005391690453536314,17.5992,0.9526,31.599,13.9998,0.0,0.0,0.0,31.598999999999997,0.9526,32.55159999999999,32.5532
2378,0.0663,0.0001,0.0664,0.012,0.9984939759036144,0.0015060240963855422,3.624,0.0938,3.624,0.0,0.0,0.0,0.0,3.624,0.0938,3.7178,3.7184
2379,0.2369,0.0055,0.2424,0.0436,0.9773102310231023,0.022689768976897687,13.6476,3.5728,28.647,14.9994,0.0,0.0,0.0,28.647,3.5728,32.2198,32.7165
2380,0.1699,0.0101,0.18,0.0324,0.9438888888888889,0.05611111111111111,9.06,6.6979,20.0599,10.9999,0.0,0.0,0.0,20.059899999999995,6.697900000000001,26.757799999999996,27.7563
2381,0.15,0.0001,0.1501,0.027,0.9993337774816787,0.0006662225183211193,8.3064,0.0711,10.307,2.0006,0.0,0.0,0.0,10.306999999999999,0.0711,10.378099999999998,10.376
2382,0.1007,0.0029,0.1035,0.0186,0.9729468599033817,0.028019323671497585,5.436,1.6676,15.4359,9.9999,0.0,0.0,0.0,15.4359,1.6676000000000002,17.1035,17.1076
2383,0.3762,0.0001,0.3763,0.0677,0.9997342545841083,0.00026574541589157585,20.0652,0.0355,20.0659,0.0007,0.0,0.0,0.0,20.0659,0.0355,20.101399999999998,20.1015
2384,0.0815,0.0079,0.0894,0.0161,0.9116331096196869,0.08836689038031321,4.6344,5.1865,16.6342,11.9998,0.0,0.0,0.0,16.634200000000003,5.1865,21.820700000000002,22.317
2385,0.2446,0.0005,0.2451,0.0441,0.9979600163198694,0.002039983680130559,13.3776,0.3043,15.377,1.9994,0.0,0.0,0.0,15.376999999999999,0.30429999999999996,15.681299999999998,15.6843
2386,0.2416,0.0001,0.2417,0.0435,0.9995862639635913,0.00041373603640877123,14.496,0.0961,15.4957,0.9997,0.0,0.0,0.0,15.4957,0.09609999999999999,15.5918,15.5921
2387,0.314,0.0,0.314,0.0565,1.0,0.0,16.1472,0.016,16.1473,0.0001,0.0,0.0,0.0,16.147299999999998,0.016,16.163299999999996,16.1586
2388,0.2013,0.0193,0.2206,0.0397,0.9125113327289212,0.08748866727107889,11.148,12.0822,22.1475,10.9995,0.0,0.0,0.0,22.147499999999994,12.0822,34.229699999999994,34.2249
2389,0.1325,0.0099,0.1424,0.0256,0.9304775280898877,0.06952247191011236,7.248,6.3207,30.2479,22.9999,0.0,0.0,0.0,30.247899999999998,6.3207,36.568599999999996,37.568
2390,0.337,0.0005,0.3374,0.0607,0.9988144635447541,0.0014819205690574987,18.1956,0.2833,18.1961,0.0005,0.0,0.0,0.0,18.1961,0.2833,18.479400000000002,18.4795
2391,0.1046,0.0002,0.1048,0.0189,0.998091603053435,0.0019083969465648854,5.8668,0.1119,10.8663,4.9995,0.0,0.0,0.0,10.866299999999999,0.1119,10.9782,10.9803
2392,0.1615,0.0011,0.1626,0.0293,0.9932349323493236,0.006765067650676507,9.06,0.6661,20.0598,10.9998,0.0,0.0,0.0,20.059799999999996,0.6661,20.725899999999996,21.2241
2393,0.1538,0.0003,0.1541,0.0277,0.9980532121998702,0.001946787800129786,8.3064,0.1539,10.3068,2.0004,0.0,0.0,0.0,10.306799999999999,0.15389999999999998,10.4607,10.4615
2394,0.1111,0.0016,0.1127,0.0203,0.9858030168589176,0.01419698314108252,6.2304,1.0807,14.23,7.9996,0.0,0.0,0.0,14.23,1.0807000000000002,15.3107,15.8107
2395,0.3546,0.0,0.3546,0.0638,1.0,0.0,19.6368,0.0197,22.6363,2.9995,0.0,0.0,0.0,22.6363,0.019700000000000002,22.656,22.6597
2396,0.1681,0.0003,0.1684,0.0303,0.9982185273159145,0.0017814726840855106,9.4296,0.2032,16.4296,7.0,0.0,0.0,0.0,16.4296,0.20319999999999996,16.6328,16.6296
2397,0.2446,0.0048,0.2495,0.0449,0.9803607214428858,0.019238476953907815,13.3776,2.8698,21.3772,7.9996,0.0,0.0,0.0,21.377199999999995,2.8698,24.246999999999996,24.2427
2398,0.0778,0.0003,0.0781,0.0141,0.996158770806658,0.003841229193341869,4.3632,0.1894,4.3636,0.0004,0.0,0.0,0.0,4.3636,0.1894,4.553,4.5543
2399,0.2128,0.0026,0.2154,0.0388,0.9879294336118848,0.012070566388115133,11.7876,1.6531,11.7871,0.0,0.0,0.0,0.0,11.7871,1.6531,13.4402,13.4388
2400,0.1125,0.0073,0.1198,0.0216,0.9390651085141903,0.06093489148580968,6.3936,4.3467,24.3934,17.9998,0.0,0.0,0.0,24.3934,4.3467,28.740099999999998,28.7395
2401,0.0724,0.0013,0.0737,0.0133,0.9823609226594302,0.017639077340569877,3.9108,0.7848,5.911,2.0002,0.0,0.0,0.0,5.911,0.7847999999999998,6.695799999999999,6.7
2402,0.2446,0.0092,0.2538,0.0457,0.9637509850275807,0.036249014972419225,13.3776,5.5708,18.3771,4.9995,0.0,0.0,0.0,18.3771,5.570799999999999,23.947899999999997,24.445
2403,0.2187,0.0,0.2187,0.0394,1.0,0.0,12.1104,0.017,12.1107,0.0003,0.0,0.0,0.0,12.110700000000001,0.016999999999999998,12.1277,12.1307
2404,0.2788,0.0007,0.2795,0.0503,0.9974955277280857,0.002504472271914132,15.6432,0.4329,15.6432,0.0,0.0,0.0,0.0,15.643199999999998,0.43289999999999995,16.076099999999997,16.0809
2405,0.2433,0.0,0.2433,0.0438,1.0,0.0,13.6476,0.0205,13.6472,0.0,0.0,0.0,0.0,13.647199999999998,0.0205,13.667699999999998,13.672
2406,0.2624,0.0005,0.2629,0.0473,0.99809813617345,0.001901863826550019,14.9172,0.2796,14.9172,0.0,0.0,0.0,0.0,14.917200000000001,0.2796,15.196800000000001,15.1978
2407,0.3591,0.0001,0.3592,0.0646,0.9997216035634743,0.00027839643652561246,19.6368,0.0383,19.6362,0.0,0.0,0.0,0.0,19.636200000000002,0.0383,19.674500000000002,19.6724
2408,0.0664,0.0002,0.0666,0.012,0.996996996996997,0.003003003003003003,3.774,0.1177,3.774,0.0,0.0,0.0,0.0,3.773999999999999,0.1177,3.8916999999999993,3.8918
2409,0.3364,0.0059,0.3423,0.0616,0.9827636576102833,0.017236342389716622,18.1656,3.9229,22.1657,4.0001,0.0,0.0,0.0,22.165699999999998,3.9229000000000003,26.0886,26.0908
2410,0.2693,0.0001,0.2695,0.0485,0.9992578849721706,0.00037105751391465676,14.9172,0.0796,14.9172,0.0,0.0,0.0,0.0,14.917200000000001,0.07960000000000002,14.9968,15.0009
2411,0.3682,0.0019,0.3701,0.0666,0.994866252364226,0.005133747635774115,19.6368,1.1782,22.6364,2.9996,0.0,0.0,0.0,22.636400000000002,1.1782,23.814600000000002,23.8167
2412,0.1984,0.0013,0.1997,0.0359,0.9934902353530296,0.006509764646970456,11.5848,0.8184,11.5853,0.0005,0.0,0.0,0.0,11.585300000000002,0.8183999999999999,12.403700000000002,12.4027
2413,0.2865,0.0,0.2866,0.0516,0.9996510816468944,0.0,15.096,0.0132,15.0958,0.0,0.0,0.0,0.0,15.095799999999997,0.013199999999999996,15.108999999999996,15.1041
2414,0.3419,0.0001,0.3419,0.0615,1.0,0.00029248318221702257,19.1796,0.0422,19.1793,0.0,0.0,0.0,0.0,19.179299999999998,0.0422,19.2215,19.2257
2415,0.1287,0.0003,0.1291,0.0232,0.996901626646011,0.0023237800154918666,6.9516,0.205,6.9511,0.0,0.0,0.0,0.0,6.9511,0.205,7.1561,7.1578
2416,0.2472,0.0001,0.2472,0.0445,1.0,0.0004045307443365696,13.6884,0.0585,13.6882,0.0,0.0,0.0,0.0,13.6882,0.058499999999999996,13.7467,13.7491
2417,0.1167,0.0003,0.117,0.0211,0.9974358974358973,0.0025641025641025637,6.546,0.1759,6.5455,0.0,0.0,0.0,0.0,6.545499999999999,0.1759,6.721399999999999,6.7235
2418,0.1685,0.0027,0.1712,0.0308,0.9842289719626169,0.01577102803738318,9.0984,1.7686,9.0979,0.0,0.0,0.0,0.0,9.097900000000001,1.7686000000000002,10.866500000000002,10.8617
2419,0.2303,0.007,0.2373,0.0427,0.9705014749262537,0.029498525073746312,13.0908,4.3671,13.0908,0.0,0.0,0.0,0.0,13.090799999999998,4.3671,17.4579,17.4576
2420,0.0851,0.0,0.0852,0.0153,0.9988262910798121,0.0,4.7148,0.0229,4.7149,0.0001,0.0,0.0,0.0,4.7149,0.022899999999999997,4.7378,4.7376
2421,0.2818,0.0,0.2818,0.0507,1.0,0.0,15.6072,0.0089,15.6066,0.0,0.0,0.0,0.0,15.606599999999997,0.0089,15.615499999999997,15.6179
2422,0.3055,0.0,0.3056,0.055,0.99967277486911,0.0,17.5992,0.0066,17.599,0.0,0.0,0.0,0.0,17.598999999999997,0.006600000000000002,17.605599999999995,17.6091
2423,0.222,0.0,0.222,0.04,1.0,0.0,12.786,0.008,12.7861,0.0001,0.0,0.0,0.0,12.7861,0.008,12.794099999999998,12.7971
2424,0.1468,0.0,0.1468,0.0264,1.0,0.0,7.548,0.0282,7.5478,0.0,0.0,0.0,0.0,7.547799999999999,0.028199999999999996,7.575999999999999,7.5712
2425,0.2446,0.0008,0.2453,0.0442,0.9971463514064411,0.0032613126783530375,13.902,0.481,13.9021,0.0001,0.0,0.0,0.0,13.9021,0.481,14.3831,14.3827
2426,0.249,0.0009,0.2499,0.045,0.9963985594237694,0.0036014405762304917,14.5368,0.5602,14.5371,0.0003,0.0,0.0,0.0,14.5371,0.5601999999999999,15.0973,15.0932
2427,0.3327,0.017,0.3498,0.063,0.951114922813036,0.04859919954259577,18.1956,11.0136,20.1959,2.0003,0.0,0.0,0.0,20.1959,11.0136,31.209500000000002,31.2104
2428,0.1802,0.0001,0.1803,0.0325,0.9994453688297283,0.0005546311702717693,9.2688,0.0406,9.2681,0.0,0.0,0.0,0.0,9.268099999999997,0.0406,9.308699999999996,9.3082
2429,0.2758,0.0008,0.2766,0.0498,0.9971077368040491,0.0028922631959508315,15.2724,0.5281,15.2728,0.0004,0.0,0.0,0.0,15.2728,0.5281,15.8009,15.8058
2430,0.1748,0.0003,0.1751,0.0315,0.9982866933181039,0.001713306681896059,9.0984,0.195,9.0982,0.0,0.0,0.0,0.0,9.098200000000002,0.19500000000000003,9.293200000000002,9.2953
2431,0.1177,0.0001,0.1178,0.0212,0.999151103565365,0.0008488964346349745,6.6888,0.0821,6.6885,0.0,0.0,0.0,0.0,6.688500000000001,0.0821,6.770600000000001,6.7756
2432,0.2279,0.0041,0.232,0.0418,0.9823275862068964,0.01767241379310345,12.786,2.6497,12.7862,0.0002,0.0,0.0,0.0,12.786200000000001,2.6497,15.4359,15.4406
2433,0.2376,0.0007,0.2383,0.0429,0.9970625262274444,0.002937473772555602,13.6884,0.4458,15.6879,1.9995,0.0,0.0,0.0,15.687900000000003,0.44580000000000003,16.1337,16.1298
2434,0.1197,0.002,0.1217,0.0219,0.9835661462612982,0.016433853738701727,6.546,1.2579,7.5454,0.9994,0.0,0.0,0.0,7.545399999999999,1.2579,8.803299999999998,8.8007
2435,0.2962,0.0,0.2963,0.0533,0.9996625042186973,0.0,15.6072,0.0219,15.6067,0.0,0.0,0.0,0.0,15.606699999999996,0.0219,15.628599999999997,15.6329
2436,0.3361,0.0002,0.3363,0.0605,0.9994052928932501,0.0005947071067499257,18.8592,0.1022,18.8592,0.0,0.0,0.0,0.0,18.8592,0.10220000000000001,18.9614,18.9614
2437,0.3027,0.0013,0.304,0.0547,0.9957236842105264,0.0042763157894736845,16.9824,0.8509,16.9824,0.0,0.0,0.0,0.0,16.982400000000002,0.8509,17.8333,17.8323
2438,0.1167,0.0002,0.1169,0.021,0.9982891360136869,0.001710863986313088,6.546,0.1714,6.5454,0.0,0.0,0.0,0.0,6.545399999999999,0.1714,6.716799999999999,6.7181
2439,0.0759,0.0035,0.0795,0.0143,0.9547169811320754,0.0440251572327044,4.1532,2.3756,4.1534,0.0002,0.0,0.0,0.0,4.1534,2.3756,6.529,6.5307
2440,0.3791,0.0,0.3791,0.0682,1.0,0.0,20.4708,0.02,20.4704,0.0,0.0,0.0,0.0,20.470399999999998,0.019999999999999997,20.490399999999998,20.4877
2441,0.3259,0.0002,0.3261,0.0587,0.9993866911990188,0.0006133088009812941,17.5992,0.1093,17.5988,0.0,0.0,0.0,0.0,17.598799999999997,0.1093,17.708099999999998,17.7031
2442,0.1363,0.0,0.1363,0.0245,1.0,0.0,7.548,0.0214,7.5479,0.0,0.0,0.0,0.0,7.5478999999999985,0.0214,7.569299999999998,7.5717
2443,0.1182,0.0092,0.1274,0.0229,0.9277864992150705,0.07221350078492934,6.546,5.8145,11.5458,4.9998,0.0,0.0,0.0,11.545800000000002,5.8145,17.360300000000002,17.3581
2444,0.2818,0.0001,0.2819,0.0507,0.9996452642781128,0.0003547357218871941,15.6072,0.0494,15.6069,0.0,0.0,0.0,0.0,15.606899999999996,0.0494,15.656299999999996,15.6537
2445,0.362,0.0044,0.3664,0.066,0.9879912663755458,0.012008733624454149,20.8536,2.7812,27.8533,6.9997,0.0,0.0,0.0,27.8533,2.7812,30.634500000000003,30.6317
2446,0.1938,0.0,0.1938,0.0349,1.0,0.0,10.872,0.0287,10.8716,0.0,0.0,0.0,0.0,10.871600000000003,0.0287,10.900300000000003,10.9003
2447,0.0943,0.0002,0.0945,0.017,0.9978835978835978,0.0021164021164021165,5.6604,0.0987,5.6606,0.0002,0.0,0.0,0.0,5.6606000000000005,0.0987,5.7593000000000005,5.7623
2448,0.1254,0.0006,0.126,0.0227,0.9952380952380954,0.0047619047619047615,6.6888,0.3474,6.6885,0.0,0.0,0.0,0.0,6.688500000000001,0.34740000000000004,7.035900000000002,7.0385
2449,0.1573,0.0,0.1573,0.0283,1.0,0.0,9.06,0.0133,9.0596,0.0,0.0,0.0,0.0,9.059599999999998,0.013300000000000001,9.072899999999997,9.0715
2450,0.1359,0.0003,0.1362,0.0245,0.9977973568281939,0.0022026431718061676,7.248,0.2143,9.2479,1.9999,0.0,0.0,0.0,9.2479,0.2143,9.4622,9.4635
2451,0.3744,0.0002,0.3746,0.0674,0.9994660971703151,0.0005339028296849974,20.4708,0.1529,21.4706,0.9998,0.0,0.0,0.0,21.4706,0.15289999999999998,21.6235,21.6279
2452,0.3159,0.0056,0.3215,0.0579,0.9825816485225506,0.017418351477449454,18.1956,3.7182,21.196,3.0004,0.0,0.0,0.0,21.196000000000005,3.7181999999999995,24.914200000000005,24.9182
2453,0.1254,0.0006,0.126,0.0227,0.9952380952380954,0.0047619047619047615,6.6888,0.3387,7.6886,0.9998,0.0,0.0,0.0,7.6886,0.33869999999999995,8.0273,8.0239
2454,0.3041,0.0021,0.3062,0.0551,0.9931417374265185,0.006858262573481383,16.2192,1.2915,21.2193,5.0001,0.0,0.0,0.0,21.219300000000004,1.2914999999999999,22.510800000000003,22.5115
2455,0.0724,0.0001,0.0725,0.0131,0.9986206896551726,0.0013793103448275863,3.9108,0.057,3.9109,0.0001,0.0,0.0,0.0,3.9109,0.057,3.9678999999999998,3.9657
2456,0.1442,0.004,0.1482,0.0267,0.9730094466936572,0.02699055330634278,8.3064,2.5332,15.3068,7.0004,0.0,0.0,0.0,15.306799999999999,2.5332000000000003,17.84,17.8376
2457,0.2649,0.0064,0.2714,0.0488,0.9760501105379515,0.02358142962417097,14.1288,4.1715,17.1288,3.0,0.0,0.0,0.0,17.128800000000002,4.1715,21.3003,21.3038
2458,0.2486,0.0,0.2486,0.0447,1.0,0.0,14.1288,0.0095,14.1289,0.0001,0.0,0.0,0.0,14.128900000000002,0.009499999999999998,14.1384,14.1417
2459,0.3492,0.0012,0.3505,0.0631,0.9962910128388018,0.0034236804564907273,18.8592,0.7655,20.8593,2.0001,0.0,0.0,0.0,20.8593,0.7654999999999998,21.6248,21.6273
2460,0.2159,0.0001,0.2159,0.0389,1.0,0.0004631773969430292,11.3724,0.042,11.3727,0.0003,0.0,0.0,0.0,11.372699999999998,0.042,11.414699999999998,11.4112
2461,0.388,0.0,0.388,0.0698,1.0,0.0,21.2172,0.0093,21.2166,0.0,0.0,0.0,0.0,21.216600000000003,0.009299999999999998,21.225900000000003,21.2252
2462,0.0701,0.0004,0.0705,0.0127,0.9943262411347518,0.005673758865248228,4.0368,0.2775,4.0371,0.0003,0.0,0.0,0.0,4.0371,0.27749999999999997,4.3145999999999995,4.3098
2463,0.1888,0.0001,0.1889,0.034,0.9994706193753308,0.0005293806246691371,10.872,0.0882,11.8716,0.9996,0.0,0.0,0.0,11.871600000000003,0.0882,11.959800000000003,11.9596
2464,0.1402,0.0019,0.142,0.0256,0.9873239436619718,0.013380281690140846,8.0736,1.1925,9.0737,1.0001,0.0,0.0,0.0,9.0737,1.1925000000000001,10.266200000000001,10.2656
2465,0.166,0.0001,0.166,0.0299,1.0,0.0006024096385542168,9.4344,0.0431,9.4346,0.0002,0.0,0.0,0.0,9.4346,0.0431,9.4777,9.4801
2466,0.1636,0.0037,0.1674,0.0301,0.977299880525687,0.022102747909199524,8.7276,2.5041,8.7274,0.0,0.0,0.0,0.0,8.727399999999998,2.5041,11.231499999999997,11.2362
2467,0.3218,0.0018,0.3236,0.0582,0.9944375772558713,0.005562422744128554,17.5992,1.0455,17.5991,0.0,0.0,0.0,0.0,17.599099999999996,1.0454999999999999,18.644599999999997,18.6434
2468,0.0724,0.0004,0.0728,0.0131,0.9945054945054945,0.005494505494505494,3.9108,0.2511,3.9108,0.0,0.0,0.0,0.0,3.9107999999999996,0.2511,4.161899999999999,4.1666
2469,0.3585,0.0,0.3586,0.0645,0.9997211377579476,0.0,21.2172,0.024,21.2167,0.0,0.0,0.0,0.0,21.216700000000003,0.024,21.240700000000004,21.2426
2470,0.3727,0.0039,0.3767,0.0678,0.9893814706663127,0.010353066100345103,19.6368,2.3689,20.6367,0.9999,0.0,0.0,0.0,20.636699999999998,2.3689,23.005599999999998,23.508
2471,0.3381,0.0004,0.3386,0.0609,0.9985233313644418,0.0011813349084465446,17.5992,0.2629,17.5989,0.0,0.0,0.0,0.0,17.598899999999997,0.2629,17.861799999999995,17.8609
2472,0.0688,0.0002,0.069,0.0124,0.9971014492753623,0.002898550724637681,3.9108,0.1132,5.9108,2.0,0.0,0.0,0.0,5.910799999999999,0.1132,6.023999999999999,6.0191
2473,0.3262,0.0047,0.3309,0.0596,0.9857963130855242,0.014203686914475672,17.8368,2.8747,22.8362,4.9994,0.0,0.0,0.0,22.836199999999998,2.8747,25.7109,25.7092
2474,0.3437,0.0009,0.3446,0.062,0.9973882762623331,0.0026117237376668597,20.0652,0.5982,20.0656,0.0004,0.0,0.0,0.0,20.0656,0.5982000000000001,20.6638,20.6594
2475,0.3649,0.0,0.3649,0.0657,1.0,0.0,20.4708,0.0249,20.4702,0.0,0.0,0.0,0.0,20.4702,0.0249,20.495099999999997,20.4988
2476,0.3221,0.0047,0.3267,0.0588,0.9859198041016223,0.014386287113559841,17.8368,2.8611,20.8364,2.9996,0.0,0.0,0.0,20.836399999999998,2.8610999999999995,23.697499999999998,23.7018
2477,0.3027,0.0008,0.3035,0.0546,0.9973640856672159,0.002635914332784185,16.9824,0.4803,16.9827,0.0003,0.0,0.0,0.0,16.9827,0.4803,17.463,17.4629
2478,0.1746,0.0099,0.1845,0.0332,0.9463414634146342,0.05365853658536586,9.4296,6.2706,12.4296,3.0,0.0,0.0,0.0,12.4296,6.270600000000001,18.700200000000002,19.1955
2479,0.0808,0.0009,0.0817,0.0147,0.988984088127295,0.011015911872705019,4.3632,0.6075,5.3633,1.0001,0.0,0.0,0.0,5.3633,0.6075,5.9708,5.972
2480,0.3744,0.0094,0.3837,0.0691,0.9757623143080533,0.024498305968204327,20.4708,5.9722,28.4704,7.9996,0.0,0.0,0.0,28.470399999999998,5.972200000000001,34.4426,34.4403
2481,0.2722,0.0002,0.2724,0.049,0.999265785609398,0.0007342143906020559,15.2724,0.141,15.2726,0.0002,0.0,0.0,0.0,15.2726,0.14100000000000001,15.4136,15.4155
2482,0.1035,0.0,0.1035,0.0186,1.0,0.0,5.6604,0.0124,5.6611,0.0007,0.0,0.0,0.0,5.6611,0.0124,5.673500000000001,5.6768
2483,0.2928,0.0086,0.3014,0.0543,0.9714664897146649,0.028533510285335104,16.2192,5.7228,20.2193,4.0001,0.0,0.0,0.0,20.219300000000004,5.722799999999999,25.942100000000003,26.4462
2484,0.1046,0.0065,0.111,0.02,0.9423423423423423,0.05855855855855856,5.8668,3.7672,7.8662,1.9994,0.0,0.0,0.0,7.866200000000001,3.7672000000000003,11.633400000000002,11.6314
2485,0.3094,0.0186,0.328,0.059,0.9432926829268292,0.05670731707317073,16.5024,12.2037,19.5017,2.9993,0.0,0.0,0.0,19.5017,12.203700000000001,31.7054,31.7103
2486,0.3455,0.0005,0.346,0.0623,0.9985549132947977,0.0014450867052023123,19.6368,0.3183,19.6365,0.0,0.0,0.0,0.0,19.636500000000005,0.31829999999999997,19.954800000000006,19.9536
2487,0.1698,0.0001,0.1698,0.0306,1.0,0.0005889281507656066,9.7776,0.0305,9.7769,0.0,0.0,0.0,0.0,9.7769,0.0305,9.8074,9.8067
2488,0.35,0.0022,0.3522,0.0634,0.9937535491198182,0.0062464508801817155,19.6368,1.4071,25.6363,5.9995,0.0,0.0,0.0,25.6363,1.4071,27.0434,27.5427
2489,0.3375,0.0034,0.3409,0.0614,0.9900264007040189,0.009973599295981227,18.6912,2.118,20.6907,1.9995,0.0,0.0,0.0,20.690700000000003,2.118,22.8087,22.8069
2490,0.2102,0.0009,0.2112,0.038,0.9952651515151515,0.004261363636363636,12.1104,0.5544,13.1105,1.0001,0.0,0.0,0.0,13.1105,0.5544,13.6649,13.6625
2491,0.1699,0.0,0.1699,0.0306,1.0,0.0,9.06,0.028,9.0597,0.0,0.0,0.0,0.0,9.059700000000001,0.027999999999999997,9.087700000000002,9.0894
2492,0.3814,0.0006,0.382,0.0688,0.9984293193717277,0.0015706806282722511,20.8536,0.4238,21.8534,0.9998,0.0,0.0,0.0,21.8534,0.42379999999999995,22.2772,22.7734
2493,0.2793,0.0015,0.2808,0.0505,0.9946581196581197,0.005341880341880342,16.308,0.925,19.308,3.0,0.0,0.0,0.0,19.308,0.925,20.233,21.2349
2494,0.0654,0.0126,0.078,0.014,0.8384615384615385,0.16153846153846155,3.624,7.3593,8.624,5.0,0.0,0.0,0.0,8.623999999999999,7.359300000000001,15.9833,15.9868
2495,0.084,0.0053,0.0893,0.0161,0.9406494960806271,0.059350503919372896,4.7148,3.307,9.7148,5.0,0.0,0.0,0.0,9.7148,3.3069999999999995,13.021799999999999,13.5176
2496,0.072,0.0119,0.0839,0.0151,0.8581644815256256,0.14183551847437426,4.0368,7.0166,5.0369,1.0001,0.0,0.0,0.0,5.036899999999999,7.0166,12.0535,12.0521
2497,0.1107,0.0008,0.1115,0.0201,0.9928251121076234,0.007174887892376682,6.0552,0.5023,6.0552,0.0,0.0,0.0,0.0,6.0552,0.5023,6.5575,6.5584
2498,0.2215,0.0012,0.2227,0.0401,0.994611585092052,0.0053884149079479115,12.1104,0.8727,16.1106,4.0002,0.0,0.0,0.0,16.1106,0.8727000000000001,16.983300000000003,17.4862
2499,0.3056,0.0001,0.3057,0.055,0.9996728819103695,0.00032711808963035657,16.5024,0.0515,16.502,0.0,0.0,0.0,0.0,16.502,0.0515,16.5535,16.5554
2500,0.3623,0.0,0.3624,0.0652,0.9997240618101546,0.0,18.8592,0.0215,18.8592,0.0,0.0,0.0,0.0,18.8592,0.0215,18.8807,18.8767
2501,0.3463,0.0002,0.3465,0.0624,0.9994227994227994,0.0005772005772005773,19.1796,0.1567,22.1792,2.9996,0.0,0.0,0.0,22.1792,0.15669999999999998,22.335900000000002,22.337
2502,0.3201,0.0076,0.3277,0.059,0.9768080561489167,0.023191943851083308,18.1956,4.7625,19.1959,1.0003,0.0,0.0,0.0,19.195900000000005,4.7625,23.958400000000005,23.9599
2503,0.1261,0.0,0.1261,0.0227,1.0,0.0,7.0728,0.0137,7.0724,0.0,0.0,0.0,0.0,7.072400000000001,0.0137,7.086100000000001,7.0879
2504,0.1412,0.0116,0.1528,0.0275,0.9240837696335078,0.07591623036649214,7.8216,7.7005,14.8218,7.0002,0.0,0.0,0.0,14.8218,7.7005,22.5223,22.5176
2505,0.2381,0.0,0.2382,0.0429,0.9995801847187238,0.0,13.902,0.0226,13.9025,0.0005,0.0,0.0,0.0,13.9025,0.0226,13.9251,13.9245
2506,0.2985,0.0004,0.299,0.0538,0.9983277591973244,0.0013377926421404684,15.9216,0.2957,15.9215,0.0,0.0,0.0,0.0,15.921500000000002,0.2957,16.217200000000002,16.2201
2507,0.2651,0.0017,0.2668,0.048,0.9936281859070466,0.006371814092953523,15.2724,1.1411,18.2728,3.0004,0.0,0.0,0.0,18.2728,1.1410999999999998,19.413899999999998,19.4094
2508,0.2915,0.0064,0.298,0.0536,0.9781879194630873,0.021476510067114096,16.1472,4.1301,16.1473,0.0001,0.0,0.0,0.0,16.147299999999998,4.1301000000000005,20.2774,20.2757
2509,0.3437,0.0015,0.3452,0.0621,0.9956546929316338,0.004345307068366165,20.0652,1.0305,22.0655,2.0003,0.0,0.0,0.0,22.0655,1.0305,23.096,23.0918
2510,0.1342,0.0022,0.1365,0.0246,0.9831501831501832,0.016117216117216115,7.248,1.4739,7.2478,0.0,0.0,0.0,0.0,7.2478,1.4739000000000002,8.7217,9.7254
2511,0.3791,0.0001,0.3792,0.0683,0.9997362869198313,0.0002637130801687764,20.4708,0.0903,20.4706,0.0,0.0,0.0,0.0,20.470599999999997,0.09030000000000002,20.560899999999997,20.5657
2512,0.069,0.01,0.0791,0.0142,0.8723135271807838,0.1264222503160556,3.774,6.1408,4.7739,0.9999,0.0,0.0,0.0,4.773899999999999,6.1408,10.9147,11.9168
2513,0.2388,0.0002,0.2389,0.043,0.9995814148179155,0.0008371703641691084,14.1288,0.1068,14.129,0.0002,0.0,0.0,0.0,14.129000000000001,0.10679999999999999,14.235800000000001,14.7375
2514,0.3929,0.0005,0.3934,0.0708,0.9987290289781393,0.0012709710218607015,21.2172,0.3475,21.2165,0.0,0.0,0.0,0.0,21.216500000000003,0.3475,21.564000000000004,21.5669
2515,0.2557,0.0014,0.2572,0.0463,0.9941679626749611,0.005443234836702955,14.5368,0.9386,17.537,3.0002,0.0,0.0,0.0,17.537000000000003,0.9386,18.475600000000004,18.4762
2516,0.2097,0.0,0.2097,0.0377,1.0,0.0,11.322,0.0055,12.3219,0.9999,0.0,0.0,0.0,12.321900000000001,0.0055000000000000005,12.3274,12.3264
2517,0.1046,0.0003,0.1049,0.0189,0.9971401334604386,0.002859866539561487,5.8668,0.2194,7.8664,1.9996,0.0,0.0,0.0,7.866400000000001,0.21939999999999998,8.0858,8.084
2518,0.1851,0.0,0.1851,0.0333,1.0,0.0,10.3836,0.0183,10.3836,0.0,0.0,0.0,0.0,10.383599999999998,0.018299999999999997,10.401899999999998,10.4005
2519,0.084,0.0024,0.0865,0.0156,0.9710982658959539,0.027745664739884393,4.7148,1.6934,7.7148,3.0,0.0,0.0,0.0,7.7148,1.6934000000000002,9.4082,9.4122
2520,0.3855,0.0005,0.386,0.0695,0.9987046632124352,0.0012953367875647669,20.0652,0.2996,20.0656,0.0004,0.0,0.0,0.0,20.0656,0.2996,20.3652,20.361
2521,0.3273,0.0001,0.3274,0.0589,0.9996945632254122,0.00030543677458766036,17.454,0.0805,17.4543,0.0003,0.0,0.0,0.0,17.454299999999996,0.0805,17.534799999999997,17.5329
2522,0.3791,0.0157,0.3948,0.0711,0.9602330293819655,0.03976697061803445,20.4708,10.0558,21.4706,0.9998,0.0,0.0,0.0,21.470599999999997,10.0558,31.526399999999995,31.5282
2523,0.2183,0.0,0.2183,0.0393,1.0,0.0,11.7876,0.027,11.7869,0.0,0.0,0.0,0.0,11.786900000000001,0.027,11.8139,11.8139
2524,0.2793,0.0041,0.2834,0.051,0.9855328158080452,0.014467184191954837,15.2724,2.6328,15.2724,0.0,0.0,0.0,0.0,15.272400000000001,2.6328,17.9052,17.9092
2525,0.2827,0.0052,0.2879,0.0518,0.9819381729767281,0.01806182702327197,16.5024,3.2496,17.5019,0.9995,0.0,0.0,0.0,17.5019,3.2495999999999996,20.7515,20.7553
2526,0.1958,0.0003,0.1961,0.0353,0.998470168281489,0.0015298317185109638,11.5848,0.1992,11.5851,0.0003,0.0,0.0,0.0,11.585100000000002,0.1992,11.784300000000002,11.7874
2527,0.1539,0.0174,0.1713,0.0308,0.8984238178633975,0.10157618213660244,8.5236,10.373,8.5241,0.0005,0.0,0.0,0.0,8.5241,10.373000000000001,18.897100000000002,18.9017
2528,0.2116,0.0038,0.2154,0.0388,0.9823584029712163,0.017641597028783658,11.148,2.5806,11.1476,0.0,0.0,0.0,0.0,11.1476,2.5806,13.728200000000001,13.7322
2529,0.1851,0.0,0.1851,0.0333,1.0,0.0,10.3836,0.0093,10.3837,0.0001,0.0,0.0,0.0,10.383699999999997,0.0093,10.392999999999997,10.3929
2530,0.1192,0.0006,0.1199,0.0216,0.994161801501251,0.00500417014178482,6.6888,0.3869,6.6886,0.0,0.0,0.0,0.0,6.688600000000001,0.38689999999999997,7.075500000000001,7.0779
2531,0.075,0.0068,0.0818,0.0147,0.9168704156479217,0.08312958435207823,4.1532,4.5326,4.1534,0.0002,0.0,0.0,0.0,4.1533999999999995,4.5326,8.686,8.6816
2532,0.3138,0.0044,0.3182,0.0573,0.9861722187303584,0.013827781269641737,17.8368,2.5516,17.8361,0.0,0.0,0.0,0.0,17.8361,2.5516,20.3877,20.3892
2533,0.1601,0.0004,0.1604,0.0289,0.9981296758104738,0.002493765586034913,9.0984,0.2232,9.098,0.0,0.0,0.0,0.0,9.098,0.22319999999999998,9.321200000000001,9.3242
2534,0.2861,0.0,0.2861,0.0515,1.0,0.0,15.6432,0.0138,15.6437,0.0005,0.0,0.0,0.0,15.643699999999999,0.013799999999999998,15.657499999999999,15.6624
2535,0.1227,0.0137,0.1364,0.0246,0.8995601173020529,0.10043988269794722,6.546,8.5944,6.5453,0.0,0.0,0.0,0.0,6.545299999999999,8.5944,15.1397,15.1404
2536,0.1963,0.0007,0.197,0.0355,0.9964467005076142,0.0035532994923857864,10.872,0.453,10.8717,0.0,0.0,0.0,0.0,10.871700000000002,0.453,11.324700000000002,11.3236
2537,0.2273,0.0018,0.2291,0.0412,0.9921431689218682,0.00785683107813182,13.0908,1.1525,13.0908,0.0,0.0,0.0,0.0,13.090799999999998,1.1525,14.243299999999998,14.2455
2538,0.1065,0.0,0.1065,0.0192,1.0,0.0,6.0552,0.009,6.0552,0.0,0.0,0.0,0.0,6.0552,0.009000000000000001,6.0642000000000005,6.0623
2539,0.3744,0.0011,0.3755,0.0676,0.9970705725699068,0.0029294274300932094,20.4708,0.7337,20.4708,0.0,0.0,0.0,0.0,20.4708,0.7337,21.2045,21.2006
2540,0.3285,0.0001,0.3287,0.0592,0.9993915424399149,0.00030422878004259207,18.1956,0.0818,18.196,0.0004,0.0,0.0,0.0,18.196,0.08179999999999998,18.277800000000003,18.277
2541,0.337,0.0022,0.3392,0.061,0.9935141509433962,0.006485849056603774,18.1956,1.5579,18.1957,0.0001,0.0,0.0,0.0,18.1957,1.5578999999999998,19.7536,19.7535
2542,0.1022,0.0023,0.1045,0.0188,0.9779904306220096,0.02200956937799043,5.6604,1.5666,5.6607,0.0003,0.0,0.0,0.0,5.6607,1.5666000000000002,7.2273000000000005,7.2252
2543,0.0682,0.0,0.0682,0.0123,1.0,0.0,4.0368,0.0138,4.0368,0.0,0.0,0.0,0.0,4.0367999999999995,0.0138,4.050599999999999,4.0474
2544,0.1851,0.0155,0.2006,0.0361,0.9227318045862412,0.07726819541375872,10.3836,9.7961,10.3836,0.0,0.0,0.0,0.0,10.383599999999998,9.7961,20.179699999999997,20.1822
2545,0.2875,0.0,0.2875,0.0518,1.0,0.0,15.9216,0.0217,15.9213,0.0,0.0,0.0,0.0,15.921300000000002,0.021700000000000004,15.943000000000001,15.9405
2546,0.2782,0.0039,0.2821,0.0508,0.9861751152073732,0.013824884792626727,15.6072,2.5682,16.6067,0.9995,0.0,0.0,0.0,16.606699999999996,2.5682,19.174899999999997,19.1774
2547,0.1727,0.0003,0.173,0.0311,0.9982658959537573,0.0017341040462427746,9.0984,0.1854,9.0979,0.0,0.0,0.0,0.0,9.097900000000003,0.1854,9.283300000000002,9.2855
2548,0.1535,0.0157,0.1692,0.0305,0.907210401891253,0.09278959810874704,8.7276,9.078,10.7271,1.9995,0.0,0.0,0.0,10.727099999999998,9.078000000000001,19.8051,19.807
2549,0.3078,0.0138,0.3216,0.0579,0.957089552238806,0.04291044776119403,17.0484,8.5759,18.0482,0.9998,0.0,0.0,0.0,18.0482,8.575899999999999,26.6241,27.6278
2550,0.0725,0.0,0.0726,0.0131,0.9986225895316804,0.0,3.774,0.0284,3.774,0.0,0.0,0.0,0.0,3.773999999999999,0.0284,3.802399999999999,3.7975
2551,0.1328,0.0002,0.133,0.0239,0.9984962406015038,0.0015037593984962407,7.548,0.1244,7.5479,0.0,0.0,0.0,0.0,7.5478999999999985,0.12440000000000001,7.672299999999998,7.668
2552,0.2279,0.0146,0.2425,0.0436,0.9397938144329897,0.06020618556701031,12.786,9.4858,40.7862,28.0002,0.0,0.0,0.0,40.78620000000001,9.485800000000001,50.272000000000006,50.2684
2553,0.1747,0.0,0.1747,0.0315,1.0,0.0,9.4344,0.0116,9.4347,0.0003,0.0,0.0,0.0,9.4347,0.0116,9.446299999999999,9.4423
2554,0.2752,0.0096,0.2848,0.0513,0.9662921348314607,0.033707865168539325,14.496,5.9673,17.4956,2.9996,0.0,0.0,0.0,17.4956,5.967300000000001,23.4629,23.9596
2555,0.1059,0.0002,0.1061,0.0191,0.9981149858623939,0.0018850141376060322,5.8668,0.134,5.8661,0.0,0.0,0.0,0.0,5.8661,0.134,6.000100000000001,5.999
2556,0.3262,0.0,0.3262,0.0587,1.0,0.0,17.8368,0.0091,17.8363,0.0,0.0,0.0,0.0,17.836299999999998,0.0091,17.845399999999998,17.8456
2557,0.0809,0.0168,0.0977,0.0176,0.828045035823951,0.17195496417604914,4.2624,10.9377,5.2623,0.9999,0.0,0.0,0.0,5.2623,10.9377,16.2,16.6976
2558,0.1261,0.0001,0.1262,0.0227,0.9992076069730585,0.000792393026941363,7.0728,0.0559,7.0724,0.0,0.0,0.0,0.0,7.072400000000001,0.0559,7.128300000000001,7.127
2559,0.1799,0.0002,0.1801,0.0324,0.9988895058300944,0.001110494169905608,10.092,0.1143,10.0922,0.0002,0.0,0.0,0.0,10.092200000000002,0.11429999999999998,10.206500000000002,10.2041
2560,0.2376,0.0005,0.2381,0.0429,0.99790004199916,0.0020999580008399833,13.6884,0.2831,14.6881,0.9997,0.0,0.0,0.0,14.688099999999999,0.28309999999999996,14.971199999999998,14.9716
2561,0.1559,0.0,0.1559,0.0281,1.0,0.0,8.5236,0.0084,8.5241,0.0005,0.0,0.0,0.0,8.5241,0.0084,8.5325,8.5364
2562,0.1258,0.0,0.1258,0.0226,1.0,0.0,7.548,0.0122,7.5477,0.0,0.0,0.0,0.0,7.547699999999999,0.012199999999999999,7.559899999999999,7.5632
2563,0.069,0.0,0.069,0.0124,1.0,0.0,3.774,0.0061,3.774,0.0,0.0,0.0,0.0,3.773999999999999,0.0061,3.780099999999999,3.7814
2564,0.0906,0.0,0.0906,0.0163,1.0,0.0,4.7148,0.0221,4.7149,0.0001,0.0,0.0,0.0,4.7149,0.0221,4.737,4.7323
2565,0.2816,0.0003,0.2819,0.0507,0.9989357928343385,0.001064207165661582,16.2192,0.1939,17.2193,1.0001,0.0,0.0,0.0,17.219299999999997,0.1939,17.413199999999996,17.4142
2566,0.2384,0.0,0.2385,0.0429,0.99958071278826,0.0,13.3776,0.0175,13.3771,0.0,0.0,0.0,0.0,13.377099999999999,0.0175,13.394599999999999,13.3994
2567,0.1111,0.0082,0.1193,0.0215,0.9312657166806371,0.06873428331936296,6.2304,4.7837,16.2303,9.9999,0.0,0.0,0.0,16.230299999999996,4.7837,21.013999999999996,21.0169
2568,0.3344,0.0192,0.3537,0.0637,0.9454339836019224,0.05428329092451229,17.8368,13.0387,28.8362,10.9994,0.0,0.0,0.0,28.836199999999998,13.0387,41.8749,41.877
2569,0.2172,0.0,0.2173,0.0391,0.9995398067188219,0.0,11.5848,0.028,11.5851,0.0003,0.0,0.0,0.0,11.585100000000002,0.027999999999999997,11.613100000000003,11.6174
2570,0.3096,0.003,0.3126,0.0563,0.9904030710172744,0.009596928982725529,17.5992,1.7778,21.5991,3.9999,0.0,0.0,0.0,21.5991,1.7778,23.3769,23.8759
2571,0.3649,0.0078,0.3727,0.0671,0.979071639388248,0.02092836061175208,20.4708,5.0076,30.4706,9.9998,0.0,0.0,0.0,30.470599999999997,5.0076,35.4782,35.479
2572,0.2309,0.0081,0.239,0.043,0.9661087866108786,0.033891213389121336,12.786,4.8266,32.7862,20.0002,0.0,0.0,0.0,32.7862,4.8266,37.6128,38.614
2573,0.2368,0.0004,0.2372,0.0427,0.9983136593591906,0.0016863406408094436,12.786,0.2729,12.7862,0.0002,0.0,0.0,0.0,12.786200000000001,0.27290000000000003,13.0591,13.0619
2574,0.1154,0.0001,0.1155,0.0208,0.9991341991341991,0.0008658008658008658,6.3936,0.0645,6.3932,0.0,0.0,0.0,0.0,6.3932,0.0645,6.4577,6.461
2575,0.3158,0.0009,0.3168,0.057,0.9968434343434344,0.0028409090909090906,18.6912,0.5353,20.6906,1.9994,0.0,0.0,0.0,20.690600000000003,0.5353,21.225900000000003,21.2225
2576,0.2408,0.0006,0.2415,0.0435,0.9971014492753623,0.0024844720496894407,13.6884,0.3875,13.6881,0.0,0.0,0.0,0.0,13.688100000000002,0.38749999999999996,14.075600000000001,14.0799
2577,0.2303,0.0132,0.2435,0.0438,0.9457905544147844,0.05420944558521561,13.0908,8.7839,20.0908,7.0,0.0,0.0,0.0,20.0908,8.783900000000001,28.874700000000004,28.8719
2578,0.0724,0.0028,0.0752,0.0135,0.9627659574468086,0.03723404255319149,3.9108,1.7762,5.9111,2.0003,0.0,0.0,0.0,5.911099999999999,1.7762000000000002,7.6873,9.1844
2579,0.2336,0.0002,0.2338,0.0421,0.9991445680068435,0.000855431993156544,12.4608,0.1217,12.4607,0.0,0.0,0.0,0.0,12.460699999999997,0.12169999999999999,12.582399999999998,12.5837
2580,0.1596,0.0005,0.1601,0.0288,0.9968769519050593,0.0031230480949406623,8.3064,0.3344,8.3068,0.0004,0.0,0.0,0.0,8.3068,0.33440000000000003,8.641200000000001,8.6401
2581,0.0869,0.0,0.0869,0.0156,1.0,0.0,4.6344,0.0253,4.6341,0.0,0.0,0.0,0.0,4.6341,0.025299999999999996,4.6594,4.6545
2582,0.0969,0.0101,0.107,0.0193,0.905607476635514,0.09439252336448598,5.436,5.9119,37.436,32.0,0.0,0.0,0.0,37.436,5.9119,43.3479,44.3527
2583,0.4055,0.0,0.4055,0.073,1.0,0.0,20.8536,0.0209,20.8534,0.0,0.0,0.0,0.0,20.8534,0.020899999999999995,20.8743,20.8699
2584,0.1239,0.0172,0.1411,0.0254,0.8781006378454996,0.12189936215450035,6.6888,11.3327,33.6885,26.9997,0.0,0.0,0.0,33.688500000000005,11.3327,45.02120000000001,48.5174
2585,0.1207,0.0,0.1207,0.0217,1.0,0.0,6.9516,0.0131,6.9513,0.0,0.0,0.0,0.0,6.951300000000001,0.0131,6.9644,6.9643
2586,0.2478,0.0091,0.2569,0.0462,0.9645776566757492,0.035422343324250684,13.902,5.5613,36.9022,23.0002,0.0,0.0,0.0,36.90220000000001,5.561299999999999,42.46350000000001,43.4646
2587,0.2496,0.0,0.2496,0.0449,1.0,0.0,13.6476,0.0108,13.6471,0.0,0.0,0.0,0.0,13.647099999999998,0.010799999999999999,13.657899999999998,13.6541
2588,0.2249,0.0071,0.2321,0.0418,0.968978888410168,0.03059026281775097,12.786,4.4603,17.786,5.0,0.0,0.0,0.0,17.786,4.4603,22.2463,23.7435
2589,0.075,0.002,0.077,0.0139,0.974025974025974,0.025974025974025976,4.1532,1.281,7.1534,3.0002,0.0,0.0,0.0,7.1533999999999995,1.2810000000000001,8.4344,8.4372
2590,0.3027,0.0068,0.3095,0.0557,0.9780290791599354,0.02197092084006462,16.9824,4.0033,35.9826,19.0002,0.0,0.0,0.0,35.98259999999999,4.003299999999999,39.98589999999999,39.984
2591,0.2982,0.0012,0.2994,0.0539,0.995991983967936,0.004008016032064128,16.308,0.7651,29.3076,12.9996,0.0,0.0,0.0,29.3076,0.7651,30.0727,30.0707
2592,0.2545,0.0003,0.2548,0.0459,0.998822605965463,0.0011773940345368914,13.0908,0.1715,14.0908,1.0,0.0,0.0,0.0,14.090799999999998,0.17149999999999999,14.262299999999998,14.2646
2593,0.3649,0.0176,0.3825,0.0688,0.9539869281045752,0.04601307189542484,20.4708,11.041,30.4705,9.9997,0.0,0.0,0.0,30.470499999999998,11.041,41.5115,41.5096
2594,0.2039,0.0001,0.2039,0.0367,1.0,0.0004904364884747426,11.148,0.0414,11.1476,0.0,0.0,0.0,0.0,11.1476,0.04139999999999999,11.189,11.1905
2595,0.114,0.0017,0.1157,0.0208,0.9853068280034573,0.014693171996542782,6.3936,1.1094,37.3932,30.9996,0.0,0.0,0.0,37.3932,1.1094,38.5026,38.5025
2596,0.114,0.0001,0.1141,0.0205,0.9991235758106924,0.000876424189307625,6.3936,0.0797,6.3931,0.0,0.0,0.0,0.0,6.3931000000000004,0.07970000000000001,6.4728,6.4776
2597,0.2074,0.0005,0.2079,0.0374,0.9975949975949976,0.002405002405002405,12.1104,0.2993,15.1107,3.0003,0.0,0.0,0.0,15.1107,0.29929999999999995,15.41,15.4117
2598,0.232,0.0053,0.2372,0.0427,0.9780775716694773,0.022344013490725127,12.684,3.478,36.6839,23.9999,0.0,0.0,0.0,36.6839,3.4779999999999998,40.1619,40.6657
2599,0.0757,0.0067,0.0824,0.0148,0.9186893203883495,0.08131067961165049,4.0368,4.3133,29.0368,25.0,0.0,0.0,0.0,29.036800000000003,4.3133,33.350100000000005,35.3517
2600,0.1495,0.0,0.1495,0.0269,1.0,0.0,8.7276,0.0234,8.7274,0.0,0.0,0.0,0.0,8.727399999999998,0.023399999999999997,8.750799999999998,8.7484
2601,0.3364,0.001,0.3374,0.0607,0.997036158861885,0.0029638411381149973,19.6368,0.674,30.6363,10.9995,0.0,0.0,0.0,30.636300000000006,0.674,31.310300000000005,31.3057
2602,0.077,0.0003,0.0772,0.0139,0.9974093264248703,0.0038860103626943,4.2624,0.1737,4.2619,0.0,0.0,0.0,0.0,4.261900000000001,0.1737,4.435600000000001,4.4323
2603,0.0901,0.0005,0.0906,0.0163,0.9944812362030905,0.005518763796909493,4.6344,0.2785,5.6342,0.9998,0.0,0.0,0.0,5.634199999999998,0.2785,5.912699999999998,5.9092
2604,0.2518,0.0139,0.2657,0.0478,0.9476853594279263,0.052314640572073766,14.1288,8.7999,52.129,38.0002,0.0,0.0,0.0,52.129,8.799900000000001,60.9289,62.93
2605,0.3179,0.009,0.327,0.0589,0.97217125382263,0.027522935779816512,17.8368,5.5537,37.8363,19.9995,0.0,0.0,0.0,37.83630000000001,5.5537,43.39000000000001,44.3949
2606,0.3022,0.0027,0.3049,0.0549,0.9911446375860938,0.0088553624139062,15.9216,1.7803,20.9216,5.0,0.0,0.0,0.0,20.921599999999998,1.7803000000000002,22.7019,22.7062
2607,0.2478,0.0203,0.2681,0.0483,0.9242819843342036,0.07571801566579633,13.902,12.0432,31.9023,18.0003,0.0,0.0,0.0,31.9023,12.043199999999999,43.945499999999996,45.4502
2608,0.2521,0.0049,0.257,0.0463,0.9809338521400778,0.019066147859922177,14.1444,3.1721,28.1444,14.0,0.0,0.0,0.0,28.144399999999994,3.1721000000000004,31.316499999999994,32.3204
2609,0.2231,0.0,0.2232,0.0402,0.9995519713261648,0.0,12.684,0.0147,15.6839,2.9999,0.0,0.0,0.0,15.683900000000001,0.014700000000000001,15.6986,15.6963
2610,0.0832,0.0019,0.0851,0.0153,0.9776733254994124,0.022326674500587545,4.5492,1.1508,18.5489,13.9997,0.0,0.0,0.0,18.548900000000003,1.1508000000000003,19.699700000000004,19.6963
2611,0.2338,0.0011,0.2349,0.0423,0.9953171562366965,0.004682843763303534,13.6476,0.736,20.6471,6.9995,0.0,0.0,0.0,20.6471,0.7359999999999999,21.3831,21.3797
2612,0.3077,0.0,0.3077,0.0554,1.0,0.0,16.614,0.0326,16.614,0.0,0.0,0.0,0.0,16.613999999999997,0.0326,16.646599999999996,16.6432
2613,0.2211,0.0003,0.2214,0.0399,0.9986449864498644,0.0013550135501355011,11.3724,0.1689,24.3726,13.0002,0.0,0.0,0.0,24.372600000000006,0.1689,24.541500000000006,24.5383
2614,0.1987,0.0048,0.2035,0.0366,0.9764127764127765,0.023587223587223587,11.148,2.9401,42.1479,30.9999,0.0,0.0,0.0,42.14790000000001,2.9400999999999997,45.08800000000001,47.0849
2615,0.3035,0.0,0.3035,0.0546,1.0,0.0,15.6072,0.0196,15.6068,0.0,0.0,0.0,0.0,15.606799999999996,0.0196,15.626399999999997,15.6291
2616,0.2928,0.0188,0.3117,0.0561,0.9393647738209818,0.060314404876483804,16.2192,12.0268,46.2193,30.0001,0.0,0.0,0.0,46.2193,12.0268,58.2461,60.2432
2617,0.299,0.0008,0.2998,0.054,0.9973315543695797,0.0026684456304202804,16.1472,0.5404,26.1473,10.0001,0.0,0.0,0.0,26.147300000000005,0.5404,26.687700000000007,26.6891
2618,0.1593,0.0013,0.1606,0.0289,0.9919053549190536,0.00809464508094645,9.4296,0.8708,15.4296,6.0,0.0,0.0,0.0,15.4296,0.8708000000000001,16.3004,16.3045
2619,0.1412,0.0,0.1412,0.0254,1.0,0.0,7.8216,0.0178,10.8216,3.0,0.0,0.0,0.0,10.8216,0.0178,10.8394,10.8403
2620,0.1073,0.0007,0.108,0.0194,0.9935185185185186,0.006481481481481481,5.8668,0.4237,22.8664,16.9996,0.0,0.0,0.0,22.866400000000002,0.4237,23.290100000000002,23.2916
2621,0.1678,0.0002,0.1679,0.0302,0.9994044073853485,0.0011911852293031567,9.06,0.1084,17.06,8.0,0.0,0.0,0.0,17.060000000000002,0.1084,17.168400000000002,17.1684
2622,0.1326,0.0007,0.1333,0.024,0.9947486871717929,0.005251312828207052,7.0728,0.4061,7.0722,0.0,0.0,0.0,0.0,7.072199999999999,0.4061,7.478299999999999,7.4773
2623,0.1121,0.002,0.1141,0.0205,0.9824715162138477,0.017528483786152498,6.0552,1.2006,23.0553,17.0001,0.0,0.0,0.0,23.0553,1.2006,24.2559,24.2557
2624,0.2145,0.0006,0.2151,0.0387,0.9972105997210599,0.0027894002789400274,11.5848,0.3918,17.5851,6.0003,0.0,0.0,0.0,17.585099999999997,0.3917999999999999,17.976899999999997,17.9731
2625,0.1659,0.0111,0.177,0.0319,0.9372881355932203,0.06271186440677967,9.4296,6.8543,35.4297,26.0001,0.0,0.0,0.0,35.429700000000004,6.8543,42.284000000000006,44.2841
2626,0.202,0.0,0.202,0.0364,1.0,0.0,10.9092,0.0113,10.9091,0.0,0.0,0.0,0.0,10.909100000000002,0.011300000000000001,10.920400000000003,10.9242
2627,0.2865,0.0006,0.2871,0.0517,0.9979101358411702,0.002089864158829676,16.5024,0.3554,18.5021,1.9997,0.0,0.0,0.0,18.5021,0.3554,18.857499999999998,19.3554
2628,0.1239,0.0,0.1239,0.0223,1.0,0.0,6.9516,0.0126,6.9512,0.0,0.0,0.0,0.0,6.9512,0.012599999999999998,6.9638,6.9599
2629,0.3288,0.0009,0.3298,0.0594,0.9969678593086719,0.00272892662219527,18.6912,0.6114,25.6907,6.9995,0.0,0.0,0.0,25.690700000000003,0.6113999999999999,26.302100000000003,26.8064
2630,0.1556,0.0004,0.156,0.0281,0.9974358974358973,0.002564102564102564,8.7276,0.2886,15.7272,6.9996,0.0,0.0,0.0,15.727199999999996,0.28859999999999997,16.015799999999995,16.0137
2631,0.2308,0.0001,0.2309,0.0416,0.999566912083153,0.00043308791684712,12.4608,0.0657,13.4605,0.9997,0.0,0.0,0.0,13.4605,0.06570000000000001,13.5262,13.5259
2632,0.1022,0.0004,0.1026,0.0185,0.9961013645224172,0.0038986354775828462,5.6604,0.2389,11.6608,6.0004,0.0,0.0,0.0,11.660800000000002,0.2389,11.899700000000001,11.8963
2633,0.1616,0.001,0.1626,0.0293,0.993849938499385,0.006150061500615006,8.7276,0.6967,13.7275,4.9999,0.0,0.0,0.0,13.7275,0.6967,14.424199999999999,14.9246
2634,0.0742,0.0004,0.0746,0.0134,0.9946380697050938,0.005361930294906166,3.9108,0.2372,5.911,2.0002,0.0,0.0,0.0,5.911,0.23719999999999997,6.148199999999999,6.649
2635,0.3791,0.0012,0.3803,0.0685,0.9968445963712858,0.0031554036287141725,20.4708,0.7672,23.4706,2.9998,0.0,0.0,0.0,23.4706,0.7672,24.2378,24.7329
2636,0.3274,0.003,0.3304,0.0595,0.9909200968523002,0.009079903147699757,18.8592,1.8177,18.8593,0.0001,0.0,0.0,0.0,18.8593,1.8177,20.677,21.1797
2637,0.0851,0.0249,0.1101,0.0198,0.7729336966394187,0.22615803814713895,4.7148,14.7063,13.7148,9.0,0.0,0.0,0.0,13.714800000000004,14.706300000000002,28.421100000000006,29.4221
2638,0.1899,0.0147,0.2047,0.0368,0.9276990718124085,0.0718124084025403,10.6548,9.3685,24.6551,14.0003,0.0,0.0,0.0,24.655099999999994,9.3685,34.023599999999995,34.0219
2639,0.1254,0.0012,0.1266,0.0228,0.9905213270142181,0.009478672985781991,6.6888,0.7136,6.6887,0.0,0.0,0.0,0.0,6.688700000000001,0.7136,7.4023,7.8975
2640,0.1035,0.0029,0.1064,0.0192,0.9727443609022557,0.02725563909774436,5.6604,1.7368,20.6607,15.0003,0.0,0.0,0.0,20.6607,1.7368000000000001,22.397499999999997,22.8992
2641,0.1636,0.0096,0.1732,0.0312,0.9445727482678984,0.05542725173210161,9.06,6.0124,21.06,12.0,0.0,0.0,0.0,21.059999999999995,6.0123999999999995,27.072399999999995,27.5689
2642,0.2303,0.0001,0.2304,0.0415,0.9995659722222223,0.0004340277777777778,13.0908,0.0422,13.0909,0.0001,0.0,0.0,0.0,13.090899999999998,0.042199999999999994,13.133099999999997,13.1316
2643,0.3518,0.0,0.3519,0.0633,0.9997158283603297,0.0,18.5364,0.0123,18.5364,0.0,0.0,0.0,0.0,18.5364,0.0123,18.5487,18.5514
2644,0.2215,0.0105,0.232,0.0418,0.9547413793103448,0.04525862068965517,12.1104,7.009,19.1105,7.0001,0.0,0.0,0.0,19.1105,7.0089999999999995,26.1195,26.1243
2645,0.3014,0.0001,0.3015,0.0543,0.9996683250414594,0.00033167495854063023,17.8368,0.0412,18.836,0.9992,0.0,0.0,0.0,18.836,0.0412,18.8772,18.8804
2646,0.1258,0.0105,0.1363,0.0245,0.9229640498899486,0.07703595011005136,7.248,6.901,18.2479,10.9999,0.0,0.0,0.0,18.247899999999998,6.901,25.148899999999998,25.1462
2647,0.2199,0.0,0.2199,0.0396,1.0,0.0,11.5848,0.0104,11.5854,0.0006,0.0,0.0,0.0,11.585400000000002,0.0104,11.595800000000002,11.5931
2648,0.2726,0.0002,0.2728,0.0491,0.9992668621700881,0.0007331378299120236,15.096,0.1195,15.0958,0.0,0.0,0.0,0.0,15.095799999999997,0.11950000000000001,15.215299999999997,15.22
2649,0.3179,0.0023,0.3202,0.0576,0.9928169893816365,0.007183010618363523,17.8368,1.4244,18.8363,0.9995,0.0,0.0,0.0,18.836299999999998,1.4243999999999999,20.260699999999996,20.2657
2650,0.1519,0.002,0.154,0.0277,0.9863636363636364,0.012987012987012988,8.5236,1.2692,9.5241,1.0005,0.0,0.0,0.0,9.5241,1.2692,10.7933,10.792
2651,0.1167,0.0164,0.1331,0.024,0.8767843726521413,0.12321562734785876,6.546,9.7546,9.5457,2.9997,0.0,0.0,0.0,9.545700000000002,9.754600000000002,19.300300000000004,19.3051
2652,0.2752,0.0004,0.2756,0.0496,0.9985486211901305,0.001451378809869376,15.6432,0.2385,15.6434,0.0002,0.0,0.0,0.0,15.6434,0.2385,15.8819,15.8846
2653,0.2616,0.0006,0.2622,0.0472,0.9977116704805492,0.002288329519450801,14.1288,0.3489,14.1288,0.0,0.0,0.0,0.0,14.128800000000002,0.3489,14.477700000000002,14.4744
2654,0.1239,0.0022,0.1261,0.0227,0.9825535289452816,0.01744647105471848,6.6888,1.4189,6.6886,0.0,0.0,0.0,0.0,6.688600000000001,1.4189000000000003,8.107500000000002,8.1101
2655,0.2044,0.0113,0.2157,0.0388,0.947612424663885,0.05238757533611497,11.322,6.881,12.3219,0.9999,0.0,0.0,0.0,12.321900000000001,6.881,19.2029,19.7044
2656,0.2722,0.0045,0.2767,0.0498,0.9837368991687748,0.016263100831225154,15.2724,2.6803,17.2725,2.0001,0.0,0.0,0.0,17.2725,2.6803,19.9528,19.9491
2657,0.1093,0.0,0.1094,0.0197,0.9990859232175503,0.0,6.0552,0.0284,6.0552,0.0,0.0,0.0,0.0,6.0552,0.0284,6.083600000000001,6.087
2658,0.3192,0.0043,0.3235,0.0582,0.9867078825347758,0.01329211746522411,17.454,2.7138,17.4547,0.0007,0.0,0.0,0.0,17.454699999999995,2.7138000000000004,20.168499999999995,20.1679
2659,0.2659,0.0001,0.2659,0.0479,1.0,0.000376081233546446,14.9172,0.0332,14.9172,0.0,0.0,0.0,0.0,14.917200000000001,0.0332,14.950400000000002,14.9483
2660,0.2401,0.0025,0.2426,0.0437,0.9896949711459192,0.010305028854080791,13.6476,1.7132,14.6467,0.9991,0.0,0.0,0.0,14.6467,1.7132,16.3599,16.3565
2661,0.2394,0.0068,0.2462,0.0443,0.9723801787164906,0.02761982128350934,13.0908,4.3674,13.0908,0.0,0.0,0.0,0.0,13.090799999999998,4.367400000000001,17.458199999999998,17.9589
2662,0.069,0.0008,0.0698,0.0126,0.9885386819484241,0.011461318051575931,3.774,0.4623,3.774,0.0,0.0,0.0,0.0,3.773999999999999,0.46230000000000004,4.236299999999999,4.2343
2663,0.143,0.0147,0.1578,0.0284,0.906210392902408,0.09315589353612168,7.8216,8.8353,11.8218,4.0002,0.0,0.0,0.0,11.8218,8.8353,20.6571,20.6523
2664,0.0654,0.0,0.0654,0.0118,1.0,0.0,3.624,0.0058,3.6238,0.0,0.0,0.0,0.0,3.6237999999999997,0.0058000000000000005,3.6295999999999995,3.6318
2665,0.1659,0.0014,0.1673,0.0301,0.9916317991631799,0.008368200836820083,9.4296,0.8574,9.4296,0.0,0.0,0.0,0.0,9.4296,0.8574,10.287,10.2883
2666,0.3263,0.0004,0.3267,0.0588,0.9987756351392715,0.0012243648607284973,16.9824,0.2258,16.9829,0.0005,0.0,0.0,0.0,16.9829,0.2258,17.2087,17.2081
2667,0.1974,0.0001,0.1975,0.0356,0.9994936708860759,0.0005063291139240507,11.3724,0.0529,11.3724,0.0,0.0,0.0,0.0,11.372399999999997,0.052899999999999996,11.425299999999996,11.4299
2668,0.088,0.0012,0.0892,0.0161,0.9865470852017937,0.013452914798206277,4.6344,0.858,5.634,0.9996,0.0,0.0,0.0,5.6339999999999995,0.8579999999999998,6.491999999999999,6.4904
2669,0.1652,0.0,0.1652,0.0297,1.0,0.0,9.7776,0.007,9.7774,0.0,0.0,0.0,0.0,9.7774,0.007,9.7844,9.7877
2670,0.2045,0.0,0.2046,0.0368,0.9995112414467252,0.0,10.9092,0.0175,10.9092,0.0,0.0,0.0,0.0,10.909200000000002,0.0175,10.926700000000002,10.9281
2671,0.1588,0.002,0.1607,0.0289,0.9881767268201617,0.012445550715619166,9.2688,1.2959,12.2681,2.9993,0.0,0.0,0.0,12.268099999999997,1.2959,13.563999999999997,13.5621
2672,0.1059,0.0054,0.1113,0.02,0.9514824797843665,0.04851752021563343,5.8668,3.5059,8.8663,2.9995,0.0,0.0,0.0,8.866299999999999,3.5059,12.3722,12.3764
2673,0.2616,0.0001,0.2617,0.0471,0.9996178830722201,0.0003821169277799007,14.1288,0.0336,14.1289,0.0001,0.0,0.0,0.0,14.128900000000002,0.033600000000000005,14.162500000000001,14.1674
2674,0.0747,0.0002,0.075,0.0135,0.9960000000000001,0.002666666666666667,4.3632,0.1599,7.3635,3.0003,0.0,0.0,0.0,7.363499999999998,0.15990000000000001,7.523399999999999,7.5226
2675,0.075,0.0001,0.0751,0.0135,0.9986684420772303,0.0013315579227696406,4.1532,0.0738,4.1535,0.0003,0.0,0.0,0.0,4.153499999999999,0.0738,4.2273,4.2224
2676,0.2192,0.0019,0.2211,0.0398,0.9914066033469019,0.008593396653098146,12.4608,1.1396,12.4602,0.0,0.0,0.0,0.0,12.460199999999997,1.1396000000000002,13.599799999999997,14.0968
2677,0.0811,0.0007,0.0817,0.0147,0.9926560587515301,0.008567931456548349,4.5492,0.4375,4.549,0.0,0.0,0.0,0.0,4.549,0.4375,4.9865,4.9829
2678,0.1211,0.0,0.1212,0.0218,0.9991749174917491,0.0,6.2304,0.0173,6.2301,0.0,0.0,0.0,0.0,6.230099999999998,0.0173,6.247399999999998,6.2444
2679,0.3886,0.0,0.3886,0.0699,1.0,0.0,20.4708,0.0224,20.4703,0.0,0.0,0.0,0.0,20.470299999999998,0.0224,20.4927,20.4887
2680,0.2415,0.0034,0.2449,0.0441,0.986116782360147,0.013883217639853,13.3776,2.0004,13.3771,0.0,0.0,0.0,0.0,13.3771,2.0004,15.377500000000001,15.3766
2681,0.172,0.0001,0.1721,0.031,0.9994189424753049,0.0005810575246949448,9.7776,0.0642,9.7772,0.0,0.0,0.0,0.0,9.7772,0.0642,9.8414,9.8415
2682,0.0789,0.0,0.0789,0.0142,1.0,0.0,4.2624,0.0083,4.2622,0.0,0.0,0.0,0.0,4.2622,0.008299999999999998,4.2705,4.2686
2683,0.1674,0.0043,0.1716,0.0309,0.9755244755244755,0.025058275058275056,9.2688,2.9116,9.2683,0.0,0.0,0.0,0.0,9.2683,2.9116,12.1799,12.1803
2684,0.1948,0.0024,0.1972,0.0355,0.9878296146044625,0.012170385395537525,11.3724,1.4953,11.3725,0.0001,0.0,0.0,0.0,11.372499999999997,1.4952999999999999,12.867799999999997,12.8658
2685,0.3171,0.0001,0.3172,0.0571,0.9996847414880202,0.0003152585119798235,16.308,0.0527,16.3078,0.0,0.0,0.0,0.0,16.3078,0.0527,16.360500000000002,16.3603
2686,0.0664,0.0,0.0664,0.012,1.0,0.0,3.774,0.0065,3.774,0.0,0.0,0.0,0.0,3.773999999999999,0.006500000000000001,3.780499999999999,3.7814
2687,0.1615,0.0024,0.1639,0.0295,0.9853569249542404,0.01464307504575961,9.06,1.4674,12.06,3.0,0.0,0.0,0.0,12.06,1.4674,13.5274,13.5232
2688,0.0873,0.0201,0.1074,0.0193,0.8128491620111732,0.1871508379888268,4.7148,12.9107,6.7148,2.0,0.0,0.0,0.0,6.7148,12.9107,19.625500000000002,20.1205
2689,0.4055,0.0002,0.4057,0.073,0.9995070248952428,0.0004929751047572097,20.8536,0.1058,20.8535,0.0,0.0,0.0,0.0,20.8535,0.10579999999999999,20.9593,20.9575
2690,0.1827,0.0,0.1827,0.0329,1.0,0.0,10.3836,0.0232,10.3836,0.0,0.0,0.0,0.0,10.383599999999998,0.0232,10.406799999999997,10.4075
2691,0.3179,0.0021,0.32,0.0576,0.9934375000000001,0.0065625,17.8368,1.2631,26.8361,8.9993,0.0,0.0,0.0,26.8361,1.2631000000000001,28.0992,28.5961
2692,0.3418,0.0,0.3418,0.0615,1.0,0.0,18.6912,0.0162,18.6909,0.0,0.0,0.0,0.0,18.690900000000003,0.016200000000000003,18.707100000000004,18.7084
2693,0.2728,0.0001,0.2729,0.0491,0.9996335654085746,0.0003664345914254306,14.9172,0.0375,14.9172,0.0,0.0,0.0,0.0,14.917200000000001,0.037500000000000006,14.9547,14.9529
2694,0.2384,0.0096,0.248,0.0446,0.9612903225806452,0.038709677419354833,13.3776,5.721,28.3771,14.9995,0.0,0.0,0.0,28.377099999999995,5.721,34.098099999999995,34.6011
2695,0.2912,0.0038,0.295,0.0531,0.9871186440677967,0.01288135593220339,15.9216,2.4362,23.9216,8.0,0.0,0.0,0.0,23.921599999999998,2.4362,26.357799999999997,26.3597
2696,0.1811,0.0062,0.1872,0.0337,0.9674145299145299,0.03311965811965812,9.7776,4.1111,13.777,3.9994,0.0,0.0,0.0,13.777000000000001,4.1111,17.8881,17.8852
2697,0.1743,0.0001,0.1743,0.0314,1.0,0.0005737234652897303,9.7776,0.0306,9.7771,0.0,0.0,0.0,0.0,9.7771,0.030600000000000002,9.8077,9.8049
2698,0.2354,0.0056,0.2411,0.0434,0.9763583575279966,0.02322687681459975,13.2084,3.8712,17.2086,4.0002,0.0,0.0,0.0,17.208599999999997,3.8711999999999995,21.079799999999995,21.075
2699,0.2838,0.0001,0.2839,0.0511,0.9996477632969356,0.0003522367030644594,15.9216,0.0502,15.9214,0.0,0.0,0.0,0.0,15.921400000000002,0.05020000000000001,15.971600000000002,15.9681
2700,0.2486,0.0001,0.2488,0.0448,0.9991961414790996,0.0004019292604501608,14.9172,0.084,14.9172,0.0,0.0,0.0,0.0,14.917200000000001,0.08400000000000002,15.0012,15.0034
2701,0.251,0.0155,0.2665,0.048,0.9418386491557222,0.05816135084427767,13.902,10.2968,46.9022,33.0002,0.0,0.0,0.0,46.9022,10.2968,57.199,57.6967
2702,0.2192,0.001,0.2202,0.0396,0.9954586739327884,0.004541326067211626,12.4608,0.614,12.4608,0.0,0.0,0.0,0.0,12.460799999999997,0.614,13.074799999999998,13.0778
2703,0.12,0.0,0.1201,0.0216,0.9991673605328892,0.0,6.8232,0.0195,6.8233,0.0001,0.0,0.0,0.0,6.8233,0.0195,6.8427999999999995,6.8472
2704,0.2516,0.0001,0.2517,0.0453,0.9996027016289234,0.00039729837107667864,15.096,0.0964,15.0956,0.0,0.0,0.0,0.0,15.095599999999997,0.09640000000000001,15.191999999999997,15.1942
2705,0.2091,0.0068,0.2159,0.0389,0.968503937007874,0.031496062992125984,11.7324,4.1515,17.7325,6.0001,0.0,0.0,0.0,17.7325,4.1514999999999995,21.884,21.8854
2706,0.069,0.0014,0.0704,0.0127,0.9801136363636364,0.019886363636363636,3.774,0.8858,10.7739,6.9999,0.0,0.0,0.0,10.773900000000001,0.8858,11.6597,11.6632
2707,0.2574,0.0022,0.2597,0.0467,0.9911436272622257,0.008471313053523296,13.902,1.3952,20.9023,7.0003,0.0,0.0,0.0,20.9023,1.3952,22.2975,22.2973
2708,0.2464,0.0,0.2464,0.0444,1.0,0.0,13.6476,0.0099,13.6469,0.0,0.0,0.0,0.0,13.646899999999999,0.009899999999999999,13.656799999999999,13.6554
2709,0.1476,0.0,0.1477,0.0266,0.9993229519295871,0.0,8.0736,0.008,8.0737,0.0001,0.0,0.0,0.0,8.073699999999999,0.008000000000000002,8.081699999999998,8.0827
2710,0.2985,0.0001,0.2987,0.0538,0.9993304318714428,0.0003347840642785403,15.9216,0.0807,15.9216,0.0,0.0,0.0,0.0,15.921600000000002,0.08070000000000001,16.0023,16.0024
2711,0.2554,0.0,0.2554,0.046,1.0,0.0,14.1444,0.0119,15.1445,1.0001,0.0,0.0,0.0,15.144499999999997,0.011899999999999999,15.156399999999998,15.1564
2712,0.3192,0.0,0.3192,0.0575,1.0,0.0,17.454,0.0095,17.4547,0.0007,0.0,0.0,0.0,17.454699999999995,0.0095,17.464199999999995,17.4593
2713,0.3419,0.0094,0.3512,0.0632,0.973519362186788,0.026765375854214124,19.1796,5.6172,28.1793,8.9997,0.0,0.0,0.0,28.179300000000005,5.6172,33.79650000000001,34.2945
2714,0.3159,0.0048,0.3207,0.0577,0.9850327408793266,0.014967259120673527,18.1956,3.0127,33.1957,15.0001,0.0,0.0,0.0,33.1957,3.0127,36.208400000000005,36.7052
2715,0.2912,0.0004,0.2916,0.0525,0.9986282578875171,0.0013717421124828531,15.9216,0.2734,15.9216,0.0,0.0,0.0,0.0,15.921600000000002,0.2734,16.195,16.1943
2716,0.2478,0.0176,0.2654,0.0478,0.9336850037678974,0.06631499623210249,13.902,11.4138,28.9025,15.0005,0.0,0.0,0.0,28.9025,11.413800000000002,40.3163,41.317
2717,0.1875,0.0002,0.1877,0.0338,0.9989344698987747,0.0010655301012253596,10.3836,0.1431,10.3837,0.0001,0.0,0.0,0.0,10.383699999999997,0.14309999999999998,10.526799999999998,10.5274
2718,0.1345,0.0053,0.1398,0.0252,0.9620886981402003,0.03791130185979971,7.548,3.3094,29.5479,21.9999,0.0,0.0,0.0,29.547900000000002,3.3094,32.8573,33.3611
2719,0.0701,0.0071,0.0772,0.0139,0.9080310880829014,0.09196891191709844,4.0368,4.262,8.0369,4.0001,0.0,0.0,0.0,8.036900000000001,4.2620000000000005,12.298900000000001,13.7999
2720,0.1295,0.0012,0.1308,0.0235,0.9900611620795108,0.009174311926605503,6.8232,0.8088,7.8235,1.0003,0.0,0.0,0.0,7.823499999999999,0.8088,8.632299999999999,8.6314
2721,0.1074,0.0008,0.1082,0.0195,0.9926062846580406,0.0073937153419593345,5.6604,0.5009,6.6608,1.0004,0.0,0.0,0.0,6.6608,0.5009,7.1617,7.1661
2722,0.3079,0.0001,0.308,0.0554,0.9996753246753247,0.0003246753246753247,16.2192,0.0828,16.2193,0.0001,0.0,0.0,0.0,16.219299999999997,0.08280000000000001,16.302099999999996,16.3052
2723,0.0757,0.0028,0.0785,0.0141,0.9643312101910828,0.035668789808917196,4.0368,1.8501,12.0368,8.0,0.0,0.0,0.0,12.036799999999998,1.8500999999999999,13.886899999999997,14.3827
2724,0.0655,0.0001,0.0656,0.0118,0.9984756097560975,0.001524390243902439,3.774,0.0471,3.774,0.0,0.0,0.0,0.0,3.773999999999999,0.047099999999999996,3.821099999999999,3.8176
2725,0.2013,0.0022,0.2034,0.0366,0.9896755162241888,0.010816125860373648,11.148,1.4017,11.1475,0.0,0.0,0.0,0.0,11.1475,1.4017,12.5492,12.5503
2726,0.148,0.0,0.148,0.0266,1.0,0.0,8.5236,0.0237,8.5241,0.0005,0.0,0.0,0.0,8.5241,0.023700000000000002,8.5478,8.5497
2727,0.3782,0.0,0.3782,0.0681,1.0,0.0,21.2172,0.0118,21.2168,0.0,0.0,0.0,0.0,21.216800000000003,0.0118,21.228600000000004,21.2294
2728,0.1293,0.0,0.1293,0.0233,1.0,0.0,7.548,0.0166,7.5479,0.0,0.0,0.0,0.0,7.5478999999999985,0.0166,7.564499999999999,7.5651
2729,0.3218,0.0063,0.3281,0.0591,0.9807985370313927,0.01920146296860713,17.5992,3.8862,39.599,21.9998,0.0,0.0,0.0,39.599,3.886199999999999,43.4852,44.4898
2730,0.35,0.002,0.352,0.0634,0.9943181818181818,0.005681818181818182,19.6368,1.2164,23.6363,3.9995,0.0,0.0,0.0,23.6363,1.2164000000000001,24.8527,25.8517
2731,0.3886,0.0005,0.3891,0.07,0.9987149832947828,0.0012850167052171678,20.4708,0.3336,30.4705,9.9997,0.0,0.0,0.0,30.470499999999998,0.33359999999999995,30.8041,30.8003
2732,0.2173,0.0002,0.2175,0.0391,0.999080459770115,0.0009195402298850575,11.7324,0.119,12.7326,1.0002,0.0,0.0,0.0,12.732600000000001,0.11900000000000001,12.851600000000001,12.853
2733,0.2293,0.0017,0.231,0.0416,0.9926406926406927,0.007359307359307359,13.2084,1.0577,17.2084,4.0,0.0,0.0,0.0,17.208399999999997,1.0577,18.266099999999998,18.7685
2734,0.1258,0.0008,0.1266,0.0228,0.9936808846761453,0.006319115323854661,7.248,0.48,7.2477,0.0,0.0,0.0,0.0,7.2477,0.48000000000000004,7.7277000000000005,7.7284
2735,0.084,0.0114,0.0954,0.0172,0.8805031446540881,0.11949685534591195,4.7148,7.5462,19.7148,15.0,0.0,0.0,0.0,19.714800000000004,7.5462,27.261000000000003,28.2605
2736,0.2053,0.005,0.2104,0.0379,0.9757604562737643,0.02376425855513308,11.3724,3.0079,34.3724,23.0,0.0,0.0,0.0,34.3724,3.0078999999999994,37.3803,37.8784
2737,0.1833,0.0002,0.1835,0.033,0.9989100817438692,0.0010899182561307902,9.7776,0.1037,9.7771,0.0,0.0,0.0,0.0,9.7771,0.1037,9.8808,9.8847
2738,0.0815,0.0003,0.0818,0.0147,0.9963325183374083,0.003667481662591687,4.4592,0.19,7.4591,2.9999,0.0,0.0,0.0,7.459099999999999,0.19,7.6491,7.6532
2739,0.3461,0.0,0.3462,0.0623,0.9997111496244946,0.0,18.6912,0.0189,18.6908,0.0,0.0,0.0,0.0,18.690800000000003,0.0189,18.7097,18.7049
2740,0.3449,0.0002,0.3451,0.0621,0.9994204578383077,0.0005795421616922632,18.8592,0.1038,27.8592,9.0,0.0,0.0,0.0,27.8592,0.1038,27.963,27.9636
2741,0.3855,0.0001,0.3856,0.0694,0.9997406639004149,0.00025933609958506224,20.0652,0.0865,20.0655,0.0003,0.0,0.0,0.0,20.0655,0.08650000000000001,20.152,20.1509
2742,0.2446,0.0004,0.245,0.0441,0.9983673469387756,0.0016326530612244899,13.2084,0.2545,15.2086,2.0002,0.0,0.0,0.0,15.208599999999999,0.2545,15.463099999999999,15.4635
2743,0.1345,0.0,0.1346,0.0242,0.99925705794948,0.0,7.548,0.0138,7.5479,0.0,0.0,0.0,0.0,7.5478999999999985,0.0138,7.561699999999998,7.5575
2744,0.0982,0.0001,0.0982,0.0177,1.0,0.0010183299389002038,5.436,0.0507,6.4359,0.9999,0.0,0.0,0.0,6.435900000000001,0.050699999999999995,6.486600000000001,6.4853
2745,0.3097,0.0158,0.3255,0.0586,0.9514592933947772,0.048540706605222736,17.8368,10.6151,32.8365,14.9997,0.0,0.0,0.0,32.8365,10.6151,43.4516,43.9497
2746,0.0654,0.0,0.0655,0.0118,0.998473282442748,0.0,3.624,0.0292,3.6239,0.0,0.0,0.0,0.0,3.6239,0.0292,3.6531,3.6567
2747,0.2567,0.0015,0.2581,0.0465,0.9945757458349477,0.00581170089112747,13.6884,0.9214,28.6881,14.9997,0.0,0.0,0.0,28.6881,0.9214,29.609499999999997,29.6108
2748,0.1475,0.0,0.1475,0.0265,1.0,0.0,8.7276,0.0119,10.7273,1.9997,0.0,0.0,0.0,10.7273,0.0119,10.7392,10.7378
2749,0.1833,0.0002,0.1836,0.033,0.9983660130718953,0.0010893246187363833,9.7776,0.1303,9.7773,0.0,0.0,0.0,0.0,9.7773,0.1303,9.9076,9.9094
2750,0.2027,0.0001,0.2028,0.0365,0.9995069033530571,0.0004930966469428008,11.3724,0.0468,11.3724,0.0,0.0,0.0,0.0,11.372399999999997,0.046799999999999994,11.419199999999996,11.4205
2751,0.2545,0.0,0.2546,0.0458,0.9996072270227809,0.0,13.0908,0.0082,13.0909,0.0001,0.0,0.0,0.0,13.090899999999998,0.0082,13.099099999999998,13.0954
2752,0.2746,0.0,0.2746,0.0494,1.0,0.0,15.6072,0.0095,15.6066,0.0,0.0,0.0,0.0,15.606599999999997,0.0095,15.616099999999996,15.6172
2753,0.3111,0.0078,0.3189,0.0574,0.9755409219190968,0.024459078080903102,17.454,4.8724,30.4547,13.0007,0.0,0.0,0.0,30.4547,4.872400000000001,35.3271,37.3254
2754,0.1935,0.0006,0.1941,0.0349,0.9969088098918084,0.0030911901081916537,11.148,0.3551,13.1478,1.9998,0.0,0.0,0.0,13.1478,0.3551,13.5029,14.5063
2755,0.1195,0.0001,0.1196,0.0215,0.9991638795986622,0.0008361204013377927,7.0728,0.0445,7.0721,0.0,0.0,0.0,0.0,7.0721,0.0445,7.1166,7.1194
2756,0.158,0.0023,0.1603,0.0289,0.9856519026824704,0.014348097317529632,9.0984,1.5127,15.0981,5.9997,0.0,0.0,0.0,15.098100000000002,1.5127000000000002,16.6108,17.6082
2757,0.157,0.0002,0.1572,0.0283,0.9987277353689568,0.001272264631043257,8.0736,0.1046,16.0736,8.0,0.0,0.0,0.0,16.073600000000003,0.10459999999999998,16.178200000000004,16.1809
2758,0.1822,0.0001,0.1823,0.0328,0.9994514536478333,0.0005485463521667581,10.092,0.0369,10.092,0.0,0.0,0.0,0.0,10.091999999999999,0.0369,10.128899999999998,10.1278
2759,0.2559,0.0001,0.256,0.0461,0.999609375,0.000390625,13.6476,0.0824,13.6474,0.0,0.0,0.0,0.0,13.647399999999998,0.08240000000000001,13.729799999999997,13.7263
2760,0.3433,0.0022,0.3455,0.0622,0.9936324167872649,0.006367583212735168,18.5364,1.4338,37.5364,19.0,0.0,0.0,0.0,37.5364,1.4338,38.9702,39.9677
2761,0.12,0.0001,0.1202,0.0216,0.9983361064891847,0.0008319467554076539,6.8232,0.0864,7.8233,1.0001,0.0,0.0,0.0,7.8233,0.0864,7.9097,7.912
2762,0.1322,0.0001,0.1323,0.0238,0.9992441421012851,0.0007558578987150416,7.8216,0.0643,8.8216,1.0,0.0,0.0,0.0,8.8216,0.0643,8.8859,8.8823
2763,0.1423,0.0001,0.1424,0.0256,0.9992977528089888,0.000702247191011236,8.3064,0.0633,8.3068,0.0004,0.0,0.0,0.0,8.3068,0.0633,8.3701,8.3714
2764,0.3096,0.0007,0.3103,0.0559,0.9977441185949081,0.0022558814050918463,17.5992,0.4254,17.599,0.0,0.0,0.0,0.0,17.598999999999997,0.4254,18.024399999999996,18.0211
2765,0.1725,0.0,0.1725,0.0311,1.0,0.0,9.4344,0.005,10.4351,1.0007,0.0,0.0,0.0,10.435100000000002,0.005,10.440100000000003,10.4449
2766,0.1724,0.0102,0.1827,0.0329,0.9436234263820471,0.05582922824302135,9.4296,6.3805,23.4297,14.0001,0.0,0.0,0.0,23.429700000000004,6.380499999999999,29.810200000000002,29.8078
2767,0.1703,0.0208,0.1911,0.0344,0.8911564625850341,0.10884353741496598,9.4296,12.9365,24.4296,15.0,0.0,0.0,0.0,24.429600000000008,12.936500000000002,37.36610000000001,37.3662
2768,0.2527,0.0003,0.253,0.0455,0.9988142292490118,0.0011857707509881422,13.6476,0.1926,13.6471,0.0,0.0,0.0,0.0,13.647099999999998,0.19260000000000002,13.839699999999999,13.8431
2769,0.2423,0.0001,0.2424,0.0436,0.9995874587458745,0.00041254125412541255,14.1444,0.0475,14.1446,0.0002,0.0,0.0,0.0,14.1446,0.0475,14.1921,14.1887
2770,0.2624,0.0018,0.2642,0.0476,0.9931869795609388,0.006813020439061317,14.9172,1.1186,20.9172,6.0,0.0,0.0,0.0,20.9172,1.1186,22.035800000000002,23.0388
2771,0.15,0.0001,0.1501,0.027,0.9993337774816787,0.0006662225183211193,8.5236,0.0728,9.524,1.0004,0.0,0.0,0.0,9.524000000000001,0.0728,9.596800000000002,9.5925
2772,0.2827,0.0,0.2827,0.0509,1.0,0.0,14.5368,0.0183,15.5371,1.0003,0.0,0.0,0.0,15.537099999999999,0.0183,15.555399999999999,15.5563
2773,0.1035,0.0,0.1035,0.0186,1.0,0.0,5.6604,0.0166,5.6607,0.0003,0.0,0.0,0.0,5.660700000000001,0.0166,5.677300000000002,5.6751
2774,0.2018,0.0002,0.202,0.0364,0.999009900990099,0.0009900990099009901,11.322,0.1131,11.3215,0.0,0.0,0.0,0.0,11.321500000000002,0.1131,11.434600000000001,11.4359
2775,0.1995,0.0192,0.2187,0.0394,0.9122085048010974,0.0877914951989026,10.9092,11.095,17.9091,6.9999,0.0,0.0,0.0,17.9091,11.094999999999999,29.004099999999998,29.0016
2776,0.2309,0.0075,0.2384,0.0429,0.9685402684563759,0.03145973154362416,12.786,4.8813,20.7863,8.0003,0.0,0.0,0.0,20.7863,4.8812999999999995,25.6676,27.1723
2777,0.1005,0.0,0.1005,0.0181,1.0,0.0,5.8668,0.009,5.8664,0.0,0.0,0.0,0.0,5.8664000000000005,0.009,5.875400000000001,5.8731
2778,0.1577,0.0,0.1577,0.0284,1.0,0.0,8.3064,0.0345,8.307,0.0006,0.0,0.0,0.0,8.307,0.0345,8.3415,8.3381
2779,0.1363,0.0,0.1363,0.0245,1.0,0.0,7.548,0.0282,8.5477,0.9997,0.0,0.0,0.0,8.547699999999999,0.0282,8.575899999999999,8.5748
2780,0.1919,0.0003,0.1922,0.0346,0.9984391259105098,0.0015608740894901142,10.9092,0.1773,10.9091,0.0,0.0,0.0,0.0,10.909100000000002,0.1773,11.086400000000003,11.0872
2781,0.2183,0.0,0.2183,0.0393,1.0,0.0,11.7876,0.0165,13.7871,1.9995,0.0,0.0,0.0,13.787100000000002,0.0165,13.803600000000003,13.8072
2782,0.2455,0.0005,0.246,0.0443,0.9979674796747967,0.0020325203252032522,13.0908,0.3308,13.0908,0.0,0.0,0.0,0.0,13.090799999999998,0.33080000000000004,13.421599999999998,13.9224
2783,0.2001,0.0022,0.2023,0.0364,0.9891250617894216,0.010874938210578349,11.3724,1.4033,15.3724,4.0,0.0,0.0,0.0,15.372399999999999,1.4033,16.7757,16.7708
2784,0.2065,0.0003,0.2068,0.0372,0.9985493230174081,0.001450676982591876,11.5848,0.1744,15.5853,4.0005,0.0,0.0,0.0,15.585300000000004,0.17439999999999997,15.759700000000004,15.7589
2785,0.0798,0.0078,0.0876,0.0158,0.910958904109589,0.08904109589041095,4.3632,4.7826,11.3637,7.0005,0.0,0.0,0.0,11.363699999999998,4.7826,16.146299999999997,16.65
2786,0.075,0.0002,0.0752,0.0135,0.9973404255319148,0.0026595744680851063,4.1532,0.1153,4.1534,0.0002,0.0,0.0,0.0,4.1534,0.1153,4.268700000000001,4.264
2787,0.131,0.0012,0.1323,0.0238,0.9901738473167045,0.009070294784580497,7.548,0.7788,14.5477,6.9997,0.0,0.0,0.0,14.547699999999997,0.7787999999999999,15.326499999999998,15.3267
2788,0.1657,0.0,0.1657,0.0298,1.0,0.0,9.06,0.0054,9.06,0.0,0.0,0.0,0.0,9.06,0.0054,9.0654,9.0673
2789,0.3347,0.0077,0.3424,0.0616,0.9775116822429907,0.02248831775700935,18.5364,5.3031,22.5364,4.0,0.0,0.0,0.0,22.536399999999993,5.3031,27.839499999999994,27.84
2790,0.1938,0.0099,0.2037,0.0367,0.95139911634757,0.04860088365243005,10.872,6.0167,13.8715,2.9995,0.0,0.0,0.0,13.871500000000003,6.0167,19.888200000000005,20.3888
2791,0.1576,0.014,0.1716,0.0309,0.9184149184149183,0.08158508158508158,8.7276,9.1446,10.7274,1.9998,0.0,0.0,0.0,10.7274,9.144600000000002,19.872,19.869
2792,0.0832,0.0001,0.0833,0.015,0.9987995198079231,0.0012004801920768309,4.5492,0.0893,4.5491,0.0,0.0,0.0,0.0,4.549100000000001,0.0893,4.638400000000001,4.6381
2793,0.2027,0.0041,0.2068,0.0372,0.9801740812379109,0.019825918762088977,11.3724,2.5061,13.3725,2.0001,0.0,0.0,0.0,13.372499999999999,2.5061,15.878599999999999,15.8819
2794,0.132,0.0004,0.1323,0.0238,0.997732426303855,0.0030234315948601664,6.9516,0.2225,6.9513,0.0,0.0,0.0,0.0,6.9513,0.2225,7.1738,7.1776
2795,0.2161,0.0001,0.2162,0.0389,0.9995374653098982,0.00046253469010175765,12.786,0.0814,12.7862,0.0002,0.0,0.0,0.0,12.786200000000001,0.0814,12.867600000000001,12.8702
2796,0.0733,0.0121,0.0854,0.0154,0.8583138173302108,0.14168618266978922,3.9108,7.6897,6.9108,3.0,0.0,0.0,0.0,6.9108,7.6897,14.6005,15.5981
2797,0.2793,0.0009,0.2802,0.0504,0.9967880085653105,0.0032119914346895075,15.2724,0.5886,15.2726,0.0002,0.0,0.0,0.0,15.2726,0.5886,15.8612,15.8624
2798,0.0826,0.0002,0.0827,0.0149,0.9987908101571948,0.002418379685610641,4.4592,0.0977,4.4591,0.0,0.0,0.0,0.0,4.4591,0.09770000000000001,4.5568,4.5581
2799,0.1682,0.0028,0.171,0.0308,0.983625730994152,0.01637426900584795,9.4344,1.7673,9.4348,0.0004,0.0,0.0,0.0,9.4348,1.7673,11.2021,11.2003
2800,0.3097,0.0162,0.3258,0.0587,0.9505831798649478,0.049723756906077346,17.8368,10.2535,18.8364,0.9996,0.0,0.0,0.0,18.8364,10.253500000000003,29.089900000000004,29.093
2801,0.1746,0.0001,0.1747,0.0314,0.9994275901545507,0.0005724098454493418,9.4296,0.0495,9.4296,0.0,0.0,0.0,0.0,9.4296,0.049499999999999995,9.4791,9.4747
2802,0.2961,0.0,0.2961,0.0533,1.0,0.0,16.614,0.0091,16.6139,0.0,0.0,0.0,0.0,16.613899999999997,0.009099999999999999,16.622999999999998,16.6273
2803,0.1107,0.0002,0.1109,0.02,0.9981965734896304,0.0018034265103697026,6.0552,0.1097,6.0553,0.0001,0.0,0.0,0.0,6.055300000000001,0.10969999999999999,6.165000000000001,6.1639
2804,0.2782,0.0141,0.2923,0.0526,0.9517618884707493,0.04823811152925077,15.6072,8.9966,19.6067,3.9995,0.0,0.0,0.0,19.606699999999996,8.9966,28.603299999999997,28.6016
2805,0.071,0.0014,0.0724,0.013,0.9806629834254142,0.019337016574585635,4.0368,0.975,4.0368,0.0,0.0,0.0,0.0,4.0367999999999995,0.975,5.011799999999999,5.0139
2806,0.1035,0.0,0.1035,0.0186,1.0,0.0,5.6604,0.0122,5.6609,0.0005,0.0,0.0,0.0,5.660900000000001,0.012199999999999997,5.673100000000001,5.6689
2807,0.1657,0.0005,0.1662,0.0299,0.9969915764139591,0.0030084235860409147,8.7276,0.3512,8.7275,0.0,0.0,0.0,0.0,8.727499999999997,0.3512,9.078699999999998,9.0777
2808,0.071,0.0002,0.0712,0.0128,0.997191011235955,0.002808988764044944,4.0368,0.112,4.0368,0.0,0.0,0.0,0.0,4.0367999999999995,0.11199999999999999,4.1488,4.1469
2809,0.1538,0.0001,0.1539,0.0277,0.9993502274204028,0.000649772579597141,8.3064,0.0621,8.3068,0.0004,0.0,0.0,0.0,8.3068,0.0621,8.3689,8.3658
2810,0.1652,0.0054,0.1706,0.0307,0.9683470105509966,0.03165298944900352,9.2688,3.3017,18.2683,8.9995,0.0,0.0,0.0,18.2683,3.3017,21.57,21.5686
2811,0.3179,0.0038,0.3217,0.0579,0.9881877525645012,0.011812247435498913,17.8368,2.4224,21.8359,3.9991,0.0,0.0,0.0,21.8359,2.4224,24.2583,24.2582
2812,0.2172,0.0001,0.2173,0.0391,0.9995398067188219,0.0004601932811780948,11.5848,0.0843,11.585,0.0002,0.0,0.0,0.0,11.585000000000003,0.08429999999999999,11.669300000000003,11.6658
2813,0.2752,0.0001,0.2753,0.0496,0.9996367598982928,0.0003632401017072285,15.6432,0.0529,15.6435,0.0003,0.0,0.0,0.0,15.6435,0.052899999999999996,15.696399999999999,15.6993
2814,0.1682,0.0007,0.1688,0.0304,0.9964454976303316,0.00414691943127962,9.4344,0.4063,9.4349,0.0005,0.0,0.0,0.0,9.4349,0.40630000000000005,9.8412,9.8381
2815,0.071,0.0005,0.0715,0.0129,0.993006993006993,0.006993006993006994,4.2624,0.3426,4.2617,0.0,0.0,0.0,0.0,4.261700000000001,0.3426,4.604300000000001,4.6012
2816,0.3232,0.0001,0.3233,0.0582,0.9996906897618312,0.0003093102381688834,17.454,0.079,17.4546,0.0006,0.0,0.0,0.0,17.454599999999996,0.079,17.533599999999996,17.5366
2817,0.3115,0.001,0.3125,0.0563,0.9968,0.0032,16.614,0.6573,19.614,3.0,0.0,0.0,0.0,19.613999999999997,0.6573,20.271299999999997,20.2735
2818,0.2064,0.0007,0.2071,0.0373,0.9966199903428296,0.003380009657170449,11.7324,0.4397,12.7325,1.0001,0.0,0.0,0.0,12.732500000000002,0.4397000000000001,13.172200000000002,13.169
2819,0.3476,0.0014,0.349,0.0628,0.9959885386819486,0.004011461318051576,18.5364,0.9147,23.5364,5.0,0.0,0.0,0.0,23.536399999999993,0.9147000000000001,24.451099999999993,24.9531
2820,0.2658,0.0004,0.2663,0.0479,0.9981224183251971,0.0015020653398422833,14.5368,0.2669,14.537,0.0002,0.0,0.0,0.0,14.536999999999999,0.26689999999999997,14.803899999999999,14.8051
2821,0.2401,0.0,0.2401,0.0432,1.0,0.0,13.6476,0.0202,13.6472,0.0,0.0,0.0,0.0,13.647199999999998,0.020200000000000003,13.667399999999999,13.6664
2822,0.1682,0.0026,0.1708,0.0307,0.9847775175644027,0.015222482435597188,9.4344,1.6149,12.4348,3.0004,0.0,0.0,0.0,12.434800000000003,1.6149000000000002,14.049700000000003,14.0517
2823,0.0731,0.0001,0.0731,0.0132,1.0,0.0013679890560875515,4.1532,0.0395,4.1537,0.0005,0.0,0.0,0.0,4.1537,0.0395,4.1932,4.1907
2824,0.2884,0.0,0.2885,0.0519,0.9996533795493935,0.0,16.614,0.0317,16.6139,0.0,0.0,0.0,0.0,16.613899999999997,0.031700000000000006,16.645599999999998,16.6498
2825,0.232,0.0007,0.2327,0.0419,0.9969918349806619,0.003008165019338204,12.684,0.4472,13.6837,0.9997,0.0,0.0,0.0,13.683700000000002,0.44720000000000004,14.130900000000002,14.1282
2826,0.3405,0.0178,0.3584,0.0645,0.9500558035714286,0.04966517857142857,18.8592,10.9282,30.8594,12.0002,0.0,0.0,0.0,30.8594,10.928200000000002,41.787600000000005,42.284
2827,0.0837,0.0106,0.0942,0.017,0.8885350318471337,0.11252653927813162,4.6344,6.8102,15.6342,10.9998,0.0,0.0,0.0,15.634200000000003,6.810199999999999,22.4444,23.4478
2828,0.1325,0.0008,0.1333,0.024,0.9939984996249063,0.006001500375093774,7.248,0.4502,8.248,1.0,0.0,0.0,0.0,8.248000000000001,0.45020000000000004,8.698200000000002,8.6983
2829,0.3814,0.0057,0.3871,0.0697,0.9852751227073108,0.014724877292689228,20.8536,3.6345,34.8533,13.9997,0.0,0.0,0.0,34.8533,3.6345,38.4878,38.9901
2830,0.0858,0.0057,0.0915,0.0165,0.9377049180327869,0.06229508196721312,4.6344,3.5038,12.634,7.9996,0.0,0.0,0.0,12.634000000000004,3.5037999999999996,16.137800000000002,16.639
2831,0.2891,0.0006,0.2897,0.0521,0.9979288919571971,0.002071108042802899,16.2192,0.3482,17.2194,1.0002,0.0,0.0,0.0,17.219399999999997,0.34819999999999995,17.567599999999995,17.5723
2832,0.2891,0.0005,0.2896,0.0521,0.9982734806629834,0.0017265193370165745,16.2192,0.3446,20.2194,4.0002,0.0,0.0,0.0,20.219400000000004,0.34459999999999996,20.564000000000004,20.5628
2833,0.2818,0.0046,0.2864,0.0515,0.9839385474860335,0.01606145251396648,15.6072,3.0127,24.6067,8.9995,0.0,0.0,0.0,24.6067,3.0127,27.6194,27.6218
2834,0.1168,0.0008,0.1177,0.0212,0.9923534409515719,0.006796941376380629,6.2304,0.5307,8.2301,1.9997,0.0,0.0,0.0,8.2301,0.5307000000000001,8.7608,8.7593
2835,0.251,0.0153,0.2663,0.0479,0.9425460007510328,0.05745399924896733,13.902,9.6002,23.9022,10.0002,0.0,0.0,0.0,23.9022,9.6002,33.5024,34.4976
2836,0.2249,0.0017,0.2266,0.0408,0.9924977934686672,0.007502206531332744,12.786,1.1104,12.7862,0.0002,0.0,0.0,0.0,12.786200000000001,1.1104,13.896600000000001,14.4014
2837,0.15,0.0036,0.1536,0.0276,0.9765625,0.0234375,8.3064,2.2543,20.3069,12.0005,0.0,0.0,0.0,20.306899999999995,2.2542999999999997,22.561199999999996,22.5577
2838,0.1223,0.0186,0.1409,0.0254,0.8679914833215047,0.1320085166784954,6.6888,11.5329,25.6884,18.9996,0.0,0.0,0.0,25.688400000000005,11.5329,37.22130000000001,37.2165
2839,0.2414,0.0012,0.2426,0.0437,0.9950535861500412,0.004946413849958779,13.902,0.7339,14.9023,1.0003,0.0,0.0,0.0,14.9023,0.7338999999999999,15.6362,16.1355
2840,0.271,0.0001,0.271,0.0488,1.0,0.00036900369003690036,15.6072,0.0366,15.6068,0.0,0.0,0.0,0.0,15.606799999999996,0.036599999999999994,15.643399999999996,15.6421
2841,0.1086,0.0025,0.1112,0.02,0.9766187050359713,0.02248201438848921,5.8668,1.5646,13.8665,7.9997,0.0,0.0,0.0,13.866499999999997,1.5646,15.431099999999997,15.9297
2842,0.2446,0.0102,0.2548,0.0459,0.9599686028257456,0.040031397174254316,13.2084,6.5224,32.2086,19.0002,0.0,0.0,0.0,32.2086,6.522399999999999,38.730999999999995,39.7279
2843,0.1293,0.0,0.1294,0.0233,0.9992272024729522,0.0,7.0728,0.0244,7.0721,0.0,0.0,0.0,0.0,7.0721,0.024399999999999998,7.0965,7.0917
2844,0.1327,0.0001,0.1327,0.0239,1.0,0.0007535795026375283,6.8232,0.0451,6.8234,0.0002,0.0,0.0,0.0,6.8233999999999995,0.0451,6.868499999999999,6.8725
2845,0.1822,0.0033,0.1855,0.0334,0.9822102425876011,0.01778975741239892,10.092,1.9607,16.0921,6.0001,0.0,0.0,0.0,16.092100000000002,1.9607,18.0528,18.0492
2846,0.2478,0.0021,0.2499,0.045,0.9915966386554621,0.008403361344537815,13.902,1.3548,18.9024,5.0004,0.0,0.0,0.0,18.9024,1.3548,20.2572,20.2605
2847,0.2584,0.0007,0.2591,0.0466,0.9972983404091086,0.002701659590891548,14.496,0.4346,15.4958,0.9998,0.0,0.0,0.0,15.4958,0.43460000000000004,15.930399999999999,15.9256
2848,0.1779,0.0,0.1779,0.032,1.0,0.0,10.3836,0.0099,10.3837,0.0001,0.0,0.0,0.0,10.383699999999997,0.009899999999999999,10.393599999999998,10.3975
2849,0.2752,0.0001,0.2752,0.0495,1.0,0.0003633720930232558,14.496,0.0561,14.4959,0.0,0.0,0.0,0.0,14.495899999999999,0.0561,14.552,14.5474
2850,0.0757,0.0002,0.076,0.0137,0.9960526315789474,0.0026315789473684214,4.3632,0.1318,5.3635,1.0003,0.0,0.0,0.0,5.363499999999999,0.1318,5.495299999999999,5.4962
2851,0.2485,0.0,0.2485,0.0447,1.0,0.0,13.0908,0.0106,13.0909,0.0001,0.0,0.0,0.0,13.090899999999998,0.0106,13.101499999999998,13.0986
2852,0.1184,0.0,0.1184,0.0213,1.0,0.0,6.3936,0.0096,6.3931,0.0,0.0,0.0,0.0,6.3931000000000004,0.0096,6.4027,6.4006
2853,0.257,0.0003,0.2573,0.0463,0.9988340458608629,0.001165954139137194,13.3776,0.1758,14.3774,0.9998,0.0,0.0,0.0,14.3774,0.17579999999999998,14.5532,14.5576
2854,0.3118,0.0087,0.3205,0.0577,0.9728549141965679,0.027145085803432136,17.0484,5.3461,26.0481,8.9997,0.0,0.0,0.0,26.0481,5.346100000000001,31.3942,31.395
2855,0.0738,0.0,0.0739,0.0133,0.9986468200270637,0.0,4.0368,0.0308,4.0368,0.0,0.0,0.0,0.0,4.0367999999999995,0.030799999999999998,4.0676,4.0665
2856,0.1169,0.0002,0.1171,0.0211,0.9982920580700256,0.001707941929974381,6.3936,0.1344,9.3934,2.9998,0.0,0.0,0.0,9.3934,0.13440000000000002,9.5278,9.528
2857,0.2013,0.0,0.2013,0.0362,1.0,0.0,11.148,0.0111,11.1476,0.0,0.0,0.0,0.0,11.1476,0.0111,11.158700000000001,11.1549
2858,0.1032,0.0,0.1032,0.0186,1.0,0.0,5.8668,0.0122,5.8665,0.0,0.0,0.0,0.0,5.866500000000001,0.0122,5.878700000000001,5.8833
2859,0.2394,0.0,0.2394,0.0431,1.0,0.0,13.0908,0.009,13.0909,0.0001,0.0,0.0,0.0,13.090899999999998,0.009000000000000001,13.099899999999998,13.1011
2860,0.2263,0.0,0.2263,0.0407,1.0,0.0,13.2084,0.007,13.209,0.0006,0.0,0.0,0.0,13.209,0.007,13.216,13.2155
2861,0.2299,0.0005,0.2303,0.0415,0.9982631350412505,0.0021710811984368217,12.1104,0.2895,12.1105,0.0001,0.0,0.0,0.0,12.110500000000002,0.2895,12.400000000000002,12.3989
2862,0.1442,0.0,0.1442,0.026,1.0,0.0,8.3064,0.0095,8.3066,0.0002,0.0,0.0,0.0,8.306600000000001,0.0095,8.3161,8.3192
2863,0.1208,0.0046,0.1254,0.0226,0.9633173843700159,0.036682615629984046,6.6888,2.8538,8.6885,1.9997,0.0,0.0,0.0,8.6885,2.8538,11.5423,11.5456
2864,0.0779,0.0081,0.0861,0.0155,0.9047619047619048,0.09407665505226481,4.2624,5.0097,5.2621,0.9997,0.0,0.0,0.0,5.2621,5.0097000000000005,10.2718,10.2713
2865,0.2349,0.0,0.2349,0.0423,1.0,0.0,12.684,0.0242,12.6837,0.0,0.0,0.0,0.0,12.683700000000002,0.024200000000000003,12.707900000000002,12.7038
2866,0.3158,0.0001,0.316,0.0569,0.999367088607595,0.00031645569620253165,18.6912,0.065,18.6906,0.0,0.0,0.0,0.0,18.690600000000003,0.065,18.755600000000005,18.7542
2867,0.1111,0.0068,0.1178,0.0212,0.9431239388794568,0.057724957555178265,6.2304,4.2054,13.2304,7.0,0.0,0.0,0.0,13.2304,4.205399999999999,17.4358,17.4395
2868,0.2567,0.0004,0.257,0.0463,0.9988326848249026,0.0015564202334630351,13.6884,0.2165,14.6882,0.9998,0.0,0.0,0.0,14.688200000000002,0.21649999999999997,14.904700000000002,14.9045
2869,0.0788,0.0001,0.0788,0.0142,1.0,0.001269035532994924,4.3632,0.0388,4.3634,0.0002,0.0,0.0,0.0,4.3633999999999995,0.038799999999999994,4.4022,4.4052
2870,0.1232,0.0006,0.1238,0.0223,0.9951534733441034,0.004846526655896607,6.8232,0.3808,6.8235,0.0003,0.0,0.0,0.0,6.823499999999999,0.38079999999999997,7.204299999999999,7.2011
2871,0.0784,0.0082,0.0866,0.0156,0.9053117782909931,0.09468822170900694,4.4592,5.5481,6.459,1.9998,0.0,0.0,0.0,6.459,5.5481,12.0071,12.0056
2872,0.1515,0.0002,0.1517,0.0273,0.9986816084377059,0.0013183915622940014,8.7276,0.134,12.727,3.9994,0.0,0.0,0.0,12.726999999999997,0.134,12.860999999999997,12.861
2873,0.2761,0.0012,0.2773,0.0499,0.9956725567976921,0.004327443202307969,15.096,0.7913,18.0955,2.9995,0.0,0.0,0.0,18.095499999999998,0.7913000000000001,18.886799999999997,18.8841
2874,0.1208,0.0165,0.1373,0.0247,0.8798252002913328,0.12017479970866715,6.6888,10.2604,13.6886,6.9998,0.0,0.0,0.0,13.688599999999997,10.2604,23.948999999999998,23.951
2875,0.2414,0.0012,0.2425,0.0437,0.9954639175257732,0.004948453608247422,13.902,0.7366,13.9022,0.0002,0.0,0.0,0.0,13.9022,0.7365999999999999,14.6388,14.6345
2876,0.1448,0.0,0.1449,0.0261,0.9993098688750863,0.0,7.8216,0.0078,7.8219,0.0003,0.0,0.0,0.0,7.8219,0.0078000000000000005,7.8297,7.8332
2877,0.1746,0.0,0.1747,0.0314,0.9994275901545507,0.0,9.4296,0.0242,9.4297,0.0001,0.0,0.0,0.0,9.4297,0.0242,9.4539,9.458
2878,0.337,0.0001,0.337,0.0607,1.0,0.0002967359050445104,18.1956,0.0499,18.1961,0.0005,0.0,0.0,0.0,18.196100000000005,0.0499,18.246000000000006,18.2492
2879,0.3,0.0159,0.3159,0.0569,0.9496676163342829,0.050332383665717,16.614,10.8583,17.614,1.0,0.0,0.0,0.0,17.613999999999997,10.8583,28.472299999999997,28.4737
2880,0.2242,0.0001,0.2244,0.0404,0.9991087344028522,0.00044563279857397507,13.0908,0.0742,13.0911,0.0003,0.0,0.0,0.0,13.091099999999997,0.0742,13.165299999999997,13.1687
2881,0.071,0.0131,0.0841,0.0151,0.8442330558858502,0.15576694411414985,4.0368,8.4807,12.0368,8.0,0.0,0.0,0.0,12.036799999999998,8.4807,20.5175,20.5176
2882,0.1208,0.0036,0.1244,0.0224,0.9710610932475885,0.028938906752411574,6.6888,2.2718,7.6887,0.9999,0.0,0.0,0.0,7.688700000000001,2.2718,9.9605,9.9607
2883,0.3018,0.0028,0.3045,0.0548,0.9911330049261085,0.009195402298850575,16.5024,1.6999,18.5018,1.9994,0.0,0.0,0.0,18.5018,1.6999000000000002,20.2017,20.1987
2884,0.2064,0.0049,0.2113,0.038,0.9768102224325604,0.02318977756743966,11.148,2.9512,18.1478,6.9998,0.0,0.0,0.0,18.147799999999997,2.9512,21.098999999999997,21.1016
2885,0.263,0.0001,0.263,0.0473,1.0,0.00038022813688212925,13.6884,0.035,13.688,0.0,0.0,0.0,0.0,13.688000000000002,0.03500000000000001,13.723000000000003,13.7242
2886,0.1765,0.0053,0.1818,0.0327,0.9708470847084708,0.029152915291529156,9.7776,3.2666,17.7775,7.9999,0.0,0.0,0.0,17.7775,3.2666000000000004,21.0441,21.0436
2887,0.1556,0.0021,0.1577,0.0284,0.9866835764109066,0.013316423589093214,8.7276,1.3,11.7275,2.9999,0.0,0.0,0.0,11.727499999999997,1.2999999999999998,13.027499999999996,13.0295
2888,0.2355,0.0002,0.2357,0.0424,0.9991514637250742,0.0008485362749257532,14.1288,0.1386,14.1289,0.0001,0.0,0.0,0.0,14.128900000000002,0.1386,14.267500000000002,14.2655
2889,0.2355,0.0001,0.2356,0.0424,0.9995755517826824,0.00042444821731748726,12.1104,0.0665,12.1105,0.0001,0.0,0.0,0.0,12.110500000000002,0.0665,12.177000000000001,12.1768
2890,0.1681,0.0002,0.1682,0.0303,0.9994054696789537,0.0011890606420927468,9.4296,0.1067,9.4296,0.0,0.0,0.0,0.0,9.4296,0.10669999999999999,9.5363,9.5366
2891,0.1232,0.0024,0.1256,0.0226,0.980891719745223,0.01910828025477707,6.8232,1.5044,11.8233,5.0001,0.0,0.0,0.0,11.8233,1.5044,13.3277,13.3243
2892,0.2354,0.0,0.2354,0.0424,1.0,0.0,13.2084,0.0131,13.2088,0.0004,0.0,0.0,0.0,13.2088,0.013099999999999999,13.2219,13.2183
2893,0.2221,0.0129,0.235,0.0423,0.9451063829787234,0.0548936170212766,12.4608,8.0354,17.4604,4.9996,0.0,0.0,0.0,17.460399999999996,8.0354,25.495799999999996,25.4988
2894,0.2687,0.0,0.2687,0.0484,1.0,0.0,15.2724,0.0189,15.2729,0.0005,0.0,0.0,0.0,15.2729,0.0189,15.2918,15.2895
2895,0.2691,0.0007,0.2698,0.0486,0.9974054855448481,0.0025945144551519648,15.096,0.4509,15.0958,0.0,0.0,0.0,0.0,15.095799999999997,0.4509000000000001,15.546699999999998,15.542
2896,0.1359,0.003,0.1389,0.025,0.978401727861771,0.021598272138228944,7.248,1.7147,11.2479,3.9999,0.0,0.0,0.0,11.247899999999998,1.7147000000000001,12.962599999999998,12.9613
2897,0.333,0.0044,0.3373,0.0607,0.9872517047139047,0.013044767269493034,19.1796,2.711,21.1794,1.9998,0.0,0.0,0.0,21.1794,2.7110000000000003,23.8904,23.8898
2898,0.2038,0.0202,0.224,0.0403,0.9098214285714286,0.09017857142857143,11.5848,13.134,14.5853,3.0005,0.0,0.0,0.0,14.585300000000004,13.133999999999997,27.7193,27.7189
2899,0.1652,0.0001,0.1652,0.0297,1.0,0.0006053268765133172,8.9184,0.039,8.9183,0.0,0.0,0.0,0.0,8.918299999999999,0.03899999999999999,8.957299999999998,8.9563
2900,0.2106,0.0014,0.212,0.0382,0.9933962264150944,0.006603773584905661,11.3724,0.844,11.3727,0.0003,0.0,0.0,0.0,11.372699999999998,0.844,12.216699999999998,12.2128
2901,0.1271,0.0023,0.1294,0.0233,0.982225656877898,0.01777434312210201,6.9516,1.3928,7.9511,0.9995,0.0,0.0,0.0,7.9511,1.3928,9.3439,9.3393
2902,0.3375,0.0,0.3375,0.0608,1.0,0.0,18.6912,0.0158,20.6909,1.9997,0.0,0.0,0.0,20.690900000000003,0.015799999999999998,20.7067,20.7077
2903,0.0818,0.0169,0.0987,0.0178,0.828774062816616,0.17122593718338397,4.3632,11.3503,7.3633,3.0001,0.0,0.0,0.0,7.3633,11.350299999999999,18.7136,18.7175
2904,0.1458,0.0004,0.1462,0.0263,0.997264021887825,0.002735978112175103,8.0736,0.2414,8.0736,0.0,0.0,0.0,0.0,8.073599999999999,0.24139999999999998,8.315,8.3109
2905,0.3524,0.0012,0.3536,0.0637,0.9966063348416289,0.0033936651583710404,20.8536,0.7547,20.8534,0.0,0.0,0.0,0.0,20.8534,0.7547,21.6081,21.6092
2906,0.3218,0.0,0.3219,0.0579,0.9996893445169306,0.0,17.5992,0.0322,17.5991,0.0,0.0,0.0,0.0,17.5991,0.0322,17.6313,17.6283
2907,0.3332,0.0028,0.336,0.0605,0.9916666666666666,0.008333333333333333,18.6912,1.7135,19.6906,0.9994,0.0,0.0,0.0,19.690600000000003,1.7135000000000005,21.404100000000003,21.4064
2908,0.3077,0.0089,0.3165,0.057,0.9721958925750394,0.028120063191153236,16.614,5.3699,23.6139,6.9999,0.0,0.0,0.0,23.613899999999997,5.3698999999999995,28.983799999999995,28.9878
2909,0.2761,0.0003,0.2764,0.0497,0.9989146164978293,0.001085383502170767,15.096,0.1997,15.0959,0.0,0.0,0.0,0.0,15.095899999999997,0.19970000000000002,15.295599999999997,15.297
2910,0.4076,0.0007,0.4084,0.0735,0.9980411361410383,0.0017140058765915769,21.2172,0.4766,21.2167,0.0,0.0,0.0,0.0,21.216700000000003,0.47659999999999997,21.693300000000004,21.6932
2911,0.0738,0.0108,0.0846,0.0152,0.872340425531915,0.12765957446808512,4.0368,7.2961,14.0368,10.0,0.0,0.0,0.0,14.036799999999998,7.296100000000001,21.3329,21.3338
2912,0.0788,0.0044,0.0832,0.015,0.9471153846153846,0.05288461538461539,4.3632,2.4973,10.3635,6.0003,0.0,0.0,0.0,10.363499999999998,2.4973,12.860799999999998,12.8581
2913,0.1788,0.0101,0.1889,0.034,0.946532556908417,0.05346744309158284,9.7776,6.1962,16.7772,6.9996,0.0,0.0,0.0,16.7772,6.1962,22.9734,22.9714
2914,0.1461,0.0028,0.149,0.0268,0.980536912751678,0.018791946308724834,8.3064,1.8779,10.3067,2.0003,0.0,0.0,0.0,10.3067,1.8779000000000001,12.1846,12.6815
2915,0.2486,0.0005,0.2491,0.0448,0.9979927739863509,0.002007226013649137,14.1288,0.2973,14.1288,0.0,0.0,0.0,0.0,14.128800000000002,0.2973,14.426100000000002,14.4294
2916,0.1939,0.0,0.194,0.0349,0.9994845360824741,0.0,11.322,0.0074,11.3218,0.0,0.0,0.0,0.0,11.321800000000001,0.0074,11.329200000000002,11.3243
2917,0.2658,0.0032,0.2691,0.0484,0.9877369007803789,0.011891490152359718,14.5368,2.0246,19.5373,5.0005,0.0,0.0,0.0,19.537300000000002,2.0246,21.5619,21.5637
2918,0.1576,0.0196,0.1772,0.0319,0.8893905191873589,0.11060948081264108,8.7276,11.6338,15.7273,6.9997,0.0,0.0,0.0,15.727299999999998,11.6338,27.3611,27.8606
2919,0.1232,0.0003,0.1235,0.0222,0.9975708502024292,0.00242914979757085,6.8232,0.175,6.8238,0.0006,0.0,0.0,0.0,6.8237999999999985,0.175,6.998799999999998,6.9996
2920,0.146,0.0077,0.1537,0.0277,0.9499024072869225,0.05009759271307743,8.5236,4.8789,11.5241,3.0005,0.0,0.0,0.0,11.5241,4.878900000000001,16.403000000000002,16.407
2921,0.1277,0.0012,0.1289,0.0232,0.9906904577191623,0.009309542280837859,7.0728,0.7851,7.0722,0.0,0.0,0.0,0.0,7.0722000000000005,0.7850999999999999,7.8573,7.855
2922,0.2508,0.0009,0.2517,0.0453,0.9964243146603101,0.0035756853396901075,13.3776,0.6356,13.3771,0.0,0.0,0.0,0.0,13.3771,0.6355999999999999,14.0127,14.0107
2923,0.232,0.0015,0.2335,0.042,0.9935760171306209,0.006423982869379015,12.684,0.9572,13.6835,0.9995,0.0,0.0,0.0,13.683500000000002,0.9571999999999999,14.640700000000002,14.6426
2924,0.2693,0.0001,0.2695,0.0485,0.9992578849721706,0.00037105751391465676,14.9172,0.0709,16.9172,2.0,0.0,0.0,0.0,16.9172,0.0709,16.988100000000003,16.9878
2925,0.2718,0.0001,0.2719,0.0489,0.9996322177271056,0.00036778227289444655,16.308,0.0419,16.3078,0.0,0.0,0.0,0.0,16.3078,0.0419,16.3497,16.3501
2926,0.3018,0.0024,0.3042,0.0547,0.9921104536489151,0.007889546351084811,16.5024,1.4473,17.5022,0.9998,0.0,0.0,0.0,17.5022,1.4473,18.949499999999997,18.9545
2927,0.0716,0.006,0.0776,0.014,0.922680412371134,0.07731958762886598,3.774,3.8923,9.7739,5.9999,0.0,0.0,0.0,9.7739,3.8923000000000005,13.6662,14.1698
2928,0.1519,0.0131,0.165,0.0297,0.9206060606060606,0.07939393939393939,8.3064,8.3778,11.3071,3.0007,0.0,0.0,0.0,11.307099999999998,8.377799999999999,19.6849,20.1876
2929,0.3433,0.0011,0.3444,0.062,0.9968060394889664,0.003193960511033682,18.5364,0.7523,18.5364,0.0,0.0,0.0,0.0,18.5364,0.7523,19.2887,19.2868
2930,0.2369,0.0045,0.2414,0.0435,0.9813587406793703,0.01864125932062966,13.6476,2.7586,15.647,1.9994,0.0,0.0,0.0,15.646999999999998,2.7586000000000004,18.4056,18.4102
2931,0.1242,0.0001,0.1242,0.0224,1.0,0.0008051529790660225,7.248,0.0468,7.2479,0.0,0.0,0.0,0.0,7.2479,0.0468,7.2947,7.2901
2932,0.1476,0.0014,0.1491,0.0268,0.9899396378269618,0.009389671361502346,8.0736,0.9341,8.0738,0.0002,0.0,0.0,0.0,8.073799999999999,0.9341,9.0079,9.0073
2933,0.1439,0.0,0.1439,0.0259,1.0,0.0,8.0736,0.012,8.0737,0.0001,0.0,0.0,0.0,8.073699999999999,0.012,8.0857,8.0814
2934,0.3276,0.0005,0.3281,0.059,0.9984760743675709,0.0015239256324291375,17.0484,0.3101,17.0482,0.0,0.0,0.0,0.0,17.0482,0.31010000000000004,17.3583,17.3571
2935,0.2345,0.0016,0.2361,0.0425,0.9932232105040236,0.006776789495976282,13.6884,1.0287,16.6884,3.0,0.0,0.0,0.0,16.6884,1.0287,17.717100000000002,18.2122
2936,0.2477,0.001,0.2487,0.0448,0.995979091274628,0.004020908725371934,13.3776,0.6233,13.3772,0.0,0.0,0.0,0.0,13.377200000000002,0.6233,14.000500000000002,14.003
2937,0.2928,0.0,0.2929,0.0527,0.9996585865483101,0.0,16.2192,0.0125,16.2193,0.0001,0.0,0.0,0.0,16.219299999999997,0.012499999999999999,16.231799999999996,16.2351
2938,0.2336,0.0156,0.2493,0.0449,0.9370236662655436,0.06257521058965101,12.4608,9.0351,13.4602,0.9994,0.0,0.0,0.0,13.460199999999997,9.0351,22.495299999999997,22.4917
2939,0.1601,0.0045,0.1645,0.0296,0.9732522796352583,0.027355623100303948,9.0984,2.8907,12.0981,2.9997,0.0,0.0,0.0,12.098100000000002,2.8907000000000007,14.988800000000003,14.9867
2940,0.0819,0.0005,0.0824,0.0148,0.9939320388349514,0.006067961165048544,4.7148,0.3331,4.7148,0.0,0.0,0.0,0.0,4.7148,0.3331,5.0479,5.0527
2941,0.15,0.0,0.15,0.027,1.0,0.0,8.3064,0.0069,8.3069,0.0005,0.0,0.0,0.0,8.3069,0.0069,8.3138,8.3128
2942,0.3261,0.0,0.3261,0.0587,1.0,0.0,18.5364,0.0189,18.5364,0.0,0.0,0.0,0.0,18.5364,0.0189,18.5553,18.5527
2943,0.3243,0.0175,0.3418,0.0615,0.9488004681100058,0.051199531889994154,18.1956,10.8259,41.1963,23.0007,0.0,0.0,0.0,41.1963,10.825899999999999,52.0222,52.0192
2944,0.2658,0.0081,0.2739,0.0493,0.9704271631982475,0.029572836801752465,14.5368,5.3246,16.5372,2.0004,0.0,0.0,0.0,16.5372,5.3246,21.8618,21.8587
2945,0.2527,0.0041,0.2568,0.0462,0.9840342679127726,0.015965732087227416,13.6476,2.5256,19.6471,5.9995,0.0,0.0,0.0,19.6471,2.5256000000000007,22.1727,22.174
2946,0.2961,0.0019,0.298,0.0536,0.9936241610738255,0.006375838926174497,16.614,1.2015,16.614,0.0,0.0,0.0,0.0,16.613999999999997,1.2014999999999998,17.815499999999997,17.815
2947,0.2891,0.0048,0.2939,0.0529,0.98366791425655,0.016332085743450152,16.2192,3.0872,22.2194,6.0002,0.0,0.0,0.0,22.219400000000004,3.0872,25.306600000000003,25.3026
2948,0.2478,0.0001,0.2479,0.0446,0.9995966115369099,0.0004033884630899556,13.902,0.0543,13.9025,0.0005,0.0,0.0,0.0,13.9025,0.0543,13.9568,13.9594
2949,0.208,0.0,0.208,0.0374,1.0,0.0,11.3724,0.0202,11.3726,0.0002,0.0,0.0,0.0,11.372599999999997,0.0202,11.392799999999998,11.3899
2950,0.2625,0.0071,0.2696,0.0485,0.9736646884272997,0.026335311572700297,14.5368,4.2647,27.5372,13.0004,0.0,0.0,0.0,27.537200000000006,4.2647,31.801900000000007,31.8027
2951,0.2897,0.0007,0.2904,0.0523,0.9975895316804408,0.0024104683195592287,15.6432,0.4387,15.6433,0.0001,0.0,0.0,0.0,15.6433,0.4387,16.082,16.0801
2952,0.3261,0.0114,0.3375,0.0608,0.9662222222222222,0.033777777777777775,18.5364,7.697,20.5364,2.0,0.0,0.0,0.0,20.5364,7.696999999999998,28.2334,28.2303
2953,0.2878,0.0037,0.2915,0.0525,0.9873070325900515,0.012692967409948543,16.1472,2.272,18.1476,2.0004,0.0,0.0,0.0,18.1476,2.272,20.4196,20.4192
2954,0.0808,0.0022,0.0829,0.0149,0.9746682750301567,0.026537997587454766,4.1532,1.2588,5.1533,1.0001,0.0,0.0,0.0,5.1533,1.2588,6.4121,6.4127
2955,0.2574,0.0,0.2575,0.0463,0.999611650485437,0.0,13.902,0.0151,13.902,0.0,0.0,0.0,0.0,13.902000000000001,0.015100000000000002,13.917100000000001,13.9182
2956,0.08,0.0204,0.1005,0.0181,0.7960199004975124,0.20298507462686569,4.5492,12.183,17.5491,12.9999,0.0,0.0,0.0,17.549100000000003,12.183000000000002,29.732100000000003,29.729
2957,0.2966,0.0,0.2966,0.0534,1.0,0.0,16.2192,0.0117,16.2192,0.0,0.0,0.0,0.0,16.219199999999997,0.011699999999999999,16.2309,16.2299
2958,0.2692,0.0121,0.2813,0.0506,0.9569854248133665,0.043014575186633486,14.5368,8.2572,21.5373,7.0005,0.0,0.0,0.0,21.537300000000005,8.2572,29.794500000000006,30.7987
2959,0.3218,0.0054,0.3272,0.0589,0.9834963325183373,0.01650366748166259,17.5992,3.3633,17.5991,0.0,0.0,0.0,0.0,17.5991,3.3633,20.9624,21.4662
2960,0.2415,0.0038,0.2453,0.0442,0.9845087647778231,0.015491235222176927,13.3776,2.3095,21.3773,7.9997,0.0,0.0,0.0,21.377299999999998,2.3095,23.686799999999998,25.6889
2961,0.0638,0.005,0.0688,0.0124,0.9273255813953488,0.07267441860465117,3.624,3.261,8.6239,4.9999,0.0,0.0,0.0,8.623899999999999,3.261,11.884899999999998,11.8861
2962,0.0994,0.0011,0.1005,0.0181,0.9890547263681592,0.010945273631840797,5.436,0.6451,5.4357,0.0,0.0,0.0,0.0,5.435700000000001,0.6450999999999999,6.080800000000001,6.081
2963,0.2658,0.0034,0.2692,0.0485,0.9873699851411589,0.01263001485884101,14.5368,2.223,21.5372,7.0004,0.0,0.0,0.0,21.537200000000006,2.223,23.760200000000005,24.2566
2964,0.1197,0.0002,0.1199,0.0216,0.9983319432860717,0.0016680567139282735,6.546,0.1479,6.5454,0.0,0.0,0.0,0.0,6.545399999999999,0.1479,6.693299999999999,6.6937
2965,0.3332,0.0131,0.3462,0.0623,0.9624494511842865,0.037839399191218946,18.6912,8.0288,30.6907,11.9995,0.0,0.0,0.0,30.690700000000003,8.028799999999999,38.719500000000004,39.7198
2966,0.2816,0.0023,0.2839,0.0511,0.9918985558295176,0.008101444170482565,16.2192,1.4317,28.2194,12.0002,0.0,0.0,0.0,28.219400000000007,1.4317,29.651100000000007,29.6526
2967,0.2102,0.0,0.2103,0.0378,0.9995244888254875,0.0,12.1104,0.016,12.1104,0.0,0.0,0.0,0.0,12.1104,0.016,12.1264,12.1299
2968,0.0884,0.0,0.0884,0.0159,1.0,0.0,4.7148,0.0268,4.7149,0.0001,0.0,0.0,0.0,4.7149,0.026799999999999997,4.7417,4.7367
2969,0.3862,0.001,0.3872,0.0697,0.9974173553719008,0.0025826446280991736,20.8536,0.6691,20.8536,0.0,0.0,0.0,0.0,20.8536,0.6690999999999999,21.5227,21.5275
2970,0.3231,0.0006,0.3236,0.0582,0.9984548825710754,0.0018541409147095178,18.8592,0.379,23.8592,5.0,0.0,0.0,0.0,23.8592,0.37900000000000006,24.238200000000003,24.2421
2971,0.2064,0.0005,0.2069,0.0372,0.9975833736104398,0.002416626389560174,11.148,0.2927,12.1477,0.9997,0.0,0.0,0.0,12.1477,0.29269999999999996,12.4404,12.4396
2972,0.0654,0.0006,0.066,0.0119,0.9909090909090909,0.00909090909090909,3.624,0.3746,3.624,0.0,0.0,0.0,0.0,3.624,0.37460000000000004,3.9986,4.0006
2973,0.1559,0.0136,0.1695,0.0305,0.91976401179941,0.08023598820058996,8.5236,8.353,26.5241,18.0005,0.0,0.0,0.0,26.5241,8.353,34.8771,34.8771
2974,0.2384,0.0002,0.2387,0.043,0.9987431922915794,0.0008378718056137412,13.3776,0.1545,15.3773,1.9997,0.0,0.0,0.0,15.377300000000002,0.1545,15.531800000000002,15.5348
2975,0.2838,0.0024,0.2862,0.0515,0.9916142557651991,0.008385744234800837,15.9216,1.5185,23.9215,7.9999,0.0,0.0,0.0,23.921499999999995,1.5185000000000002,25.439999999999994,25.4446
2976,0.2785,0.0003,0.2788,0.0502,0.9989239598278337,0.0010760401721664275,14.496,0.1844,14.4957,0.0,0.0,0.0,0.0,14.4957,0.1844,14.6801,14.6803
2977,0.1208,0.0,0.1208,0.0217,1.0,0.0,6.6888,0.0107,9.6887,2.9999,0.0,0.0,0.0,9.688699999999997,0.0107,9.699399999999997,9.7018
2978,0.0663,0.0046,0.0709,0.0128,0.935119887165021,0.06488011283497884,3.624,2.8742,23.624,20.0,0.0,0.0,0.0,23.623999999999995,2.8742,26.498199999999997,27.4997
2979,0.2242,0.0008,0.225,0.0405,0.9964444444444445,0.0035555555555555557,13.0908,0.5481,16.0908,3.0,0.0,0.0,0.0,16.090799999999998,0.5481000000000001,16.6389,16.634
2980,0.3838,0.0001,0.3839,0.0691,0.9997395154988277,0.00026048450117218026,20.4708,0.0392,20.4705,0.0,0.0,0.0,0.0,20.470499999999998,0.0392,20.5097,20.511
2981,0.0779,0.0004,0.0783,0.0141,0.9948914431673053,0.005108556832694764,4.2624,0.2428,14.2622,9.9998,0.0,0.0,0.0,14.2622,0.24279999999999996,14.505,14.5013
2982,0.1593,0.0002,0.1595,0.0287,0.9987460815047021,0.0012539184952978057,9.4296,0.1118,9.4296,0.0,0.0,0.0,0.0,9.4296,0.1118,9.541400000000001,9.5385
2983,0.1051,0.0002,0.1053,0.019,0.9981006647673314,0.001899335232668566,6.0552,0.1248,10.0553,4.0001,0.0,0.0,0.0,10.055299999999999,0.1248,10.1801,10.1778
2984,0.1678,0.0102,0.178,0.032,0.9426966292134832,0.05730337078651686,9.06,6.5377,19.0599,9.9999,0.0,0.0,0.0,19.0599,6.5377,25.5976,25.6005
2985,0.2496,0.0042,0.2538,0.0457,0.9834515366430259,0.01654846335697399,13.6476,2.6657,18.6471,4.9995,0.0,0.0,0.0,18.6471,2.6657,21.3128,21.309
2986,0.138,0.0101,0.1481,0.0267,0.9318028359216746,0.06819716407832545,7.548,6.6029,13.5478,5.9998,0.0,0.0,0.0,13.547799999999999,6.6029,20.1507,20.6502
2987,0.1161,0.0002,0.1163,0.0209,0.9982803095442819,0.0017196904557179708,6.6888,0.0963,8.6887,1.9999,0.0,0.0,0.0,8.688699999999999,0.0963,8.784999999999998,8.7802
2988,0.2941,0.0013,0.2954,0.0532,0.9955991875423155,0.004400812457684496,16.5024,0.7584,19.5019,2.9995,0.0,0.0,0.0,19.5019,0.7584000000000001,20.2603,20.2558
2989,0.2861,0.006,0.2921,0.0526,0.9794590893529613,0.020540910647038686,15.6432,3.7264,18.6433,3.0001,0.0,0.0,0.0,18.6433,3.7264000000000004,22.3697,22.3661
2990,0.2758,0.0009,0.2767,0.0498,0.9967473798337549,0.0032526201662450307,15.2724,0.5796,16.2727,1.0003,0.0,0.0,0.0,16.2727,0.5796,16.8523,16.8569
2991,0.0769,0.0008,0.0777,0.014,0.9897039897039895,0.010296010296010296,4.1532,0.4905,6.1533,2.0001,0.0,0.0,0.0,6.1533,0.49049999999999994,6.6438,6.6395
2992,0.3259,0.0002,0.3261,0.0587,0.9993866911990188,0.0006133088009812941,17.5992,0.0966,17.5991,0.0,0.0,0.0,0.0,17.5991,0.09659999999999999,17.6957,17.6944
2993,0.0969,0.0002,0.097,0.0175,0.9989690721649485,0.002061855670103093,5.436,0.1009,6.436,1.0,0.0,0.0,0.0,6.436000000000001,0.1009,6.536900000000001,6.537
2994,0.3765,0.0,0.3765,0.0678,1.0,0.0,20.8536,0.0124,20.8536,0.0,0.0,0.0,0.0,20.8536,0.0124,20.866,20.8626
2995,0.3361,0.0011,0.3372,0.0607,0.9967378410438908,0.0032621589561091344,18.8592,0.6503,23.8593,5.0001,0.0,0.0,0.0,23.8593,0.6503,24.509600000000002,24.512
2996,0.2518,0.0135,0.2653,0.0478,0.9491142103279308,0.05088578967206936,14.1288,8.5982,16.1289,2.0001,0.0,0.0,0.0,16.1289,8.5982,24.7271,24.7283
2997,0.2607,0.0001,0.2607,0.0469,1.0,0.00038358266206367476,13.902,0.0432,13.9023,0.0003,0.0,0.0,0.0,13.9023,0.0432,13.945500000000001,13.9477
2998,0.2718,0.0045,0.2763,0.0497,0.9837133550488599,0.016286644951140065,14.496,3.145,14.4957,0.0,0.0,0.0,0.0,14.4957,3.145,17.6407,17.643
2999,0.1919,0.0003,0.1922,0.0346,0.9984391259105098,0.0015608740894901142,10.9092,0.1592,10.9091,0.0,0.0,0.0,0.0,10.909100000000002,0.15919999999999998,11.068300000000002,11.0641
