job_id,energy_qpu_kwh,energy_cpu_kwh,energy_total_kwh,cost_energy_total,phi_qpu,phi_cpu,qpu_time_s,cpu_time_s,qpu_phase_s,qpu_idle_s,qpu_wait_s,cpu_wait_s,wait_total_s,qpu_turn_s,cpu_turn_s,turn_total_s,job_turnaround_s
0,0.2673,0.0001,0.2674,0.0481,0.9996260284218398,0.00037397157816005983,14.1525,0.0756,14.1524,0.0,0.0,0.0,0.0,14.152400000000002,0.07559999999999999,14.228000000000002,14.2312
1,0.196,0.0101,0.2061,0.0371,0.9509946627850558,0.0490053372149442,10.9095,6.3631,22.9086,11.9991,0.0,0.0,0.0,22.908599999999996,6.3631,29.271699999999996,30.7745
2,0.1637,0.0141,0.1779,0.032,0.9201798763350197,0.07925801011804384,8.841,8.3177,36.8404,27.9994,0.0,0.0,0.0,36.8404,8.3177,45.158100000000005,45.1627
3,0.1894,0.0091,0.1985,0.0357,0.9541561712846348,0.04584382871536524,10.6545,5.8941,19.655,9.0005,0.0,0.0,0.0,19.655,5.894099999999999,25.5491,26.5447
4,0.2883,0.0,0.2884,0.0519,0.9996532593619972,0.0,17.1105,0.0203,17.1102,0.0,0.0,0.0,0.0,17.110200000000003,0.020300000000000002,17.1305,17.1308
5,0.3626,0.0012,0.3637,0.0655,0.9969755292823754,0.0032994226010448166,20.184,0.7331,22.1845,2.0005,0.0,0.0,0.0,22.184500000000003,0.7331,22.917600000000004,22.9144
6,0.2701,0.0215,0.2917,0.0525,0.9259513198491601,0.0737058621871786,14.7345,14.5129,83.7338,68.9993,0.0,0.0,0.0,83.7338,14.512900000000002,98.2467,103.2513
7,0.4784,0.0,0.4784,0.0861,1.0,0.0,25.0815,0.0225,25.0823,0.0008,0.0,0.0,0.0,25.0823,0.0225,25.1048,25.1036
8,0.1869,0.0001,0.187,0.0337,0.9994652406417113,0.0005347593582887701,10.092,0.0801,10.0921,0.0001,0.0,0.0,0.0,10.0921,0.08010000000000002,10.1722,10.1682
9,0.2369,0.0002,0.2371,0.0427,0.9991564740615774,0.0008435259384226065,14.2155,0.1032,14.2155,0.0,0.0,0.0,0.0,14.215499999999995,0.10319999999999999,14.318699999999994,14.3183
10,0.2689,0.0017,0.2706,0.0487,0.9937176644493716,0.006282335550628233,14.6655,1.1243,34.6656,20.0001,0.0,0.0,0.0,34.6656,1.1242999999999999,35.789899999999996,36.2876
11,0.3995,0.0073,0.4068,0.0732,0.9820550639134711,0.017944936086529008,22.707,4.546,96.7072,74.0002,0.0,0.0,0.0,96.70720000000003,4.545999999999999,101.25320000000002,103.2524
12,0.3465,0.0013,0.3478,0.0626,0.9962622196664749,0.003737780333525014,19.0905,0.8976,33.091,14.0005,0.0,0.0,0.0,33.091,0.8975999999999998,33.9886,34.4933
13,0.437,0.0044,0.4414,0.0795,0.9900317172632532,0.009968282736746716,23.364,2.8595,77.3637,53.9997,0.0,0.0,0.0,77.36370000000001,2.8594999999999997,80.2232,81.7183
14,0.2289,0.0047,0.2336,0.042,0.9798801369863013,0.02011986301369863,12.615,2.8717,76.6151,64.0001,0.0,0.0,0.0,76.6151,2.8716999999999997,79.4868,85.982
15,0.3952,0.0017,0.3968,0.0714,0.9959677419354839,0.004284274193548387,21.999,1.0028,46.9987,24.9997,0.0,0.0,0.0,46.9987,1.0028,48.0015,48.5043
16,0.3215,0.0001,0.3216,0.0579,0.9996890547263682,0.0003109452736318408,18.87,0.0712,20.8699,1.9999,0.0,0.0,0.0,20.869899999999994,0.07119999999999999,20.941099999999995,20.9388
17,0.3004,0.0013,0.3017,0.0543,0.9956910838581371,0.004308916141862777,16.722,0.8558,75.7216,58.9996,0.0,0.0,0.0,75.7216,0.8558000000000001,76.5774,77.0758
18,0.3274,0.0016,0.329,0.0592,0.9951367781155015,0.004863221884498481,17.6805,1.048,24.6807,7.0002,0.0,0.0,0.0,24.680699999999995,1.048,25.728699999999996,26.2312
19,0.3813,0.0028,0.3841,0.0691,0.992710231710492,0.0072897682895079405,21.228,1.81,88.2283,67.0003,0.0,0.0,0.0,88.22829999999999,1.8100000000000003,90.03829999999999,91.0359
20,0.2769,0.0005,0.2774,0.0499,0.998197548666186,0.0018024513338139871,15.576,0.341,17.5755,1.9995,0.0,0.0,0.0,17.575499999999995,0.34099999999999997,17.916499999999996,18.4146
21,0.2966,0.009,0.3056,0.055,0.9705497382198952,0.029450261780104712,16.5105,5.4186,206.5107,190.0002,0.0,0.0,0.0,206.5107,5.4186,211.9293,215.4319
22,0.1424,0.0001,0.1425,0.0257,0.9992982456140351,0.0007017543859649123,8.1825,0.0543,8.1816,0.0,0.0,0.0,0.0,8.1816,0.05430000000000001,8.235899999999999,8.2385
23,0.318,0.0,0.318,0.0572,1.0,0.0,16.5105,0.0158,16.511,0.0005,0.0,0.0,0.0,16.511,0.0158,16.526799999999998,16.5254
24,0.2118,0.0,0.2118,0.0381,1.0,0.0,11.793,0.0073,11.794,0.001,0.0,0.0,0.0,11.794000000000002,0.007299999999999999,11.801300000000003,11.8003
25,0.1813,0.0,0.1813,0.0326,1.0,0.0,10.092,0.0322,10.092,0.0,0.0,0.0,0.0,10.092,0.03219999999999999,10.1242,10.1268
26,0.1888,0.0002,0.189,0.034,0.9989417989417989,0.0010582010582010583,10.092,0.1387,32.0923,22.0003,0.0,0.0,0.0,32.092299999999994,0.13870000000000002,32.230999999999995,32.2282
27,0.166,0.0078,0.1738,0.0313,0.9551208285385501,0.044879171461449936,9.435,4.8756,155.4349,145.9999,0.0,0.0,0.0,155.43490000000003,4.8756,160.31050000000002,163.3124
28,0.2606,0.0246,0.2852,0.0513,0.9137447405329593,0.08625525946704067,14.2155,15.3627,150.2158,136.0003,0.0,0.0,0.0,150.2158,15.3627,165.5785,167.5758
29,0.2075,0.0,0.2075,0.0373,1.0,0.0,11.793,0.018,11.7937,0.0007,0.0,0.0,0.0,11.793700000000001,0.018,11.811700000000002,11.81
30,0.1026,0.0109,0.1135,0.0204,0.903964757709251,0.09603524229074889,5.8935,6.5608,54.8935,49.0,0.0,0.0,0.0,54.89349999999998,6.560800000000001,61.45429999999998,71.4582
31,0.3953,0.0043,0.3995,0.0719,0.9894868585732164,0.01076345431789737,22.707,2.8185,56.7071,34.0001,0.0,0.0,0.0,56.70710000000001,2.8185000000000002,59.52560000000001,63.5221
32,0.2374,0.0011,0.2385,0.0429,0.9953878406708596,0.004612159329140462,13.6365,0.7164,63.6365,50.0,0.0,0.0,0.0,63.63650000000002,0.7163999999999999,64.35290000000002,64.8495
33,0.3035,0.0001,0.3036,0.0547,0.9996706192358367,0.00032938076416337287,16.722,0.0974,19.7214,2.9994,0.0,0.0,0.0,19.7214,0.09740000000000001,19.8188,19.8168
34,0.4163,0.002,0.4183,0.0753,0.9952187425292852,0.004781257470714798,22.707,1.2372,73.7072,51.0002,0.0,0.0,0.0,73.70720000000003,1.2372,74.94440000000003,79.4469
35,0.1246,0.0057,0.1303,0.0234,0.9562547966231774,0.043745203376822715,6.795,3.4481,75.7947,68.9997,0.0,0.0,0.0,75.79470000000002,3.4480999999999997,79.24280000000002,84.7478
36,0.2769,0.0,0.2769,0.0499,1.0,0.0,15.576,0.0254,17.5757,1.9997,0.0,0.0,0.0,17.575699999999998,0.025400000000000006,17.6011,17.6022
37,0.1455,0.0001,0.1455,0.0262,1.0,0.0006872852233676976,8.1825,0.0509,11.1819,2.9994,0.0,0.0,0.0,11.181900000000004,0.05090000000000001,11.232800000000005,11.231
38,0.1442,0.0019,0.1462,0.0263,0.9863201094391245,0.012995896032831737,7.788,1.2447,49.7877,41.9997,0.0,0.0,0.0,49.787699999999994,1.2447000000000001,51.032399999999996,59.0351
39,0.2356,0.0,0.2356,0.0424,1.0,0.0,12.9795,0.0104,13.9795,1.0,0.0,0.0,0.0,13.979499999999996,0.010400000000000001,13.989899999999997,13.9944
40,0.3992,0.0009,0.4001,0.072,0.9977505623594101,0.0022494376405898524,21.999,0.5531,48.9986,26.9996,0.0,0.0,0.0,48.998599999999996,0.5530999999999999,49.5517,51.0546
41,0.145,0.0152,0.1603,0.0289,0.9045539613225202,0.09482220835932627,7.992,10.1198,108.9916,100.9996,0.0,0.0,0.0,108.99159999999999,10.1198,119.11139999999999,123.1117
42,0.1332,0.0006,0.1338,0.0241,0.9955156950672647,0.004484304932735426,7.569,0.3712,15.5691,8.0001,0.0,0.0,0.0,15.569099999999999,0.37120000000000003,15.940299999999999,15.9373
43,0.2567,0.0002,0.2569,0.0462,0.9992214869599064,0.0007785130400934215,13.59,0.1264,15.5897,1.9997,0.0,0.0,0.0,15.589700000000004,0.12639999999999998,15.716100000000004,17.2139
44,0.1847,0.0001,0.1848,0.0333,0.9994588744588745,0.0005411255411255411,9.777,0.0828,11.7772,2.0002,0.0,0.0,0.0,11.777199999999999,0.0828,11.86,11.8627
45,0.1037,0.0001,0.1038,0.0187,0.9990366088631984,0.0009633911368015414,5.8935,0.066,8.8936,3.0001,0.0,0.0,0.0,8.893600000000003,0.066,8.959600000000004,8.9633
46,0.4278,0.0136,0.4415,0.0795,0.9689694224235561,0.030804077010192523,23.574,8.2821,89.5741,66.0001,0.0,0.0,0.0,89.57410000000003,8.2821,97.85620000000003,102.8524
47,0.145,0.0094,0.1544,0.0278,0.9391191709844559,0.06088082901554404,7.992,6.0159,79.9915,71.9995,0.0,0.0,0.0,79.9915,6.0159,86.0074,88.0076
48,0.2127,0.0001,0.2128,0.0383,0.99953007518797,0.0004699248120300752,11.373,0.0597,14.3727,2.9997,0.0,0.0,0.0,14.372700000000004,0.0597,14.432400000000003,14.4315
49,0.3919,0.0112,0.4031,0.0726,0.9722153311833293,0.0277846688166708,21.8175,7.0347,98.8178,77.0003,0.0,0.0,0.0,98.81779999999998,7.034700000000001,105.85249999999998,110.8552
50,0.2103,0.0003,0.2106,0.0379,0.9985754985754984,0.0014245014245014244,11.586,0.2386,15.5854,3.9994,0.0,0.0,0.0,15.585399999999995,0.23859999999999998,15.823999999999995,15.828
51,0.2017,0.0,0.2017,0.0363,1.0,0.0,11.586,0.0309,11.5853,0.0,0.0,0.0,0.0,11.585299999999997,0.0309,11.616199999999997,11.6138
52,0.3852,0.0,0.3853,0.0694,0.9997404619776797,0.0,21.228,0.0189,21.2283,0.0003,0.0,0.0,0.0,21.228299999999997,0.018899999999999993,21.247199999999996,21.2485
53,0.4248,0.0068,0.4316,0.0777,0.984244670991659,0.015755329008341055,23.1705,4.1637,62.1705,39.0,0.0,0.0,0.0,62.17049999999999,4.1637,66.3342,69.8382
54,0.4265,0.0,0.4265,0.0768,1.0,0.0,25.5885,0.0126,26.5879,0.9994,0.0,0.0,0.0,26.587899999999998,0.012599999999999998,26.600499999999997,26.6046
55,0.404,0.0026,0.4066,0.0732,0.9936055090998525,0.006394490900147564,21.8175,1.6272,72.8182,51.0007,0.0,0.0,0.0,72.81819999999999,1.6271999999999998,74.44539999999999,74.4457
56,0.1258,0.0029,0.1287,0.0232,0.9774669774669774,0.02253302253302253,7.0755,1.8597,99.076,92.0005,0.0,0.0,0.0,99.076,1.8597,100.9357,105.9311
57,0.2662,0.0002,0.2664,0.0479,0.9992492492492491,0.0007507507507507507,14.6655,0.1464,14.6657,0.0002,0.0,0.0,0.0,14.665700000000003,0.14639999999999997,14.812100000000003,14.8108
58,0.2075,0.0035,0.211,0.038,0.9834123222748815,0.016587677725118485,11.793,2.2274,73.7936,62.0006,0.0,0.0,0.0,73.79359999999996,2.2274000000000003,76.02099999999996,81.5198
59,0.4162,0.0196,0.4359,0.0785,0.9548061481991282,0.044964441385638904,23.1705,12.4538,94.1705,71.0,0.0,0.0,0.0,94.17050000000003,12.453800000000001,106.62430000000003,112.1216
60,0.3846,0.0006,0.3852,0.0693,0.9984423676012462,0.001557632398753894,20.7675,0.3602,41.7674,20.9999,0.0,0.0,0.0,41.76740000000001,0.3602,42.12760000000001,43.6293
61,0.4505,0.0001,0.4506,0.0811,0.9997780736795384,0.00022192632046160674,25.0815,0.0454,25.0819,0.0004,0.0,0.0,0.0,25.0819,0.0454,25.1273,25.1253
62,0.3205,0.0142,0.3347,0.0602,0.9575739468180461,0.04242605318195399,17.661,9.4314,75.6612,58.0002,0.0,0.0,0.0,75.66120000000001,9.4314,85.0926,90.0959
63,0.4831,0.0,0.4831,0.087,1.0,0.0,25.0815,0.0258,26.0819,1.0004,0.0,0.0,0.0,26.0819,0.0258,26.1077,26.11
64,0.3107,0.0002,0.3109,0.056,0.9993567063364425,0.000643293663557414,17.661,0.0967,26.6611,9.0001,0.0,0.0,0.0,26.661099999999998,0.09670000000000001,26.757799999999996,26.7623
65,0.2617,0.0,0.2618,0.0471,0.9996180290297938,0.0,13.59,0.0152,13.5895,0.0,0.0,0.0,0.0,13.589500000000005,0.015200000000000002,13.604700000000005,13.6038
66,0.2701,0.0238,0.2939,0.0529,0.919020074855393,0.08097992514460702,14.7345,15.7729,104.7341,89.9996,0.0,0.0,0.0,104.7341,15.772900000000002,120.507,124.0065
67,0.3066,0.0028,0.3094,0.0557,0.9909502262443438,0.009049773755656108,16.722,1.7882,69.7217,52.9997,0.0,0.0,0.0,69.72170000000001,1.7881999999999998,71.50990000000002,72.5113
68,0.2752,0.0001,0.2753,0.0495,0.9996367598982928,0.0003632401017072285,16.5105,0.064,19.5108,3.0003,0.0,0.0,0.0,19.5108,0.06399999999999999,19.5748,20.0708
69,0.3042,0.0043,0.3085,0.0555,0.9860615883306322,0.01393841166936791,17.1105,2.6424,179.1102,161.9997,0.0,0.0,0.0,179.11020000000008,2.6424,181.7526000000001,183.256
70,0.1437,0.0003,0.144,0.0259,0.9979166666666667,0.0020833333333333333,8.529,0.2044,11.5297,3.0007,0.0,0.0,0.0,11.529699999999998,0.2044,11.734099999999998,12.231
71,0.1388,0.0034,0.1422,0.0256,0.9760900140646978,0.02390998593530239,7.569,2.2852,39.5691,32.0001,0.0,0.0,0.0,39.569100000000006,2.2851999999999997,41.85430000000001,46.3591
72,0.4644,0.0,0.4644,0.0836,1.0,0.0,25.5885,0.0158,34.5881,8.9996,0.0,0.0,0.0,34.5881,0.015799999999999998,34.603899999999996,34.599
73,0.2699,0.0001,0.27,0.0486,0.9996296296296294,0.00037037037037037035,14.1525,0.0565,14.1524,0.0,0.0,0.0,0.0,14.152400000000002,0.056499999999999995,14.208900000000002,14.2136
74,0.3749,0.0001,0.375,0.0675,0.9997333333333334,0.0002666666666666667,21.3105,0.0451,32.3104,10.9999,0.0,0.0,0.0,32.3104,0.045099999999999994,32.3555,32.3604
75,0.3396,0.0,0.3396,0.0611,1.0,0.0,19.509,0.0254,26.5083,6.9993,0.0,0.0,0.0,26.508299999999995,0.0254,26.533699999999996,26.5307
76,0.4086,0.01,0.4186,0.0753,0.9761108456760631,0.023889154323936932,22.7445,6.1524,135.7448,113.0003,0.0,0.0,0.0,135.7448,6.1524,141.8972,144.898
77,0.2118,0.0014,0.2133,0.0384,0.9929676511954993,0.006563525550867323,11.793,0.9196,29.7935,18.0005,0.0,0.0,0.0,29.793500000000005,0.9196000000000002,30.713100000000004,36.7162
78,0.167,0.0036,0.1706,0.0307,0.9788980070339977,0.021101992966002344,8.841,2.2565,30.84,21.999,0.0,0.0,0.0,30.84000000000001,2.2565,33.09650000000001,36.092
79,0.0933,0.0022,0.0954,0.0172,0.9779874213836478,0.02306079664570231,5.1915,1.2861,44.192,39.0005,0.0,0.0,0.0,44.19199999999999,1.2861,45.47809999999999,49.4796
80,0.4505,0.0003,0.4509,0.0812,0.9991128853404302,0.000665335994677312,25.0815,0.2096,25.082,0.0005,0.0,0.0,0.0,25.082,0.2096,25.291600000000003,25.2883
81,0.1465,0.0097,0.1562,0.0281,0.937900128040973,0.06209987195902689,7.992,6.4839,128.9915,120.9995,0.0,0.0,0.0,128.9915,6.483900000000001,135.4754,146.9775
82,0.3888,0.0005,0.3893,0.0701,0.9987156434626252,0.0012843565373747753,20.385,0.2919,20.3845,0.0,0.0,0.0,0.0,20.384500000000003,0.2919,20.6764,20.6742
83,0.3061,0.0229,0.329,0.0592,0.9303951367781154,0.0696048632218845,16.3635,14.4036,81.3635,65.0,0.0,0.0,0.0,81.3635,14.403599999999999,95.7671,105.2638
84,0.2747,0.0,0.2748,0.0495,0.9996360989810772,0.0,15.138,0.0202,20.138,5.0,0.0,0.0,0.0,20.137999999999998,0.0202,20.158199999999997,20.1535
85,0.3827,0.0,0.3827,0.0689,1.0,0.0,22.707,0.0212,26.7073,4.0003,0.0,0.0,0.0,26.7073,0.021200000000000004,26.7285,26.7329
86,0.2492,0.0123,0.2615,0.0471,0.9529636711281071,0.04703632887189292,13.59,8.7274,112.59,99.0,0.0,0.0,0.0,112.59000000000002,8.727400000000001,121.31740000000002,124.3177
87,0.339,0.0,0.339,0.061,1.0,0.0,18.87,0.0164,18.8695,0.0,0.0,0.0,0.0,18.869499999999995,0.016399999999999998,18.885899999999996,18.8822
88,0.2187,0.0,0.2187,0.0394,1.0,0.0,12.9795,0.012,13.9795,1.0,0.0,0.0,0.0,13.979499999999996,0.012,13.991499999999997,13.9905
89,0.0833,0.0,0.0833,0.015,1.0,0.0,4.8885,0.0301,4.8887,0.0002,0.0,0.0,0.0,4.888699999999999,0.0301,4.918799999999999,5.4198
90,0.4079,0.0023,0.4102,0.0738,0.9943929790346172,0.00560702096538274,22.707,1.4366,65.7075,43.0005,0.0,0.0,0.0,65.70750000000001,1.4366,67.14410000000001,69.6437
91,0.2901,0.0001,0.2901,0.0522,1.0,0.0003447087211306446,15.9825,0.0444,20.9827,5.0002,0.0,0.0,0.0,20.9827,0.04440000000000001,21.0271,21.0302
92,0.098,0.0003,0.0983,0.0177,0.9969481180061038,0.003051881993896236,5.454,0.1877,17.4547,12.0007,0.0,0.0,0.0,17.454699999999995,0.18770000000000003,17.642399999999995,17.6417
93,0.0987,0.0001,0.0987,0.0178,1.0,0.0010131712259371835,5.328,0.0407,13.3276,7.9996,0.0,0.0,0.0,13.3276,0.0407,13.3683,13.3705
94,0.2782,0.0006,0.2789,0.0502,0.9974901398350664,0.002151308712800287,15.9825,0.3878,31.9827,16.0002,0.0,0.0,0.0,31.9827,0.38780000000000003,32.3705,32.373
95,0.4074,0.0009,0.4083,0.0735,0.9977957384276267,0.002204261572373255,21.999,0.536,32.9987,10.9997,0.0,0.0,0.0,32.9987,0.536,33.5347,34.0351
96,0.172,0.0143,0.1863,0.0335,0.9232420826623725,0.07675791733762749,9.777,8.5673,142.7773,133.0003,0.0,0.0,0.0,142.77730000000003,8.5673,151.3446,158.8463
97,0.3588,0.0,0.3589,0.0646,0.9997213708553915,0.0,20.184,0.0183,23.1842,3.0002,0.0,0.0,0.0,23.184200000000004,0.0183,23.202500000000004,23.1999
98,0.3122,0.0003,0.3125,0.0562,0.9990399999999999,0.0009599999999999999,17.3775,0.2201,33.3779,16.0004,0.0,0.0,0.0,33.3779,0.2201,33.598,33.5964
99,0.3705,0.0153,0.3859,0.0695,0.9600932884166882,0.03964757709251101,20.628,9.5325,113.6274,92.9994,0.0,0.0,0.0,113.62740000000002,9.532499999999999,123.15990000000002,125.661
100,0.2542,0.0,0.2542,0.0458,1.0,0.0,13.59,0.0147,18.5895,4.9995,0.0,0.0,0.0,18.589499999999997,0.0147,18.6042,18.6032
101,0.3919,0.008,0.3999,0.072,0.9799949987496875,0.02000500125031258,21.8175,5.2398,115.8184,94.0009,0.0,0.0,0.0,115.81839999999998,5.239800000000001,121.05819999999999,125.0567
102,0.1593,0.0004,0.1597,0.0287,0.997495303694427,0.002504696305572949,8.6895,0.209,10.6891,1.9996,0.0,0.0,0.0,10.6891,0.20899999999999996,10.8981,10.8932
103,0.1832,0.0005,0.1836,0.0331,0.9978213507625272,0.0027233115468409583,10.092,0.303,17.092,7.0,0.0,0.0,0.0,17.092,0.303,17.395,17.3931
104,0.1914,0.0048,0.1962,0.0353,0.9755351681957185,0.024464831804281342,10.6545,2.9307,43.6551,33.0006,0.0,0.0,0.0,43.655100000000004,2.9307,46.585800000000006,48.0885
105,0.2184,0.0001,0.2184,0.0393,1.0,0.0004578754578754579,11.793,0.0345,17.7936,6.0006,0.0,0.0,0.0,17.793600000000005,0.0345,17.828100000000006,18.331
106,0.3074,0.0087,0.3161,0.0569,0.9724770642201835,0.027522935779816512,17.661,5.5873,117.6613,100.0003,0.0,0.0,0.0,117.66130000000001,5.5873,123.24860000000001,128.2508
107,0.2769,0.0094,0.2863,0.0515,0.9671673070206077,0.032832692979392245,15.576,5.6285,147.5757,131.9997,0.0,0.0,0.0,147.57569999999998,5.6285,153.2042,156.2052
108,0.078,0.0,0.0781,0.0141,0.998719590268886,0.0,4.53,0.0266,5.5298,0.9998,0.0,0.0,0.0,5.529799999999998,0.026600000000000002,5.556399999999998,5.5592
109,0.1879,0.0003,0.1882,0.0339,0.9984059511158343,0.001594048884165781,11.148,0.1926,12.1478,0.9998,0.0,0.0,0.0,12.1478,0.1926,12.3404,12.842
110,0.1304,0.0,0.1304,0.0235,1.0,0.0,7.3335,0.0172,7.3331,0.0,0.0,0.0,0.0,7.333100000000002,0.0172,7.350300000000002,7.3529
111,0.4459,0.003,0.4489,0.0808,0.9933169971040321,0.006683002895967922,25.0815,1.9234,44.082,19.0005,0.0,0.0,0.0,44.082,1.9234,46.0054,46.003
112,0.3074,0.0161,0.3234,0.0582,0.950525664811379,0.04978354978354978,17.1105,10.2997,163.1101,145.9996,0.0,0.0,0.0,163.11010000000005,10.299700000000001,173.40980000000005,177.412
113,0.3807,0.004,0.3847,0.0692,0.9896022874967507,0.010397712503249286,20.7675,2.6214,53.7673,32.9998,0.0,0.0,0.0,53.76729999999999,2.6214000000000004,56.38869999999999,58.3872
114,0.3571,0.0001,0.3571,0.0643,1.0,0.0002800336040324839,19.0905,0.0542,19.0907,0.0002,0.0,0.0,0.0,19.090700000000002,0.0542,19.144900000000003,19.14
115,0.0944,0.0069,0.1013,0.0182,0.9318854886475814,0.06811451135241856,5.046,4.5862,82.0461,77.0001,0.0,0.0,0.0,82.0461,4.5862,86.6323,89.1315
116,0.4119,0.0002,0.4121,0.0742,0.9995146809026935,0.000485319097306479,23.1705,0.1223,28.1705,5.0,0.0,0.0,0.0,28.17049999999999,0.12229999999999998,28.29279999999999,28.2913
117,0.2689,0.0151,0.284,0.0511,0.946830985915493,0.05316901408450705,14.6655,9.6084,146.6657,132.0002,0.0,0.0,0.0,146.6657,9.6084,156.27409999999998,158.7764
118,0.1548,0.0014,0.1562,0.0281,0.9910371318822022,0.008962868117797694,8.529,0.9237,31.5293,23.0003,0.0,0.0,0.0,31.5293,0.9237,32.452999999999996,32.4559
119,0.0934,0.0187,0.1121,0.0202,0.8331846565566458,0.16681534344335416,5.046,11.5567,107.0461,102.0001,0.0,0.0,0.0,107.04609999999998,11.556700000000001,118.60279999999999,121.0989
120,0.3557,0.0009,0.3565,0.0642,0.9977559607293128,0.0025245441795231417,18.6465,0.5692,19.6465,1.0,0.0,0.0,0.0,19.646499999999996,0.5692,20.215699999999995,20.2147
121,0.1579,0.0004,0.1583,0.0285,0.9974731522425775,0.0025268477574226155,8.529,0.2523,11.5291,3.0001,0.0,0.0,0.0,11.5291,0.25229999999999997,11.7814,11.7813
122,0.4549,0.0012,0.4561,0.0821,0.9973689980267486,0.00263100197325148,25.5885,0.7683,30.5882,4.9997,0.0,0.0,0.0,30.588199999999997,0.7683,31.356499999999997,31.8576
123,0.1533,0.0055,0.1588,0.0286,0.9653652392947103,0.034634760705289674,8.361,3.3592,63.3608,54.9998,0.0,0.0,0.0,63.360800000000005,3.3592,66.72,67.2236
124,0.3612,0.0014,0.3626,0.0653,0.9961389961389963,0.003861003861003861,19.902,0.8823,135.902,116.0,0.0,0.0,0.0,135.90200000000002,0.8823000000000001,136.7843,137.7884
125,0.1062,0.0006,0.1068,0.0192,0.9943820224719101,0.005617977528089887,5.793,0.4062,45.7927,39.9997,0.0,0.0,0.0,45.79270000000001,0.4061999999999999,46.19890000000001,46.1982
126,0.4025,0.0012,0.4037,0.0727,0.9970274956650979,0.0029725043349021546,21.3105,0.7318,35.3102,13.9997,0.0,0.0,0.0,35.310199999999995,0.7317999999999999,36.041999999999994,38.044
127,0.1471,0.0243,0.1714,0.0309,0.8582263710618437,0.14177362893815634,8.361,15.2164,109.361,101.0,0.0,0.0,0.0,109.361,15.216400000000002,124.57740000000001,132.073
128,0.3879,0.0,0.3879,0.0698,1.0,0.0,21.8175,0.0131,26.8181,5.0006,0.0,0.0,0.0,26.818099999999994,0.013099999999999999,26.831199999999995,26.8343
129,0.4731,0.0058,0.4788,0.0862,0.9880952380952381,0.01211361737677527,26.067,3.5147,120.067,94.0,0.0,0.0,0.0,120.06699999999995,3.5147000000000004,123.58169999999996,127.0804
130,0.3887,0.0001,0.3889,0.07,0.999485728979172,0.00025713551041398817,20.184,0.087,30.1841,10.0001,0.0,0.0,0.0,30.184100000000004,0.08700000000000001,30.271100000000004,30.7741
131,0.0927,0.0,0.0928,0.0167,0.9989224137931035,0.0,5.328,0.0106,5.3278,0.0,0.0,0.0,0.0,5.327800000000001,0.010599999999999998,5.338400000000001,5.3338
132,0.0814,0.0001,0.0815,0.0147,0.9987730061349693,0.001226993865030675,4.53,0.0693,6.53,2.0,0.0,0.0,0.0,6.529999999999998,0.0693,6.599299999999998,6.5946
133,0.3315,0.0088,0.3402,0.0612,0.9744268077601411,0.02586713697824809,18.6465,5.6655,108.6465,90.0,0.0,0.0,0.0,108.64649999999997,5.665500000000001,114.31199999999997,115.813
134,0.2574,0.0,0.2575,0.0463,0.999611650485437,0.0,14.481,0.0297,14.4815,0.0005,0.0,0.0,0.0,14.481500000000004,0.029699999999999997,14.511200000000004,14.5159
135,0.1641,0.0284,0.1926,0.0347,0.8520249221183801,0.1474558670820353,8.6895,17.8814,171.6893,162.9998,0.0,0.0,0.0,171.6893,17.881400000000003,189.57070000000002,193.0706
136,0.2003,0.0049,0.2052,0.0369,0.9761208576998052,0.02387914230019493,11.148,2.8866,75.1474,63.9994,0.0,0.0,0.0,75.1474,2.8866,78.034,80.5344
137,0.1738,0.0001,0.1739,0.0313,0.9994249568717655,0.0005750431282346176,10.092,0.0378,10.0921,0.0001,0.0,0.0,0.0,10.0921,0.0378,10.129900000000001,10.127
138,0.3218,0.0003,0.3221,0.058,0.999068612232226,0.0009313877677739832,17.3775,0.2098,17.3779,0.0004,0.0,0.0,0.0,17.3779,0.20979999999999996,17.5877,17.585
139,0.3429,0.0012,0.3441,0.0619,0.9965126416739319,0.003487358326068003,19.0905,0.751,49.0908,30.0003,0.0,0.0,0.0,49.0908,0.7509999999999999,49.8418,49.844
140,0.2289,0.0003,0.2292,0.0413,0.9986910994764399,0.0013089005235602093,12.615,0.1575,24.615,12.0,0.0,0.0,0.0,24.615000000000006,0.15750000000000003,24.772500000000004,27.2752
141,0.2973,0.0001,0.2974,0.0535,0.9996637525218561,0.0003362474781439139,16.722,0.0488,19.7212,2.9992,0.0,0.0,0.0,19.721199999999993,0.048799999999999996,19.769999999999992,19.7651
142,0.3154,0.0062,0.3215,0.0579,0.9810264385692069,0.019284603421461897,17.3775,4.2396,91.3778,74.0003,0.0,0.0,0.0,91.37780000000001,4.239599999999999,95.6174,96.6139
143,0.323,0.0001,0.3232,0.0582,0.9993811881188119,0.0003094059405940594,18.171,0.0748,21.1718,3.0008,0.0,0.0,0.0,21.171800000000005,0.07479999999999999,21.246600000000004,22.7491
144,0.4254,0.0026,0.428,0.077,0.9939252336448599,0.006074766355140187,22.7445,1.6056,124.7451,102.0006,0.0,0.0,0.0,124.74510000000001,1.6055999999999997,126.3507,129.3516
145,0.0953,0.0003,0.0956,0.0172,0.9968619246861924,0.003138075313807531,5.046,0.1601,5.0461,0.0001,0.0,0.0,0.0,5.0461,0.1601,5.2062,5.2041
146,0.1517,0.0007,0.1524,0.0274,0.9954068241469816,0.004593175853018373,8.361,0.4464,22.3609,13.9999,0.0,0.0,0.0,22.360899999999997,0.44639999999999996,22.807299999999998,23.3032
147,0.2074,0.0009,0.2082,0.0375,0.9961575408261287,0.004322766570605188,11.787,0.5774,16.787,5.0,0.0,0.0,0.0,16.787,0.5773999999999999,17.3644,17.8692
148,0.2634,0.0048,0.2682,0.0483,0.982102908277405,0.017897091722595078,14.6655,2.9192,122.6659,108.0004,0.0,0.0,0.0,122.6659,2.9191999999999996,125.5851,129.5803
149,0.444,0.0001,0.4441,0.0799,0.9997748254897546,0.00022517451024544024,23.9745,0.0874,24.9742,0.9997,0.0,0.0,0.0,24.974200000000003,0.0874,25.061600000000002,25.5613
150,0.3828,0.0179,0.4007,0.0721,0.955328175692538,0.04467182430746194,21.3105,11.0826,90.3103,68.9998,0.0,0.0,0.0,90.31029999999997,11.082600000000001,101.39289999999997,105.895
151,0.2617,0.0002,0.2619,0.0471,0.9992363497518135,0.0007636502481863306,13.59,0.1235,17.5895,3.9995,0.0,0.0,0.0,17.589500000000005,0.1235,17.713000000000005,17.7116
152,0.4065,0.0,0.4065,0.0732,1.0,0.0,21.3105,0.0098,21.31,0.0,0.0,0.0,0.0,21.310000000000002,0.0098,21.3198,21.3209
153,0.2901,0.001,0.2911,0.0524,0.9965647543799382,0.0034352456200618343,15.9825,0.698,21.9827,6.0002,0.0,0.0,0.0,21.9827,0.6980000000000001,22.6807,23.6764
154,0.2691,0.0002,0.2693,0.0485,0.9992573338284442,0.0007426661715558857,15.138,0.1532,23.1381,8.0001,0.0,0.0,0.0,23.138099999999998,0.1532,23.2913,23.2895
155,0.2827,0.0002,0.2829,0.0509,0.999293036408625,0.0007069635913750442,15.576,0.1476,22.5755,6.9995,0.0,0.0,0.0,22.575499999999995,0.14759999999999995,22.723099999999995,22.7186
156,0.1106,0.0001,0.1107,0.0199,0.999096657633243,0.0009033423667570009,5.6865,0.0541,5.6863,0.0,0.0,0.0,0.0,5.686300000000001,0.0541,5.740400000000001,5.7361
157,0.148,0.0007,0.1488,0.0268,0.9946236559139785,0.004704301075268817,8.6895,0.4604,12.6892,3.9997,0.0,0.0,0.0,12.6892,0.46040000000000003,13.1496,13.1533
158,0.2909,0.0006,0.2915,0.0525,0.9979416809605489,0.002058319039451115,16.3635,0.3938,33.3638,17.0003,0.0,0.0,0.0,33.363800000000005,0.3938,33.757600000000004,33.7558
159,0.3654,0.0011,0.3664,0.066,0.9972707423580786,0.003002183406113537,20.7675,0.6697,61.7673,40.9998,0.0,0.0,0.0,61.76730000000002,0.6697000000000002,62.43700000000002,65.4332
160,0.3591,0.0002,0.3593,0.0647,0.9994433620929585,0.0005566379070414695,20.628,0.1199,22.6272,1.9992,0.0,0.0,0.0,22.6272,0.11989999999999998,22.7471,22.7459
161,0.3488,0.0002,0.3489,0.0628,0.999713384924047,0.0005732301519059903,18.6465,0.1065,30.6466,12.0001,0.0,0.0,0.0,30.646599999999992,0.1065,30.753099999999993,30.7557
162,0.3197,0.0141,0.3338,0.0601,0.957759137207909,0.04224086279209107,18.171,8.6832,243.1715,225.0005,0.0,0.0,0.0,243.17149999999998,8.683199999999998,251.85469999999998,255.8526
163,0.1774,0.0149,0.1923,0.0346,0.9225169006760271,0.07748309932397296,9.777,9.1638,107.7773,98.0003,0.0,0.0,0.0,107.7773,9.1638,116.94109999999999,122.441
164,0.1399,0.0001,0.14,0.0252,0.9992857142857142,0.0007142857142857143,7.788,0.0749,12.7877,4.9997,0.0,0.0,0.0,12.787699999999997,0.07489999999999998,12.862599999999997,12.8658
165,0.4024,0.0,0.4024,0.0724,1.0,0.0,23.364,0.0099,24.3638,0.9998,0.0,0.0,0.0,24.363800000000005,0.009899999999999997,24.373700000000003,24.3716
166,0.1428,0.0018,0.1446,0.026,0.9875518672199171,0.012448132780082987,7.788,1.1966,57.7877,49.9997,0.0,0.0,0.0,57.787699999999994,1.1965999999999999,58.98429999999999,59.9809
167,0.129,0.0001,0.1291,0.0232,0.9992254066615028,0.000774593338497289,7.569,0.0713,7.569,0.0,0.0,0.0,0.0,7.569,0.07130000000000002,7.6403,7.6363
168,0.2905,0.007,0.2975,0.0535,0.9764705882352941,0.023529411764705885,16.5105,4.3388,107.5109,91.0004,0.0,0.0,0.0,107.51090000000003,4.3388,111.84970000000004,114.8491
169,0.2901,0.0003,0.2904,0.0523,0.9989669421487605,0.0010330578512396695,15.9825,0.2096,43.983,28.0005,0.0,0.0,0.0,43.983000000000004,0.2096,44.192600000000006,44.1974
170,0.4079,0.0021,0.41,0.0738,0.9948780487804878,0.005121951219512195,22.707,1.3177,56.7071,34.0001,0.0,0.0,0.0,56.70710000000001,1.3177,58.02480000000001,58.0276
171,0.2492,0.0071,0.2563,0.0461,0.9722980881779166,0.0277019118220835,13.59,4.6173,80.5898,66.9998,0.0,0.0,0.0,80.58980000000001,4.6173,85.20710000000001,94.7092
172,0.321,0.0,0.3211,0.0578,0.999688570538773,0.0,16.5105,0.0155,24.5109,8.0004,0.0,0.0,0.0,24.510899999999996,0.015500000000000002,24.526399999999995,24.5309
173,0.3769,0.0005,0.3774,0.0679,0.9986751457339693,0.0013248542660307366,20.7675,0.3161,42.7673,21.9998,0.0,0.0,0.0,42.767300000000006,0.31610000000000005,43.083400000000005,43.0811
174,0.2273,0.0006,0.2279,0.041,0.9973672663448881,0.002632733655111891,13.6365,0.3428,13.6364,0.0,0.0,0.0,0.0,13.636400000000004,0.34280000000000005,13.979200000000004,13.9774
175,0.2548,0.0001,0.2549,0.0459,0.9996076892899176,0.00039231071008238524,14.481,0.0602,15.4815,1.0005,0.0,0.0,0.0,15.481500000000004,0.0602,15.541700000000004,15.54
176,0.0814,0.0001,0.0814,0.0147,1.0,0.0012285012285012285,4.53,0.0311,6.5299,1.9999,0.0,0.0,0.0,6.529899999999998,0.031100000000000006,6.560999999999998,6.5649
177,0.2259,0.0087,0.2347,0.0422,0.9625053259480187,0.03706859821048147,12.9795,5.5061,110.9796,98.0001,0.0,0.0,0.0,110.97960000000003,5.5061,116.48570000000004,119.9874
178,0.4037,0.0,0.4037,0.0727,1.0,0.0,22.707,0.0195,25.7071,3.0001,0.0,0.0,0.0,25.7071,0.019499999999999997,25.7266,25.7249
179,0.198,0.0091,0.2071,0.0373,0.9560598744567842,0.04394012554321584,10.9095,5.8612,75.9091,64.9996,0.0,0.0,0.0,75.90909999999998,5.8612,81.77029999999998,90.273
180,0.3953,0.0005,0.3957,0.0712,0.9989891331817032,0.0012635835228708618,22.707,0.2893,48.7071,26.0001,0.0,0.0,0.0,48.70710000000001,0.2893,48.99640000000001,48.9935
181,0.3852,0.0147,0.3999,0.072,0.9632408102025507,0.03675918979744936,21.228,9.4111,155.2284,134.0004,0.0,0.0,0.0,155.2284,9.411100000000001,164.6395,170.1443
182,0.2369,0.0003,0.2372,0.0427,0.998735244519393,0.0012647554806070826,14.2155,0.1982,15.2155,1.0,0.0,0.0,0.0,15.215499999999995,0.19819999999999996,15.413699999999995,15.9088
183,0.4538,0.0,0.4538,0.0817,1.0,0.0,26.067,0.0313,26.0669,0.0,0.0,0.0,0.0,26.0669,0.0313,26.098200000000002,26.0978
184,0.2491,0.0007,0.2498,0.045,0.9971977582065652,0.002802241793434748,13.3185,0.4218,21.3188,8.0003,0.0,0.0,0.0,21.3188,0.4218000000000001,21.7406,21.739
185,0.1346,0.0009,0.1355,0.0244,0.9933579335793357,0.006642066420664206,7.569,0.5556,40.5692,33.0002,0.0,0.0,0.0,40.569199999999995,0.5556,41.12479999999999,42.1222
186,0.444,0.0006,0.4446,0.08,0.9986504723346828,0.001349527665317139,23.9745,0.3615,38.9736,14.9991,0.0,0.0,0.0,38.9736,0.3615,39.3351,39.3306
187,0.2871,0.0013,0.2884,0.0519,0.995492371705964,0.004507628294036061,15.9825,0.7871,53.9826,38.0001,0.0,0.0,0.0,53.982600000000005,0.7871000000000001,54.76970000000001,55.2692
188,0.1555,0.0017,0.1572,0.0283,0.9891857506361322,0.010814249363867684,8.841,1.1058,39.84,30.999,0.0,0.0,0.0,39.84000000000001,1.1058000000000001,40.94580000000001,42.4482
189,0.2356,0.0,0.2356,0.0424,1.0,0.0,12.9795,0.0194,17.9797,5.0002,0.0,0.0,0.0,17.979699999999998,0.019400000000000004,17.9991,18.0033
190,0.1385,0.0004,0.139,0.025,0.9964028776978417,0.0028776978417266188,7.3335,0.2797,25.3329,17.9994,0.0,0.0,0.0,25.332900000000002,0.2797,25.6126,26.1108
191,0.3172,0.0005,0.3178,0.0572,0.9981120201384517,0.0015733165512901194,17.661,0.3134,67.6612,50.0002,0.0,0.0,0.0,67.66120000000001,0.3134,67.97460000000001,68.4696
192,0.424,0.0002,0.4242,0.0764,0.9995285242809995,0.0004714757190004715,23.364,0.1519,33.3632,9.9992,0.0,0.0,0.0,33.363200000000006,0.15189999999999998,33.515100000000004,34.5136
193,0.3705,0.0126,0.3831,0.069,0.9671104150352389,0.03288958496476116,20.628,7.7697,110.6271,89.9991,0.0,0.0,0.0,110.62710000000001,7.769700000000001,118.39680000000001,124.8966
194,0.1358,0.0086,0.1444,0.026,0.9404432132963989,0.05955678670360111,7.3335,5.7138,105.3332,97.9997,0.0,0.0,0.0,105.3332,5.713800000000001,111.04700000000001,114.0467
195,0.1297,0.0068,0.1365,0.0246,0.9501831501831501,0.04981684981684981,7.0755,4.4155,77.0761,70.0006,0.0,0.0,0.0,77.0761,4.415500000000001,81.49159999999999,84.4936
196,0.1712,0.0008,0.172,0.031,0.9953488372093023,0.004651162790697675,9.435,0.5487,20.4349,10.9999,0.0,0.0,0.0,20.434900000000006,0.5487000000000001,20.983600000000006,21.4832
197,0.198,0.0099,0.2079,0.0374,0.9523809523809524,0.04761904761904762,10.9095,6.0362,129.9093,118.9998,0.0,0.0,0.0,129.90930000000003,6.036200000000001,135.94550000000004,139.9443
198,0.2332,0.0147,0.2478,0.0446,0.9410815173527037,0.059322033898305086,12.9795,9.2097,32.9795,20.0,0.0,0.0,0.0,32.97950000000001,9.2097,42.18920000000001,43.6871
199,0.258,0.0194,0.2774,0.0499,0.9300648882480174,0.0699351117519827,14.2155,12.3683,118.2156,104.0001,0.0,0.0,0.0,118.21559999999998,12.368299999999998,130.58389999999997,133.5856
200,0.2266,0.0,0.2266,0.0408,1.0,0.0,12.615,0.0097,13.615,1.0,0.0,0.0,0.0,13.614999999999995,0.009699999999999999,13.624699999999995,13.6238
201,0.2356,0.0001,0.2357,0.0424,0.9995757318625371,0.0004242681374628766,12.9795,0.0824,22.9797,10.0002,0.0,0.0,0.0,22.97970000000001,0.0824,23.062100000000008,23.067
202,0.3629,0.0,0.3629,0.0653,1.0,0.0,20.628,0.0268,20.6278,0.0,0.0,0.0,0.0,20.627799999999997,0.0268,20.6546,20.6548
203,0.4173,0.0005,0.4178,0.0752,0.9988032551460029,0.0011967448539971278,23.9745,0.3019,24.9742,0.9997,0.0,0.0,0.0,24.974199999999996,0.3019,25.276099999999996,25.2792
204,0.2343,0.0024,0.2367,0.0426,0.9898605830164766,0.010139416983523447,13.3185,1.4758,40.3188,27.0003,0.0,0.0,0.0,40.3188,1.4758000000000002,41.7946,46.2977
205,0.1442,0.0011,0.1453,0.0262,0.9924294562973158,0.007570543702684102,7.788,0.705,46.7877,38.9997,0.0,0.0,0.0,46.78769999999999,0.7050000000000001,47.492699999999985,47.4889
206,0.3459,0.0128,0.3587,0.0646,0.9643155840535266,0.035684415946473376,18.87,8.4191,101.8698,82.9998,0.0,0.0,0.0,101.86979999999997,8.4191,110.28889999999997,114.7926
207,0.0878,0.0003,0.0881,0.0159,0.996594778660613,0.00340522133938706,5.046,0.1573,6.0461,1.0001,0.0,0.0,0.0,6.046100000000002,0.1573,6.203400000000002,6.2005
208,0.3649,0.0022,0.3671,0.0661,0.9940070825388179,0.0059929174611822395,19.509,1.3976,39.5084,19.9994,0.0,0.0,0.0,39.5084,1.3976,40.906,44.4044
209,0.3221,0.0017,0.3239,0.0583,0.9944427292374188,0.005248533497993207,18.12,1.024,64.1197,45.9997,0.0,0.0,0.0,64.1197,1.024,65.1437,66.1408
210,0.2642,0.0,0.2643,0.0476,0.9996216420734014,0.0,15.855,0.0159,15.8545,0.0,0.0,0.0,0.0,15.854500000000003,0.015899999999999997,15.870400000000004,15.8739
211,0.0932,0.0001,0.0934,0.0168,0.9978586723768738,0.0010706638115631692,4.8885,0.0792,4.8886,0.0001,0.0,0.0,0.0,4.888599999999999,0.07919999999999999,4.9677999999999995,4.9663
212,0.3205,0.0144,0.3349,0.0603,0.9570020901761721,0.042997909823828014,17.661,8.8723,131.6612,114.0002,0.0,0.0,0.0,131.6612,8.8723,140.5335,144.536
213,0.2606,0.0206,0.2812,0.0506,0.9267425320056899,0.0732574679943101,13.935,13.0552,179.9346,165.9996,0.0,0.0,0.0,179.93460000000002,13.055200000000001,192.98980000000003,195.4855
214,0.1506,0.0001,0.1507,0.0271,0.9993364299933644,0.0006635700066357001,8.841,0.0572,8.8407,0.0,0.0,0.0,0.0,8.840700000000002,0.0572,8.897900000000002,8.8934
215,0.169,0.0001,0.1691,0.0304,0.9994086339444117,0.0005913660555884093,8.6895,0.0607,9.6892,0.9997,0.0,0.0,0.0,9.6892,0.060700000000000004,9.7499,9.7529
216,0.0851,0.0004,0.0855,0.0154,0.9953216374269005,0.004678362573099415,4.8885,0.2641,28.8885,24.0,0.0,0.0,0.0,28.888500000000008,0.26409999999999995,29.152600000000007,29.6502
217,0.2565,0.0003,0.2568,0.0462,0.9988317757009347,0.0011682242990654207,13.3185,0.1576,14.3189,1.0004,0.0,0.0,0.0,14.318900000000001,0.1576,14.476500000000001,14.9721
218,0.3122,0.0061,0.3183,0.0573,0.9808356896010052,0.019164310398994657,17.3775,3.4832,116.3778,99.0003,0.0,0.0,0.0,116.37780000000004,3.4831999999999996,119.86100000000003,128.365
219,0.2756,0.0001,0.2757,0.0496,0.9996372869060574,0.0003627130939426913,14.7345,0.0553,14.7338,0.0,0.0,0.0,0.0,14.733800000000004,0.0553,14.789100000000005,14.7842
220,0.3066,0.0102,0.3167,0.057,0.9681086201452479,0.0322071360909378,16.722,6.8079,96.7215,79.9995,0.0,0.0,0.0,96.7215,6.807899999999999,103.52940000000001,107.0317
221,0.2871,0.017,0.3041,0.0547,0.9440973364024993,0.05590266359750083,15.9825,10.9667,85.9826,70.0001,0.0,0.0,0.0,85.9826,10.9667,96.94930000000001,106.9538
222,0.1532,0.0133,0.1665,0.03,0.9201201201201201,0.07987987987987988,8.529,8.0087,156.5292,148.0002,0.0,0.0,0.0,156.5292,8.008700000000001,164.5379,169.0381
223,0.1961,0.0003,0.1964,0.0354,0.9984725050916498,0.0015274949083503055,11.148,0.189,13.1475,1.9995,0.0,0.0,0.0,13.147499999999999,0.189,13.3365,13.3383
224,0.1865,0.0182,0.2047,0.0368,0.9110893991206644,0.08891060087933562,10.383,10.7561,63.3836,53.0006,0.0,0.0,0.0,63.38360000000001,10.756099999999998,74.1397,83.6445
225,0.1572,0.006,0.1632,0.0294,0.9632352941176471,0.03676470588235294,8.841,3.7489,59.8404,50.9994,0.0,0.0,0.0,59.84039999999999,3.748900000000001,63.58929999999999,68.091
226,0.1794,0.0,0.1794,0.0323,1.0,0.0,10.092,0.0196,10.092,0.0,0.0,0.0,0.0,10.092,0.019600000000000003,10.111600000000001,10.1126
227,0.1533,0.0002,0.1535,0.0276,0.9986970684039087,0.0013029315960912053,8.361,0.1135,9.3608,0.9998,0.0,0.0,0.0,9.3608,0.1135,9.4743,9.4775
228,0.3952,0.0139,0.4091,0.0736,0.9660229772671718,0.033977022732828155,21.999,8.7091,154.9986,132.9996,0.0,0.0,0.0,154.99859999999998,8.7091,163.7077,172.7112
229,0.3154,0.0002,0.3156,0.0568,0.9993662864385299,0.0006337135614702155,17.3775,0.1336,24.3777,7.0002,0.0,0.0,0.0,24.3777,0.1336,24.511300000000002,25.0076
230,0.202,0.0003,0.2023,0.0364,0.9985170538803757,0.0014829461196243202,10.9095,0.1918,15.9091,4.9996,0.0,0.0,0.0,15.909099999999997,0.1918,16.100899999999996,16.6025
231,0.131,0.0,0.131,0.0236,1.0,0.0,7.0755,0.0081,7.0761,0.0006,0.0,0.0,0.0,7.076100000000001,0.0081,7.084200000000001,7.0889
232,0.2441,0.0115,0.2556,0.046,0.9550078247261347,0.04499217527386541,13.59,7.17,215.5897,201.9997,0.0,0.0,0.0,215.58970000000002,7.170000000000001,222.7597,225.2568
233,0.2673,0.0004,0.2678,0.0482,0.9981329350261389,0.0014936519790888724,14.1525,0.2884,19.1524,4.9999,0.0,0.0,0.0,19.152400000000004,0.2884,19.440800000000003,20.9394
234,0.3501,0.0027,0.3529,0.0635,0.9920657410031171,0.00765089260413715,19.902,1.583,59.902,40.0,0.0,0.0,0.0,59.90199999999999,1.5829999999999997,61.484999999999985,62.4858
235,0.1644,0.0055,0.1699,0.0306,0.9676280164802825,0.03237198351971748,9.06,3.5903,75.0599,65.9999,0.0,0.0,0.0,75.05989999999998,3.5902999999999996,78.65019999999998,82.6507
236,0.3514,0.0001,0.3514,0.0633,1.0,0.0002845759817871372,20.184,0.0427,21.1842,1.0002,0.0,0.0,0.0,21.184200000000004,0.0427,21.226900000000004,21.2264
237,0.325,0.0,0.325,0.0585,1.0,0.0,18.87,0.016,19.8697,0.9997,0.0,0.0,0.0,19.869699999999995,0.016,19.885699999999993,19.889
238,0.4764,0.0018,0.4782,0.0861,0.9962358845671266,0.0037641154328732747,26.5215,1.0386,52.5209,25.9994,0.0,0.0,0.0,52.5209,1.0386000000000002,53.5595,56.0642
239,0.0896,0.0001,0.0897,0.0162,0.9988851727982162,0.0011148272017837235,4.8885,0.0683,15.8886,11.0001,0.0,0.0,0.0,15.888600000000004,0.06829999999999999,15.956900000000005,16.9547
240,0.2313,0.0001,0.2313,0.0416,1.0,0.000432338953739732,12.615,0.0385,16.6151,4.0001,0.0,0.0,0.0,16.615099999999998,0.03849999999999999,16.653599999999997,16.6504
241,0.1416,0.0004,0.1419,0.0255,0.9978858350951375,0.0028188865398167725,7.569,0.2567,19.569,12.0,0.0,0.0,0.0,19.569,0.2567,19.825699999999998,21.3273
242,0.0952,0.0041,0.0992,0.0179,0.9596774193548389,0.04133064516129033,5.1915,2.5346,113.1918,108.0003,0.0,0.0,0.0,113.1918,2.5345999999999993,115.7264,116.2301
243,0.3042,0.0,0.3042,0.0548,1.0,0.0,17.661,0.0089,19.6611,2.0001,0.0,0.0,0.0,19.661099999999998,0.0089,19.669999999999998,19.6692
244,0.1485,0.0005,0.149,0.0268,0.9966442953020134,0.0033557046979865775,8.1825,0.3461,18.1819,9.9994,0.0,0.0,0.0,18.181900000000002,0.3461,18.528000000000002,18.5294
245,0.2139,0.0027,0.2166,0.039,0.9875346260387813,0.012465373961218837,11.787,1.6677,51.787,40.0,0.0,0.0,0.0,51.78700000000001,1.6677,53.45470000000002,54.4548
246,0.1827,0.0012,0.1839,0.0331,0.9934747145187601,0.006525285481239804,10.383,0.7396,18.3839,8.0009,0.0,0.0,0.0,18.383899999999997,0.7396,19.123499999999996,21.1276
247,0.4395,0.016,0.4555,0.082,0.964873765093304,0.03512623490669594,23.9745,9.8817,99.9738,75.9993,0.0,0.0,0.0,99.9738,9.8817,109.85549999999999,114.8596
248,0.2167,0.0003,0.217,0.0391,0.9986175115207373,0.0013824884792626726,11.586,0.2194,23.5851,11.9991,0.0,0.0,0.0,23.585100000000008,0.21939999999999998,23.804500000000008,23.8039
249,0.185,0.0034,0.1885,0.0339,0.9814323607427056,0.01803713527851459,10.092,2.1702,109.092,99.0,0.0,0.0,0.0,109.09199999999998,2.1702,111.26219999999998,119.7663
250,0.2,0.0013,0.2013,0.0362,0.9935419771485345,0.0064580228514654735,10.9095,0.8199,11.9093,0.9998,0.0,0.0,0.0,11.909299999999998,0.8199000000000001,12.729199999999999,14.2323
251,0.1561,0.0132,0.1692,0.0305,0.9225768321513003,0.07801418439716312,8.6895,8.5162,59.689,50.9995,0.0,0.0,0.0,59.68900000000001,8.5162,68.2052,73.204
252,0.0957,0.0003,0.096,0.0173,0.996875,0.0031249999999999997,5.328,0.2005,24.3277,18.9997,0.0,0.0,0.0,24.3277,0.2005,24.528200000000002,24.5317
253,0.2719,0.0009,0.2728,0.0491,0.9967008797653959,0.0032991202346041057,15.138,0.5505,24.1381,9.0001,0.0,0.0,0.0,24.138099999999998,0.5505000000000001,24.688599999999997,25.184
254,0.3858,0.0004,0.3862,0.0695,0.9989642672190574,0.001035732780942517,20.628,0.2669,22.6275,1.9995,0.0,0.0,0.0,22.627499999999998,0.26689999999999997,22.894399999999997,23.3988
255,0.4813,0.0008,0.4821,0.0868,0.9983405932379175,0.0016594067620825557,26.5215,0.5041,37.521,10.9995,0.0,0.0,0.0,37.521,0.5041000000000001,38.0251,39.5278
256,0.1059,0.0036,0.1095,0.0197,0.9671232876712328,0.03287671232876712,5.8935,2.1553,64.8936,59.0001,0.0,0.0,0.0,64.89359999999998,2.1553,67.04889999999997,68.545
257,0.2195,0.0038,0.2233,0.0402,0.9829825347066726,0.01701746529332736,12.222,2.2518,74.2215,61.9995,0.0,0.0,0.0,74.22149999999999,2.2518,76.4733,76.9757
258,0.3355,0.0074,0.3428,0.0617,0.9787047841306885,0.021586931155192533,18.87,4.9005,71.8698,52.9998,0.0,0.0,0.0,71.86980000000001,4.900500000000001,76.77030000000002,79.772
259,0.2973,0.0006,0.2979,0.0536,0.9979859013091642,0.002014098690835851,16.722,0.3578,33.7214,16.9994,0.0,0.0,0.0,33.7214,0.35779999999999995,34.0792,34.0784
260,0.1012,0.0013,0.1025,0.0184,0.9873170731707317,0.012682926829268294,5.574,0.8089,19.5738,13.9998,0.0,0.0,0.0,19.573800000000002,0.8089,20.382700000000003,21.8872
261,0.4247,0.0001,0.4248,0.0765,0.9997645951035782,0.0002354048964218456,22.707,0.0823,25.7071,3.0001,0.0,0.0,0.0,25.707099999999997,0.08230000000000001,25.789399999999997,25.7937
262,0.2442,0.0,0.2442,0.044,1.0,0.0,13.3185,0.0116,14.3188,1.0003,0.0,0.0,0.0,14.318800000000001,0.0116,14.330400000000001,14.3264
263,0.3221,0.0103,0.3324,0.0598,0.9690132370637786,0.030986762936221424,18.12,6.5883,120.1197,101.9997,0.0,0.0,0.0,120.11969999999998,6.5883,126.70799999999998,135.7097
264,0.4235,0.0007,0.4242,0.0764,0.9983498349834983,0.00165016501650165,23.574,0.4656,34.5741,11.0001,0.0,0.0,0.0,34.5741,0.46560000000000007,35.0397,35.0355
265,0.3384,0.0045,0.3429,0.0617,0.9868766404199475,0.013123359580052493,18.6465,2.8829,97.6465,79.0,0.0,0.0,0.0,97.64649999999997,2.8829000000000002,100.52939999999998,103.0318
266,0.4162,0.0008,0.417,0.0751,0.9980815347721823,0.001918465227817746,23.1705,0.4717,41.1705,18.0,0.0,0.0,0.0,41.17049999999999,0.47169999999999995,41.64219999999999,41.6393
267,0.2118,0.0,0.2118,0.0381,1.0,0.0,11.793,0.0074,11.7935,0.0005,0.0,0.0,0.0,11.793500000000002,0.0074,11.800900000000002,11.7977
268,0.1658,0.0,0.1659,0.0299,0.9993972272453285,0.0,8.529,0.0233,8.5292,0.0002,0.0,0.0,0.0,8.5292,0.0233,8.5525,8.5559
269,0.2139,0.0221,0.236,0.0425,0.90635593220339,0.09364406779661018,11.787,13.9483,148.7871,137.0001,0.0,0.0,0.0,148.78709999999998,13.948299999999998,162.73539999999997,166.7351
270,0.1548,0.0003,0.1551,0.0279,0.9980657640232109,0.0019342359767891683,8.361,0.1893,11.3606,2.9996,0.0,0.0,0.0,11.360599999999998,0.18929999999999997,11.549899999999997,11.5502
271,0.2359,0.0,0.236,0.0425,0.9995762711864408,0.0,12.615,0.0175,17.6151,5.0001,0.0,0.0,0.0,17.615099999999998,0.017499999999999998,17.632599999999996,17.6372
272,0.2798,0.0,0.2798,0.0504,1.0,0.0,15.576,0.0098,16.5754,0.9994,0.0,0.0,0.0,16.575399999999995,0.0098,16.585199999999993,16.5899
273,0.1621,0.0004,0.1625,0.0292,0.9975384615384615,0.0024615384615384616,8.841,0.2384,47.8405,38.9995,0.0,0.0,0.0,47.84049999999999,0.23840000000000003,48.07889999999999,50.0817
274,0.2289,0.0038,0.2327,0.0419,0.9836699613235926,0.016330038676407393,12.615,2.4207,218.6152,206.0002,0.0,0.0,0.0,218.6152,2.4206999999999996,221.0359,225.0369
275,0.0923,0.0085,0.1008,0.0181,0.9156746031746031,0.08432539682539683,5.1915,5.6224,45.1918,40.0003,0.0,0.0,0.0,45.1918,5.622400000000001,50.8142,55.3096
276,0.2743,0.0043,0.2786,0.0502,0.9845656855707106,0.015434314429289303,14.6655,2.7165,45.6658,31.0003,0.0,0.0,0.0,45.6658,2.7165000000000004,48.3823,50.3833
277,0.2076,0.0002,0.2078,0.0374,0.9990375360923965,0.0009624639076034648,11.325,0.1024,11.3248,0.0,0.0,0.0,0.0,11.324800000000002,0.1024,11.427200000000001,11.4298
278,0.0887,0.0032,0.0919,0.0165,0.9651795429815017,0.03482045701849837,4.8885,1.9496,140.8885,136.0,0.0,0.0,0.0,140.88850000000002,1.9496000000000002,142.83810000000003,147.8337
279,0.1409,0.0093,0.1503,0.027,0.9374584165003327,0.06187624750499002,8.1825,5.8804,139.1817,130.9992,0.0,0.0,0.0,139.18170000000003,5.880400000000001,145.06210000000004,149.0645
280,0.1794,0.0033,0.1827,0.0329,0.9819376026272578,0.0180623973727422,10.092,2.091,48.092,38.0,0.0,0.0,0.0,48.091999999999985,2.091,50.182999999999986,53.6807
281,0.0874,0.0005,0.0878,0.0158,0.9954441913439636,0.005694760820045558,4.7175,0.3124,9.7175,5.0,0.0,0.0,0.0,9.7175,0.3124,10.0299,10.0262
282,0.3,0.0,0.3,0.054,1.0,0.0,16.3635,0.0264,18.3636,2.0001,0.0,0.0,0.0,18.3636,0.0264,18.39,19.3913
283,0.385,0.0061,0.3911,0.0704,0.9844029659933521,0.015597034006647918,20.385,3.8283,334.3845,313.9995,0.0,0.0,0.0,334.38449999999995,3.8282999999999996,338.21279999999996,343.2134
284,0.382,0.0001,0.3821,0.0688,0.9997382884061764,0.0002617115938236064,20.628,0.0631,20.6272,0.0,0.0,0.0,0.0,20.6272,0.0631,20.690299999999997,20.6873
285,0.136,0.0085,0.1444,0.026,0.9418282548476455,0.058864265927977846,7.569,5.1738,212.569,205.0,0.0,0.0,0.0,212.56900000000005,5.173799999999999,217.74280000000005,230.7465
286,0.2417,0.0,0.2417,0.0435,1.0,0.0,13.3185,0.0118,14.3189,1.0004,0.0,0.0,0.0,14.318900000000001,0.0118,14.3307,14.3343
287,0.3359,0.0215,0.3573,0.0643,0.9401063532045899,0.06017352364959417,19.0905,13.8312,347.091,328.0005,0.0,0.0,0.0,347.09099999999995,13.831199999999999,360.9222,367.9211
288,0.0947,0.0013,0.096,0.0173,0.9864583333333333,0.013541666666666665,5.328,0.85,63.3277,57.9997,0.0,0.0,0.0,63.32770000000001,0.85,64.1777,64.1738
289,0.2003,0.0224,0.2227,0.0401,0.8994162550516389,0.10058374494836102,11.148,13.5005,201.1474,189.9994,0.0,0.0,0.0,201.1474,13.500499999999997,214.6479,218.1517
290,0.37,0.0192,0.3893,0.0701,0.9504238376573337,0.049319291035191365,20.184,11.664,330.1843,310.0003,0.0,0.0,0.0,330.1843,11.664,341.8483,357.3508
291,0.0987,0.0,0.0987,0.0178,1.0,0.0,5.793,0.0286,5.7929,0.0,0.0,0.0,0.0,5.792899999999999,0.0286,5.821499999999999,5.8173
292,0.2417,0.0003,0.242,0.0436,0.9987603305785124,0.0012396694214876032,13.3185,0.201,14.3189,1.0004,0.0,0.0,0.0,14.318900000000001,0.201,14.519900000000002,15.0221
293,0.2711,0.0013,0.2724,0.049,0.9952276064610868,0.0047723935389133625,14.2155,0.8101,32.2156,18.0001,0.0,0.0,0.0,32.215599999999995,0.8100999999999998,33.02569999999999,34.5236
294,0.3078,0.0008,0.3085,0.0555,0.9977309562398704,0.0025931928687196112,17.6805,0.4943,26.6807,9.0002,0.0,0.0,0.0,26.680699999999995,0.49429999999999996,27.174999999999994,27.1743
295,0.2368,0.0086,0.2453,0.0442,0.9653485527924991,0.03505911129229515,13.3185,5.4948,171.3191,158.0006,0.0,0.0,0.0,171.31910000000002,5.4948,176.81390000000002,180.3156
296,0.1012,0.0206,0.1218,0.0219,0.8308702791461412,0.16912972085385877,5.574,13.2006,203.5739,197.9999,0.0,0.0,0.0,203.5739,13.200599999999998,216.77450000000002,227.2762
297,0.3905,0.0001,0.3906,0.0703,0.9997439836149514,0.0002560163850486431,23.1705,0.0609,23.1705,0.0,0.0,0.0,0.0,23.170499999999997,0.060899999999999996,23.231399999999997,23.2324
298,0.1847,0.0,0.1847,0.0332,1.0,0.0,9.777,0.0199,9.7773,0.0003,0.0,0.0,0.0,9.7773,0.0199,9.7972,9.7945
299,0.2973,0.0098,0.3071,0.0553,0.9680885704982092,0.03191142950179095,16.722,6.0321,142.7213,125.9993,0.0,0.0,0.0,142.7213,6.0321,148.7534,150.2489
300,0.3205,0.0093,0.3298,0.0594,0.971801091570649,0.028198908429351122,17.661,5.6491,100.6611,83.0001,0.0,0.0,0.0,100.66110000000002,5.6491,106.31020000000002,107.3053
301,0.37,0.0048,0.3749,0.0675,0.9869298479594558,0.012803414243798345,20.184,2.9455,109.1841,89.0001,0.0,0.0,0.0,109.18410000000004,2.9455000000000005,112.12960000000004,115.1249
302,0.3504,0.0117,0.3622,0.0652,0.9674213141910546,0.032302595251242405,19.509,7.5359,614.5083,594.9993,0.0,0.0,0.0,614.5083,7.5359,622.0441999999999,628.0436
303,0.0923,0.0001,0.0924,0.0166,0.9989177489177489,0.0010822510822510823,5.1915,0.043,5.1918,0.0003,0.0,0.0,0.0,5.1918,0.043,5.2348,5.2363
304,0.2993,0.0218,0.3211,0.0578,0.9321083774525071,0.067891622547493,17.3775,13.8223,116.378,99.0005,0.0,0.0,0.0,116.37800000000001,13.8223,130.20030000000003,131.7027
305,0.1794,0.015,0.1945,0.035,0.9223650385604113,0.07712082262210797,10.092,9.9674,103.0921,93.0001,0.0,0.0,0.0,103.09209999999997,9.967399999999998,113.05949999999997,117.0619
306,0.2331,0.0,0.2331,0.042,1.0,0.0,12.222,0.0101,12.2212,0.0,0.0,0.0,0.0,12.2212,0.010099999999999998,12.2313,12.2275
307,0.0908,0.001,0.0918,0.0165,0.9891067538126361,0.010893246187363833,5.328,0.6406,36.3274,30.9994,0.0,0.0,0.0,36.32740000000001,0.6406000000000001,36.96800000000001,38.968
308,0.4666,0.0004,0.467,0.0841,0.9991434689507495,0.0008565310492505353,26.5215,0.2354,54.5211,27.9996,0.0,0.0,0.0,54.5211,0.23540000000000003,54.756499999999996,54.7547
309,0.3222,0.0003,0.3226,0.0581,0.9987600743955363,0.000929944203347799,17.0595,0.2017,19.0585,1.999,0.0,0.0,0.0,19.0585,0.2017,19.260199999999998,19.259
310,0.1678,0.0004,0.1682,0.0303,0.9976218787158146,0.0023781212841854937,9.06,0.2402,15.0598,5.9998,0.0,0.0,0.0,15.059799999999996,0.2402,15.299999999999995,15.2954
311,0.0897,0.0003,0.09,0.0162,0.9966666666666667,0.003333333333333333,5.046,0.1721,7.046,2.0,0.0,0.0,0.0,7.045999999999999,0.1721,7.2181,7.2159
312,0.3064,0.0228,0.3292,0.0593,0.9307411907654921,0.0692588092345079,17.0595,13.4177,267.0594,249.9999,0.0,0.0,0.0,267.05940000000004,13.4177,280.47710000000006,285.4811
313,0.2466,0.0189,0.2655,0.0478,0.9288135593220339,0.0711864406779661,13.3185,11.8257,242.319,229.0005,0.0,0.0,0.0,242.31900000000002,11.825700000000001,254.14470000000003,267.1425
314,0.1829,0.0001,0.1829,0.0329,1.0,0.0005467468562055768,9.777,0.0394,9.7772,0.0002,0.0,0.0,0.0,9.777199999999999,0.0394,9.8166,9.8128
315,0.325,0.0,0.325,0.0585,1.0,0.0,18.87,0.0102,18.8696,0.0,0.0,0.0,0.0,18.869599999999995,0.0102,18.879799999999996,18.8761
316,0.1048,0.0281,0.1328,0.0239,0.7891566265060241,0.21159638554216867,5.8935,16.4236,126.8935,121.0,0.0,0.0,0.0,126.89349999999999,16.423600000000004,143.31709999999998,146.8191
317,0.4248,0.0216,0.4464,0.0804,0.9516129032258064,0.04838709677419355,23.1705,13.8858,402.1705,379.0,0.0,0.0,0.0,402.17050000000006,13.8858,416.0563000000001,421.5582
318,0.436,0.0002,0.4361,0.0785,0.9997706947947719,0.0004586104104563174,25.5885,0.1068,25.5882,0.0,0.0,0.0,0.0,25.588199999999997,0.1068,25.694999999999997,25.6905
319,0.3881,0.005,0.3931,0.0708,0.9872805901806156,0.01271940981938438,22.296,3.0578,109.2953,86.9993,0.0,0.0,0.0,109.29530000000001,3.0578,112.35310000000001,119.3523
320,0.3331,0.016,0.3492,0.0628,0.9538946162657502,0.045819014891179836,18.171,9.8316,123.1715,105.0005,0.0,0.0,0.0,123.17149999999998,9.831599999999998,133.0031,139.5049
321,0.293,0.0012,0.2942,0.0529,0.9959211420802174,0.00407885791978246,15.9825,0.7256,124.9828,109.0003,0.0,0.0,0.0,124.98280000000001,0.7256000000000001,125.70840000000001,126.2043
322,0.2356,0.0005,0.2361,0.0425,0.9978822532825075,0.0021177467174925877,12.9795,0.3226,31.9797,19.0002,0.0,0.0,0.0,31.97970000000001,0.3226,32.30230000000001,32.806
323,0.3108,0.0001,0.3109,0.056,0.9996783531682213,0.000321646831778707,15.9825,0.0855,15.9828,0.0003,0.0,0.0,0.0,15.982800000000001,0.0855,16.0683,16.0701
324,0.3911,0.0046,0.3956,0.0712,0.9886248736097067,0.011627906976744186,22.707,2.8401,192.7071,170.0001,0.0,0.0,0.0,192.70710000000003,2.8400999999999996,195.54720000000003,205.5439
325,0.3128,0.0051,0.3179,0.0572,0.983957219251337,0.016042780748663103,17.0595,3.3423,251.0587,233.9992,0.0,0.0,0.0,251.05870000000007,3.3423000000000007,254.40100000000007,258.3998
326,0.3564,0.0002,0.3566,0.0642,0.9994391475042065,0.0005608524957936064,18.87,0.1417,23.8697,4.9997,0.0,0.0,0.0,23.869699999999995,0.14170000000000002,24.011399999999995,24.0067
327,0.3694,0.0005,0.3699,0.0666,0.9986482833198161,0.0013517166801838335,19.554,0.3417,37.5547,18.0007,0.0,0.0,0.0,37.5547,0.34169999999999995,37.8964,37.9001
328,0.196,0.0007,0.1966,0.0354,0.9969481180061038,0.003560528992878942,10.9095,0.4198,68.909,57.9995,0.0,0.0,0.0,68.90899999999999,0.4198,69.32879999999999,70.8253
329,0.3012,0.0004,0.3017,0.0543,0.998342724560822,0.001325820351342393,17.6805,0.2778,21.6806,4.0001,0.0,0.0,0.0,21.680599999999995,0.27780000000000005,21.958399999999994,21.9584
330,0.1621,0.0237,0.1857,0.0334,0.8729133010231556,0.12762520193861066,8.841,15.4249,125.8401,116.9991,0.0,0.0,0.0,125.84009999999998,15.424900000000001,141.265,152.7698
331,0.3172,0.0137,0.331,0.0596,0.9583081570996977,0.04138972809667674,17.661,8.9861,309.6614,292.0004,0.0,0.0,0.0,309.6614,8.986099999999999,318.64750000000004,323.6522
332,0.399,0.0007,0.3998,0.072,0.9979989994997499,0.0017508754377188595,23.1705,0.4695,60.1705,37.0,0.0,0.0,0.0,60.1705,0.4695,60.63999999999999,61.1435
333,0.2973,0.0,0.2973,0.0535,1.0,0.0,16.722,0.0303,22.7217,5.9997,0.0,0.0,0.0,22.72169999999999,0.0303,22.751999999999992,22.7505
334,0.1385,0.001,0.1394,0.0251,0.9935437589670015,0.007173601147776184,7.788,0.6125,78.7878,70.9998,0.0,0.0,0.0,78.7878,0.6125,79.4003,79.9022
335,0.4409,0.005,0.4459,0.0803,0.988786723480601,0.011213276519398968,24.546,3.1767,213.5458,188.9998,0.0,0.0,0.0,213.54580000000004,3.1767000000000003,216.72250000000005,226.2189
336,0.147,0.0168,0.1637,0.0295,0.8979841172877213,0.10262675626145387,8.1825,10.8957,369.182,360.9995,0.0,0.0,0.0,369.182,10.895700000000001,380.0777,389.5803
337,0.1904,0.0002,0.1905,0.0343,0.999475065616798,0.0010498687664041995,10.383,0.1028,24.384,14.001,0.0,0.0,0.0,24.383999999999997,0.1028,24.486799999999995,24.4862
338,0.0882,0.0009,0.0891,0.016,0.98989898989899,0.0101010101010101,4.7175,0.5482,111.7175,107.0,0.0,0.0,0.0,111.71750000000002,0.5482000000000001,112.26570000000001,114.7626
339,0.1221,0.0029,0.1249,0.0225,0.977582065652522,0.02321857485988791,6.795,1.7648,173.7948,166.9998,0.0,0.0,0.0,173.7948,1.7647999999999997,175.55960000000002,178.5564
340,0.0939,0.0001,0.094,0.0169,0.9989361702127659,0.0010638297872340426,5.454,0.0498,5.4548,0.0008,0.0,0.0,0.0,5.454799999999999,0.04979999999999999,5.504599999999999,5.5005
341,0.3807,0.0,0.3808,0.0685,0.9997373949579831,0.0,20.7675,0.021,23.7675,3.0,0.0,0.0,0.0,23.767499999999995,0.020999999999999998,23.788499999999996,23.7854
342,0.3154,0.0002,0.3156,0.0568,0.9993662864385299,0.0006337135614702155,17.3775,0.1381,21.3777,4.0002,0.0,0.0,0.0,21.3777,0.13809999999999997,21.515800000000002,21.5181
343,0.2492,0.0056,0.2547,0.0458,0.9784059678052612,0.02198665096191598,13.59,3.5899,453.5896,439.9996,0.0,0.0,0.0,453.58959999999996,3.5899,457.17949999999996,461.6842
344,0.2789,0.0003,0.2793,0.0503,0.9985678481919082,0.0010741138560687433,15.855,0.2376,71.8548,55.9998,0.0,0.0,0.0,71.85480000000003,0.2376,72.09240000000003,73.0904
345,0.1094,0.0002,0.1096,0.0197,0.9981751824817517,0.0018248175182481751,5.793,0.1226,28.7927,22.9997,0.0,0.0,0.0,28.792699999999986,0.12260000000000003,28.915299999999984,29.4192
346,0.411,0.008,0.4191,0.0754,0.98067287043665,0.0190885230255309,23.364,5.1779,210.3633,186.9993,0.0,0.0,0.0,210.36330000000004,5.177900000000001,215.54120000000003,224.5445
347,0.3896,0.0,0.3897,0.0701,0.9997433923530922,0.0,20.628,0.0167,22.6272,1.9992,0.0,0.0,0.0,22.6272,0.016699999999999996,22.6439,22.6476
348,0.45,0.0003,0.4502,0.081,0.9995557529986673,0.0006663705019991114,23.364,0.1592,23.3635,0.0,0.0,0.0,0.0,23.363500000000005,0.1592,23.522700000000004,24.0192
349,0.107,0.0284,0.1353,0.0244,0.7908351810790835,0.2099039172209904,5.8935,18.107,148.8936,143.0001,0.0,0.0,0.0,148.8936,18.107,167.0006,176.9995
350,0.297,0.0,0.297,0.0535,1.0,0.0,17.0595,0.015,20.0589,2.9994,0.0,0.0,0.0,20.058899999999998,0.014999999999999998,20.0739,20.0775
351,0.2218,0.0074,0.2292,0.0413,0.9677137870855149,0.03228621291448517,12.222,4.9332,454.2215,441.9995,0.0,0.0,0.0,454.22149999999993,4.933199999999999,459.15469999999993,466.6499
352,0.3359,0.02,0.3559,0.0641,0.9438044394492835,0.0561955605507165,19.0905,13.4307,331.0913,312.0008,0.0,0.0,0.0,331.0913000000001,13.430700000000002,344.5220000000001,351.5259
353,0.436,0.0,0.436,0.0785,1.0,0.0,25.5885,0.0283,27.588,1.9995,0.0,0.0,0.0,27.587999999999997,0.0283,27.6163,27.6188
354,0.3128,0.0,0.3128,0.0563,1.0,0.0,17.0595,0.0144,19.0586,1.9991,0.0,0.0,0.0,19.0586,0.0144,19.072999999999997,19.076
355,0.4147,0.0004,0.4152,0.0747,0.998795761078998,0.0009633911368015414,23.574,0.2713,37.5741,14.0001,0.0,0.0,0.0,37.57410000000001,0.2713,37.845400000000005,39.3419
356,0.1982,0.0017,0.1999,0.036,0.9914957478739369,0.008504252126063032,11.148,1.0831,182.1475,170.9995,0.0,0.0,0.0,182.1475,1.0831,183.2306,184.2279
357,0.1677,0.0001,0.1678,0.0302,0.9994040524433849,0.0005959475566150178,9.435,0.067,9.4347,0.0,0.0,0.0,0.0,9.434699999999998,0.067,9.501699999999998,9.5046
358,0.3186,0.0,0.3186,0.0574,1.0,0.0,17.3775,0.0283,17.3778,0.0003,0.0,0.0,0.0,17.3778,0.0283,17.406100000000002,17.4084
359,0.0991,0.0006,0.0997,0.0179,0.9939819458375125,0.006018054162487462,5.574,0.3552,12.5738,6.9998,0.0,0.0,0.0,12.573800000000002,0.3552,12.929000000000002,13.9247
360,0.4813,0.0001,0.4814,0.0867,0.9997922725384296,0.00020772746157041963,26.5215,0.0622,29.5207,2.9992,0.0,0.0,0.0,29.520700000000005,0.06219999999999999,29.582900000000006,30.0832
361,0.25,0.0211,0.2712,0.0488,0.9218289085545723,0.0778023598820059,13.6365,13.3468,303.6364,289.9999,0.0,0.0,0.0,303.63640000000004,13.3468,316.9832,322.98
362,0.417,0.0002,0.4172,0.0751,0.9995206136145732,0.0004793863854266539,22.7445,0.1117,26.7448,4.0003,0.0,0.0,0.0,26.74480000000001,0.11170000000000001,26.856500000000008,26.8517
363,0.3074,0.0087,0.3161,0.0569,0.9724770642201835,0.027522935779816512,17.661,5.0894,266.6611,249.0001,0.0,0.0,0.0,266.66110000000003,5.0893999999999995,271.75050000000005,279.2463
364,0.2841,0.008,0.2921,0.0526,0.9726121191372817,0.027387880862718244,15.9825,5.2756,242.9827,227.0002,0.0,0.0,0.0,242.98269999999997,5.2756,248.25829999999996,255.2611
365,0.147,0.0003,0.1473,0.0265,0.9979633401221997,0.002036659877800407,8.1825,0.2232,80.1818,71.9993,0.0,0.0,0.0,80.18180000000001,0.2232,80.40500000000002,82.4067
366,0.3064,0.0012,0.3077,0.0554,0.9957751056223595,0.003899902502437439,17.0595,0.8024,104.0588,86.9993,0.0,0.0,0.0,104.05880000000002,0.8023999999999999,104.86120000000003,106.8587
367,0.1474,0.0002,0.1475,0.0266,0.9993220338983052,0.0013559322033898306,8.841,0.1229,8.8406,0.0,0.0,0.0,0.0,8.8406,0.1229,8.9635,9.4595
368,0.1594,0.0129,0.1723,0.031,0.9251305861868833,0.07486941381311665,9.06,8.1841,195.06,186.0,0.0,0.0,0.0,195.06,8.1841,203.2441,212.2468
369,0.1296,0.0002,0.1298,0.0234,0.9984591679506933,0.0015408320493066256,6.795,0.1337,17.7948,10.9998,0.0,0.0,0.0,17.794800000000002,0.13369999999999999,17.928500000000003,17.9258
370,0.3613,0.0006,0.3619,0.0651,0.9983420834484664,0.0016579165515335727,19.509,0.3754,44.5084,24.9994,0.0,0.0,0.0,44.5084,0.3754,44.8838,48.3844
371,0.2647,0.0001,0.2648,0.0477,0.9996223564954683,0.0003776435045317221,14.7345,0.0542,15.7338,0.9993,0.0,0.0,0.0,15.733800000000004,0.054200000000000005,15.788000000000004,15.7865
372,0.3846,0.0002,0.3848,0.0693,0.9994802494802495,0.0005197505197505198,20.7675,0.1483,29.7674,8.9999,0.0,0.0,0.0,29.767399999999995,0.1483,29.915699999999994,31.9119
373,0.3322,0.0007,0.3329,0.0599,0.9978972664463803,0.002102733553619706,18.12,0.4618,155.1196,136.9996,0.0,0.0,0.0,155.1196,0.4618,155.5814,156.5856
374,0.3946,0.0,0.3947,0.071,0.9997466430200153,0.0,21.3105,0.023,24.3104,2.9999,0.0,0.0,0.0,24.3104,0.022999999999999996,24.3334,24.3366
375,0.45,0.0028,0.4528,0.0815,0.9938162544169612,0.00618374558303887,24.546,1.8297,206.5453,181.9993,0.0,0.0,0.0,206.54530000000003,1.8297,208.37500000000003,214.3723
376,0.1102,0.0004,0.1106,0.0199,0.9963833634719711,0.003616636528028933,5.8935,0.2378,24.8936,19.0001,0.0,0.0,0.0,24.893600000000003,0.2378,25.131400000000003,27.1264
377,0.2659,0.0027,0.2686,0.0483,0.9899478778853315,0.010052122114668653,14.2155,1.7572,51.2156,37.0001,0.0,0.0,0.0,51.21559999999998,1.7571999999999999,52.97279999999998,54.4684
378,0.2332,0.0,0.2332,0.042,1.0,0.0,12.9795,0.0207,17.9799,5.0004,0.0,0.0,0.0,17.9799,0.0207,18.000600000000002,17.9997
379,0.3775,0.0026,0.3801,0.0684,0.9931596948171534,0.0068403051828466194,20.385,1.716,176.3844,155.9994,0.0,0.0,0.0,176.3844,1.716,178.1004,181.0994
380,0.2628,0.0,0.2628,0.0473,1.0,0.0,14.481,0.016,15.4814,1.0004,0.0,0.0,0.0,15.481400000000004,0.015999999999999997,15.497400000000004,15.502
381,0.0957,0.0095,0.1052,0.0189,0.9096958174904942,0.0903041825095057,5.328,5.7605,190.3277,184.9997,0.0,0.0,0.0,190.3277,5.7604999999999995,196.0882,200.0873
382,0.2188,0.0001,0.2189,0.0394,0.9995431703974417,0.00045682960255824577,11.586,0.0598,11.5854,0.0,0.0,0.0,0.0,11.585399999999998,0.0598,11.645199999999997,11.643
383,0.2359,0.0,0.2359,0.0425,1.0,0.0,14.1525,0.0094,14.1522,0.0,0.0,0.0,0.0,14.152200000000002,0.0094,14.161600000000002,14.1597
384,0.3604,0.0002,0.3606,0.0649,0.9994453688297283,0.0005546311702717693,20.274,0.1363,31.2743,11.0003,0.0,0.0,0.0,31.274300000000004,0.1363,31.410600000000002,31.4096
385,0.3757,0.0,0.3757,0.0676,1.0,0.0,19.509,0.0133,22.5085,2.9995,0.0,0.0,0.0,22.508499999999998,0.0133,22.5218,22.5264
386,0.2038,0.0008,0.2047,0.0368,0.9956033219345384,0.0039081582804103565,11.586,0.5036,24.5854,12.9994,0.0,0.0,0.0,24.585400000000007,0.5035999999999999,25.089000000000006,27.0884
387,0.219,0.0002,0.2192,0.0395,0.9990875912408759,0.0009124087591240876,11.373,0.1028,20.3727,8.9997,0.0,0.0,0.0,20.372700000000002,0.1028,20.4755,20.4782
388,0.3813,0.0004,0.3817,0.0687,0.9989520565889441,0.001047943411055803,20.385,0.2539,30.3844,9.9994,0.0,0.0,0.0,30.3844,0.2539,30.6383,30.6347
389,0.2464,0.0,0.2464,0.0443,1.0,0.0,14.1525,0.0186,15.1525,1.0,0.0,0.0,0.0,15.152500000000002,0.0186,15.171100000000001,15.1666
390,0.3887,0.0,0.3888,0.07,0.9997427983539094,0.0,20.184,0.0224,22.1844,2.0004,0.0,0.0,0.0,22.184400000000004,0.022400000000000003,22.206800000000005,22.2066
391,0.1284,0.0004,0.1288,0.0232,0.9968944099378881,0.0031055900621118015,7.0755,0.2584,21.0763,14.0008,0.0,0.0,0.0,21.076300000000003,0.2584,21.334700000000005,21.8347
392,0.3122,0.0007,0.3128,0.0563,0.9980818414322249,0.002237851662404092,17.3775,0.4435,99.3777,82.0002,0.0,0.0,0.0,99.3777,0.44349999999999995,99.8212,100.3182
393,0.3476,0.0001,0.3477,0.0626,0.999712395743457,0.00028760425654299687,19.554,0.0418,23.5543,4.0003,0.0,0.0,0.0,23.554299999999998,0.041800000000000004,23.596099999999996,23.5962
394,0.2366,0.0031,0.2397,0.0431,0.9870671672924489,0.012932832707551105,13.59,1.9962,113.5899,99.9999,0.0,0.0,0.0,113.5899,1.9962000000000002,115.5861,123.083
395,0.2691,0.0196,0.2887,0.052,0.9321094561828888,0.06789054381711118,15.138,11.6082,241.138,226.0,0.0,0.0,0.0,241.13799999999995,11.6082,252.74619999999996,264.25
396,0.1811,0.0001,0.1812,0.0326,0.9994481236203091,0.0005518763796909492,9.777,0.0684,16.7773,7.0003,0.0,0.0,0.0,16.777299999999997,0.0684,16.845699999999997,17.3469
397,0.1959,0.0007,0.1965,0.0354,0.996946564885496,0.0035623409669211193,11.373,0.4203,84.3722,72.9992,0.0,0.0,0.0,84.37219999999999,0.42029999999999995,84.79249999999999,84.7968
398,0.3091,0.0,0.3091,0.0556,1.0,0.0,16.3635,0.0126,16.3636,0.0001,0.0,0.0,0.0,16.363599999999998,0.0126,16.376199999999997,16.3789
399,0.1284,0.0004,0.1287,0.0232,0.9976689976689975,0.003108003108003108,6.795,0.2527,19.7949,12.9999,0.0,0.0,0.0,19.794899999999995,0.25270000000000004,20.047599999999996,21.5435
400,0.2043,0.0003,0.2046,0.0368,0.998533724340176,0.0014662756598240467,11.373,0.2027,17.3725,5.9995,0.0,0.0,0.0,17.3725,0.20269999999999996,17.5752,19.0761
401,0.1548,0.0,0.1548,0.0279,1.0,0.0,8.529,0.027,11.5293,3.0003,0.0,0.0,0.0,11.5293,0.027000000000000003,11.556299999999998,11.5601
402,0.245,0.0,0.245,0.0441,1.0,0.0,13.6365,0.0227,18.6364,4.9999,0.0,0.0,0.0,18.6364,0.0227,18.6591,18.6609
403,0.1312,0.001,0.1322,0.0238,0.9924357034795764,0.0075642965204236,7.788,0.6318,145.788,138.0,0.0,0.0,0.0,145.788,0.6318,146.4198,149.4246
404,0.117,0.0,0.117,0.0211,1.0,0.0,6.795,0.0067,7.7949,0.9999,0.0,0.0,0.0,7.794900000000002,0.0067,7.801600000000002,8.7969
405,0.4067,0.0001,0.4068,0.0732,0.9997541789577188,0.0002458210422812193,23.364,0.0345,23.3633,0.0,0.0,0.0,0.0,23.363300000000006,0.0345,23.397800000000007,23.3974
406,0.1577,0.0008,0.1585,0.0285,0.9949526813880126,0.005047318611987382,8.6895,0.5114,73.6892,64.9997,0.0,0.0,0.0,73.68920000000001,0.5114,74.20060000000001,75.7007
407,0.3679,0.0013,0.3692,0.0665,0.9964788732394367,0.0035211267605633804,20.274,0.7847,84.2744,64.0004,0.0,0.0,0.0,84.27439999999999,0.7846999999999998,85.05909999999999,88.0549
408,0.3952,0.0004,0.3956,0.0712,0.9989888776541961,0.0010111223458038423,21.999,0.2629,92.9989,70.9999,0.0,0.0,0.0,92.99889999999999,0.2629,93.2618,94.7647
409,0.153,0.0003,0.1534,0.0276,0.9973924380704041,0.0019556714471968707,8.1825,0.2106,46.1821,37.9996,0.0,0.0,0.0,46.182099999999984,0.21059999999999998,46.392699999999984,46.3892
410,0.4924,0.0016,0.494,0.0889,0.9967611336032389,0.003238866396761134,26.067,0.9672,108.067,82.0,0.0,0.0,0.0,108.06699999999998,0.9671999999999997,109.03419999999998,113.0333
411,0.0872,0.0002,0.0874,0.0157,0.9977116704805491,0.002288329519450801,4.53,0.1244,17.53,13.0,0.0,0.0,0.0,17.53,0.12439999999999998,17.654400000000003,17.6534
412,0.3307,0.0008,0.3315,0.0597,0.9975867269984916,0.0024132730015082957,17.6805,0.4838,86.6807,69.0002,0.0,0.0,0.0,86.68070000000002,0.4838,87.16450000000002,87.6667
413,0.1332,0.0,0.1332,0.024,1.0,0.0,7.992,0.0127,7.9913,0.0,0.0,0.0,0.0,7.991300000000001,0.0127,8.004000000000001,8.0078
414,0.2117,0.0074,0.2191,0.0394,0.966225467822912,0.03377453217708809,11.787,4.6157,324.787,313.0,0.0,0.0,0.0,324.787,4.6157,329.4027,335.907
415,0.156,0.001,0.157,0.0283,0.9936305732484076,0.006369426751592357,9.06,0.6353,70.0598,60.9998,0.0,0.0,0.0,70.0598,0.6353000000000001,70.6951,75.1943
416,0.2055,0.0007,0.2062,0.0371,0.9966052376333656,0.0033947623666343357,11.325,0.4669,154.3248,142.9998,0.0,0.0,0.0,154.32479999999998,0.46690000000000004,154.7917,160.292
417,0.3172,0.0002,0.3175,0.0571,0.9990551181102362,0.0006299212598425197,17.661,0.149,17.6616,0.0006,0.0,0.0,0.0,17.6616,0.149,17.8106,17.8123
418,0.2081,0.0057,0.2138,0.0385,0.9733395696913003,0.02666043030869972,11.586,3.6495,177.5852,165.9992,0.0,0.0,0.0,177.58520000000001,3.6495000000000006,181.2347,188.7331
419,0.3137,0.0,0.3137,0.0565,1.0,0.0,17.1105,0.0215,27.11,9.9995,0.0,0.0,0.0,27.109999999999992,0.021499999999999995,27.131499999999992,27.1349
420,0.281,0.0,0.2811,0.0506,0.9996442547136251,0.0,14.7345,0.0263,16.734,1.9995,0.0,0.0,0.0,16.734,0.026299999999999997,16.7603,16.761
421,0.1874,0.0021,0.1896,0.0341,0.9883966244725739,0.011075949367088608,10.6545,1.3527,77.6555,67.001,0.0,0.0,0.0,77.65550000000002,1.3527,79.00820000000002,82.0041
422,0.4033,0.0,0.4033,0.0726,1.0,0.0,21.999,0.0092,26.9984,4.9994,0.0,0.0,0.0,26.998399999999997,0.0092,27.007599999999996,27.0112
423,0.3679,0.0026,0.3705,0.0667,0.9929824561403509,0.007017543859649123,20.274,1.5724,255.2741,235.0001,0.0,0.0,0.0,255.27409999999995,1.5723999999999998,256.84649999999993,260.3497
424,0.3349,0.0,0.335,0.0603,0.9997014925373133,0.0,18.6465,0.0221,21.6465,3.0,0.0,0.0,0.0,21.646499999999996,0.0221,21.668599999999994,21.6667
425,0.1627,0.0023,0.165,0.0297,0.9860606060606061,0.013939393939393939,9.06,1.5649,192.0596,182.9996,0.0,0.0,0.0,192.05960000000005,1.5649,193.62450000000004,198.123
426,0.1517,0.0,0.1518,0.0273,0.9993412384716733,0.0,8.361,0.0109,24.3608,15.9998,0.0,0.0,0.0,24.3608,0.010899999999999998,24.3717,24.373
427,0.3813,0.0116,0.3929,0.0707,0.9704759480783913,0.02952405192160855,21.228,7.5673,268.2281,247.0001,0.0,0.0,0.0,268.2281,7.5673,275.7954,291.7942
428,0.1062,0.0016,0.1078,0.0194,0.9851576994434137,0.014842300556586271,5.793,1.0081,86.7925,80.9995,0.0,0.0,0.0,86.7925,1.0080999999999998,87.8006,92.8055
429,0.4161,0.0001,0.4162,0.0749,0.9997597308986065,0.0002402691013935608,21.8175,0.0467,26.8178,5.0003,0.0,0.0,0.0,26.817799999999995,0.046700000000000005,26.864499999999996,26.863
430,0.3122,0.0004,0.3125,0.0563,0.9990399999999999,0.00128,17.3775,0.2194,60.3778,43.0003,0.0,0.0,0.0,60.37779999999999,0.21940000000000004,60.597199999999994,61.0981
431,0.1666,0.0,0.1666,0.03,1.0,0.0,9.777,0.0155,9.7771,0.0001,0.0,0.0,0.0,9.777099999999999,0.0155,9.792599999999998,9.7915
432,0.0991,0.0013,0.1004,0.0181,0.9870517928286852,0.01294820717131474,5.574,0.8818,128.5739,122.9999,0.0,0.0,0.0,128.5739,0.8817999999999999,129.4557,132.452
433,0.2554,0.0252,0.2806,0.0505,0.910192444761226,0.08980755523877405,14.2155,15.5517,387.2156,373.0001,0.0,0.0,0.0,387.2156,15.5517,402.7673,412.768
434,0.303,0.0003,0.3033,0.0546,0.9990108803165182,0.0009891196834817012,16.3635,0.1848,21.3636,5.0001,0.0,0.0,0.0,21.363600000000005,0.1848,21.548400000000004,21.5439
435,0.3391,0.0001,0.3392,0.061,0.9997051886792453,0.00029481132075471697,19.902,0.0516,19.902,0.0,0.0,0.0,0.0,19.901999999999997,0.0516,19.953599999999998,19.9545
436,0.0847,0.0144,0.0991,0.0178,0.8546922300706358,0.14530776992936428,4.7175,9.9091,327.7174,322.9999,0.0,0.0,0.0,327.71740000000005,9.909099999999999,337.6265000000001,343.1309
437,0.319,0.0,0.319,0.0574,1.0,0.0,16.722,0.0245,17.7216,0.9996,0.0,0.0,0.0,17.7216,0.024499999999999997,17.7461,17.7421
438,0.3465,0.0003,0.3467,0.0624,0.9994231323911161,0.0008653014133256417,19.0905,0.1677,45.0912,26.0007,0.0,0.0,0.0,45.0912,0.1677,45.258900000000004,45.756
439,0.4373,0.0012,0.4385,0.0789,0.9972633979475485,0.002736602052451539,22.707,0.7296,130.7071,108.0001,0.0,0.0,0.0,130.70710000000003,0.7296,131.43670000000003,133.941
440,0.4074,0.0,0.4074,0.0733,1.0,0.0,21.999,0.0174,28.9987,6.9997,0.0,0.0,0.0,28.998699999999996,0.0174,29.016099999999994,29.0203
441,0.1304,0.0005,0.1308,0.0236,0.9969418960244647,0.00382262996941896,7.3335,0.2908,90.333,82.9995,0.0,0.0,0.0,90.333,0.2908,90.6238,94.1226
442,0.3744,0.0014,0.3758,0.0676,0.9962746141564661,0.0037253858435337944,20.628,0.9368,56.6276,35.9996,0.0,0.0,0.0,56.6276,0.9368000000000001,57.5644,62.0647
443,0.0933,0.0048,0.0981,0.0176,0.9510703363914372,0.048929663608562685,5.1915,2.8772,357.1917,352.0002,0.0,0.0,0.0,357.19169999999997,2.8772,360.0689,364.567
444,0.373,0.0,0.373,0.0671,1.0,0.0,19.554,0.0098,24.5541,5.0001,0.0,0.0,0.0,24.5541,0.0098,24.563899999999997,24.5625
445,0.2391,0.0032,0.2422,0.0436,0.9872006606110653,0.013212221304706855,13.59,1.9481,497.5898,483.9998,0.0,0.0,0.0,497.5898,1.9481000000000002,499.53790000000004,508.0371
446,0.0991,0.0203,0.1194,0.0215,0.8299832495812395,0.17001675041876044,5.574,13.0135,335.5734,329.9994,0.0,0.0,0.0,335.57340000000005,13.0135,348.58690000000007,358.0918
447,0.3952,0.0075,0.4026,0.0725,0.981619473422752,0.018628912071535022,21.999,4.5081,385.9987,363.9997,0.0,0.0,0.0,385.9987000000001,4.5081,390.5068000000001,394.5069
448,0.2416,0.0059,0.2475,0.0445,0.9761616161616162,0.02383838383838384,13.59,3.7669,198.5896,184.9996,0.0,0.0,0.0,198.58960000000002,3.7668999999999997,202.3565,209.3587
449,0.3813,0.0024,0.3836,0.0691,0.9940041710114702,0.006256517205422314,20.184,1.5113,311.1843,291.0003,0.0,0.0,0.0,311.18429999999995,1.5113000000000003,312.69559999999996,319.6916
450,0.099,0.0046,0.1036,0.0186,0.9555984555984557,0.0444015444015444,5.454,2.8054,208.4548,203.0008,0.0,0.0,0.0,208.45479999999998,2.8054000000000006,211.26019999999997,217.2576
451,0.2632,0.0003,0.2636,0.0474,0.9984825493171472,0.0011380880121396053,14.2155,0.2126,75.2156,61.0001,0.0,0.0,0.0,75.21559999999998,0.21259999999999996,75.42819999999998,76.9255
452,0.3001,0.0004,0.3005,0.0541,0.9986688851913477,0.0013311148086522463,17.0595,0.2486,48.059,30.9995,0.0,0.0,0.0,48.059000000000005,0.2486,48.30760000000001,49.8115
453,0.3775,0.0028,0.3803,0.0685,0.9926373915330002,0.007362608466999736,20.385,1.9221,226.3846,205.9996,0.0,0.0,0.0,226.38460000000006,1.9221,228.30670000000006,236.3089
454,0.1591,0.0003,0.1594,0.0287,0.9981179422835634,0.0018820577164366374,8.1825,0.1866,8.1819,0.0,0.0,0.0,0.0,8.181899999999999,0.18660000000000004,8.3685,8.3717
455,0.3529,0.0035,0.3565,0.0642,0.9899018232819075,0.009817671809256663,18.87,2.3716,150.8695,131.9995,0.0,0.0,0.0,150.86950000000007,2.3716,153.24110000000007,162.7378
456,0.0878,0.0035,0.0914,0.0164,0.9606126914660832,0.03829321663019694,5.046,2.3228,171.046,166.0,0.0,0.0,0.0,171.04599999999996,2.3228,173.36879999999996,180.8689
457,0.3359,0.0001,0.3359,0.0605,1.0,0.000297707651086633,19.0905,0.0457,35.0909,16.0004,0.0,0.0,0.0,35.0909,0.0457,35.136599999999994,35.1342
458,0.1625,0.0,0.1625,0.0293,1.0,0.0,9.435,0.019,16.4349,6.9999,0.0,0.0,0.0,16.4349,0.018999999999999996,16.453899999999997,16.4502
459,0.4459,0.001,0.4469,0.0804,0.9977623629447303,0.002237637055269635,25.0815,0.6619,154.082,129.0005,0.0,0.0,0.0,154.08200000000002,0.6618999999999999,154.74390000000002,156.2432
460,0.3428,0.0002,0.3429,0.0617,0.99970836978711,0.0005832604257801109,19.902,0.1093,31.902,12.0,0.0,0.0,0.0,31.901999999999994,0.10930000000000001,32.01129999999999,32.0094
461,0.0925,0.0,0.0925,0.0167,1.0,0.0,5.046,0.009,11.046,6.0,0.0,0.0,0.0,11.045999999999996,0.009,11.054999999999996,11.06
462,0.185,0.002,0.187,0.0337,0.9893048128342246,0.010695187165775402,10.092,1.2548,254.092,244.0,0.0,0.0,0.0,254.09199999999993,1.2548000000000001,255.34679999999992,260.8494
463,0.323,0.0001,0.3232,0.0582,0.9993811881188119,0.0003094059405940594,18.171,0.0821,19.1715,1.0005,0.0,0.0,0.0,19.1715,0.0821,19.253600000000002,19.2536
464,0.2961,0.0002,0.2962,0.0533,0.9996623902768398,0.000675219446320054,17.3775,0.1076,22.3779,5.0004,0.0,0.0,0.0,22.3779,0.1076,22.485500000000002,22.4806
465,0.3074,0.0,0.3074,0.0553,1.0,0.0,17.1105,0.0099,17.1099,0.0,0.0,0.0,0.0,17.109899999999996,0.0099,17.119799999999994,17.1196
466,0.202,0.0159,0.218,0.0392,0.9266055045871561,0.07293577981651377,10.9095,9.9436,347.9092,336.9997,0.0,0.0,0.0,347.90920000000006,9.9436,357.85280000000006,366.3501
467,0.2219,0.0209,0.2428,0.0437,0.9139209225700164,0.08607907742998352,12.615,13.3711,343.615,331.0,0.0,0.0,0.0,343.61500000000007,13.3711,356.9861000000001,366.9817
468,0.1561,0.0066,0.1627,0.0293,0.9594345421020282,0.040565457897971724,8.6895,4.1622,130.6889,121.9994,0.0,0.0,0.0,130.68890000000002,4.1621999999999995,134.85110000000003,136.8524
469,0.1993,0.0003,0.1996,0.0359,0.998496993987976,0.0015030060120240479,10.6545,0.1791,41.6548,31.0003,0.0,0.0,0.0,41.65479999999999,0.1791,41.833899999999986,42.3363
470,0.1533,0.0114,0.1647,0.0296,0.9307832422586519,0.0692167577413479,8.361,7.2363,394.3607,385.9997,0.0,0.0,0.0,394.36069999999995,7.236299999999999,401.5969999999999,405.5962
471,0.2756,0.0001,0.2756,0.0496,1.0,0.000362844702467344,14.7345,0.0329,16.7338,1.9993,0.0,0.0,0.0,16.733800000000002,0.0329,16.766700000000004,16.7698
472,0.4104,0.0035,0.4139,0.0745,0.9915438511717806,0.008456148828219377,23.574,2.1791,201.574,178.0,0.0,0.0,0.0,201.57399999999996,2.1791,203.75309999999996,214.2508
473,0.2879,0.002,0.2899,0.0522,0.9931010693342532,0.006898930665746809,16.3635,1.2471,146.3636,130.0001,0.0,0.0,0.0,146.36360000000002,1.2470999999999999,147.6107,152.615
474,0.2831,0.0002,0.2834,0.051,0.9989414255469302,0.0007057163020465773,15.138,0.1549,58.138,43.0,0.0,0.0,0.0,58.138,0.1549,58.292899999999996,58.7947
475,0.1258,0.0002,0.126,0.0227,0.9984126984126984,0.0015873015873015873,6.795,0.1262,19.7948,12.9998,0.0,0.0,0.0,19.794799999999995,0.1262,19.920999999999996,20.9254
476,0.2775,0.0005,0.278,0.05,0.9982014388489209,0.0017985611510791366,15.138,0.2959,112.1382,97.0002,0.0,0.0,0.0,112.13820000000003,0.2959000000000001,112.43410000000003,113.9376
477,0.3919,0.0049,0.3968,0.0714,0.9876512096774195,0.012348790322580645,21.8175,3.0745,395.818,374.0005,0.0,0.0,0.0,395.8179999999999,3.0745000000000005,398.8924999999999,407.3948
478,0.215,0.0002,0.2152,0.0387,0.9990706319702602,0.000929368029739777,12.222,0.1405,72.2216,59.9996,0.0,0.0,0.0,72.22160000000001,0.14049999999999999,72.36210000000001,73.3662
479,0.1246,0.0058,0.1304,0.0235,0.9555214723926382,0.04447852760736196,6.795,3.5399,551.7947,544.9997,0.0,0.0,0.0,551.7946999999999,3.5398999999999994,555.3345999999999,562.3358
480,0.4489,0.0002,0.4491,0.0808,0.9995546648853263,0.00044533511467379205,26.067,0.1135,42.067,16.0,0.0,0.0,0.0,42.067,0.11349999999999999,42.1805,42.178
481,0.1428,0.0,0.1428,0.0257,1.0,0.0,7.788,0.0111,10.7878,2.9998,0.0,0.0,0.0,10.787799999999997,0.0111,10.798899999999998,10.8
482,0.2422,0.0015,0.2437,0.0439,0.9938448912597456,0.006155108740254411,14.2155,0.9232,102.2157,88.0002,0.0,0.0,0.0,102.21569999999998,0.9231999999999999,103.13889999999998,105.1418
483,0.1874,0.0097,0.1972,0.0355,0.9503042596348885,0.049188640973630834,10.6545,6.3299,315.655,305.0005,0.0,0.0,0.0,315.655,6.3298999999999985,321.9849,330.9877
484,0.143,0.0002,0.1432,0.0258,0.9986033519553073,0.0013966480446927375,7.569,0.1512,52.5692,45.0002,0.0,0.0,0.0,52.56920000000002,0.15119999999999997,52.720400000000026,53.716
485,0.4961,0.0001,0.4961,0.0893,1.0,0.00020157226365652087,26.5215,0.0582,45.521,18.9995,0.0,0.0,0.0,45.52099999999999,0.05819999999999999,45.579199999999986,46.575
486,0.0923,0.0003,0.0926,0.0167,0.9967602591792656,0.003239740820734341,5.1915,0.1944,51.1918,46.0003,0.0,0.0,0.0,51.19180000000001,0.1944,51.38620000000001,53.89
487,0.1048,0.0061,0.1109,0.02,0.9449954914337241,0.05500450856627593,5.8935,3.699,313.8937,308.0002,0.0,0.0,0.0,313.89369999999997,3.6990000000000003,317.5927,327.0964
488,0.1677,0.0,0.1677,0.0302,1.0,0.0,9.435,0.0068,9.4347,0.0,0.0,0.0,0.0,9.434699999999998,0.0068000000000000005,9.441499999999998,9.4419
489,0.3359,0.0001,0.3359,0.0605,1.0,0.000297707651086633,19.0905,0.0436,30.0913,11.0008,0.0,0.0,0.0,30.0913,0.04359999999999999,30.134900000000002,30.6318
490,0.3774,0.0,0.3774,0.0679,1.0,0.0,21.228,0.0186,21.228,0.0,0.0,0.0,0.0,21.227999999999998,0.018599999999999995,21.246599999999997,21.247
491,0.0981,0.0001,0.0982,0.0177,0.9989816700611,0.0010183299389002038,5.046,0.0773,7.046,2.0,0.0,0.0,0.0,7.046000000000001,0.0773,7.123300000000001,7.1217
492,0.4033,0.0006,0.4039,0.0727,0.9985144837831147,0.0014855162168853676,21.999,0.3329,115.9989,93.9999,0.0,0.0,0.0,115.99889999999999,0.3328999999999999,116.33179999999999,120.331
493,0.1043,0.0135,0.1178,0.0212,0.8853989813242784,0.11460101867572156,5.6865,8.2103,231.686,225.9995,0.0,0.0,0.0,231.68599999999992,8.2103,239.8962999999999,246.8928
494,0.404,0.0012,0.4052,0.0729,0.9970384995064167,0.002961500493583415,21.8175,0.7651,125.8179,104.0004,0.0,0.0,0.0,125.81789999999998,0.7651,126.58299999999998,129.5833
495,0.4634,0.0008,0.4642,0.0836,0.9982766049116759,0.0017233950883239983,26.067,0.5007,140.0666,113.9996,0.0,0.0,0.0,140.06659999999997,0.5006999999999999,140.56729999999996,142.567
496,0.3774,0.0036,0.381,0.0686,0.9905511811023622,0.009448818897637795,21.228,2.3246,190.2282,169.0002,0.0,0.0,0.0,190.2282,2.3246,192.5528,203.5538
497,0.3176,0.0034,0.321,0.0578,0.9894080996884734,0.01059190031152648,17.6805,2.1057,144.6806,127.0001,0.0,0.0,0.0,144.68059999999997,2.1057,146.78629999999998,150.2903
498,0.1564,0.0001,0.1564,0.0282,1.0,0.000639386189258312,8.529,0.0533,34.5294,26.0004,0.0,0.0,0.0,34.52940000000001,0.0533,34.58270000000001,34.578
499,0.2871,0.0002,0.2873,0.0517,0.9993038635572573,0.0006961364427427776,15.9825,0.0924,28.9825,13.0,0.0,0.0,0.0,28.9825,0.09240000000000001,29.074900000000003,29.078
500,0.417,0.0002,0.4171,0.0751,0.9997602493406855,0.0004795013186286262,22.7445,0.1066,43.7451,21.0006,0.0,0.0,0.0,43.745099999999994,0.1066,43.851699999999994,43.8538
501,0.2226,0.0065,0.2291,0.0412,0.9716281099956351,0.028371890004364905,11.787,4.0768,300.787,289.0,0.0,0.0,0.0,300.787,4.0768,304.86379999999997,308.8608
502,0.2442,0.0007,0.2448,0.0441,0.9975490196078431,0.002859477124183007,13.3185,0.4199,140.3188,127.0003,0.0,0.0,0.0,140.3188,0.41990000000000005,140.73870000000002,148.7436
503,0.148,0.0001,0.1481,0.0267,0.9993247805536798,0.000675219446320054,7.992,0.0527,31.9916,23.9996,0.0,0.0,0.0,31.9916,0.05270000000000001,32.0443,33.0462
504,0.3533,0.0001,0.3535,0.0636,0.9994342291371995,0.00028288543140028293,18.171,0.0855,23.1716,5.0006,0.0,0.0,0.0,23.171600000000005,0.08549999999999999,23.257100000000005,23.2619
505,0.1695,0.0009,0.1703,0.0307,0.995302407516148,0.005284791544333528,9.06,0.5719,155.06,146.0,0.0,0.0,0.0,155.06000000000006,0.5719,155.63190000000006,156.1329
506,0.147,0.0005,0.1475,0.0266,0.9966101694915254,0.0033898305084745766,8.1825,0.3452,58.1821,49.9996,0.0,0.0,0.0,58.182099999999984,0.3452,58.52729999999998,58.5237
507,0.1564,0.0049,0.1613,0.029,0.9696218226906387,0.03037817730936144,8.529,3.059,260.5294,252.0004,0.0,0.0,0.0,260.5294,3.0589999999999993,263.58840000000004,266.0896
508,0.1258,0.0004,0.1262,0.0227,0.9968304278922344,0.003169572107765452,7.0755,0.2361,12.0758,5.0003,0.0,0.0,0.0,12.075800000000001,0.23610000000000003,12.311900000000001,13.3087
509,0.0822,0.006,0.0883,0.0159,0.9309173272933181,0.06795016987542468,4.53,3.8057,263.53,259.0,0.0,0.0,0.0,263.53,3.8056999999999994,267.3357,275.3353
510,0.3288,0.0001,0.3289,0.0592,0.9996959562176952,0.0003040437823046519,18.12,0.0541,37.1196,18.9996,0.0,0.0,0.0,37.1196,0.05409999999999999,37.1737,37.6742
511,0.144,0.0,0.144,0.0259,1.0,0.0,8.1825,0.014,8.1817,0.0,0.0,0.0,0.0,8.1817,0.014,8.195699999999999,8.1932
512,0.3074,0.0161,0.3234,0.0582,0.950525664811379,0.04978354978354978,17.1105,9.6161,401.11,383.9995,0.0,0.0,0.0,401.10999999999996,9.616100000000001,410.7261,422.7308
513,0.2017,0.0,0.2017,0.0363,1.0,0.0,11.586,0.0147,14.5853,2.9993,0.0,0.0,0.0,14.585299999999997,0.0147,14.599999999999996,14.5998
514,0.2309,0.0001,0.2309,0.0416,1.0,0.00043308791684712,12.222,0.0342,21.2217,8.9997,0.0,0.0,0.0,21.221699999999995,0.0342,21.255899999999993,21.2515
515,0.2978,0.0,0.2979,0.0536,0.9996643168848607,0.0,17.1105,0.0078,19.1101,1.9996,0.0,0.0,0.0,19.1101,0.0078000000000000005,19.1179,19.1215
516,0.0884,0.0,0.0885,0.0159,0.9988700564971753,0.0,5.1915,0.0103,5.1919,0.0004,0.0,0.0,0.0,5.1918999999999995,0.0103,5.2021999999999995,5.2071
517,0.2527,0.0001,0.2528,0.0455,0.9996044303797467,0.00039556962025316455,14.2155,0.0483,14.2156,0.0001,0.0,0.0,0.0,14.215599999999995,0.048299999999999996,14.263899999999994,14.2614
518,0.1346,0.0069,0.1415,0.0255,0.9512367491166078,0.04876325088339223,7.569,4.2272,297.5691,290.0001,0.0,0.0,0.0,297.56910000000005,4.227200000000001,301.79630000000003,307.2955
519,0.2939,0.0006,0.2945,0.053,0.9979626485568761,0.0020373514431239388,16.3635,0.3827,103.3636,87.0001,0.0,0.0,0.0,103.36360000000003,0.3827,103.74630000000003,105.7485
520,0.437,0.0,0.437,0.0787,1.0,0.0,23.364,0.0216,29.3631,5.9991,0.0,0.0,0.0,29.363100000000006,0.021600000000000005,29.384700000000006,29.3807
521,0.1001,0.0001,0.1002,0.018,0.999001996007984,0.0009980039920159682,5.574,0.0488,20.5737,14.9997,0.0,0.0,0.0,20.573700000000006,0.04880000000000001,20.622500000000006,20.6261
522,0.0933,0.0,0.0933,0.0168,1.0,0.0,5.1915,0.0218,21.1917,16.0002,0.0,0.0,0.0,21.191699999999997,0.0218,21.213499999999996,21.2121
523,0.2961,0.0002,0.2962,0.0533,0.9996623902768398,0.000675219446320054,17.3775,0.1136,69.3776,52.0001,0.0,0.0,0.0,69.3776,0.1136,69.4912,70.4898
524,0.1982,0.0208,0.219,0.0394,0.9050228310502283,0.09497716894977168,11.148,12.9196,410.1477,398.9997,0.0,0.0,0.0,410.1477000000001,12.9196,423.0673000000001,435.5704
525,0.2052,0.0001,0.2053,0.0369,0.9995129079396005,0.0004870920603994155,11.787,0.0496,18.7871,7.0001,0.0,0.0,0.0,18.787100000000002,0.04959999999999999,18.836700000000004,19.3407
526,0.2219,0.015,0.2369,0.0426,0.9366821443647108,0.06331785563528915,12.615,9.9286,510.6151,498.0001,0.0,0.0,0.0,510.61510000000004,9.928600000000001,520.5437000000001,527.5402
527,0.1471,0.0106,0.1576,0.0284,0.9333756345177666,0.06725888324873097,8.361,6.5311,498.3608,489.9998,0.0,0.0,0.0,498.3607999999998,6.5311,504.8918999999998,509.8919
528,0.1859,0.0001,0.186,0.0335,0.9994623655913979,0.0005376344086021505,10.9095,0.0535,10.9092,0.0,0.0,0.0,0.0,10.909199999999997,0.05349999999999999,10.962699999999996,10.958
529,0.4205,0.0011,0.4217,0.0759,0.9971543751482096,0.002608489447474508,23.1705,0.7643,209.1705,186.0,0.0,0.0,0.0,209.17050000000003,0.7642999999999999,209.93480000000002,215.4352
530,0.3649,0.0003,0.3652,0.0657,0.9991785323110624,0.0008214676889375683,19.902,0.2245,76.9019,56.9999,0.0,0.0,0.0,76.90190000000003,0.22449999999999998,77.12640000000003,78.6284
531,0.3549,0.0142,0.369,0.0664,0.9617886178861789,0.03848238482384824,19.554,8.9513,413.5546,394.0006,0.0,0.0,0.0,413.5546000000001,8.951299999999998,422.5059000000001,431.0047
532,0.1678,0.012,0.1797,0.0324,0.9337785197551475,0.0667779632721202,9.06,7.3419,253.0599,243.9999,0.0,0.0,0.0,253.05990000000003,7.3419,260.40180000000004,266.903
533,0.3176,0.0126,0.3302,0.0594,0.9618413082980012,0.03815869170199879,17.6805,7.5565,255.6807,238.0002,0.0,0.0,0.0,255.68069999999997,7.556500000000001,263.2372,272.7399
534,0.2085,0.0031,0.2116,0.0381,0.9853497164461247,0.014650283553875236,11.373,2.0733,208.3725,196.9995,0.0,0.0,0.0,208.3725,2.0732999999999997,210.4458,215.9479
535,0.2996,0.0002,0.2999,0.054,0.9989996665555184,0.0006668889629876626,16.5105,0.1404,37.511,21.0005,0.0,0.0,0.0,37.51100000000001,0.1404,37.65140000000001,37.6504
536,0.1091,0.0029,0.112,0.0202,0.9741071428571428,0.02589285714285714,5.8935,1.7715,278.8935,273.0,0.0,0.0,0.0,278.8935,1.7714999999999999,280.665,285.1676
537,0.2635,0.004,0.2675,0.0482,0.9850467289719627,0.014953271028037382,15.138,2.4919,260.1381,245.0001,0.0,0.0,0.0,260.13809999999995,2.4919000000000002,262.62999999999994,266.6323
538,0.2753,0.0,0.2753,0.0496,1.0,0.0,15.9825,0.0191,15.9827,0.0002,0.0,0.0,0.0,15.9827,0.0191,16.0018,16.0
539,0.1317,0.0,0.1318,0.0237,0.9992412746585737,0.0,7.3335,0.0182,10.3329,2.9994,0.0,0.0,0.0,10.332899999999997,0.0182,10.351099999999997,10.3517
540,0.2195,0.0001,0.2197,0.0395,0.999089667728721,0.0004551661356395084,12.222,0.0808,24.2218,11.9998,0.0,0.0,0.0,24.221799999999995,0.08080000000000001,24.302599999999995,24.3
541,0.0847,0.0032,0.088,0.0158,0.9625,0.03636363636363637,4.7175,2.046,235.7174,230.9999,0.0,0.0,0.0,235.71740000000005,2.0460000000000003,237.76340000000005,242.268
542,0.0957,0.005,0.1007,0.0181,0.9503475670307845,0.049652432969215496,5.328,3.1508,314.3276,308.9996,0.0,0.0,0.0,314.3276,3.1508,317.4784,324.9775
543,0.0772,0.0004,0.0776,0.014,0.9948453608247423,0.005154639175257732,4.53,0.2679,73.5298,68.9998,0.0,0.0,0.0,73.52980000000002,0.2679,73.79770000000002,75.8006
544,0.1428,0.0166,0.1594,0.0287,0.8958594730238395,0.10414052697616061,7.788,9.7094,298.7875,290.9995,0.0,0.0,0.0,298.78749999999997,9.7094,308.4969,310.4943
545,0.215,0.0016,0.2166,0.039,0.9926131117266852,0.007386888273314867,12.222,1.0099,182.2217,169.9997,0.0,0.0,0.0,182.22169999999994,1.0099,183.23159999999993,186.7351
546,0.198,0.0033,0.2013,0.0362,0.9836065573770492,0.01639344262295082,11.373,2.0228,138.3727,126.9997,0.0,0.0,0.0,138.37269999999998,2.0228,140.39549999999997,148.8975
547,0.3255,0.0001,0.3256,0.0586,0.9996928746928747,0.0003071253071253071,18.12,0.0644,18.1199,0.0,0.0,0.0,0.0,18.119899999999998,0.0644,18.184299999999997,18.1834
548,0.243,0.0,0.243,0.0437,1.0,0.0,12.615,0.0228,12.6152,0.0002,0.0,0.0,0.0,12.615199999999998,0.022799999999999997,12.637999999999998,12.6354
549,0.3575,0.0012,0.3587,0.0646,0.996654586005018,0.0033454139949818783,19.902,0.7276,74.9018,54.9998,0.0,0.0,0.0,74.90180000000004,0.7275999999999999,75.62940000000003,77.1319
550,0.2309,0.0002,0.2311,0.0416,0.9991345737775854,0.0008654262224145392,12.222,0.1587,31.2215,18.9995,0.0,0.0,0.0,31.221499999999992,0.1587,31.38019999999999,31.3805
551,0.1413,0.0043,0.1456,0.0262,0.970467032967033,0.029532967032967032,7.788,2.7336,340.7878,332.9998,0.0,0.0,0.0,340.78780000000006,2.7336,343.5214000000001,347.0238
552,0.2118,0.0,0.2119,0.0381,0.9995280792826804,0.0,11.325,0.0297,11.3247,0.0,0.0,0.0,0.0,11.324700000000002,0.0297,11.354400000000002,11.3584
553,0.2555,0.0002,0.2557,0.046,0.999217833398514,0.0007821666014861166,13.935,0.1157,24.9343,10.9993,0.0,0.0,0.0,24.93429999999999,0.11570000000000001,25.04999999999999,28.0494
554,0.1358,0.0,0.1358,0.0244,1.0,0.0,7.3335,0.0087,9.3331,1.9996,0.0,0.0,0.0,9.3331,0.0087,9.3418,9.3373
555,0.3744,0.0069,0.3813,0.0686,0.9819040125885131,0.01809598741148702,20.628,4.4834,159.6276,138.9996,0.0,0.0,0.0,159.62760000000003,4.4834000000000005,164.11100000000002,176.1062
556,0.3717,0.0,0.3717,0.0669,1.0,0.0,21.8175,0.0258,35.8185,14.001,0.0,0.0,0.0,35.8185,0.0258,35.8443,35.8403
557,0.2244,0.0003,0.2247,0.0404,0.9986648865153537,0.0013351134846461947,13.3185,0.1614,17.3186,4.0001,0.0,0.0,0.0,17.3186,0.16140000000000002,17.48,17.9834
558,0.1051,0.0049,0.11,0.0198,0.9554545454545454,0.04454545454545454,5.793,3.0121,289.7926,283.9996,0.0,0.0,0.0,289.79259999999994,3.0121,292.8046999999999,298.3059
559,0.4366,0.0008,0.4374,0.0787,0.9981710105166894,0.001828989483310471,25.0815,0.4976,102.0818,77.0003,0.0,0.0,0.0,102.08180000000002,0.4976,102.57940000000002,104.0793
560,0.4205,0.0,0.4205,0.0757,1.0,0.0,22.707,0.0091,33.7073,11.0003,0.0,0.0,0.0,33.707300000000004,0.0091,33.7164,33.7115
561,0.3789,0.0001,0.3789,0.0682,1.0,0.0002639218791237794,21.3105,0.047,21.3105,0.0,0.0,0.0,0.0,21.3105,0.04700000000000001,21.3575,21.3539
562,0.2654,0.0003,0.2657,0.0478,0.998870907038013,0.0011290929619872036,15.576,0.1757,31.5753,15.9993,0.0,0.0,0.0,31.57529999999999,0.1757,31.75099999999999,31.7486
563,0.3666,0.0002,0.3669,0.066,0.999182338511856,0.0005451076587626056,21.999,0.149,21.9987,0.0,0.0,0.0,0.0,21.998699999999996,0.14900000000000002,22.147699999999997,22.1428
564,0.1888,0.0001,0.1888,0.034,1.0,0.0005296610169491525,11.325,0.0314,26.3247,14.9997,0.0,0.0,0.0,26.324699999999993,0.0314,26.356099999999994,26.3551
565,0.3657,0.0173,0.383,0.0689,0.9548302872062664,0.04516971279373368,19.554,10.6864,265.5544,246.0004,0.0,0.0,0.0,265.55439999999993,10.6864,276.2407999999999,278.7371
566,0.1502,0.0023,0.1525,0.0275,0.9849180327868853,0.015081967213114755,8.361,1.4734,168.3605,159.9995,0.0,0.0,0.0,168.3605,1.4733999999999998,169.8339,178.8368
567,0.2422,0.0006,0.2428,0.0437,0.9975288303130149,0.002471169686985173,14.2155,0.4054,72.2158,58.0003,0.0,0.0,0.0,72.21579999999997,0.4054,72.62119999999997,73.1195
568,0.1297,0.0002,0.13,0.0234,0.9976923076923078,0.0015384615384615385,7.0755,0.1484,13.076,6.0005,0.0,0.0,0.0,13.076,0.1484,13.224400000000001,13.2214
569,0.4037,0.0,0.4037,0.0727,1.0,0.0,22.707,0.0114,26.7072,4.0002,0.0,0.0,0.0,26.707199999999997,0.011399999999999997,26.718599999999995,27.2172
570,0.4191,0.0,0.4191,0.0754,1.0,0.0,23.574,0.0132,32.574,9.0,0.0,0.0,0.0,32.574,0.0132,32.587199999999996,33.0889
571,0.1593,0.0,0.1593,0.0287,1.0,0.0,8.6895,0.0138,9.689,0.9995,0.0,0.0,0.0,9.689,0.013800000000000002,9.7028,9.7053
572,0.3298,0.0009,0.3307,0.0595,0.9972785001511943,0.002721499848805564,18.171,0.5555,272.1714,254.0004,0.0,0.0,0.0,272.17139999999995,0.5555,272.72689999999994,280.2279
573,0.1973,0.0001,0.1974,0.0355,0.9994934143870314,0.0005065856129685917,10.6545,0.045,12.6553,2.0008,0.0,0.0,0.0,12.6553,0.045,12.7003,12.7019
574,0.0925,0.0001,0.0926,0.0167,0.9989200863930885,0.0010799136069114472,5.046,0.0709,15.0461,10.0001,0.0,0.0,0.0,15.046099999999996,0.07089999999999999,15.116999999999996,15.116
575,0.1102,0.0004,0.1106,0.0199,0.9963833634719711,0.003616636528028933,5.8935,0.2357,21.8935,16.0,0.0,0.0,0.0,21.893500000000003,0.23569999999999997,22.129200000000004,22.134
576,0.1604,0.0262,0.1867,0.0336,0.8591322978039635,0.14033208355650778,8.841,16.2423,477.8405,468.9995,0.0,0.0,0.0,477.8405000000001,16.2423,494.0828000000001,500.0873
577,0.1513,0.0015,0.1528,0.0275,0.9901832460732984,0.00981675392670157,8.6895,0.9397,148.6887,139.9992,0.0,0.0,0.0,148.68869999999998,0.9396999999999998,149.62839999999997,156.1272
578,0.4598,0.0001,0.4599,0.0828,0.9997825614263971,0.00021743857360295718,25.0815,0.0468,41.0824,16.0009,0.0,0.0,0.0,41.08239999999999,0.046799999999999994,41.12919999999999,41.1248
579,0.3064,0.0289,0.3354,0.0604,0.9135360763267741,0.08616577221228384,17.0595,17.0489,283.0585,265.999,0.0,0.0,0.0,283.0585,17.048900000000003,300.1074,318.1121
580,0.1794,0.0072,0.1866,0.0336,0.9614147909967846,0.03858520900321544,10.092,4.3949,486.0922,476.0002,0.0,0.0,0.0,486.09219999999993,4.3949,490.48709999999994,500.4852
581,0.0933,0.0012,0.0945,0.017,0.9873015873015872,0.012698412698412697,5.1915,0.8147,79.1916,74.0001,0.0,0.0,0.0,79.19160000000004,0.8147,80.00630000000004,84.5026
582,0.3705,0.0,0.3706,0.0667,0.9997301672962763,0.0,20.628,0.0268,20.6275,0.0,0.0,0.0,0.0,20.627499999999998,0.0268,20.6543,20.6536
583,0.3813,0.0001,0.3814,0.0686,0.9997378080755112,0.00026219192448872575,20.184,0.0723,40.1843,20.0003,0.0,0.0,0.0,40.1843,0.0723,40.2566,40.7595
584,0.3083,0.0,0.3083,0.0555,1.0,0.0,15.855,0.0149,16.8547,0.9997,0.0,0.0,0.0,16.8547,0.014899999999999997,16.869600000000002,17.3706
585,0.2095,0.0,0.2096,0.0377,0.9995229007633587,0.0,11.787,0.0287,15.7871,4.0001,0.0,0.0,0.0,15.7871,0.0287,15.815800000000001,15.819
586,0.0856,0.0078,0.0935,0.0168,0.9155080213903742,0.08342245989304813,4.7175,4.7585,207.7173,202.9998,0.0,0.0,0.0,207.7173,4.7585,212.4758,218.4712
587,0.1402,0.0037,0.1438,0.0259,0.9749652294853962,0.02573018080667594,7.569,2.3324,220.569,213.0,0.0,0.0,0.0,220.56900000000007,2.3324000000000003,222.90140000000008,229.9017
588,0.2038,0.0031,0.2069,0.0372,0.985016916384727,0.014983083615273078,11.586,1.8835,264.5852,252.9992,0.0,0.0,0.0,264.5852,1.8835,266.4687,270.9676
589,0.4046,0.024,0.4286,0.0771,0.9440037330844611,0.05599626691553897,22.296,16.0965,331.2958,308.9998,0.0,0.0,0.0,331.29580000000004,16.096500000000002,347.39230000000003,358.8957
590,0.2226,0.0196,0.2423,0.0436,0.918695831613702,0.08089145687164671,11.787,12.1309,500.787,489.0,0.0,0.0,0.0,500.7869999999999,12.130900000000002,512.9178999999999,520.9141
591,0.2775,0.0067,0.2843,0.0512,0.9760816039395006,0.023566654941962716,15.138,4.3015,234.138,219.0,0.0,0.0,0.0,234.13799999999995,4.3015,238.43949999999995,245.4361
592,0.1888,0.0,0.1888,0.034,1.0,0.0,11.325,0.0307,14.3249,2.9999,0.0,0.0,0.0,14.324900000000003,0.030699999999999998,14.355600000000003,14.353
593,0.2184,0.0004,0.2188,0.0394,0.9981718464351006,0.0018281535648994518,11.793,0.2509,54.7935,43.0005,0.0,0.0,0.0,54.7935,0.2509,55.0444,56.5426
594,0.3959,0.0013,0.3972,0.0715,0.9967270896273916,0.0032729103726082576,21.8175,0.786,86.8181,65.0006,0.0,0.0,0.0,86.81809999999999,0.7860000000000001,87.60409999999999,88.605
595,0.2442,0.0,0.2442,0.044,1.0,0.0,13.3185,0.0122,13.3191,0.0006,0.0,0.0,0.0,13.3191,0.012199999999999999,13.3313,13.3306
596,0.3735,0.0004,0.3738,0.0673,0.9991974317817014,0.001070090957731407,21.228,0.2348,61.2282,40.0002,0.0,0.0,0.0,61.2282,0.23479999999999998,61.463,62.4652
597,0.2013,0.0001,0.2013,0.0362,1.0,0.0004967709885742673,10.6545,0.0425,11.6551,1.0006,0.0,0.0,0.0,11.655100000000001,0.0425,11.697600000000001,11.6991
598,0.1642,0.0,0.1643,0.0296,0.9993913572732807,0.0,9.435,0.0079,16.4349,6.9999,0.0,0.0,0.0,16.4349,0.0079,16.4428,16.44
599,0.1888,0.0004,0.1891,0.034,0.9984135378106822,0.0021152829190904283,11.325,0.2354,31.3248,19.9998,0.0,0.0,0.0,31.324799999999993,0.2354,31.56019999999999,31.5634
600,0.0969,0.0,0.0969,0.0174,1.0,0.0,5.6865,0.0136,8.6863,2.9998,0.0,0.0,0.0,8.686300000000001,0.013600000000000001,8.699900000000001,8.7044
601,0.2503,0.0008,0.2511,0.0452,0.9968140183193948,0.003185981680605337,13.935,0.4955,45.9346,31.9996,0.0,0.0,0.0,45.934599999999996,0.49549999999999994,46.430099999999996,48.4265
602,0.4409,0.0189,0.4598,0.0828,0.9588951718138322,0.041104828186167904,24.546,12.2965,421.5456,396.9996,0.0,0.0,0.0,421.5455999999999,12.296500000000002,433.8420999999999,442.3395
603,0.3307,0.0108,0.3415,0.0615,0.9683748169838945,0.03162518301610542,17.6805,6.8522,292.6806,275.0001,0.0,0.0,0.0,292.68059999999997,6.8522,299.53279999999995,307.031
604,0.3892,0.0011,0.3903,0.0703,0.997181655137074,0.0028183448629259546,21.228,0.6585,67.2283,46.0003,0.0,0.0,0.0,67.22829999999999,0.6585,67.8868,69.3876
605,0.2568,0.0,0.2569,0.0462,0.9996107434799532,0.0,14.1525,0.0161,15.1522,0.9997,0.0,0.0,0.0,15.152200000000002,0.0161,15.168300000000002,15.1732
606,0.2568,0.0033,0.2601,0.0468,0.9873125720876585,0.012687427912341407,14.1525,2.0803,111.1524,96.9999,0.0,0.0,0.0,111.1524,2.0803000000000003,113.2327,123.2304
607,0.4046,0.003,0.4076,0.0734,0.992639842983317,0.007360157016683022,22.296,1.7722,316.2953,293.9993,0.0,0.0,0.0,316.2953000000001,1.7722,318.0675000000001,321.5712
608,0.2184,0.0122,0.2305,0.0415,0.9475054229934924,0.052928416485900215,11.793,7.9056,164.7936,153.0006,0.0,0.0,0.0,164.7936,7.905600000000001,172.6992,181.6993
609,0.1626,0.0001,0.1627,0.0293,0.9993853718500306,0.0006146281499692685,8.361,0.0479,10.3608,1.9998,0.0,0.0,0.0,10.360799999999998,0.0479,10.408699999999998,10.4067
610,0.0923,0.0075,0.0998,0.018,0.9248496993987976,0.0751503006012024,4.8885,4.7026,212.8885,208.0,0.0,0.0,0.0,212.88849999999994,4.7025999999999994,217.59109999999993,227.0905
611,0.099,0.0003,0.0993,0.0179,0.9969788519637462,0.003021148036253776,5.454,0.2046,20.4542,15.0002,0.0,0.0,0.0,20.4542,0.2046,20.6588,21.1624
612,0.2775,0.0042,0.2817,0.0507,0.985090521831736,0.01490947816826411,15.138,2.6793,244.1382,229.0002,0.0,0.0,0.0,244.13819999999996,2.6793,246.81749999999997,251.3218
613,0.2682,0.0003,0.2685,0.0483,0.9988826815642458,0.0011173184357541898,14.481,0.221,24.4814,10.0004,0.0,0.0,0.0,24.4814,0.22099999999999997,24.7024,26.2071
614,0.1686,0.0,0.1687,0.0304,0.9994072317723771,0.0,8.841,0.0163,22.8401,13.9991,0.0,0.0,0.0,22.8401,0.0163,22.8564,22.861
615,0.2995,0.0,0.2995,0.0539,1.0,0.0,15.855,0.0089,15.8549,0.0,0.0,0.0,0.0,15.854900000000002,0.0089,15.863800000000003,15.8678
616,0.15,0.0,0.15,0.027,1.0,0.0,7.788,0.021,7.788,0.0,0.0,0.0,0.0,7.787999999999998,0.021000000000000005,7.8089999999999975,7.8072
617,0.2942,0.0019,0.2961,0.0533,0.993583248902398,0.006416751097602162,15.576,1.1879,237.5752,221.9992,0.0,0.0,0.0,237.57519999999997,1.1879000000000002,238.76309999999998,247.7602
618,0.1317,0.0002,0.132,0.0238,0.9977272727272728,0.0015151515151515152,7.3335,0.1697,11.3328,3.9993,0.0,0.0,0.0,11.332799999999995,0.16970000000000002,11.502499999999996,13.0001
619,0.4911,0.0067,0.4978,0.0896,0.9865407794294897,0.013459220570510244,26.5215,4.1484,318.5209,291.9994,0.0,0.0,0.0,318.5208999999999,4.148399999999999,322.6692999999999,326.6724
620,0.3246,0.0012,0.3258,0.0586,0.996316758747698,0.003683241252302026,18.6465,0.7337,76.6465,58.0,0.0,0.0,0.0,76.64649999999999,0.7337000000000001,77.38019999999999,80.8843
621,0.2711,0.0,0.2712,0.0488,0.9996312684365782,0.0,15.576,0.0253,17.5758,1.9998,0.0,0.0,0.0,17.575799999999997,0.025300000000000003,17.6011,17.599
622,0.2218,0.0001,0.2219,0.0399,0.9995493465525012,0.00045065344749887343,12.222,0.0377,14.2216,1.9996,0.0,0.0,0.0,14.2216,0.0377,14.2593,14.2639
623,0.097,0.0197,0.1166,0.021,0.8319039451114923,0.16895368782161235,5.454,12.4302,248.4545,243.0005,0.0,0.0,0.0,248.45449999999994,12.430200000000001,260.88469999999995,276.884
624,0.3626,0.0021,0.3647,0.0656,0.9942418426103645,0.005758157389635316,20.184,1.2895,102.1842,82.0002,0.0,0.0,0.0,102.18420000000002,1.2895,103.47370000000002,106.9749
625,0.3964,0.0106,0.407,0.0733,0.9739557739557739,0.026044226044226047,22.296,6.6059,226.2952,203.9992,0.0,0.0,0.0,226.29520000000002,6.6059,232.9011,249.3978
626,0.1611,0.0067,0.1678,0.0302,0.9600715137067938,0.0399284862932062,9.06,4.1633,437.0598,427.9998,0.0,0.0,0.0,437.05979999999994,4.1633000000000004,441.22309999999993,450.2213
627,0.2103,0.0065,0.2167,0.039,0.970466082141209,0.02999538532533456,11.586,3.8716,95.5853,83.9993,0.0,0.0,0.0,95.58530000000002,3.871599999999999,99.45690000000002,105.4595
628,0.4786,0.0119,0.4905,0.0883,0.9757390417940878,0.024260958205912335,25.5885,7.0579,418.5883,392.9998,0.0,0.0,0.0,418.5882999999999,7.0579,425.6461999999999,437.1474
629,0.3813,0.0001,0.3814,0.0686,0.9997378080755112,0.00026219192448872575,20.385,0.0543,38.3847,17.9997,0.0,0.0,0.0,38.38470000000001,0.0543,38.43900000000001,39.4417
630,0.1544,0.0,0.1544,0.0278,1.0,0.0,9.06,0.0068,10.0598,0.9998,0.0,0.0,0.0,10.0598,0.0068000000000000005,10.0666,11.067
631,0.4128,0.0001,0.4129,0.0743,0.9997578106078954,0.00024218939210462584,21.228,0.0668,42.2287,21.0007,0.0,0.0,0.0,42.2287,0.0668,42.295500000000004,43.291
632,0.2019,0.0001,0.202,0.0364,0.9995049504950494,0.0004950495049504951,10.383,0.0399,22.3838,12.0008,0.0,0.0,0.0,22.383799999999994,0.0399,22.423699999999993,22.9268
633,0.3757,0.0002,0.3759,0.0677,0.9994679436020217,0.0005320563979781857,21.8175,0.1023,58.8179,37.0004,0.0,0.0,0.0,58.81790000000001,0.10230000000000003,58.92020000000001,59.4164
634,0.1874,0.008,0.1955,0.0352,0.9585677749360614,0.040920716112531966,10.6545,5.0403,142.6551,132.0006,0.0,0.0,0.0,142.65509999999998,5.0403,147.69539999999998,152.1944
635,0.2374,0.0045,0.2419,0.0435,0.9813972715998346,0.018602728400165355,13.6365,2.8798,133.6363,119.9998,0.0,0.0,0.0,133.63629999999998,2.8798000000000004,136.51609999999997,145.0158
636,0.4001,0.0064,0.4065,0.0732,0.9842558425584257,0.015744157441574418,22.7445,3.8991,228.745,206.0005,0.0,0.0,0.0,228.745,3.8991,232.6441,243.1439
637,0.2782,0.0001,0.2783,0.0501,0.9996406755300037,0.00035932446999640676,15.9825,0.0408,42.9827,27.0002,0.0,0.0,0.0,42.9827,0.0408,43.0235,43.5271
638,0.3159,0.0016,0.3175,0.0572,0.9949606299212599,0.005039370078740157,17.0595,0.9969,135.0587,117.9992,0.0,0.0,0.0,135.05870000000002,0.9969,136.05560000000003,139.0557
639,0.3322,0.0,0.3322,0.0598,1.0,0.0,18.12,0.0153,18.1198,0.0,0.0,0.0,0.0,18.119799999999998,0.0153,18.135099999999998,18.1328
640,0.2831,0.0,0.2832,0.051,0.9996468926553673,0.0,15.138,0.0164,30.1381,15.0001,0.0,0.0,0.0,30.138099999999998,0.016399999999999998,30.1545,30.1517
641,0.1992,0.0,0.1993,0.0359,0.9994982438534871,0.0,11.325,0.0162,16.3249,4.9999,0.0,0.0,0.0,16.324900000000003,0.016199999999999996,16.341100000000004,16.3401
642,0.4813,0.0005,0.4818,0.0867,0.9989622249896223,0.0010377750103777502,26.5215,0.308,42.5213,15.9998,0.0,0.0,0.0,42.52129999999999,0.30799999999999994,42.82929999999999,43.3338
643,0.382,0.0002,0.3822,0.0688,0.9994767137624281,0.0005232862375719519,20.628,0.1382,33.6276,12.9996,0.0,0.0,0.0,33.6276,0.13819999999999996,33.7658,33.7627
644,0.0905,0.0002,0.0907,0.0163,0.9977949283351708,0.002205071664829107,4.8885,0.1393,40.8885,36.0,0.0,0.0,0.0,40.888499999999986,0.1393,41.027799999999985,41.0245
645,0.1271,0.0004,0.1275,0.0229,0.9968627450980391,0.0031372549019607846,7.0755,0.2491,35.0762,28.0007,0.0,0.0,0.0,35.07619999999999,0.24910000000000004,35.32529999999999,36.3247
646,0.2076,0.0016,0.2093,0.0377,0.9918776875298614,0.007644529383659818,11.325,1.014,125.3249,113.9999,0.0,0.0,0.0,125.32489999999996,1.0139999999999998,126.33889999999995,129.3383
647,0.2993,0.0029,0.3022,0.0544,0.9904037061548643,0.00959629384513567,17.3775,1.7786,111.3782,94.0007,0.0,0.0,0.0,111.37820000000002,1.7785999999999997,113.15680000000002,118.1571
648,0.1344,0.0009,0.1353,0.0244,0.9933481152993348,0.0066518847006651885,7.3335,0.5633,81.3331,73.9996,0.0,0.0,0.0,81.3331,0.5632999999999999,81.8964,85.8956
649,0.1883,0.0,0.1883,0.0339,1.0,0.0,9.777,0.0187,12.7771,3.0001,0.0,0.0,0.0,12.777099999999999,0.018699999999999998,12.7958,12.7915
650,0.4327,0.0088,0.4415,0.0795,0.9800679501698754,0.019932049830124577,23.364,5.3972,305.3631,281.9991,0.0,0.0,0.0,305.36310000000003,5.3972,310.76030000000003,318.7605
651,0.15,0.0218,0.1718,0.0309,0.8731082654249126,0.12689173457508732,8.529,13.5317,315.5295,307.0005,0.0,0.0,0.0,315.5295,13.531699999999997,329.0612,344.057
652,0.1637,0.0002,0.1639,0.0295,0.9987797437461868,0.001220256253813301,8.841,0.1258,44.8403,35.9993,0.0,0.0,0.0,44.8403,0.12579999999999997,44.9661,45.4657
653,0.1794,0.0002,0.1796,0.0323,0.9988864142538976,0.0011135857461024498,10.092,0.1437,17.0921,7.0001,0.0,0.0,0.0,17.0921,0.1437,17.235799999999998,17.2372
654,0.1738,0.0001,0.1739,0.0313,0.9994249568717655,0.0005750431282346176,9.777,0.0735,37.7771,28.0001,0.0,0.0,0.0,37.777100000000004,0.0735,37.85060000000001,38.8492
655,0.3209,0.0244,0.3453,0.0622,0.9293368085722561,0.070663191427744,17.6805,15.918,360.6805,343.0,0.0,0.0,0.0,360.68049999999994,15.918000000000003,376.59849999999994,386.5984
656,0.1372,0.0061,0.1433,0.0258,0.9574319609211444,0.04256803907885555,7.3335,3.8208,157.3329,149.9994,0.0,0.0,0.0,157.3329,3.8208,161.1537,168.6544
657,0.2452,0.0213,0.2665,0.048,0.9200750469043152,0.0799249530956848,13.935,13.3727,240.9345,226.9995,0.0,0.0,0.0,240.9345,13.372700000000002,254.30720000000002,263.8112
658,0.3813,0.0006,0.3818,0.0687,0.99869041382923,0.001571503404924044,20.184,0.3672,104.1843,84.0003,0.0,0.0,0.0,104.18430000000001,0.3672000000000001,104.5515,108.0507
659,0.4227,0.0001,0.4228,0.0761,0.999763481551561,0.00023651844843897824,24.546,0.0524,24.5456,0.0,0.0,0.0,0.0,24.545600000000007,0.0524,24.598000000000006,24.5957
660,0.4254,0.0054,0.4308,0.0775,0.9874651810584958,0.012534818941504178,22.7445,3.4177,265.7451,243.0006,0.0,0.0,0.0,265.7451,3.4177,269.1628,276.6654
661,0.4155,0.0005,0.4161,0.0749,0.9985580389329487,0.001201634222542658,21.999,0.3225,87.9986,65.9996,0.0,0.0,0.0,87.9986,0.3225,88.3211,89.3171
662,0.1428,0.0018,0.1446,0.026,0.9875518672199171,0.012448132780082987,7.788,1.1481,78.7876,70.9996,0.0,0.0,0.0,78.7876,1.1481000000000001,79.9357,89.9307
663,0.2674,0.024,0.2915,0.0525,0.9173241852487137,0.0823327615780446,14.7345,15.1391,286.7341,271.9996,0.0,0.0,0.0,286.7341,15.139100000000001,301.8732,308.3698
664,0.384,0.0002,0.3842,0.0691,0.9994794377928163,0.0005205622071837585,22.296,0.105,22.2951,0.0,0.0,0.0,0.0,22.295099999999998,0.10500000000000001,22.4001,22.401
665,0.3252,0.0001,0.3253,0.0586,0.9996925914540424,0.00030740854595757766,16.722,0.089,37.7216,20.9996,0.0,0.0,0.0,37.7216,0.08900000000000001,37.8106,38.3105
666,0.2106,0.0002,0.2108,0.0379,0.9990512333965845,0.0009487666034155599,11.148,0.1133,12.1479,0.9999,0.0,0.0,0.0,12.147899999999998,0.11329999999999998,12.261199999999999,13.7568
667,0.2037,0.0,0.2037,0.0367,1.0,0.0,12.222,0.0103,12.2214,0.0,0.0,0.0,0.0,12.221400000000001,0.010299999999999998,12.231700000000002,12.2327
668,0.1593,0.0014,0.1607,0.0289,0.9912881144990665,0.008711885500933415,8.6895,0.8171,193.6891,184.9996,0.0,0.0,0.0,193.6891,0.8170999999999999,194.5062,197.0023
669,0.3813,0.0036,0.385,0.0693,0.9903896103896103,0.00935064935064935,21.228,2.2899,213.2281,192.0001,0.0,0.0,0.0,213.22809999999998,2.2899000000000003,215.51799999999997,222.0213
670,0.097,0.0121,0.1091,0.0196,0.8890925756186985,0.11090742438130155,5.454,7.2401,484.4543,479.0003,0.0,0.0,0.0,484.4543000000001,7.2401,491.6944000000001,500.1994
671,0.303,0.0001,0.3031,0.0546,0.9996700758825471,0.00032992411745298586,16.3635,0.04,36.3636,20.0001,0.0,0.0,0.0,36.36359999999999,0.04000000000000001,36.40359999999999,36.402
672,0.0998,0.0002,0.1,0.018,0.998,0.002,5.793,0.1229,7.7926,1.9996,0.0,0.0,0.0,7.792599999999998,0.12290000000000001,7.915499999999998,9.9157
673,0.4283,0.0,0.4284,0.0771,0.9997665732959851,0.0,23.364,0.0233,31.3634,7.9994,0.0,0.0,0.0,31.36340000000001,0.023300000000000005,31.38670000000001,31.3905
674,0.129,0.004,0.133,0.0239,0.9699248120300752,0.03007518796992481,7.3335,2.3352,254.3327,246.9992,0.0,0.0,0.0,254.3327,2.3352,256.6679,259.6704
675,0.2336,0.0002,0.2338,0.0421,0.9991445680068435,0.000855431993156544,12.615,0.1554,36.6151,24.0001,0.0,0.0,0.0,36.615100000000005,0.1554,36.770500000000006,37.2735
676,0.4283,0.0,0.4284,0.0771,0.9997665732959851,0.0,23.364,0.0094,24.3637,0.9997,0.0,0.0,0.0,24.363700000000005,0.0094,24.373100000000004,24.3705
677,0.172,0.0,0.172,0.031,1.0,0.0,9.777,0.0165,14.7771,5.0001,0.0,0.0,0.0,14.777099999999999,0.0165,14.7936,15.2934
678,0.1192,0.0001,0.1193,0.0215,0.9991617770326907,0.0008382229673093043,7.0755,0.0713,12.0761,5.0006,0.0,0.0,0.0,12.0761,0.0713,12.147400000000001,12.1474
679,0.0887,0.0073,0.0961,0.0173,0.922996878251821,0.07596253902185224,4.8885,4.7719,353.8885,349.0,0.0,0.0,0.0,353.8884999999999,4.7719,358.6603999999999,366.1583
680,0.3774,0.0014,0.3788,0.0682,0.9963041182682154,0.0036958817317845824,21.228,0.9182,85.2282,64.0002,0.0,0.0,0.0,85.2282,0.9181999999999999,86.1464,88.6488
681,0.3078,0.0115,0.3193,0.0575,0.9639837143751959,0.03601628562480426,17.6805,7.3586,132.6806,115.0001,0.0,0.0,0.0,132.6806,7.3586,140.0392,149.5363
682,0.3667,0.0062,0.3729,0.0671,0.9833735585947976,0.016626441405202468,20.628,3.7905,139.6273,118.9993,0.0,0.0,0.0,139.62730000000002,3.7904999999999998,143.41780000000003,149.9207
683,0.3551,0.0,0.3551,0.0639,1.0,0.0,20.184,0.0107,36.1844,16.0004,0.0,0.0,0.0,36.1844,0.010699999999999998,36.1951,36.1989
684,0.3662,0.0007,0.3669,0.066,0.9980921231943309,0.0019078768056691197,20.385,0.4551,68.3846,47.9996,0.0,0.0,0.0,68.38459999999999,0.4551,68.8397,72.3374
685,0.1637,0.0,0.1637,0.0295,1.0,0.0,8.841,0.0159,12.8404,3.9994,0.0,0.0,0.0,12.840399999999997,0.0159,12.856299999999997,12.8567
686,0.1485,0.0117,0.1602,0.0288,0.9269662921348314,0.07303370786516854,8.1825,7.0132,239.1816,230.9991,0.0,0.0,0.0,239.1816,7.0132,246.19480000000001,250.69
687,0.1486,0.0001,0.1487,0.0268,0.9993275050437123,0.0006724949562878278,8.361,0.0508,10.3606,1.9996,0.0,0.0,0.0,10.360599999999998,0.050800000000000005,10.411399999999999,10.4066
688,0.3238,0.0084,0.3322,0.0598,0.97471402769416,0.025285972305839854,17.661,5.1092,363.6611,346.0001,0.0,0.0,0.0,363.6610999999999,5.1091999999999995,368.7702999999999,374.767
689,0.0971,0.0003,0.0974,0.0175,0.9969199178644764,0.0030800821355236136,5.1915,0.2013,7.1917,2.0002,0.0,0.0,0.0,7.191699999999999,0.20130000000000003,7.392999999999999,7.8882
690,0.3176,0.0025,0.3201,0.0576,0.9921899406435489,0.007810059356451109,17.6805,1.6283,156.6805,139.0,0.0,0.0,0.0,156.68049999999997,1.6283000000000003,158.30879999999996,165.8136
691,0.203,0.003,0.206,0.0371,0.9854368932038836,0.014563106796116505,11.787,1.9356,131.7871,120.0001,0.0,0.0,0.0,131.78709999999998,1.9356000000000004,133.72269999999997,135.724
692,0.4409,0.0004,0.4414,0.0794,0.998867240598097,0.0009062075215224287,23.574,0.2696,53.5742,30.0002,0.0,0.0,0.0,53.5742,0.2696,53.843799999999995,53.8464
693,0.3649,0.0,0.3649,0.0657,1.0,0.0,19.902,0.0285,30.9019,10.9999,0.0,0.0,0.0,30.901899999999994,0.028499999999999994,30.930399999999995,30.9296
694,0.1258,0.0009,0.1267,0.0228,0.9928966061562746,0.007103393843725335,7.0755,0.5588,40.0761,33.0006,0.0,0.0,0.0,40.0761,0.5588,40.634899999999995,44.1328
695,0.2106,0.0103,0.221,0.0398,0.9529411764705883,0.04660633484162896,11.373,6.5754,280.3723,268.9993,0.0,0.0,0.0,280.37230000000005,6.5754,286.94770000000005,298.9448
696,0.3504,0.0013,0.3517,0.0633,0.9963036678987773,0.003696332101222633,19.509,0.807,64.5085,44.9995,0.0,0.0,0.0,64.50850000000001,0.8069999999999999,65.31550000000001,67.8131
697,0.2253,0.0001,0.2254,0.0406,0.9995563442768413,0.00044365572315882877,11.586,0.0509,16.5853,4.9993,0.0,0.0,0.0,16.585299999999997,0.05090000000000001,16.636199999999995,16.6376
698,0.1775,0.0,0.1776,0.032,0.9994369369369368,0.0,10.092,0.0177,12.092,2.0,0.0,0.0,0.0,12.092000000000004,0.0177,12.109700000000004,12.1129
699,0.0939,0.0,0.0939,0.0169,1.0,0.0,5.574,0.0111,8.574,3.0,0.0,0.0,0.0,8.574,0.011099999999999999,8.5851,8.5895
700,0.3662,0.0055,0.3717,0.0669,0.9852031207963413,0.014796879203658865,20.385,3.5362,208.3847,187.9997,0.0,0.0,0.0,208.38470000000004,3.5362,211.92090000000005,218.424
701,0.4307,0.0056,0.4363,0.0785,0.987164794865918,0.012835205134082053,23.9745,3.2767,182.974,158.9995,0.0,0.0,0.0,182.97399999999996,3.2767,186.25069999999997,191.7459
702,0.1409,0.0001,0.141,0.0254,0.999290780141844,0.0007092198581560285,8.361,0.0595,8.3606,0.0,0.0,0.0,0.0,8.3606,0.059500000000000004,8.4201,8.422
703,0.1695,0.0037,0.1732,0.0312,0.9786374133949193,0.021362586605080832,9.435,2.3662,172.435,163.0,0.0,0.0,0.0,172.43499999999995,2.3662000000000005,174.80119999999994,178.8025
704,0.2856,0.0006,0.2862,0.0515,0.9979035639412999,0.0020964360587002093,15.576,0.403,81.5756,65.9996,0.0,0.0,0.0,81.5756,0.4030000000000001,81.9786,83.9743
705,0.2404,0.0002,0.2405,0.0433,0.9995841995841996,0.0008316008316008316,12.9795,0.0924,16.9796,4.0001,0.0,0.0,0.0,16.979599999999998,0.09240000000000001,17.072,18.5689
706,0.2241,0.0076,0.2316,0.0417,0.9676165803108808,0.03281519861830743,12.222,5.1991,154.2213,141.9993,0.0,0.0,0.0,154.22129999999996,5.1991000000000005,159.42039999999994,167.9175
707,0.1756,0.0137,0.1893,0.0341,0.9276281035393555,0.07237189646064449,9.777,8.9711,245.777,236.0,0.0,0.0,0.0,245.77700000000004,8.971100000000002,254.74810000000005,265.7483
708,0.2332,0.0001,0.2332,0.042,1.0,0.00042881646655231566,12.9795,0.0395,16.9797,4.0002,0.0,0.0,0.0,16.979699999999998,0.03949999999999999,17.019199999999998,17.0151
709,0.4552,0.0032,0.4583,0.0825,0.99323587169976,0.006982325987344534,25.0815,2.061,322.0821,297.0006,0.0,0.0,0.0,322.08209999999997,2.061,324.14309999999995,327.6411
710,0.3686,0.0067,0.3753,0.0675,0.9821476152411404,0.017852384758859578,19.902,4.1588,160.902,141.0,0.0,0.0,0.0,160.902,4.158799999999999,165.06079999999997,170.0635
711,0.1262,0.0001,0.1262,0.0227,1.0,0.000792393026941363,7.569,0.0486,8.569,1.0,0.0,0.0,0.0,8.568999999999999,0.04859999999999999,8.6176,8.6215
712,0.0953,0.0011,0.0965,0.0174,0.9875647668393782,0.011398963730569948,5.046,0.6964,74.046,69.0,0.0,0.0,0.0,74.04599999999999,0.6964000000000001,74.74239999999999,80.7418
713,0.3429,0.0,0.343,0.0617,0.9997084548104955,0.0,19.0905,0.0244,19.0909,0.0004,0.0,0.0,0.0,19.0909,0.024400000000000005,19.1153,19.1107
714,0.3695,0.0127,0.3822,0.0688,0.9667713239141811,0.03322867608581894,21.228,8.0797,236.2281,215.0001,0.0,0.0,0.0,236.22809999999998,8.079699999999999,244.3078,252.3086
715,0.1832,0.0145,0.1977,0.0356,0.926656550328781,0.07334344967121903,10.092,9.2757,472.092,462.0,0.0,0.0,0.0,472.0919999999999,9.2757,481.3676999999999,489.3685
716,0.2978,0.0037,0.3016,0.0543,0.9874005305039789,0.012267904509283821,17.1105,2.2404,239.1103,221.9998,0.0,0.0,0.0,239.11030000000008,2.2404,241.35070000000007,245.8477
717,0.2548,0.0,0.2548,0.0459,1.0,0.0,14.481,0.0151,18.4818,4.0008,0.0,0.0,0.0,18.4818,0.015099999999999997,18.4969,19.9931
718,0.1406,0.0001,0.1407,0.0253,0.9992892679459845,0.0007107320540156362,7.992,0.0425,7.9917,0.0,0.0,0.0,0.0,7.9917,0.0425,8.0342,8.5341
719,0.2789,0.0005,0.2794,0.0503,0.9982104509663565,0.001789549033643522,15.855,0.2766,31.8547,15.9997,0.0,0.0,0.0,31.8547,0.2766,32.1313,32.1267
720,0.2574,0.011,0.2684,0.0483,0.9590163934426229,0.04098360655737704,14.481,6.8238,229.4811,215.0001,0.0,0.0,0.0,229.48109999999997,6.8238,236.30489999999998,245.3061
721,0.1577,0.0137,0.1714,0.0309,0.9200700116686115,0.07992998833138856,8.6895,8.4358,282.6892,273.9997,0.0,0.0,0.0,282.6892,8.4358,291.125,299.62
722,0.2621,0.0,0.2621,0.0472,1.0,0.0,14.1525,0.0181,19.1522,4.9997,0.0,0.0,0.0,19.152200000000004,0.0181,19.170300000000005,19.1735
723,0.4645,0.0053,0.4698,0.0846,0.9887186036611325,0.011281396338867603,25.0815,3.2947,241.0821,216.0006,0.0,0.0,0.0,241.08210000000003,3.2946999999999997,244.37680000000003,255.377
724,0.2404,0.0,0.2404,0.0433,1.0,0.0,12.9795,0.0102,18.9797,6.0002,0.0,0.0,0.0,18.9797,0.0102,18.989900000000002,18.9946
725,0.3464,0.0059,0.3523,0.0634,0.9832529094521714,0.016747090547828556,19.902,3.713,265.902,246.0,0.0,0.0,0.0,265.90199999999993,3.713,269.61499999999995,277.1167
726,0.4364,0.0026,0.4389,0.079,0.9943039416723627,0.005923900660742765,24.546,1.6011,169.5456,144.9996,0.0,0.0,0.0,169.54560000000004,1.6011000000000002,171.14670000000004,172.6438
727,0.1346,0.02,0.1545,0.0278,0.8711974110032362,0.12944983818770228,7.569,12.5219,364.569,357.0,0.0,0.0,0.0,364.5689999999999,12.521899999999999,377.0908999999999,382.5938
728,0.0814,0.0037,0.0851,0.0153,0.9565217391304348,0.04347826086956522,4.53,2.2053,105.53,101.0,0.0,0.0,0.0,105.53000000000002,2.2053,107.73530000000001,114.237
729,0.2901,0.0,0.2901,0.0522,1.0,0.0,15.9825,0.0271,26.9828,11.0003,0.0,0.0,0.0,26.9828,0.027100000000000006,27.009900000000002,27.0077
730,0.1594,0.0002,0.1596,0.0287,0.9987468671679197,0.0012531328320802006,9.06,0.1074,28.0598,18.9998,0.0,0.0,0.0,28.059799999999992,0.10739999999999998,28.16719999999999,29.6713
731,0.3129,0.0003,0.3132,0.0564,0.9990421455938698,0.0009578544061302681,18.171,0.1633,52.1716,34.0006,0.0,0.0,0.0,52.171599999999984,0.1633,52.33489999999998,52.8305
732,0.214,0.0001,0.2141,0.0385,0.9995329285380663,0.00046707146193367583,11.793,0.0682,14.7935,3.0005,0.0,0.0,0.0,14.793500000000005,0.0682,14.861700000000004,16.3608
733,0.4227,0.0014,0.4241,0.0763,0.9966988917708088,0.0033011082291912286,25.0815,0.8835,90.0821,65.0006,0.0,0.0,0.0,90.08210000000001,0.8835000000000001,90.96560000000001,92.4682
734,0.5069,0.0,0.5069,0.0912,1.0,0.0,26.067,0.0149,33.0668,6.9998,0.0,0.0,0.0,33.0668,0.0149,33.0817,33.0791
735,0.2286,0.0005,0.2291,0.0412,0.9978175469227412,0.002182453077258839,12.222,0.3387,38.2213,25.9993,0.0,0.0,0.0,38.22129999999999,0.33869999999999995,38.559999999999995,38.5574
736,0.24,0.0002,0.2401,0.0432,0.9995835068721365,0.0008329862557267805,13.935,0.0942,32.9347,18.9997,0.0,0.0,0.0,32.9347,0.09419999999999999,33.0289,33.0338
737,0.3246,0.0,0.3246,0.0584,1.0,0.0,18.6465,0.0115,24.6465,6.0,0.0,0.0,0.0,24.64649999999999,0.011499999999999998,24.65799999999999,24.6569
738,0.3172,0.0021,0.3194,0.0575,0.9931120851596743,0.006574827802128991,17.661,1.315,152.6612,135.0002,0.0,0.0,0.0,152.6612,1.315,153.9762,156.9755
739,0.1934,0.0024,0.1957,0.0352,0.9882473173224322,0.012263668880940213,10.6545,1.5978,75.655,65.0005,0.0,0.0,0.0,75.65500000000002,1.5978,77.25280000000002,80.2535
740,0.3911,0.0,0.3911,0.0704,1.0,0.0,22.707,0.0196,22.7074,0.0004,0.0,0.0,0.0,22.7074,0.0196,22.727,22.7307
741,0.1529,0.0,0.1529,0.0275,1.0,0.0,8.6895,0.0283,15.6889,6.9994,0.0,0.0,0.0,15.6889,0.028300000000000002,15.7172,15.7135
742,0.1037,0.025,0.1286,0.0232,0.8063763608087092,0.1944012441679627,5.8935,15.6784,243.8936,238.0001,0.0,0.0,0.0,243.89359999999996,15.6784,259.57199999999995,269.0704
743,0.1756,0.002,0.1776,0.032,0.9887387387387387,0.01126126126126126,9.777,1.2668,123.7772,114.0002,0.0,0.0,0.0,123.77719999999998,1.2667999999999997,125.04399999999998,128.0471
744,0.3045,0.0002,0.3047,0.0548,0.9993436166721364,0.0006563833278634722,17.6805,0.1231,28.6806,11.0001,0.0,0.0,0.0,28.680599999999995,0.12309999999999999,28.803699999999996,28.8066
745,0.3394,0.0023,0.3417,0.0615,0.993268949370793,0.006731050629206907,19.0905,1.5728,99.091,80.0005,0.0,0.0,0.0,99.09100000000002,1.5728,100.66380000000002,103.1619
746,0.3829,0.0004,0.3833,0.069,0.9989564309939996,0.001043569006000522,21.999,0.2491,91.9984,69.9994,0.0,0.0,0.0,91.99839999999998,0.2491,92.24749999999997,92.7516
747,0.3401,0.0,0.3402,0.0612,0.9997060552616108,0.0,17.661,0.0092,17.6611,0.0001,0.0,0.0,0.0,17.6611,0.0092,17.6703,17.6713
748,0.3464,0.0002,0.3466,0.0624,0.9994229659549912,0.0005770340450086555,19.902,0.117,33.902,14.0,0.0,0.0,0.0,33.901999999999994,0.117,34.01899999999999,34.0193
749,0.0878,0.0,0.0879,0.0158,0.9988623435722411,0.0,5.046,0.0093,10.046,5.0,0.0,0.0,0.0,10.045999999999998,0.0093,10.055299999999997,10.0528
750,0.4351,0.0,0.4351,0.0783,1.0,0.0,23.9745,0.0189,25.9741,1.9996,0.0,0.0,0.0,25.974100000000007,0.018900000000000004,25.993000000000006,25.9927
751,0.4591,0.0003,0.4594,0.0827,0.9993469743143231,0.00065302568567697,24.546,0.2079,62.5456,37.9996,0.0,0.0,0.0,62.54560000000001,0.20790000000000003,62.75350000000001,63.2522
752,0.1221,0.0001,0.1222,0.022,0.9991816693944353,0.0008183306055646482,6.795,0.0613,8.7947,1.9997,0.0,0.0,0.0,8.7947,0.06129999999999999,8.856,8.8542
753,0.1053,0.0002,0.1055,0.019,0.9981042654028437,0.0018957345971563982,5.574,0.1077,16.5737,10.9997,0.0,0.0,0.0,16.573700000000006,0.1077,16.681400000000007,16.6823
754,0.0913,0.0012,0.0926,0.0167,0.9859611231101513,0.012958963282937363,5.1915,0.7877,178.1918,173.0003,0.0,0.0,0.0,178.19180000000006,0.7877000000000001,178.97950000000006,182.4759
755,0.2939,0.0206,0.3145,0.0566,0.9344992050874403,0.06550079491255961,16.3635,13.0554,308.3635,292.0,0.0,0.0,0.0,308.3634999999999,13.055400000000002,321.4188999999999,332.414
756,0.2283,0.0001,0.2285,0.0411,0.999124726477024,0.000437636761487965,12.9795,0.0768,39.9796,27.0001,0.0,0.0,0.0,39.9796,0.07680000000000001,40.0564,40.06
757,0.153,0.0025,0.1555,0.028,0.9839228295819935,0.01607717041800643,8.1825,1.5431,264.1817,255.9992,0.0,0.0,0.0,264.1816999999999,1.5431,265.7247999999999,268.2253
758,0.3846,0.0001,0.3847,0.0693,0.9997400571874188,0.00025994281258123216,20.7675,0.0936,28.7674,7.9999,0.0,0.0,0.0,28.767399999999995,0.0936,28.860999999999994,28.8561
759,0.2871,0.0005,0.2876,0.0518,0.9982614742698191,0.0017385257301808065,15.9825,0.3349,58.9825,43.0,0.0,0.0,0.0,58.9825,0.33490000000000003,59.3174,61.3213
760,0.1424,0.02,0.1624,0.0292,0.8768472906403941,0.12315270935960593,8.1825,12.6596,156.1814,147.9989,0.0,0.0,0.0,156.18140000000002,12.6596,168.84100000000004,176.8367
761,0.2428,0.0003,0.243,0.0437,0.9991769547325102,0.0012345679012345679,12.9795,0.1884,24.9795,12.0,0.0,0.0,0.0,24.9795,0.1884,25.167900000000003,25.168
762,0.2526,0.0003,0.2528,0.0455,0.9992088607594936,0.0011867088607594935,14.6655,0.1633,57.6658,43.0003,0.0,0.0,0.0,57.66579999999999,0.1633,57.82909999999999,57.8318
763,0.1372,0.0005,0.1376,0.0248,0.9970930232558138,0.003633720930232558,7.3335,0.2907,8.3329,0.9994,0.0,0.0,0.0,8.3329,0.2907,8.6236,8.6275
764,0.3097,0.0217,0.3314,0.0596,0.9345202172601086,0.06547978273989137,16.722,13.4623,407.7215,390.9995,0.0,0.0,0.0,407.7215,13.4623,421.1838,426.1822
765,0.1941,0.0001,0.1941,0.0349,1.0,0.0005151983513652757,11.148,0.0503,20.1477,8.9997,0.0,0.0,0.0,20.147700000000004,0.050300000000000004,20.198000000000004,20.1995
766,0.1548,0.0004,0.1552,0.0279,0.997422680412371,0.002577319587628866,8.529,0.2311,20.5292,12.0002,0.0,0.0,0.0,20.5292,0.23109999999999997,20.7603,21.7615
767,0.4455,0.0013,0.4467,0.0804,0.997313633310947,0.002910230579807477,24.546,0.7595,134.5456,109.9996,0.0,0.0,0.0,134.5456,0.7595,135.3051,138.8007
768,0.2965,0.0001,0.2966,0.0534,0.9996628455832772,0.0003371544167228591,15.855,0.0565,31.8547,15.9997,0.0,0.0,0.0,31.85469999999999,0.0565,31.91119999999999,31.916
769,0.3774,0.0008,0.3782,0.0681,0.9978847170809096,0.0021152829190904283,21.228,0.5293,61.2283,40.0003,0.0,0.0,0.0,61.22829999999999,0.5293000000000001,61.75759999999999,63.7614
770,0.4552,0.0208,0.476,0.0857,0.9563025210084034,0.043697478991596636,25.0815,13.0407,90.0822,65.0007,0.0,0.0,0.0,90.08220000000001,13.0407,103.12290000000002,112.1271
771,0.2978,0.0001,0.298,0.0536,0.9993288590604028,0.00033557046979865775,17.1105,0.0811,20.1099,2.9994,0.0,0.0,0.0,20.109899999999996,0.0811,20.190999999999995,21.6866
772,0.277,0.0,0.277,0.0499,1.0,0.0,14.6655,0.02,16.6656,2.0001,0.0,0.0,0.0,16.6656,0.019999999999999997,16.6856,17.1841
773,0.258,0.0152,0.2732,0.0492,0.9443631039531479,0.055636896046852125,14.6655,9.6803,351.6657,337.0002,0.0,0.0,0.0,351.6657,9.6803,361.346,374.8485
774,0.0878,0.0032,0.091,0.0164,0.9648351648351648,0.035164835164835165,4.8885,2.0428,97.8886,93.0001,0.0,0.0,0.0,97.88860000000003,2.0427999999999997,99.93140000000002,103.4299
775,0.3514,0.0016,0.3529,0.0635,0.9957495041088127,0.004533862283933126,20.184,1.045,275.1841,255.0001,0.0,0.0,0.0,275.18409999999994,1.045,276.22909999999996,278.7334
776,0.0898,0.0003,0.0901,0.0162,0.9966703662597115,0.003329633740288568,5.328,0.1946,17.3277,11.9997,0.0,0.0,0.0,17.3277,0.1946,17.5223,17.5236
777,0.4364,0.0003,0.4367,0.0786,0.9993130295397299,0.0006869704602702083,24.546,0.1752,55.5457,30.9997,0.0,0.0,0.0,55.545700000000004,0.17520000000000005,55.7209,55.7164
778,0.3529,0.0002,0.3531,0.0636,0.9994335882186348,0.0005664117813650524,20.274,0.125,24.2742,4.0002,0.0,0.0,0.0,24.274200000000004,0.125,24.399200000000004,24.3967
779,0.3238,0.0182,0.3419,0.0615,0.9470605440187189,0.0532319391634981,17.661,11.0011,330.6611,313.0001,0.0,0.0,0.0,330.6610999999999,11.0011,341.6621999999999,344.658
780,0.2404,0.0001,0.2405,0.0433,0.9995841995841996,0.0004158004158004158,12.9795,0.0883,12.9796,0.0001,0.0,0.0,0.0,12.979599999999996,0.08830000000000002,13.067899999999996,13.0659
781,0.3186,0.0,0.3186,0.0574,1.0,0.0,17.3775,0.0301,21.378,4.0005,0.0,0.0,0.0,21.378,0.030099999999999995,21.4081,21.406
782,0.1258,0.0008,0.1266,0.0228,0.9936808846761453,0.006319115323854661,6.795,0.4605,105.7949,98.9999,0.0,0.0,0.0,105.79490000000003,0.4605,106.25540000000002,107.2575
783,0.3404,0.0001,0.3405,0.0613,0.999706314243759,0.0002936857562408223,19.554,0.077,37.5545,18.0005,0.0,0.0,0.0,37.554500000000004,0.07700000000000001,37.6315,37.6356
784,0.1124,0.0004,0.1129,0.0203,0.995571302037201,0.00354295837023915,5.8935,0.2714,36.8935,31.0,0.0,0.0,0.0,36.89349999999999,0.27140000000000003,37.16489999999999,37.1627
785,0.3074,0.0164,0.3238,0.0583,0.9493514515132799,0.05064854848672021,17.1105,10.3822,212.11,194.9995,0.0,0.0,0.0,212.11000000000007,10.382200000000001,222.49220000000008,227.99
786,0.2475,0.0,0.2475,0.0446,1.0,0.0,14.2155,0.0278,14.2155,0.0,0.0,0.0,0.0,14.215499999999995,0.027800000000000002,14.243299999999994,14.2457
787,0.2655,0.014,0.2795,0.0503,0.9499105545617174,0.05008944543828264,14.481,8.1285,269.4815,255.0005,0.0,0.0,0.0,269.4814999999999,8.1285,277.6099999999999,292.1119
788,0.2475,0.0113,0.2587,0.0466,0.9567066099729417,0.04367993815229996,13.6365,7.3035,276.6364,262.9999,0.0,0.0,0.0,276.63640000000004,7.303500000000001,283.9399,287.944
789,0.1594,0.0002,0.1596,0.0287,0.9987468671679197,0.0012531328320802006,9.06,0.1236,14.0597,4.9997,0.0,0.0,0.0,14.059699999999996,0.12359999999999999,14.183299999999996,14.1833
790,0.2424,0.0001,0.2426,0.0437,0.9991755976916735,0.00041220115416323167,13.6365,0.0921,20.6364,6.9999,0.0,0.0,0.0,20.63639999999999,0.09210000000000002,20.72849999999999,20.7271
791,0.2525,0.0092,0.2617,0.0471,0.9648452426442492,0.03515475735575086,13.6365,5.7423,176.6364,162.9999,0.0,0.0,0.0,176.63639999999995,5.7423,182.37869999999995,194.3771
792,0.2729,0.0034,0.2762,0.0497,0.9880521361332367,0.012309920347574221,14.7345,2.0581,258.7338,243.9993,0.0,0.0,0.0,258.73380000000003,2.0581,260.79190000000006,267.7947
793,0.387,0.0008,0.3879,0.0698,0.9976798143851507,0.0020623872131992783,21.999,0.5355,23.9987,1.9997,0.0,0.0,0.0,23.998699999999996,0.5354999999999999,24.534199999999995,25.0359
794,0.15,0.0,0.15,0.027,1.0,0.0,8.1825,0.0121,10.1818,1.9993,0.0,0.0,0.0,10.181800000000003,0.0121,10.193900000000003,10.1945
795,0.3599,0.0001,0.3601,0.0648,0.9994445987225771,0.00027770063871146905,18.87,0.0778,19.8694,0.9994,0.0,0.0,0.0,19.869399999999995,0.0778,19.947199999999995,20.4516
796,0.3946,0.0006,0.3952,0.0711,0.9984817813765182,0.0015182186234817812,21.3105,0.3974,56.3105,35.0,0.0,0.0,0.0,56.310499999999976,0.39740000000000003,56.707899999999974,56.7036
797,0.3942,0.0001,0.3943,0.071,0.9997463860005072,0.00025361399949277205,20.274,0.0519,20.2741,0.0001,0.0,0.0,0.0,20.2741,0.0519,20.326,21.3223
798,0.145,0.0001,0.1452,0.0261,0.9986225895316804,0.0006887052341597796,7.992,0.082,11.9915,3.9995,0.0,0.0,0.0,11.9915,0.082,12.073500000000001,12.5777
799,0.2452,0.0002,0.2453,0.0442,0.9995923359152059,0.0008153281695882594,13.935,0.118,15.9344,1.9994,0.0,0.0,0.0,15.934400000000002,0.11800000000000001,16.052400000000002,16.0485
800,0.2076,0.0001,0.2077,0.0374,0.9995185363505056,0.0004814636494944632,11.325,0.0559,33.3246,21.9996,0.0,0.0,0.0,33.324600000000004,0.05589999999999999,33.380500000000005,33.3765
801,0.2798,0.0047,0.2845,0.0512,0.9834797891036907,0.016520210896309315,15.576,3.0294,182.5757,166.9997,0.0,0.0,0.0,182.57569999999998,3.0293999999999994,185.6051,189.6034
802,0.086,0.0002,0.0862,0.0155,0.9976798143851507,0.0023201856148491883,4.8885,0.1383,48.8885,44.0,0.0,0.0,0.0,48.888499999999986,0.13829999999999998,49.02679999999999,49.5235
803,0.0914,0.0017,0.0932,0.0168,0.9806866952789699,0.018240343347639482,4.8885,1.0821,142.8885,138.0,0.0,0.0,0.0,142.8885,1.0821,143.9706,146.9674
804,0.3604,0.0223,0.3827,0.0689,0.9417298144760909,0.05827018552390907,20.274,13.8416,299.2744,279.0004,0.0,0.0,0.0,299.2744,13.841599999999998,313.116,317.6163
805,0.1934,0.0041,0.1975,0.0355,0.9792405063291139,0.020759493670886076,10.6545,2.6207,123.655,113.0005,0.0,0.0,0.0,123.65500000000003,2.6207,126.27570000000003,133.7805
806,0.2085,0.0013,0.2098,0.0378,0.9938036224976168,0.006196377502383222,11.148,0.8133,77.1479,65.9999,0.0,0.0,0.0,77.14790000000002,0.8133000000000001,77.96120000000002,80.4567
807,0.1894,0.0021,0.1915,0.0345,0.9890339425587468,0.010966057441253263,10.6545,1.3064,154.6555,144.001,0.0,0.0,0.0,154.65549999999996,1.3064000000000002,155.96189999999996,160.4664
808,0.2356,0.0003,0.2359,0.0425,0.9987282746926665,0.0012717253073336158,12.9795,0.1958,16.9796,4.0001,0.0,0.0,0.0,16.979599999999998,0.19579999999999997,17.175399999999996,17.1739
809,0.401,0.0001,0.401,0.0722,1.0,0.00024937655860349125,21.228,0.0304,32.228,11.0,0.0,0.0,0.0,32.227999999999994,0.0304,32.258399999999995,33.2572
810,0.2663,0.0035,0.2699,0.0486,0.9866617265653946,0.012967765839199705,15.138,2.1073,244.1382,229.0002,0.0,0.0,0.0,244.13819999999996,2.1073,246.24549999999996,249.7479
811,0.0814,0.0017,0.083,0.0149,0.980722891566265,0.02048192771084337,4.53,1.0904,111.5297,106.9997,0.0,0.0,0.0,111.52970000000002,1.0904,112.62010000000002,118.1248
812,0.2819,0.0008,0.2827,0.0509,0.9971701450300672,0.002829854969932791,15.855,0.532,89.8545,73.9995,0.0,0.0,0.0,89.8545,0.532,90.3865,92.3911
813,0.4278,0.0008,0.4286,0.0771,0.9981334577694821,0.0018665422305179657,23.574,0.5141,47.5742,24.0002,0.0,0.0,0.0,47.574200000000026,0.5141,48.088300000000025,49.0933
814,0.3911,0.0137,0.4047,0.0729,0.9663948603904127,0.03385223622436373,21.999,8.847,184.9988,162.9998,0.0,0.0,0.0,184.9988,8.847,193.8458,204.3416
815,0.136,0.0046,0.1405,0.0253,0.9679715302491103,0.03274021352313167,7.569,2.7576,187.5691,180.0001,0.0,0.0,0.0,187.56910000000002,2.7576,190.32670000000002,193.3241
816,0.3286,0.0001,0.3286,0.0592,1.0,0.00030432136335970786,17.0595,0.0543,18.0592,0.9997,0.0,0.0,0.0,18.059199999999997,0.0543,18.1135,18.6091
817,0.1421,0.0015,0.1436,0.0258,0.9895543175487465,0.010445682451253482,7.992,0.8957,82.9916,74.9996,0.0,0.0,0.0,82.9916,0.8956999999999999,83.88730000000001,84.8861
818,0.2075,0.0,0.2075,0.0373,1.0,0.0,11.793,0.0155,13.7939,2.0009,0.0,0.0,0.0,13.793900000000004,0.015499999999999998,13.809400000000004,13.8082
819,0.3255,0.004,0.3295,0.0593,0.9878603945371776,0.012139605462822459,18.12,2.4166,134.1195,115.9995,0.0,0.0,0.0,134.11950000000002,2.4166000000000003,136.5361,139.0407
820,0.2044,0.0,0.2044,0.0368,1.0,0.0,11.148,0.0221,11.1475,0.0,0.0,0.0,0.0,11.147499999999999,0.0221,11.169599999999999,11.1701
821,0.3769,0.0087,0.3856,0.0694,0.9774377593360997,0.022562240663900415,20.7675,5.1215,204.7674,183.9999,0.0,0.0,0.0,204.7674,5.121499999999998,209.8889,216.8885
822,0.3315,0.0,0.3315,0.0597,1.0,0.0,18.6465,0.0097,21.6465,3.0,0.0,0.0,0.0,21.646499999999996,0.009699999999999999,21.656199999999995,21.6589
823,0.3663,0.0002,0.3665,0.066,0.9994542974079127,0.0005457025920873125,20.184,0.1488,63.1842,43.0002,0.0,0.0,0.0,63.184200000000004,0.1488,63.333000000000006,64.8317
824,0.2529,0.0185,0.2714,0.0489,0.931834929992631,0.0681650700073692,13.935,11.9792,346.9346,332.9996,0.0,0.0,0.0,346.93459999999993,11.9792,358.9137999999999,366.9166
825,0.1561,0.0004,0.1565,0.0282,0.9974440894568689,0.0025559105431309905,8.6895,0.2409,21.689,12.9995,0.0,0.0,0.0,21.689,0.24089999999999998,21.9299,21.9298
826,0.3465,0.0195,0.366,0.0659,0.9467213114754098,0.05327868852459017,19.0905,13.2418,321.0908,302.0003,0.0,0.0,0.0,321.0908,13.241800000000001,334.3326,339.8278
827,0.3435,0.0002,0.3437,0.0619,0.9994180971777714,0.0005819028222286878,20.385,0.1077,21.3846,0.9996,0.0,0.0,0.0,21.3846,0.10769999999999999,21.4923,21.4895
828,0.2503,0.0006,0.2509,0.0452,0.9976086090075728,0.0023913909924272616,13.935,0.3768,77.9344,63.9994,0.0,0.0,0.0,77.9344,0.3768,78.3112,78.3138
829,0.1183,0.0002,0.1184,0.0213,0.9991554054054054,0.0016891891891891893,6.795,0.1029,8.7948,1.9998,0.0,0.0,0.0,8.7948,0.10289999999999999,8.8977,8.9001
830,0.2173,0.0009,0.2182,0.0393,0.9958753437213566,0.004124656278643446,12.222,0.5805,108.2215,95.9995,0.0,0.0,0.0,108.22150000000002,0.5805,108.80200000000002,116.8055
831,0.2188,0.0009,0.2197,0.0395,0.9959035047792444,0.004096495220755576,11.586,0.5363,42.5854,30.9994,0.0,0.0,0.0,42.58540000000001,0.5363,43.121700000000004,43.626
832,0.1666,0.0001,0.1666,0.03,1.0,0.0006002400960384154,9.777,0.034,9.7772,0.0002,0.0,0.0,0.0,9.777199999999999,0.034,9.8112,9.8153
833,0.3615,0.0167,0.3782,0.0681,0.9558434690639873,0.04415653093601269,20.7675,10.3855,255.7675,235.0,0.0,0.0,0.0,255.76750000000004,10.385499999999997,266.153,273.156
834,0.2516,0.001,0.2526,0.0455,0.9960411718131433,0.003958828186856691,14.1525,0.5939,75.1522,60.9997,0.0,0.0,0.0,75.1522,0.5939,75.7461,76.7425
835,0.3629,0.0002,0.3631,0.0654,0.9994491875516387,0.000550812448361333,20.628,0.1257,22.6273,1.9993,0.0,0.0,0.0,22.627299999999998,0.12569999999999998,22.752999999999997,24.7507
836,0.3465,0.0012,0.3477,0.0626,0.9965487489214839,0.0034512510785159618,19.0905,0.808,152.091,133.0005,0.0,0.0,0.0,152.09099999999995,0.8079999999999999,152.89899999999994,152.9023
837,0.5059,0.0007,0.5065,0.0912,0.9988153998025667,0.0013820335636722607,26.5215,0.4195,37.5211,10.9996,0.0,0.0,0.0,37.52109999999999,0.4195000000000001,37.94059999999999,38.9405
838,0.0906,0.0067,0.0974,0.0175,0.9301848049281314,0.06878850102669405,5.046,4.426,243.046,238.0,0.0,0.0,0.0,243.046,4.426,247.47199999999998,249.9736
839,0.3917,0.0,0.3917,0.0705,1.0,0.0,22.7445,0.0142,25.7451,3.0006,0.0,0.0,0.0,25.745100000000008,0.014199999999999997,25.759300000000007,25.7544
840,0.4552,0.0057,0.4608,0.0829,0.9878472222222222,0.012369791666666668,25.0815,3.5459,317.0822,292.0007,0.0,0.0,0.0,317.08219999999994,3.545899999999999,320.62809999999996,325.6314
841,0.4739,0.0002,0.474,0.0853,0.999789029535865,0.00042194092827004226,25.5885,0.1041,25.5882,0.0,0.0,0.0,0.0,25.588199999999997,0.10410000000000001,25.692299999999996,25.688
842,0.098,0.0013,0.0993,0.0179,0.986908358509567,0.01309164149043303,5.454,0.838,44.4541,39.0001,0.0,0.0,0.0,44.4541,0.838,45.2921,47.2903
843,0.1888,0.0009,0.1897,0.0341,0.9952556668423826,0.00474433315761729,10.092,0.6177,54.0921,44.0001,0.0,0.0,0.0,54.0921,0.6177,54.7098,57.7071
844,0.3384,0.0011,0.3395,0.0611,0.9967599410898379,0.0032400589101620027,18.6465,0.6602,122.6465,104.0,0.0,0.0,0.0,122.64649999999997,0.6601999999999999,123.30669999999998,127.803
845,0.108,0.0016,0.1096,0.0197,0.9854014598540145,0.014598540145985401,5.8935,1.0173,69.8935,64.0,0.0,0.0,0.0,69.89349999999999,1.0173,70.9108,72.4151
846,0.2803,0.007,0.2874,0.0517,0.9752957550452331,0.024356297842727907,15.138,4.5386,216.1381,201.0001,0.0,0.0,0.0,216.13809999999998,4.538600000000001,220.67669999999998,228.1734
847,0.2269,0.0,0.2269,0.0409,1.0,0.0,13.3185,0.0256,13.3188,0.0003,0.0,0.0,0.0,13.318800000000001,0.0256,13.344400000000002,13.3465
848,0.4307,0.0011,0.4317,0.0777,0.9976835765577949,0.002548065786425759,23.9745,0.6544,63.9744,39.9999,0.0,0.0,0.0,63.9744,0.6544000000000001,64.6288,67.1311
849,0.4161,0.0004,0.4165,0.075,0.9990396158463386,0.0009603841536614646,21.8175,0.2192,25.8181,4.0006,0.0,0.0,0.0,25.818099999999994,0.21920000000000006,26.037299999999995,26.0351
850,0.2359,0.0091,0.245,0.0441,0.9628571428571429,0.037142857142857144,12.615,5.587,184.6151,172.0001,0.0,0.0,0.0,184.61510000000007,5.587,190.20210000000006,197.2009
851,0.0896,0.0066,0.0962,0.0173,0.9313929313929314,0.06860706860706861,4.8885,4.3808,324.8886,320.0001,0.0,0.0,0.0,324.88859999999994,4.380799999999999,329.26939999999996,334.7742
852,0.1236,0.0001,0.1237,0.0223,0.9991915925626516,0.0008084074373484236,7.3335,0.0554,8.3327,0.9992,0.0,0.0,0.0,8.3327,0.0554,8.388100000000001,8.3919
853,0.1113,0.0027,0.1141,0.0205,0.9754601226993865,0.023663453111305875,5.8935,1.7293,92.8936,87.0001,0.0,0.0,0.0,92.89359999999998,1.7293,94.62289999999997,95.6199
854,0.2466,0.0004,0.2471,0.0445,0.9979765277215703,0.0016187778227438286,13.59,0.2755,32.5899,18.9999,0.0,0.0,0.0,32.58989999999999,0.27549999999999997,32.865399999999994,35.363
855,0.3946,0.0003,0.3949,0.0711,0.9992403140035453,0.0007596859964547986,21.3105,0.1615,63.3104,41.9999,0.0,0.0,0.0,63.31039999999999,0.16150000000000003,63.471899999999984,63.4685
856,0.4163,0.0005,0.4168,0.075,0.9988003838771593,0.001199616122840691,22.707,0.2993,126.707,104.0,0.0,0.0,0.0,126.70700000000002,0.2993,127.00630000000002,132.5083
857,0.2747,0.0031,0.2779,0.05,0.988485066570709,0.011155091759625766,15.138,2.0809,198.1382,183.0002,0.0,0.0,0.0,198.1382,2.0808999999999997,200.21910000000003,206.2187
858,0.0923,0.0,0.0924,0.0166,0.9989177489177489,0.0,4.8885,0.0197,4.8885,0.0,0.0,0.0,0.0,4.8885,0.0197,4.9082,4.9093
859,0.2662,0.0039,0.27,0.0486,0.9859259259259259,0.014444444444444442,14.6655,2.5082,357.6656,343.0001,0.0,0.0,0.0,357.66560000000004,2.5082,360.1738,362.6715
860,0.3501,0.0012,0.3514,0.0632,0.9963005122367673,0.0034149117814456457,19.902,0.823,83.9018,63.9998,0.0,0.0,0.0,83.9018,0.8229999999999998,84.72479999999999,86.7247
861,0.4586,0.0004,0.4589,0.0826,0.9993462628023535,0.0008716495968620616,26.067,0.2259,45.0668,18.9998,0.0,0.0,0.0,45.0668,0.22589999999999996,45.2927,45.2882
862,0.0805,0.0028,0.0833,0.015,0.9663865546218487,0.03361344537815126,4.53,1.7684,359.53,355.0,0.0,0.0,0.0,359.53000000000003,1.7684000000000002,361.2984,366.2981
863,0.3027,0.0005,0.3032,0.0546,0.9983509234828496,0.0016490765171503956,16.5105,0.3021,30.5111,14.0006,0.0,0.0,0.0,30.511099999999995,0.3021,30.813199999999995,31.3091
864,0.3721,0.0003,0.3725,0.067,0.9989261744966442,0.0008053691275167785,19.509,0.2106,91.5079,71.9989,0.0,0.0,0.0,91.5079,0.21060000000000004,91.7185,92.2226
865,0.3107,0.0,0.3107,0.0559,1.0,0.0,17.661,0.0093,21.6615,4.0005,0.0,0.0,0.0,21.661499999999997,0.0093,21.670799999999996,21.671
866,0.1695,0.0016,0.1711,0.0308,0.9906487434248977,0.00935125657510228,9.435,0.9705,195.435,186.0,0.0,0.0,0.0,195.435,0.9705000000000001,196.4055,200.9032
867,0.1221,0.003,0.1251,0.0225,0.9760191846522782,0.023980815347721826,6.795,1.8591,210.7949,203.9999,0.0,0.0,0.0,210.79490000000004,1.8591000000000002,212.65400000000005,225.1571
868,0.3649,0.0013,0.3662,0.0659,0.9964500273074822,0.0035499726925177495,19.509,0.8058,114.5085,94.9995,0.0,0.0,0.0,114.50850000000003,0.8058000000000001,115.31430000000003,118.3156
869,0.2909,0.0007,0.2916,0.0525,0.9975994513031549,0.002400548696844993,16.3635,0.4313,62.3636,46.0001,0.0,0.0,0.0,62.36359999999999,0.43129999999999996,62.79489999999999,63.795
870,0.3738,0.002,0.3758,0.0676,0.9946780202235231,0.005321979776476849,20.184,1.2386,142.1842,122.0002,0.0,0.0,0.0,142.1842,1.2386000000000001,143.4228,147.9198
871,0.1,0.0,0.1,0.018,1.0,0.0,5.454,0.03,5.4544,0.0004,0.0,0.0,0.0,5.4544,0.03,5.4844,5.4855
872,0.0961,0.0,0.0962,0.0173,0.9989604989604991,0.0,5.1915,0.0116,10.1915,5.0,0.0,0.0,0.0,10.1915,0.011600000000000001,10.2031,11.2041
873,0.1712,0.0114,0.1826,0.0329,0.9375684556407446,0.0624315443592552,9.435,7.6365,230.4349,220.9999,0.0,0.0,0.0,230.43489999999994,7.636500000000001,238.07139999999995,251.0734
874,0.2673,0.0062,0.2735,0.0492,0.9773308957952467,0.022669104204753196,14.1525,3.8568,211.1522,196.9997,0.0,0.0,0.0,211.1522,3.8568,215.009,225.5085
875,0.3264,0.0003,0.3267,0.0588,0.9990817263544537,0.0009182736455463728,18.171,0.1698,29.1713,11.0003,0.0,0.0,0.0,29.171300000000006,0.1698,29.341100000000004,29.3441
876,0.2013,0.0,0.2013,0.0362,1.0,0.0,10.6545,0.0114,14.6549,4.0004,0.0,0.0,0.0,14.654900000000001,0.0114,14.666300000000001,14.662
877,0.2517,0.0107,0.2623,0.0472,0.9595882577201678,0.040792985131528785,13.59,6.7757,456.5898,442.9998,0.0,0.0,0.0,456.5898,6.7757,463.3655,475.3623
878,0.2632,0.0002,0.2634,0.0474,0.9992406985573271,0.000759301442672741,13.935,0.1022,30.9346,16.9996,0.0,0.0,0.0,30.934599999999993,0.10220000000000001,31.036799999999992,31.0332
879,0.4459,0.0002,0.4461,0.0803,0.9995516700291415,0.00044832997085855194,25.0815,0.1125,40.0819,15.0004,0.0,0.0,0.0,40.0819,0.1125,40.194399999999995,40.699
880,0.1869,0.0,0.1869,0.0336,1.0,0.0,10.092,0.0179,20.092,10.0,0.0,0.0,0.0,20.091999999999988,0.0179,20.10989999999999,20.1127
881,0.2424,0.0024,0.2448,0.0441,0.9901960784313726,0.00980392156862745,13.6365,1.5776,141.6364,127.9999,0.0,0.0,0.0,141.63639999999998,1.5776,143.21399999999997,149.7149
882,0.3356,0.0014,0.3369,0.0606,0.9961412882160879,0.004155535767289997,18.12,0.9019,178.1196,159.9996,0.0,0.0,0.0,178.1196,0.9019,179.0215,184.5232
883,0.0888,0.0009,0.0897,0.0161,0.9899665551839465,0.010033444816053512,5.046,0.591,119.0461,114.0001,0.0,0.0,0.0,119.04609999999998,0.591,119.63709999999998,120.6369
884,0.3548,0.0,0.3549,0.0639,0.9997182304874613,0.0,20.385,0.0082,20.3844,0.0,0.0,0.0,0.0,20.3844,0.0082,20.392599999999998,20.3936
885,0.2106,0.0242,0.2348,0.0423,0.8969335604770017,0.1030664395229983,11.373,15.4593,295.3726,283.9996,0.0,0.0,0.0,295.3726,15.459299999999999,310.83189999999996,315.3312
886,0.15,0.016,0.166,0.0299,0.9036144578313252,0.09638554216867469,8.1825,9.9417,221.1819,212.9994,0.0,0.0,0.0,221.1819,9.9417,231.1236,235.1271
887,0.3937,0.0,0.3938,0.0709,0.999746063991874,0.0,23.364,0.0256,27.3635,3.9995,0.0,0.0,0.0,27.363500000000005,0.025600000000000005,27.389100000000006,27.3908
888,0.2332,0.0003,0.2335,0.042,0.9987152034261241,0.0012847965738758027,12.9795,0.2101,44.9796,32.0001,0.0,0.0,0.0,44.9796,0.21010000000000004,45.189699999999995,45.1855
889,0.2121,0.0001,0.2122,0.0382,0.9995287464655985,0.00047125353440150805,10.9095,0.0459,13.9093,2.9998,0.0,0.0,0.0,13.909299999999998,0.045899999999999996,13.955199999999998,13.9554
890,0.1846,0.0026,0.1872,0.0337,0.986111111111111,0.013888888888888888,10.383,1.5357,183.3838,173.0008,0.0,0.0,0.0,183.38379999999998,1.5357000000000003,184.91949999999997,188.4159
891,0.3511,0.0004,0.3514,0.0633,0.9991462720546387,0.0011383039271485487,20.385,0.2336,25.3846,4.9996,0.0,0.0,0.0,25.384600000000006,0.23359999999999997,25.618200000000005,26.1156
892,0.1436,0.0046,0.1481,0.0267,0.9696151249155975,0.031060094530722483,7.992,2.7728,137.9911,129.9991,0.0,0.0,0.0,137.99110000000002,2.7728,140.7639,146.2641
893,0.314,0.001,0.3149,0.0567,0.9971419498253413,0.0031756113051762463,17.661,0.5963,72.6613,55.0003,0.0,0.0,0.0,72.66130000000001,0.5962999999999999,73.25760000000001,74.7566
894,0.293,0.0204,0.3134,0.0564,0.93490746649649,0.0650925335035099,15.9825,11.7261,352.9826,337.0001,0.0,0.0,0.0,352.98259999999993,11.726100000000002,364.7086999999999,372.7103
895,0.3541,0.0,0.3541,0.0637,1.0,0.0,19.509,0.0249,23.508,3.999,0.0,0.0,0.0,23.508,0.0249,23.532899999999998,23.534
896,0.103,0.001,0.104,0.0187,0.9903846153846154,0.009615384615384616,5.454,0.6399,126.4543,121.0003,0.0,0.0,0.0,126.45430000000002,0.6399,127.09420000000001,136.0969
897,0.2529,0.0004,0.2533,0.0456,0.9984208448480063,0.0015791551519936833,13.935,0.2338,75.9348,61.9998,0.0,0.0,0.0,75.93480000000001,0.23379999999999998,76.16860000000001,78.1691
898,0.3959,0.0002,0.3961,0.0713,0.9994950770007573,0.0005049229992426155,22.7445,0.1298,34.7448,12.0003,0.0,0.0,0.0,34.744800000000005,0.1298,34.87460000000001,35.8714
899,0.1258,0.0032,0.129,0.0232,0.9751937984496123,0.024806201550387597,7.0755,2.1753,262.0763,255.0008,0.0,0.0,0.0,262.0763,2.1752999999999996,264.2516,265.7507
900,0.198,0.0026,0.2006,0.0361,0.9870388833499502,0.012961116650049849,10.9095,1.7251,139.9091,128.9996,0.0,0.0,0.0,139.9091,1.7250999999999999,141.6342,145.134
901,0.2525,0.0027,0.2552,0.0459,0.9894200626959249,0.010579937304075237,13.6365,1.7168,203.6364,189.9999,0.0,0.0,0.0,203.63639999999992,1.7167999999999999,205.35319999999993,209.3545
902,0.1934,0.0015,0.1948,0.0351,0.9928131416837782,0.007700205338809035,10.6545,0.9311,163.6552,153.0007,0.0,0.0,0.0,163.65519999999998,0.9311000000000001,164.58629999999997,167.5881
903,0.2359,0.001,0.2369,0.0426,0.9957788096243141,0.004221190375685944,12.615,0.6507,54.6151,42.0001,0.0,0.0,0.0,54.61510000000001,0.6507000000000001,55.26580000000001,58.2654
904,0.1008,0.0001,0.1009,0.0182,0.9990089197224975,0.0009910802775024777,5.793,0.0351,7.7926,1.9996,0.0,0.0,0.0,7.792599999999998,0.035100000000000006,7.827699999999998,7.8238
905,0.4248,0.0245,0.4493,0.0809,0.945470732250167,0.05452926774983308,23.1705,15.262,136.1705,113.0,0.0,0.0,0.0,136.17050000000003,15.261999999999999,151.43250000000003,159.4375
906,0.4634,0.012,0.4754,0.0856,0.9747580984434161,0.02524190155658393,26.067,7.6139,157.0666,130.9996,0.0,0.0,0.0,157.0666,7.613899999999999,164.6805,171.6841
907,0.3654,0.0022,0.3675,0.0662,0.9942857142857143,0.00598639455782313,20.7675,1.4246,209.7675,189.0,0.0,0.0,0.0,209.76750000000004,1.4246000000000003,211.19210000000004,216.6948
908,0.2266,0.0009,0.2275,0.041,0.996043956043956,0.003956043956043956,12.615,0.558,47.615,35.0,0.0,0.0,0.0,47.615,0.5579999999999999,48.173,53.6718
909,0.1811,0.0005,0.1816,0.0327,0.9972466960352423,0.002753303964757709,9.777,0.3344,35.7773,26.0003,0.0,0.0,0.0,35.77730000000001,0.3344,36.11170000000001,36.1128
910,0.2827,0.0103,0.293,0.0527,0.9648464163822527,0.035153583617747446,15.576,6.3625,192.5753,176.9993,0.0,0.0,0.0,192.5753,6.362499999999999,198.9378,205.9409
911,0.293,0.0001,0.2931,0.0528,0.9996588195155236,0.00034118048447628793,15.9825,0.0478,25.9827,10.0002,0.0,0.0,0.0,25.9827,0.0478,26.0305,26.0286
912,0.4552,0.0,0.4552,0.0819,1.0,0.0,25.0815,0.0114,30.0818,5.0003,0.0,0.0,0.0,30.0818,0.0114,30.0932,30.0969
913,0.3707,0.0004,0.3711,0.0668,0.9989221234168687,0.0010778765831312316,21.999,0.2798,108.999,87.0,0.0,0.0,0.0,108.999,0.2798,109.27879999999999,109.2827
914,0.4598,0.0001,0.4599,0.0828,0.9997825614263971,0.00021743857360295718,25.0815,0.0466,26.0822,1.0007,0.0,0.0,0.0,26.0822,0.0466,26.128800000000002,26.1315
915,0.1682,0.0,0.1682,0.0303,1.0,0.0,10.092,0.0239,14.0922,4.0002,0.0,0.0,0.0,14.092200000000004,0.023899999999999998,14.116100000000003,14.1165
916,0.3045,0.0001,0.3046,0.0548,0.999671700590939,0.0003282994090610637,17.6805,0.0337,29.6806,12.0001,0.0,0.0,0.0,29.680599999999995,0.0337,29.714299999999994,29.715
917,0.1545,0.0013,0.1558,0.028,0.9916559691912709,0.00834403080872914,8.6895,0.8614,50.6888,41.9993,0.0,0.0,0.0,50.6888,0.8613999999999999,51.550200000000004,53.5463
918,0.3722,0.0006,0.3729,0.0671,0.9981228211316706,0.0016090104585679806,19.902,0.3997,74.9016,54.9996,0.0,0.0,0.0,74.90160000000002,0.39969999999999994,75.30130000000001,76.8012
919,0.3667,0.0,0.3667,0.066,1.0,0.0,20.628,0.014,26.6276,5.9996,0.0,0.0,0.0,26.6276,0.013999999999999999,26.6416,26.6374
920,0.2289,0.0183,0.2472,0.0445,0.9259708737864077,0.07402912621359223,12.615,10.5644,249.6151,237.0001,0.0,0.0,0.0,249.61510000000007,10.5644,260.1795000000001,265.1826
921,0.2782,0.0006,0.2788,0.0502,0.9978479196556672,0.002152080344332855,15.9825,0.3667,150.9826,135.0001,0.0,0.0,0.0,150.9826,0.3667,151.3493,151.35
922,0.3799,0.0,0.3799,0.0684,1.0,0.0,22.296,0.0125,26.295,3.999,0.0,0.0,0.0,26.294999999999998,0.012499999999999999,26.307499999999997,26.3098
923,0.4552,0.0001,0.4553,0.082,0.9997803645947727,0.00021963540522732265,25.0815,0.0975,40.0822,15.0007,0.0,0.0,0.0,40.08219999999999,0.09749999999999998,40.17969999999999,40.6778
924,0.258,0.0017,0.2597,0.0467,0.9934539853677321,0.006546014632268001,14.6655,1.0989,178.6657,164.0002,0.0,0.0,0.0,178.6657,1.0989,179.76459999999997,181.7645
925,0.2428,0.0001,0.2429,0.0437,0.9995883079456566,0.0004116920543433512,12.9795,0.08,22.9795,10.0,0.0,0.0,0.0,22.979500000000005,0.08000000000000002,23.059500000000003,23.0638
926,0.1919,0.0011,0.193,0.0347,0.994300518134715,0.005699481865284974,10.9095,0.742,152.9091,141.9996,0.0,0.0,0.0,152.90910000000002,0.742,153.6511,154.6505
927,0.2,0.0001,0.2001,0.036,0.9995002498750625,0.0004997501249375312,10.9095,0.0418,31.909,20.9995,0.0,0.0,0.0,31.908999999999995,0.0418,31.950799999999994,31.947
928,0.2492,0.0026,0.2518,0.0453,0.9896743447180301,0.010325655281969815,13.59,1.713,93.59,80.0,0.0,0.0,0.0,93.59000000000003,1.713,95.30300000000003,97.8017
929,0.2663,0.0006,0.2669,0.048,0.9977519670288496,0.002248032971150243,15.138,0.3614,79.138,64.0,0.0,0.0,0.0,79.13800000000003,0.36140000000000005,79.49940000000004,79.9945
930,0.3538,0.0001,0.3539,0.0637,0.9997174343034756,0.00028256569652444194,19.902,0.0514,30.902,11.0,0.0,0.0,0.0,30.901999999999994,0.051399999999999994,30.953399999999995,30.956
931,0.3394,0.0237,0.3631,0.0654,0.934728724869182,0.06527127513081796,19.0905,14.1658,235.0909,216.0004,0.0,0.0,0.0,235.09089999999992,14.1658,249.2566999999999,253.2518
932,0.1048,0.0135,0.1183,0.0213,0.885883347421809,0.11411665257819104,5.8935,8.2958,296.8936,291.0001,0.0,0.0,0.0,296.89359999999994,8.295800000000002,305.1893999999999,313.6874
933,0.3468,0.0006,0.3475,0.0625,0.9979856115107915,0.001726618705035971,19.509,0.4101,52.5086,32.9996,0.0,0.0,0.0,52.5086,0.4100999999999999,52.9187,55.4162
934,0.1807,0.0,0.1808,0.0325,0.9994469026548674,0.0,10.383,0.011,15.3836,5.0006,0.0,0.0,0.0,15.383599999999998,0.011000000000000001,15.394599999999997,15.394
935,0.3066,0.0013,0.3079,0.0554,0.9957778499512828,0.0042221500487171154,16.722,0.7922,68.7217,51.9997,0.0,0.0,0.0,68.7217,0.7921999999999999,69.51389999999999,70.5124
936,0.3205,0.0145,0.335,0.0603,0.9567164179104477,0.04328358208955224,17.661,9.7632,125.6611,108.0001,0.0,0.0,0.0,125.66110000000003,9.7632,135.42430000000004,144.4237
937,0.2672,0.0001,0.2673,0.0481,0.9996258885147774,0.00037411148522259637,15.855,0.0656,25.8543,9.9993,0.0,0.0,0.0,25.85429999999999,0.06559999999999999,25.91989999999999,26.9186
938,0.1317,0.0011,0.1329,0.0239,0.9909706546275396,0.008276899924755457,7.3335,0.6975,113.3331,105.9996,0.0,0.0,0.0,113.3331,0.6975,114.0306,118.5273
939,0.4162,0.021,0.4372,0.0787,0.9519670631290028,0.04803293687099726,23.1705,12.8813,339.1705,316.0,0.0,0.0,0.0,339.17050000000006,12.881300000000001,352.05180000000007,353.5523
940,0.206,0.0258,0.2318,0.0417,0.8886971527178602,0.11130284728213977,11.586,16.283,283.5853,271.9993,0.0,0.0,0.0,283.5853,16.283,299.86830000000003,303.8635
941,0.2565,0.0016,0.2581,0.0465,0.9938008523827974,0.006199147617202635,14.7345,0.9861,172.7339,157.9994,0.0,0.0,0.0,172.73390000000006,0.9861000000000001,173.72000000000006,176.7233
942,0.148,0.0022,0.1502,0.027,0.9853528628495339,0.014647137150466047,7.992,1.402,181.9916,173.9996,0.0,0.0,0.0,181.99160000000003,1.4020000000000001,183.39360000000002,189.8977
943,0.2034,0.0059,0.2093,0.0377,0.9718107978977544,0.028189202102245577,11.325,3.5741,259.3249,247.9999,0.0,0.0,0.0,259.3249,3.5741,262.899,271.4023
944,0.3621,0.002,0.3641,0.0655,0.9945070035704476,0.005492996429552321,19.554,1.2538,133.5541,114.0001,0.0,0.0,0.0,133.5541,1.2538000000000002,134.80790000000002,138.3095
945,0.2416,0.0057,0.2473,0.0445,0.9769510715729883,0.023048928427011728,13.59,3.6126,293.5896,279.9996,0.0,0.0,0.0,293.5896,3.6126,297.2022,303.2052
946,0.2738,0.0,0.2738,0.0493,1.0,0.0,14.2155,0.0245,17.2155,3.0,0.0,0.0,0.0,17.2155,0.024500000000000004,17.24,17.2352
947,0.3238,0.0,0.3238,0.0583,1.0,0.0,17.661,0.0218,17.6611,0.0001,0.0,0.0,0.0,17.6611,0.0218,17.6829,17.681
948,0.4162,0.0001,0.4163,0.0749,0.9997597886139803,0.00024021138601969735,23.1705,0.0666,25.1706,2.0001,0.0,0.0,0.0,25.170599999999997,0.0666,25.237199999999998,25.2404
949,0.417,0.021,0.438,0.0788,0.9520547945205479,0.04794520547945206,22.296,13.1162,300.2952,277.9992,0.0,0.0,0.0,300.2952,13.1162,313.4114,320.4136
950,0.3946,0.0006,0.3953,0.0711,0.9982291930179611,0.0015178345560333923,21.3105,0.3967,61.31,39.9995,0.0,0.0,0.0,61.309999999999995,0.39670000000000005,61.7067,62.7028
951,0.387,0.0001,0.3871,0.0697,0.9997416688194265,0.0002583311805734952,21.999,0.0739,26.9987,4.9997,0.0,0.0,0.0,26.998699999999996,0.0739,27.072599999999994,27.0726
952,0.1458,0.0001,0.1458,0.0263,1.0,0.0006858710562414266,7.569,0.0395,7.569,0.0,0.0,0.0,0.0,7.569,0.03949999999999999,7.6085,7.6103
953,0.1953,0.0,0.1954,0.0352,0.9994882292732856,0.0,10.6545,0.0248,20.6549,10.0004,0.0,0.0,0.0,20.6549,0.024800000000000003,20.6797,20.6814
954,0.137,0.0143,0.1513,0.0272,0.9054857898215467,0.0945142101784534,7.788,9.0236,340.788,333.0,0.0,0.0,0.0,340.78800000000007,9.0236,349.81160000000006,358.8162
955,0.4928,0.0,0.4929,0.0887,0.9997971190910936,0.0,25.5885,0.0308,29.588,3.9995,0.0,0.0,0.0,29.587999999999997,0.030799999999999998,29.618799999999997,29.6169
956,0.2607,0.0003,0.261,0.047,0.9988505747126436,0.0011494252873563216,15.138,0.1742,26.1381,11.0001,0.0,0.0,0.0,26.1381,0.17419999999999997,26.3123,27.3143
957,0.1993,0.0002,0.1994,0.0359,0.9994984954864594,0.0010030090270812437,10.6545,0.0991,26.6552,16.0007,0.0,0.0,0.0,26.6552,0.09910000000000001,26.7543,27.2567
958,0.1374,0.0074,0.1448,0.0261,0.9488950276243093,0.05110497237569061,7.569,4.7004,235.569,228.0,0.0,0.0,0.0,235.56900000000005,4.7004,240.26940000000005,247.2718
959,0.3322,0.0002,0.3324,0.0598,0.9993983152827919,0.000601684717208183,18.12,0.1173,38.1193,19.9993,0.0,0.0,0.0,38.119299999999996,0.1173,38.236599999999996,40.739
960,0.4254,0.0003,0.4257,0.0766,0.9992952783650457,0.000704721634954193,22.7445,0.1912,47.7449,25.0004,0.0,0.0,0.0,47.7449,0.1912,47.9361,47.9355
961,0.3624,0.0112,0.3736,0.0673,0.9700214132762313,0.029978586723768737,20.385,7.0247,400.3847,379.9997,0.0,0.0,0.0,400.38469999999995,7.0247,407.40939999999995,410.4062
962,0.3662,0.0,0.3662,0.0659,1.0,0.0,20.385,0.0083,20.3846,0.0,0.0,0.0,0.0,20.3846,0.008300000000000002,20.392899999999997,20.3967
963,0.3717,0.0116,0.3833,0.069,0.9697364988259849,0.03026350117401513,20.274,7.4602,546.274,526.0,0.0,0.0,0.0,546.2740000000001,7.4601999999999995,553.7342000000001,561.7345
964,0.3964,0.0016,0.3979,0.0716,0.9962302085951243,0.004021110831867304,22.296,0.9057,128.2953,105.9993,0.0,0.0,0.0,128.2953,0.9057000000000001,129.201,132.699
965,0.3428,0.0136,0.3564,0.0641,0.9618406285072951,0.038159371492704826,19.902,8.5316,294.902,275.0,0.0,0.0,0.0,294.90199999999993,8.5316,303.43359999999996,311.4351
966,0.099,0.011,0.11,0.0198,0.9,0.09999999999999999,5.6865,7.2281,131.6861,125.9996,0.0,0.0,0.0,131.68609999999995,7.2281,138.91419999999997,144.9099
967,0.4636,0.0002,0.4638,0.0835,0.9995687796463993,0.00043122035360068997,24.546,0.1131,39.5451,14.9991,0.0,0.0,0.0,39.5451,0.11309999999999999,39.6582,39.6599
968,0.2428,0.0001,0.2428,0.0437,1.0,0.0004118616144975289,12.9795,0.0401,17.9796,5.0001,0.0,0.0,0.0,17.9796,0.0401,18.0197,18.0212
969,0.4067,0.0087,0.4154,0.0748,0.9790563312469909,0.020943668753009147,23.364,5.4278,465.3633,441.9993,0.0,0.0,0.0,465.3633,5.4277999999999995,470.7911,475.2895
970,0.3591,0.0001,0.3592,0.0647,0.9997216035634743,0.00027839643652561246,21.3105,0.0408,24.3102,2.9997,0.0,0.0,0.0,24.310200000000002,0.04080000000000001,24.351000000000003,24.3527
971,0.1485,0.0,0.1485,0.0267,1.0,0.0,8.529,0.0135,9.5293,1.0003,0.0,0.0,0.0,9.5293,0.013499999999999998,9.5428,9.5467
972,0.3538,0.0029,0.3568,0.0642,0.9915919282511211,0.008127802690582959,19.902,1.9283,129.9018,109.9998,0.0,0.0,0.0,129.9018,1.9283,131.83010000000002,137.8279
973,0.1925,0.0003,0.1928,0.0347,0.9984439834024896,0.0015560165975103733,10.092,0.1657,45.092,35.0,0.0,0.0,0.0,45.092000000000006,0.16570000000000001,45.25770000000001,45.2549
974,0.4617,0.0034,0.4651,0.0837,0.9926897441410449,0.007310255858955063,26.5215,2.2046,193.5209,166.9994,0.0,0.0,0.0,193.5209,2.2046,195.7255,201.2262
975,0.3529,0.0,0.353,0.0635,0.9997167138810199,0.0,18.87,0.0083,20.8697,1.9997,0.0,0.0,0.0,20.869699999999995,0.0083,20.877999999999993,21.3766
976,0.2664,0.0001,0.2665,0.048,0.999624765478424,0.000375234521575985,15.9825,0.0923,17.9827,2.0002,0.0,0.0,0.0,17.9827,0.09230000000000001,18.075000000000003,18.5786
977,0.2689,0.0,0.2689,0.0484,1.0,0.0,14.6655,0.0199,15.6658,1.0003,0.0,0.0,0.0,15.665800000000003,0.019899999999999994,15.685700000000002,16.1838
978,0.2682,0.0015,0.2696,0.0485,0.994807121661721,0.005563798219584569,14.481,0.8989,196.4818,182.0008,0.0,0.0,0.0,196.4818,0.8988999999999999,197.3807,200.3766
979,0.083,0.0017,0.0847,0.0152,0.9799291617473437,0.020070838252656435,4.7175,1.0529,137.7174,132.9999,0.0,0.0,0.0,137.71740000000003,1.0529,138.77030000000002,139.7664
980,0.1894,0.0,0.1895,0.0341,0.9994722955145119,0.0,10.6545,0.0236,15.6551,5.0006,0.0,0.0,0.0,15.655100000000001,0.023600000000000003,15.678700000000001,15.6808
981,0.4764,0.0132,0.4896,0.0881,0.9730392156862745,0.02696078431372549,26.5215,8.1368,236.5209,209.9994,0.0,0.0,0.0,236.52090000000004,8.136800000000001,244.65770000000003,256.153
982,0.3905,0.0008,0.3912,0.0704,0.9982106339468303,0.002044989775051125,20.274,0.4613,180.2741,160.0001,0.0,0.0,0.0,180.2741,0.4613,180.7354,180.7345
983,0.2341,0.0,0.2341,0.0421,1.0,0.0,13.59,0.0078,21.5896,7.9996,0.0,0.0,0.0,21.589599999999994,0.0078,21.597399999999993,21.5981
984,0.3926,0.0,0.3926,0.0707,1.0,0.0,20.385,0.0158,24.3845,3.9995,0.0,0.0,0.0,24.384500000000003,0.015799999999999998,24.4003,24.905
985,0.3425,0.0005,0.3429,0.0617,0.9988334791484399,0.0014581510644502771,18.87,0.313,66.8697,47.9997,0.0,0.0,0.0,66.8697,0.31299999999999994,67.1827,67.6803
986,0.3782,0.0003,0.3784,0.0681,0.9994714587737843,0.0007928118393234671,20.628,0.1672,20.6273,0.0,0.0,0.0,0.0,20.627299999999998,0.16720000000000002,20.7945,20.7984
987,0.4283,0.0184,0.4468,0.0804,0.9585944494180842,0.04118173679498657,23.364,11.3338,175.3637,151.9997,0.0,0.0,0.0,175.36370000000002,11.333799999999998,186.69750000000002,198.6975
988,0.148,0.0189,0.1669,0.03,0.8867585380467345,0.11324146195326544,7.992,11.6995,138.9916,130.9996,0.0,0.0,0.0,138.99159999999998,11.6995,150.69109999999998,162.1949
989,0.3419,0.0003,0.3421,0.0616,0.9994153756211633,0.0008769365682548961,18.6465,0.1843,50.6465,32.0,0.0,0.0,0.0,50.64649999999998,0.18430000000000005,50.83079999999998,50.8314
990,0.3359,0.0002,0.336,0.0605,0.9997023809523808,0.0005952380952380952,19.0905,0.1032,29.0911,10.0006,0.0,0.0,0.0,29.091100000000004,0.10320000000000001,29.194300000000005,29.1894
991,0.1794,0.0021,0.1815,0.0327,0.9884297520661157,0.011570247933884297,10.092,1.3913,102.092,92.0,0.0,0.0,0.0,102.09199999999996,1.3913,103.48329999999996,106.4811
992,0.2499,0.0,0.2499,0.045,1.0,0.0,14.6655,0.0096,15.6657,1.0002,0.0,0.0,0.0,15.665700000000003,0.0096,15.675300000000004,15.6722
993,0.2947,0.0011,0.2958,0.0532,0.9962812711291413,0.0037187288708586883,17.1105,0.722,116.1103,98.9998,0.0,0.0,0.0,116.11029999999998,0.722,116.83229999999998,118.8352
994,0.3264,0.0002,0.3266,0.0588,0.9993876301285978,0.000612369871402327,18.171,0.0982,21.1716,3.0006,0.0,0.0,0.0,21.171600000000005,0.09820000000000001,21.269800000000004,21.773
995,0.2118,0.0076,0.2194,0.0395,0.9653600729261621,0.034639927073837735,11.793,4.632,241.7931,230.0001,0.0,0.0,0.0,241.79310000000004,4.632000000000001,246.42510000000004,249.9224
996,0.163,0.0001,0.1631,0.0294,0.9993868792152054,0.0006131207847946046,9.777,0.0732,12.777,3.0,0.0,0.0,0.0,12.777,0.0732,12.8502,12.8472
997,0.2085,0.0014,0.2099,0.0378,0.9933301572177227,0.006669842782277275,11.373,0.9007,113.3727,101.9997,0.0,0.0,0.0,113.3727,0.9007,114.2734,118.7712
998,0.143,0.0005,0.1435,0.0258,0.9965156794425087,0.0034843205574912896,7.569,0.3244,45.5692,38.0002,0.0,0.0,0.0,45.569199999999995,0.3244,45.89359999999999,45.8912
999,0.1385,0.0023,0.1407,0.0253,0.9843638948116562,0.016346837242359632,7.788,1.4146,147.7878,139.9998,0.0,0.0,0.0,147.7878,1.4145999999999999,149.2024,152.7012
1000,0.2601,0.0,0.2601,0.0468,1.0,0.0,13.6365,0.013,13.6365,0.0,0.0,0.0,0.0,13.636500000000003,0.013000000000000001,13.649500000000003,13.6529
1001,0.4162,0.0,0.4162,0.0749,1.0,0.0,23.1705,0.0165,27.1705,4.0,0.0,0.0,0.0,27.170499999999997,0.0165,27.186999999999998,27.1884
1002,0.0933,0.0025,0.0957,0.0172,0.9749216300940439,0.026123301985370953,5.1915,1.5834,100.1919,95.0004,0.0,0.0,0.0,100.19190000000003,1.5834000000000001,101.77530000000003,103.7733
1003,0.1048,0.0014,0.1062,0.0191,0.9868173258003766,0.013182674199623351,5.8935,0.9708,97.8935,92.0,0.0,0.0,0.0,97.89349999999997,0.9708,98.86429999999997,104.8617
1004,0.1533,0.0055,0.1588,0.0286,0.9653652392947103,0.034634760705289674,8.361,3.4803,103.361,95.0,0.0,0.0,0.0,103.361,3.4802999999999997,106.8413,111.8371
1005,0.1546,0.0003,0.1549,0.0279,0.998063266623628,0.0019367333763718525,8.1825,0.2036,30.1815,21.999,0.0,0.0,0.0,30.181500000000007,0.2036,30.38510000000001,30.3801
1006,0.0847,0.0004,0.0851,0.0153,0.9952996474735606,0.004700352526439484,4.53,0.2301,30.5298,25.9998,0.0,0.0,0.0,30.529799999999998,0.23009999999999997,30.7599,34.2648
1007,0.3188,0.0,0.3188,0.0574,1.0,0.0,18.12,0.0186,18.1197,0.0,0.0,0.0,0.0,18.119699999999998,0.018600000000000002,18.138299999999997,19.6339
1008,0.2978,0.0043,0.3021,0.0544,0.985766302548825,0.014233697451175108,17.1105,2.8107,188.1098,170.9993,0.0,0.0,0.0,188.10980000000006,2.8106999999999998,190.92050000000006,200.4163
1009,0.4682,0.0242,0.4924,0.0886,0.9508529650690496,0.04914703493095045,26.067,14.7093,245.0667,218.9997,0.0,0.0,0.0,245.06669999999994,14.709299999999999,259.77599999999995,267.7764
1010,0.1756,0.0,0.1756,0.0316,1.0,0.0,9.777,0.0092,13.7771,4.0001,0.0,0.0,0.0,13.777099999999999,0.009199999999999998,13.786299999999999,14.2852
1011,0.437,0.0001,0.4371,0.0787,0.9997712194005949,0.00022878059940517045,23.364,0.0864,50.3634,26.9994,0.0,0.0,0.0,50.36339999999999,0.0864,50.44979999999999,50.4517
1012,0.2162,0.0,0.2162,0.0389,1.0,0.0,11.793,0.0153,13.7935,2.0005,0.0,0.0,0.0,13.793500000000002,0.0153,13.808800000000002,13.8129
1013,0.1515,0.0021,0.1537,0.0277,0.9856864020819778,0.013662979830839295,8.1825,1.4086,162.1818,153.9993,0.0,0.0,0.0,162.1818,1.4086,163.59040000000002,165.5942
1014,0.1304,0.0011,0.1315,0.0237,0.991634980988593,0.008365019011406844,7.3335,0.6992,132.3328,124.9993,0.0,0.0,0.0,132.3328,0.6992000000000002,133.03199999999998,139.5324
1015,0.1572,0.003,0.1602,0.0288,0.9812734082397003,0.018726591760299626,8.841,1.9409,154.8403,145.9993,0.0,0.0,0.0,154.8403,1.9409000000000003,156.7812,162.7788
1016,0.2464,0.0001,0.2464,0.0444,1.0,0.00040584415584415587,14.1525,0.0383,22.1524,7.9999,0.0,0.0,0.0,22.152400000000004,0.0383,22.190700000000003,22.1917
1017,0.145,0.0252,0.1702,0.0306,0.8519388954171563,0.14806110458284372,7.992,15.6399,138.9915,130.9995,0.0,0.0,0.0,138.99149999999997,15.639899999999997,154.63139999999999,162.6327
1018,0.167,0.0001,0.1671,0.0301,0.9994015559545183,0.0005984440454817474,8.841,0.0588,17.8403,8.9993,0.0,0.0,0.0,17.840300000000003,0.0588,17.899100000000004,17.8979
1019,0.4322,0.006,0.4382,0.0789,0.9863076220903697,0.013692377909630307,23.574,3.7001,161.5742,138.0002,0.0,0.0,0.0,161.57420000000002,3.7000999999999995,165.2743,169.2765
1020,0.1879,0.0,0.1879,0.0338,1.0,0.0,10.9095,0.0235,10.9092,0.0,0.0,0.0,0.0,10.909199999999997,0.0235,10.932699999999997,11.4298
1021,0.1517,0.0002,0.1519,0.0273,0.9986833443054641,0.0013166556945358788,8.361,0.122,10.3609,1.9999,0.0,0.0,0.0,10.360899999999997,0.12200000000000001,10.482899999999997,10.4784
1022,0.3737,0.0002,0.3739,0.0673,0.9994650976196843,0.0005349023803155925,20.385,0.1182,25.3844,4.9994,0.0,0.0,0.0,25.3844,0.11819999999999999,25.5026,25.5013
1023,0.2163,0.0002,0.2166,0.039,0.9986149584487535,0.0009233610341643583,12.9795,0.1394,40.9795,28.0,0.0,0.0,0.0,40.97949999999999,0.1394,41.11889999999999,41.1211
1024,0.4163,0.004,0.4203,0.0757,0.9904829883416607,0.009517011658339281,22.707,2.5663,235.7071,213.0001,0.0,0.0,0.0,235.70710000000003,2.5663,238.27340000000004,241.7744
1025,0.3066,0.0,0.3066,0.0552,1.0,0.0,16.722,0.0159,20.7215,3.9995,0.0,0.0,0.0,20.721499999999995,0.0159,20.737399999999994,20.7376
1026,0.0977,0.0048,0.1025,0.0185,0.953170731707317,0.04682926829268293,5.328,2.978,165.3278,159.9998,0.0,0.0,0.0,165.32779999999997,2.9780000000000006,168.30579999999998,174.3044
1027,0.1331,0.0001,0.1332,0.024,0.9992492492492491,0.0007507507507507507,7.3335,0.0677,10.333,2.9995,0.0,0.0,0.0,10.332999999999997,0.06770000000000001,10.400699999999997,10.4006
1028,0.2289,0.0146,0.2435,0.0438,0.940041067761807,0.05995893223819302,12.615,8.9662,450.615,438.0,0.0,0.0,0.0,450.615,8.9662,459.5812,473.0769
1029,0.2219,0.0009,0.2228,0.0401,0.9959605026929982,0.004039497307001795,12.615,0.5626,52.615,40.0,0.0,0.0,0.0,52.615000000000016,0.5626,53.17760000000002,54.6798
1030,0.1807,0.0,0.1808,0.0325,0.9994469026548674,0.0,10.383,0.0203,12.3837,2.0007,0.0,0.0,0.0,12.383699999999997,0.020299999999999995,12.403999999999998,12.4026
1031,0.108,0.0,0.1081,0.0195,0.9990749306197965,0.0,5.8935,0.0164,13.8935,8.0,0.0,0.0,0.0,13.893500000000003,0.016399999999999998,13.909900000000004,13.9085
1032,0.0923,0.0149,0.1072,0.0193,0.861007462686567,0.13899253731343283,5.1915,9.6038,252.1919,247.0004,0.0,0.0,0.0,252.19190000000003,9.6038,261.7957,268.7978
1033,0.2965,0.0001,0.2967,0.0534,0.9993259184361306,0.0003370407819346141,15.855,0.0668,20.8548,4.9998,0.0,0.0,0.0,20.854799999999997,0.0668,20.921599999999998,20.9254
1034,0.2798,0.0007,0.2805,0.0505,0.9975044563279856,0.00249554367201426,15.576,0.4503,95.5758,79.9998,0.0,0.0,0.0,95.57579999999997,0.45030000000000003,96.02609999999997,97.5283
1035,0.2871,0.0002,0.2873,0.0517,0.9993038635572573,0.0006961364427427776,15.9825,0.0935,16.9827,1.0002,0.0,0.0,0.0,16.9827,0.09350000000000001,17.0762,17.0737
1036,0.3959,0.0014,0.3973,0.0715,0.9964762144475208,0.003523785552479235,22.7445,0.8511,144.7451,122.0006,0.0,0.0,0.0,144.7451,0.8510999999999999,145.5962,147.0913
1037,0.3501,0.0,0.3502,0.063,0.9997144488863506,0.0,19.902,0.0143,19.9019,0.0,0.0,0.0,0.0,19.901899999999998,0.0143,19.916199999999996,19.9171
1038,0.1,0.0007,0.1007,0.0181,0.9930486593843099,0.006951340615690169,5.6865,0.453,54.6863,48.9998,0.0,0.0,0.0,54.6863,0.45299999999999996,55.139300000000006,59.6373
1039,0.1572,0.0001,0.1573,0.0283,0.9993642720915449,0.0006357279084551812,8.841,0.0642,9.8407,0.9997,0.0,0.0,0.0,9.8407,0.06420000000000001,9.9049,9.9069
1040,0.35,0.0114,0.3614,0.065,0.9684560044272273,0.03154399557277255,19.0905,6.7988,150.091,131.0005,0.0,0.0,0.0,150.09099999999998,6.7988,156.88979999999998,164.3935
1041,0.1774,0.0,0.1775,0.0319,0.9994366197183099,0.0,9.777,0.0101,11.7773,2.0003,0.0,0.0,0.0,11.777299999999999,0.0101,11.787399999999998,11.7827
1042,0.1041,0.005,0.109,0.0196,0.955045871559633,0.045871559633027525,5.793,3.2161,164.7928,158.9998,0.0,0.0,0.0,164.79280000000003,3.2160999999999995,168.00890000000004,175.5054
1043,0.3001,0.0013,0.3014,0.0543,0.9956867949568678,0.0043132050431320505,17.0595,0.7975,87.0588,69.9993,0.0,0.0,0.0,87.0588,0.7974999999999999,87.8563,91.3566
1044,0.1884,0.0002,0.1886,0.0339,0.9989395546129376,0.0010604453870625664,10.383,0.0971,18.3836,8.0006,0.0,0.0,0.0,18.383599999999998,0.09709999999999999,18.4807,18.4841
1045,0.1607,0.0,0.1608,0.0289,0.9993781094527364,0.0,9.435,0.0183,16.4347,6.9997,0.0,0.0,0.0,16.4347,0.0183,16.453,16.4491
1046,0.37,0.0001,0.37,0.0666,1.0,0.0002702702702702703,20.385,0.0556,24.3844,3.9994,0.0,0.0,0.0,24.384400000000007,0.055600000000000004,24.440000000000005,24.4351
1047,0.1391,0.0163,0.1555,0.028,0.8945337620578778,0.10482315112540191,7.992,9.9081,262.9913,254.9993,0.0,0.0,0.0,262.9913,9.9081,272.8994,277.8963
1048,0.2118,0.002,0.2139,0.0385,0.9901823281907433,0.009350163627863487,11.793,1.2243,109.7933,98.0003,0.0,0.0,0.0,109.7933,1.2243000000000002,111.0176,115.0131
1049,0.1331,0.0001,0.1331,0.024,1.0,0.0007513148009015778,7.3335,0.0383,7.3329,0.0,0.0,0.0,0.0,7.332900000000001,0.038299999999999994,7.371200000000001,7.3689
1050,0.2619,0.0035,0.2655,0.0478,0.9864406779661017,0.013182674199623351,14.7345,2.381,230.734,215.9995,0.0,0.0,0.0,230.734,2.3810000000000002,233.115,235.1181
1051,0.1385,0.0158,0.1542,0.0278,0.8981841763942932,0.10246433203631648,7.788,9.7141,218.7879,210.9999,0.0,0.0,0.0,218.78790000000004,9.714099999999998,228.50200000000004,240.9971
1052,0.2477,0.0095,0.2572,0.0463,0.9630637636080872,0.03693623639191291,13.935,5.934,96.9349,82.9999,0.0,0.0,0.0,96.9349,5.934,102.8689,112.3647
1053,0.4862,0.0061,0.4923,0.0886,0.9876091813934593,0.012390818606540727,26.5215,3.8886,75.5205,48.999,0.0,0.0,0.0,75.5205,3.8885999999999994,79.4091,82.4128
1054,0.3159,0.0002,0.3161,0.0569,0.9993672888326479,0.0006327111673521038,17.0595,0.1101,23.0586,5.9991,0.0,0.0,0.0,23.0586,0.11009999999999998,23.168699999999998,23.1705
1055,0.3612,0.0014,0.3625,0.0653,0.9964137931034484,0.0038620689655172414,19.902,0.8596,38.902,19.0,0.0,0.0,0.0,38.901999999999994,0.8596,39.761599999999994,42.265
1056,0.0795,0.0,0.0795,0.0143,1.0,0.0,4.7175,0.0174,4.7175,0.0,0.0,0.0,0.0,4.7174999999999985,0.017400000000000002,4.734899999999999,4.7367
1057,0.4549,0.0029,0.4578,0.0824,0.9936653560506773,0.006334643949322848,25.5885,1.8504,227.5883,201.9998,0.0,0.0,0.0,227.5883,1.8503999999999998,229.4387,235.9352
1058,0.245,0.0087,0.2537,0.0457,0.9657075285770595,0.03429247142294048,13.6365,5.5894,214.6364,200.9999,0.0,0.0,0.0,214.63639999999995,5.5894,220.22579999999996,228.7233
1059,0.3394,0.0101,0.3494,0.0629,0.9713795077275329,0.028906697195191757,19.0905,5.9057,215.0908,196.0003,0.0,0.0,0.0,215.09079999999994,5.9057,220.99649999999994,229.4941
1060,0.4212,0.0001,0.4212,0.0758,1.0,0.00023741690408357076,22.7445,0.033,22.745,0.0005,0.0,0.0,0.0,22.745000000000005,0.032999999999999995,22.778000000000006,22.7805
1061,0.2307,0.016,0.2468,0.0444,0.9347649918962723,0.06482982171799027,12.9795,10.4038,165.9796,153.0001,0.0,0.0,0.0,165.9796,10.4038,176.3834,180.3834
1062,0.3642,0.0063,0.3705,0.0667,0.9829959514170041,0.01700404858299595,20.274,3.9741,150.274,130.0,0.0,0.0,0.0,150.274,3.9741,154.2481,159.2476
1063,0.1869,0.0078,0.1947,0.0351,0.9599383667180277,0.04006163328197226,10.092,5.3978,128.0921,118.0001,0.0,0.0,0.0,128.0921,5.3978,133.48989999999998,136.985
1064,0.3881,0.0093,0.3975,0.0715,0.9763522012578616,0.023396226415094337,22.296,5.8077,175.2954,152.9994,0.0,0.0,0.0,175.2954,5.8077000000000005,181.1031,192.6001
1065,0.3064,0.0017,0.3082,0.0555,0.9941596365996107,0.0055158987670343934,17.0595,0.9898,124.0588,106.9993,0.0,0.0,0.0,124.05879999999999,0.9898,125.0486,127.0464
1066,0.1444,0.0001,0.1444,0.026,1.0,0.0006925207756232687,7.569,0.0406,18.5693,11.0003,0.0,0.0,0.0,18.5693,0.0406,18.6099,18.6054
1067,0.1577,0.0001,0.1578,0.0284,0.9993662864385299,0.0006337135614702155,9.06,0.0593,35.06,26.0,0.0,0.0,0.0,35.05999999999999,0.0593,35.11929999999999,35.1145
1068,0.3829,0.0017,0.3846,0.0692,0.9955798231929278,0.004420176807072283,21.999,1.0116,122.9989,100.9999,0.0,0.0,0.0,122.99889999999999,1.0115999999999998,124.0105,126.0058
1069,0.108,0.0247,0.1327,0.0239,0.8138658628485305,0.18613413715146945,5.8935,14.8709,232.8935,227.0,0.0,0.0,0.0,232.89349999999996,14.870900000000002,247.76439999999997,255.2689
1070,0.1048,0.0,0.1048,0.0189,1.0,0.0,5.8935,0.0146,9.8935,4.0,0.0,0.0,0.0,9.893500000000003,0.0146,9.908100000000003,9.905
1071,0.161,0.0001,0.1611,0.029,0.9993792675356922,0.0006207324643078834,8.361,0.0532,13.3609,4.9999,0.0,0.0,0.0,13.360899999999997,0.0532,13.414099999999998,13.4113
1072,0.417,0.0122,0.4292,0.0772,0.9715750232991611,0.02842497670083877,22.7445,7.791,314.7453,292.0008,0.0,0.0,0.0,314.7452999999999,7.791000000000001,322.53629999999987,328.5408
1073,0.2663,0.0001,0.2664,0.0479,0.9996246246246244,0.00037537537537537537,15.138,0.0397,20.1381,5.0001,0.0,0.0,0.0,20.138099999999998,0.03969999999999999,20.177799999999998,20.1761
1074,0.3642,0.0272,0.3914,0.0705,0.9305058763413387,0.06949412365866121,20.274,16.3787,206.274,186.0,0.0,0.0,0.0,206.274,16.3787,222.6527,226.6569
1075,0.1939,0.0,0.194,0.0349,0.9994845360824741,0.0,10.9095,0.0241,12.9089,1.9994,0.0,0.0,0.0,12.9089,0.0241,12.933,12.9301
1076,0.2996,0.0077,0.3074,0.0553,0.9746258945998698,0.025048796356538713,16.5105,4.7406,247.511,231.0005,0.0,0.0,0.0,247.51099999999994,4.740600000000001,252.25159999999994,258.7532
1077,0.1051,0.0025,0.1077,0.0194,0.9758588672237697,0.02321262766945218,5.793,1.5984,50.7926,44.9996,0.0,0.0,0.0,50.79260000000001,1.5984000000000003,52.391000000000005,54.3916
1078,0.2551,0.0006,0.2557,0.046,0.9976535001955417,0.0023464998044583495,13.6365,0.4058,28.6362,14.9997,0.0,0.0,0.0,28.636200000000002,0.4058,29.042,29.5414
1079,0.4617,0.0001,0.4618,0.0831,0.9997834560415765,0.00021654395842356,26.5215,0.0713,39.5209,12.9994,0.0,0.0,0.0,39.520900000000005,0.0713,39.592200000000005,39.5951
1080,0.1471,0.0213,0.1684,0.0303,0.8735154394299288,0.12648456057007126,8.361,13.0244,230.3606,221.9996,0.0,0.0,0.0,230.3606,13.024399999999998,243.385,247.3857
1081,0.2824,0.0,0.2825,0.0508,0.9996460176991151,0.0,14.6655,0.0104,14.6657,0.0002,0.0,0.0,0.0,14.665700000000003,0.0104,14.676100000000003,14.6794
1082,0.4318,0.0001,0.4319,0.0777,0.9997684649224358,0.000231535077564251,24.546,0.0498,30.5456,5.9996,0.0,0.0,0.0,30.545600000000007,0.0498,30.59540000000001,30.5953
1083,0.085,0.0001,0.0851,0.0153,0.9988249118683903,0.001175088131609871,5.046,0.0492,18.0463,13.0003,0.0,0.0,0.0,18.046300000000006,0.049199999999999994,18.095500000000005,18.0947
1084,0.4088,0.0002,0.4089,0.0736,0.999755441428222,0.0004891171435558817,22.296,0.113,29.2952,6.9992,0.0,0.0,0.0,29.295199999999998,0.11299999999999998,29.408199999999997,29.4114
1085,0.3209,0.0239,0.3448,0.0621,0.9306844547563806,0.06931554524361949,17.6805,15.3849,398.6805,381.0,0.0,0.0,0.0,398.6805,15.384899999999998,414.0654,420.5668
1086,0.1232,0.0,0.1232,0.0222,1.0,0.0,7.0755,0.008,8.0764,1.0009,0.0,0.0,0.0,8.0764,0.008,8.084399999999999,8.0882
1087,0.2139,0.0054,0.2193,0.0395,0.9753761969904241,0.024623803009575927,11.787,3.4514,140.787,129.0,0.0,0.0,0.0,140.78699999999998,3.451399999999999,144.23839999999998,155.7424
1088,0.1421,0.0084,0.1504,0.0271,0.944813829787234,0.05585106382978723,7.992,5.2621,233.9913,225.9993,0.0,0.0,0.0,233.99130000000005,5.2621,239.25340000000006,251.2541
1089,0.0961,0.0,0.0962,0.0173,0.9989604989604991,0.0,5.1915,0.0114,5.1915,0.0,0.0,0.0,0.0,5.1915,0.0114,5.2029,5.1993
1090,0.3298,0.0024,0.3321,0.0598,0.9930743751881963,0.007226738934056006,18.171,1.4381,140.1717,122.0007,0.0,0.0,0.0,140.1717,1.4381000000000002,141.60979999999998,143.1093
1091,0.1091,0.0029,0.1121,0.0202,0.9732381801962533,0.025869759143621763,5.8935,1.8129,100.8935,95.0,0.0,0.0,0.0,100.89349999999997,1.8129000000000002,102.70639999999997,105.2038
1092,0.1471,0.0003,0.1474,0.0265,0.9979647218453189,0.0020352781546811396,7.788,0.1591,25.788,18.0,0.0,0.0,0.0,25.788000000000007,0.15909999999999996,25.947100000000006,25.9428
1093,0.4364,0.0048,0.4412,0.0794,0.9891205802357208,0.010879419764279238,24.546,3.1757,200.5457,175.9997,0.0,0.0,0.0,200.5457,3.1757000000000004,203.72140000000002,210.2224
1094,0.1539,0.0004,0.1543,0.0278,0.997407647440052,0.0025923525599481534,8.841,0.2701,10.8402,1.9992,0.0,0.0,0.0,10.840199999999998,0.2701,11.110299999999997,11.1055
1095,0.339,0.0062,0.3452,0.0621,0.9820393974507532,0.017960602549246814,18.87,4.0356,258.8694,239.9994,0.0,0.0,0.0,258.8694,4.0356,262.905,269.9072
1096,0.1331,0.0038,0.1368,0.0246,0.9729532163742689,0.027777777777777776,7.3335,2.384,190.3327,182.9992,0.0,0.0,0.0,190.3327,2.3840000000000003,192.7167,196.2123
1097,0.3494,0.0015,0.351,0.0632,0.9954415954415955,0.004273504273504274,18.87,1.0381,98.8692,79.9992,0.0,0.0,0.0,98.8692,1.0381,99.9073,101.4064
1098,0.4455,0.0046,0.4501,0.081,0.9897800488780272,0.010219951121972895,24.546,3.0154,198.5455,173.9995,0.0,0.0,0.0,198.54550000000003,3.0154,201.56090000000003,209.564
1099,0.0856,0.0,0.0856,0.0154,1.0,0.0,4.7175,0.0164,14.7175,10.0,0.0,0.0,0.0,14.717500000000006,0.016399999999999998,14.733900000000007,14.7363
1100,0.1539,0.0,0.1539,0.0277,1.0,0.0,8.841,0.0147,9.8401,0.9991,0.0,0.0,0.0,9.840099999999998,0.0147,9.854799999999997,9.8505
1101,0.3061,0.0,0.3061,0.0551,1.0,0.0,16.3635,0.0296,28.3637,12.0002,0.0,0.0,0.0,28.3637,0.029599999999999994,28.3933,28.3936
1102,0.1183,0.0002,0.1185,0.0213,0.9983122362869199,0.001687763713080169,6.795,0.1054,23.7947,16.9997,0.0,0.0,0.0,23.794699999999995,0.10540000000000001,23.900099999999995,23.902
1103,0.4549,0.011,0.4659,0.0839,0.9763897832152824,0.02361021678471775,25.5885,6.9912,232.5883,206.9998,0.0,0.0,0.0,232.5883,6.991199999999999,239.5795,246.5834
1104,0.2128,0.0019,0.2146,0.0386,0.9916123019571295,0.008853681267474371,12.222,1.2135,117.2213,104.9993,0.0,0.0,0.0,117.22130000000003,1.2134999999999998,118.43480000000002,126.4396
1105,0.0977,0.0091,0.1068,0.0192,0.9147940074906367,0.0852059925093633,5.328,5.9276,267.3274,261.9994,0.0,0.0,0.0,267.3274,5.927599999999999,273.255,277.7538
1106,0.245,0.0007,0.2457,0.0442,0.9971509971509971,0.002849002849002849,13.6365,0.4406,51.6362,37.9997,0.0,0.0,0.0,51.63620000000001,0.44059999999999994,52.07680000000001,53.0807
1107,0.3686,0.0006,0.3692,0.0665,0.9983748645720477,0.0016251354279523294,19.902,0.4133,90.9019,70.9999,0.0,0.0,0.0,90.90190000000001,0.4133,91.31520000000002,93.3161
1108,0.1376,0.0004,0.138,0.0248,0.9971014492753623,0.002898550724637681,7.0755,0.2494,79.0761,72.0006,0.0,0.0,0.0,79.0761,0.24940000000000004,79.32549999999999,81.8209
1109,0.3454,0.0002,0.3456,0.0622,0.9994212962962962,0.0005787037037037037,20.274,0.0984,48.2742,28.0002,0.0,0.0,0.0,48.274199999999986,0.0984,48.372599999999984,48.3766
1110,0.219,0.0,0.2191,0.0394,0.9995435874030124,0.0,11.373,0.0144,11.3725,0.0,0.0,0.0,0.0,11.372500000000004,0.0144,11.386900000000004,11.3863
1111,0.1102,0.0001,0.1103,0.0199,0.9990933816863101,0.0009066183136899366,5.8935,0.0566,6.8936,1.0001,0.0,0.0,0.0,6.8936,0.056600000000000004,6.950200000000001,6.9454
1112,0.2146,0.0007,0.2152,0.0387,0.9972118959107807,0.0032527881040892194,11.586,0.397,14.5849,2.9989,0.0,0.0,0.0,14.584899999999998,0.3969999999999999,14.981899999999998,16.4818
1113,0.4294,0.0002,0.4296,0.0773,0.9995344506517692,0.00046554934823091253,22.296,0.1201,33.2955,10.9995,0.0,0.0,0.0,33.2955,0.1201,33.4156,33.4143
1114,0.101,0.0001,0.1011,0.0182,0.9990108803165184,0.0009891196834817015,5.454,0.0549,26.4548,21.0008,0.0,0.0,0.0,26.454800000000013,0.05489999999999999,26.509700000000013,27.0098
1115,0.1756,0.004,0.1796,0.0323,0.977728285077951,0.022271714922048998,9.777,2.4084,157.7771,148.0001,0.0,0.0,0.0,157.77710000000002,2.4084000000000003,160.18550000000002,164.6852
1116,0.2738,0.0001,0.2739,0.0493,0.9996349032493611,0.0003650967506389194,14.2155,0.0966,15.2158,1.0003,0.0,0.0,0.0,15.215799999999996,0.09659999999999999,15.312399999999997,15.3097
1117,0.3322,0.0033,0.3355,0.0604,0.9901639344262294,0.009836065573770491,18.12,2.0932,203.1197,184.9997,0.0,0.0,0.0,203.1197,2.0932,205.2129,209.7154
1118,0.1232,0.0001,0.1233,0.0222,0.9991889699918897,0.0008110300081103001,7.0755,0.0812,7.0762,0.0007,0.0,0.0,0.0,7.076200000000001,0.08120000000000001,7.157400000000001,8.158
1119,0.384,0.0003,0.3843,0.0692,0.9992193598750977,0.00078064012490242,22.296,0.2063,41.2958,18.9998,0.0,0.0,0.0,41.2958,0.20629999999999996,41.5021,42.5031
1120,0.4634,0.0,0.4635,0.0834,0.9997842502696871,0.0,26.067,0.0302,26.0669,0.0,0.0,0.0,0.0,26.0669,0.030199999999999998,26.0971,26.5952
1121,0.3476,0.0003,0.3479,0.0626,0.9991376832423111,0.0008623167576889911,19.554,0.1559,30.5543,11.0003,0.0,0.0,0.0,30.554299999999998,0.1559,30.710199999999997,30.7067
1122,0.4568,0.0002,0.457,0.0823,0.999562363238512,0.000437636761487965,26.5215,0.1431,40.521,13.9995,0.0,0.0,0.0,40.521,0.1431,40.6641,40.6603
1123,0.2525,0.0003,0.2528,0.0455,0.9988132911392404,0.0011867088607594935,13.6365,0.1793,32.6364,18.9999,0.0,0.0,0.0,32.636399999999995,0.17930000000000001,32.81569999999999,32.8201
1124,0.2783,0.0001,0.2784,0.0501,0.9996408045977012,0.0003591954022988506,14.7345,0.0574,24.7338,9.9993,0.0,0.0,0.0,24.73379999999999,0.05739999999999999,24.791199999999993,24.7866
1125,0.0952,0.0202,0.1154,0.0208,0.8249566724436742,0.17504332755632582,5.1915,13.2545,185.1917,180.0002,0.0,0.0,0.0,185.19170000000005,13.2545,198.44620000000006,203.9474
1126,0.3744,0.0,0.3744,0.0674,1.0,0.0,20.628,0.0307,25.6274,4.9994,0.0,0.0,0.0,25.627399999999998,0.030699999999999998,25.658099999999997,25.6594
1127,0.4074,0.0037,0.4111,0.074,0.9909997567501824,0.009000243249817562,21.999,2.2699,82.9986,60.9996,0.0,0.0,0.0,82.9986,2.2699,85.26849999999999,94.7707
1128,0.1413,0.0001,0.1414,0.0255,0.9992927864214993,0.0007072135785007072,7.788,0.0376,21.7876,13.9996,0.0,0.0,0.0,21.78760000000001,0.037599999999999995,21.82520000000001,21.8205
1129,0.0977,0.0176,0.1153,0.0208,0.8473547267996531,0.15264527320034693,5.328,10.883,103.3277,97.9997,0.0,0.0,0.0,103.32769999999996,10.883,114.21069999999996,121.207
1130,0.1641,0.0,0.1642,0.0296,0.9993909866017051,0.0,8.6895,0.0274,9.689,0.9995,0.0,0.0,0.0,9.689,0.0274,9.7164,9.7121
1131,0.2565,0.0016,0.2581,0.0464,0.9938008523827974,0.006199147617202635,14.7345,1.0014,114.7338,99.9993,0.0,0.0,0.0,114.73379999999999,1.0014,115.73519999999999,117.7374
1132,0.3867,0.0,0.3868,0.0696,0.999741468459152,0.0,21.3105,0.0196,27.3105,6.0,0.0,0.0,0.0,27.3105,0.019600000000000003,27.3301,27.3335
1133,0.3535,0.0215,0.375,0.0675,0.9426666666666667,0.057333333333333326,19.0905,13.2792,257.0908,238.0003,0.0,0.0,0.0,257.0908,13.279200000000001,270.37,281.8731
1134,0.3705,0.0001,0.3706,0.0667,0.9997301672962763,0.0002698327037236913,20.628,0.0605,20.6278,0.0,0.0,0.0,0.0,20.627799999999997,0.0605,20.688299999999998,20.6889
1135,0.3322,0.0017,0.3339,0.0601,0.9949086552860138,0.005091344713986224,18.12,1.0241,111.1197,92.9997,0.0,0.0,0.0,111.11969999999998,1.0241,112.14379999999998,118.1438
1136,0.0958,0.0001,0.0959,0.0173,0.9989572471324296,0.0010427528675703858,5.6865,0.0529,5.6863,0.0,0.0,0.0,0.0,5.686300000000002,0.05289999999999999,5.739200000000002,6.2421
1137,0.1794,0.001,0.1804,0.0325,0.9944567627494457,0.005543237250554323,10.092,0.636,49.0921,39.0001,0.0,0.0,0.0,49.092099999999995,0.636,49.7281,54.727
1138,0.2053,0.0,0.2053,0.037,1.0,0.0,11.793,0.0185,15.7931,4.0001,0.0,0.0,0.0,15.793100000000006,0.018500000000000003,15.811600000000006,15.8166
1139,0.2128,0.0035,0.2163,0.0389,0.9838187702265372,0.016181229773462785,12.222,2.2031,166.2215,153.9995,0.0,0.0,0.0,166.22149999999996,2.2031,168.42459999999997,173.9221
1140,0.2309,0.0005,0.2313,0.0416,0.998270644185041,0.00216169476869866,12.222,0.3073,20.2213,7.9993,0.0,0.0,0.0,20.2213,0.30729999999999996,20.5286,20.5278
1141,0.3384,0.011,0.3494,0.0629,0.9685174585002861,0.031482541499713794,18.6465,6.938,232.6466,214.0001,0.0,0.0,0.0,232.64659999999998,6.938,239.58459999999997,242.588
1142,0.0952,0.0001,0.0952,0.0171,1.0,0.0010504201680672268,5.1915,0.0435,5.192,0.0005,0.0,0.0,0.0,5.191999999999999,0.04349999999999999,5.235499999999999,5.7324
1143,0.3264,0.0001,0.3265,0.0588,0.9996937212863707,0.00030627871362940275,18.171,0.0431,21.1715,3.0005,0.0,0.0,0.0,21.171500000000005,0.0431,21.214600000000004,21.2171
1144,0.2663,0.0001,0.2665,0.048,0.9992495309568479,0.000375234521575985,15.138,0.085,20.1384,5.0004,0.0,0.0,0.0,20.1384,0.085,20.2234,20.728
1145,0.3922,0.0241,0.4163,0.0749,0.9421090559692529,0.05789094403074706,22.296,15.0867,270.2957,247.9997,0.0,0.0,0.0,270.2957,15.086699999999999,285.3824,291.882
1146,0.3384,0.0024,0.3408,0.0613,0.9929577464788732,0.00704225352112676,18.6465,1.4472,119.6465,101.0,0.0,0.0,0.0,119.64649999999997,1.4472000000000003,121.09369999999997,122.5901
1147,0.3959,0.0013,0.3972,0.0715,0.9967270896273916,0.0032729103726082576,21.8175,0.843,67.818,46.0005,0.0,0.0,0.0,67.81800000000001,0.8430000000000002,68.66100000000002,70.1621
1148,0.2117,0.0004,0.2121,0.0382,0.998114097123998,0.001885902876001886,11.787,0.2619,23.7871,12.0001,0.0,0.0,0.0,23.787100000000002,0.2619,24.049000000000003,25.0485
1149,0.2452,0.0007,0.2459,0.0443,0.997153314355429,0.0028466856445709637,12.9795,0.4203,23.9796,11.0001,0.0,0.0,0.0,23.979600000000005,0.4203,24.399900000000006,26.4033
1150,0.4283,0.0042,0.4325,0.0779,0.9902890173410405,0.009710982658959538,23.364,2.6265,179.3628,155.9988,0.0,0.0,0.0,179.36280000000002,2.6265,181.98930000000001,186.9877
1151,0.1899,0.0003,0.1902,0.0342,0.998422712933754,0.0015772870662460565,10.9095,0.1788,21.9092,10.9997,0.0,0.0,0.0,21.9092,0.17880000000000001,22.087999999999997,22.5861
1152,0.1502,0.016,0.1662,0.0299,0.9037304452466908,0.09626955475330927,8.361,9.6132,273.3606,264.9996,0.0,0.0,0.0,273.3606,9.6132,282.9738,287.9767
1153,0.4455,0.0183,0.4638,0.0835,0.9605433376455369,0.03945666235446313,24.546,12.828,295.5456,270.9996,0.0,0.0,0.0,295.54560000000004,12.828000000000001,308.3736,312.3767
1154,0.1533,0.0002,0.1535,0.0276,0.9986970684039087,0.0013029315960912053,8.361,0.1071,29.3609,20.9999,0.0,0.0,0.0,29.360900000000008,0.1071,29.468000000000007,29.9697
1155,0.4961,0.0003,0.4964,0.0893,0.9993956486704271,0.000604351329572925,26.5215,0.2075,46.5212,19.9997,0.0,0.0,0.0,46.521199999999986,0.2075,46.72869999999999,46.7268
1156,0.2966,0.0,0.2966,0.0534,1.0,0.0,16.5105,0.0078,26.5109,10.0004,0.0,0.0,0.0,26.5109,0.0078000000000000005,26.5187,27.0168
1157,0.4248,0.0007,0.4255,0.0766,0.9983548766157462,0.0016451233842538192,23.1705,0.4641,54.1705,31.0,0.0,0.0,0.0,54.1705,0.4640999999999999,54.6346,58.1298
1158,0.1712,0.0001,0.1713,0.0308,0.9994162288382953,0.0005837711617046118,9.435,0.0739,15.435,6.0,0.0,0.0,0.0,15.434999999999995,0.07390000000000001,15.508899999999995,16.0097
1159,0.0878,0.0019,0.0897,0.0161,0.9788182831661093,0.021181716833890748,5.046,1.1977,86.046,81.0,0.0,0.0,0.0,86.04599999999998,1.1977000000000002,87.24369999999998,96.2419
1160,0.1561,0.0053,0.1614,0.0291,0.9671623296158612,0.03283767038413879,8.6895,3.3171,138.6887,129.9992,0.0,0.0,0.0,138.68869999999998,3.3171000000000004,142.0058,144.5089
1161,0.1394,0.0001,0.1395,0.0251,0.9992831541218636,0.0007168458781362007,8.1825,0.0598,14.1819,5.9994,0.0,0.0,0.0,14.181900000000002,0.05979999999999999,14.241700000000002,14.2389
1162,0.3359,0.009,0.3449,0.0621,0.9739054798492316,0.02609452015076834,19.0905,5.636,173.091,154.0005,0.0,0.0,0.0,173.09099999999998,5.636,178.72699999999998,189.7285
1163,0.1026,0.0001,0.1028,0.0185,0.9980544747081711,0.0009727626459143969,5.328,0.0868,27.3275,21.9995,0.0,0.0,0.0,27.3275,0.08679999999999999,27.4143,27.4131
1164,0.2368,0.0044,0.2412,0.0434,0.9817578772802654,0.01824212271973466,13.3185,2.961,191.319,178.0005,0.0,0.0,0.0,191.31900000000002,2.961,194.28000000000003,199.7811
1165,0.2161,0.0,0.2161,0.0389,1.0,0.0,11.787,0.0318,11.787,0.0,0.0,0.0,0.0,11.787,0.031799999999999995,11.818800000000001,11.8174
1166,0.336,0.0002,0.3361,0.0605,0.9997024695031241,0.0005950609937518596,19.509,0.096,24.5085,4.9995,0.0,0.0,0.0,24.508499999999998,0.09599999999999999,24.604499999999998,24.6071
1167,0.3641,0.0,0.3642,0.0655,0.9997254255903348,0.0,19.0905,0.0134,24.0911,5.0006,0.0,0.0,0.0,24.0911,0.013399999999999999,24.1045,24.1019
1168,0.3246,0.0088,0.3334,0.06,0.9736052789442112,0.026394721055788845,18.6465,5.4129,168.6465,150.0,0.0,0.0,0.0,168.64649999999997,5.4129000000000005,174.05939999999998,182.062
1169,0.2248,0.0004,0.2252,0.0405,0.9982238010657193,0.0017761989342806395,11.787,0.2522,19.7871,8.0001,0.0,0.0,0.0,19.78710000000001,0.2522,20.039300000000008,21.0434
1170,0.3892,0.0137,0.4029,0.0725,0.9659965251923555,0.03400347480764458,21.228,8.5359,349.2283,328.0003,0.0,0.0,0.0,349.2283000000001,8.535900000000002,357.76420000000013,363.7645
1171,0.1517,0.0025,0.1542,0.0278,0.98378728923476,0.01621271076523995,8.361,1.525,47.3607,38.9997,0.0,0.0,0.0,47.36070000000001,1.5250000000000001,48.88570000000001,52.3856
1172,0.3066,0.0006,0.3072,0.0553,0.998046875,0.001953125,16.722,0.4158,80.7216,63.9996,0.0,0.0,0.0,80.72160000000001,0.41580000000000006,81.13740000000001,84.6407
1173,0.2503,0.0222,0.2725,0.0491,0.9185321100917432,0.08146788990825687,13.935,13.7052,265.9345,251.9995,0.0,0.0,0.0,265.93449999999996,13.705200000000001,279.63969999999995,290.6435
1174,0.3255,0.0,0.3255,0.0586,1.0,0.0,18.12,0.0282,20.1197,1.9997,0.0,0.0,0.0,20.119699999999995,0.028199999999999996,20.147899999999993,20.1448
1175,0.2708,0.0095,0.2803,0.0505,0.9661077417053157,0.033892258294684265,14.481,5.8149,289.4815,275.0005,0.0,0.0,0.0,289.4815,5.814900000000001,295.2964,303.7946
1176,0.2106,0.0056,0.2162,0.0389,0.9740980573543015,0.025901942645698426,11.148,3.4763,146.1476,134.9996,0.0,0.0,0.0,146.1476,3.4763000000000006,149.62390000000002,154.6237
1177,0.4128,0.0013,0.414,0.0745,0.9971014492753624,0.003140096618357488,22.7445,0.7769,83.7448,61.0003,0.0,0.0,0.0,83.74480000000001,0.7769,84.52170000000001,86.0212
1178,0.3606,0.0,0.3606,0.0649,1.0,0.0,19.0905,0.0258,25.0906,6.0001,0.0,0.0,0.0,25.090600000000006,0.0258,25.116400000000006,25.1142
1179,0.3359,0.0026,0.3384,0.0609,0.9926122931442081,0.0076832151300236405,19.0905,1.5929,101.0908,82.0003,0.0,0.0,0.0,101.09080000000002,1.5928999999999998,102.68370000000002,106.1823
1180,0.2259,0.0,0.226,0.0407,0.9995575221238937,0.0,12.9795,0.0135,17.9795,5.0,0.0,0.0,0.0,17.9795,0.0135,17.993000000000002,17.9918
1181,0.332,0.0061,0.3381,0.0609,0.981958000591541,0.018041999408459037,18.87,3.7646,325.8696,306.9996,0.0,0.0,0.0,325.86959999999993,3.7646,329.6341999999999,337.132
1182,0.1775,0.0003,0.1778,0.032,0.9983127109111359,0.0016872890888638917,10.092,0.1677,35.0921,25.0001,0.0,0.0,0.0,35.09210000000001,0.16770000000000002,35.25980000000001,35.2588
1183,0.1788,0.0002,0.1791,0.0322,0.9983249581239529,0.0011166945840312675,10.383,0.1488,12.3835,2.0005,0.0,0.0,0.0,12.383499999999998,0.1488,12.532299999999998,13.5274
1184,0.2369,0.0002,0.2371,0.0427,0.9991564740615774,0.0008435259384226065,14.2155,0.0983,16.2157,2.0002,0.0,0.0,0.0,16.2157,0.09830000000000001,16.313999999999997,16.313
1185,0.1516,0.0001,0.1517,0.0273,0.9993408042188531,0.0006591957811470007,8.529,0.0707,9.5292,1.0002,0.0,0.0,0.0,9.5292,0.0707,9.5999,10.0978
1186,0.1471,0.0056,0.1527,0.0275,0.9633267845448592,0.036673215455140795,8.361,3.6677,272.3608,263.9998,0.0,0.0,0.0,272.3608,3.6677,276.0285,280.5297
1187,0.2336,0.0006,0.2342,0.0422,0.9974380871050385,0.0025619128949615714,12.615,0.3561,29.6152,17.0002,0.0,0.0,0.0,29.61520000000001,0.35609999999999997,29.97130000000001,29.9669
1188,0.3744,0.0018,0.3761,0.0677,0.995479925551715,0.004785961180537091,20.628,1.1299,88.6275,67.9995,0.0,0.0,0.0,88.62750000000003,1.1299,89.75740000000003,92.758
1189,0.2635,0.0011,0.2646,0.0476,0.9958427815570673,0.0041572184429327285,15.138,0.6901,90.138,75.0,0.0,0.0,0.0,90.13800000000003,0.6901,90.82810000000003,92.3252
1190,0.1548,0.0,0.1548,0.0279,1.0,0.0,8.529,0.0278,8.5294,0.0004,0.0,0.0,0.0,8.529399999999999,0.027800000000000002,8.557199999999998,8.5609
1191,0.3,0.0,0.3,0.054,1.0,0.0,16.3635,0.0098,16.3637,0.0002,0.0,0.0,0.0,16.363699999999998,0.009799999999999998,16.373499999999996,16.3693
1192,0.2682,0.0026,0.2707,0.0487,0.990764684152198,0.009604728481714075,14.481,1.6109,81.4813,67.0003,0.0,0.0,0.0,81.48130000000002,1.6108999999999998,83.09220000000002,87.088
1193,0.45,0.0,0.45,0.081,1.0,0.0,24.546,0.0246,25.5458,0.9998,0.0,0.0,0.0,25.545800000000007,0.0246,25.570400000000006,25.5753
1194,0.3042,0.0011,0.3053,0.055,0.9963969865705864,0.0036030134294136916,17.1105,0.6963,43.11,25.9995,0.0,0.0,0.0,43.11000000000001,0.6962999999999999,43.80630000000001,45.81
1195,0.098,0.0056,0.1035,0.0186,0.9468599033816426,0.05410628019323672,5.454,3.4318,166.4542,161.0002,0.0,0.0,0.0,166.45419999999996,3.4318000000000004,169.88599999999997,177.3853
1196,0.3504,0.0098,0.3602,0.0648,0.9727928928373125,0.027207107162687393,19.509,6.3018,243.5084,223.9994,0.0,0.0,0.0,243.50840000000002,6.301799999999999,249.8102,256.3101
1197,0.1331,0.0,0.1331,0.024,1.0,0.0,7.3335,0.0105,7.3328,0.0,0.0,0.0,0.0,7.3328000000000015,0.010499999999999999,7.343300000000002,7.3459
1198,0.4154,0.002,0.4174,0.0751,0.9952084331576425,0.004791566842357451,23.364,1.2077,91.3633,67.9993,0.0,0.0,0.0,91.3633,1.2077,92.571,94.0679
1199,0.4961,0.0001,0.4962,0.0893,0.9997984683595325,0.00020153164046755341,26.5215,0.0644,30.521,3.9995,0.0,0.0,0.0,30.521000000000004,0.06440000000000001,30.585400000000003,30.5874
1200,0.2076,0.003,0.2106,0.0379,0.9857549857549858,0.014245014245014245,11.325,1.8941,169.3248,157.9998,0.0,0.0,0.0,169.32479999999998,1.8941000000000003,171.2189,176.7162
1201,0.1016,0.0011,0.1027,0.0185,0.9892891918208373,0.01071080817916261,5.328,0.726,22.3277,16.9997,0.0,0.0,0.0,22.3277,0.7259999999999999,23.0537,24.0566
1202,0.2606,0.0054,0.266,0.0479,0.9796992481203007,0.02030075187969925,14.2155,3.3627,145.2155,131.0,0.0,0.0,0.0,145.2155,3.3626999999999994,148.57819999999998,155.0776
1203,0.1815,0.0001,0.1817,0.0327,0.9988992845349477,0.000550357732526142,10.6545,0.0815,30.6552,20.0007,0.0,0.0,0.0,30.6552,0.0815,30.7367,30.734
1204,0.0944,0.0005,0.0949,0.0171,0.9947312961011591,0.005268703898840885,5.046,0.3118,22.046,17.0,0.0,0.0,0.0,22.046,0.3118,22.3578,22.8534
1205,0.3432,0.0021,0.3454,0.0622,0.9936305732484078,0.006079907353792704,18.171,1.2832,106.1714,88.0004,0.0,0.0,0.0,106.17139999999999,1.2832000000000001,107.45459999999999,110.4539
1206,0.1884,0.0043,0.1927,0.0347,0.9776855215360665,0.022314478463933574,10.383,2.6618,122.3836,112.0006,0.0,0.0,0.0,122.38360000000002,2.6618,125.04540000000001,127.0467
1207,0.2081,0.0064,0.2145,0.0386,0.9701631701631702,0.02983682983682984,11.586,3.9012,137.5855,125.9995,0.0,0.0,0.0,137.5855,3.9012,141.48669999999998,146.9835
1208,0.2139,0.0,0.214,0.0385,0.9995327102803739,0.0,11.325,0.0286,15.3249,3.9999,0.0,0.0,0.0,15.324900000000005,0.0286,15.353500000000006,15.3551
1209,0.3066,0.0187,0.3253,0.0586,0.942514601905933,0.057485398094067025,16.722,11.8392,147.7214,130.9994,0.0,0.0,0.0,147.72140000000002,11.8392,159.56060000000002,168.0642
1210,0.0878,0.0137,0.1015,0.0183,0.8650246305418718,0.13497536945812807,4.8885,8.8316,305.8885,301.0,0.0,0.0,0.0,305.88849999999996,8.8316,314.72009999999995,321.2248
1211,0.143,0.001,0.144,0.0259,0.9930555555555556,0.006944444444444445,7.569,0.6494,54.569,47.0,0.0,0.0,0.0,54.56900000000002,0.6494000000000001,55.21840000000002,55.7219
1212,0.3488,0.0006,0.3494,0.0629,0.998282770463652,0.001717229536348025,18.6465,0.4054,31.6465,13.0,0.0,0.0,0.0,31.64649999999999,0.40540000000000004,32.05189999999999,32.0493
1213,0.1865,0.0021,0.1887,0.034,0.9883412824589295,0.011128775834658187,10.383,1.3409,113.3834,103.0004,0.0,0.0,0.0,113.3834,1.3409,114.7243,120.2203
1214,0.4046,0.0027,0.4074,0.0733,0.993127147766323,0.00662739322533137,22.296,1.7988,114.2952,91.9992,0.0,0.0,0.0,114.29520000000001,1.7987999999999997,116.09400000000001,120.5958
1215,0.404,0.0,0.4041,0.0727,0.9997525365008662,0.0,21.8175,0.0225,21.8182,0.0007,0.0,0.0,0.0,21.818199999999994,0.0225,21.840699999999995,21.8419
1216,0.1465,0.0043,0.1508,0.0271,0.9714854111405835,0.028514588859416448,7.992,2.7118,66.9916,58.9996,0.0,0.0,0.0,66.9916,2.7118,69.7034,76.7051
1217,0.2168,0.0,0.2168,0.039,1.0,0.0,11.148,0.0297,11.148,0.0,0.0,0.0,0.0,11.148,0.0297,11.1777,11.1819
1218,0.2643,0.0,0.2643,0.0476,1.0,0.0,13.59,0.0172,18.5896,4.9996,0.0,0.0,0.0,18.5896,0.017200000000000007,18.6068,18.6069
1219,0.0933,0.0,0.0933,0.0168,1.0,0.0,5.1915,0.0115,11.1922,6.0007,0.0,0.0,0.0,11.192199999999998,0.0115,11.203699999999998,11.2027
1220,0.1961,0.0002,0.1963,0.0353,0.9989811512990321,0.0010188487009679063,11.148,0.0987,16.1478,4.9998,0.0,0.0,0.0,16.1478,0.0987,16.2465,16.2425
1221,0.3986,0.0046,0.4032,0.0726,0.9885912698412699,0.011408730158730158,21.3105,2.9162,219.3103,197.9998,0.0,0.0,0.0,219.31030000000007,2.9162,222.22650000000007,229.231
1222,0.4377,0.0,0.4377,0.0788,1.0,0.0,23.1705,0.0318,24.1705,1.0,0.0,0.0,0.0,24.170499999999997,0.031799999999999995,24.202299999999997,24.2008
1223,0.1604,0.0028,0.1632,0.0294,0.9828431372549018,0.017156862745098037,8.841,1.8402,54.8402,45.9992,0.0,0.0,0.0,54.8402,1.8401999999999996,56.680400000000006,58.684
1224,0.1769,0.0003,0.1772,0.0319,0.9983069977426637,0.001693002257336343,10.383,0.185,10.3837,0.0007,0.0,0.0,0.0,10.3837,0.18499999999999997,10.5687,10.5638
1225,0.2356,0.0019,0.2375,0.0428,0.9920000000000001,0.008,12.9795,1.2129,74.9797,62.0002,0.0,0.0,0.0,74.9797,1.2128999999999999,76.1926,79.1972
1226,0.1062,0.0066,0.1128,0.0203,0.9414893617021277,0.05851063829787234,5.793,3.8879,91.7928,85.9998,0.0,0.0,0.0,91.79280000000001,3.8878999999999992,95.68070000000002,99.6803
1227,0.1577,0.0007,0.1584,0.0285,0.9955808080808081,0.004419191919191919,9.06,0.4367,17.0597,7.9997,0.0,0.0,0.0,17.059699999999996,0.4366999999999999,17.496399999999994,17.493
1228,0.099,0.0052,0.1042,0.0188,0.9500959692898273,0.04990403071017274,5.454,3.1397,180.4543,175.0003,0.0,0.0,0.0,180.45429999999993,3.1397,183.59399999999994,192.0966
1229,0.1233,0.0005,0.1238,0.0223,0.9959612277867529,0.004038772213247173,6.795,0.2784,9.7948,2.9998,0.0,0.0,0.0,9.794799999999999,0.2784,10.073199999999998,10.0709
1230,0.156,0.0,0.1561,0.0281,0.9993593850096093,0.0,9.06,0.0139,14.0598,4.9998,0.0,0.0,0.0,14.059799999999996,0.0139,14.073699999999995,14.0687
1231,0.3074,0.0033,0.3107,0.0559,0.9893788220148054,0.010621177985194722,17.661,1.9898,122.661,105.0,0.0,0.0,0.0,122.66100000000003,1.9897999999999998,124.65080000000003,126.6539
1232,0.1271,0.0018,0.1289,0.0232,0.9860356865787432,0.013964313421256789,7.0755,1.1466,85.0759,78.0004,0.0,0.0,0.0,85.07589999999999,1.1466,86.2225,91.7207
1233,0.3666,0.0002,0.3669,0.066,0.999182338511856,0.0005451076587626056,21.999,0.1321,24.9987,2.9997,0.0,0.0,0.0,24.998699999999996,0.1321,25.130799999999997,25.1341
1234,0.0839,0.0003,0.0842,0.0152,0.9964370546318291,0.003562945368171021,4.7175,0.2093,73.7175,69.0,0.0,0.0,0.0,73.7175,0.2093,73.9268,74.4249
1235,0.3621,0.0004,0.3625,0.0653,0.9988965517241379,0.001103448275862069,19.554,0.287,36.5541,17.0001,0.0,0.0,0.0,36.554100000000005,0.287,36.841100000000004,39.3423
1236,0.2117,0.0001,0.2118,0.0381,0.9995278564683664,0.00047214353163361664,11.787,0.0511,15.7871,4.0001,0.0,0.0,0.0,15.7871,0.05109999999999999,15.8382,15.8378
1237,0.2973,0.0003,0.2976,0.0536,0.9989919354838711,0.0010080645161290322,16.722,0.1963,23.7217,6.9997,0.0,0.0,0.0,23.721699999999995,0.19629999999999997,23.917999999999996,23.9203
1238,0.4076,0.0057,0.4134,0.0744,0.9859700048379294,0.013788098693759071,23.1705,3.7363,171.1705,148.0,0.0,0.0,0.0,171.17050000000003,3.7363,174.90680000000003,178.4093
1239,0.4682,0.0002,0.4684,0.0843,0.9995730145175065,0.00042698548249359527,26.067,0.1108,32.067,6.0,0.0,0.0,0.0,32.067,0.11080000000000001,32.1778,33.1734
1240,0.4779,0.0,0.4779,0.086,1.0,0.0,26.067,0.0165,26.0666,0.0,0.0,0.0,0.0,26.0666,0.0165,26.0831,26.0831
1241,0.0949,0.0001,0.0951,0.0171,0.9978969505783385,0.0010515247108307045,5.454,0.1018,14.4547,9.0007,0.0,0.0,0.0,14.454699999999999,0.1018,14.5565,14.5567
1242,0.2762,0.0,0.2763,0.0497,0.9996380745566413,0.0,14.481,0.0295,16.4815,2.0005,0.0,0.0,0.0,16.481500000000004,0.02949999999999999,16.511000000000003,17.0091
1243,0.0856,0.0001,0.0856,0.0154,1.0,0.0011682242990654207,4.53,0.0371,6.5299,1.9999,0.0,0.0,0.0,6.529899999999998,0.0371,6.5669999999999975,6.5692
1244,0.1792,0.0073,0.1865,0.0336,0.960857908847185,0.039142091152815014,9.777,4.596,232.777,223.0,0.0,0.0,0.0,232.77700000000007,4.596,237.37300000000008,245.376
1245,0.1,0.0191,0.1191,0.0214,0.8396305625524769,0.16036943744752308,5.454,12.6038,255.4542,250.0002,0.0,0.0,0.0,255.45419999999996,12.603800000000001,268.05799999999994,275.5619
1246,0.2701,0.0063,0.2764,0.0498,0.977206946454414,0.022793053545586108,14.7345,3.797,174.7337,159.9992,0.0,0.0,0.0,174.73370000000006,3.7969999999999997,178.53070000000005,188.035
1247,0.3404,0.0147,0.3551,0.0639,0.9586032103632778,0.041396789636722046,19.554,9.4677,300.5544,281.0004,0.0,0.0,0.0,300.5544000000001,9.467699999999999,310.0221000000001,320.5184
1248,0.4121,0.013,0.4251,0.0765,0.9694189602446485,0.03058103975535168,22.707,8.6622,185.7072,163.0002,0.0,0.0,0.0,185.70720000000006,8.6622,194.36940000000007,207.8655
1249,0.3959,0.0051,0.401,0.0722,0.9872817955112219,0.012718204488778055,21.8175,3.2972,186.8181,165.0006,0.0,0.0,0.0,186.81809999999996,3.2972,190.11529999999996,197.6136
1250,0.3613,0.0003,0.3616,0.0651,0.999170353982301,0.000829646017699115,19.509,0.1805,56.5082,36.9992,0.0,0.0,0.0,56.5082,0.18050000000000005,56.688700000000004,56.687
1251,0.3074,0.0126,0.32,0.0576,0.960625,0.039375,17.1105,8.1907,144.1102,126.9997,0.0,0.0,0.0,144.11020000000002,8.1907,152.3009,158.7965
1252,0.1051,0.0004,0.1055,0.019,0.9962085308056873,0.0037914691943127963,5.793,0.2528,28.7927,22.9997,0.0,0.0,0.0,28.792699999999993,0.25279999999999997,29.045499999999993,29.0468
1253,0.3996,0.0,0.3996,0.0719,1.0,0.0,23.9745,0.0228,28.9741,4.9996,0.0,0.0,0.0,28.9741,0.0228,28.9969,28.9962
1254,0.2241,0.0042,0.2282,0.0411,0.9820333041191938,0.018404907975460124,12.222,2.7227,227.2214,214.9994,0.0,0.0,0.0,227.22139999999996,2.7227,229.94409999999996,237.9449
1255,0.0882,0.0017,0.0899,0.0162,0.9810901001112348,0.018909899888765295,4.7175,1.0713,166.7175,162.0,0.0,0.0,0.0,166.71749999999997,1.0713000000000001,167.78879999999998,170.7909
1256,0.4033,0.0001,0.4034,0.0726,0.9997521070897373,0.0002478929102627665,21.999,0.0353,21.9984,0.0,0.0,0.0,0.0,21.998399999999997,0.0353,22.033699999999996,22.0377
1257,0.3066,0.0026,0.3091,0.0556,0.9919120025881591,0.008411517308314461,16.722,1.6049,105.7215,88.9995,0.0,0.0,0.0,105.7215,1.6048999999999998,107.3264,109.8251
1258,0.3591,0.0111,0.3702,0.0666,0.9700162074554295,0.029983792544570505,20.628,7.0237,193.6273,172.9993,0.0,0.0,0.0,193.62730000000002,7.0237,200.651,212.6557
1259,0.198,0.0002,0.1983,0.0357,0.9984871406959153,0.0010085728693898135,10.383,0.1568,11.3834,1.0004,0.0,0.0,0.0,11.383399999999998,0.1568,11.540199999999999,12.5411
1260,0.2617,0.0003,0.262,0.0472,0.998854961832061,0.0011450381679389311,13.59,0.2028,26.5897,12.9997,0.0,0.0,0.0,26.58969999999999,0.20279999999999998,26.79249999999999,28.7952
1261,0.1413,0.0,0.1414,0.0254,0.9992927864214993,0.0,7.788,0.0224,8.7876,0.9996,0.0,0.0,0.0,8.7876,0.0224,8.809999999999999,9.3094
1262,0.2293,0.0001,0.2294,0.0413,0.9995640802092416,0.00043591979075850045,11.793,0.0548,14.7933,3.0003,0.0,0.0,0.0,14.793300000000006,0.054799999999999995,14.848100000000006,14.8509
1263,0.1588,0.0002,0.159,0.0286,0.9987421383647799,0.0012578616352201257,8.841,0.1286,10.8401,1.9991,0.0,0.0,0.0,10.8401,0.12860000000000002,10.9687,10.97
1264,0.1271,0.0004,0.1275,0.0229,0.9968627450980391,0.0031372549019607846,7.0755,0.2538,43.0759,36.0004,0.0,0.0,0.0,43.07589999999999,0.25379999999999997,43.32969999999999,45.8319
1265,0.373,0.0,0.373,0.0671,1.0,0.0,19.554,0.0187,19.5542,0.0002,0.0,0.0,0.0,19.554199999999998,0.018699999999999998,19.572899999999997,19.5701
1266,0.3435,0.0001,0.3436,0.0618,0.9997089639115251,0.0002910360884749709,20.385,0.0563,24.3847,3.9997,0.0,0.0,0.0,24.38470000000001,0.0563,24.44100000000001,24.9405
1267,0.1037,0.0118,0.1155,0.0208,0.8978354978354978,0.10216450216450215,5.8935,7.8355,103.8936,98.0001,0.0,0.0,0.0,103.89359999999999,7.8355,111.72909999999999,114.2299
1268,0.2548,0.0027,0.2575,0.0463,0.9895145631067962,0.010485436893203883,14.481,1.7839,128.4816,114.0006,0.0,0.0,0.0,128.48160000000001,1.7839000000000003,130.2655,133.7684
1269,0.1271,0.0,0.1271,0.0229,1.0,0.0,7.0755,0.0069,7.0764,0.0009,0.0,0.0,0.0,7.076400000000001,0.006900000000000001,7.083300000000001,7.0808
1270,0.198,0.0001,0.1981,0.0357,0.999495204442201,0.0005047955577990914,10.383,0.0435,10.3837,0.0007,0.0,0.0,0.0,10.383700000000001,0.043500000000000004,10.427200000000001,10.4265
1271,0.3626,0.0,0.3626,0.0653,1.0,0.0,20.184,0.0308,20.1842,0.0002,0.0,0.0,0.0,20.1842,0.030800000000000004,20.215,20.2197
1272,0.4552,0.0054,0.4606,0.0829,0.9882761615284411,0.011723838471558837,25.0815,3.5333,161.0817,136.0002,0.0,0.0,0.0,161.0817,3.5333000000000006,164.615,170.1195
1273,0.437,0.0,0.437,0.0787,1.0,0.0,23.364,0.0112,23.3635,0.0,0.0,0.0,0.0,23.363500000000005,0.0112,23.374700000000004,23.3786
1274,0.3107,0.0001,0.3108,0.056,0.9996782496782496,0.00032175032175032174,17.661,0.0844,23.6612,6.0002,0.0,0.0,0.0,23.66119999999999,0.08439999999999998,23.74559999999999,23.7496
1275,0.1436,0.0001,0.1437,0.0259,0.9993041057759221,0.0006958942240779402,7.992,0.0879,37.9912,29.9992,0.0,0.0,0.0,37.991200000000006,0.0879,38.079100000000004,38.0765
1276,0.4025,0.0003,0.4028,0.0725,0.9992552135054619,0.0007447864945382323,21.3105,0.1648,35.3104,13.9999,0.0,0.0,0.0,35.3104,0.1648,35.4752,35.9716
1277,0.3453,0.0001,0.3454,0.0622,0.9997104806022004,0.0002895193977996526,18.6465,0.0817,40.6466,22.0001,0.0,0.0,0.0,40.646599999999985,0.0817,40.72829999999998,40.7311
1278,0.1941,0.0007,0.1948,0.0351,0.9964065708418891,0.003593429158110883,11.148,0.4497,76.1477,64.9997,0.0,0.0,0.0,76.14770000000001,0.44969999999999993,76.59740000000001,76.6004
1279,0.4351,0.0,0.4351,0.0783,1.0,0.0,23.9745,0.0117,25.9742,1.9997,0.0,0.0,0.0,25.974200000000003,0.0117,25.985900000000004,25.988
1280,0.147,0.0226,0.1696,0.0305,0.8667452830188679,0.13325471698113206,8.1825,14.4295,129.182,120.9995,0.0,0.0,0.0,129.18200000000002,14.429500000000003,143.6115,149.6128
1281,0.2,0.0023,0.2023,0.0364,0.9886307464162135,0.011369253583786456,10.9095,1.4149,127.9089,116.9994,0.0,0.0,0.0,127.9089,1.4149,129.3238,135.8217
1282,0.1561,0.0,0.1561,0.0281,1.0,0.0,8.6895,0.0138,10.6889,1.9994,0.0,0.0,0.0,10.6889,0.013800000000000002,10.7027,10.7064
1283,0.4121,0.0049,0.417,0.0751,0.9882494004796164,0.011750599520383693,22.707,2.9636,320.7072,298.0002,0.0,0.0,0.0,320.70720000000006,2.9636,323.67080000000004,331.6714
1284,0.2606,0.0008,0.2614,0.0471,0.9969395562356541,0.00306044376434583,13.935,0.4701,22.9345,8.9995,0.0,0.0,0.0,22.934499999999993,0.47009999999999996,23.40459999999999,24.4091
1285,0.3066,0.0013,0.3078,0.0554,0.996101364522417,0.004223521767381416,16.722,0.8101,119.7215,102.9995,0.0,0.0,0.0,119.72150000000002,0.8100999999999998,120.53160000000003,123.5305
1286,0.2038,0.0016,0.2054,0.037,0.9922103213242455,0.007789678675754625,11.586,0.9312,87.5853,75.9993,0.0,0.0,0.0,87.58530000000002,0.9311999999999998,88.51650000000002,91.5135
1287,0.3679,0.0052,0.3731,0.0672,0.9860627177700348,0.013937282229965157,20.274,3.4166,381.2741,361.0001,0.0,0.0,0.0,381.2741000000001,3.4166,384.6907000000001,390.1937
1288,0.2659,0.0004,0.2662,0.0479,0.9988730277986477,0.0015026296018031556,14.2155,0.2172,30.2156,16.0001,0.0,0.0,0.0,30.215600000000002,0.2172,30.4328,30.4312
1289,0.2076,0.0145,0.2221,0.04,0.9347140927510131,0.06528590724898695,11.325,8.5718,169.3243,157.9993,0.0,0.0,0.0,169.32429999999997,8.5718,177.89609999999996,180.8941
1290,0.2442,0.018,0.2622,0.0472,0.931350114416476,0.06864988558352403,13.3185,11.7288,116.319,103.0005,0.0,0.0,0.0,116.31900000000002,11.728800000000001,128.04780000000002,140.5512
1291,0.1221,0.0001,0.1222,0.022,0.9991816693944353,0.0008183306055646482,6.795,0.0658,26.7949,19.9999,0.0,0.0,0.0,26.794899999999995,0.06580000000000001,26.860699999999994,26.8605
1292,0.1594,0.0002,0.1596,0.0287,0.9987468671679197,0.0012531328320802006,9.06,0.1151,20.0598,10.9998,0.0,0.0,0.0,20.059799999999996,0.11509999999999997,20.174899999999994,22.1704
1293,0.1865,0.0002,0.1867,0.0336,0.9989287627209427,0.0010712372790573112,9.777,0.1242,19.7771,10.0001,0.0,0.0,0.0,19.777100000000008,0.1242,19.901300000000006,21.3964
1294,0.1421,0.0093,0.1514,0.0273,0.9385733157199472,0.06142668428005283,7.992,6.0667,140.9916,132.9996,0.0,0.0,0.0,140.99160000000003,6.0667,147.05830000000003,153.0606
1295,0.1973,0.0,0.1973,0.0355,1.0,0.0,10.6545,0.0113,10.6551,0.0006,0.0,0.0,0.0,10.655100000000001,0.0113,10.666400000000001,10.6705
1296,0.2167,0.0055,0.2222,0.04,0.9752475247524752,0.02475247524752475,11.586,3.5516,178.5851,166.9991,0.0,0.0,0.0,178.5851,3.5516000000000005,182.13670000000002,183.6362
1297,0.4248,0.0,0.4248,0.0765,1.0,0.0,23.1705,0.0143,36.1705,13.0,0.0,0.0,0.0,36.17049999999999,0.014299999999999997,36.18479999999999,36.1806
1298,0.3642,0.0069,0.3711,0.0668,0.9814066289409864,0.018593371059013743,20.274,4.2435,270.2745,250.0005,0.0,0.0,0.0,270.2745,4.2435,274.518,278.5172
1299,0.167,0.0,0.167,0.0301,1.0,0.0,8.841,0.029,13.8402,4.9992,0.0,0.0,0.0,13.840199999999998,0.028999999999999998,13.869199999999998,13.8683
1300,0.3252,0.0,0.3252,0.0585,1.0,0.0,19.509,0.0148,20.5082,0.9992,0.0,0.0,0.0,20.508199999999995,0.0148,20.522999999999996,20.5183
1301,0.1502,0.0,0.1502,0.027,1.0,0.0,8.361,0.0135,8.3607,0.0,0.0,0.0,0.0,8.360700000000001,0.013499999999999998,8.374200000000002,8.3748
1302,0.2043,0.0001,0.2043,0.0368,1.0,0.0004894762604013706,11.373,0.0316,14.3724,2.9994,0.0,0.0,0.0,14.372400000000004,0.0316,14.404000000000003,14.4025
1303,0.4121,0.0083,0.4204,0.0757,0.980256898192198,0.019743101807802095,22.707,5.2118,402.7072,380.0002,0.0,0.0,0.0,402.7072,5.211799999999999,407.919,413.4179
1304,0.0894,0.002,0.0915,0.0165,0.9770491803278688,0.02185792349726776,5.1915,1.2874,132.1919,127.0004,0.0,0.0,0.0,132.19190000000003,1.2874,133.47930000000002,133.9749
1305,0.1331,0.0016,0.1347,0.0242,0.9881217520415739,0.011878247958426133,7.3335,1.0321,90.3328,82.9993,0.0,0.0,0.0,90.3328,1.0321000000000002,91.3649,97.8609
1306,0.2392,0.0052,0.2445,0.044,0.9783231083844581,0.0212678936605317,13.3185,3.098,195.3186,182.0001,0.0,0.0,0.0,195.3186,3.098,198.41660000000002,200.918
1307,0.4682,0.0,0.4683,0.0843,0.9997864616698697,0.0,26.067,0.0321,36.0667,9.9997,0.0,0.0,0.0,36.0667,0.0321,36.0988,36.1009
1308,0.373,0.002,0.3751,0.0675,0.9944014929352173,0.005331911490269262,20.7675,1.3412,96.7675,76.0,0.0,0.0,0.0,96.76750000000001,1.3412000000000004,98.10870000000001,100.609
1309,0.3551,0.001,0.3561,0.0641,0.997191800056164,0.002808199943836001,20.184,0.6636,152.1842,132.0002,0.0,0.0,0.0,152.18419999999995,0.6636000000000001,152.84779999999995,154.3527
1310,0.404,0.0001,0.4041,0.0727,0.9997525365008662,0.00024746349913387774,23.9745,0.0778,33.9742,9.9997,0.0,0.0,0.0,33.97420000000001,0.07780000000000001,34.052000000000014,34.0569
1311,0.2628,0.0064,0.2692,0.0485,0.9762258543833581,0.023774145616641904,14.481,3.9824,136.4815,122.0005,0.0,0.0,0.0,136.48150000000004,3.9823999999999997,140.46390000000005,153.9652
1312,0.437,0.018,0.455,0.0819,0.9604395604395604,0.03956043956043956,23.364,11.7281,218.3635,194.9995,0.0,0.0,0.0,218.36350000000004,11.728099999999998,230.09160000000003,232.5951
1313,0.2146,0.0165,0.231,0.0416,0.929004329004329,0.07142857142857142,11.586,9.5095,246.5853,234.9993,0.0,0.0,0.0,246.58530000000002,9.5095,256.0948,270.5928
1314,0.2218,0.0009,0.2227,0.0401,0.995958688819039,0.004041311180960933,12.222,0.5526,55.2216,42.9996,0.0,0.0,0.0,55.2216,0.5526,55.7742,55.7748
1315,0.2453,0.0,0.2453,0.0442,1.0,0.0,12.615,0.0199,12.6152,0.0002,0.0,0.0,0.0,12.615199999999998,0.0199,12.635099999999998,12.6324
1316,0.3541,0.0001,0.3541,0.0637,1.0,0.0002824060999717594,19.509,0.0445,23.5085,3.9995,0.0,0.0,0.0,23.508499999999998,0.0445,23.552999999999997,24.0542
1317,0.0888,0.0,0.0888,0.016,1.0,0.0,5.328,0.0193,7.3276,1.9996,0.0,0.0,0.0,7.3276,0.019299999999999998,7.346900000000001,7.3435
1318,0.3074,0.0001,0.3074,0.0553,1.0,0.00032530904359141186,17.1105,0.0416,30.1104,12.9999,0.0,0.0,0.0,30.11039999999999,0.0416,30.15199999999999,30.147
1319,0.339,0.0001,0.339,0.061,1.0,0.0002949852507374631,18.87,0.04,35.8698,16.9998,0.0,0.0,0.0,35.869800000000005,0.039999999999999994,35.909800000000004,35.9119
1320,0.2218,0.0002,0.222,0.04,0.9990990990990991,0.0009009009009009009,12.222,0.1334,38.2217,25.9997,0.0,0.0,0.0,38.22169999999999,0.13340000000000002,38.35509999999999,39.8592
1321,0.0987,0.0013,0.1,0.018,0.9869999999999999,0.013,5.793,0.8527,33.7927,27.9997,0.0,0.0,0.0,33.792699999999996,0.8526999999999999,34.645399999999995,35.6438
1322,0.2663,0.0001,0.2664,0.048,0.9996246246246244,0.00037537537537537537,15.138,0.0473,15.1382,0.0002,0.0,0.0,0.0,15.138200000000001,0.047299999999999995,15.185500000000001,15.1899
1323,0.1738,0.0008,0.1746,0.0314,0.995418098510882,0.004581901489117984,9.777,0.5064,71.7775,62.0005,0.0,0.0,0.0,71.7775,0.5064,72.2839,74.7857
1324,0.4081,0.0025,0.4105,0.0739,0.9941534713763703,0.006090133982947625,21.8175,1.5908,212.8182,191.0007,0.0,0.0,0.0,212.81819999999996,1.5908,214.40899999999996,215.4118
1325,0.151,0.0001,0.1511,0.0272,0.9993381866313699,0.0006618133686300463,9.06,0.0357,9.0599,0.0,0.0,0.0,0.0,9.059899999999999,0.0357,9.0956,9.0996
1326,0.196,0.003,0.199,0.0358,0.9849246231155778,0.01507537688442211,10.9095,1.8657,233.9089,222.9994,0.0,0.0,0.0,233.90890000000007,1.8657000000000001,235.77460000000008,240.2792
1327,0.2607,0.0041,0.2648,0.0477,0.9845166163141994,0.015483383685800607,14.6655,2.6762,265.6658,251.0003,0.0,0.0,0.0,265.6658,2.6762,268.342,275.34
1328,0.086,0.0,0.086,0.0155,1.0,0.0,4.8885,0.0189,4.8887,0.0002,0.0,0.0,0.0,4.8887,0.0189,4.9076,4.9037
1329,0.3807,0.0011,0.3819,0.0687,0.9968578161822466,0.002880335166273894,20.7675,0.7316,165.7673,144.9998,0.0,0.0,0.0,165.7673,0.7316,166.4989,169.9995
1330,0.3617,0.0002,0.3619,0.0651,0.9994473611494888,0.0005526388505111909,21.228,0.1407,38.2285,17.0005,0.0,0.0,0.0,38.228500000000004,0.14070000000000002,38.369200000000006,38.3689
1331,0.3429,0.0221,0.365,0.0657,0.9394520547945205,0.06054794520547946,19.0905,13.4549,271.0908,252.0003,0.0,0.0,0.0,271.0908,13.4549,284.5457,288.5414
1332,0.1011,0.013,0.1141,0.0205,0.8860648553900088,0.11393514460999124,5.6865,7.5581,164.6864,158.9999,0.0,0.0,0.0,164.6864,7.5581000000000005,172.2445,174.2417
1333,0.1702,0.0002,0.1704,0.0307,0.9988262910798121,0.0011737089201877935,9.777,0.143,24.7773,15.0003,0.0,0.0,0.0,24.777300000000004,0.14300000000000002,24.920300000000005,24.9199
1334,0.4289,0.0,0.4289,0.0772,1.0,0.0,22.707,0.0083,24.707,2.0,0.0,0.0,0.0,24.706999999999997,0.0083,24.715299999999996,24.7164
1335,0.2452,0.0003,0.2454,0.0442,0.9991850040749796,0.0012224938875305621,12.9795,0.1703,43.9797,31.0002,0.0,0.0,0.0,43.97969999999999,0.1703,44.149999999999984,44.1534
1336,0.3535,0.0015,0.355,0.0639,0.995774647887324,0.004225352112676057,19.0905,0.9416,145.0906,126.0001,0.0,0.0,0.0,145.0906,0.9416,146.0322,149.0327
1337,0.3789,0.0001,0.379,0.0682,0.9997361477572559,0.0002638522427440633,21.999,0.0851,28.9988,6.9998,0.0,0.0,0.0,28.9988,0.0851,29.0839,29.0881
1338,0.1961,0.0004,0.1965,0.0354,0.9979643765903308,0.002035623409669211,11.148,0.2287,13.1478,1.9998,0.0,0.0,0.0,13.147799999999998,0.22870000000000004,13.376499999999998,13.3765
1339,0.135,0.0,0.135,0.0243,1.0,0.0,7.0755,0.0299,20.0761,13.0006,0.0,0.0,0.0,20.076100000000004,0.029899999999999996,20.106000000000005,20.1056
1340,0.2117,0.0077,0.2195,0.0395,0.9644646924829157,0.03507972665148064,11.787,4.6669,121.7871,110.0001,0.0,0.0,0.0,121.78709999999998,4.6669,126.45399999999998,135.9522
1341,0.0878,0.0,0.0878,0.0158,1.0,0.0,4.8885,0.009,7.8885,3.0,0.0,0.0,0.0,7.888499999999999,0.009000000000000001,7.897499999999999,7.8979
1342,0.2803,0.0005,0.2808,0.0505,0.9982193732193733,0.0017806267806267807,15.138,0.3101,54.1382,39.0002,0.0,0.0,0.0,54.138200000000005,0.31010000000000004,54.4483,54.4482
1343,0.4456,0.0001,0.4457,0.0802,0.9997756338344178,0.0002243661655822302,23.364,0.0503,39.3635,15.9995,0.0,0.0,0.0,39.363499999999995,0.050300000000000004,39.413799999999995,39.4167
1344,0.2391,0.0019,0.2409,0.0434,0.9925280199252802,0.0078870900788709,13.59,1.139,166.5898,152.9998,0.0,0.0,0.0,166.58980000000003,1.139,167.72880000000004,168.2278
1345,0.4046,0.0001,0.4047,0.0729,0.9997529033852236,0.00024709661477637757,22.296,0.0555,30.2952,7.9992,0.0,0.0,0.0,30.295199999999998,0.055499999999999994,30.350699999999996,30.3535
1346,0.1471,0.0006,0.1477,0.0266,0.9959377115775221,0.004062288422477996,8.361,0.383,45.3608,36.9998,0.0,0.0,0.0,45.360800000000005,0.383,45.74380000000001,47.2465
1347,0.1344,0.0001,0.1345,0.0242,0.999256505576208,0.0007434944237918215,7.3335,0.0359,24.333,16.9995,0.0,0.0,0.0,24.333000000000006,0.0359,24.368900000000007,24.3672
1348,0.3154,0.0067,0.3222,0.058,0.9788950962135321,0.020794537554314093,18.12,4.27,178.1197,159.9997,0.0,0.0,0.0,178.1197,4.2700000000000005,182.3897,187.3858
1349,0.0789,0.0116,0.0905,0.0163,0.8718232044198895,0.1281767955801105,4.53,7.4076,209.5299,204.9999,0.0,0.0,0.0,209.52989999999994,7.407600000000001,216.93749999999994,227.9374
1350,0.1284,0.0,0.1284,0.0231,1.0,0.0,7.0755,0.0067,9.0764,2.0009,0.0,0.0,0.0,9.0764,0.0067,9.0831,9.0804
1351,0.1702,0.0001,0.1703,0.0307,0.9994128009395185,0.0005871990604815032,9.777,0.0582,20.777,11.0,0.0,0.0,0.0,20.777000000000008,0.058199999999999995,20.835200000000007,20.8303
1352,0.0821,0.0004,0.0825,0.0149,0.9951515151515152,0.0048484848484848485,4.7175,0.2365,12.7173,7.9998,0.0,0.0,0.0,12.717300000000003,0.2365,12.953800000000003,12.9537
1353,0.1813,0.0039,0.1851,0.0333,0.9794705564559698,0.02106969205834684,10.092,2.5371,94.092,84.0,0.0,0.0,0.0,94.09199999999997,2.5371,96.62909999999997,105.6328
1354,0.4961,0.0,0.4961,0.0893,1.0,0.0,26.5215,0.0317,36.5209,9.9994,0.0,0.0,0.0,36.5209,0.0317,36.5526,36.5528
1355,0.3074,0.0043,0.3118,0.0561,0.9858883899935856,0.013790891597177677,17.661,2.7499,202.6612,185.0002,0.0,0.0,0.0,202.66120000000004,2.7499,205.41110000000003,210.9109
1356,0.3315,0.0187,0.3502,0.063,0.9466019417475728,0.05339805825242719,18.6465,11.4466,299.6466,281.0001,0.0,0.0,0.0,299.64660000000003,11.446599999999998,311.0932,317.5945
1357,0.4086,0.0063,0.4149,0.0747,0.9848156182212582,0.015184381778741866,22.7445,3.7242,268.7451,246.0006,0.0,0.0,0.0,268.7451,3.7242,272.4693,279.4705
1358,0.0923,0.0003,0.0926,0.0167,0.9967602591792656,0.003239740820734341,5.1915,0.1623,23.1918,18.0003,0.0,0.0,0.0,23.191799999999997,0.1623,23.354099999999995,23.3582
1359,0.1284,0.0002,0.1286,0.0231,0.9984447900466562,0.0015552099533437016,7.0755,0.1271,7.0761,0.0006,0.0,0.0,0.0,7.076100000000001,0.12710000000000002,7.203200000000002,7.2036
1360,0.2017,0.0,0.2017,0.0363,1.0,0.0,11.586,0.0121,17.5854,5.9994,0.0,0.0,0.0,17.5854,0.012099999999999998,17.5975,17.5942
1361,0.2565,0.0002,0.2567,0.0462,0.9992208804051422,0.0007791195948578108,14.7345,0.1277,26.7337,11.9992,0.0,0.0,0.0,26.733699999999995,0.1277,26.861399999999996,26.8619
1362,0.2085,0.0013,0.2098,0.0378,0.9938036224976168,0.006196377502383222,11.148,0.9001,62.1475,50.9995,0.0,0.0,0.0,62.1475,0.9001000000000001,63.0476,68.0503
1363,0.3428,0.019,0.3618,0.0651,0.9474847982310668,0.05251520176893311,19.902,12.3449,170.902,151.0,0.0,0.0,0.0,170.90199999999993,12.344899999999999,183.24689999999993,191.7495
1364,0.3884,0.0023,0.3907,0.0703,0.9941131302789865,0.005886869721013565,20.7675,1.5268,185.7675,165.0,0.0,0.0,0.0,185.76750000000004,1.5268,187.29430000000005,189.7963
1365,0.4617,0.0001,0.4618,0.0831,0.9997834560415765,0.00021654395842356,26.5215,0.0615,26.5208,0.0,0.0,0.0,0.0,26.520800000000005,0.061500000000000006,26.582300000000004,26.5828
1366,0.1529,0.0245,0.1774,0.0319,0.8618940248027058,0.13810597519729426,8.6895,15.5615,221.6892,212.9997,0.0,0.0,0.0,221.68919999999997,15.561499999999995,237.25069999999997,250.7478
1367,0.4227,0.0197,0.4424,0.0796,0.9554701627486438,0.04452983725135624,24.546,11.9647,245.5458,220.9998,0.0,0.0,0.0,245.54580000000004,11.964700000000002,257.51050000000004,265.012
1368,0.3512,0.0018,0.3531,0.0636,0.9946190880770319,0.005097706032285471,19.554,1.1497,139.5541,120.0001,0.0,0.0,0.0,139.55409999999998,1.1497,140.70379999999997,143.7071
1369,0.4076,0.0233,0.431,0.0776,0.9457076566125291,0.054060324825986085,23.1705,14.8802,306.1705,283.0,0.0,0.0,0.0,306.17049999999995,14.880199999999999,321.05069999999995,328.5531
1370,0.3004,0.0,0.3004,0.0541,1.0,0.0,16.722,0.0117,21.7216,4.9996,0.0,0.0,0.0,21.721599999999995,0.011699999999999999,21.733299999999996,21.7331
1371,0.2392,0.0003,0.2395,0.0431,0.9987473903966597,0.0012526096033402922,13.3185,0.1802,23.3191,10.0006,0.0,0.0,0.0,23.319100000000002,0.18019999999999997,23.4993,23.9949
1372,0.501,0.0001,0.5011,0.0902,0.999800439034125,0.00019956096587507485,26.5215,0.0662,26.521,0.0,0.0,0.0,0.0,26.521000000000004,0.0662,26.587200000000003,26.591
1373,0.2619,0.0244,0.2863,0.0515,0.9147747118407266,0.0852252881592735,14.7345,15.0258,187.7341,172.9996,0.0,0.0,0.0,187.73410000000007,15.0258,202.75990000000007,210.2586
1374,0.2055,0.0016,0.2071,0.0373,0.9922742636407532,0.007725736359246741,11.325,0.981,104.3245,92.9995,0.0,0.0,0.0,104.32449999999999,0.9810000000000001,105.30549999999998,106.3012
1375,0.3456,0.0005,0.3461,0.0623,0.9985553308292401,0.001444669170759896,18.12,0.3043,44.1196,25.9996,0.0,0.0,0.0,44.11959999999999,0.3042999999999999,44.42389999999999,44.9192
1376,0.4827,0.0231,0.5058,0.091,0.9543297746144721,0.045670225385527875,26.067,14.113,378.0669,351.9999,0.0,0.0,0.0,378.0669,14.113,392.1799,408.6802
1377,0.444,0.0,0.444,0.0799,1.0,0.0,23.9745,0.0101,23.9741,0.0,0.0,0.0,0.0,23.9741,0.0101,23.9842,23.9839
1378,0.2442,0.0188,0.263,0.0473,0.9285171102661597,0.0714828897338403,13.3185,12.8161,282.3186,269.0001,0.0,0.0,0.0,282.3186,12.8161,295.1347,299.6375
1379,0.1317,0.0062,0.1379,0.0248,0.9550398839738943,0.044960116026105876,7.3335,4.0811,139.3331,131.9996,0.0,0.0,0.0,139.3331,4.081099999999999,143.4142,154.4102
1380,0.1391,0.0026,0.1418,0.0255,0.9809590973201692,0.018335684062059238,7.992,1.579,140.9912,132.9992,0.0,0.0,0.0,140.99120000000002,1.579,142.57020000000003,144.0666
1381,0.4453,0.0016,0.4469,0.0804,0.9964197807115684,0.0035802192884314163,23.574,0.9894,124.5741,101.0001,0.0,0.0,0.0,124.57410000000002,0.9894000000000001,125.56350000000002,127.5668
1382,0.3255,0.0,0.3255,0.0586,1.0,0.0,18.12,0.0314,23.1197,4.9997,0.0,0.0,0.0,23.119699999999995,0.0314,23.151099999999996,23.1488
1383,0.0913,0.0011,0.0925,0.0166,0.9870270270270272,0.011891891891891894,5.1915,0.7522,64.1918,59.0003,0.0,0.0,0.0,64.1918,0.7522,64.944,65.4488
1384,0.108,0.0001,0.1081,0.0195,0.9990749306197965,0.0009250693802035153,5.8935,0.0593,8.8936,3.0001,0.0,0.0,0.0,8.893600000000003,0.05929999999999999,8.952900000000003,8.9529
1385,0.3567,0.0,0.3567,0.0642,1.0,0.0,20.274,0.0143,21.2742,1.0002,0.0,0.0,0.0,21.2742,0.014299999999999998,21.2885,21.2869
1386,0.3465,0.0022,0.3486,0.0628,0.9939759036144576,0.006310958118187034,19.0905,1.4364,197.0909,178.0004,0.0,0.0,0.0,197.09089999999995,1.4364000000000001,198.52729999999994,201.5229
1387,0.2874,0.0005,0.2879,0.0518,0.9982632858631469,0.001736714136853074,16.5105,0.3195,76.5109,60.0004,0.0,0.0,0.0,76.5109,0.31949999999999995,76.83040000000001,78.8269
1388,0.4596,0.0029,0.4626,0.0833,0.993514915693904,0.006268914829226113,25.5885,1.8374,200.5881,174.9996,0.0,0.0,0.0,200.58810000000003,1.8374,202.42550000000003,202.9263
1389,0.173,0.0055,0.1784,0.0321,0.9697309417040357,0.030829596412556053,9.435,3.3198,285.4346,275.9996,0.0,0.0,0.0,285.43459999999993,3.3198000000000003,288.7543999999999,297.756
1390,0.3529,0.0162,0.3691,0.0664,0.9561094554321322,0.043890544567867784,18.87,10.3405,242.8697,223.9997,0.0,0.0,0.0,242.86970000000002,10.3405,253.21020000000001,270.7151
1391,0.2043,0.0001,0.2044,0.0368,0.9995107632093934,0.0004892367906066537,11.373,0.05,14.3726,2.9996,0.0,0.0,0.0,14.372600000000004,0.05,14.422600000000005,14.4215
1392,0.0865,0.0001,0.0867,0.0156,0.9976931949250287,0.0011534025374855825,5.1915,0.0779,6.192,1.0005,0.0,0.0,0.0,6.191999999999998,0.0779,6.269899999999998,6.2681
1393,0.3959,0.0076,0.4035,0.0726,0.981164807930607,0.01883519206939281,21.8175,5.0953,134.8181,113.0006,0.0,0.0,0.0,134.8181,5.0953,139.9134,146.4172
1394,0.437,0.0007,0.4377,0.0788,0.9984007310943569,0.0015992689056431345,23.364,0.4189,38.3633,14.9993,0.0,0.0,0.0,38.363299999999995,0.41890000000000005,38.782199999999996,39.7782
1395,0.3186,0.025,0.3436,0.0619,0.9272409778812573,0.07275902211874273,17.3775,16.0987,172.3779,155.0004,0.0,0.0,0.0,172.3779,16.0987,188.47660000000002,193.9756
1396,0.296,0.0089,0.3048,0.0549,0.9711286089238844,0.029199475065616796,15.9825,5.7079,181.9825,166.0,0.0,0.0,0.0,181.98250000000002,5.7079,187.6904,191.1902
1397,0.3922,0.0,0.3923,0.0706,0.9997450930410401,0.0,22.296,0.0142,24.2953,1.9993,0.0,0.0,0.0,24.2953,0.0142,24.3095,24.3073
1398,0.1666,0.0,0.1666,0.03,1.0,0.0,9.777,0.0188,11.7773,2.0003,0.0,0.0,0.0,11.777299999999999,0.0188,11.7961,11.7935
1399,0.1811,0.0,0.1811,0.0326,1.0,0.0,9.777,0.0086,9.7771,0.0001,0.0,0.0,0.0,9.777099999999999,0.008600000000000002,9.785699999999999,9.7831
1400,0.3074,0.0005,0.308,0.0554,0.9980519480519481,0.0016233766233766235,17.661,0.3635,54.661,37.0,0.0,0.0,0.0,54.66099999999999,0.3635,55.02449999999999,55.5293
1401,0.4005,0.0014,0.4019,0.0723,0.9965165464045783,0.0034834535954217467,22.296,0.8358,189.2955,166.9995,0.0,0.0,0.0,189.29550000000003,0.8358,190.13130000000004,195.1339
1402,0.4875,0.0008,0.4883,0.0879,0.9983616629121441,0.0016383370878558265,26.067,0.4485,128.0668,101.9998,0.0,0.0,0.0,128.06679999999997,0.4485,128.51529999999997,130.5143
1403,0.2884,0.0002,0.2886,0.0519,0.9993069993069992,0.000693000693000693,15.576,0.0975,28.5757,12.9997,0.0,0.0,0.0,28.575699999999994,0.0975,28.673199999999994,30.6724
1404,0.3271,0.0,0.3271,0.0589,1.0,0.0,17.661,0.0095,17.6611,0.0001,0.0,0.0,0.0,17.6611,0.0095,17.6706,17.674
1405,0.1517,0.0007,0.1524,0.0274,0.9954068241469816,0.004593175853018373,8.361,0.4192,55.3607,46.9997,0.0,0.0,0.0,55.36070000000001,0.4192,55.77990000000001,57.2818
1406,0.4278,0.0002,0.428,0.077,0.9995327102803739,0.00046728971962616824,23.574,0.1278,24.5741,1.0001,0.0,0.0,0.0,24.5741,0.1278,24.701900000000002,24.704
1407,0.1517,0.024,0.1757,0.0316,0.8634035287421742,0.13659647125782584,8.361,14.2147,293.3609,284.9999,0.0,0.0,0.0,293.36089999999984,14.214699999999999,307.57559999999984,314.5793
1408,0.4634,0.0067,0.4701,0.0846,0.9857477132524994,0.014252286747500531,26.067,4.4098,90.0669,63.9999,0.0,0.0,0.0,90.06689999999998,4.4098,94.47669999999998,101.4722
1409,0.1747,0.0002,0.1749,0.0315,0.9988564894225271,0.0011435105774728416,9.435,0.1258,48.4349,38.9999,0.0,0.0,0.0,48.434899999999985,0.1258,48.56069999999998,49.0575
1410,0.0942,0.0043,0.0986,0.0177,0.9553752535496959,0.043610547667342806,5.1915,2.8904,148.1916,143.0001,0.0,0.0,0.0,148.19160000000005,2.8903999999999996,151.08200000000005,157.082
1411,0.3176,0.0002,0.3178,0.0572,0.9993706733794838,0.0006293266205160478,17.6805,0.1232,17.6807,0.0002,0.0,0.0,0.0,17.680699999999998,0.12319999999999999,17.8039,17.7995
1412,0.1593,0.0001,0.1595,0.0287,0.9987460815047021,0.0006269592476489029,8.6895,0.1013,11.689,2.9995,0.0,0.0,0.0,11.689,0.1013,11.7903,12.2901
1413,0.424,0.0002,0.4242,0.0764,0.9995285242809995,0.0004714757190004715,23.364,0.1508,45.3632,21.9992,0.0,0.0,0.0,45.3632,0.15080000000000005,45.513999999999996,46.5158
1414,0.3119,0.0,0.3119,0.0561,1.0,0.0,16.5105,0.0087,18.511,2.0005,0.0,0.0,0.0,18.511,0.0087,18.5197,19.5157
1415,0.259,0.0001,0.259,0.0466,1.0,0.0003861003861003861,13.3185,0.0459,13.3187,0.0002,0.0,0.0,0.0,13.318700000000002,0.0459,13.364600000000001,13.3625
1416,0.4813,0.0001,0.4814,0.0867,0.9997922725384296,0.00020772746157041963,26.5215,0.0687,26.521,0.0,0.0,0.0,0.0,26.521000000000004,0.0687,26.589700000000004,26.5873
1417,0.4005,0.0119,0.4124,0.0742,0.9711445198836083,0.028855480116391854,22.296,7.4957,223.2953,200.9993,0.0,0.0,0.0,223.2953,7.4957,230.791,245.2884
1418,0.3241,0.0004,0.3245,0.0584,0.9987673343605546,0.0012326656394453005,17.6805,0.2394,32.6805,15.0,0.0,0.0,0.0,32.680499999999995,0.23940000000000003,32.9199,34.4239
1419,0.1644,0.0057,0.1701,0.0306,0.9664902998236331,0.03350970017636684,9.06,3.5257,357.0598,347.9998,0.0,0.0,0.0,357.0598,3.5256999999999996,360.58549999999997,368.5844
1420,0.1908,0.0,0.1909,0.0344,0.999476165531692,0.0,11.325,0.0289,14.3249,2.9999,0.0,0.0,0.0,14.324900000000003,0.028899999999999995,14.353800000000003,14.3573
1421,0.153,0.0001,0.1531,0.0276,0.9993468321358588,0.0006531678641410843,8.1825,0.0501,11.182,2.9995,0.0,0.0,0.0,11.182000000000002,0.0501,11.232100000000003,11.7331
1422,0.4584,0.0,0.4584,0.0825,1.0,0.0,23.574,0.014,25.574,2.0,0.0,0.0,0.0,25.574,0.013999999999999999,25.588,25.5914
1423,0.1399,0.0027,0.1426,0.0257,0.9810659186535764,0.018934081346423562,7.788,1.7798,54.7879,46.9999,0.0,0.0,0.0,54.787899999999986,1.7798,56.56769999999999,65.0719
1424,0.249,0.0004,0.2494,0.0449,0.9983961507618283,0.0016038492381716118,14.1525,0.2513,53.1521,38.9996,0.0,0.0,0.0,53.152100000000004,0.25129999999999997,53.403400000000005,54.403
1425,0.2938,0.0007,0.2945,0.053,0.9976230899830222,0.002376910016977929,17.0595,0.4305,37.0591,19.9996,0.0,0.0,0.0,37.0591,0.43049999999999994,37.4896,40.4909
1426,0.1859,0.0,0.1859,0.0335,1.0,0.0,10.9095,0.0256,18.9092,7.9997,0.0,0.0,0.0,18.9092,0.0256,18.9348,22.9304
1427,0.3964,0.0053,0.4017,0.0723,0.9868060741847149,0.013193925815285038,22.296,3.5175,134.2954,111.9994,0.0,0.0,0.0,134.2954,3.517499999999999,137.8129,140.3104
1428,0.3364,0.0,0.3364,0.0606,1.0,0.0,20.184,0.0099,20.1844,0.0004,0.0,0.0,0.0,20.184400000000004,0.0099,20.194300000000002,20.1932
1429,0.254,0.0003,0.2543,0.0458,0.9988202909948879,0.0011797090051120721,13.3185,0.1909,28.319,15.0005,0.0,0.0,0.0,28.319000000000003,0.1909,28.509900000000002,30.5113
1430,0.1917,0.0001,0.1917,0.0345,1.0,0.0005216484089723526,11.373,0.0535,15.3729,3.9999,0.0,0.0,0.0,15.372900000000003,0.053500000000000006,15.426400000000003,15.4285
1431,0.3298,0.0042,0.334,0.0601,0.9874251497005987,0.012574850299401197,18.171,2.596,116.1715,98.0005,0.0,0.0,0.0,116.17149999999998,2.596,118.76749999999998,128.7636
1432,0.3738,0.0011,0.3749,0.0675,0.9970658842357962,0.0029341157642037877,20.184,0.6914,44.1841,24.0001,0.0,0.0,0.0,44.184099999999994,0.6914,44.875499999999995,52.3716
1433,0.1318,0.0005,0.1323,0.0238,0.9962207105064248,0.003779289493575208,7.569,0.3339,57.5691,50.0001,0.0,0.0,0.0,57.56910000000002,0.33390000000000003,57.90300000000002,58.4074
1434,0.3867,0.0022,0.389,0.07,0.9940874035989716,0.005655526992287918,21.3105,1.4295,138.3102,116.9997,0.0,0.0,0.0,138.31020000000004,1.4295000000000002,139.73970000000003,140.738
1435,0.2848,0.0001,0.2849,0.0513,0.9996489996489997,0.00035100035100035104,16.3635,0.057,24.3637,8.0002,0.0,0.0,0.0,24.363699999999994,0.05700000000000001,24.420699999999993,24.9165
1436,0.4813,0.0233,0.5046,0.0908,0.9538248117320649,0.046175188267935,26.5215,15.125,469.5208,442.9993,0.0,0.0,0.0,469.5208000000001,15.125,484.6458000000001,488.6473
1437,0.1756,0.0017,0.1773,0.0319,0.9904117315284827,0.0095882684715172,9.777,1.0891,260.7773,251.0003,0.0,0.0,0.0,260.7773,1.0890999999999997,261.8664,264.3664
1438,0.2118,0.0034,0.2152,0.0387,0.9842007434944238,0.015799256505576207,11.325,2.0435,198.3247,186.9997,0.0,0.0,0.0,198.32469999999995,2.0435000000000003,200.36819999999994,207.8685
1439,0.1485,0.0011,0.1496,0.0269,0.9926470588235293,0.007352941176470588,8.1825,0.706,94.1821,85.9996,0.0,0.0,0.0,94.18210000000002,0.7060000000000001,94.88810000000002,96.3884
1440,0.3331,0.0005,0.3336,0.0601,0.9985011990407674,0.001498800959232614,19.554,0.3048,42.5545,23.0005,0.0,0.0,0.0,42.5545,0.3048,42.8593,43.8633
1441,0.25,0.0013,0.2513,0.0452,0.9948269001193791,0.005173099880620771,13.6365,0.8735,74.6364,60.9999,0.0,0.0,0.0,74.63640000000001,0.8734999999999999,75.50990000000002,77.0067
1442,0.0987,0.0,0.0987,0.0178,1.0,0.0,5.328,0.0212,10.3275,4.9995,0.0,0.0,0.0,10.3275,0.021200000000000004,10.348700000000001,11.3525
1443,0.323,0.0021,0.3252,0.0585,0.9932349323493236,0.006457564575645757,18.171,1.4074,99.1713,81.0003,0.0,0.0,0.0,99.17129999999999,1.4074,100.57869999999998,109.0832
1444,0.3222,0.0,0.3223,0.058,0.9996897300651567,0.0,17.0595,0.0281,17.0587,0.0,0.0,0.0,0.0,17.058699999999998,0.028099999999999997,17.086799999999997,17.0907
1445,0.3612,0.0233,0.3845,0.0692,0.9394018205461638,0.06059817945383615,19.902,14.7643,103.9018,83.9998,0.0,0.0,0.0,103.90180000000002,14.764299999999999,118.66610000000003,122.1637
1446,0.3692,0.0041,0.3733,0.0672,0.9890168765068308,0.010983123493169033,20.7675,2.5377,216.7674,195.9999,0.0,0.0,0.0,216.76740000000004,2.5377,219.30510000000004,227.3019
1447,0.3867,0.0105,0.3972,0.0715,0.9735649546827795,0.026435045317220546,21.3105,6.164,192.3102,170.9997,0.0,0.0,0.0,192.31020000000004,6.164,198.47420000000002,204.473
1448,0.0914,0.0002,0.0917,0.0165,0.9967284623773173,0.0021810250817884407,4.8885,0.1541,6.8886,2.0001,0.0,0.0,0.0,6.888599999999999,0.1541,7.042699999999999,8.0379
1449,0.1485,0.0024,0.1509,0.0272,0.9840954274353876,0.015904572564612324,8.1825,1.4567,98.1819,89.9994,0.0,0.0,0.0,98.1819,1.4567,99.6386,102.6352
1450,0.3813,0.0067,0.3881,0.0698,0.9824787425921153,0.01726359185776862,21.228,4.4958,292.2286,271.0006,0.0,0.0,0.0,292.22860000000003,4.495800000000001,296.7244,303.7261
1451,0.1356,0.0001,0.1357,0.0244,0.9992630803242447,0.0007369196757553428,7.788,0.0923,7.7878,0.0,0.0,0.0,0.0,7.787799999999997,0.0923,7.880099999999997,7.8811
1452,0.0904,0.0001,0.0905,0.0163,0.9988950276243094,0.0011049723756906078,5.1915,0.0691,6.192,1.0005,0.0,0.0,0.0,6.192,0.0691,6.2611,6.2594
1453,0.336,0.0,0.336,0.0605,1.0,0.0,19.509,0.0119,24.5086,4.9996,0.0,0.0,0.0,24.508599999999998,0.0119,24.5205,24.518
1454,0.1021,0.003,0.1051,0.0189,0.9714557564224547,0.028544243577545196,5.6865,1.8672,127.6861,121.9996,0.0,0.0,0.0,127.6861,1.8671999999999997,129.5533,132.0492
1455,0.3591,0.0,0.3591,0.0646,1.0,0.0,20.628,0.0275,24.6271,3.9991,0.0,0.0,0.0,24.6271,0.027499999999999997,24.6546,24.6525
1456,0.4278,0.0056,0.4334,0.078,0.987078910936779,0.012921089063221043,23.574,3.6135,257.5741,234.0001,0.0,0.0,0.0,257.57409999999993,3.6134999999999997,261.1875999999999,269.1836
1457,0.3705,0.0005,0.3711,0.0668,0.9983831851253032,0.0013473457289140394,20.628,0.3423,27.6277,6.9997,0.0,0.0,0.0,27.627699999999997,0.3423,27.97,28.974
1458,0.0979,0.0,0.098,0.0176,0.9989795918367347,0.0,5.6865,0.022,5.6862,0.0,0.0,0.0,0.0,5.686200000000001,0.021999999999999995,5.7082000000000015,5.7042
1459,0.0878,0.0002,0.088,0.0158,0.9977272727272728,0.002272727272727273,4.8885,0.1221,16.8886,12.0001,0.0,0.0,0.0,16.888600000000004,0.12209999999999999,17.010700000000003,17.0116
1460,0.2789,0.0009,0.2798,0.0504,0.9967834167262329,0.0032165832737669764,15.855,0.5996,82.8549,66.9999,0.0,0.0,0.0,82.8549,0.5996,83.4545,83.9525
1461,0.2475,0.0025,0.25,0.045,0.99,0.01,13.6365,1.7006,155.6364,141.9999,0.0,0.0,0.0,155.63639999999998,1.7006000000000001,157.337,158.3419
1462,0.2595,0.0126,0.272,0.049,0.9540441176470588,0.0463235294117647,14.1525,8.3474,332.1522,317.9997,0.0,0.0,0.0,332.1522,8.3474,340.4996,349.9968
1463,0.2674,0.01,0.2774,0.0499,0.9639509733237204,0.036049026676279745,14.7345,6.9086,263.7338,248.9993,0.0,0.0,0.0,263.73380000000003,6.9086,270.6424,277.1458
1464,0.1621,0.0215,0.1836,0.033,0.8828976034858387,0.1171023965141612,8.841,13.7384,362.8404,353.9994,0.0,0.0,0.0,362.8404,13.738400000000002,376.5788,380.5741
1465,0.1085,0.0002,0.1087,0.0196,0.998160073597056,0.0018399264029438822,5.6865,0.1461,6.6862,0.9997,0.0,0.0,0.0,6.686200000000001,0.1461,6.832300000000001,6.8294
1466,0.2081,0.001,0.2091,0.0376,0.9952175992348159,0.004782400765184123,11.586,0.6142,17.5854,5.9994,0.0,0.0,0.0,17.585400000000003,0.6142,18.199600000000004,18.7035
1467,0.2803,0.0018,0.2822,0.0508,0.9932671863926293,0.0063784549964564135,15.138,1.186,55.1383,40.0003,0.0,0.0,0.0,55.1383,1.186,56.3243,58.8258
1468,0.3468,0.0002,0.347,0.0625,0.9994236311239194,0.0005763688760806917,19.509,0.11,30.5087,10.9997,0.0,0.0,0.0,30.508699999999997,0.10999999999999999,30.618699999999997,30.6147
1469,0.2996,0.0001,0.2997,0.0539,0.9996663329996662,0.000333667000333667,16.5105,0.0317,20.5109,4.0004,0.0,0.0,0.0,20.510899999999996,0.0317,20.542599999999997,21.0465
1470,0.2044,0.0119,0.2163,0.0389,0.9449838187702265,0.05501618122977347,11.148,7.7622,138.1476,126.9996,0.0,0.0,0.0,138.1476,7.7622,145.90980000000002,156.9113
1471,0.249,0.0031,0.252,0.0454,0.9880952380952381,0.012301587301587301,14.1525,1.9552,156.1522,141.9997,0.0,0.0,0.0,156.1522,1.9552000000000003,158.10739999999998,166.1072
1472,0.2574,0.0008,0.2582,0.0465,0.996901626646011,0.003098373353989156,14.481,0.5019,36.4817,22.0007,0.0,0.0,0.0,36.4817,0.5019,36.983599999999996,37.4854
1473,0.3922,0.0031,0.3953,0.0712,0.9921578547938275,0.007842145206172527,22.296,1.8838,139.2956,116.9996,0.0,0.0,0.0,139.2956,1.8837999999999997,141.17940000000002,144.1816
1474,0.4682,0.0,0.4683,0.0843,0.9997864616698697,0.0,26.067,0.0271,32.0668,5.9998,0.0,0.0,0.0,32.0668,0.0271,32.0939,32.0949
1475,0.3717,0.0057,0.3774,0.0679,0.9848966613672495,0.015103338632750398,20.274,3.5245,232.2741,212.0001,0.0,0.0,0.0,232.27409999999995,3.5245,235.79859999999994,243.2964
1476,0.1961,0.0015,0.1976,0.0356,0.9924089068825911,0.007591093117408907,11.148,0.9303,36.1476,24.9996,0.0,0.0,0.0,36.147600000000004,0.9302999999999999,37.07790000000001,38.5762
1477,0.0933,0.0049,0.0981,0.0177,0.9510703363914372,0.04994903160040774,5.1915,3.0059,224.1918,219.0003,0.0,0.0,0.0,224.19180000000006,3.0058999999999996,227.19770000000005,234.7003
1478,0.3074,0.0001,0.3076,0.0554,0.9993498049414825,0.00032509752925877764,17.661,0.0843,18.6611,1.0001,0.0,0.0,0.0,18.661099999999998,0.0843,18.745399999999997,18.7428
1479,0.2008,0.0,0.2008,0.0362,1.0,0.0,11.787,0.0139,11.787,0.0,0.0,0.0,0.0,11.787,0.013900000000000001,11.8009,11.799
1480,0.4833,0.0011,0.4844,0.0872,0.9977291494632535,0.0022708505367464906,25.5885,0.7436,49.5884,23.9999,0.0,0.0,0.0,49.58839999999999,0.7436,50.331999999999994,52.3292
1481,0.3176,0.0062,0.3238,0.0583,0.980852378011118,0.019147621988882025,17.6805,3.8551,299.6805,282.0,0.0,0.0,0.0,299.68049999999994,3.8550999999999997,303.53559999999993,309.5399
1482,0.3604,0.0033,0.3637,0.0655,0.9909265878471267,0.009073412152873246,20.274,1.9236,184.2742,164.0002,0.0,0.0,0.0,184.27419999999995,1.9235999999999998,186.19779999999994,192.698
1483,0.0981,0.0006,0.0987,0.0178,0.993920972644377,0.0060790273556231,5.574,0.3883,44.5739,38.9999,0.0,0.0,0.0,44.57390000000001,0.3883,44.96220000000001,46.9608
1484,0.2442,0.0093,0.2535,0.0456,0.9633136094674556,0.036686390532544376,13.3185,6.0134,181.319,168.0005,0.0,0.0,0.0,181.31900000000002,6.0134,187.3324,195.3298
1485,0.1063,0.0001,0.1064,0.0191,0.99906015037594,0.0009398496240601504,5.574,0.042,7.5738,1.9998,0.0,0.0,0.0,7.573799999999999,0.041999999999999996,7.615799999999999,7.6191
1486,0.1832,0.0009,0.1841,0.0331,0.9951113525258012,0.004888647474198805,10.092,0.5741,125.092,115.0,0.0,0.0,0.0,125.09199999999998,0.5741,125.66609999999999,126.6622
1487,0.0957,0.005,0.1007,0.0181,0.9503475670307845,0.049652432969215496,5.328,3.0475,231.3277,225.9997,0.0,0.0,0.0,231.3277,3.0474999999999994,234.3752,236.3789
1488,0.2689,0.0,0.2689,0.0484,1.0,0.0,14.6655,0.019,19.6656,5.0001,0.0,0.0,0.0,19.665599999999998,0.019,19.684599999999996,19.6883
1489,0.4645,0.0004,0.4649,0.0837,0.9991395999139601,0.0008604000860400087,25.0815,0.241,51.0821,26.0006,0.0,0.0,0.0,51.082100000000004,0.241,51.323100000000004,51.3193
1490,0.3336,0.0005,0.3341,0.0601,0.9985034420832086,0.0014965579167913797,17.661,0.2881,38.661,21.0,0.0,0.0,0.0,38.66099999999999,0.28809999999999997,38.94909999999999,39.4487
1491,0.4764,0.0128,0.4892,0.0881,0.9738348323793948,0.02616516762060507,26.5215,8.583,192.5208,165.9993,0.0,0.0,0.0,192.52080000000004,8.583,201.10380000000004,203.6005
1492,0.2529,0.0011,0.254,0.0457,0.9956692913385827,0.004330708661417323,13.935,0.773,89.9345,75.9995,0.0,0.0,0.0,89.9345,0.7729999999999998,90.7075,96.7068
1493,0.2595,0.0,0.2595,0.0467,1.0,0.0,14.1525,0.0076,14.1522,0.0,0.0,0.0,0.0,14.152200000000002,0.007599999999999999,14.159800000000002,14.1627
1494,0.2273,0.0001,0.2274,0.0409,0.9995602462620933,0.00043975373790677223,13.6365,0.0503,13.6364,0.0,0.0,0.0,0.0,13.636400000000004,0.0503,13.686700000000004,14.682
1495,0.1564,0.0026,0.159,0.0286,0.9836477987421384,0.016352201257861635,8.529,1.5642,158.5297,150.0007,0.0,0.0,0.0,158.52970000000002,1.5642,160.09390000000002,165.0889
1496,0.4586,0.0034,0.4619,0.0832,0.992855596449448,0.0073609006278415245,26.067,2.0487,207.0666,180.9996,0.0,0.0,0.0,207.06659999999994,2.0487,209.11529999999993,213.6108
1497,0.424,0.009,0.433,0.0779,0.9792147806004619,0.020785219399538105,23.364,5.4399,216.3634,192.9994,0.0,0.0,0.0,216.3634,5.4399,221.8033,226.7984
1498,0.1533,0.005,0.1583,0.0285,0.9684144030322173,0.031585596967782695,8.361,3.2608,279.3609,270.9999,0.0,0.0,0.0,279.3609,3.2607999999999997,282.62170000000003,291.6251
1499,0.1961,0.0,0.1961,0.0353,1.0,0.0,10.383,0.0117,11.3836,1.0006,0.0,0.0,0.0,11.3836,0.011699999999999999,11.395299999999999,11.3962
1500,0.3538,0.0066,0.3604,0.0649,0.9816870144284129,0.018312985571587125,19.902,4.1865,275.9018,255.9998,0.0,0.0,0.0,275.9018,4.1865,280.0883,290.0897
1501,0.101,0.0183,0.1193,0.0215,0.8466051969823973,0.1533948030176027,5.454,12.4739,321.4542,316.0002,0.0,0.0,0.0,321.45420000000007,12.4739,333.9281000000001,343.4246
1502,0.1572,0.0125,0.1697,0.0305,0.9263406010606955,0.07365939893930466,8.841,7.9058,261.8402,252.9992,0.0,0.0,0.0,261.84020000000004,7.905800000000001,269.74600000000004,277.2425
1503,0.1874,0.0,0.1875,0.0337,0.9994666666666667,0.0,10.6545,0.0127,11.6554,1.0009,0.0,0.0,0.0,11.6554,0.0127,11.6681,11.6728
1504,0.2849,0.0,0.2849,0.0513,1.0,0.0,16.722,0.0228,18.722,2.0,0.0,0.0,0.0,18.721999999999998,0.0228,18.744799999999998,18.7481
1505,0.2691,0.0,0.2692,0.0484,0.99962852897474,0.0,15.138,0.0205,17.1383,2.0003,0.0,0.0,0.0,17.1383,0.0205,17.1588,17.1564
1506,0.3613,0.0011,0.3624,0.0652,0.9969646799116998,0.003035320088300221,19.509,0.7044,104.5082,84.9992,0.0,0.0,0.0,104.5082,0.7044,105.21260000000001,111.7088
1507,0.3159,0.0003,0.3162,0.0569,0.9990512333965845,0.0009487666034155598,17.0595,0.2046,24.0589,6.9994,0.0,0.0,0.0,24.058899999999998,0.20459999999999998,24.263499999999997,25.2654
1508,0.4291,0.0014,0.4305,0.0775,0.9967479674796748,0.0032520325203252032,23.1705,0.8922,122.1705,99.0,0.0,0.0,0.0,122.1705,0.8921999999999999,123.0627,125.0668
1509,0.1012,0.0,0.1012,0.0182,1.0,0.0,5.574,0.0119,5.5739,0.0,0.0,0.0,0.0,5.5739,0.0119,5.5858,5.5869
1510,0.2871,0.0025,0.2896,0.0521,0.9913674033149171,0.008632596685082872,15.9825,1.5322,163.9829,148.0004,0.0,0.0,0.0,163.98290000000003,1.5322,165.51510000000002,168.5162
1511,0.3429,0.0104,0.3533,0.0636,0.9705632606849702,0.029436739315029718,19.0905,6.5181,161.0907,142.0002,0.0,0.0,0.0,161.0907,6.518100000000001,167.6088,179.113
1512,0.3737,0.0008,0.3745,0.0674,0.9978638184245661,0.002136181575433912,20.385,0.4841,84.3845,63.9995,0.0,0.0,0.0,84.3845,0.4841,84.8686,85.872
1513,0.3846,0.0002,0.3847,0.0693,0.9997400571874188,0.0005198856251624643,20.7675,0.0936,20.7675,0.0,0.0,0.0,0.0,20.767499999999995,0.09359999999999999,20.861099999999993,22.8564
1514,0.4813,0.0132,0.4945,0.089,0.9733063700707786,0.026693629929221436,26.5215,8.0405,324.5209,297.9994,0.0,0.0,0.0,324.5209,8.040500000000002,332.5614,340.0618
1515,0.2076,0.0006,0.2082,0.0375,0.9971181556195966,0.002881844380403458,11.325,0.4103,45.3249,33.9999,0.0,0.0,0.0,45.32490000000001,0.41030000000000005,45.735200000000006,46.7378
1516,0.1546,0.0005,0.1551,0.0279,0.996776273372018,0.0032237266279819474,8.1825,0.315,31.1819,22.9994,0.0,0.0,0.0,31.181900000000002,0.315,31.496900000000004,31.4948
1517,0.4248,0.0015,0.4263,0.0767,0.9964813511611541,0.003518648838845883,23.1705,1.014,126.1705,103.0,0.0,0.0,0.0,126.1705,1.014,127.1845,127.181
1518,0.3626,0.0086,0.3712,0.0668,0.9768318965517242,0.023168103448275863,20.184,5.1358,219.1842,199.0002,0.0,0.0,0.0,219.18419999999998,5.1358,224.31999999999996,229.8248
1519,0.4283,0.0023,0.4307,0.0775,0.9944276758764801,0.005340143951706524,23.364,1.4563,229.3632,205.9992,0.0,0.0,0.0,229.36320000000003,1.4563000000000001,230.81950000000003,237.3231
1520,0.2658,0.0003,0.2661,0.0479,0.9988726042841036,0.0011273957158962795,13.935,0.2073,32.9344,18.9994,0.0,0.0,0.0,32.9344,0.2073,33.14169999999999,34.6376
1521,0.0949,0.0006,0.0955,0.0172,0.993717277486911,0.006282722513089005,5.454,0.3803,54.4547,49.0007,0.0,0.0,0.0,54.4547,0.38029999999999997,54.835,56.8369
1522,0.0887,0.007,0.0957,0.0172,0.9268547544409614,0.07314524555903867,4.8885,4.402,420.8885,416.0,0.0,0.0,0.0,420.8884999999999,4.402,425.2904999999999,433.7865
1523,0.2938,0.0264,0.3202,0.0576,0.9175515302935666,0.08244846970643348,17.0595,16.6103,240.0589,222.9994,0.0,0.0,0.0,240.05890000000005,16.610300000000002,256.66920000000005,267.669
1524,0.0967,0.0006,0.0973,0.0175,0.9938335046248715,0.006166495375128468,5.328,0.4011,28.328,23.0,0.0,0.0,0.0,28.328,0.4011000000000001,28.7291,29.7322
1525,0.0839,0.0117,0.0956,0.0172,0.8776150627615062,0.12238493723849372,4.7175,7.5267,139.7174,134.9999,0.0,0.0,0.0,139.71739999999997,7.526700000000003,147.24409999999997,154.2476
1526,0.3389,0.0004,0.3393,0.0611,0.9988211022693781,0.0011788977306218687,18.12,0.2689,53.1199,34.9999,0.0,0.0,0.0,53.119899999999994,0.2689,53.388799999999996,56.3919
1527,0.4182,0.0006,0.4188,0.0754,0.998567335243553,0.0014326647564469914,24.546,0.3927,66.5456,41.9996,0.0,0.0,0.0,66.5456,0.3927,66.9383,75.9396
1528,0.4484,0.0006,0.449,0.0808,0.9986636971046771,0.0013363028953229396,23.9745,0.3668,111.9741,87.9996,0.0,0.0,0.0,111.97409999999999,0.3668,112.34089999999999,114.3361
1529,0.3782,0.0,0.3782,0.0681,1.0,0.0,20.628,0.0281,24.6276,3.9996,0.0,0.0,0.0,24.627599999999997,0.0281,24.655699999999996,24.6534
1530,0.2416,0.0124,0.254,0.0457,0.9511811023622048,0.048818897637795275,13.59,8.1445,210.5899,196.9999,0.0,0.0,0.0,210.58990000000006,8.144499999999999,218.73440000000005,226.7337
1531,0.2628,0.0024,0.2652,0.0477,0.9909502262443438,0.009049773755656108,14.481,1.4488,151.4816,137.0006,0.0,0.0,0.0,151.48160000000001,1.4488,152.93040000000002,157.4324
1532,0.3626,0.0157,0.3782,0.0681,0.9587519830777367,0.041512427287149656,20.184,9.8626,384.1841,364.0001,0.0,0.0,0.0,384.18409999999994,9.862599999999997,394.04669999999993,410.5471
1533,0.1595,0.0026,0.1621,0.0292,0.9839605181986428,0.016039481801357187,8.529,1.7419,321.5293,313.0003,0.0,0.0,0.0,321.52930000000003,1.7419,323.2712,330.7682
1534,0.0967,0.0044,0.1011,0.0182,0.9564787339268052,0.04352126607319486,5.328,2.732,182.3277,176.9997,0.0,0.0,0.0,182.32769999999996,2.732,185.05969999999996,193.5565
1535,0.3488,0.0001,0.3489,0.0628,0.999713384924047,0.00028661507595299513,18.6465,0.0961,35.6465,17.0,0.0,0.0,0.0,35.64649999999999,0.0961,35.74259999999999,36.7406
1536,0.1385,0.0051,0.1436,0.0258,0.9644846796657383,0.035515320334261836,7.788,3.251,144.7879,136.9999,0.0,0.0,0.0,144.78790000000006,3.251,148.03890000000007,153.54
1537,0.3074,0.0079,0.3153,0.0568,0.9749444973041547,0.025055502695845226,17.1105,5.0059,123.1102,105.9997,0.0,0.0,0.0,123.11019999999996,5.0059,128.11609999999996,143.1134
1538,0.387,0.0002,0.3872,0.0697,0.9994834710743802,0.0005165289256198347,21.999,0.1285,29.9985,7.9995,0.0,0.0,0.0,29.998499999999996,0.12849999999999998,30.126999999999995,30.129
1539,0.1577,0.0136,0.1713,0.0308,0.9206071220081727,0.07939287799182719,9.06,8.4316,215.0598,205.9998,0.0,0.0,0.0,215.05980000000002,8.431600000000001,223.49140000000003,231.4885
1540,0.1015,0.0001,0.1016,0.0183,0.9990157480314962,0.000984251968503937,5.8935,0.0624,7.8936,2.0001,0.0,0.0,0.0,7.8936,0.062400000000000004,7.956,7.9605
1541,0.1051,0.0003,0.1055,0.019,0.9962085308056873,0.002843601895734597,5.793,0.225,65.7926,59.9996,0.0,0.0,0.0,65.79260000000001,0.225,66.0176,66.5147
1542,0.2424,0.0001,0.2425,0.0437,0.9995876288659794,0.0004123711340206186,13.6365,0.0498,21.6361,7.9996,0.0,0.0,0.0,21.6361,0.0498,21.6859,22.1894
1543,0.4666,0.0004,0.467,0.0841,0.9991434689507495,0.0008565310492505353,26.5215,0.2808,40.5209,13.9994,0.0,0.0,0.0,40.520900000000005,0.2808,40.801700000000004,40.7974
1544,0.145,0.0013,0.1464,0.0263,0.9904371584699453,0.008879781420765027,7.992,0.7663,285.9915,277.9995,0.0,0.0,0.0,285.99150000000003,0.7663000000000002,286.75780000000003,288.2621
1545,0.1939,0.0088,0.2028,0.0365,0.9561143984220907,0.04339250493096647,10.9095,5.4023,313.9091,302.9996,0.0,0.0,0.0,313.9091,5.4023,319.31140000000005,324.307
1546,0.0865,0.0,0.0865,0.0156,1.0,0.0,4.7175,0.028,5.7172,0.9997,0.0,0.0,0.0,5.717199999999999,0.027999999999999997,5.745199999999999,5.7463
1547,0.2466,0.0066,0.2532,0.0456,0.9739336492890996,0.026066350710900476,13.59,4.0396,294.5899,280.9999,0.0,0.0,0.0,294.58990000000006,4.0396,298.62950000000006,301.6255
1548,0.2501,0.0052,0.2553,0.0459,0.9796318057187621,0.020368194281237758,14.2155,3.3153,278.2155,264.0,0.0,0.0,0.0,278.21549999999996,3.3153000000000006,281.53079999999994,288.0321
1549,0.1971,0.0003,0.1975,0.0355,0.9979746835443037,0.0015189873417721517,11.325,0.2166,76.3247,64.9997,0.0,0.0,0.0,76.32469999999999,0.2166,76.54129999999999,78.5436
1550,0.3504,0.0026,0.353,0.0635,0.9926345609065156,0.0073654390934844195,19.509,1.6915,194.5083,174.9993,0.0,0.0,0.0,194.50830000000002,1.6915000000000002,196.1998,198.1954
1551,0.2775,0.0002,0.2778,0.05,0.9989200863930887,0.0007199424046076315,15.138,0.1503,36.1382,21.0002,0.0,0.0,0.0,36.1382,0.1503,36.2885,36.2876
1552,0.2907,0.0002,0.2909,0.0524,0.9993124785149536,0.0006875214850464077,15.855,0.126,28.8549,12.9999,0.0,0.0,0.0,28.85489999999999,0.126,28.98089999999999,29.4796
1553,0.1001,0.0087,0.1088,0.0196,0.9200367647058824,0.07996323529411764,5.574,5.8679,369.5739,363.9999,0.0,0.0,0.0,369.5739,5.8679,375.4418,390.9396
1554,0.0897,0.0005,0.0902,0.0162,0.9944567627494457,0.005543237250554323,5.046,0.3287,52.046,47.0,0.0,0.0,0.0,52.045999999999985,0.3287,52.37469999999998,54.8724
1555,0.45,0.0046,0.4547,0.0818,0.9896635144051023,0.010116560369474378,24.546,2.9927,254.5451,229.9991,0.0,0.0,0.0,254.54510000000005,2.9927000000000006,257.53780000000006,265.035
1556,0.2871,0.0117,0.2988,0.0538,0.960843373493976,0.0391566265060241,15.9825,7.0559,336.9825,321.0,0.0,0.0,0.0,336.9824999999999,7.0559,344.0383999999999,348.5336
1557,0.3438,0.0,0.3438,0.0619,1.0,0.0,20.628,0.0174,20.6275,0.0,0.0,0.0,0.0,20.627499999999998,0.0174,20.644899999999996,20.643
1558,0.1346,0.0008,0.1354,0.0244,0.9940915805022157,0.005908419497784343,7.569,0.5068,105.569,98.0,0.0,0.0,0.0,105.56899999999997,0.5068,106.07579999999997,110.0801
1559,0.2568,0.0,0.2569,0.0462,0.9996107434799532,0.0,14.1525,0.022,14.1521,0.0,0.0,0.0,0.0,14.152100000000003,0.022,14.174100000000003,14.671
1560,0.2621,0.0039,0.266,0.0479,0.9853383458646616,0.014661654135338344,14.1525,2.4589,153.1522,138.9997,0.0,0.0,0.0,153.1522,2.4589000000000003,155.6111,160.6125
1561,0.1884,0.0216,0.21,0.0378,0.8971428571428572,0.10285714285714287,10.383,12.86,237.3837,227.0007,0.0,0.0,0.0,237.38369999999998,12.86,250.2437,262.7392
1562,0.3355,0.0067,0.3421,0.0616,0.9807073954983923,0.019584916691026015,18.87,4.3313,154.8699,135.9999,0.0,0.0,0.0,154.86990000000006,4.3313,159.20120000000006,166.2049
1563,0.3807,0.0,0.3808,0.0685,0.9997373949579831,0.0,20.7675,0.0116,27.7673,6.9998,0.0,0.0,0.0,27.767299999999995,0.011600000000000003,27.778899999999997,27.7764
1564,0.3952,0.0077,0.4028,0.0725,0.9811320754716981,0.019116186693147966,21.999,4.894,169.9984,147.9994,0.0,0.0,0.0,169.99839999999998,4.893999999999999,174.89239999999998,183.3895
1565,0.2601,0.0007,0.2608,0.0469,0.9973159509202455,0.0026840490797546013,14.481,0.4467,44.4812,30.0002,0.0,0.0,0.0,44.48120000000001,0.44670000000000004,44.92790000000001,46.9327
1566,0.399,0.0,0.3991,0.0718,0.9997494362315209,0.0,23.1705,0.0169,23.1705,0.0,0.0,0.0,0.0,23.170499999999997,0.0169,23.187399999999997,23.6909
1567,0.1304,0.0,0.1304,0.0235,1.0,0.0,7.3335,0.0103,7.3331,0.0,0.0,0.0,0.0,7.333100000000002,0.0103,7.343400000000002,7.3427
1568,0.2124,0.0099,0.2223,0.04,0.9554655870445344,0.04453441295546559,11.586,6.3631,326.5852,314.9992,0.0,0.0,0.0,326.5852,6.3631,332.94829999999996,345.4519
1569,0.2499,0.0001,0.2499,0.045,1.0,0.00040016006402561027,14.6655,0.0378,28.666,14.0005,0.0,0.0,0.0,28.665999999999993,0.0378,28.703799999999994,28.7077
1570,0.2241,0.0,0.2241,0.0403,1.0,0.0,12.222,0.0079,17.2219,4.9999,0.0,0.0,0.0,17.221899999999998,0.007899999999999999,17.229799999999997,17.2301
1571,0.2441,0.0031,0.2472,0.0445,0.9874595469255664,0.012540453074433657,13.59,1.9204,133.5898,119.9998,0.0,0.0,0.0,133.58980000000003,1.9204,135.51020000000003,142.5116
1572,0.3274,0.0002,0.3276,0.059,0.9993894993894995,0.0006105006105006105,17.6805,0.1303,23.6805,6.0,0.0,0.0,0.0,23.680499999999995,0.1303,23.810799999999993,23.8087
1573,0.1495,0.0003,0.1498,0.027,0.9979973297730308,0.0020026702269692926,7.992,0.1934,23.9915,15.9995,0.0,0.0,0.0,23.991500000000002,0.1934,24.184900000000003,24.182
1574,0.2551,0.0007,0.2557,0.046,0.9976535001955417,0.002737583105201408,13.6365,0.4426,44.6364,30.9999,0.0,0.0,0.0,44.63640000000001,0.4426,45.07900000000001,49.0765
1575,0.1022,0.0,0.1022,0.0184,1.0,0.0,5.574,0.0269,6.5738,0.9998,0.0,0.0,0.0,6.573799999999999,0.026900000000000004,6.6007,8.1009
1576,0.2606,0.0112,0.2718,0.0489,0.9587932303164092,0.041206769683590876,14.2155,6.9842,142.2156,128.0001,0.0,0.0,0.0,142.21559999999997,6.984200000000001,149.19979999999998,156.6978
1577,0.1517,0.0,0.1518,0.0273,0.9993412384716733,0.0,8.361,0.0135,8.3606,0.0,0.0,0.0,0.0,8.3606,0.013499999999999998,8.3741,8.3705
1578,0.325,0.0008,0.3258,0.0586,0.9975445058317988,0.0024554941682013508,17.3775,0.4898,108.3779,91.0004,0.0,0.0,0.0,108.37790000000001,0.48979999999999996,108.86770000000001,111.8711
1579,0.3331,0.0001,0.3332,0.06,0.9996998799519808,0.0003001200480192077,18.171,0.0382,20.1712,2.0002,0.0,0.0,0.0,20.171200000000002,0.038200000000000005,20.209400000000002,20.2119
1580,0.2053,0.0,0.2053,0.037,1.0,0.0,11.793,0.0315,17.7936,6.0006,0.0,0.0,0.0,17.793600000000005,0.0315,17.825100000000006,17.8211
1581,0.2466,0.007,0.2537,0.0457,0.9720141899881751,0.027591643673630276,13.59,4.4389,370.59,357.0,0.0,0.0,0.0,370.59000000000003,4.4388999999999985,375.0289,390.5312
1582,0.2097,0.0001,0.2098,0.0378,0.9995233555767398,0.0004766444232602479,11.793,0.0648,13.7933,2.0003,0.0,0.0,0.0,13.793300000000006,0.0648,13.858100000000006,13.8599
1583,0.2634,0.0078,0.2712,0.0488,0.9712389380530975,0.028761061946902654,14.6655,4.8867,113.6657,99.0002,0.0,0.0,0.0,113.6657,4.8867,118.5524,127.5549
1584,0.4001,0.0002,0.4003,0.0721,0.9995003747189608,0.0004996252810392206,22.7445,0.1125,24.745,2.0005,0.0,0.0,0.0,24.745000000000008,0.11249999999999999,24.85750000000001,24.8606
1585,0.0957,0.0094,0.1051,0.0189,0.9105613701236916,0.08943862987630828,5.328,5.8128,135.3276,129.9996,0.0,0.0,0.0,135.3276,5.812800000000001,141.1404,147.643
1586,0.3372,0.0004,0.3376,0.0608,0.9988151658767772,0.001184834123222749,17.6805,0.2322,46.6805,29.0,0.0,0.0,0.0,46.68049999999999,0.2322,46.91269999999999,46.9146
1587,0.4001,0.0132,0.4134,0.0744,0.9678277697145622,0.03193033381712627,22.7445,8.3707,419.7449,397.0004,0.0,0.0,0.0,419.7448999999999,8.370700000000001,428.1155999999999,434.1159
1588,0.2936,0.0003,0.2939,0.0529,0.9989792446410345,0.0010207553589656345,15.855,0.2102,68.8547,52.9997,0.0,0.0,0.0,68.85470000000001,0.2102,69.06490000000001,69.0652
1589,0.2283,0.0189,0.2472,0.0445,0.9235436893203883,0.07645631067961164,12.9795,11.1451,184.9797,172.0002,0.0,0.0,0.0,184.97969999999998,11.145100000000001,196.1248,203.6215
1590,0.1747,0.0005,0.1752,0.0315,0.9971461187214612,0.002853881278538813,9.435,0.2956,28.4349,18.9999,0.0,0.0,0.0,28.434900000000003,0.2956,28.730500000000003,28.7283
1591,0.1001,0.0,0.1002,0.018,0.999001996007984,0.0,5.574,0.0213,6.5738,0.9998,0.0,0.0,0.0,6.573799999999999,0.0213,6.5950999999999995,6.5939
1592,0.4409,0.0044,0.4453,0.0802,0.9901190208847969,0.009880979115203236,24.546,2.6139,215.5452,190.9992,0.0,0.0,0.0,215.54520000000005,2.6138999999999997,218.15910000000005,220.1619
1593,0.1032,0.0006,0.1039,0.0187,0.9932627526467757,0.005774783445620788,5.574,0.3936,57.5738,51.9998,0.0,0.0,0.0,57.573800000000006,0.39360000000000006,57.967400000000005,59.4671
1594,0.2943,0.0001,0.2944,0.053,0.9996603260869565,0.0003396739130434783,15.138,0.0342,17.1381,2.0001,0.0,0.0,0.0,17.138099999999998,0.03420000000000001,17.172299999999996,17.1736
1595,0.3401,0.0,0.3402,0.0612,0.9997060552616108,0.0,17.661,0.0259,20.6612,3.0002,0.0,0.0,0.0,20.661199999999997,0.025899999999999996,20.687099999999997,20.688
1596,0.4549,0.0024,0.4573,0.0823,0.994751804067352,0.005248195932648152,25.5885,1.5518,160.5882,134.9997,0.0,0.0,0.0,160.58819999999997,1.5517999999999998,162.13999999999996,167.1419
1597,0.3662,0.0004,0.3666,0.066,0.998908892525914,0.0010911074740861976,20.385,0.2511,68.3845,47.9995,0.0,0.0,0.0,68.3845,0.2511,68.6356,68.6327
1598,0.2466,0.0005,0.2472,0.0445,0.9975728155339806,0.0020226537216828477,13.3185,0.3571,30.3189,17.0004,0.0,0.0,0.0,30.318899999999992,0.35710000000000003,30.67599999999999,33.1805
1599,0.108,0.0013,0.1094,0.0197,0.9872029250457038,0.011882998171846435,5.8935,0.859,103.8935,98.0,0.0,0.0,0.0,103.89349999999999,0.859,104.75249999999998,110.2549
1600,0.4731,0.0008,0.4739,0.0853,0.9983118801434903,0.0016881198565098124,26.067,0.4951,101.0668,74.9998,0.0,0.0,0.0,101.0668,0.4951,101.5619,104.0657
1601,0.1221,0.0001,0.1222,0.022,0.9991816693944353,0.0008183306055646482,6.795,0.0618,11.795,5.0,0.0,0.0,0.0,11.794999999999996,0.061799999999999994,11.856799999999996,12.3579
1602,0.1032,0.0026,0.1058,0.019,0.9754253308128544,0.024574669187145556,5.574,1.7254,178.5739,172.9999,0.0,0.0,0.0,178.5739,1.7253999999999998,180.29930000000002,184.3019
1603,0.339,0.0076,0.3466,0.0624,0.9780727062896711,0.021927293710328907,18.87,5.0323,313.8697,294.9997,0.0,0.0,0.0,313.8697,5.032300000000001,318.90200000000004,325.9011
1604,0.2568,0.0,0.2569,0.0462,0.9996107434799532,0.0,14.1525,0.0204,15.1524,0.9999,0.0,0.0,0.0,15.152400000000002,0.0204,15.172800000000002,15.1733
1605,0.2607,0.0152,0.2759,0.0497,0.9449075752084088,0.05509242479159116,14.6655,9.4455,176.6658,162.0003,0.0,0.0,0.0,176.6658,9.4455,186.1113,197.1132
1606,0.3911,0.0146,0.4057,0.073,0.9640128173527237,0.035987182647276315,22.707,9.2036,209.7072,187.0002,0.0,0.0,0.0,209.70720000000003,9.2036,218.91080000000002,233.4092
1607,0.1577,0.0068,0.1645,0.0296,0.9586626139817629,0.041337386018237075,9.06,4.2642,229.06,220.0,0.0,0.0,0.0,229.0600000000001,4.2642,233.32420000000008,238.8279
1608,0.3907,0.0003,0.391,0.0704,0.99923273657289,0.0007672634271099744,21.3105,0.1942,21.3104,0.0,0.0,0.0,0.0,21.3104,0.1942,21.5046,21.5053
1609,0.2789,0.0007,0.2796,0.0503,0.9974964234620886,0.002503576537911302,15.855,0.4491,70.8545,54.9995,0.0,0.0,0.0,70.8545,0.44909999999999994,71.3036,73.8039
1610,0.1661,0.0015,0.1676,0.0302,0.9910501193317423,0.008949880668257757,9.06,0.9331,123.0598,113.9998,0.0,0.0,0.0,123.05979999999998,0.9331,123.99289999999998,126.9911
1611,0.2503,0.0076,0.2579,0.0464,0.9705312136487011,0.029468786351298952,13.935,4.7667,149.9345,135.9995,0.0,0.0,0.0,149.9345,4.766699999999999,154.7012,162.2032
1612,0.3535,0.0012,0.3547,0.0638,0.9966168593177333,0.003383140682266704,19.0905,0.7793,106.0907,87.0002,0.0,0.0,0.0,106.09070000000001,0.7792999999999999,106.87000000000002,113.3673
1613,0.1953,0.022,0.2173,0.0391,0.8987574781408192,0.10124252185918085,10.6545,13.3661,369.6549,359.0004,0.0,0.0,0.0,369.6549,13.366099999999998,383.021,395.0247
1614,0.2273,0.0,0.2273,0.0409,1.0,0.0,13.6365,0.0113,13.6364,0.0,0.0,0.0,0.0,13.636400000000004,0.011300000000000001,13.647700000000004,13.6446
1615,0.2852,0.0,0.2852,0.0513,1.0,0.0,17.1105,0.017,17.1101,0.0,0.0,0.0,0.0,17.110100000000003,0.016999999999999998,17.127100000000002,17.123
1616,0.4552,0.0109,0.4661,0.0839,0.9766144604162197,0.023385539583780302,25.0815,6.8838,180.0822,155.0007,0.0,0.0,0.0,180.08220000000003,6.883799999999999,186.96600000000004,192.4676
1617,0.0916,0.0175,0.109,0.0196,0.8403669724770643,0.16055045871559634,5.046,10.7205,418.046,413.0,0.0,0.0,0.0,418.04600000000005,10.720499999999998,428.76650000000006,435.7709
1618,0.107,0.0299,0.1369,0.0246,0.7815924032140249,0.21840759678597518,5.8935,18.0225,378.8936,373.0001,0.0,0.0,0.0,378.8936,18.0225,396.9161,404.414
1619,0.3209,0.0001,0.321,0.0578,0.9996884735202493,0.00031152647975077883,17.6805,0.0621,38.6807,21.0002,0.0,0.0,0.0,38.6807,0.06210000000000001,38.7428,38.7463
1620,0.3585,0.0149,0.3734,0.0672,0.9600964113551151,0.039903588644884844,19.554,9.0038,692.5545,673.0005,0.0,0.0,0.0,692.5545000000001,9.003800000000002,701.5583,707.5579
1621,0.2579,0.0001,0.258,0.0464,0.9996124031007753,0.0003875968992248062,15.138,0.0433,24.1381,9.0001,0.0,0.0,0.0,24.138099999999998,0.0433,24.181399999999996,24.1833
1622,0.2966,0.0002,0.2968,0.0534,0.9993261455525605,0.0006738544474393531,16.5105,0.1568,19.5108,3.0003,0.0,0.0,0.0,19.5108,0.1568,19.6676,19.6659
1623,0.2555,0.0027,0.2582,0.0465,0.9895429899302867,0.010457010069713401,13.935,1.9326,246.9345,232.9995,0.0,0.0,0.0,246.9345,1.9325999999999999,248.86710000000002,255.8681
1624,0.3097,0.0003,0.31,0.0558,0.999032258064516,0.0009677419354838709,16.722,0.1862,17.7217,0.9997,0.0,0.0,0.0,17.721700000000002,0.18619999999999998,17.9079,18.905
1625,0.4881,0.0,0.4881,0.0879,1.0,0.0,25.5885,0.0273,28.588,2.9995,0.0,0.0,0.0,28.587999999999997,0.027299999999999998,28.615299999999998,28.6188
1626,0.406,0.0004,0.4064,0.0732,0.9990157480314962,0.000984251968503937,23.574,0.2657,46.5742,23.0002,0.0,0.0,0.0,46.57420000000002,0.2657,46.83990000000002,48.3417
1627,0.2391,0.0059,0.245,0.0441,0.9759183673469388,0.024081632653061225,13.59,3.9094,192.5896,178.9996,0.0,0.0,0.0,192.58960000000002,3.9094,196.49900000000002,205.0009
1628,0.195,0.0016,0.1966,0.0354,0.9918616480162767,0.008138351983723296,11.325,0.9942,83.3249,71.9999,0.0,0.0,0.0,83.32489999999999,0.9942000000000002,84.31909999999999,85.8212
1629,0.3907,0.0094,0.4001,0.072,0.976505873531617,0.023494126468382906,21.3105,5.8307,206.3102,184.9997,0.0,0.0,0.0,206.31020000000004,5.830699999999999,212.14090000000004,217.6418
1630,0.4212,0.0,0.4212,0.0758,1.0,0.0,22.7445,0.0291,24.745,2.0005,0.0,0.0,0.0,24.745000000000005,0.029099999999999994,24.774100000000004,24.7748
1631,0.1043,0.0233,0.1275,0.023,0.8180392156862746,0.18274509803921568,5.6865,13.9328,184.6863,178.9998,0.0,0.0,0.0,184.68629999999996,13.932799999999999,198.61909999999995,205.6198
1632,0.3774,0.0073,0.3846,0.0692,0.9812792511700469,0.018980759230369217,21.228,4.5575,408.2285,387.0005,0.0,0.0,0.0,408.2285,4.557499999999999,412.786,421.7867
1633,0.3315,0.0022,0.3337,0.0601,0.993407252022775,0.006592747977225053,18.6465,1.4627,95.6465,77.0,0.0,0.0,0.0,95.64649999999999,1.4627000000000001,97.10919999999999,102.6046
1634,0.2848,0.0001,0.285,0.0513,0.9992982456140351,0.00035087719298245617,16.3635,0.0841,18.3639,2.0004,0.0,0.0,0.0,18.3639,0.0841,18.448,18.4484
1635,0.3128,0.0023,0.3151,0.0567,0.9927007299270074,0.0072992700729927005,17.0595,1.514,150.0589,132.9994,0.0,0.0,0.0,150.05890000000005,1.5139999999999998,151.57290000000006,159.0695
1636,0.1579,0.0,0.158,0.0284,0.999367088607595,0.0,8.529,0.0152,22.5294,14.0004,0.0,0.0,0.0,22.5294,0.015199999999999997,22.5446,22.5412
1637,0.2118,0.0001,0.2119,0.0381,0.9995280792826804,0.00047192071731949034,11.325,0.0399,27.3249,15.9999,0.0,0.0,0.0,27.324899999999992,0.039900000000000005,27.364799999999992,27.8623
1638,0.1195,0.0068,0.1263,0.0227,0.946159936658749,0.053840063341250986,6.795,4.363,141.795,135.0,0.0,0.0,0.0,141.79500000000002,4.362999999999999,146.15800000000002,148.1541
1639,0.249,0.0083,0.2573,0.0463,0.9677419354838711,0.03225806451612904,14.1525,5.0681,338.1524,323.9999,0.0,0.0,0.0,338.15239999999994,5.068099999999999,343.22049999999996,354.217
1640,0.1026,0.0257,0.1283,0.0231,0.7996882307092751,0.20031176929072486,5.8935,16.6179,667.8937,662.0002,0.0,0.0,0.0,667.8937000000001,16.6179,684.5116,695.5105
1641,0.2762,0.0,0.2763,0.0497,0.9996380745566413,0.0,14.481,0.0286,26.481,12.0,0.0,0.0,0.0,26.480999999999995,0.028599999999999993,26.509599999999995,26.5068
1642,0.4715,0.0064,0.4779,0.086,0.9866080770035572,0.01339192299644277,26.5215,4.014,275.5209,248.9994,0.0,0.0,0.0,275.5209,4.013999999999999,279.5349,287.0335
1643,0.4202,0.0,0.4202,0.0756,1.0,0.0,21.8175,0.0118,42.8183,21.0008,0.0,0.0,0.0,42.8183,0.0118,42.8301,42.8319
1644,0.2664,0.0001,0.2665,0.048,0.999624765478424,0.000375234521575985,15.9825,0.09,15.9828,0.0003,0.0,0.0,0.0,15.982800000000001,0.09000000000000002,16.0728,16.0728
1645,0.1486,0.0197,0.1683,0.0303,0.882947118241236,0.1170528817587641,8.361,12.6582,155.3608,146.9998,0.0,0.0,0.0,155.3608,12.658199999999999,168.019,184.0155
1646,0.2628,0.0217,0.2845,0.0512,0.923725834797891,0.07627416520210897,14.481,14.0354,347.4813,333.0003,0.0,0.0,0.0,347.4813,14.0354,361.51669999999996,371.5213
1647,0.4212,0.0,0.4212,0.0758,1.0,0.0,22.7445,0.0273,38.7451,16.0006,0.0,0.0,0.0,38.7451,0.0273,38.7724,38.773
1648,0.0896,0.0,0.0896,0.0161,1.0,0.0,4.8885,0.007,13.8887,9.0002,0.0,0.0,0.0,13.888700000000005,0.007,13.895700000000005,13.8978
1649,0.2161,0.0001,0.2162,0.0389,0.9995374653098982,0.00046253469010175765,11.787,0.0618,16.7871,5.0001,0.0,0.0,0.0,16.787100000000002,0.0618,16.848900000000004,16.8473
1650,0.2309,0.0001,0.2309,0.0416,1.0,0.00043308791684712,12.222,0.0349,26.2214,13.9994,0.0,0.0,0.0,26.221399999999996,0.0349,26.256299999999996,26.7552
1651,0.2269,0.0,0.2269,0.0408,1.0,0.0,13.3185,0.0119,26.319,13.0005,0.0,0.0,0.0,26.318999999999996,0.011900000000000003,26.330899999999996,26.3267
1652,0.2752,0.0,0.2752,0.0495,1.0,0.0,14.1525,0.0148,14.1523,0.0,0.0,0.0,0.0,14.152300000000002,0.0148,14.167100000000001,15.164
1653,0.1263,0.0001,0.1264,0.0227,0.9992088607594936,0.0007911392405063291,7.3335,0.0357,9.3326,1.9991,0.0,0.0,0.0,9.3326,0.035699999999999996,9.3683,10.3719
1654,0.15,0.0007,0.1507,0.0271,0.9953550099535501,0.0046449900464499,8.529,0.4134,29.5293,21.0003,0.0,0.0,0.0,29.5293,0.41339999999999993,29.9427,30.4455
1655,0.2492,0.0002,0.2494,0.0449,0.9991980753809142,0.0008019246190858059,13.59,0.1327,80.5897,66.9997,0.0,0.0,0.0,80.5897,0.13269999999999998,80.7224,81.2268
1656,0.1304,0.0044,0.1348,0.0243,0.9673590504451037,0.032640949554896145,7.3335,2.7893,162.333,154.9995,0.0,0.0,0.0,162.333,2.7893,165.1223,170.6198
1657,0.3143,0.0004,0.3147,0.0566,0.9987289482046395,0.001271051795360661,17.6805,0.2207,41.6808,24.0003,0.0,0.0,0.0,41.6808,0.2207,41.9015,42.8969
1658,0.2467,0.0003,0.2471,0.0445,0.9983812221772562,0.0012140833670578712,14.481,0.2244,26.4814,12.0004,0.0,0.0,0.0,26.481399999999994,0.2244,26.705799999999993,29.708
1659,0.2606,0.0002,0.2608,0.0469,0.9992331288343559,0.0007668711656441719,14.2155,0.1086,16.2157,2.0002,0.0,0.0,0.0,16.2157,0.1086,16.324299999999997,16.8204
1660,0.0822,0.003,0.0852,0.0153,0.9647887323943661,0.035211267605633804,4.53,1.8207,270.5298,265.9998,0.0,0.0,0.0,270.52979999999997,1.8207000000000002,272.35049999999995,276.8525
1661,0.3096,0.0043,0.3139,0.0565,0.9863013698630136,0.0136986301369863,18.171,2.7197,103.1713,85.0003,0.0,0.0,0.0,103.17129999999999,2.7197,105.89099999999999,118.3869
1662,0.3858,0.0013,0.3872,0.0697,0.9963842975206612,0.0033574380165289257,20.628,0.8776,119.6276,98.9996,0.0,0.0,0.0,119.62760000000003,0.8775999999999998,120.50520000000003,123.5098
1663,0.245,0.0021,0.2471,0.0445,0.991501416430595,0.008498583569405098,13.6365,1.3605,232.6363,218.9998,0.0,0.0,0.0,232.63629999999998,1.3604999999999998,233.99679999999998,238.9967
1664,0.1059,0.0015,0.1073,0.0193,0.9869524697110903,0.013979496738117428,5.8935,0.9407,121.8935,116.0,0.0,0.0,0.0,121.89349999999997,0.9407000000000001,122.83419999999998,124.8338
1665,0.1388,0.0012,0.1399,0.0252,0.9921372408863475,0.008577555396711936,7.569,0.7142,148.5692,141.0002,0.0,0.0,0.0,148.5692,0.7142000000000002,149.2834,152.7876
1666,0.4318,0.0001,0.4319,0.0777,0.9997684649224358,0.000231535077564251,24.546,0.0512,24.5455,0.0,0.0,0.0,0.0,24.545500000000004,0.05119999999999999,24.596700000000006,25.0981
1667,0.2128,0.0,0.2128,0.0383,1.0,0.0,12.222,0.009,12.2216,0.0,0.0,0.0,0.0,12.2216,0.009,12.2306,12.2302
1668,0.1974,0.0,0.1974,0.0355,1.0,0.0,11.586,0.0173,13.585,1.999,0.0,0.0,0.0,13.584999999999996,0.017300000000000003,13.602299999999996,13.6048
1669,0.1611,0.0111,0.1721,0.031,0.936083672283556,0.06449738524113888,9.06,7.3202,209.0597,199.9997,0.0,0.0,0.0,209.05970000000002,7.320200000000001,216.37990000000002,224.8753
1670,0.0824,0.0002,0.0825,0.0149,0.9987878787878788,0.0024242424242424242,4.8885,0.0929,12.8886,8.0001,0.0,0.0,0.0,12.8886,0.0929,12.9815,12.983
1671,0.3432,0.0053,0.3485,0.0627,0.9847919655667146,0.01520803443328551,19.509,3.352,195.5083,175.9993,0.0,0.0,0.0,195.50830000000002,3.352,198.86030000000002,207.3614
1672,0.4715,0.0252,0.4967,0.0894,0.9492651499899336,0.05073485001006644,26.5215,15.9974,443.5212,416.9997,0.0,0.0,0.0,443.5212,15.9974,459.51860000000005,471.0157
1673,0.385,0.0001,0.3852,0.0693,0.9994807892004154,0.0002596053997923157,20.385,0.0631,20.3847,0.0,0.0,0.0,0.0,20.384700000000002,0.06309999999999999,20.4478,20.4439
1674,0.2218,0.0019,0.2238,0.0403,0.9910634495084897,0.008489722966934763,12.222,1.2665,296.2214,283.9994,0.0,0.0,0.0,296.2214,1.2665,297.4879,300.4885
1675,0.2417,0.0006,0.2423,0.0436,0.9975237309120925,0.0024762690879075525,13.3185,0.3733,68.3191,55.0006,0.0,0.0,0.0,68.3191,0.3732999999999999,68.6924,68.6942
1676,0.1643,0.0002,0.1645,0.0296,0.9987841945288753,0.0012158054711246201,8.529,0.1169,41.5293,33.0003,0.0,0.0,0.0,41.529300000000006,0.11690000000000002,41.64620000000001,41.6478
1677,0.1063,0.0,0.1063,0.0191,1.0,0.0,5.574,0.0125,8.5737,2.9997,0.0,0.0,0.0,8.5737,0.012499999999999997,8.5862,8.5829
1678,0.3205,0.0008,0.3213,0.0578,0.997510115157174,0.0024898848428260194,17.661,0.5297,99.6611,82.0001,0.0,0.0,0.0,99.66110000000002,0.5296999999999998,100.19080000000002,103.1888
1679,0.3315,0.0208,0.3523,0.0634,0.940959409594096,0.05904059040590406,18.6465,11.9042,688.6465,670.0,0.0,0.0,0.0,688.6465000000002,11.904199999999998,700.5507000000001,715.5551
1680,0.0805,0.0007,0.0813,0.0146,0.990159901599016,0.008610086100861008,4.53,0.491,63.5299,58.9999,0.0,0.0,0.0,63.5299,0.49099999999999994,64.0209,65.0182
1681,0.3143,0.0004,0.3147,0.0566,0.9987289482046395,0.001271051795360661,17.6805,0.2259,100.6807,83.0002,0.0,0.0,0.0,100.68070000000003,0.22590000000000002,100.90660000000003,100.9026
1682,0.3541,0.0,0.3541,0.0637,1.0,0.0,19.509,0.0165,25.5086,5.9996,0.0,0.0,0.0,25.508599999999998,0.0165,25.5251,25.5246
1683,0.1485,0.0001,0.1486,0.0267,0.9993270524899057,0.0006729475100942127,8.529,0.054,18.5293,10.0003,0.0,0.0,0.0,18.5293,0.054000000000000006,18.583299999999998,18.5833
1684,0.0839,0.0015,0.0854,0.0154,0.9824355971896955,0.01756440281030445,4.7175,0.9498,157.7175,153.0,0.0,0.0,0.0,157.71750000000003,0.9498000000000001,158.66730000000004,164.6633
1685,0.2747,0.0,0.2748,0.0495,0.9996360989810772,0.0,15.138,0.0229,20.1382,5.0002,0.0,0.0,0.0,20.138199999999998,0.0229,20.161099999999998,20.1587
1686,0.3571,0.0003,0.3574,0.0643,0.9991606043648572,0.0008393956351426972,19.0905,0.1763,48.0911,29.0006,0.0,0.0,0.0,48.0911,0.17630000000000004,48.267399999999995,48.2654
1687,0.4456,0.0002,0.4459,0.0803,0.999327203408836,0.00044853106077595876,23.364,0.1467,49.3631,25.9991,0.0,0.0,0.0,49.3631,0.14669999999999997,49.509800000000006,49.508
1688,0.4129,0.0028,0.4156,0.0748,0.9935033686236765,0.006737247353224254,22.296,1.7255,176.295,153.999,0.0,0.0,0.0,176.29500000000002,1.7254999999999996,178.02050000000003,184.0196
1689,0.1064,0.0004,0.1067,0.0192,0.9971883786316775,0.0037488284910965324,5.6865,0.2354,18.6861,12.9996,0.0,0.0,0.0,18.686100000000007,0.2354,18.921500000000005,18.921
1690,0.1919,0.0108,0.2027,0.0365,0.9467192895905279,0.05328071040947213,10.9095,6.8224,123.9089,112.9994,0.0,0.0,0.0,123.90889999999999,6.8224,130.73129999999998,140.2313
1691,0.4046,0.0022,0.4069,0.0732,0.9943475055296143,0.005406733841238634,22.296,1.3802,159.2953,136.9993,0.0,0.0,0.0,159.2953,1.3801999999999999,160.6755,161.6739
1692,0.3667,0.0122,0.3789,0.0682,0.9678015307468989,0.03219846925310108,20.628,8.0466,303.6275,282.9995,0.0,0.0,0.0,303.6275,8.046600000000002,311.6741,319.6777
1693,0.1695,0.0001,0.1696,0.0305,0.9994103773584906,0.0005896226415094339,9.435,0.0617,9.4348,0.0,0.0,0.0,0.0,9.434799999999997,0.061700000000000005,9.496499999999997,9.9982
1694,0.293,0.0181,0.3111,0.056,0.9418193506910961,0.058180649308903896,15.9825,11.7919,197.9827,182.0002,0.0,0.0,0.0,197.98269999999997,11.791899999999998,209.77459999999996,218.2747
1695,0.0923,0.008,0.1003,0.0181,0.9202392821535393,0.07976071784646062,5.1915,5.2172,206.1918,201.0003,0.0,0.0,0.0,206.19180000000006,5.217200000000001,211.40900000000005,226.9049
1696,0.3456,0.0001,0.3457,0.0622,0.9997107318484235,0.00028926815157651146,18.12,0.031,20.1196,1.9996,0.0,0.0,0.0,20.119599999999995,0.031,20.150599999999994,20.1535
1697,0.1992,0.0,0.1993,0.0359,0.9994982438534871,0.0,11.325,0.0162,16.3244,4.9994,0.0,0.0,0.0,16.3244,0.016200000000000003,16.340600000000002,16.3435
1698,0.3122,0.0003,0.3125,0.0562,0.9990399999999999,0.0009599999999999999,17.3775,0.2092,43.3778,26.0003,0.0,0.0,0.0,43.37780000000001,0.20920000000000002,43.58700000000001,45.0835
1699,0.2553,0.0,0.2553,0.046,1.0,0.0,14.6655,0.0204,14.6658,0.0003,0.0,0.0,0.0,14.665800000000003,0.020399999999999998,14.686200000000003,14.6813
1700,0.3186,0.0,0.3186,0.0574,1.0,0.0,17.3775,0.0227,20.378,3.0005,0.0,0.0,0.0,20.378,0.022699999999999998,20.4007,20.3969
1701,0.1399,0.0001,0.14,0.0252,0.9992857142857142,0.0007142857142857143,7.788,0.0802,7.7879,0.0,0.0,0.0,0.0,7.787899999999998,0.08020000000000001,7.868099999999997,8.37
1702,0.2286,0.0016,0.2301,0.0414,0.9934810951760105,0.006953498478922208,12.222,0.9747,247.2214,234.9994,0.0,0.0,0.0,247.22139999999993,0.9746999999999999,248.19609999999994,250.1924
1703,0.1,0.0003,0.1003,0.0181,0.9970089730807578,0.002991026919242273,5.454,0.1875,77.4545,72.0005,0.0,0.0,0.0,77.45450000000001,0.1875,77.64200000000001,79.6458
1704,0.25,0.0043,0.2544,0.0458,0.9827044025157232,0.01690251572327044,13.6365,2.7623,108.6363,94.9998,0.0,0.0,0.0,108.63629999999996,2.7623,111.39859999999996,119.9002
1705,0.2606,0.0057,0.2663,0.0479,0.9785955689072475,0.021404431092752536,14.2155,3.5491,271.2157,257.0002,0.0,0.0,0.0,271.21569999999997,3.5490999999999997,274.7648,283.2684
1706,0.2404,0.0001,0.2404,0.0433,1.0,0.00041597337770382697,12.9795,0.0394,17.9795,5.0,0.0,0.0,0.0,17.9795,0.039400000000000004,18.018900000000002,18.0154
1707,0.0847,0.0002,0.085,0.0153,0.996470588235294,0.002352941176470588,4.7175,0.1423,34.7175,30.0,0.0,0.0,0.0,34.71750000000002,0.14229999999999998,34.85980000000002,36.8605
1708,0.103,0.0012,0.1042,0.0188,0.9884836852207293,0.011516314779270632,5.793,0.7431,56.7929,50.9999,0.0,0.0,0.0,56.7929,0.7430999999999999,57.536,58.0396
1709,0.3349,0.0213,0.3562,0.0641,0.9402021336327905,0.05979786636720943,18.6465,13.3459,165.6465,147.0,0.0,0.0,0.0,165.64649999999997,13.345899999999999,178.99239999999998,183.9931
1710,0.2476,0.0,0.2476,0.0446,1.0,0.0,12.9795,0.0232,12.9796,0.0001,0.0,0.0,0.0,12.979599999999996,0.0232,13.002799999999995,13.0068
1711,0.3404,0.0011,0.3414,0.0615,0.997070884592853,0.003222026947861746,19.554,0.6294,81.5541,62.0001,0.0,0.0,0.0,81.5541,0.6294,82.18350000000001,83.6863
1712,0.2162,0.0069,0.2231,0.0402,0.9690721649484536,0.030927835051546393,11.793,4.4768,256.7938,245.0008,0.0,0.0,0.0,256.79380000000003,4.4768,261.27060000000006,268.7661
1713,0.2907,0.0123,0.303,0.0545,0.9594059405940595,0.040594059405940595,15.855,8.0695,513.8548,497.9998,0.0,0.0,0.0,513.8548000000001,8.069500000000001,521.9243,526.42
1714,0.2905,0.0131,0.3036,0.0546,0.9568511198945981,0.04314888010540185,16.5105,8.2056,314.5109,298.0004,0.0,0.0,0.0,314.5109,8.2056,322.7165,338.2139
1715,0.4691,0.0,0.4692,0.0845,0.9997868712702472,0.0,25.5885,0.0273,25.588,0.0,0.0,0.0,0.0,25.587999999999997,0.027299999999999994,25.615299999999998,25.6163
1716,0.1879,0.0,0.1879,0.0338,1.0,0.0,10.9095,0.0252,10.9093,0.0,0.0,0.0,0.0,10.909299999999996,0.0252,10.934499999999996,10.9363
1717,0.3137,0.0001,0.3138,0.0565,0.9996813256851497,0.00031867431485022306,17.1105,0.0725,42.1098,24.9993,0.0,0.0,0.0,42.1098,0.0725,42.1823,42.1778
1718,0.1577,0.0002,0.1579,0.0284,0.9987333755541482,0.001266624445851805,9.06,0.1443,48.0597,38.9997,0.0,0.0,0.0,48.05969999999999,0.14429999999999998,48.20399999999999,48.209
1719,0.1394,0.0001,0.1394,0.0251,1.0,0.0007173601147776184,8.361,0.0539,15.3605,6.9995,0.0,0.0,0.0,15.360499999999998,0.053899999999999997,15.414399999999999,15.4158
1720,0.1939,0.0056,0.1995,0.0359,0.9719298245614034,0.02807017543859649,10.9095,3.4457,282.9089,271.9994,0.0,0.0,0.0,282.9089000000001,3.4456999999999995,286.35460000000006,296.8512
1721,0.2196,0.0,0.2196,0.0395,1.0,0.0,12.615,0.0166,12.6151,0.0001,0.0,0.0,0.0,12.615099999999996,0.0166,12.631699999999997,13.1268
1722,0.1756,0.0001,0.1757,0.0316,0.9994308480364258,0.0005691519635742744,9.777,0.0342,9.7773,0.0003,0.0,0.0,0.0,9.7773,0.03420000000000001,9.8115,10.3095
1723,0.1424,0.0206,0.163,0.0293,0.8736196319018404,0.1263803680981595,8.1825,13.2599,226.1819,217.9994,0.0,0.0,0.0,226.1819,13.259900000000002,239.4418,250.9424
1724,0.3218,0.0,0.3218,0.0579,1.0,0.0,17.3775,0.0131,18.378,1.0005,0.0,0.0,0.0,18.378,0.0131,18.3911,18.3943
1725,0.3686,0.0003,0.3689,0.0664,0.9991867714827866,0.0008132285172133369,19.902,0.203,45.902,26.0,0.0,0.0,0.0,45.901999999999994,0.20299999999999996,46.105,46.1062
1726,0.2841,0.0006,0.2847,0.0512,0.9978925184404637,0.002107481559536354,15.9825,0.358,23.9827,8.0002,0.0,0.0,0.0,23.9827,0.3580000000000001,24.340700000000002,24.338
1727,0.2574,0.0016,0.2591,0.0466,0.9934388267078349,0.0061752219220378235,14.481,0.9686,241.4815,227.0005,0.0,0.0,0.0,241.48149999999993,0.9685999999999998,242.45009999999994,244.4454
1728,0.1971,0.0,0.1972,0.0355,0.9994929006085194,0.0,11.325,0.0281,14.325,3.0,0.0,0.0,0.0,14.325000000000001,0.028099999999999997,14.353100000000001,14.3509
1729,0.3399,0.0001,0.34,0.0612,0.999705882352941,0.0002941176470588235,18.171,0.0891,35.1715,17.0005,0.0,0.0,0.0,35.1715,0.0891,35.260600000000004,35.2615
1730,0.3798,0.0003,0.3801,0.0684,0.9992107340173639,0.0007892659826361484,21.8175,0.217,22.818,1.0005,0.0,0.0,0.0,22.817999999999994,0.21700000000000003,23.034999999999993,23.0391
1731,0.2901,0.0011,0.2912,0.0524,0.9962225274725275,0.0037774725274725275,15.9825,0.6633,163.9827,148.0002,0.0,0.0,0.0,163.98269999999997,0.6633000000000001,164.64599999999996,170.1499
1732,0.3288,0.0001,0.3289,0.0592,0.9996959562176952,0.0003040437823046519,18.12,0.0342,33.1196,14.9996,0.0,0.0,0.0,33.11959999999999,0.034199999999999994,33.15379999999999,33.1493
1733,0.2966,0.0,0.2966,0.0534,1.0,0.0,16.5105,0.0318,20.5108,4.0003,0.0,0.0,0.0,20.5108,0.0318,20.5426,21.0396
1734,0.2663,0.0009,0.2673,0.0481,0.996258885147774,0.0033670033670033673,15.138,0.5817,123.1381,108.0001,0.0,0.0,0.0,123.13810000000004,0.5817,123.71980000000003,129.7184
1735,0.424,0.0001,0.4241,0.0763,0.9997642065550578,0.00023579344494223064,23.364,0.0417,26.3633,2.9993,0.0,0.0,0.0,26.363300000000006,0.0417,26.405000000000005,26.4088
1736,0.1677,0.0,0.1678,0.0302,0.9994040524433849,0.0,9.435,0.031,12.435,3.0,0.0,0.0,0.0,12.434999999999997,0.030999999999999993,12.465999999999998,12.467
1737,0.2729,0.0002,0.2731,0.0492,0.9992676675210544,0.0007323324789454413,14.7345,0.1382,20.7339,5.9994,0.0,0.0,0.0,20.7339,0.13820000000000002,20.8721,20.8743
1738,0.4543,0.0,0.4543,0.0818,1.0,0.0,23.364,0.0216,23.3636,0.0,0.0,0.0,0.0,23.363600000000005,0.0216,23.385200000000005,23.3861
1739,0.4046,0.0028,0.4074,0.0733,0.993127147766323,0.006872852233676976,22.296,1.8384,186.2954,163.9994,0.0,0.0,0.0,186.2954,1.8384,188.1338,196.1324
1740,0.4961,0.0001,0.4962,0.0893,0.9997984683595325,0.00020153164046755341,26.5215,0.0712,48.5209,21.9994,0.0,0.0,0.0,48.52089999999999,0.0712,48.59209999999999,48.5881
1741,0.1644,0.0004,0.1648,0.0297,0.9975728155339805,0.0024271844660194177,9.06,0.2527,90.06,81.0,0.0,0.0,0.0,90.05999999999999,0.25270000000000004,90.31269999999999,90.3101
1742,0.3432,0.0013,0.3445,0.062,0.9962264150943397,0.0037735849056603774,19.509,0.8114,316.5083,296.9993,0.0,0.0,0.0,316.5083,0.8113999999999998,317.3197,327.3217
1743,0.2013,0.0109,0.2122,0.0382,0.9486333647502356,0.05136663524976437,11.325,6.8398,95.3248,83.9998,0.0,0.0,0.0,95.32479999999998,6.8398,102.16459999999998,108.6662
1744,0.1738,0.0042,0.1781,0.0321,0.9758562605277934,0.023582257158899493,9.777,2.5168,166.7774,157.0004,0.0,0.0,0.0,166.77739999999997,2.5168000000000004,169.29419999999996,174.2928
1745,0.1529,0.0002,0.153,0.0275,0.9993464052287583,0.0013071895424836603,8.6895,0.1079,32.689,23.9995,0.0,0.0,0.0,32.689,0.1079,32.7969,32.7928
1746,0.4764,0.0002,0.4766,0.0858,0.9995803608896349,0.000419639110365086,26.5215,0.1472,40.5207,13.9992,0.0,0.0,0.0,40.5207,0.1472,40.667899999999996,40.6655
1747,0.1579,0.0031,0.161,0.029,0.9807453416149069,0.019254658385093167,8.529,1.9382,154.5292,146.0002,0.0,0.0,0.0,154.52920000000003,1.9382000000000001,156.46740000000003,161.9673
1748,0.383,0.0002,0.3831,0.069,0.9997389715478987,0.0005220569042025581,20.274,0.102,49.2743,29.0003,0.0,0.0,0.0,49.27429999999999,0.10200000000000001,49.376299999999986,49.8745
1749,0.4163,0.0002,0.4165,0.075,0.9995198079231693,0.0004801920768307323,22.707,0.1591,64.7071,42.0001,0.0,0.0,0.0,64.70710000000003,0.15910000000000002,64.86620000000002,64.8631
1750,0.3028,0.0,0.3029,0.0545,0.9996698580389568,0.0,18.171,0.0114,18.1712,0.0002,0.0,0.0,0.0,18.1712,0.011399999999999999,18.182599999999997,18.1796
1751,0.442,0.0001,0.4421,0.0796,0.9997738068310337,0.00022619316896629722,26.5215,0.0558,26.5209,0.0,0.0,0.0,0.0,26.520900000000005,0.055799999999999995,26.576700000000006,26.575
1752,0.137,0.0146,0.1516,0.0273,0.9036939313984169,0.09630606860158311,7.788,9.2708,329.7878,321.9998,0.0,0.0,0.0,329.78780000000006,9.270800000000001,339.05860000000007,352.5557
1753,0.2965,0.0,0.2966,0.0534,0.9996628455832772,0.0,15.855,0.0177,20.8545,4.9995,0.0,0.0,0.0,20.854499999999998,0.0177,20.8722,20.8717
1754,0.2356,0.0005,0.2361,0.0425,0.9978822532825075,0.0021177467174925877,12.9795,0.3072,55.9795,43.0,0.0,0.0,0.0,55.97949999999999,0.3072,56.28669999999999,58.287
1755,0.4128,0.0029,0.4157,0.0748,0.9930238152513832,0.00697618474861679,22.7445,1.7898,234.7449,212.0004,0.0,0.0,0.0,234.74490000000003,1.7897999999999998,236.53470000000004,243.0383
1756,0.3473,0.0,0.3473,0.0625,1.0,0.0,20.385,0.013,21.3845,0.9995,0.0,0.0,0.0,21.384500000000003,0.012999999999999998,21.397500000000004,21.3962
1757,0.3858,0.0243,0.4102,0.0738,0.940516821062896,0.05923939541686982,20.628,15.3757,220.6274,199.9994,0.0,0.0,0.0,220.62740000000002,15.375699999999998,236.00310000000002,250.5029
1758,0.1865,0.0001,0.1866,0.0336,0.9994640943193999,0.0005359056806002145,10.383,0.0435,10.3836,0.0006,0.0,0.0,0.0,10.3836,0.0435,10.4271,10.4233
1759,0.0805,0.0008,0.0813,0.0146,0.990159901599016,0.00984009840098401,4.53,0.5244,72.5298,67.9998,0.0,0.0,0.0,72.52980000000001,0.5243999999999999,73.05420000000001,76.0518
1760,0.2747,0.0037,0.2784,0.0501,0.9867097701149425,0.013290229885057472,15.138,2.3914,266.1381,251.0001,0.0,0.0,0.0,266.13809999999995,2.3914,268.5294999999999,278.0283
1761,0.2241,0.014,0.2381,0.0429,0.9412011759764805,0.058798824023519526,12.222,8.6378,418.2218,405.9998,0.0,0.0,0.0,418.2217999999999,8.6378,426.85959999999994,447.858
1762,0.3695,0.0,0.3695,0.0665,1.0,0.0,21.228,0.0086,21.2281,0.0001,0.0,0.0,0.0,21.228099999999998,0.0086,21.2367,21.2318
1763,0.35,0.0012,0.3512,0.0632,0.9965831435079726,0.0034168564920273345,19.0905,0.755,83.0911,64.0006,0.0,0.0,0.0,83.09110000000001,0.755,83.8461,95.3459
1764,0.2323,0.0,0.2323,0.0418,1.0,0.0,13.935,0.0127,15.9345,1.9995,0.0,0.0,0.0,15.934500000000002,0.0127,15.947200000000002,16.4423
1765,0.1297,0.0002,0.1299,0.0234,0.9984603541185529,0.0015396458814472672,7.0755,0.1375,30.076,23.0005,0.0,0.0,0.0,30.075999999999993,0.1375,30.213499999999993,30.2099
1766,0.1022,0.0016,0.1038,0.0187,0.9845857418111753,0.015414258188824663,5.574,0.9817,60.5738,54.9998,0.0,0.0,0.0,60.5738,0.9816999999999998,61.555499999999995,67.0559
1767,0.2307,0.009,0.2398,0.0432,0.9620517097581317,0.03753127606338615,12.9795,5.2054,328.9796,316.0001,0.0,0.0,0.0,328.97959999999995,5.205399999999999,334.18499999999995,343.186
1768,0.1406,0.0045,0.1451,0.0261,0.968986905582357,0.031013094417643,7.992,2.9394,173.9915,165.9995,0.0,0.0,0.0,173.99150000000003,2.9394000000000005,176.93090000000004,185.4353
1769,0.45,0.0007,0.4507,0.0811,0.9984468604393166,0.0015531395606833815,24.546,0.4472,137.5455,112.9995,0.0,0.0,0.0,137.5455,0.4472,137.9927,139.4965
1770,0.2368,0.0173,0.2541,0.0457,0.9319165682802047,0.06808343171979536,13.3185,10.8139,255.3191,242.0006,0.0,0.0,0.0,255.31910000000002,10.8139,266.13300000000004,280.1292
1771,0.2798,0.0,0.2798,0.0504,1.0,0.0,15.576,0.0215,18.5756,2.9996,0.0,0.0,0.0,18.575599999999998,0.021500000000000005,18.597099999999998,18.5923
1772,0.3612,0.0026,0.3638,0.0655,0.9928532160527763,0.0071467839472237485,19.902,1.6521,220.9019,200.9999,0.0,0.0,0.0,220.90189999999993,1.6520999999999997,222.55399999999992,229.5522
1773,0.3151,0.0006,0.3157,0.0568,0.9980994615140957,0.0019005384859043396,16.3635,0.3483,48.3637,32.0002,0.0,0.0,0.0,48.36369999999999,0.3483,48.71199999999999,50.7139
1774,0.4327,0.0,0.4327,0.0779,1.0,0.0,23.364,0.0219,26.3634,2.9994,0.0,0.0,0.0,26.363400000000006,0.0219,26.385300000000004,26.3841
1775,0.3096,0.0003,0.3099,0.0558,0.9990319457889641,0.0009680542110358179,17.0595,0.2185,58.0585,40.999,0.0,0.0,0.0,58.058499999999995,0.21849999999999994,58.276999999999994,58.7758
1776,0.2023,0.0055,0.2078,0.0374,0.9735322425409046,0.02646775745909528,11.148,3.4892,217.1476,205.9996,0.0,0.0,0.0,217.1476,3.4892000000000003,220.63680000000002,227.6382
1777,0.2812,0.0043,0.2855,0.0514,0.9849387040280211,0.015061295971978986,15.9825,2.8655,286.9826,271.0001,0.0,0.0,0.0,286.98259999999993,2.8655000000000004,289.84809999999993,302.3445
1778,0.4254,0.0003,0.4258,0.0766,0.9990605918271489,0.0007045561296383278,22.7445,0.23,36.7448,14.0003,0.0,0.0,0.0,36.7448,0.22999999999999995,36.974799999999995,36.9788
1779,0.35,0.0006,0.3506,0.0631,0.9982886480319451,0.001711351968054763,19.0905,0.3874,39.0907,20.0002,0.0,0.0,0.0,39.0907,0.38739999999999997,39.4781,41.4795
1780,0.2273,0.0001,0.2274,0.0409,0.9995602462620933,0.00043975373790677223,13.6365,0.0571,13.6364,0.0,0.0,0.0,0.0,13.636400000000004,0.0571,13.693500000000004,13.6967
1781,0.384,0.0001,0.3841,0.0691,0.9997396511325176,0.0002603488674824265,22.296,0.0483,35.2953,12.9993,0.0,0.0,0.0,35.295300000000005,0.048299999999999996,35.3436,35.8461
1782,0.2,0.0163,0.2163,0.0389,0.9246417013407305,0.07535829865926953,10.9095,10.4273,412.9091,401.9996,0.0,0.0,0.0,412.9091,10.4273,423.3364,431.3317
1783,0.401,0.0119,0.4129,0.0743,0.9711794623395497,0.028820537660450476,21.228,7.2924,236.2285,215.0005,0.0,0.0,0.0,236.2285,7.292400000000001,243.52089999999998,249.0161
1784,0.2621,0.0008,0.2628,0.0473,0.9973363774733639,0.0030441400304414006,14.1525,0.4692,176.1522,161.9997,0.0,0.0,0.0,176.1522,0.46920000000000006,176.6214,181.6217
1785,0.1233,0.0038,0.1271,0.0229,0.9701022816679781,0.02989771833202203,6.795,2.2856,218.795,212.0,0.0,0.0,0.0,218.79500000000002,2.2856,221.0806,226.082
1786,0.1495,0.0,0.1495,0.0269,1.0,0.0,7.992,0.029,13.9912,5.9992,0.0,0.0,0.0,13.991200000000001,0.029,14.0202,14.0164
1787,0.4037,0.0041,0.4078,0.0734,0.9899460519862678,0.010053948013732222,22.707,2.5198,243.7071,221.0001,0.0,0.0,0.0,243.70710000000005,2.5198,246.22690000000006,259.7229
1788,0.1001,0.0222,0.1223,0.022,0.8184791496320523,0.18152085036794766,5.574,14.0838,165.5737,159.9997,0.0,0.0,0.0,165.5737,14.083800000000002,179.6575,185.1611
1789,0.4334,0.0014,0.4348,0.0783,0.9967801287948482,0.0032198712051517936,23.1705,0.8959,137.1705,114.0,0.0,0.0,0.0,137.1705,0.8958999999999997,138.06640000000002,139.5701
1790,0.3961,0.0001,0.3962,0.0713,0.9997476022211005,0.0002523977788995457,20.7675,0.0484,22.7674,1.9999,0.0,0.0,0.0,22.767399999999995,0.0484,22.815799999999996,22.8169
1791,0.3577,0.0003,0.358,0.0644,0.9991620111731845,0.0008379888268156424,20.7675,0.209,22.7673,1.9998,0.0,0.0,0.0,22.767299999999995,0.20900000000000002,22.976299999999995,22.9793
1792,0.3074,0.0063,0.3136,0.0564,0.9802295918367347,0.020089285714285716,17.1105,4.1353,271.11,253.9995,0.0,0.0,0.0,271.11000000000007,4.1353,275.24530000000004,284.2457
1793,0.2841,0.0043,0.2884,0.0519,0.9850901525658808,0.014909847434119279,15.9825,2.7915,250.9828,235.0003,0.0,0.0,0.0,250.98279999999994,2.7914999999999996,253.77429999999995,264.2748
1794,0.3737,0.0002,0.3739,0.0673,0.9994650976196843,0.0005349023803155925,20.385,0.1365,37.3847,16.9997,0.0,0.0,0.0,37.3847,0.13649999999999998,37.5212,38.5191
1795,0.3919,0.0007,0.3926,0.0707,0.9982170147733063,0.001782985226693836,21.8175,0.3871,86.8178,65.0003,0.0,0.0,0.0,86.81779999999998,0.38709999999999994,87.20489999999998,89.2009
1796,0.4322,0.0005,0.4327,0.0779,0.9988444649872891,0.0011555350127108851,23.574,0.2888,49.5742,26.0002,0.0,0.0,0.0,49.57420000000002,0.2888,49.86300000000002,50.3643
1797,0.2938,0.0076,0.3014,0.0543,0.9747843397478434,0.025215660252156602,17.0595,4.5843,223.0588,205.9993,0.0,0.0,0.0,223.05880000000008,4.584300000000001,227.6431000000001,242.1468
1798,0.3186,0.0009,0.3194,0.0575,0.997495303694427,0.002817783343769568,17.3775,0.5371,62.3778,45.0003,0.0,0.0,0.0,62.37780000000002,0.5371,62.914900000000024,63.9142
1799,0.2831,0.0001,0.2833,0.051,0.999294034592305,0.00035298270384751147,15.138,0.0748,15.138,0.0,0.0,0.0,0.0,15.138,0.0748,15.2128,15.2088
1800,0.2195,0.0044,0.2239,0.0403,0.98034836980795,0.019651630192050025,12.222,2.6531,254.2216,241.9996,0.0,0.0,0.0,254.2216,2.6531000000000002,256.8747,262.3773
1801,0.1595,0.0105,0.17,0.0306,0.9382352941176471,0.061764705882352944,8.529,6.5079,206.5294,198.0004,0.0,0.0,0.0,206.52940000000004,6.5079,213.03730000000004,220.038
1802,0.2747,0.0087,0.2834,0.051,0.969301340860974,0.03069865913902611,15.138,5.2322,308.1382,293.0002,0.0,0.0,0.0,308.13820000000004,5.232199999999999,313.3704,323.8748
1803,0.2315,0.0,0.2316,0.0417,0.9995682210708118,0.0,13.59,0.0287,27.5897,13.9997,0.0,0.0,0.0,27.589699999999993,0.0287,27.618399999999994,27.6146
1804,0.258,0.0001,0.2581,0.0465,0.9996125532739248,0.0003874467260751647,14.6655,0.0423,24.6657,10.0002,0.0,0.0,0.0,24.665699999999994,0.0423,24.707999999999995,24.7124
1805,0.3151,0.0001,0.3153,0.0568,0.9993656834760545,0.0003171582619727244,16.3635,0.0879,23.3636,7.0001,0.0,0.0,0.0,23.363600000000005,0.0879,23.451500000000006,23.4552
1806,0.1485,0.0005,0.149,0.0268,0.9966442953020134,0.0033557046979865775,8.1825,0.3328,42.1819,33.9994,0.0,0.0,0.0,42.181899999999985,0.3328000000000001,42.51469999999998,42.5162
1807,0.0997,0.0206,0.1203,0.0216,0.828761429758936,0.171238570241064,5.328,12.779,88.3276,82.9996,0.0,0.0,0.0,88.32759999999999,12.778999999999998,101.10659999999999,114.106
1808,0.4079,0.0088,0.4167,0.075,0.9788816894648428,0.021118310535157187,22.707,5.9005,211.7074,189.0004,0.0,0.0,0.0,211.70740000000004,5.900499999999999,217.60790000000003,227.6116
1809,0.3089,0.012,0.3209,0.0578,0.9626051729510751,0.0373948270489249,17.3775,7.4632,393.3777,376.0002,0.0,0.0,0.0,393.3777,7.4632000000000005,400.84090000000003,404.8413
1810,0.1436,0.0167,0.1602,0.0288,0.8963795255930087,0.10424469413233457,7.992,10.331,355.9913,347.9993,0.0,0.0,0.0,355.9912999999999,10.331,366.3222999999999,376.8205
1811,0.1637,0.0,0.1638,0.0295,0.9993894993894995,0.0,8.841,0.0294,8.8404,0.0,0.0,0.0,0.0,8.8404,0.029400000000000006,8.869800000000001,8.8686
1812,0.1258,0.0008,0.1267,0.0228,0.9928966061562746,0.006314127861089187,6.795,0.5196,29.795,23.0,0.0,0.0,0.0,29.794999999999995,0.5196,30.314599999999995,31.3108
1813,0.2118,0.0001,0.2119,0.0381,0.9995280792826804,0.00047192071731949034,11.793,0.0641,12.794,1.001,0.0,0.0,0.0,12.794000000000004,0.0641,12.858100000000004,12.862
1814,0.3285,0.0033,0.3317,0.0597,0.9903527283690082,0.009948748869460356,18.87,2.134,356.8699,337.9999,0.0,0.0,0.0,356.8699,2.1340000000000003,359.0039,368.5046
1815,0.2,0.0232,0.2233,0.0402,0.8956560680698612,0.10389610389610389,10.9095,14.6044,453.9091,442.9996,0.0,0.0,0.0,453.9091,14.604400000000004,468.5135,486.5157
1816,0.3692,0.0006,0.3698,0.0666,0.998377501352082,0.0016224986479177932,20.7675,0.4095,31.7673,10.9998,0.0,0.0,0.0,31.767299999999995,0.40950000000000003,32.17679999999999,35.6803
1817,0.3624,0.0061,0.3685,0.0663,0.9834464043419268,0.01655359565807327,20.385,3.9436,411.3847,390.9997,0.0,0.0,0.0,411.38469999999995,3.9435999999999996,415.32829999999996,419.3329
1818,0.1627,0.0004,0.1631,0.0294,0.9975475168608217,0.0024524831391784184,8.529,0.2314,22.5292,14.0002,0.0,0.0,0.0,22.5292,0.2314,22.7606,22.7578
1819,0.2307,0.0042,0.2349,0.0423,0.9821200510855683,0.017879948914431672,12.9795,2.6675,177.9795,165.0,0.0,0.0,0.0,177.97949999999997,2.6675,180.64699999999996,188.1508
1820,0.1331,0.0146,0.1477,0.0266,0.9011509817197021,0.0988490182802979,7.3335,9.5195,444.3331,436.9996,0.0,0.0,0.0,444.33310000000006,9.5195,453.85260000000005,460.8517
1821,0.1486,0.0229,0.1715,0.0309,0.8664723032069971,0.13352769679300291,8.361,15.6527,279.3607,270.9997,0.0,0.0,0.0,279.3607,15.652700000000003,295.0134,303.013
1822,0.3735,0.0005,0.374,0.0673,0.9986631016042781,0.0013368983957219253,21.228,0.3205,71.2283,50.0003,0.0,0.0,0.0,71.22829999999999,0.3205,71.54879999999999,72.5472
1823,0.1577,0.0249,0.1826,0.0329,0.8636363636363636,0.13636363636363635,8.6895,15.4404,736.6889,727.9994,0.0,0.0,0.0,736.6889,15.4404,752.1293,771.1291
1824,0.3349,0.0043,0.3392,0.0611,0.9873231132075471,0.01267688679245283,18.6465,2.6299,183.6465,165.0,0.0,0.0,0.0,183.64649999999997,2.6299,186.27639999999997,194.7753
1825,0.4278,0.006,0.4338,0.0781,0.9861687413554633,0.013831258644536652,23.574,3.7859,199.5742,176.0002,0.0,0.0,0.0,199.5742,3.785899999999999,203.3601,207.8604
1826,0.4001,0.0007,0.4008,0.0721,0.9982534930139721,0.001746506986027944,22.7445,0.4173,103.7451,81.0006,0.0,0.0,0.0,103.74510000000002,0.4173,104.16240000000002,106.1622
1827,0.153,0.0001,0.1532,0.0276,0.9986945169712793,0.0006527415143603133,8.1825,0.0931,11.1818,2.9993,0.0,0.0,0.0,11.181800000000003,0.0931,11.274900000000002,11.2702
1828,0.3604,0.0,0.3604,0.0649,1.0,0.0,20.274,0.0148,20.2743,0.0003,0.0,0.0,0.0,20.2743,0.0148,20.2891,20.2849
1829,0.3867,0.0051,0.3919,0.0705,0.9867313090073998,0.013013523858127074,21.3105,3.1732,196.3103,174.9998,0.0,0.0,0.0,196.3103,3.173199999999999,199.48350000000002,209.9855
1830,0.3626,0.0043,0.3669,0.066,0.9882801853366039,0.01171981466339602,20.184,2.8444,310.1841,290.0001,0.0,0.0,0.0,310.18409999999994,2.8444000000000003,313.02849999999995,315.5255
1831,0.2871,0.0051,0.2922,0.0526,0.9825462012320328,0.017453798767967148,15.9825,3.174,375.983,360.0005,0.0,0.0,0.0,375.98299999999995,3.1739999999999995,379.1569999999999,384.1567
1832,0.3494,0.0035,0.353,0.0635,0.989801699716714,0.00991501416430595,18.87,2.2881,215.8698,196.9998,0.0,0.0,0.0,215.86980000000005,2.2881000000000005,218.15790000000007,228.1583
1833,0.3679,0.0135,0.3815,0.0687,0.96435124508519,0.035386631716906945,20.274,8.9589,256.274,236.0,0.0,0.0,0.0,256.274,8.958900000000003,265.23290000000003,275.2312
1834,0.1775,0.0001,0.1776,0.032,0.9994369369369368,0.0005630630630630631,10.092,0.0372,13.0921,3.0001,0.0,0.0,0.0,13.0921,0.037200000000000004,13.1293,14.1257
1835,0.3401,0.0011,0.3412,0.0614,0.9967760844079719,0.003223915592028136,17.661,0.6866,57.661,40.0,0.0,0.0,0.0,57.660999999999994,0.6866,58.34759999999999,62.8524
1836,0.0959,0.0057,0.1016,0.0183,0.9438976377952756,0.056102362204724414,5.454,3.6784,469.4544,464.0004,0.0,0.0,0.0,469.4544000000001,3.6784000000000012,473.1328000000001,483.1314
1837,0.0906,0.0,0.0907,0.0163,0.9988974641675854,0.0,5.046,0.0087,6.0461,1.0001,0.0,0.0,0.0,6.046100000000001,0.008700000000000003,6.054800000000001,6.0507
1838,0.2475,0.0024,0.2499,0.045,0.9903961584633854,0.009603841536614645,13.6365,1.5099,102.6363,88.9998,0.0,0.0,0.0,102.63629999999996,1.5099,104.14619999999996,111.1484
1839,0.3238,0.0151,0.3389,0.061,0.9554440838005311,0.04455591619946887,17.661,9.7452,419.6611,402.0001,0.0,0.0,0.0,419.6611,9.7452,429.4063,439.9085
1840,0.2349,0.0092,0.2441,0.0439,0.9623105284719377,0.03768947152806227,13.6365,5.7751,513.6364,499.9999,0.0,0.0,0.0,513.6364000000001,5.775100000000001,519.4115,532.9074
1841,0.2494,0.0001,0.2495,0.0449,0.9995991983967937,0.0004008016032064128,14.481,0.0583,25.4815,11.0005,0.0,0.0,0.0,25.481499999999993,0.05830000000000001,25.539799999999993,25.5415
1842,0.2298,0.0002,0.23,0.0414,0.9991304347826087,0.0008695652173913044,13.6365,0.1001,16.6365,3.0,0.0,0.0,0.0,16.6365,0.1001,16.736600000000003,16.7404
1843,0.2647,0.0082,0.2729,0.0491,0.9699523635031148,0.03004763649688531,14.1525,5.0548,268.1522,253.9997,0.0,0.0,0.0,268.1522,5.0548,273.207,280.7021
1844,0.418,0.0001,0.4181,0.0753,0.9997608227696723,0.0002391772303276728,25.0815,0.0411,39.0821,14.0006,0.0,0.0,0.0,39.0821,0.0411,39.1232,39.1198
1845,0.0891,0.0001,0.0892,0.0161,0.9988789237668161,0.0011210762331838565,4.7175,0.0639,16.7175,12.0,0.0,0.0,0.0,16.7175,0.0639,16.7814,17.2854
1846,0.2475,0.0005,0.248,0.0446,0.9979838709677419,0.0020161290322580645,13.6365,0.3256,54.6363,40.9998,0.0,0.0,0.0,54.63630000000001,0.3256,54.961900000000014,55.4667
1847,0.2516,0.0076,0.2592,0.0467,0.970679012345679,0.02932098765432099,14.1525,4.8068,148.1521,133.9996,0.0,0.0,0.0,148.1521,4.8068,152.9589,164.9546
1848,0.4086,0.0031,0.4117,0.0741,0.9924702453242653,0.007529754675734758,22.7445,1.9095,333.7448,311.0003,0.0,0.0,0.0,333.74479999999994,1.9095,335.6542999999999,345.6561
1849,0.3282,0.0,0.3283,0.0591,0.9996954005482791,0.0,17.3775,0.0159,17.3777,0.0002,0.0,0.0,0.0,17.3777,0.0159,17.3936,17.3894
1850,0.37,0.0,0.3701,0.0666,0.9997298027560119,0.0,20.184,0.0108,49.184,29.0,0.0,0.0,0.0,49.18399999999998,0.010799999999999999,49.19479999999999,49.19
1851,0.143,0.0009,0.1439,0.0259,0.9937456567060458,0.006254343293954134,7.569,0.5833,122.5691,115.0001,0.0,0.0,0.0,122.56909999999998,0.5833,123.15239999999997,127.6551
1852,0.3107,0.0005,0.3112,0.056,0.9983933161953727,0.0016066838046272494,17.661,0.2937,37.6611,20.0001,0.0,0.0,0.0,37.6611,0.2937,37.9548,38.9518
1853,0.2803,0.0153,0.2956,0.0532,0.9482408660351828,0.05175913396481732,15.138,9.2399,321.1382,306.0002,0.0,0.0,0.0,321.13820000000004,9.239899999999999,330.3781,342.3803
1854,0.3501,0.0004,0.3506,0.0631,0.9985738733599544,0.0011409013120365088,19.902,0.2537,102.9019,82.9999,0.0,0.0,0.0,102.90189999999998,0.2537,103.15559999999998,104.1597
1855,0.4395,0.0026,0.4421,0.0796,0.9941189776068763,0.005881022393123728,23.9745,1.5713,159.9744,135.9999,0.0,0.0,0.0,159.97439999999997,1.5713000000000001,161.54569999999998,172.0455
1856,0.3538,0.0113,0.3651,0.0657,0.9690495754587785,0.030950424541221582,19.902,7.0417,349.9019,329.9999,0.0,0.0,0.0,349.90189999999996,7.0417000000000005,356.94359999999995,379.4407
1857,0.4662,0.0,0.4662,0.0839,1.0,0.0,23.9745,0.0246,24.9742,0.9997,0.0,0.0,0.0,24.974199999999996,0.0246,24.998799999999996,25.4994
1858,0.258,0.0102,0.2682,0.0483,0.9619686800894856,0.03803131991051455,14.2155,6.455,567.2157,553.0002,0.0,0.0,0.0,567.2157,6.455000000000001,573.6707,578.6738
1859,0.4961,0.0009,0.4969,0.0894,0.9983900181122962,0.0018112296236667336,26.5215,0.5397,74.5212,47.9997,0.0,0.0,0.0,74.52120000000001,0.5397,75.0609,76.0563
1860,0.2542,0.0002,0.2544,0.0458,0.9992138364779873,0.0007861635220125787,14.1525,0.131,35.1521,20.9996,0.0,0.0,0.0,35.152100000000004,0.131,35.283100000000005,36.7788
1861,0.2727,0.0,0.2727,0.0491,1.0,0.0,16.3635,0.0103,27.3635,11.0,0.0,0.0,0.0,27.363500000000005,0.0103,27.373800000000006,27.3698
1862,0.4598,0.0003,0.4602,0.0828,0.9991308126901347,0.000651890482398957,25.0815,0.2066,32.0819,7.0004,0.0,0.0,0.0,32.081900000000005,0.2066,32.288500000000006,32.2909
1863,0.1523,0.0065,0.1588,0.0286,0.9590680100755667,0.04093198992443325,8.841,4.0597,359.8405,350.9995,0.0,0.0,0.0,359.8405,4.0597,363.90020000000004,373.8953
1864,0.3145,0.0002,0.3147,0.0566,0.9993644741023198,0.0006355258976803305,18.87,0.1343,25.8696,6.9996,0.0,0.0,0.0,25.86959999999999,0.13430000000000003,26.00389999999999,26.5027
1865,0.1874,0.0024,0.1898,0.0342,0.9873551106427819,0.012644889357218124,10.6545,1.5521,121.6548,111.0003,0.0,0.0,0.0,121.65480000000002,1.5521000000000003,123.20690000000002,134.206
1866,0.2064,0.0,0.2065,0.0372,0.9995157384987894,0.0,11.148,0.0301,17.1476,5.9996,0.0,0.0,0.0,17.1476,0.0301,17.1777,17.1807
1867,0.2762,0.0002,0.2764,0.0497,0.9992764109985529,0.0007235890014471781,14.481,0.0982,77.4817,63.0007,0.0,0.0,0.0,77.48169999999999,0.09820000000000001,77.5799,78.0776
1868,0.438,0.0,0.4381,0.0789,0.9997717416115043,0.0,22.7445,0.0124,22.7449,0.0004,0.0,0.0,0.0,22.744900000000005,0.012399999999999998,22.757300000000004,22.7558
1869,0.2466,0.0049,0.2515,0.0453,0.9805168986083499,0.019483101391650097,13.3185,3.1387,327.3191,314.0006,0.0,0.0,0.0,327.3191,3.1387,330.4578,342.4553
1870,0.2913,0.0001,0.2914,0.0524,0.9996568291008923,0.0003431708991077557,15.576,0.0374,15.5757,0.0,0.0,0.0,0.0,15.575699999999994,0.0374,15.613099999999994,15.6147
1871,0.198,0.0003,0.1983,0.0357,0.9984871406959153,0.00151285930408472,10.9095,0.2114,43.9088,32.9993,0.0,0.0,0.0,43.90880000000001,0.2114,44.120200000000004,44.1169
1872,0.1813,0.0002,0.1815,0.0327,0.9988980716253443,0.0011019283746556475,10.092,0.1423,48.092,38.0,0.0,0.0,0.0,48.092000000000006,0.1423,48.234300000000005,50.2299
1873,0.3722,0.0,0.3723,0.067,0.9997313994090786,0.0,19.902,0.031,20.9019,0.9999,0.0,0.0,0.0,20.901899999999998,0.031,20.932899999999997,20.9295
1874,0.1719,0.0001,0.1721,0.031,0.9988378849506101,0.0005810575246949448,10.092,0.073,37.0922,27.0002,0.0,0.0,0.0,37.0922,0.07300000000000001,37.1652,37.1658
1875,0.2628,0.0099,0.2727,0.0491,0.9636963696369636,0.036303630363036306,14.481,6.1322,345.4818,331.0008,0.0,0.0,0.0,345.48179999999996,6.132199999999999,351.614,367.1143
1876,0.2095,0.0028,0.2124,0.0382,0.9863465160075329,0.013182674199623351,11.787,1.8367,207.787,196.0,0.0,0.0,0.0,207.78699999999995,1.8366999999999998,209.62369999999996,213.6207
1877,0.4088,0.0006,0.4093,0.0737,0.9987784021500122,0.0014659174199853407,22.296,0.3356,58.2953,35.9993,0.0,0.0,0.0,58.295300000000005,0.3356,58.630900000000004,59.1335
1878,0.1006,0.0001,0.1007,0.0181,0.9990069513406157,0.0009930486593843098,5.328,0.0479,9.3276,3.9996,0.0,0.0,0.0,9.3276,0.0479,9.3755,9.3761
1879,0.4191,0.0222,0.4413,0.0794,0.9496940856560162,0.05030591434398368,23.574,14.6863,334.5741,311.0001,0.0,0.0,0.0,334.57409999999993,14.686300000000003,349.26039999999995,361.7636
1880,0.1409,0.0002,0.1411,0.0254,0.998582565556343,0.001417434443656981,8.1825,0.098,16.1815,7.999,0.0,0.0,0.0,16.181500000000007,0.09800000000000002,16.279500000000006,16.2843
1881,0.1258,0.0002,0.126,0.0227,0.9984126984126984,0.0015873015873015873,7.0755,0.1182,16.0759,9.0004,0.0,0.0,0.0,16.0759,0.11820000000000001,16.194100000000002,16.1978
1882,0.2634,0.001,0.2645,0.0476,0.9958412098298677,0.003780718336483932,14.6655,0.6604,106.6657,92.0002,0.0,0.0,0.0,106.66569999999999,0.6604,107.32609999999998,114.3291
1883,0.3577,0.0004,0.3582,0.0645,0.9986041317699609,0.0011166945840312675,21.228,0.2975,117.2281,96.0001,0.0,0.0,0.0,117.22809999999998,0.2975,117.52559999999998,120.0232
1884,0.2343,0.0222,0.2565,0.0462,0.9134502923976608,0.08654970760233918,13.3185,13.1227,552.3187,539.0002,0.0,0.0,0.0,552.3187,13.122699999999998,565.4414,582.9442
1885,0.1019,0.0001,0.102,0.0184,0.9990196078431374,0.0009803921568627453,5.793,0.071,13.793,8.0,0.0,0.0,0.0,13.793000000000005,0.07100000000000002,13.864000000000004,13.8668
1886,0.3096,0.0003,0.3099,0.0558,0.9990319457889641,0.0009680542110358179,17.0595,0.2088,62.0589,44.9994,0.0,0.0,0.0,62.05890000000001,0.20880000000000004,62.267700000000005,64.2635
1887,0.1331,0.008,0.1411,0.0254,0.9433026222537207,0.05669737774627923,7.3335,5.3495,206.3326,198.9991,0.0,0.0,0.0,206.33259999999999,5.349500000000001,211.6821,224.1801
1888,0.3654,0.0,0.3654,0.0658,1.0,0.0,20.7675,0.0102,20.7674,0.0,0.0,0.0,0.0,20.767399999999995,0.0102,20.777599999999996,20.7784
1889,0.3867,0.0,0.3868,0.0696,0.999741468459152,0.0,21.3105,0.0252,34.3103,12.9998,0.0,0.0,0.0,34.3103,0.0252,34.335499999999996,34.3349
1890,0.3494,0.001,0.3504,0.0631,0.9971461187214612,0.002853881278538813,18.87,0.5666,107.8697,88.9997,0.0,0.0,0.0,107.86970000000001,0.5666,108.4363,110.435
1891,0.196,0.0193,0.2153,0.0387,0.9103576405016257,0.08964235949837437,10.9095,12.7071,386.909,375.9995,0.0,0.0,0.0,386.909,12.707100000000002,399.6161,408.6196
1892,0.1684,0.0,0.1684,0.0303,1.0,0.0,9.777,0.011,9.7772,0.0002,0.0,0.0,0.0,9.777199999999999,0.010999999999999998,9.788199999999998,11.2926
1893,0.4454,0.0001,0.4455,0.0802,0.9997755331088665,0.0002244668911335578,25.5885,0.0632,25.5885,0.0,0.0,0.0,0.0,25.5885,0.0632,25.651699999999998,25.6487
1894,0.1869,0.0171,0.204,0.0367,0.9161764705882354,0.08382352941176471,10.092,11.2793,429.0921,419.0001,0.0,0.0,0.0,429.0921,11.279300000000001,440.3714,456.8697
1895,0.0982,0.0001,0.0983,0.0177,0.9989827060020345,0.001017293997965412,5.8935,0.036,6.8935,1.0,0.0,0.0,0.0,6.8935,0.036,6.9295,6.9261
1896,0.4205,0.0138,0.4343,0.0782,0.9682247294496891,0.03177527055031084,23.1705,9.2412,327.1705,304.0,0.0,0.0,0.0,327.17049999999995,9.2412,336.41169999999994,357.4157
1897,0.2996,0.008,0.3076,0.0554,0.9739921976592978,0.026007802340702213,16.5105,4.9015,407.511,391.0005,0.0,0.0,0.0,407.51099999999997,4.9015,412.41249999999997,422.9127
1898,0.2374,0.0007,0.238,0.0428,0.9974789915966387,0.0029411764705882353,13.6365,0.3959,43.6364,29.9999,0.0,0.0,0.0,43.636399999999995,0.3959000000000001,44.03229999999999,44.0346
1899,0.1939,0.0098,0.2038,0.0367,0.951422963689892,0.04808635917566241,10.9095,6.086,430.9093,419.9998,0.0,0.0,0.0,430.9093000000001,6.086,436.9953000000001,452.9947
1900,0.4502,0.0107,0.4609,0.083,0.9767845519635496,0.023215448036450422,25.5885,7.2605,422.5883,396.9998,0.0,0.0,0.0,422.5883,7.2605,429.8488,444.3497
1901,0.2634,0.0006,0.264,0.0475,0.9977272727272728,0.0022727272727272726,14.6655,0.368,66.666,52.0005,0.0,0.0,0.0,66.666,0.3679999999999999,67.03399999999999,69.0371
1902,0.1595,0.0002,0.1597,0.0287,0.9987476518472135,0.0012523481527864746,8.529,0.1028,16.5292,8.0002,0.0,0.0,0.0,16.5292,0.1028,16.631999999999998,17.1314
1903,0.1424,0.0006,0.1431,0.0258,0.9951083158630328,0.004192872117400419,8.1825,0.4081,75.182,66.9995,0.0,0.0,0.0,75.18200000000002,0.4081,75.59010000000002,80.0857
1904,0.2852,0.0005,0.2857,0.0514,0.9982499124956248,0.0017500875043752187,17.1105,0.3104,25.1101,7.9996,0.0,0.0,0.0,25.110099999999996,0.3104,25.420499999999997,25.4243
1905,0.2525,0.0001,0.2526,0.0455,0.9996041171813144,0.0003958828186856691,13.6365,0.0315,19.6365,6.0,0.0,0.0,0.0,19.636499999999995,0.03149999999999999,19.667999999999996,19.6638
1906,0.106,0.0,0.1061,0.0191,0.9990574929311969,0.0,5.454,0.0131,8.4547,3.0007,0.0,0.0,0.0,8.454699999999999,0.013099999999999999,8.467799999999999,8.4714
1907,0.0952,0.005,0.1002,0.018,0.9500998003992017,0.0499001996007984,5.1915,3.144,256.1916,251.0001,0.0,0.0,0.0,256.19160000000005,3.1439999999999997,259.33560000000006,267.8318
1908,0.35,0.0008,0.3508,0.0631,0.9977194982896237,0.002280501710376283,19.0905,0.4484,113.0909,94.0004,0.0,0.0,0.0,113.0909,0.4483999999999999,113.53930000000001,116.5382
1909,0.1939,0.0051,0.199,0.0358,0.9743718592964823,0.02562814070351759,10.9095,3.2709,377.9092,366.9997,0.0,0.0,0.0,377.9092,3.2709000000000006,381.1801,387.179
1910,0.2729,0.0,0.2729,0.0491,1.0,0.0,14.7345,0.0147,19.7341,4.9996,0.0,0.0,0.0,19.734099999999998,0.014699999999999998,19.7488,19.7446
1911,0.3096,0.0,0.3096,0.0557,1.0,0.0,17.0595,0.0145,22.0592,4.9997,0.0,0.0,0.0,22.059199999999997,0.014499999999999999,22.0737,22.0739
1912,0.3907,0.0021,0.3927,0.0707,0.9949070537305832,0.0053475935828877,21.3105,1.3836,346.3104,324.9999,0.0,0.0,0.0,346.3104000000001,1.3836,347.6940000000001,356.6966
1913,0.1,0.0004,0.1004,0.0181,0.9960159362549801,0.00398406374501992,5.6865,0.2266,28.6863,22.9998,0.0,0.0,0.0,28.68630000000001,0.22660000000000002,28.91290000000001,28.9119
1914,0.3122,0.0283,0.3405,0.0613,0.9168869309838471,0.0831130690161527,17.3775,17.2048,274.3779,257.0004,0.0,0.0,0.0,274.3779,17.204800000000002,291.5827,299.5822
1915,0.1973,0.0205,0.2178,0.0392,0.9058769513314968,0.09412304866850323,10.6545,13.2405,207.655,197.0005,0.0,0.0,0.0,207.65499999999994,13.2405,220.89549999999994,234.3956
1916,0.0891,0.0137,0.1028,0.0185,0.8667315175097275,0.13326848249027237,4.7175,8.6609,156.7175,152.0,0.0,0.0,0.0,156.71749999999997,8.6609,165.37839999999997,179.8802
1917,0.3613,0.0,0.3613,0.065,1.0,0.0,19.509,0.0137,23.5084,3.9994,0.0,0.0,0.0,23.508399999999995,0.0137,23.522099999999995,23.524
1918,0.3,0.0006,0.3005,0.0541,0.9983361064891847,0.0019966722129783694,15.576,0.3401,51.5756,35.9996,0.0,0.0,0.0,51.57560000000001,0.34010000000000007,51.91570000000001,53.9116
1919,0.3606,0.0003,0.3609,0.065,0.999168744804655,0.0008312551953449708,19.0905,0.1863,34.0913,15.0008,0.0,0.0,0.0,34.0913,0.1863,34.2776,34.7823
1920,0.1436,0.0044,0.148,0.0266,0.9702702702702704,0.02972972972972973,7.992,2.8574,278.9917,270.9997,0.0,0.0,0.0,278.99170000000004,2.8573999999999997,281.8491,289.8513
1921,0.0874,0.0,0.0874,0.0157,1.0,0.0,4.7175,0.016,12.7174,7.9999,0.0,0.0,0.0,12.717400000000003,0.016,12.733400000000003,13.2368
1922,0.2996,0.0001,0.2997,0.054,0.9996663329996662,0.000333667000333667,16.5105,0.0577,22.511,6.0005,0.0,0.0,0.0,22.511,0.057699999999999994,22.5687,22.573
1923,0.3288,0.0034,0.3323,0.0598,0.9894673487812218,0.01023171832681312,18.12,2.1306,263.1199,244.9999,0.0,0.0,0.0,263.1199000000001,2.1306000000000003,265.2505000000001,279.7468
1924,0.318,0.0005,0.3185,0.0573,0.9984301412872841,0.0015698587127158557,16.5105,0.3105,31.5108,15.0003,0.0,0.0,0.0,31.5108,0.31049999999999994,31.8213,31.8236
1925,0.2034,0.0027,0.2061,0.0371,0.9868995633187773,0.013100436681222708,11.325,1.7523,175.3247,163.9997,0.0,0.0,0.0,175.32469999999998,1.7523000000000002,177.07699999999997,184.0739
1926,0.1904,0.0018,0.1921,0.0346,0.9911504424778762,0.009370119729307652,10.383,1.1311,142.3836,132.0006,0.0,0.0,0.0,142.3836,1.1311,143.5147,152.011
1927,0.2263,0.0072,0.2336,0.042,0.96875,0.030821917808219176,12.222,4.6115,322.2215,309.9995,0.0,0.0,0.0,322.2215,4.6115,326.83299999999997,336.3332
1928,0.1245,0.0,0.1245,0.0224,1.0,0.0,7.0755,0.0103,8.0762,1.0007,0.0,0.0,0.0,8.0762,0.0103,8.086500000000001,8.0833
1929,0.3577,0.0002,0.3579,0.0644,0.9994411846884605,0.0005588153115395362,20.7675,0.1554,42.7675,22.0,0.0,0.0,0.0,42.7675,0.15539999999999998,42.9229,43.9253
1930,0.1001,0.0,0.1002,0.018,0.999001996007984,0.0,5.574,0.023,11.5738,5.9998,0.0,0.0,0.0,11.573800000000006,0.023,11.596800000000005,11.5994
1931,0.1495,0.0003,0.1497,0.027,0.9986639946559785,0.002004008016032064,7.992,0.162,44.9914,36.9994,0.0,0.0,0.0,44.991400000000006,0.162,45.153400000000005,45.6571
1932,0.3922,0.0001,0.3923,0.0706,0.9997450930410401,0.0002549069589599796,22.296,0.0551,28.2953,5.9993,0.0,0.0,0.0,28.295299999999997,0.05510000000000001,28.350399999999997,29.8543
1933,0.3846,0.001,0.3856,0.0694,0.9974066390041494,0.0025933609958506223,20.7675,0.6897,91.7675,71.0,0.0,0.0,0.0,91.76750000000001,0.6897000000000001,92.45720000000001,95.9537
1934,0.3964,0.0,0.3964,0.0714,1.0,0.0,20.385,0.0164,20.3847,0.0,0.0,0.0,0.0,20.384700000000002,0.016399999999999998,20.401100000000003,20.4032
1935,0.2081,0.003,0.2111,0.038,0.9857887257224064,0.014211274277593557,11.586,1.8694,222.5854,210.9994,0.0,0.0,0.0,222.58540000000005,1.8694000000000002,224.45480000000006,234.4507
1936,0.1792,0.0001,0.1794,0.0323,0.9988851727982162,0.0005574136008918618,9.777,0.0716,51.7772,42.0002,0.0,0.0,0.0,51.7772,0.0716,51.8488,51.8534
1937,0.3905,0.0,0.3905,0.0703,1.0,0.0,23.1705,0.0313,28.1705,5.0,0.0,0.0,0.0,28.17049999999999,0.031299999999999994,28.20179999999999,28.2056
1938,0.0897,0.0078,0.0976,0.0176,0.9190573770491803,0.07991803278688524,5.046,5.1723,264.0461,259.0001,0.0,0.0,0.0,264.0461,5.1723,269.21840000000003,277.2216
1939,0.2527,0.0001,0.2528,0.0455,0.9996044303797467,0.00039556962025316455,14.2155,0.0573,14.2155,0.0,0.0,0.0,0.0,14.215499999999995,0.0573,14.272799999999995,14.2707
1940,0.3108,0.0001,0.3108,0.056,1.0,0.00032175032175032174,15.9825,0.0446,17.9826,2.0001,0.0,0.0,0.0,17.9826,0.04460000000000001,18.0272,18.0311
1941,0.1091,0.0002,0.1094,0.0197,0.9972577696526509,0.0018281535648994518,5.8935,0.1425,29.8935,24.0,0.0,0.0,0.0,29.893500000000007,0.1425,30.036000000000005,30.0384
1942,0.1385,0.0003,0.1387,0.025,0.9985580389329489,0.0021629416005767843,7.788,0.1926,34.7879,26.9999,0.0,0.0,0.0,34.787899999999986,0.19260000000000002,34.980499999999985,34.9764
1943,0.4235,0.0001,0.4235,0.0762,1.0,0.0002361275088547816,23.574,0.0368,23.5743,0.0003,0.0,0.0,0.0,23.5743,0.0368,23.6111,23.6104
1944,0.2477,0.0087,0.2564,0.0462,0.9660686427457098,0.03393135725429017,13.935,5.4134,154.9346,140.9996,0.0,0.0,0.0,154.93460000000002,5.4134,160.348,163.8514
1945,0.1258,0.0008,0.1266,0.0228,0.9936808846761453,0.006319115323854661,6.795,0.553,112.7946,105.9996,0.0,0.0,0.0,112.79460000000003,0.5529999999999999,113.34760000000003,114.8496
1946,0.2289,0.0076,0.2365,0.0426,0.9678646934460888,0.032135306553911204,12.615,4.7048,209.6154,197.0004,0.0,0.0,0.0,209.61540000000002,4.7048,214.32020000000003,227.325
1947,0.245,0.005,0.25,0.045,0.98,0.02,13.6365,3.2351,359.6365,346.0,0.0,0.0,0.0,359.63650000000007,3.2351,362.87160000000006,368.3752
1948,0.2691,0.0003,0.2694,0.0485,0.9988864142538977,0.0011135857461024498,15.138,0.1718,61.138,46.0,0.0,0.0,0.0,61.138,0.1718,61.309799999999996,61.3148
1949,0.1865,0.009,0.1955,0.0352,0.9539641943734015,0.04603580562659846,10.383,5.316,510.3836,500.0006,0.0,0.0,0.0,510.38360000000006,5.315999999999999,515.6996,522.6971
1950,0.4128,0.0302,0.4429,0.0797,0.9320388349514562,0.06818694965003387,22.7445,17.5314,482.7451,460.0006,0.0,0.0,0.0,482.7451,17.5314,500.2765,513.7742
1951,0.3504,0.0002,0.3506,0.0631,0.9994295493439816,0.0005704506560182544,19.509,0.1052,26.5083,6.9993,0.0,0.0,0.0,26.508299999999995,0.10519999999999997,26.613499999999995,27.1154
1952,0.1595,0.0004,0.1599,0.0288,0.9974984365228269,0.0025015634771732337,8.529,0.2491,94.5294,86.0004,0.0,0.0,0.0,94.52940000000002,0.24910000000000004,94.77850000000002,97.7831
1953,0.2674,0.0002,0.2676,0.0482,0.9992526158445442,0.0007473841554559044,14.7345,0.1326,62.7338,47.9993,0.0,0.0,0.0,62.733799999999995,0.1326,62.86639999999999,62.8661
1954,0.3615,0.0,0.3615,0.0651,1.0,0.0,20.7675,0.0204,20.7674,0.0,0.0,0.0,0.0,20.767399999999995,0.020399999999999998,20.787799999999994,21.7893
1955,0.3535,0.0012,0.3547,0.0639,0.9966168593177333,0.003383140682266704,19.0905,0.7568,66.0911,47.0006,0.0,0.0,0.0,66.09109999999998,0.7568,66.84789999999998,71.3525
1956,0.1284,0.0,0.1284,0.0231,1.0,0.0,7.0755,0.0078,9.0758,2.0003,0.0,0.0,0.0,9.075800000000001,0.007800000000000001,9.0836,9.0845
1957,0.3264,0.001,0.3274,0.0589,0.9969456322541234,0.003054367745876603,18.171,0.5908,208.1713,190.0003,0.0,0.0,0.0,208.17129999999997,0.5908000000000001,208.76209999999998,214.7602
1958,0.1102,0.0,0.1103,0.0198,0.9990933816863101,0.0,5.8935,0.0126,11.8936,6.0001,0.0,0.0,0.0,11.893600000000006,0.012599999999999998,11.906200000000007,11.9062
1959,0.1555,0.0014,0.157,0.0283,0.9904458598726115,0.008917197452229299,8.841,0.9048,195.8402,186.9992,0.0,0.0,0.0,195.84020000000007,0.9048,196.74500000000006,199.2456
1960,0.198,0.0003,0.1983,0.0357,0.9984871406959153,0.00151285930408472,10.383,0.1722,36.3836,26.0006,0.0,0.0,0.0,36.3836,0.1722,36.5558,38.5592
1961,0.3429,0.0083,0.3512,0.0632,0.9763667425968109,0.023633257403189067,19.0905,5.3505,444.0912,425.0007,0.0,0.0,0.0,444.09119999999996,5.3504999999999985,449.44169999999997,458.9407
1962,0.1577,0.0007,0.1584,0.0285,0.9955808080808081,0.004419191919191919,9.06,0.4485,78.0599,68.9999,0.0,0.0,0.0,78.05989999999998,0.44850000000000007,78.50839999999998,84.5039
1963,0.2542,0.0001,0.2543,0.0458,0.9996067636649625,0.00039323633503735744,14.1525,0.0345,14.1521,0.0,0.0,0.0,0.0,14.152100000000003,0.0345,14.186600000000002,14.187
1964,0.1221,0.0004,0.1225,0.022,0.9967346938775511,0.0032653061224489797,6.795,0.2574,110.795,104.0,0.0,0.0,0.0,110.79500000000002,0.25739999999999996,111.05240000000002,113.5503
1965,0.4074,0.0141,0.4215,0.0759,0.9665480427046264,0.03345195729537367,21.999,8.8452,333.9987,311.9997,0.0,0.0,0.0,333.9987,8.8452,342.84389999999996,362.3455
1966,0.1062,0.022,0.1282,0.0231,0.8283931357254289,0.17160686427457097,5.793,13.8931,418.7925,412.9995,0.0,0.0,0.0,418.7924999999999,13.893099999999997,432.6855999999999,443.1872
1967,0.2001,0.0002,0.2002,0.036,0.9995004995004996,0.000999000999000999,11.373,0.1066,25.3728,13.9998,0.0,0.0,0.0,25.3728,0.10660000000000001,25.479400000000002,25.482
1968,0.4334,0.0064,0.4397,0.0792,0.9856720491244031,0.014555378667273142,23.1705,4.2793,298.1706,275.0001,0.0,0.0,0.0,298.1706,4.2793,302.44989999999996,308.9508
1969,0.107,0.0002,0.1071,0.0193,0.9990662931839402,0.0018674136321195146,5.8935,0.1215,20.8935,15.0,0.0,0.0,0.0,20.893500000000007,0.1215,21.015000000000008,21.0158
1970,0.0856,0.0074,0.093,0.0167,0.9204301075268817,0.07956989247311828,4.7175,4.6622,267.7174,262.9999,0.0,0.0,0.0,267.71740000000005,4.6622,272.37960000000004,278.8792
1971,0.2085,0.0254,0.2339,0.0421,0.8914065840102607,0.1085934159897392,11.373,14.8975,380.3724,368.9994,0.0,0.0,0.0,380.37239999999997,14.897499999999997,395.26989999999995,404.7728
1972,0.3439,0.0,0.3439,0.0619,1.0,0.0,20.184,0.0206,20.1842,0.0002,0.0,0.0,0.0,20.1842,0.0206,20.204800000000002,20.2089
1973,0.2453,0.0,0.2453,0.0442,1.0,0.0,12.615,0.0214,14.6152,2.0002,0.0,0.0,0.0,14.615199999999998,0.021400000000000002,14.636599999999998,14.641
1974,0.0815,0.0001,0.0815,0.0147,1.0,0.001226993865030675,4.8885,0.0371,6.8887,2.0002,0.0,0.0,0.0,6.888699999999999,0.037099999999999994,6.925799999999999,6.9302
1975,0.2896,0.0,0.2897,0.0521,0.9996548153261996,0.0,17.3775,0.0184,17.3777,0.0002,0.0,0.0,0.0,17.3777,0.018399999999999996,17.3961,17.3913
1976,0.4205,0.0261,0.4466,0.0804,0.9415584415584415,0.05844155844155845,23.1705,16.0362,513.1705,490.0,0.0,0.0,0.0,513.1705,16.0362,529.2067,543.7092
1977,0.2711,0.0003,0.2715,0.0489,0.9985267034990791,0.0011049723756906076,14.2155,0.1875,56.2158,42.0003,0.0,0.0,0.0,56.215799999999994,0.1875,56.403299999999994,56.9072
1978,0.2428,0.017,0.2598,0.0468,0.9345650500384912,0.06543494996150886,12.9795,11.1926,626.9795,614.0,0.0,0.0,0.0,626.9795000000001,11.1926,638.1721000000001,655.1684
1979,0.1588,0.0017,0.1605,0.0289,0.9894080996884734,0.01059190031152648,8.841,0.9527,81.8405,72.9995,0.0,0.0,0.0,81.84049999999999,0.9527,82.79319999999998,83.7901
1980,0.198,0.0001,0.1981,0.0357,0.999495204442201,0.0005047955577990914,11.373,0.0657,31.3727,19.9997,0.0,0.0,0.0,31.372699999999995,0.0657,31.438399999999994,31.4369
1981,0.3042,0.0009,0.3051,0.0549,0.9970501474926255,0.0029498525073746312,17.1105,0.5456,85.1101,67.9996,0.0,0.0,0.0,85.11009999999999,0.5455999999999999,85.65569999999998,88.6579
1982,0.1271,0.0008,0.1279,0.023,0.99374511336982,0.006254886630179828,7.0755,0.5049,131.076,124.0005,0.0,0.0,0.0,131.076,0.5049,131.58089999999999,133.0793
1983,0.3176,0.0002,0.3178,0.0572,0.9993706733794838,0.0006293266205160478,17.6805,0.1061,40.6807,23.0002,0.0,0.0,0.0,40.6807,0.10609999999999999,40.7868,41.2888
1984,0.1232,0.0008,0.124,0.0223,0.9935483870967742,0.0064516129032258064,7.0755,0.5232,166.0761,159.0006,0.0,0.0,0.0,166.0761,0.5232,166.5993,169.5947
1985,0.1794,0.0089,0.1883,0.0339,0.9527349973446628,0.04726500265533723,10.092,5.4531,99.0921,89.0001,0.0,0.0,0.0,99.09209999999997,5.4531,104.54519999999998,114.0427
1986,0.0847,0.0141,0.0988,0.0178,0.8572874493927125,0.14271255060728744,4.7175,8.4917,614.7175,610.0,0.0,0.0,0.0,614.7174999999999,8.491700000000002,623.2091999999999,635.7075
1987,0.2,0.0,0.2,0.036,1.0,0.0,10.9095,0.012,10.909,0.0,0.0,0.0,0.0,10.908999999999997,0.012,10.920999999999998,10.9258
1988,0.1595,0.0003,0.1598,0.0288,0.9981226533166458,0.0018773466833541927,8.361,0.1995,27.3606,18.9996,0.0,0.0,0.0,27.36060000000001,0.1995,27.56010000000001,29.056
1989,0.245,0.0107,0.2556,0.046,0.9585289514866979,0.0418622848200313,13.6365,6.4309,463.6365,450.0,0.0,0.0,0.0,463.63650000000007,6.430900000000001,470.0674000000001,486.0698
1990,0.099,0.0001,0.0991,0.0178,0.9989909182643796,0.0010090817356205853,5.1915,0.0485,14.1918,9.0003,0.0,0.0,0.0,14.191799999999997,0.0485,14.240299999999998,14.2439
1991,0.349,0.0003,0.3493,0.0629,0.9991411394217005,0.000858860578299456,18.12,0.2198,28.1197,9.9997,0.0,0.0,0.0,28.119699999999987,0.21980000000000005,28.339499999999987,28.3439
1992,0.1971,0.0,0.1972,0.0355,0.9994929006085194,0.0,11.325,0.0276,12.3246,0.9996,0.0,0.0,0.0,12.324600000000002,0.027599999999999993,12.352200000000002,12.3501
1993,0.3163,0.0011,0.3174,0.0571,0.9965343415248897,0.003465658475110271,18.171,0.6831,82.1714,64.0004,0.0,0.0,0.0,82.17139999999999,0.6831000000000002,82.85449999999999,83.8545
1994,0.1008,0.0,0.1009,0.0182,0.9990089197224975,0.0,5.793,0.0296,9.7926,3.9996,0.0,0.0,0.0,9.7926,0.029599999999999998,9.8222,9.8191
1995,0.35,0.0,0.35,0.063,1.0,0.0,19.0905,0.0119,19.0908,0.0003,0.0,0.0,0.0,19.0908,0.011899999999999999,19.102700000000002,19.0994
1996,0.1588,0.0,0.1588,0.0286,1.0,0.0,8.841,0.0141,10.8403,1.9993,0.0,0.0,0.0,10.8403,0.014100000000000001,10.854399999999998,10.8583
1997,0.1904,0.0002,0.1906,0.0343,0.9989506820566633,0.001049317943336831,10.383,0.146,23.3838,13.0008,0.0,0.0,0.0,23.383799999999997,0.14600000000000002,23.529799999999998,23.5336
1998,0.3315,0.0039,0.3354,0.0604,0.9883720930232559,0.011627906976744186,18.6465,2.4243,158.6466,140.0001,0.0,0.0,0.0,158.64659999999998,2.4243,161.07089999999997,166.5747
1999,0.2127,0.0,0.2127,0.0383,1.0,0.0,11.373,0.015,13.3726,1.9996,0.0,0.0,0.0,13.372600000000004,0.015,13.387600000000004,13.3903
2000,0.2289,0.0078,0.2367,0.0426,0.9670468948035488,0.032953105196451206,12.615,4.9292,445.6153,433.0003,0.0,0.0,0.0,445.61530000000005,4.9292,450.5445,456.5455
2001,0.2331,0.0,0.2332,0.042,0.9995711835334478,0.0,12.222,0.0184,12.2216,0.0,0.0,0.0,0.0,12.2216,0.0184,12.24,12.2443
2002,0.2265,0.0,0.2265,0.0408,1.0,0.0,13.59,0.0306,13.5897,0.0,0.0,0.0,0.0,13.589700000000004,0.030600000000000002,13.620300000000004,13.6172
2003,0.3744,0.0107,0.3851,0.0693,0.9722150090885484,0.02778499091145157,20.628,7.0867,353.6269,332.9989,0.0,0.0,0.0,353.62690000000003,7.0866999999999996,360.71360000000004,368.7182
2004,0.3218,0.0,0.3219,0.0579,0.9996893445169306,0.0,17.3775,0.0305,20.3777,3.0002,0.0,0.0,0.0,20.3777,0.0305,20.4082,20.4088
2005,0.1757,0.0003,0.1759,0.0317,0.9988629903354178,0.0017055144968732233,10.092,0.1564,83.092,73.0,0.0,0.0,0.0,83.092,0.1564,83.2484,84.7438
2006,0.4598,0.0,0.4599,0.0828,0.9997825614263971,0.0,25.0815,0.0138,29.0819,4.0004,0.0,0.0,0.0,29.0819,0.013799999999999998,29.0957,29.0979
2007,0.303,0.0002,0.3032,0.0546,0.9993403693931397,0.0006596306068601583,16.3635,0.1041,30.3636,14.0001,0.0,0.0,0.0,30.36360000000001,0.10410000000000001,30.467700000000008,30.9724
2008,0.4307,0.0006,0.4312,0.0776,0.9988404452690167,0.0013914656771799626,23.9745,0.3448,93.9744,69.9999,0.0,0.0,0.0,93.97439999999999,0.3448,94.3192,96.3181
2009,0.1661,0.0116,0.1777,0.032,0.9347214406302757,0.06527855936972425,9.06,6.9211,570.0598,560.9998,0.0,0.0,0.0,570.0598,6.921100000000002,576.9809,591.9807
2010,0.3774,0.0016,0.379,0.0682,0.995778364116095,0.004221635883905013,21.228,1.1145,151.2282,130.0002,0.0,0.0,0.0,151.2282,1.1144999999999998,152.34269999999998,156.8453
2011,0.1406,0.0001,0.1407,0.0253,0.9992892679459845,0.0007107320540156362,7.992,0.0467,10.9917,2.9997,0.0,0.0,0.0,10.9917,0.046700000000000005,11.0384,11.0415
2012,0.3049,0.0,0.3049,0.0549,1.0,0.0,15.9825,0.0206,17.9827,2.0002,0.0,0.0,0.0,17.9827,0.020600000000000004,18.003300000000003,18.0053
2013,0.3096,0.0102,0.3198,0.0576,0.9681050656660413,0.03189493433395873,17.0595,6.4328,288.0591,270.9996,0.0,0.0,0.0,288.0591,6.432799999999999,294.4919,302.4941
2014,0.1304,0.0078,0.1381,0.0249,0.9442433019551049,0.056480811006517015,7.3335,5.0273,331.3327,323.9992,0.0,0.0,0.0,331.33270000000005,5.0273,336.36000000000007,352.8649
2015,0.3511,0.0001,0.3512,0.0632,0.9997152619589977,0.0002847380410022779,20.385,0.0655,25.3846,4.9996,0.0,0.0,0.0,25.384600000000006,0.06549999999999999,25.450100000000006,25.4469
2016,0.2915,0.0,0.2915,0.0525,1.0,0.0,17.1105,0.0091,18.1103,0.9998,0.0,0.0,0.0,18.110300000000002,0.009100000000000002,18.119400000000002,18.1172
2017,0.2289,0.002,0.2309,0.0416,0.9913382416630576,0.0086617583369424,12.615,1.2557,188.6152,176.0002,0.0,0.0,0.0,188.6152,1.2557,189.87089999999998,191.8694
2018,0.2253,0.0002,0.2255,0.0406,0.9991130820399113,0.0008869179600886918,11.586,0.138,21.5853,9.9993,0.0,0.0,0.0,21.585300000000007,0.138,21.72330000000001,23.2207
2019,0.0981,0.0,0.0982,0.0177,0.9989816700611,0.0,5.046,0.0206,5.0461,0.0001,0.0,0.0,0.0,5.0461,0.020599999999999997,5.0667,5.0655
2020,0.4715,0.0007,0.4722,0.085,0.9985175772977551,0.0014824227022448115,26.5215,0.4461,133.5208,106.9993,0.0,0.0,0.0,133.52079999999998,0.4461,133.96689999999998,137.4688
2021,0.104,0.0001,0.1042,0.0188,0.9980806142034548,0.0009596928982725529,5.454,0.0851,39.4543,34.0003,0.0,0.0,0.0,39.4543,0.08510000000000001,39.5394,40.5361
2022,0.2195,0.0045,0.224,0.0403,0.9799107142857143,0.020089285714285712,12.222,2.7095,308.2218,295.9998,0.0,0.0,0.0,308.2218,2.7095000000000007,310.93129999999996,316.4362
2023,0.3995,0.0001,0.3995,0.0719,1.0,0.00025031289111389235,22.707,0.0391,22.7071,0.0001,0.0,0.0,0.0,22.7071,0.0391,22.7462,22.7466
2024,0.3744,0.0001,0.3745,0.0674,0.9997329773030708,0.000267022696929239,20.628,0.0674,47.6273,26.9993,0.0,0.0,0.0,47.627300000000005,0.0674,47.694700000000005,47.6982
2025,0.4738,0.0008,0.4746,0.0854,0.9983143699957858,0.001685630004214075,25.0815,0.4951,256.082,231.0005,0.0,0.0,0.0,256.082,0.4951,256.5771,257.5787
2026,0.2568,0.003,0.2598,0.0468,0.9884526558891454,0.011547344110854505,14.1525,1.9138,644.1522,629.9997,0.0,0.0,0.0,644.1521999999999,1.9138000000000002,646.0659999999999,656.0698
2027,0.1591,0.0001,0.1592,0.0287,0.9993718592964823,0.000628140703517588,8.1825,0.0884,17.1818,8.9993,0.0,0.0,0.0,17.181800000000006,0.0884,17.270200000000006,19.2686
2028,0.1934,0.0012,0.1946,0.035,0.9938335046248715,0.006166495375128468,10.6545,0.7513,246.6551,236.0006,0.0,0.0,0.0,246.65509999999992,0.7513000000000001,247.4063999999999,252.4057
2029,0.4462,0.0002,0.4464,0.0804,0.9995519713261648,0.00044802867383512545,23.1705,0.1153,43.1705,20.0,0.0,0.0,0.0,43.1705,0.11529999999999999,43.285799999999995,43.2891
2030,0.1609,0.0017,0.1626,0.0293,0.9895448954489544,0.010455104551045511,8.6895,1.0665,243.6887,234.9992,0.0,0.0,0.0,243.68870000000004,1.0665,244.75520000000003,248.2511
2031,0.1776,0.0,0.1776,0.032,1.0,0.0,10.6545,0.0247,10.6551,0.0006,0.0,0.0,0.0,10.655100000000001,0.024700000000000003,10.6798,11.1798
2032,0.129,0.0077,0.1367,0.0246,0.9436722750548647,0.05632772494513534,7.3335,4.7435,262.3329,254.9994,0.0,0.0,0.0,262.3329,4.7435,267.0764,280.5729
2033,0.3454,0.0,0.3455,0.0622,0.9997105643994212,0.0,20.274,0.0322,34.2743,14.0003,0.0,0.0,0.0,34.274300000000004,0.0322,34.30650000000001,34.3092
2034,0.4197,0.0011,0.4208,0.0757,0.9973859315589354,0.002614068441064639,23.364,0.7228,217.3631,193.9991,0.0,0.0,0.0,217.36310000000003,0.7227999999999999,218.08590000000004,221.5883
2035,0.3476,0.0018,0.3494,0.0629,0.994848311390956,0.005151688609044075,19.554,1.1135,253.5542,234.0002,0.0,0.0,0.0,253.55419999999992,1.1135,254.6676999999999,264.1663
2036,0.2574,0.003,0.2604,0.0469,0.988479262672811,0.011520737327188939,14.481,1.9304,229.4816,215.0006,0.0,0.0,0.0,229.4816,1.9304,231.41199999999998,235.414
2037,0.2574,0.0002,0.2576,0.0464,0.9992236024844722,0.0007763975155279504,14.481,0.1267,43.4816,29.0006,0.0,0.0,0.0,43.4816,0.1267,43.6083,43.6042
2038,0.3404,0.0043,0.3447,0.062,0.987525384392225,0.012474615607774877,19.554,2.6957,336.5544,317.0004,0.0,0.0,0.0,336.5544,2.6957,339.2501,349.2484
2039,0.325,0.0001,0.3251,0.0585,0.9996924023377423,0.00030759766225776686,17.3775,0.0689,25.378,8.0005,0.0,0.0,0.0,25.378,0.0689,25.4469,25.9423
2040,0.3254,0.0004,0.3258,0.0586,0.9987722529158994,0.0012277470841006754,17.0595,0.2606,46.059,28.9995,0.0,0.0,0.0,46.059,0.2606,46.319599999999994,47.3241
2041,0.2149,0.0,0.215,0.0387,0.9995348837209302,0.0,12.615,0.0216,29.6151,17.0001,0.0,0.0,0.0,29.615100000000005,0.021599999999999998,29.636700000000005,29.6406
2042,0.45,0.0006,0.4506,0.0811,0.9986684420772304,0.0013315579227696404,24.546,0.3791,177.5456,152.9996,0.0,0.0,0.0,177.5456,0.37910000000000005,177.9247,178.4292
2043,0.3423,0.0005,0.3427,0.0617,0.9988327983659177,0.0014590020426028597,18.12,0.2918,143.1194,124.9994,0.0,0.0,0.0,143.11939999999998,0.2918,143.41119999999998,146.4135
2044,0.3468,0.0103,0.3572,0.0643,0.9708846584546472,0.02883538633818589,19.509,6.6413,174.5085,154.9995,0.0,0.0,0.0,174.5085,6.6413,181.1498,184.1502
2045,0.2081,0.0193,0.2274,0.0409,0.915127528583993,0.08487247141600704,11.586,12.7322,404.5851,392.9991,0.0,0.0,0.0,404.5851,12.7322,417.3173,440.8142
2046,0.3754,0.0,0.3755,0.0676,0.9997336884154461,0.0,20.274,0.014,26.2743,6.0003,0.0,0.0,0.0,26.274300000000007,0.013999999999999999,26.288300000000007,26.2922
2047,0.3735,0.0008,0.3743,0.0674,0.9978626769970611,0.002137323002938819,21.228,0.5087,134.2284,113.0004,0.0,0.0,0.0,134.2284,0.5087,134.7371,136.735
2048,0.4043,0.0,0.4044,0.0728,0.9997527200791296,0.0,22.7445,0.0139,37.7449,15.0004,0.0,0.0,0.0,37.74490000000001,0.013900000000000003,37.75880000000001,37.7611
2049,0.1506,0.0,0.1507,0.0271,0.9993364299933644,0.0,8.841,0.0284,9.8401,0.9991,0.0,0.0,0.0,9.8401,0.028399999999999998,9.8685,9.871
2050,0.4351,0.0014,0.4365,0.0786,0.9967926689576174,0.0032073310423825887,23.9745,0.9198,163.9741,139.9996,0.0,0.0,0.0,163.97409999999996,0.9198000000000001,164.89389999999997,169.8975
2051,0.1971,0.0,0.1972,0.0355,0.9994929006085194,0.0,11.325,0.0154,15.3246,3.9996,0.0,0.0,0.0,15.324600000000004,0.0154,15.340000000000003,15.3356
2052,0.4283,0.0041,0.4324,0.0778,0.990518038852914,0.009481961147086031,23.364,2.6547,330.3632,306.9992,0.0,0.0,0.0,330.3632,2.6546999999999996,333.0179,341.0223
2053,0.1974,0.0002,0.1976,0.0356,0.9989878542510121,0.0010121457489878543,11.586,0.1086,41.5851,29.9991,0.0,0.0,0.0,41.585100000000004,0.10860000000000003,41.69370000000001,43.1949
2054,0.3252,0.0014,0.3266,0.0588,0.9957134109001837,0.004286589099816289,19.0905,0.8956,189.091,170.0005,0.0,0.0,0.0,189.09099999999998,0.8956000000000001,189.98659999999998,191.4903
2055,0.1795,0.0,0.1796,0.0323,0.9994432071269487,0.0,10.6545,0.0222,17.655,7.0005,0.0,0.0,0.0,17.655,0.0222,17.677200000000003,17.6737
2056,0.1192,0.0,0.1192,0.0215,1.0,0.0,7.0755,0.008,7.076,0.0005,0.0,0.0,0.0,7.076000000000001,0.008,7.084000000000001,7.0808
2057,0.3176,0.0242,0.3418,0.0615,0.9291983616149795,0.07080163838502047,17.6805,14.9332,502.6806,485.0001,0.0,0.0,0.0,502.68059999999997,14.933200000000003,517.6138,531.1098
2058,0.4549,0.0002,0.4551,0.0819,0.999560536145902,0.00043946385409800046,25.5885,0.1322,115.5882,89.9997,0.0,0.0,0.0,115.58819999999999,0.13219999999999998,115.72039999999998,117.721
2059,0.3191,0.0002,0.3192,0.0575,0.99968671679198,0.0006265664160401003,17.0595,0.1076,42.0589,24.9994,0.0,0.0,0.0,42.0589,0.1076,42.1665,42.1703
2060,0.3626,0.0,0.3626,0.0653,1.0,0.0,20.184,0.0103,24.1843,4.0003,0.0,0.0,0.0,24.184300000000007,0.010299999999999998,24.19460000000001,24.1906
2061,0.1455,0.0001,0.1456,0.0262,0.9993131868131867,0.0006868131868131868,8.1825,0.089,19.1819,10.9994,0.0,0.0,0.0,19.181900000000006,0.089,19.270900000000005,19.2736
2062,0.2632,0.0,0.2633,0.0474,0.9996202050892519,0.0,13.935,0.0238,21.9347,7.9997,0.0,0.0,0.0,21.934699999999992,0.023799999999999998,21.958499999999994,21.9578
2063,0.3397,0.0,0.3398,0.0612,0.9997057092407299,0.0,20.385,0.0309,20.3844,0.0,0.0,0.0,0.0,20.3844,0.030899999999999997,20.4153,20.4129
2064,0.4081,0.0003,0.4084,0.0735,0.9992654260528894,0.0007345739471106758,21.8175,0.1758,39.8182,18.0007,0.0,0.0,0.0,39.8182,0.17579999999999998,39.994,40.9976
2065,0.1001,0.0029,0.103,0.0185,0.9718446601941747,0.02815533980582524,5.574,1.7585,348.5738,342.9998,0.0,0.0,0.0,348.57380000000006,1.7585000000000002,350.3323000000001,360.3331
2066,0.1436,0.0194,0.163,0.0293,0.8809815950920246,0.11901840490797545,7.992,12.0972,401.9914,393.9994,0.0,0.0,0.0,401.9914,12.097199999999997,414.0886,426.0853
2067,0.2877,0.0002,0.2879,0.0518,0.9993053143452588,0.0006946856547412297,15.855,0.1204,68.8546,52.9996,0.0,0.0,0.0,68.8546,0.1204,68.97500000000001,70.977
2068,0.3504,0.003,0.3535,0.0636,0.9912305516265912,0.008486562942008486,19.509,1.9218,196.5086,176.9996,0.0,0.0,0.0,196.5086,1.9217999999999995,198.4304,207.9279
2069,0.1051,0.0008,0.1059,0.0191,0.9924457034938622,0.007554296506137866,5.793,0.4725,113.7928,107.9998,0.0,0.0,0.0,113.79280000000001,0.4724999999999999,114.26530000000001,118.2669
2070,0.4121,0.0151,0.4272,0.0769,0.9646535580524345,0.03534644194756554,22.707,9.4261,251.7072,229.0002,0.0,0.0,0.0,251.70720000000003,9.4261,261.1333,277.1349
2071,0.2001,0.0004,0.2004,0.0361,0.9985029940119761,0.0019960079840319364,11.373,0.2342,36.3722,24.9992,0.0,0.0,0.0,36.37220000000001,0.23419999999999996,36.60640000000001,36.6042
2072,0.3694,0.0002,0.3696,0.0665,0.9994588744588745,0.0005411255411255411,19.554,0.148,30.5541,11.0001,0.0,0.0,0.0,30.554099999999995,0.14799999999999996,30.702099999999994,31.1979
2073,0.3221,0.0,0.3221,0.058,1.0,0.0,18.12,0.0066,23.1197,4.9997,0.0,0.0,0.0,23.119699999999995,0.006600000000000001,23.126299999999993,23.1221
2074,0.1437,0.0002,0.1439,0.0259,0.9986101459346768,0.001389854065323141,8.529,0.1178,37.5295,29.0005,0.0,0.0,0.0,37.5295,0.1178,37.6473,37.6458
2075,0.3468,0.0003,0.3472,0.0625,0.998847926267281,0.0008640552995391705,19.509,0.1974,65.5083,45.9993,0.0,0.0,0.0,65.5083,0.1974,65.70570000000001,66.7085
2076,0.1561,0.0153,0.1714,0.0309,0.91073512252042,0.08926487747957992,8.6895,9.7487,256.6891,247.9996,0.0,0.0,0.0,256.6891,9.7487,266.4378,279.9361
2077,0.3549,0.0005,0.3553,0.064,0.9988741908246552,0.0014072614691809737,19.554,0.2964,111.5543,92.0003,0.0,0.0,0.0,111.55430000000003,0.2964,111.85070000000003,114.849
2078,0.3669,0.0001,0.367,0.0661,0.9997275204359674,0.00027247956403269756,18.87,0.0696,37.8696,18.9996,0.0,0.0,0.0,37.869600000000005,0.0696,37.93920000000001,38.4412
2079,0.2606,0.0008,0.2615,0.0471,0.9965583173996175,0.0030592734225621415,14.2155,0.5004,183.2157,169.0002,0.0,0.0,0.0,183.21569999999997,0.5004,183.71609999999998,184.2199
2080,0.4409,0.0027,0.4436,0.0798,0.9939134355275023,0.006086564472497746,24.546,1.6365,257.5454,232.9994,0.0,0.0,0.0,257.54540000000003,1.6365000000000005,259.18190000000004,267.1822
2081,0.2647,0.0034,0.2681,0.0483,0.9873181648638567,0.01268183513614323,14.7345,2.1229,290.7336,275.9991,0.0,0.0,0.0,290.73359999999997,2.1229,292.8565,304.8555
2082,0.3488,0.0,0.3488,0.0628,1.0,0.0,18.6465,0.0127,31.6465,13.0,0.0,0.0,0.0,31.64649999999999,0.012700000000000001,31.659199999999988,31.6606
2083,0.1485,0.0002,0.1486,0.0268,0.9993270524899057,0.0013458950201884253,8.529,0.1115,14.5294,6.0004,0.0,0.0,0.0,14.529399999999999,0.11150000000000002,14.640899999999998,14.6439
2084,0.1358,0.0042,0.14,0.0252,0.97,0.029999999999999995,7.3335,2.5179,488.3329,480.9994,0.0,0.0,0.0,488.33289999999994,2.5179,490.85079999999994,504.8509
2085,0.245,0.0001,0.2451,0.0441,0.9995920032639738,0.0004079967360261118,13.6365,0.0861,33.6363,19.9998,0.0,0.0,0.0,33.636300000000006,0.0861,33.72240000000001,33.7222
2086,0.4307,0.0006,0.4312,0.0776,0.9988404452690167,0.0013914656771799626,23.9745,0.3746,100.974,76.9995,0.0,0.0,0.0,100.97400000000002,0.37460000000000004,101.34860000000002,104.35
2087,0.4079,0.0157,0.4236,0.0762,0.9629367327667611,0.037063267233238904,22.707,9.284,260.7072,238.0002,0.0,0.0,0.0,260.7072,9.283999999999999,269.9912,284.4905
2088,0.3488,0.0,0.3488,0.0628,1.0,0.0,18.6465,0.0108,19.6465,1.0,0.0,0.0,0.0,19.646499999999996,0.010799999999999999,19.657299999999996,19.6599
2089,0.1546,0.0,0.1546,0.0278,1.0,0.0,8.1825,0.0237,17.1818,8.9993,0.0,0.0,0.0,17.181800000000003,0.0237,17.205500000000004,17.2103
2090,0.332,0.0061,0.3381,0.0609,0.981958000591541,0.018041999408459037,18.87,3.8264,93.8699,74.9999,0.0,0.0,0.0,93.86989999999997,3.8264,97.69629999999998,109.1951
2091,0.3368,0.0001,0.3368,0.0606,1.0,0.0002969121140142518,19.554,0.032,33.5544,14.0004,0.0,0.0,0.0,33.5544,0.03200000000000001,33.5864,33.586
2092,0.2477,0.0102,0.258,0.0464,0.960077519379845,0.03953488372093023,13.935,6.6661,268.9341,254.9991,0.0,0.0,0.0,268.9341,6.6661,275.6002,280.6025
2093,0.3019,0.0001,0.302,0.0544,0.9996688741721854,0.00033112582781456954,15.9825,0.04,43.9827,28.0002,0.0,0.0,0.0,43.9827,0.04000000000000001,44.0227,44.0235
2094,0.1792,0.0096,0.1889,0.034,0.9486500794070937,0.050820539968237155,9.777,5.6581,457.7771,448.0001,0.0,0.0,0.0,457.77709999999996,5.6581,463.43519999999995,476.9306
2095,0.2856,0.0005,0.2861,0.0515,0.9982523593149248,0.0017476406850751485,15.576,0.3191,193.5754,177.9994,0.0,0.0,0.0,193.57539999999997,0.31910000000000005,193.89449999999997,196.3954
2096,0.3336,0.0005,0.3341,0.0601,0.9985034420832086,0.0014965579167913797,17.661,0.341,95.6612,78.0002,0.0,0.0,0.0,95.66120000000004,0.341,96.00220000000003,98.0041
2097,0.2013,0.0008,0.2021,0.0364,0.9960415635823849,0.0039584364176150424,11.325,0.5114,124.3245,112.9995,0.0,0.0,0.0,124.32450000000001,0.5114,124.83590000000001,134.338
2098,0.2034,0.0063,0.2097,0.0377,0.9699570815450643,0.030042918454935622,11.325,3.9744,379.3249,367.9999,0.0,0.0,0.0,379.32489999999996,3.9743999999999993,383.29929999999996,390.3018
2099,0.3004,0.0003,0.3007,0.0541,0.999002327901563,0.0009976720984369802,16.722,0.1794,43.7214,26.9994,0.0,0.0,0.0,43.721399999999996,0.1794,43.9008,44.8969
2100,0.2753,0.0001,0.2754,0.0496,0.9996368917937546,0.0003631082062454612,15.9825,0.0877,16.9828,1.0003,0.0,0.0,0.0,16.9828,0.08769999999999999,17.070500000000003,17.5713
2101,0.3154,0.0209,0.3363,0.0605,0.9378531073446329,0.06214689265536723,17.3775,13.7011,593.378,576.0005,0.0,0.0,0.0,593.3779999999999,13.7011,607.0790999999999,625.5778
2102,0.3769,0.0012,0.3781,0.0681,0.9968262364453849,0.003173763554615181,20.7675,0.6998,217.7673,196.9998,0.0,0.0,0.0,217.76730000000003,0.6998,218.46710000000004,225.9639
2103,0.1037,0.0,0.1037,0.0187,1.0,0.0,5.8935,0.031,16.8936,11.0001,0.0,0.0,0.0,16.893600000000003,0.031,16.9246,17.4214
2104,0.1471,0.0012,0.1483,0.0267,0.9919082939986515,0.008091706001348618,8.361,0.7675,142.3608,133.9998,0.0,0.0,0.0,142.3608,0.7675000000000001,143.12830000000002,145.6241
2105,0.2081,0.0031,0.2112,0.038,0.9853219696969697,0.014678030303030302,11.586,1.9869,246.5856,234.9996,0.0,0.0,0.0,246.58560000000003,1.9868999999999997,248.57250000000002,254.0688
2106,0.0789,0.0,0.0789,0.0142,1.0,0.0,4.53,0.0146,4.53,0.0,0.0,0.0,0.0,4.529999999999999,0.014600000000000002,4.544599999999999,4.5415
2107,0.4248,0.0,0.4248,0.0765,1.0,0.0,23.1705,0.0146,24.1705,1.0,0.0,0.0,0.0,24.170499999999997,0.0146,24.1851,24.1857
2108,0.1532,0.0197,0.1729,0.0311,0.8860613071139387,0.1139386928860613,8.529,12.4601,336.5294,328.0004,0.0,0.0,0.0,336.5294,12.460099999999999,348.9895,372.9902
2109,0.3186,0.0063,0.3249,0.0585,0.9806094182825484,0.019390581717451522,17.3775,3.8797,244.3777,227.0002,0.0,0.0,0.0,244.3777,3.8796999999999993,248.2574,253.7585
2110,0.101,0.0042,0.1052,0.0189,0.9600760456273765,0.03992395437262357,5.454,2.8678,237.4547,232.0007,0.0,0.0,0.0,237.45469999999995,2.8678,240.32249999999993,248.8184
2111,0.083,0.0,0.0831,0.015,0.9987966305655838,0.0,4.53,0.0156,20.5299,15.9999,0.0,0.0,0.0,20.529899999999994,0.015600000000000004,20.545499999999993,20.545
2112,0.3461,0.0,0.3462,0.0623,0.9997111496244946,0.0,20.7675,0.0239,22.7673,1.9998,0.0,0.0,0.0,22.767299999999995,0.023899999999999998,22.791199999999996,22.7914
2113,0.45,0.0088,0.4588,0.0826,0.9808195292066261,0.01918047079337402,24.546,5.4614,358.5457,333.9997,0.0,0.0,0.0,358.5456999999999,5.461400000000001,364.0070999999999,380.0114
2114,0.4786,0.0,0.4786,0.0862,1.0,0.0,25.5885,0.0289,29.5883,3.9998,0.0,0.0,0.0,29.588299999999997,0.0289,29.617199999999997,29.6215
2115,0.1545,0.0013,0.1558,0.028,0.9916559691912709,0.00834403080872914,8.6895,0.8235,221.6893,212.9998,0.0,0.0,0.0,221.6893,0.8234999999999999,222.5128,227.0127
2116,0.221,0.0,0.221,0.0398,1.0,0.0,11.586,0.0255,14.5854,2.9994,0.0,0.0,0.0,14.585399999999996,0.025499999999999995,14.610899999999996,14.6152
2117,0.2055,0.0065,0.212,0.0382,0.9693396226415094,0.030660377358490566,11.325,4.0277,487.3247,475.9997,0.0,0.0,0.0,487.3247,4.0277,491.3524,512.8489
2118,0.2939,0.0023,0.2962,0.0533,0.9922349763673193,0.007765023632680621,16.3635,1.3722,318.3638,302.0003,0.0,0.0,0.0,318.36379999999997,1.3722000000000003,319.736,325.7391
2119,0.3425,0.0001,0.3425,0.0617,1.0,0.000291970802919708,18.87,0.0307,22.8696,3.9996,0.0,0.0,0.0,22.869599999999995,0.030699999999999998,22.900299999999994,22.898
2120,0.2017,0.0001,0.2018,0.0363,0.9995044598612487,0.0004955401387512388,11.586,0.0656,11.5854,0.0,0.0,0.0,0.0,11.585399999999998,0.06559999999999999,11.650999999999998,11.6523
2121,0.0916,0.002,0.0936,0.0168,0.9786324786324786,0.021367521367521368,5.046,1.357,214.046,209.0,0.0,0.0,0.0,214.046,1.357,215.403,216.9017
2122,0.1,0.0001,0.1001,0.018,0.9990009990009991,0.000999000999000999,5.6865,0.0437,18.6864,12.9999,0.0,0.0,0.0,18.6864,0.0437,18.7301,19.2253
2123,0.2647,0.0029,0.2676,0.0482,0.9891629297458894,0.010837070254110612,14.7345,1.8316,211.7338,196.9993,0.0,0.0,0.0,211.73380000000003,1.8316000000000001,213.56540000000004,218.0637
2124,0.417,0.0003,0.4173,0.0751,0.9992810927390366,0.0007189072609633357,22.7445,0.2029,79.7448,57.0003,0.0,0.0,0.0,79.7448,0.2029,79.9477,82.9437
2125,0.15,0.0,0.1501,0.027,0.9993337774816787,0.0,8.529,0.0248,23.5294,15.0004,0.0,0.0,0.0,23.5294,0.0248,23.554199999999998,24.0495
2126,0.3453,0.0,0.3453,0.0622,1.0,0.0,18.6465,0.0222,34.6465,16.0,0.0,0.0,0.0,34.64649999999999,0.0222,34.66869999999999,34.6729
2127,0.1258,0.0064,0.1322,0.0238,0.9515885022692888,0.048411497730711045,7.0755,4.2425,409.076,402.0005,0.0,0.0,0.0,409.07599999999996,4.2425,413.3185,425.3229
2128,0.136,0.0004,0.1364,0.0246,0.997067448680352,0.0029325513196480943,7.569,0.258,116.569,109.0,0.0,0.0,0.0,116.56899999999997,0.25799999999999995,116.82699999999997,117.823
2129,0.1284,0.014,0.1424,0.0256,0.9016853932584269,0.09831460674157304,7.0755,9.4545,301.0757,294.0002,0.0,0.0,0.0,301.0756999999999,9.4545,310.5301999999999,330.5281
2130,0.083,0.0,0.083,0.0149,1.0,0.0,4.7175,0.0098,5.7174,0.9999,0.0,0.0,0.0,5.717399999999999,0.0098,5.727199999999999,5.7308
2131,0.1233,0.0072,0.1305,0.0235,0.9448275862068966,0.05517241379310345,6.795,4.5487,378.795,372.0,0.0,0.0,0.0,378.79499999999996,4.5487,383.34369999999996,395.8461
2132,0.3612,0.0223,0.3835,0.069,0.9418513689700131,0.058148631029986964,19.902,13.3235,245.9017,225.9997,0.0,0.0,0.0,245.90169999999995,13.323500000000001,259.2252,272.2218
2133,0.3538,0.0,0.3539,0.0637,0.9997174343034756,0.0,19.902,0.0267,36.9019,16.9999,0.0,0.0,0.0,36.90189999999999,0.026699999999999998,36.92859999999999,36.9255
2134,0.4182,0.0183,0.4365,0.0786,0.9580756013745705,0.04192439862542956,24.546,11.4013,537.5456,512.9996,0.0,0.0,0.0,537.5455999999998,11.401299999999999,548.9468999999998,558.4449
2135,0.1545,0.0112,0.1656,0.0298,0.9329710144927537,0.06763285024154589,8.6895,6.8962,367.6892,358.9997,0.0,0.0,0.0,367.68919999999997,6.8961999999999986,374.5854,395.5836
2136,0.0839,0.0027,0.0866,0.0156,0.9688221709006929,0.031177829099307164,4.53,1.6699,238.5298,233.9998,0.0,0.0,0.0,238.52979999999997,1.6699,240.19969999999998,251.2037
2137,0.0814,0.0033,0.0846,0.0152,0.9621749408983452,0.03900709219858156,4.53,2.0591,211.53,207.0,0.0,0.0,0.0,211.52999999999994,2.0591,213.58909999999995,221.5921
2138,0.314,0.0002,0.3141,0.0565,0.9996816300541229,0.0006367398917542184,17.661,0.0957,43.6611,26.0001,0.0,0.0,0.0,43.66109999999998,0.09570000000000001,43.756799999999984,44.7523
2139,0.321,0.0,0.3211,0.0578,0.999688570538773,0.0,16.5105,0.0201,19.5106,3.0001,0.0,0.0,0.0,19.5106,0.020100000000000003,19.5307,20.0268
2140,0.3384,0.0021,0.3405,0.0613,0.9938325991189426,0.006167400881057268,18.6465,1.3362,224.6465,206.0,0.0,0.0,0.0,224.64649999999997,1.3361999999999998,225.98269999999997,231.9827
2141,0.1502,0.0106,0.1608,0.0289,0.9340796019900498,0.06592039800995025,8.361,7.0449,392.3607,383.9997,0.0,0.0,0.0,392.36069999999984,7.044900000000001,399.4055999999998,410.9019
2142,0.2574,0.0032,0.2606,0.0469,0.9877206446661551,0.012279355333844973,14.481,2.0201,315.4817,301.0007,0.0,0.0,0.0,315.4817,2.0201,317.5018,321.9989
2143,0.2789,0.0008,0.2798,0.0504,0.9967834167262329,0.0028591851322373124,15.855,0.5295,54.8546,38.9996,0.0,0.0,0.0,54.854600000000005,0.5295,55.384100000000004,61.3865
2144,0.0923,0.0005,0.0928,0.0167,0.9946120689655172,0.005387931034482759,4.8885,0.292,84.8886,80.0001,0.0,0.0,0.0,84.88860000000001,0.2919999999999999,85.18060000000001,91.18
2145,0.254,0.0006,0.2546,0.0458,0.997643362136685,0.0023566378633150037,13.3185,0.3478,66.3189,53.0004,0.0,0.0,0.0,66.31890000000001,0.34780000000000005,66.66670000000002,71.6665
2146,0.3122,0.0248,0.337,0.0607,0.9264094955489613,0.07359050445103857,17.3775,16.2008,179.3778,162.0003,0.0,0.0,0.0,179.3778,16.2008,195.5786,218.078
2147,0.3541,0.0179,0.372,0.067,0.9518817204301077,0.04811827956989247,19.509,11.4921,734.5087,714.9997,0.0,0.0,0.0,734.5087000000001,11.4921,746.0008000000001,763.0021
2148,0.1391,0.0007,0.1398,0.0252,0.9949928469241773,0.005007153075822604,7.992,0.401,110.9911,102.9991,0.0,0.0,0.0,110.9911,0.40100000000000013,111.3921,113.3971
2149,0.3,0.0,0.3,0.054,1.0,0.0,16.3635,0.0128,19.3636,3.0001,0.0,0.0,0.0,19.3636,0.012799999999999999,19.3764,19.377
2150,0.3953,0.0011,0.3964,0.0714,0.9972250252270434,0.0027749747729566097,22.707,0.7094,253.7073,231.0003,0.0,0.0,0.0,253.70730000000006,0.7094,254.41670000000005,260.9172
2151,0.2691,0.0159,0.285,0.0513,0.9442105263157896,0.055789473684210535,15.138,9.8395,380.1382,365.0002,0.0,0.0,0.0,380.13820000000004,9.839500000000001,389.9777,399.98
2152,0.2095,0.0036,0.2132,0.0384,0.9826454033771107,0.016885553470919325,11.787,2.1206,299.787,288.0,0.0,0.0,0.0,299.787,2.1206,301.9076,307.4065
2153,0.2494,0.0,0.2494,0.0449,1.0,0.0,14.481,0.014,18.4815,4.0005,0.0,0.0,0.0,18.4815,0.014000000000000004,18.4955,18.4999
2154,0.2103,0.0057,0.2159,0.0389,0.9740620657711903,0.026401111625752663,11.586,3.7264,274.5852,262.9992,0.0,0.0,0.0,274.58520000000004,3.7264000000000004,278.31160000000006,290.316
2155,0.3907,0.0003,0.391,0.0704,0.99923273657289,0.0007672634271099744,21.3105,0.1898,53.3104,31.9999,0.0,0.0,0.0,53.31039999999997,0.18980000000000002,53.50019999999997,54.4968
2156,0.2803,0.0001,0.2804,0.0505,0.9996433666191156,0.00035663338088445085,15.138,0.044,21.1381,6.0001,0.0,0.0,0.0,21.138099999999998,0.044,21.1821,21.1777
2157,0.1774,0.0002,0.1777,0.032,0.9983117613956106,0.0011254924029262803,9.777,0.1442,67.7772,58.0002,0.0,0.0,0.0,67.77719999999997,0.1442,67.92139999999996,67.9169
2158,0.1609,0.0001,0.161,0.029,0.9993788819875775,0.0006211180124223603,8.6895,0.0624,18.6891,9.9996,0.0,0.0,0.0,18.6891,0.0624,18.7515,18.7473
2159,0.0947,0.0025,0.0972,0.0175,0.9742798353909466,0.0257201646090535,5.328,1.6313,362.3279,356.9999,0.0,0.0,0.0,362.32790000000006,1.6313,363.95920000000007,372.4568
2160,0.0821,0.0009,0.083,0.0149,0.9891566265060241,0.010843373493975903,4.7175,0.5371,144.7175,140.0,0.0,0.0,0.0,144.71750000000003,0.5371,145.25460000000004,147.7563
2161,0.3875,0.0,0.3875,0.0698,1.0,0.0,22.7445,0.0139,23.745,1.0005,0.0,0.0,0.0,23.745000000000005,0.013899999999999997,23.758900000000004,23.762
2162,0.4001,0.0017,0.4018,0.0723,0.9957690393230464,0.004230960676953708,22.7445,0.9997,219.7451,197.0006,0.0,0.0,0.0,219.74510000000004,0.9997000000000001,220.74480000000003,226.7445
2163,0.0839,0.0008,0.0847,0.0153,0.9905548996458088,0.009445100354191265,4.53,0.5344,153.53,149.0,0.0,0.0,0.0,153.52999999999994,0.5344000000000001,154.06439999999995,159.065
2164,0.1992,0.0125,0.2118,0.0381,0.9405099150141643,0.05901794145420208,11.325,8.05,335.3247,323.9997,0.0,0.0,0.0,335.3247,8.05,343.3747,363.8704
2165,0.3657,0.0018,0.3675,0.0662,0.9951020408163266,0.004897959183673469,19.554,1.1355,162.5544,143.0004,0.0,0.0,0.0,162.55439999999996,1.1355000000000002,163.68989999999997,174.6899
2166,0.147,0.0012,0.1482,0.0267,0.9919028340080971,0.008097165991902834,8.1825,0.7629,192.1821,183.9996,0.0,0.0,0.0,192.18210000000002,0.7628999999999999,192.94500000000002,195.4486
2167,0.2318,0.0,0.2319,0.0417,0.9995687796463993,0.0,13.3185,0.0118,19.3188,6.0003,0.0,0.0,0.0,19.3188,0.0118,19.3306,19.3315
2168,0.2441,0.0004,0.2445,0.044,0.9983640081799592,0.0016359918200408998,13.59,0.2234,64.5898,50.9998,0.0,0.0,0.0,64.5898,0.2234,64.8132,67.3157
2169,0.2628,0.0015,0.2643,0.0476,0.9943246311010215,0.005675368898978434,14.481,0.961,186.4819,172.0009,0.0,0.0,0.0,186.48189999999997,0.9609999999999999,187.44289999999998,192.9424
2170,0.3838,0.0003,0.3842,0.0692,0.9989588755856325,0.0007808433107756377,21.8175,0.2114,34.8181,13.0006,0.0,0.0,0.0,34.818099999999994,0.2114,35.02949999999999,35.0255
2171,0.3476,0.0,0.3476,0.0626,1.0,0.0,20.184,0.0208,22.1843,2.0003,0.0,0.0,0.0,22.184300000000004,0.020799999999999996,22.205100000000005,22.2089
2172,0.2399,0.0004,0.2403,0.0432,0.9983354140657511,0.0016645859342488557,13.6365,0.2176,115.6364,101.9999,0.0,0.0,0.0,115.63639999999997,0.2176,115.85399999999997,117.3517
2173,0.371,0.0001,0.371,0.0668,1.0,0.00026954177897574127,21.3105,0.0427,39.3102,17.9997,0.0,0.0,0.0,39.310199999999995,0.042699999999999995,39.3529,39.3537
2174,0.1059,0.0,0.1059,0.0191,1.0,0.0,5.8935,0.0294,5.8937,0.0002,0.0,0.0,0.0,5.8937,0.029400000000000003,5.9231,5.9182
2175,0.3828,0.0191,0.4019,0.0723,0.952475740233889,0.04752425976611097,21.3105,12.3959,642.3103,620.9998,0.0,0.0,0.0,642.3103000000001,12.395900000000001,654.7062000000001,666.7102
2176,0.2124,0.0039,0.2164,0.0389,0.9815157116451017,0.018022181146025877,11.586,2.4578,215.5853,203.9993,0.0,0.0,0.0,215.58530000000005,2.4577999999999998,218.04310000000004,225.0436
2177,0.2053,0.0,0.2053,0.037,1.0,0.0,11.793,0.0087,11.7941,0.0011,0.0,0.0,0.0,11.794100000000004,0.0087,11.802800000000003,11.7992
2178,0.3488,0.0004,0.3491,0.0628,0.9991406473789745,0.0011458034947006588,18.6465,0.2204,46.6465,28.0,0.0,0.0,0.0,46.64649999999999,0.22039999999999998,46.86689999999999,49.3704
2179,0.1817,0.0004,0.1821,0.0328,0.9978034047226798,0.002196595277320154,9.435,0.2412,37.4348,27.9998,0.0,0.0,0.0,37.43479999999999,0.24120000000000003,37.67599999999999,38.6714
2180,0.0805,0.0007,0.0813,0.0146,0.990159901599016,0.008610086100861008,4.53,0.4893,129.53,125.0,0.0,0.0,0.0,129.53,0.48929999999999996,130.0193,131.5178
2181,0.4366,0.0071,0.4436,0.0799,0.9842200180342651,0.01600541027953111,23.574,4.414,528.574,505.0,0.0,0.0,0.0,528.574,4.414,532.9879999999999,540.4845
2182,0.2038,0.012,0.2158,0.0388,0.9443929564411493,0.055607043558850794,11.586,7.5053,317.5852,305.9992,0.0,0.0,0.0,317.5852,7.505300000000002,325.09049999999996,333.5949
2183,0.2674,0.0003,0.2677,0.0482,0.9988793425476281,0.0011206574523720582,14.7345,0.2093,42.7342,27.9997,0.0,0.0,0.0,42.734199999999994,0.20930000000000004,42.94349999999999,44.9471
2184,0.3368,0.0001,0.3368,0.0606,1.0,0.0002969121140142518,19.554,0.034,59.5543,40.0003,0.0,0.0,0.0,59.55430000000002,0.034,59.58830000000002,60.5889
2185,0.1032,0.0013,0.1045,0.0188,0.9875598086124402,0.012440191387559809,5.6865,0.7898,198.6864,192.9999,0.0,0.0,0.0,198.68639999999996,0.7897999999999998,199.47619999999998,202.9794
2186,0.3028,0.0001,0.3029,0.0545,0.9996698580389568,0.0003301419610432486,18.171,0.0479,25.1713,7.0003,0.0,0.0,0.0,25.171300000000006,0.0479,25.219200000000004,25.2195
2187,0.4364,0.0101,0.4465,0.0804,0.9773796192609182,0.022620380739081746,24.546,5.9281,589.5454,564.9994,0.0,0.0,0.0,589.5454,5.9281000000000015,595.4735,611.9743
2188,0.2976,0.0001,0.2978,0.0536,0.9993284083277366,0.000335795836131632,17.661,0.0858,36.6611,19.0001,0.0,0.0,0.0,36.6611,0.08579999999999997,36.7469,37.7495
2189,0.2782,0.0002,0.2784,0.0501,0.9992816091954024,0.0007183908045977012,16.5105,0.1231,24.5106,8.0001,0.0,0.0,0.0,24.5106,0.1231,24.6337,26.6314
2190,0.1644,0.0021,0.1665,0.03,0.9873873873873873,0.01261261261261261,9.06,1.3797,135.0597,125.9997,0.0,0.0,0.0,135.0597,1.3796999999999997,136.43939999999998,145.9404
2191,0.314,0.0051,0.3191,0.0574,0.9840175493575681,0.015982450642431843,17.661,3.08,235.661,218.0,0.0,0.0,0.0,235.66100000000003,3.0800000000000005,238.74100000000004,246.7418
2192,0.2915,0.0001,0.2916,0.0525,0.9996570644718792,0.0003429355281207133,15.138,0.0407,15.1381,0.0001,0.0,0.0,0.0,15.138100000000001,0.04070000000000001,15.1788,15.1831
2193,0.4395,0.0022,0.4418,0.0795,0.9947940244454504,0.004979628791308284,23.9745,1.426,245.9743,221.9998,0.0,0.0,0.0,245.97429999999997,1.426,247.40029999999996,253.9018
2194,0.3695,0.0001,0.3696,0.0665,0.9997294372294373,0.00027056277056277056,21.228,0.0732,47.2286,26.0006,0.0,0.0,0.0,47.22859999999999,0.0732,47.30179999999999,47.8017
2195,0.1062,0.0248,0.131,0.0236,0.8106870229007633,0.18931297709923664,5.793,15.4068,362.7925,356.9995,0.0,0.0,0.0,362.7925,15.4068,378.1993,399.1955
2196,0.1712,0.012,0.1832,0.033,0.9344978165938864,0.06550218340611354,9.435,7.5548,189.4347,179.9997,0.0,0.0,0.0,189.43469999999996,7.554799999999999,196.98949999999996,214.4907
2197,0.2647,0.0014,0.2661,0.0479,0.994738819992484,0.005261180007515971,14.1525,0.9176,176.1523,161.9998,0.0,0.0,0.0,176.1523,0.9176000000000002,177.0699,186.0672
2198,0.3191,0.0026,0.3217,0.0579,0.991917935965185,0.008082064034815045,17.0595,1.5592,264.0592,246.9997,0.0,0.0,0.0,264.0592000000001,1.5592,265.61840000000007,274.1134
2199,0.4025,0.0006,0.4031,0.0726,0.998511535599107,0.0014884644008930784,21.3105,0.3824,23.3102,1.9997,0.0,0.0,0.0,23.310200000000002,0.3824000000000001,23.692600000000002,25.1915
2200,0.3188,0.0008,0.3196,0.0575,0.997496871088861,0.0025031289111389237,18.12,0.5191,147.1197,128.9997,0.0,0.0,0.0,147.11969999999997,0.5191,147.63879999999997,150.6358
2201,0.2601,0.0004,0.2606,0.0469,0.9980813507290868,0.0015349194167306216,14.481,0.2684,40.4815,26.0005,0.0,0.0,0.0,40.481500000000004,0.26839999999999997,40.749900000000004,45.751
2202,0.3986,0.0,0.3986,0.0718,1.0,0.0,21.3105,0.025,38.3104,16.9999,0.0,0.0,0.0,38.31039999999999,0.024999999999999998,38.335399999999986,38.3335
2203,0.271,0.0001,0.271,0.0488,1.0,0.00036900369003690036,13.935,0.0603,23.9348,9.9998,0.0,0.0,0.0,23.934799999999992,0.060300000000000006,23.995099999999994,23.9951
2204,0.3035,0.0006,0.3041,0.0547,0.9980269648142059,0.0019730351857941467,16.722,0.4175,109.7216,92.9996,0.0,0.0,0.0,109.7216,0.4174999999999999,110.1391,119.1411
2205,0.2466,0.0013,0.2479,0.0446,0.9947559499798306,0.005244050020169423,13.3185,0.7827,156.3185,143.0,0.0,0.0,0.0,156.3185,0.7827,157.1012,163.6005
2206,0.2075,0.0003,0.2077,0.0374,0.999037072701011,0.0014443909484833893,11.793,0.1722,48.7934,37.0004,0.0,0.0,0.0,48.79339999999999,0.1722,48.96559999999999,49.4672
2207,0.243,0.0,0.243,0.0437,1.0,0.0,12.615,0.0184,17.6152,5.0002,0.0,0.0,0.0,17.6152,0.0184,17.6336,19.6335
2208,0.0842,0.0001,0.0843,0.0152,0.9988137603795967,0.0011862396204033216,4.8885,0.0436,9.8887,5.0002,0.0,0.0,0.0,9.888700000000002,0.0436,9.932300000000001,11.4295
2209,0.1064,0.0,0.1064,0.0192,1.0,0.0,5.6865,0.0317,13.6864,7.9999,0.0,0.0,0.0,13.686399999999997,0.0317,13.718099999999998,15.2181
2210,0.2601,0.0032,0.2633,0.0474,0.9878465628560578,0.012153437143942273,14.481,2.0905,168.4816,154.0006,0.0,0.0,0.0,168.48159999999996,2.0904999999999996,170.57209999999995,175.5688
2211,0.1485,0.0012,0.1497,0.027,0.9919839679358717,0.008016032064128256,8.1825,0.7267,224.182,215.9995,0.0,0.0,0.0,224.18200000000004,0.7267000000000001,224.90870000000004,229.4126
2212,0.3738,0.013,0.3868,0.0696,0.9663908996897622,0.03360910031023785,20.184,8.7187,378.1842,358.0002,0.0,0.0,0.0,378.1841999999999,8.718699999999998,386.90289999999993,400.4069
2213,0.3394,0.0,0.3394,0.0611,1.0,0.0,19.0905,0.0248,30.091,11.0005,0.0,0.0,0.0,30.091000000000005,0.0248,30.115800000000004,30.115
2214,0.2499,0.0001,0.2499,0.045,1.0,0.00040016006402561027,14.6655,0.0417,45.6656,31.0001,0.0,0.0,0.0,45.66559999999999,0.0417,45.70729999999999,47.2065
2215,0.3045,0.0001,0.3046,0.0548,0.999671700590939,0.0003282994090610637,17.6805,0.0332,18.6807,1.0002,0.0,0.0,0.0,18.680699999999995,0.03320000000000001,18.713899999999995,19.7172
2216,0.1794,0.0039,0.1833,0.033,0.9787234042553192,0.02127659574468085,10.092,2.4479,211.0921,201.0001,0.0,0.0,0.0,211.0921,2.4479,213.54,230.5431
2217,0.0923,0.0043,0.0966,0.0174,0.9554865424430641,0.044513457556935816,5.1915,2.6048,182.1918,177.0003,0.0,0.0,0.0,182.19180000000003,2.6047999999999996,184.79660000000004,197.2934
2218,0.3737,0.0014,0.3751,0.0675,0.9962676619568115,0.003732338043188483,20.385,0.8981,274.3846,253.9996,0.0,0.0,0.0,274.3846,0.8981000000000001,275.2827,278.7835
2219,0.1358,0.001,0.1368,0.0246,0.9926900584795322,0.007309941520467836,7.3335,0.6082,132.3329,124.9994,0.0,0.0,0.0,132.3329,0.6082,132.9411,137.9408
2220,0.2475,0.0002,0.2476,0.0446,0.9995961227786754,0.0008077544426494346,13.6365,0.0981,24.6364,10.9999,0.0,0.0,0.0,24.636399999999995,0.09809999999999999,24.734499999999993,25.7375
2221,0.4738,0.0,0.4738,0.0853,1.0,0.0,25.0815,0.0131,43.0819,18.0004,0.0,0.0,0.0,43.0819,0.0131,43.095,43.099
2222,0.2013,0.0033,0.2046,0.0368,0.9838709677419355,0.016129032258064516,11.325,2.0167,396.325,385.0,0.0,0.0,0.0,396.325,2.0167,398.3417,405.8461
2223,0.2674,0.0001,0.2675,0.0481,0.9996261682242991,0.00037383177570093456,14.7345,0.0344,14.7341,0.0,0.0,0.0,0.0,14.734100000000003,0.0344,14.768500000000003,14.7653
2224,0.3315,0.0001,0.3316,0.0597,0.9996984318455971,0.0003015681544028951,18.6465,0.0401,56.6466,38.0001,0.0,0.0,0.0,56.64659999999999,0.0401,56.686699999999995,56.691
2225,0.4351,0.0011,0.4362,0.0785,0.9974782209995415,0.0025217790004585057,23.9745,0.7191,159.9742,135.9997,0.0,0.0,0.0,159.9742,0.7191000000000001,160.6933,167.1921
2226,0.0906,0.0005,0.0912,0.0164,0.9934210526315789,0.005482456140350877,5.046,0.3258,115.0461,110.0001,0.0,0.0,0.0,115.04609999999997,0.32580000000000003,115.37189999999997,121.3707
2227,0.1644,0.0031,0.1675,0.0302,0.9814925373134327,0.018507462686567163,9.06,1.9925,315.0599,305.9999,0.0,0.0,0.0,315.0598999999999,1.9925,317.0523999999999,328.5531
2228,0.0904,0.0002,0.0906,0.0163,0.9977924944812362,0.002207505518763797,5.1915,0.1587,16.1917,11.0002,0.0,0.0,0.0,16.1917,0.1587,16.3504,21.3515
2229,0.4682,0.0036,0.4719,0.0849,0.9921593557957195,0.007628734901462174,26.067,2.3481,146.0669,119.9999,0.0,0.0,0.0,146.06689999999998,2.3481,148.41499999999996,162.9181
2230,0.3105,0.001,0.3115,0.0561,0.9967897271268058,0.0032102728731942215,17.1105,0.6428,125.1102,107.9997,0.0,0.0,0.0,125.11019999999998,0.6427999999999999,125.75299999999997,129.7536
2231,0.3775,0.0007,0.3782,0.0681,0.998149127445796,0.0018508725542041248,20.385,0.4526,189.3846,168.9996,0.0,0.0,0.0,189.38460000000003,0.4526,189.83720000000002,195.8333
2232,0.4331,0.0009,0.434,0.0781,0.997926267281106,0.002073732718894009,22.707,0.5179,245.7071,223.0001,0.0,0.0,0.0,245.70710000000005,0.5179,246.22500000000005,253.2209
2233,0.1001,0.0012,0.1014,0.0182,0.9871794871794871,0.011834319526627217,5.574,0.7911,179.5737,173.9997,0.0,0.0,0.0,179.5737,0.7910999999999999,180.3648,185.3629
2234,0.2516,0.001,0.2526,0.0455,0.9960411718131433,0.003958828186856691,14.1525,0.6134,118.1523,103.9998,0.0,0.0,0.0,118.1523,0.6134,118.7657,123.2665
2235,0.3163,0.0001,0.3164,0.057,0.9996839443742099,0.0003160556257901391,18.171,0.077,98.1712,80.0002,0.0,0.0,0.0,98.1712,0.077,98.2482,100.7449
2236,0.2827,0.0006,0.2833,0.051,0.997882103776915,0.002117896223085069,15.576,0.3661,81.5757,65.9997,0.0,0.0,0.0,81.57570000000003,0.36610000000000004,81.94180000000003,85.9449
2237,0.37,0.0143,0.3843,0.0692,0.9627894873796513,0.03721051262034869,20.184,9.1436,432.1844,412.0004,0.0,0.0,0.0,432.1844,9.1436,441.328,454.3231
2238,0.4691,0.0063,0.4755,0.0856,0.986540483701367,0.013249211356466877,25.5885,4.0771,167.5881,141.9996,0.0,0.0,0.0,167.5881,4.0771,171.6652,175.1663
2239,0.4155,0.0005,0.4161,0.0749,0.9985580389329487,0.001201634222542658,21.999,0.3277,94.9985,72.9995,0.0,0.0,0.0,94.99849999999999,0.32769999999999994,95.32619999999999,97.3263
2240,0.35,0.0001,0.35,0.063,1.0,0.00028571428571428574,18.171,0.0429,37.1713,19.0003,0.0,0.0,0.0,37.1713,0.04290000000000001,37.214200000000005,37.2128
2241,0.3654,0.0012,0.3665,0.066,0.9969986357435198,0.0032742155525238743,20.7675,0.7423,246.7675,226.0,0.0,0.0,0.0,246.7675,0.7423000000000002,247.5098,252.0063
2242,0.101,0.0,0.101,0.0182,1.0,0.0,5.454,0.0257,8.4544,3.0004,0.0,0.0,0.0,8.4544,0.0257,8.4801,9.983
2243,0.1621,0.0013,0.1634,0.0294,0.9920440636474909,0.00795593635250918,8.841,0.7869,204.8404,195.9994,0.0,0.0,0.0,204.84040000000005,0.7868999999999998,205.62730000000005,213.6321
2244,0.2146,0.0051,0.2196,0.0395,0.9772313296903462,0.023224043715846996,11.586,3.1043,316.5852,304.9992,0.0,0.0,0.0,316.5852,3.1043000000000007,319.6895,331.1941
2245,0.0967,0.0211,0.1177,0.0212,0.8215802888700084,0.17926932880203908,5.328,13.9418,241.3272,235.9992,0.0,0.0,0.0,241.32719999999998,13.9418,255.26899999999998,265.768
2246,0.2647,0.0065,0.2712,0.0488,0.9760324483775811,0.023967551622418877,14.7345,3.8133,174.7336,159.9991,0.0,0.0,0.0,174.73360000000002,3.8133,178.54690000000002,187.0452
2247,0.2118,0.0135,0.2253,0.0406,0.9400798934753661,0.05992010652463382,11.793,8.2541,203.7937,192.0007,0.0,0.0,0.0,203.79370000000006,8.2541,212.04780000000005,226.0463
2248,0.1846,0.0012,0.1858,0.0334,0.9935414424111948,0.006458557588805166,10.383,0.6915,261.3837,251.0007,0.0,0.0,0.0,261.3837,0.6915,262.0752,269.5741
2249,0.3649,0.0004,0.3653,0.0657,0.9989050095811661,0.0010949904188338351,19.902,0.2336,59.902,40.0,0.0,0.0,0.0,59.901999999999994,0.2336,60.1356,60.1306
2250,0.166,0.0065,0.1725,0.031,0.9623188405797103,0.03768115942028986,9.435,4.0427,302.4349,292.9999,0.0,0.0,0.0,302.4348999999999,4.0427,306.47759999999994,317.9757
2251,0.1331,0.002,0.1351,0.0243,0.9851961509992598,0.014803849000740193,7.3335,1.2958,211.3329,203.9994,0.0,0.0,0.0,211.3329,1.2958000000000003,212.6287,224.1291
2252,0.1934,0.0054,0.1987,0.0358,0.9733266230498239,0.027176648213387018,10.6545,3.3304,332.655,322.0005,0.0,0.0,0.0,332.65500000000003,3.3303999999999996,335.9854,346.4902
2253,0.4049,0.0,0.4049,0.0729,1.0,0.0,21.228,0.028,26.2281,5.0001,0.0,0.0,0.0,26.22809999999999,0.027999999999999997,26.25609999999999,26.2542
2254,0.3769,0.0002,0.3771,0.0679,0.9994696367011403,0.0005303632988597189,20.7675,0.1417,44.7675,24.0,0.0,0.0,0.0,44.76750000000001,0.1417,44.90920000000001,44.9142
2255,0.2685,0.0004,0.2689,0.0484,0.998512458162886,0.001487541837114169,14.2155,0.2354,51.2157,37.0002,0.0,0.0,0.0,51.2157,0.23539999999999997,51.4511,51.4557
2256,0.196,0.0048,0.2008,0.0361,0.9760956175298805,0.023904382470119518,10.9095,2.9975,440.9093,429.9998,0.0,0.0,0.0,440.9093000000001,2.997500000000001,443.9068000000001,452.4091
2257,0.332,0.0102,0.3422,0.0616,0.9701928696668615,0.029807130333138518,18.87,6.5795,383.8695,364.9995,0.0,0.0,0.0,383.8695,6.579500000000001,390.449,402.4447
2258,0.3642,0.0007,0.3649,0.0657,0.9980816662099206,0.0019183337900794738,20.274,0.4431,110.2742,90.0002,0.0,0.0,0.0,110.27420000000002,0.4431,110.71730000000002,110.7182
2259,0.1073,0.0,0.1073,0.0193,1.0,0.0,5.793,0.015,8.7928,2.9998,0.0,0.0,0.0,8.7928,0.014999999999999998,8.8078,8.8031
2260,0.2081,0.0003,0.2085,0.0375,0.9980815347721823,0.0014388489208633094,11.586,0.2295,61.585,49.999,0.0,0.0,0.0,61.585,0.22949999999999998,61.8145,64.8177
2261,0.2775,0.0042,0.2817,0.0507,0.985090521831736,0.01490947816826411,15.138,2.6524,257.1382,242.0002,0.0,0.0,0.0,257.1382,2.6524,259.7906,273.2903
2262,0.2727,0.0001,0.2728,0.0491,0.999633431085044,0.0003665689149560118,16.3635,0.0529,16.3636,0.0001,0.0,0.0,0.0,16.363599999999998,0.052899999999999996,16.4165,16.4117
2263,0.4395,0.0006,0.4402,0.0792,0.998409813721036,0.0013630168105406633,23.9745,0.4023,99.9742,75.9997,0.0,0.0,0.0,99.9742,0.40230000000000005,100.3765,102.8739
2264,0.4715,0.0008,0.4722,0.085,0.9985175772977551,0.0016941973739940705,26.5215,0.493,60.5208,33.9993,0.0,0.0,0.0,60.52079999999999,0.49300000000000005,61.01379999999999,66.5099
2265,0.2682,0.0103,0.2784,0.0501,0.9633620689655172,0.03699712643678161,14.481,6.7821,405.4814,391.0004,0.0,0.0,0.0,405.48139999999995,6.782099999999999,412.26349999999996,423.2656
2266,0.3,0.0023,0.3023,0.0544,0.9923916639100231,0.007608336089976844,16.3635,1.4086,187.3636,171.0001,0.0,0.0,0.0,187.36360000000005,1.4085999999999999,188.77220000000005,194.2742
2267,0.3042,0.0,0.3042,0.0548,1.0,0.0,17.1105,0.0154,18.1101,0.9996,0.0,0.0,0.0,18.1101,0.0154,18.1255,18.129
2268,0.1533,0.0003,0.1536,0.0276,0.998046875,0.001953125,8.361,0.1994,39.3606,30.9996,0.0,0.0,0.0,39.360600000000005,0.19939999999999997,39.56,40.5576
2269,0.4409,0.0055,0.4464,0.0804,0.9876792114695341,0.012320788530465948,24.546,3.5558,334.5455,309.9995,0.0,0.0,0.0,334.54550000000006,3.5558,338.10130000000004,347.1026
2270,0.2592,0.0002,0.2594,0.0467,0.9992289899768696,0.0007710100231303007,14.7345,0.1318,14.7339,0.0,0.0,0.0,0.0,14.733900000000004,0.1318,14.865700000000004,15.369
2271,0.2995,0.0002,0.2997,0.0539,0.9993326659993326,0.000667334000667334,15.855,0.1254,74.8547,58.9997,0.0,0.0,0.0,74.85470000000001,0.12539999999999998,74.98010000000001,74.9842
2272,0.202,0.0107,0.2127,0.0383,0.9496944052656324,0.05030559473436765,10.9095,6.5335,184.9086,173.9991,0.0,0.0,0.0,184.90860000000004,6.533500000000001,191.44210000000004,199.9417
2273,0.2655,0.0009,0.2664,0.048,0.9966216216216216,0.003378378378378378,14.481,0.569,25.4816,11.0006,0.0,0.0,0.0,25.481599999999993,0.569,26.050599999999992,29.0512
2274,0.3636,0.0001,0.3637,0.0655,0.9997250481165795,0.00027495188342040145,21.8175,0.0586,39.818,18.0005,0.0,0.0,0.0,39.818,0.05859999999999999,39.876599999999996,39.8812
2275,0.2701,0.0001,0.2702,0.0486,0.9996299037749815,0.00037009622501850485,15.855,0.0369,18.8548,2.9998,0.0,0.0,0.0,18.854799999999997,0.0369,18.891699999999997,18.8898
2276,0.3186,0.0063,0.3249,0.0585,0.9806094182825484,0.019390581717451522,17.3775,4.1748,328.3778,311.0003,0.0,0.0,0.0,328.3778,4.1748,332.5526,336.5555
2277,0.245,0.0203,0.2653,0.0478,0.9234828496042217,0.07651715039577836,13.6365,13.2579,249.6364,235.9999,0.0,0.0,0.0,249.63639999999998,13.257900000000003,262.8943,275.3929
2278,0.3025,0.0025,0.305,0.0549,0.9918032786885246,0.00819672131147541,17.3775,1.6541,246.3779,229.0004,0.0,0.0,0.0,246.3779,1.6541,248.032,254.5338
2279,0.3473,0.0,0.3473,0.0625,1.0,0.0,20.385,0.0157,29.3844,8.9994,0.0,0.0,0.0,29.384400000000007,0.0157,29.400100000000005,29.3957
2280,0.3282,0.0002,0.3284,0.0591,0.9993909866017051,0.0006090133982947625,17.3775,0.1289,37.3778,20.0003,0.0,0.0,0.0,37.37780000000001,0.1289,37.50670000000001,39.0023
2281,0.2313,0.0022,0.2334,0.042,0.9910025706940875,0.009425878320479864,12.615,1.3169,244.6152,232.0002,0.0,0.0,0.0,244.61520000000004,1.3169000000000002,245.93210000000005,263.9343
2282,0.2336,0.0001,0.2337,0.0421,0.9995721009841678,0.00042789901583226365,12.615,0.0752,31.6151,19.0001,0.0,0.0,0.0,31.61510000000001,0.07519999999999999,31.690300000000008,31.6871
2283,0.0909,0.0,0.0909,0.0164,1.0,0.0,5.454,0.0133,17.4546,12.0006,0.0,0.0,0.0,17.454600000000003,0.0133,17.467900000000004,17.4657
2284,0.3105,0.0017,0.3123,0.0562,0.994236311239193,0.005443483829650976,17.1105,1.1092,107.11,89.9995,0.0,0.0,0.0,107.10999999999999,1.1092,108.21919999999999,115.2186
2285,0.3288,0.0016,0.3305,0.0595,0.9948562783661119,0.004841149773071104,18.12,1.0092,315.1195,296.9995,0.0,0.0,0.0,315.1195000000001,1.0091999999999999,316.1287000000001,324.6278
2286,0.1297,0.0004,0.1301,0.0234,0.9969254419677173,0.00307455803228286,7.0755,0.2635,17.0757,10.0002,0.0,0.0,0.0,17.0757,0.2635,17.3392,23.8348
2287,0.0939,0.0,0.094,0.0169,0.9989361702127659,0.0,5.574,0.0239,6.5737,0.9997,0.0,0.0,0.0,6.5737,0.0239,6.5976,7.0952
2288,0.1084,0.0004,0.1087,0.0196,0.9972401103955841,0.0036798528058877645,5.793,0.2293,57.7928,51.9998,0.0,0.0,0.0,57.792800000000014,0.2293,58.022100000000016,62.0258
2289,0.1611,0.013,0.1741,0.0313,0.9253302699597932,0.07466973004020677,9.06,8.3303,439.0599,429.9999,0.0,0.0,0.0,439.0598999999999,8.330300000000001,447.39019999999994,463.3901
2290,0.2343,0.004,0.2383,0.0429,0.9832144355853966,0.01678556441460344,13.3185,2.4785,459.3192,446.0007,0.0,0.0,0.0,459.31919999999997,2.4785,461.79769999999996,475.2946
2291,0.3419,0.0,0.3419,0.0615,1.0,0.0,18.6465,0.0142,36.6465,18.0,0.0,0.0,0.0,36.64649999999999,0.014199999999999999,36.66069999999999,37.663
2292,0.1485,0.0014,0.1499,0.027,0.990660440293529,0.00933955970647098,8.1825,0.8984,309.182,300.9995,0.0,0.0,0.0,309.182,0.8983999999999999,310.0804,314.0821
2293,0.2053,0.0,0.2053,0.037,1.0,0.0,11.793,0.0315,22.7937,11.0007,0.0,0.0,0.0,22.793700000000005,0.03150000000000001,22.825200000000006,23.323
2294,0.2973,0.0006,0.2979,0.0536,0.9979859013091642,0.002014098690835851,16.722,0.3643,76.7215,59.9995,0.0,0.0,0.0,76.7215,0.36430000000000007,77.0858,80.584
2295,0.4154,0.0114,0.4267,0.0768,0.9735176939301616,0.026716662760721818,23.364,6.9692,453.3632,429.9992,0.0,0.0,0.0,453.3632,6.969199999999999,460.3324,470.335
2296,0.3567,0.0281,0.3848,0.0693,0.926975051975052,0.07302494802494804,20.274,17.4236,727.2743,707.0003,0.0,0.0,0.0,727.2743,17.4236,744.6979,756.1945
2297,0.2966,0.0125,0.3091,0.0556,0.9595600129407958,0.040439987059204145,16.5105,7.8215,433.5108,417.0003,0.0,0.0,0.0,433.5108000000001,7.8215,441.3323000000001,453.3295
2298,0.404,0.0,0.404,0.0727,1.0,0.0,21.8175,0.0133,39.8181,18.0006,0.0,0.0,0.0,39.8181,0.013300000000000001,39.8314,39.8359
2299,0.4121,0.0,0.4121,0.0742,1.0,0.0,22.707,0.0229,24.7071,2.0001,0.0,0.0,0.0,24.707099999999997,0.022899999999999997,24.729999999999997,24.731
2300,0.1702,0.0003,0.1705,0.0307,0.998240469208211,0.001759530791788856,9.777,0.1597,53.7772,44.0002,0.0,0.0,0.0,53.77720000000001,0.1597,53.93690000000001,56.4378
2301,0.1532,0.0,0.1532,0.0276,1.0,0.0,8.529,0.0127,18.5294,10.0004,0.0,0.0,0.0,18.5294,0.012700000000000001,18.542099999999998,18.541
2302,0.1564,0.0008,0.1572,0.0283,0.994910941475827,0.005089058524173028,8.361,0.4927,92.3607,83.9997,0.0,0.0,0.0,92.36070000000001,0.4927000000000001,92.85340000000001,97.3534
2303,0.0897,0.0,0.0897,0.0162,1.0,0.0,5.046,0.021,10.046,5.0,0.0,0.0,0.0,10.045999999999994,0.021,10.066999999999995,10.0638
2304,0.3159,0.0029,0.3188,0.0574,0.9909033877038897,0.009096612296110414,17.0595,1.8107,231.0587,213.9992,0.0,0.0,0.0,231.05870000000007,1.8106999999999998,232.86940000000007,236.3722
2305,0.323,0.0001,0.3231,0.0582,0.9996904982977407,0.00030950170225936243,18.171,0.0462,23.1715,5.0005,0.0,0.0,0.0,23.171500000000005,0.046200000000000005,23.217700000000004,23.2219
2306,0.3391,0.0002,0.3392,0.0611,0.9997051886792453,0.0005896226415094339,19.902,0.1025,25.902,6.0,0.0,0.0,0.0,25.901999999999994,0.10250000000000002,26.004499999999993,26.0063
2307,0.2592,0.0118,0.271,0.0488,0.9564575645756457,0.04354243542435424,14.7345,7.3237,138.7338,123.9993,0.0,0.0,0.0,138.73380000000003,7.3237000000000005,146.05750000000003,160.0611
2308,0.1609,0.0028,0.1637,0.0295,0.9828955406230909,0.01710445937690898,8.6895,1.7201,276.6888,267.9993,0.0,0.0,0.0,276.6888,1.7201000000000002,278.4089,281.9041
2309,0.2555,0.0031,0.2585,0.0465,0.988394584139265,0.011992263056092842,13.935,1.8304,291.9342,277.9992,0.0,0.0,0.0,291.9342,1.8303999999999998,293.7646,296.7632
2310,0.147,0.0047,0.1517,0.0273,0.9690177982860909,0.030982201713909033,8.1825,2.9829,478.1824,469.9999,0.0,0.0,0.0,478.18240000000003,2.9829,481.1653,502.668
2311,0.1372,0.001,0.1382,0.0249,0.9927641099855282,0.007235890014471781,7.3335,0.59,219.3332,211.9997,0.0,0.0,0.0,219.3332,0.59,219.9232,226.4222
2312,0.2416,0.0141,0.2557,0.046,0.9448572545952288,0.055142745404771216,13.59,8.5163,356.5897,342.9997,0.0,0.0,0.0,356.5897,8.516300000000001,365.106,374.6017
2313,0.2106,0.0208,0.2314,0.0416,0.9101123595505619,0.0898876404494382,11.373,12.9821,399.3724,387.9994,0.0,0.0,0.0,399.37239999999997,12.982099999999999,412.3545,427.3531
2314,0.3948,0.0,0.3948,0.0711,1.0,0.0,23.1705,0.0157,24.1705,1.0,0.0,0.0,0.0,24.170499999999997,0.0157,24.186199999999996,24.1837
2315,0.3453,0.0001,0.3454,0.0622,0.9997104806022004,0.0002895193977996526,18.6465,0.0856,24.6465,6.0,0.0,0.0,0.0,24.646499999999996,0.08560000000000001,24.732099999999996,24.736
2316,0.102,0.0001,0.1021,0.0184,0.9990205680705191,0.0009794319294809011,5.454,0.0467,5.4546,0.0006,0.0,0.0,0.0,5.454599999999999,0.0467,5.5013,5.5001
2317,0.35,0.0012,0.3512,0.0632,0.9965831435079726,0.0034168564920273345,19.0905,0.7095,68.0908,49.0003,0.0,0.0,0.0,68.0908,0.7095,68.80030000000001,72.305
2318,0.2206,0.0016,0.2222,0.04,0.9927992799279928,0.0072007200720072,11.793,0.9534,209.7935,198.0005,0.0,0.0,0.0,209.79350000000002,0.9534,210.7469,216.2511
2319,0.2147,0.0007,0.2154,0.0388,0.9967502321262767,0.0032497678737233053,11.148,0.4161,94.1479,82.9999,0.0,0.0,0.0,94.1479,0.4161,94.56400000000001,96.5594
2320,0.297,0.018,0.3149,0.0567,0.9431565576373451,0.05716100349317243,17.0595,11.3839,697.0588,679.9993,0.0,0.0,0.0,697.0588,11.3839,708.4427000000001,718.4398
2321,0.4289,0.0164,0.4453,0.0802,0.9631708960251516,0.03682910397484842,22.707,10.4904,271.7072,249.0002,0.0,0.0,0.0,271.7072,10.4904,282.1976,296.1933
2322,0.2448,0.0015,0.2463,0.0443,0.9939098660170523,0.006090133982947625,14.2155,0.9633,141.2157,127.0002,0.0,0.0,0.0,141.2157,0.9632999999999999,142.179,143.6775
2323,0.098,0.0007,0.0986,0.0178,0.9939148073022314,0.007099391480730224,5.454,0.4182,118.4546,113.0006,0.0,0.0,0.0,118.45460000000003,0.41819999999999996,118.87280000000003,127.8741
2324,0.2003,0.0029,0.2031,0.0366,0.9862136878385032,0.014278680452978827,11.148,1.6754,159.1478,147.9998,0.0,0.0,0.0,159.14780000000002,1.6753999999999998,160.8232,164.3224
2325,0.4543,0.0001,0.4544,0.0818,0.9997799295774646,0.00022007042253521127,23.364,0.0757,23.363,0.0,0.0,0.0,0.0,23.363000000000007,0.07569999999999999,23.438700000000008,23.4416
2326,0.137,0.0011,0.1381,0.0249,0.992034757422158,0.007965242577842143,7.788,0.651,77.7877,69.9997,0.0,0.0,0.0,77.78769999999999,0.6510000000000001,78.43869999999998,84.9355
2327,0.4205,0.0066,0.4271,0.0769,0.9845469445094825,0.015453055490517445,23.1705,4.1111,172.1705,149.0,0.0,0.0,0.0,172.17050000000003,4.1111,176.28160000000003,186.2787
2328,0.2173,0.0001,0.2173,0.0391,1.0,0.0004601932811780948,12.615,0.044,19.6152,7.0002,0.0,0.0,0.0,19.6152,0.044000000000000004,19.659200000000002,20.6603
2329,0.4218,0.0,0.4218,0.0759,1.0,0.0,23.9745,0.0133,24.9738,0.9993,0.0,0.0,0.0,24.973800000000004,0.0133,24.987100000000005,24.9848
2330,0.424,0.0012,0.4252,0.0765,0.9971777986829726,0.002822201317027281,23.364,0.7689,130.3635,106.9995,0.0,0.0,0.0,130.36350000000004,0.7689,131.13240000000005,136.6315
2331,0.1032,0.0007,0.1039,0.0187,0.9932627526467757,0.006737247353224254,5.6865,0.4405,143.6864,137.9999,0.0,0.0,0.0,143.6864,0.4404999999999999,144.12689999999998,147.623
2332,0.2183,0.022,0.2403,0.0433,0.9084477736163129,0.09155222638368704,11.787,13.8106,411.7871,400.0001,0.0,0.0,0.0,411.7871,13.810599999999999,425.59770000000003,439.5929
2333,0.3604,0.0018,0.3623,0.0652,0.9947557272978195,0.0049682583494341705,20.274,1.1162,147.2741,127.0001,0.0,0.0,0.0,147.27410000000003,1.1161999999999999,148.39030000000002,151.3905
2334,0.1523,0.0132,0.1654,0.0298,0.9207980652962515,0.07980652962515115,8.841,8.4933,289.8401,280.9991,0.0,0.0,0.0,289.8401,8.493300000000001,298.3334,309.3309
2335,0.3707,0.0001,0.3708,0.0667,0.9997303128371088,0.00026968716289104636,21.999,0.0363,24.9986,2.9996,0.0,0.0,0.0,24.998599999999996,0.0363,25.034899999999997,25.0394
2336,0.501,0.0017,0.5026,0.0905,0.9968165539196179,0.003382411460405889,26.5215,1.0032,130.5206,103.9991,0.0,0.0,0.0,130.5206,1.0032,131.5238,136.52
2337,0.106,0.0,0.1061,0.0191,0.9990574929311969,0.0,5.454,0.0111,5.4545,0.0005,0.0,0.0,0.0,5.4544999999999995,0.011099999999999999,5.465599999999999,6.462
2338,0.2735,0.0,0.2736,0.0492,0.9996345029239766,0.0,14.481,0.0176,20.4815,6.0005,0.0,0.0,0.0,20.481499999999997,0.017599999999999998,20.4991,21.0028
2339,0.2081,0.0278,0.2359,0.0425,0.8821534548537516,0.1178465451462484,11.586,16.4194,233.5853,221.9993,0.0,0.0,0.0,233.58530000000002,16.4194,250.0047,274.0074
2340,0.3394,0.0,0.3394,0.0611,1.0,0.0,19.0905,0.0251,20.0908,1.0003,0.0,0.0,0.0,20.0908,0.0251,20.1159,20.1142
2341,0.3217,0.0,0.3217,0.0579,1.0,0.0,19.0905,0.0231,28.0912,9.0007,0.0,0.0,0.0,28.0912,0.0231,28.1143,28.1094
2342,0.2032,0.0008,0.204,0.0367,0.996078431372549,0.003921568627450981,10.6545,0.4549,34.6553,24.0008,0.0,0.0,0.0,34.6553,0.4549,35.1102,35.1091
2343,0.3867,0.0175,0.4042,0.0728,0.9567046016823354,0.043295398317664525,21.3105,11.8408,336.3105,315.0,0.0,0.0,0.0,336.31050000000005,11.840800000000002,348.15130000000005,364.1535
2344,0.3428,0.0244,0.3672,0.0661,0.9335511982570806,0.0664488017429194,19.902,16.137,273.9018,253.9998,0.0,0.0,0.0,273.9018,16.137000000000004,290.0388,300.0392
2345,0.1677,0.0009,0.1687,0.0304,0.99407231772377,0.005334914048606995,9.435,0.5356,41.4348,31.9998,0.0,0.0,0.0,41.43479999999998,0.5356000000000001,41.970399999999984,42.9716
2346,0.3331,0.0104,0.3435,0.0618,0.9697234352256185,0.030276564774381363,18.171,6.4592,337.1715,319.0005,0.0,0.0,0.0,337.17150000000015,6.4592,343.63070000000016,351.6316
2347,0.1506,0.0,0.1506,0.0271,1.0,0.0,8.841,0.0131,15.8406,6.9996,0.0,0.0,0.0,15.840599999999997,0.013099999999999999,15.853699999999996,15.8523
2348,0.4459,0.0004,0.4463,0.0803,0.9991037418776608,0.0008962581223392338,25.0815,0.2262,93.0819,68.0004,0.0,0.0,0.0,93.0819,0.22619999999999996,93.30810000000001,94.8121
2349,0.2632,0.0024,0.2657,0.0478,0.99059089198344,0.009032743695897629,14.2155,1.4954,263.2156,249.0001,0.0,0.0,0.0,263.2156,1.4953999999999998,264.711,267.2088
2350,0.1012,0.0025,0.1036,0.0187,0.9768339768339769,0.02413127413127413,5.574,1.5091,174.5737,168.9997,0.0,0.0,0.0,174.5737,1.5090999999999999,176.0828,185.5788
2351,0.1576,0.0,0.1576,0.0284,1.0,0.0,8.1825,0.0108,9.1819,0.9994,0.0,0.0,0.0,9.1819,0.0108,9.1927,9.1921
2352,0.3221,0.0138,0.336,0.0605,0.9586309523809523,0.04107142857142857,18.12,8.6608,455.1194,436.9994,0.0,0.0,0.0,455.1194,8.6608,463.7802,474.7837
2353,0.3264,0.018,0.3444,0.062,0.9477351916376308,0.05226480836236934,18.171,11.2856,252.1714,234.0004,0.0,0.0,0.0,252.17139999999998,11.285599999999999,263.457,280.4612
2354,0.4598,0.0193,0.4792,0.0863,0.9595158597662771,0.040275459098497494,25.0815,12.3227,483.0818,458.0003,0.0,0.0,0.0,483.08179999999993,12.322700000000001,495.4044999999999,506.9046
2355,0.2848,0.0,0.2848,0.0513,1.0,0.0,15.855,0.0081,15.8546,0.0,0.0,0.0,0.0,15.854600000000003,0.0081,15.862700000000004,16.3604
2356,0.2103,0.0236,0.2339,0.0421,0.8991021804189824,0.10089781958101753,11.586,14.6104,288.5854,276.9994,0.0,0.0,0.0,288.58539999999994,14.610399999999998,303.19579999999996,307.1914
2357,0.0847,0.0031,0.0878,0.0158,0.9646924829157175,0.03530751708428246,4.7175,1.8143,292.7175,288.0,0.0,0.0,0.0,292.7175000000001,1.8143000000000002,294.5318000000001,300.0286
2358,0.2253,0.0,0.2253,0.0406,1.0,0.0,11.586,0.0271,17.5855,5.9995,0.0,0.0,0.0,17.5855,0.027099999999999996,17.6126,17.6082
2359,0.1424,0.002,0.1445,0.026,0.9854671280276818,0.013840830449826992,8.1825,1.2517,188.1819,179.9994,0.0,0.0,0.0,188.1819,1.2516999999999998,189.4336,197.9333
2360,0.3907,0.0045,0.3952,0.0711,0.9886133603238866,0.01138663967611336,21.3105,2.8592,276.3105,255.0,0.0,0.0,0.0,276.31050000000005,2.8592,279.16970000000003,285.6663
2361,0.2492,0.0,0.2492,0.0448,1.0,0.0,13.59,0.0078,19.5896,5.9996,0.0,0.0,0.0,19.589599999999997,0.0078000000000000005,19.597399999999997,19.5965
2362,0.3884,0.0011,0.3895,0.0701,0.997175866495507,0.0028241335044929395,20.7675,0.6427,197.7673,176.9998,0.0,0.0,0.0,197.76730000000003,0.6427,198.41000000000003,201.9104
2363,0.129,0.0005,0.1294,0.0233,0.9969088098918085,0.0038639876352395677,7.569,0.2828,98.5691,91.0001,0.0,0.0,0.0,98.5691,0.2828,98.8519,98.8569
2364,0.2655,0.0014,0.2669,0.048,0.9947545897339827,0.005245410266017234,14.481,0.8707,35.4814,21.0004,0.0,0.0,0.0,35.4814,0.8706999999999998,36.3521,36.8492
2365,0.297,0.0014,0.2983,0.0537,0.995641971169963,0.004693261816962789,16.3635,0.8467,162.3637,146.0002,0.0,0.0,0.0,162.36370000000002,0.8466999999999999,163.21040000000002,167.2074
2366,0.1064,0.0007,0.107,0.0193,0.9943925233644859,0.0065420560747663555,5.6865,0.436,46.6865,41.0,0.0,0.0,0.0,46.68650000000001,0.436,47.12250000000001,53.6215
2367,0.4596,0.0058,0.4654,0.0838,0.9875376020627418,0.012462397937258273,25.5885,3.7279,240.588,214.9995,0.0,0.0,0.0,240.58800000000002,3.7279,244.31590000000003,253.3137
2368,0.3501,0.0003,0.3505,0.0631,0.9988587731811699,0.0008559201141226818,19.902,0.2169,115.902,96.0,0.0,0.0,0.0,115.90200000000002,0.21689999999999998,116.11890000000001,118.6214
2369,0.0865,0.0008,0.0873,0.0157,0.990836197021764,0.009163802978235968,4.7175,0.5005,139.7173,134.9998,0.0,0.0,0.0,139.71730000000002,0.5005000000000001,140.2178,144.2204
2370,0.2128,0.0001,0.2129,0.0383,0.9995302959135743,0.0004697040864255519,12.222,0.071,23.2212,10.9992,0.0,0.0,0.0,23.221199999999996,0.071,23.292199999999998,23.288
2371,0.411,0.0005,0.4116,0.0741,0.998542274052478,0.0012147716229348883,23.364,0.3187,120.3637,96.9997,0.0,0.0,0.0,120.36369999999997,0.3187,120.68239999999997,124.6871
2372,0.3456,0.0004,0.346,0.0623,0.9988439306358383,0.0011560693641618498,18.12,0.2466,40.1196,21.9996,0.0,0.0,0.0,40.11959999999999,0.2466,40.36619999999999,42.3625
2373,0.0865,0.0018,0.0882,0.0159,0.9807256235827664,0.02040816326530612,4.7175,1.1054,232.7175,228.0,0.0,0.0,0.0,232.71750000000006,1.1054000000000002,233.82290000000006,239.8213
2374,0.3613,0.0002,0.3614,0.0651,0.9997232982844494,0.0005534034311012729,19.509,0.1012,34.5085,14.9995,0.0,0.0,0.0,34.508500000000005,0.10119999999999998,34.609700000000004,34.6118
2375,0.3946,0.0006,0.3953,0.0711,0.9982291930179611,0.0015178345560333923,21.3105,0.4036,143.3105,122.0,0.0,0.0,0.0,143.3105,0.4036,143.7141,144.7175
2376,0.2816,0.0,0.2816,0.0507,1.0,0.0,14.481,0.013,14.4817,0.0007,0.0,0.0,0.0,14.481700000000004,0.013000000000000001,14.494700000000003,14.4987
2377,0.3829,0.0013,0.3843,0.0692,0.9963570127504555,0.0033827738745771533,21.999,0.8379,245.9987,223.9997,0.0,0.0,0.0,245.99869999999999,0.8378999999999999,246.83659999999998,253.3382
2378,0.078,0.0002,0.0782,0.0141,0.9974424552429667,0.002557544757033248,4.53,0.1013,4.53,0.0,0.0,0.0,0.0,4.529999999999999,0.10129999999999999,4.6312999999999995,5.1319
2379,0.3033,0.0052,0.3085,0.0555,0.9831442463533225,0.01685575364667747,17.0595,3.2375,343.0587,325.9992,0.0,0.0,0.0,343.05870000000004,3.2375,346.29620000000006,354.2929
2380,0.2013,0.0114,0.2127,0.0383,0.9464033850493654,0.0535966149506347,11.325,7.234,340.325,329.0,0.0,0.0,0.0,340.325,7.234000000000001,347.55899999999997,361.0575
2381,0.1923,0.0001,0.1924,0.0346,0.9994802494802495,0.0005197505197505198,10.383,0.0962,10.3839,0.0009,0.0,0.0,0.0,10.3839,0.0962,10.4801,10.978
2382,0.1258,0.0039,0.1297,0.0233,0.9699306090979182,0.030069390902081723,6.795,2.426,314.795,308.0,0.0,0.0,0.0,314.795,2.426,317.221,324.2251
2383,0.4412,0.0001,0.4413,0.0794,0.9997733967822342,0.00022660321776569228,25.0815,0.049,30.0821,5.0006,0.0,0.0,0.0,30.0821,0.049,30.1311,32.1312
2384,0.103,0.0121,0.1151,0.0207,0.894874022589053,0.10512597741094701,5.793,7.7549,155.7926,149.9996,0.0,0.0,0.0,155.7926,7.754899999999999,163.54749999999999,190.0438
2385,0.2942,0.0007,0.2949,0.0531,0.9976263140047474,0.002373685995252628,16.722,0.4283,100.7217,83.9997,0.0,0.0,0.0,100.7217,0.4283,101.14999999999999,103.153
2386,0.3389,0.0002,0.3392,0.061,0.9991155660377358,0.0005896226415094339,18.12,0.1555,32.1197,13.9997,0.0,0.0,0.0,32.119699999999995,0.1555,32.2752,32.7755
2387,0.3925,0.0,0.3925,0.0706,1.0,0.0,20.184,0.0202,22.1842,2.0002,0.0,0.0,0.0,22.184200000000004,0.020200000000000003,22.204400000000003,22.1997
2388,0.2477,0.0254,0.2731,0.0492,0.906993775173929,0.09300622482607103,13.935,16.2274,326.9347,312.9997,0.0,0.0,0.0,326.9346999999999,16.2274,343.1620999999999,362.1573
2389,0.1661,0.0155,0.1816,0.0327,0.914647577092511,0.08535242290748898,9.06,9.6904,686.06,677.0,0.0,0.0,0.0,686.0600000000004,9.6904,695.7504000000004,706.7498
2390,0.4043,0.0006,0.405,0.0729,0.9982716049382715,0.0014814814814814812,22.7445,0.4013,93.7452,71.0007,0.0,0.0,0.0,93.74520000000003,0.40129999999999993,94.14650000000003,99.6466
2391,0.1249,0.0002,0.1252,0.0225,0.9976038338658146,0.001597444089456869,7.3335,0.1441,61.3332,53.9997,0.0,0.0,0.0,61.333200000000005,0.14409999999999998,61.47730000000001,63.4794
2392,0.2055,0.0016,0.2071,0.0373,0.9922742636407532,0.007725736359246741,11.325,1.0084,165.325,154.0,0.0,0.0,0.0,165.325,1.0084000000000002,166.33339999999998,182.8316
2393,0.1923,0.0003,0.1926,0.0347,0.9984423676012462,0.001557632398753894,10.383,0.182,45.3835,35.0005,0.0,0.0,0.0,45.3835,0.182,45.5655,47.0663
2394,0.1457,0.002,0.1477,0.0266,0.98645903859174,0.013540961408259987,7.788,1.3471,177.7879,169.9999,0.0,0.0,0.0,177.78790000000006,1.3471,179.13500000000008,185.135
2395,0.4136,0.0,0.4137,0.0745,0.9997582789460963,0.0,24.546,0.0256,27.5455,2.9995,0.0,0.0,0.0,27.545500000000004,0.025599999999999998,27.571100000000005,27.5748
2396,0.2008,0.0004,0.2012,0.0362,0.9980119284294235,0.001988071570576541,11.787,0.259,39.7871,28.0001,0.0,0.0,0.0,39.78710000000001,0.259,40.04610000000001,44.0429
2397,0.3097,0.0058,0.3154,0.0568,0.9819277108433734,0.018389346861128725,16.722,3.6071,273.7217,256.9997,0.0,0.0,0.0,273.7217,3.6070999999999995,277.3288,285.3245
2398,0.0949,0.0003,0.0953,0.0171,0.9958027282266527,0.003147953830010493,5.454,0.1913,48.4543,43.0003,0.0,0.0,0.0,48.45429999999999,0.19130000000000003,48.64559999999999,48.6469
2399,0.2592,0.0034,0.2627,0.0473,0.9866768176627332,0.012942519984773505,14.7345,2.1417,301.7339,286.9994,0.0,0.0,0.0,301.7339,2.1416999999999997,303.8756,311.3742
2400,0.1421,0.009,0.1511,0.0272,0.9404367968232957,0.05956320317670416,7.992,5.6936,318.9914,310.9994,0.0,0.0,0.0,318.9914,5.6936,324.685,340.6844
2401,0.0905,0.0022,0.0927,0.0167,0.9762675296655878,0.023732470334412083,4.8885,1.3262,238.8887,234.0002,0.0,0.0,0.0,238.88869999999991,1.3261999999999998,240.21489999999991,245.7191
2402,0.3097,0.0111,0.3207,0.0577,0.9657000311817898,0.034611786716557534,16.722,7.1091,374.7216,357.9996,0.0,0.0,0.0,374.7216,7.1091,381.83070000000004,392.8278
2403,0.2803,0.0,0.2804,0.0505,0.9996433666191156,0.0,15.138,0.0204,21.1381,6.0001,0.0,0.0,0.0,21.138099999999998,0.0204,21.158499999999997,22.1615
2404,0.3404,0.001,0.3414,0.0615,0.997070884592853,0.0029291154071470417,19.554,0.6168,140.5543,121.0003,0.0,0.0,0.0,140.55429999999996,0.6168,141.17109999999997,144.6759
2405,0.3159,0.0,0.316,0.0569,0.9996835443037975,0.0,17.0595,0.0275,22.0588,4.9993,0.0,0.0,0.0,22.058799999999998,0.0275,22.086299999999998,22.0906
2406,0.328,0.0006,0.3286,0.0592,0.9981740718198417,0.001825928180158247,18.6465,0.4009,82.6466,64.0001,0.0,0.0,0.0,82.64659999999998,0.40090000000000003,83.04749999999999,85.5485
2407,0.4182,0.0001,0.4183,0.0753,0.9997609371264643,0.0002390628735357399,24.546,0.0422,24.5455,0.0,0.0,0.0,0.0,24.54550000000001,0.042199999999999994,24.587700000000012,24.5856
2408,0.083,0.0002,0.0832,0.015,0.997596153846154,0.002403846153846154,4.7175,0.1377,25.7175,21.0,0.0,0.0,0.0,25.717499999999994,0.1377,25.855199999999993,27.8553
2409,0.3995,0.0069,0.4064,0.0731,0.9830216535433072,0.016978346456692914,22.707,4.4117,210.7072,188.0002,0.0,0.0,0.0,210.70720000000003,4.411700000000001,215.11890000000002,221.1211
2410,0.3211,0.0001,0.3213,0.0578,0.9993775287892935,0.0003112356053532524,18.6465,0.0858,21.6465,3.0,0.0,0.0,0.0,21.646499999999996,0.08580000000000002,21.732299999999995,21.7364
2411,0.4409,0.0023,0.4432,0.0798,0.9948104693140795,0.005189530685920578,24.546,1.3313,192.5453,167.9993,0.0,0.0,0.0,192.54530000000005,1.3313,193.87660000000005,200.8787
2412,0.2628,0.0015,0.2643,0.0476,0.9943246311010215,0.005675368898978434,14.481,0.8705,99.4814,85.0004,0.0,0.0,0.0,99.48140000000002,0.8704999999999998,100.35190000000003,105.8509
2413,0.3494,0.0,0.3495,0.0629,0.9997138769670959,0.0,18.87,0.0169,21.8698,2.9998,0.0,0.0,0.0,21.869799999999994,0.0169,21.886699999999994,22.3818
2414,0.404,0.0001,0.4041,0.0727,0.9997525365008662,0.00024746349913387774,23.9745,0.0448,29.9743,5.9998,0.0,0.0,0.0,29.974300000000007,0.04479999999999999,30.019100000000005,30.5233
2415,0.1577,0.0004,0.1581,0.0285,0.9974699557242253,0.0025300442757748265,8.6895,0.2279,77.6889,68.9994,0.0,0.0,0.0,77.68890000000002,0.2279,77.91680000000002,80.9185
2416,0.3264,0.0001,0.3265,0.0588,0.9996937212863707,0.00030627871362940275,17.1105,0.0809,33.1103,15.9998,0.0,0.0,0.0,33.110299999999995,0.0809,33.191199999999995,33.1936
2417,0.15,0.0004,0.1504,0.0271,0.9973404255319148,0.0026595744680851063,8.1825,0.2208,56.1818,47.9993,0.0,0.0,0.0,56.181799999999996,0.2208,56.40259999999999,59.9047
2418,0.2043,0.0036,0.2079,0.0374,0.9826839826839827,0.017316017316017316,11.373,2.1465,233.3726,221.9996,0.0,0.0,0.0,233.37259999999998,2.1464999999999996,235.51909999999998,240.5143
2419,0.2879,0.0094,0.2972,0.0535,0.9687079407806191,0.03162853297442799,16.3635,5.7134,368.3635,352.0,0.0,0.0,0.0,368.3635,5.713400000000001,374.07689999999997,380.5766
2420,0.1037,0.0,0.1037,0.0187,1.0,0.0,5.8935,0.0273,5.8935,0.0,0.0,0.0,0.0,5.8935,0.0273,5.920800000000001,5.9206
2421,0.3288,0.0,0.3288,0.0592,1.0,0.0,19.509,0.012,21.5081,1.9991,0.0,0.0,0.0,21.508099999999995,0.011999999999999999,21.520099999999996,21.5225
2422,0.3829,0.0,0.383,0.0689,0.9997389033942559,0.0,21.999,0.0091,27.9987,5.9997,0.0,0.0,0.0,27.998699999999996,0.0091,28.007799999999996,28.0113
2423,0.2841,0.0,0.2842,0.0511,0.9996481351161155,0.0,15.9825,0.011,19.9826,4.0001,0.0,0.0,0.0,19.9826,0.011,19.9936,19.9966
2424,0.159,0.0,0.159,0.0286,1.0,0.0,9.435,0.0321,10.4349,0.9999,0.0,0.0,0.0,10.434899999999997,0.0321,10.466999999999997,10.4622
2425,0.3282,0.0007,0.329,0.0592,0.9975683890577507,0.002127659574468085,17.3775,0.4826,75.3779,58.0004,0.0,0.0,0.0,75.37790000000001,0.4826,75.86050000000002,77.3601
2426,0.3331,0.0012,0.3343,0.0602,0.9964104098115466,0.0035895901884534847,18.171,0.6897,70.1713,52.0003,0.0,0.0,0.0,70.1713,0.6897,70.861,80.8569
2427,0.4086,0.0174,0.426,0.0767,0.9591549295774648,0.04084507042253521,22.7445,11.5725,154.7452,132.0007,0.0,0.0,0.0,154.74520000000004,11.572500000000002,166.31770000000003,186.3186
2428,0.2231,0.0001,0.2232,0.0402,0.9995519713261648,0.00044802867383512545,11.586,0.0664,12.5854,0.9994,0.0,0.0,0.0,12.585399999999996,0.0664,12.651799999999996,12.6513
2429,0.3535,0.0014,0.3549,0.0639,0.9960552268244576,0.0039447731755424065,19.0905,0.8811,128.0908,109.0003,0.0,0.0,0.0,128.0908,0.8811,128.9719,133.4768
2430,0.2001,0.0003,0.2004,0.0361,0.9985029940119761,0.001497005988023952,11.373,0.2119,44.3722,32.9992,0.0,0.0,0.0,44.372200000000014,0.21190000000000003,44.584100000000014,44.5862
2431,0.1548,0.0002,0.155,0.0279,0.9987096774193548,0.0012903225806451613,8.361,0.1107,40.3607,31.9997,0.0,0.0,0.0,40.36070000000001,0.1107,40.47140000000001,40.4764
2432,0.296,0.0046,0.3006,0.0541,0.9846972721224219,0.015302727877578177,15.9825,2.9814,371.9828,356.0003,0.0,0.0,0.0,371.98279999999994,2.9813999999999994,374.96419999999995,383.9689
2433,0.301,0.0008,0.3018,0.0543,0.9973492379058979,0.0026507620941020544,17.1105,0.4963,238.1103,220.9998,0.0,0.0,0.0,238.11030000000005,0.4963,238.60660000000004,241.1027
2434,0.1485,0.0026,0.1511,0.0272,0.9827928524156186,0.017207147584381202,8.1825,1.669,168.1819,159.9994,0.0,0.0,0.0,168.1819,1.669,169.85090000000002,174.3483
2435,0.3649,0.0,0.3649,0.0657,1.0,0.0,19.509,0.0243,19.5084,0.0,0.0,0.0,0.0,19.508399999999995,0.024300000000000002,19.532699999999995,19.537
2436,0.4104,0.0002,0.4105,0.0739,0.9997563946406821,0.00048721071863581006,23.574,0.1198,39.574,16.0,0.0,0.0,0.0,39.57400000000001,0.1198,39.69380000000001,40.6938
2437,0.3852,0.002,0.3873,0.0697,0.994577846630519,0.005163955589981927,21.228,1.1849,130.2283,109.0003,0.0,0.0,0.0,130.2283,1.1849,131.4132,138.9122
2438,0.1424,0.0003,0.1428,0.0257,0.9971988795518206,0.0021008403361344533,8.1825,0.2007,44.1817,35.9992,0.0,0.0,0.0,44.1817,0.2007,44.3824,46.8837
2439,0.0961,0.0041,0.1002,0.018,0.9590818363273453,0.040918163672654696,5.1915,2.5128,238.1917,233.0002,0.0,0.0,0.0,238.19170000000005,2.5128,240.70450000000005,246.7062
2440,0.4596,0.0001,0.4597,0.0827,0.999782466826191,0.00021753317380900588,25.5885,0.0388,30.5882,4.9997,0.0,0.0,0.0,30.588199999999997,0.0388,30.626999999999995,30.6243
2441,0.3992,0.0002,0.3995,0.0719,0.9992490613266582,0.0005006257822277847,21.999,0.1385,64.9986,42.9996,0.0,0.0,0.0,64.99859999999998,0.13849999999999998,65.13709999999998,65.6321
2442,0.18,0.0001,0.18,0.0324,1.0,0.0005555555555555556,9.435,0.037,9.4347,0.0,0.0,0.0,0.0,9.434699999999998,0.037,9.471699999999998,9.4741
2443,0.1515,0.0078,0.1594,0.0287,0.9504391468005019,0.04893350062735258,8.1825,5.0042,319.1818,310.9993,0.0,0.0,0.0,319.18180000000007,5.0042,324.1860000000001,335.6838
2444,0.3468,0.0001,0.3469,0.0624,0.9997117324877487,0.0002882675122513693,19.509,0.0579,57.5081,37.9991,0.0,0.0,0.0,57.5081,0.05790000000000001,57.565999999999995,57.5634
2445,0.4827,0.007,0.4897,0.0881,0.9857055340004084,0.014294465999591586,26.067,4.5779,400.0669,373.9999,0.0,0.0,0.0,400.0668999999999,4.5779,404.6447999999999,411.642
2446,0.2542,0.0,0.2542,0.0458,1.0,0.0,13.59,0.0289,24.5898,10.9998,0.0,0.0,0.0,24.589799999999993,0.0289,24.618699999999993,24.6187
2447,0.1284,0.0002,0.1286,0.0232,0.9984447900466562,0.0015552099533437016,7.0755,0.1415,20.0762,13.0007,0.0,0.0,0.0,20.0762,0.14150000000000001,20.2177,20.2207
2448,0.1486,0.0008,0.1494,0.0269,0.9946452476572959,0.00535475234270415,8.361,0.4848,121.3608,112.9998,0.0,0.0,0.0,121.36080000000001,0.4848,121.84560000000002,122.8482
2449,0.1908,0.0,0.1909,0.0344,0.999476165531692,0.0,11.325,0.0144,12.3248,0.9998,0.0,0.0,0.0,12.3248,0.0144,12.3392,12.3378
2450,0.1644,0.0003,0.1648,0.0297,0.9975728155339805,0.001820388349514563,9.06,0.2114,41.0599,31.9999,0.0,0.0,0.0,41.05989999999999,0.2114,41.27129999999999,44.2726
2451,0.4644,0.0004,0.4648,0.0837,0.9991394148020654,0.0008605851979345956,25.5885,0.2387,27.588,1.9995,0.0,0.0,0.0,27.588,0.2387,27.826700000000002,29.3311
2452,0.4128,0.0056,0.4183,0.0753,0.9868515419555343,0.013387520918001434,22.7445,3.4359,202.745,180.0005,0.0,0.0,0.0,202.745,3.4359,206.1809,213.1849
2453,0.1471,0.0008,0.1479,0.0266,0.9945909398242055,0.005409060175794456,8.361,0.4872,97.3607,88.9997,0.0,0.0,0.0,97.36070000000001,0.4872000000000001,97.84790000000001,99.8445
2454,0.3604,0.0033,0.3637,0.0655,0.9909265878471267,0.009073412152873246,20.274,2.0338,99.2742,79.0002,0.0,0.0,0.0,99.27420000000001,2.0338,101.308,108.8087
2455,0.0941,0.0001,0.0942,0.017,0.9989384288747346,0.0010615711252653928,4.8885,0.061,19.8885,15.0,0.0,0.0,0.0,19.888500000000008,0.061,19.949500000000008,19.9473
2456,0.1884,0.0045,0.193,0.0347,0.9761658031088083,0.0233160621761658,10.383,2.8615,236.3834,226.0004,0.0,0.0,0.0,236.3834,2.8614999999999995,239.2449,247.7425
2457,0.3238,0.0073,0.331,0.0596,0.9782477341389727,0.022054380664652568,17.661,4.4025,254.6615,237.0005,0.0,0.0,0.0,254.66150000000002,4.402499999999999,259.064,273.0675
2458,0.3172,0.0,0.3173,0.0571,0.9996848408446264,0.0,17.661,0.0113,17.6611,0.0001,0.0,0.0,0.0,17.6611,0.0113,17.6724,17.6757
2459,0.4278,0.0015,0.4293,0.0773,0.9965059399021663,0.0034940600978336828,23.574,0.9515,148.5741,125.0001,0.0,0.0,0.0,148.5741,0.9514999999999999,149.5256,154.5281
2460,0.2659,0.0001,0.266,0.0479,0.999624060150376,0.00037593984962406017,14.2155,0.0448,25.2156,11.0001,0.0,0.0,0.0,25.21560000000001,0.0448,25.260400000000008,25.2569
2461,0.4666,0.0,0.4666,0.084,1.0,0.0,26.5215,0.0161,36.5209,9.9994,0.0,0.0,0.0,36.5209,0.0161,36.537,36.5363
2462,0.0925,0.0005,0.093,0.0167,0.9946236559139785,0.005376344086021506,5.046,0.2918,80.0462,75.0002,0.0,0.0,0.0,80.0462,0.2918,80.338,82.8332
2463,0.2265,0.0002,0.2267,0.0408,0.9991177767975298,0.000882223202470225,13.59,0.1196,43.5896,29.9996,0.0,0.0,0.0,43.589600000000004,0.11959999999999998,43.7092,43.709
2464,0.185,0.0017,0.1868,0.0336,0.9903640256959315,0.009100642398286937,10.092,1.1028,432.092,422.0,0.0,0.0,0.0,432.0919999999999,1.1028000000000002,433.19479999999993,438.1942
2465,0.2031,0.0001,0.2032,0.0366,0.999507874015748,0.0004921259842519685,11.793,0.0652,40.7932,29.0002,0.0,0.0,0.0,40.793200000000006,0.06520000000000001,40.8584,41.8608
2466,0.202,0.0047,0.2067,0.0372,0.9772617319787132,0.02273826802128689,10.9095,2.984,366.9091,355.9996,0.0,0.0,0.0,366.90909999999997,2.984,369.89309999999995,379.8978
2467,0.3952,0.002,0.3972,0.0715,0.9949647532729103,0.005035246727089627,21.999,1.2692,319.9983,297.9993,0.0,0.0,0.0,319.9983,1.2692,321.2675,324.2663
2468,0.0833,0.0005,0.0838,0.0151,0.9940334128878282,0.0059665871121718375,4.8885,0.2979,18.8885,14.0,0.0,0.0,0.0,18.888500000000008,0.2979,19.186400000000006,20.1911
2469,0.5157,0.0,0.5157,0.0928,1.0,0.0,26.5215,0.032,26.5209,0.0,0.0,0.0,0.0,26.520900000000005,0.032,26.552900000000005,26.5548
2470,0.4409,0.0054,0.4463,0.0803,0.9879005153484204,0.012099484651579655,24.546,3.5676,365.5456,340.9996,0.0,0.0,0.0,365.5455999999999,3.5676000000000005,369.11319999999995,377.6156
2471,0.3911,0.0004,0.3915,0.0705,0.998978288633461,0.0010217113665389529,21.999,0.2757,116.9987,94.9997,0.0,0.0,0.0,116.99869999999999,0.2757,117.27439999999999,121.2735
2472,0.086,0.0002,0.0862,0.0155,0.9976798143851507,0.0023201856148491883,4.8885,0.1627,12.8885,8.0,0.0,0.0,0.0,12.888500000000004,0.16269999999999996,13.051200000000003,14.5463
2473,0.3964,0.005,0.4014,0.0722,0.9875435974090683,0.01245640259093174,22.296,3.063,466.2951,443.9991,0.0,0.0,0.0,466.29510000000016,3.0629999999999997,469.35810000000015,480.8564
2474,0.4459,0.0015,0.4473,0.0805,0.996870109546166,0.00335345405767941,25.0815,0.8894,134.0822,109.0007,0.0,0.0,0.0,134.08220000000003,0.8893999999999999,134.97160000000002,138.9672
2475,0.4739,0.0,0.4739,0.0853,1.0,0.0,25.5885,0.0275,40.5882,14.9997,0.0,0.0,0.0,40.5882,0.0275,40.615700000000004,40.6194
2476,0.4046,0.005,0.4096,0.0737,0.98779296875,0.01220703125,22.296,3.3822,252.2955,229.9995,0.0,0.0,0.0,252.2955,3.3822,255.67770000000002,260.682
2477,0.3774,0.001,0.3783,0.0681,0.9976209357652657,0.002643404705260375,21.228,0.6105,98.2283,77.0003,0.0,0.0,0.0,98.22829999999999,0.6105,98.83879999999999,102.8387
2478,0.2161,0.0127,0.2288,0.0412,0.9444930069930069,0.055506993006993,11.787,8.6342,452.7871,441.0001,0.0,0.0,0.0,452.78709999999995,8.6342,461.4213,470.9166
2479,0.1,0.0011,0.1011,0.0182,0.9891196834817014,0.010880316518298716,5.454,0.7429,180.4545,175.0005,0.0,0.0,0.0,180.4545,0.7428999999999999,181.1974,184.6986
2480,0.4739,0.0104,0.4843,0.0872,0.9785257072062771,0.0214742927937229,25.5885,6.42,458.5883,432.9998,0.0,0.0,0.0,458.5882999999999,6.42,465.0082999999999,477.006
2481,0.3465,0.0004,0.3468,0.0624,0.9991349480968857,0.0011534025374855825,19.0905,0.2253,26.0909,7.0004,0.0,0.0,0.0,26.090900000000005,0.2253,26.316200000000006,26.3181
2482,0.1245,0.0,0.1245,0.0224,1.0,0.0,7.0755,0.0178,21.0762,14.0007,0.0,0.0,0.0,21.076200000000007,0.0178,21.09400000000001,21.0973
2483,0.3642,0.0137,0.3778,0.068,0.9640021175224986,0.03626257278983589,20.274,8.6625,172.2741,152.0001,0.0,0.0,0.0,172.2741,8.6625,180.9366,192.9407
2484,0.1344,0.0072,0.1416,0.0255,0.9491525423728813,0.05084745762711864,7.3335,4.4602,255.3331,247.9996,0.0,0.0,0.0,255.3331,4.4602,259.7933,269.7913
2485,0.3782,0.0252,0.4034,0.0726,0.9375309866137829,0.06246901338621716,20.628,16.0274,213.6274,192.9994,0.0,0.0,0.0,213.62740000000002,16.027400000000004,229.65480000000002,246.1597
2486,0.4636,0.0006,0.4643,0.0836,0.9984923540814129,0.0012922679302175316,24.546,0.3654,73.5457,48.9997,0.0,0.0,0.0,73.5457,0.36540000000000006,73.91109999999999,75.9099
2487,0.2173,0.0001,0.2173,0.0391,1.0,0.0004601932811780948,12.222,0.0384,18.2216,5.9996,0.0,0.0,0.0,18.2216,0.0384,18.259999999999998,18.2593
2488,0.4409,0.0026,0.4435,0.0798,0.9941375422773394,0.005862457722660653,24.546,1.5797,290.5457,265.9997,0.0,0.0,0.0,290.5457,1.5797,292.1254,299.6247
2489,0.4197,0.0053,0.425,0.0765,0.987529411764706,0.012470588235294119,23.364,3.3279,224.3629,200.9989,0.0,0.0,0.0,224.36290000000002,3.3279,227.69080000000002,233.189
2490,0.2607,0.001,0.2617,0.0471,0.996178830722201,0.0038211692777990066,15.138,0.6468,92.1383,77.0003,0.0,0.0,0.0,92.13830000000004,0.6468000000000002,92.78510000000004,99.7827
2491,0.216,0.0,0.2161,0.0389,0.9995372512725591,0.0,11.325,0.0265,13.3248,1.9998,0.0,0.0,0.0,13.324800000000005,0.026499999999999996,13.351300000000005,13.353
2492,0.4682,0.0008,0.469,0.0844,0.9982942430703625,0.0017057569296375268,26.067,0.459,81.067,55.0,0.0,0.0,0.0,81.06699999999998,0.45899999999999996,81.52599999999998,82.5222
2493,0.3662,0.0015,0.3677,0.0662,0.9959205874354093,0.004079412564590699,20.385,1.0347,119.3847,98.9997,0.0,0.0,0.0,119.38470000000001,1.0347000000000002,120.41940000000001,124.9213
2494,0.0814,0.0137,0.095,0.0171,0.8568421052631578,0.14421052631578948,4.53,8.9033,444.53,440.0,0.0,0.0,0.0,444.5300000000002,8.9033,453.4333000000002,460.9368
2495,0.1026,0.0079,0.1105,0.0199,0.9285067873303167,0.07149321266968327,5.8935,4.7107,166.8935,161.0,0.0,0.0,0.0,166.8935,4.7107,171.6042,182.1
2496,0.0888,0.0142,0.1029,0.0185,0.8629737609329446,0.1379980563654033,5.046,9.0187,356.046,351.0,0.0,0.0,0.0,356.04600000000005,9.018699999999999,365.0647000000001,371.0633
2497,0.1374,0.0011,0.1384,0.0249,0.9927745664739884,0.007947976878612718,7.569,0.6646,89.5691,82.0001,0.0,0.0,0.0,89.5691,0.6646000000000002,90.23370000000001,91.2346
2498,0.2719,0.0023,0.2742,0.0494,0.9916119620714806,0.008388037928519328,15.138,1.4079,314.1383,299.0003,0.0,0.0,0.0,314.1383,1.4079,315.5462,322.0491
2499,0.3973,0.0001,0.3974,0.0715,0.9997483643683945,0.0002516356316054354,20.628,0.0555,21.6272,0.9992,0.0,0.0,0.0,21.6272,0.0555,21.682699999999997,21.6846
2500,0.4235,0.0,0.4235,0.0762,1.0,0.0,23.574,0.0305,27.5741,4.0001,0.0,0.0,0.0,27.5741,0.030500000000000003,27.6046,28.1006
2501,0.4573,0.0003,0.4576,0.0824,0.9993444055944055,0.0006555944055944055,23.9745,0.1905,48.974,24.9995,0.0,0.0,0.0,48.974000000000004,0.19050000000000003,49.164500000000004,50.1656
2502,0.4128,0.0112,0.424,0.0763,0.9735849056603774,0.026415094339622643,22.7445,7.1065,282.7447,260.0002,0.0,0.0,0.0,282.74469999999997,7.1065,289.85119999999995,305.3527
2503,0.1555,0.0,0.1556,0.028,0.9993573264781491,0.0,8.841,0.0186,8.8403,0.0,0.0,0.0,0.0,8.840300000000001,0.018600000000000002,8.8589,8.8607
2504,0.1702,0.0134,0.1836,0.033,0.9270152505446622,0.07298474945533769,9.777,9.1656,547.7773,538.0003,0.0,0.0,0.0,547.7772999999997,9.1656,556.9428999999998,571.9382
2505,0.325,0.0001,0.3251,0.0585,0.9996924023377423,0.00030759766225776686,17.3775,0.0314,29.3775,12.0,0.0,0.0,0.0,29.3775,0.0314,29.408900000000003,29.4083
2506,0.3722,0.0008,0.373,0.0671,0.9978552278820375,0.0021447721179624667,19.902,0.4855,68.9019,48.9999,0.0,0.0,0.0,68.90190000000003,0.4855,69.38740000000003,71.3903
2507,0.3359,0.0024,0.3382,0.0609,0.9931992903607332,0.00709639266706091,19.0905,1.494,215.091,196.0005,0.0,0.0,0.0,215.09099999999998,1.4939999999999998,216.58499999999998,221.5805
2508,0.3626,0.009,0.3715,0.0669,0.9760430686406459,0.024226110363391652,20.184,5.4793,260.184,240.0,0.0,0.0,0.0,260.1839999999999,5.479299999999999,265.66329999999994,286.1616
2509,0.4645,0.0033,0.4678,0.0842,0.9929457032920052,0.00705429670799487,25.0815,2.0119,247.082,222.0005,0.0,0.0,0.0,247.08200000000002,2.0119,249.09390000000002,252.0897
2510,0.1627,0.0039,0.1666,0.03,0.9765906362545019,0.023409363745498197,9.06,2.4353,299.0598,289.9998,0.0,0.0,0.0,299.0598,2.4353000000000002,301.4951,302.9988
2511,0.4454,0.0002,0.4456,0.0802,0.9995511669658887,0.0004488330341113106,25.5885,0.1107,30.588,4.9995,0.0,0.0,0.0,30.587999999999997,0.1107,30.6987,30.7035
2512,0.0847,0.0141,0.0988,0.0178,0.8572874493927125,0.14271255060728744,4.7175,9.1773,338.7175,334.0,0.0,0.0,0.0,338.7175000000001,9.177299999999999,347.8948000000001,355.3969
2513,0.3009,0.0003,0.3012,0.0542,0.9990039840637449,0.0009960159362549798,17.661,0.1653,46.6614,29.0004,0.0,0.0,0.0,46.66140000000001,0.16530000000000003,46.82670000000001,48.8284
2514,0.4666,0.0008,0.4674,0.0841,0.9982884039366711,0.0017115960633290546,26.5215,0.4869,147.5209,120.9994,0.0,0.0,0.0,147.5209,0.48690000000000005,148.0078,151.5107
2515,0.323,0.0023,0.3254,0.0586,0.9926244622003687,0.007068223724646589,18.171,1.4402,101.1717,83.0007,0.0,0.0,0.0,101.1717,1.4402,102.6119,109.6125
2516,0.2437,0.0,0.2437,0.0439,1.0,0.0,14.1525,0.0074,14.1522,0.0,0.0,0.0,0.0,14.152200000000002,0.0073999999999999995,14.159600000000003,14.1586
2517,0.1277,0.0005,0.1281,0.0231,0.9968774395003904,0.0039032006245121004,7.3335,0.3212,38.3328,30.9993,0.0,0.0,0.0,38.33279999999999,0.3212,38.65399999999999,42.1522
2518,0.2428,0.0,0.2428,0.0437,1.0,0.0,12.9795,0.0185,13.9796,1.0001,0.0,0.0,0.0,13.979599999999996,0.018500000000000003,13.998099999999996,13.9967
2519,0.107,0.0026,0.1096,0.0197,0.9762773722627737,0.023722627737226276,5.8935,1.6221,278.8935,273.0,0.0,0.0,0.0,278.89349999999996,1.6221,280.51559999999995,293.5196
2520,0.4738,0.0007,0.4745,0.0854,0.9985247629083246,0.001475237091675448,25.0815,0.4855,149.0821,124.0006,0.0,0.0,0.0,149.0821,0.4855,149.5676,150.0634
2521,0.404,0.0001,0.4042,0.0728,0.9995051954477981,0.00024740227610094015,21.8175,0.0941,53.8179,32.0004,0.0,0.0,0.0,53.81790000000001,0.0941,53.912000000000006,53.9101
2522,0.4644,0.0289,0.4933,0.0888,0.9414149604703019,0.05858503952969795,25.5885,18.0179,495.5884,469.9999,0.0,0.0,0.0,495.5884,18.017900000000004,513.6063,525.6081
2523,0.2783,0.0,0.2784,0.0501,0.9996408045977012,0.0,14.7345,0.0296,18.7338,3.9993,0.0,0.0,0.0,18.7338,0.029599999999999998,18.763399999999997,19.2634
2524,0.3359,0.0046,0.3405,0.0613,0.986490455212922,0.013509544787077825,19.0905,2.8118,241.0907,222.0002,0.0,0.0,0.0,241.09069999999994,2.8118000000000003,243.90249999999995,252.9065
2525,0.3667,0.007,0.3737,0.0673,0.9812683971099814,0.018731602890018732,20.628,4.3659,498.6276,477.9996,0.0,0.0,0.0,498.62760000000003,4.3659,502.99350000000004,512.4973
2526,0.2708,0.0003,0.2712,0.0488,0.9985250737463126,0.0011061946902654867,14.481,0.2373,33.4817,19.0007,0.0,0.0,0.0,33.48169999999999,0.23729999999999998,33.71899999999999,33.7221
2527,0.1894,0.0197,0.2091,0.0376,0.9057867049258728,0.0942132950741272,10.6545,12.126,411.6553,401.0008,0.0,0.0,0.0,411.6553,12.126000000000001,423.7813,432.2859
2528,0.2452,0.0055,0.2507,0.0451,0.9780614280015956,0.021938571998404467,13.935,3.286,296.9346,282.9996,0.0,0.0,0.0,296.93459999999993,3.2859999999999996,300.22059999999993,312.2246
2529,0.25,0.0,0.25,0.045,1.0,0.0,12.9795,0.0113,13.9796,1.0001,0.0,0.0,0.0,13.979599999999996,0.011300000000000001,13.990899999999996,13.9908
2530,0.1517,0.0007,0.1524,0.0274,0.9954068241469816,0.004593175853018373,8.361,0.419,125.3605,116.9995,0.0,0.0,0.0,125.3605,0.41900000000000004,125.7795,128.7819
2531,0.0933,0.0085,0.1018,0.0183,0.9165029469548133,0.08349705304518665,5.1915,5.3785,333.1918,328.0003,0.0,0.0,0.0,333.19180000000006,5.3785,338.57030000000003,347.0659
2532,0.4046,0.0051,0.4097,0.0738,0.9875518672199171,0.012448132780082988,22.296,3.3498,388.2951,365.9991,0.0,0.0,0.0,388.29510000000016,3.3497999999999997,391.6449000000002,398.6464
2533,0.2022,0.0003,0.2025,0.0365,0.9985185185185184,0.0014814814814814812,11.373,0.211,87.3728,75.9998,0.0,0.0,0.0,87.37280000000001,0.21099999999999997,87.58380000000001,89.5868
2534,0.3802,0.0,0.3802,0.0684,1.0,0.0,19.554,0.0167,19.5543,0.0003,0.0,0.0,0.0,19.554299999999998,0.0167,19.570999999999998,19.5759
2535,0.15,0.0173,0.1673,0.0301,0.8965929468021517,0.10340705319784817,8.1825,10.7155,520.1819,511.9994,0.0,0.0,0.0,520.1818999999999,10.7155,530.8974,542.3981
2536,0.2315,0.0009,0.2324,0.0418,0.9961273666092944,0.00387263339070568,13.59,0.5158,94.5899,80.9999,0.0,0.0,0.0,94.58990000000003,0.5158,95.10570000000003,97.1046
2537,0.2848,0.0024,0.2872,0.0517,0.9916434540389971,0.008356545961002784,16.3635,1.5114,183.3635,167.0,0.0,0.0,0.0,183.36350000000004,1.5114,184.87490000000005,204.3771
2538,0.1458,0.0,0.1458,0.0262,1.0,0.0,7.569,0.0119,7.5692,0.0002,0.0,0.0,0.0,7.5692,0.011900000000000004,7.5811,7.5792
2539,0.4549,0.0012,0.4561,0.0821,0.9973689980267486,0.00263100197325148,25.5885,0.7598,331.5882,305.9997,0.0,0.0,0.0,331.58820000000003,0.7598,332.348,338.3441
2540,0.4001,0.0002,0.4003,0.0721,0.9995003747189608,0.0004996252810392206,22.7445,0.1115,48.7448,26.0003,0.0,0.0,0.0,48.744800000000005,0.11149999999999999,48.856300000000005,49.3555
2541,0.4043,0.003,0.4073,0.0733,0.9926344218021115,0.007365578197888535,22.7445,1.7739,171.7445,149.0,0.0,0.0,0.0,171.74450000000002,1.7738999999999998,173.5184,183.0183
2542,0.1284,0.0041,0.1325,0.0239,0.9690566037735847,0.030943396226415096,7.0755,2.4917,200.0758,193.0003,0.0,0.0,0.0,200.0758,2.4917000000000002,202.5675,222.0654
2543,0.0841,0.0,0.0841,0.0151,1.0,0.0,5.046,0.0207,12.0461,7.0001,0.0,0.0,0.0,12.0461,0.020699999999999996,12.066799999999999,12.5636
2544,0.2283,0.0192,0.2476,0.0446,0.9220516962843296,0.07754442649434572,12.9795,12.2472,343.9795,331.0,0.0,0.0,0.0,343.9794999999999,12.247200000000001,356.22669999999994,372.2292
2545,0.3538,0.0,0.3539,0.0637,0.9997174343034756,0.0,19.902,0.0271,19.902,0.0,0.0,0.0,0.0,19.901999999999997,0.0271,19.9291,20.4266
2546,0.3504,0.0049,0.3553,0.064,0.9862088376020264,0.013791162397973542,19.509,3.2546,407.5085,387.9995,0.0,0.0,0.0,407.5085,3.2546,410.7631,417.2656
2547,0.2085,0.0004,0.2089,0.0376,0.9980852082336046,0.0019147917663954045,11.373,0.2407,21.3727,9.9997,0.0,0.0,0.0,21.372699999999995,0.24069999999999997,21.613399999999995,22.6156
2548,0.1939,0.0227,0.2167,0.039,0.8947854176280572,0.10475311490539918,10.9095,13.8124,146.9092,135.9997,0.0,0.0,0.0,146.90920000000003,13.812400000000002,160.72160000000002,176.7235
2549,0.3789,0.0208,0.3996,0.0719,0.9481981981981982,0.05205205205205205,21.3105,13.4553,356.3102,334.9997,0.0,0.0,0.0,356.31020000000007,13.4553,369.7655000000001,387.2692
2550,0.0882,0.0,0.0883,0.0159,0.9988674971687429,0.0,4.7175,0.029,7.7175,3.0,0.0,0.0,0.0,7.7174999999999985,0.028999999999999998,7.746499999999998,7.7416
2551,0.1747,0.0002,0.1749,0.0315,0.9988564894225271,0.0011435105774728416,9.435,0.1362,28.435,19.0,0.0,0.0,0.0,28.435000000000006,0.13620000000000002,28.571200000000005,29.5669
2552,0.293,0.0199,0.3129,0.0563,0.9364014062000638,0.06359859379993608,15.9825,11.7661,168.9829,153.0004,0.0,0.0,0.0,168.98289999999992,11.766100000000002,180.7489999999999,195.2454
2553,0.2075,0.0,0.2075,0.0373,1.0,0.0,11.793,0.0162,15.7935,4.0005,0.0,0.0,0.0,15.793500000000005,0.0162,15.809700000000005,16.3057
2554,0.3389,0.0111,0.35,0.063,0.9682857142857143,0.031714285714285716,18.12,7.4087,305.1195,286.9995,0.0,0.0,0.0,305.1195,7.4087,312.5282,324.5249
2555,0.1317,0.0002,0.1319,0.0237,0.9984836997725551,0.0015163002274450343,7.3335,0.1335,12.3331,4.9996,0.0,0.0,0.0,12.333099999999996,0.1335,12.466599999999996,12.4655
2556,0.417,0.0,0.417,0.0751,1.0,0.0,22.296,0.0113,27.295,4.999,0.0,0.0,0.0,27.294999999999998,0.011300000000000001,27.306299999999997,27.3065
2557,0.0967,0.023,0.1197,0.0216,0.8078529657477025,0.1921470342522974,5.328,14.221,328.3277,322.9997,0.0,0.0,0.0,328.3277000000001,14.221,342.5487000000001,357.0463
2558,0.1604,0.0001,0.1606,0.0289,0.9987546699875467,0.0006226650062266502,8.841,0.0678,12.8402,3.9992,0.0,0.0,0.0,12.840199999999998,0.0678,12.907999999999998,12.9067
2559,0.2266,0.0003,0.2269,0.0408,0.998677831643896,0.0013221683561040105,12.615,0.1631,70.6152,58.0002,0.0,0.0,0.0,70.6152,0.1631,70.7783,72.7759
2560,0.3042,0.0005,0.3047,0.0548,0.9983590416803413,0.0016409583196586805,17.1105,0.3123,53.1099,35.9994,0.0,0.0,0.0,53.1099,0.3123,53.422200000000004,53.9226
2561,0.2013,0.0,0.2013,0.0362,1.0,0.0,10.6545,0.0111,12.6551,2.0006,0.0,0.0,0.0,12.655100000000001,0.011099999999999999,12.666200000000002,12.6701
2562,0.1765,0.0,0.1765,0.0318,1.0,0.0,9.435,0.0171,25.4347,15.9997,0.0,0.0,0.0,25.4347,0.0171,25.4518,26.4551
2563,0.0891,0.0,0.0891,0.016,1.0,0.0,4.7175,0.0091,5.7173,0.9998,0.0,0.0,0.0,5.717299999999999,0.0091,5.726399999999999,6.7277
2564,0.1124,0.0001,0.1125,0.0202,0.9991111111111111,0.0008888888888888889,5.8935,0.0337,12.8935,7.0,0.0,0.0,0.0,12.893500000000007,0.033699999999999994,12.927200000000006,13.4225
2565,0.3417,0.0003,0.342,0.0616,0.9991228070175437,0.0008771929824561403,20.274,0.2199,39.2741,19.0001,0.0,0.0,0.0,39.27409999999999,0.21990000000000004,39.49399999999999,39.495
2566,0.2818,0.0,0.2818,0.0507,1.0,0.0,16.722,0.0255,21.7213,4.9993,0.0,0.0,0.0,21.721299999999996,0.025500000000000002,21.746799999999997,21.7516
2567,0.1399,0.0086,0.1485,0.0267,0.9420875420875421,0.057912457912457915,7.788,5.2101,363.7877,355.9997,0.0,0.0,0.0,363.78770000000003,5.2101,368.99780000000004,386.0007
2568,0.4005,0.0198,0.4203,0.0757,0.9528907922912206,0.047109207708779445,22.296,13.0096,405.2953,382.9993,0.0,0.0,0.0,405.2953000000001,13.009600000000002,418.3049000000001,425.807
2569,0.2601,0.0001,0.2602,0.0468,0.9996156802459647,0.0003843197540353575,14.481,0.0312,20.4815,6.0005,0.0,0.0,0.0,20.4815,0.0312,20.5127,20.517
2570,0.3992,0.0035,0.4027,0.0725,0.9913086665011175,0.008691333498882544,21.999,2.2302,399.9987,377.9997,0.0,0.0,0.0,399.9987,2.2302,402.2289,405.7279
2571,0.4644,0.01,0.4743,0.0854,0.9791271347248577,0.02108370229812355,25.5885,6.597,403.5882,377.9997,0.0,0.0,0.0,403.5882,6.597,410.18519999999995,417.186
2572,0.2901,0.0083,0.2984,0.0537,0.9721849865951744,0.02781501340482574,15.9825,5.4912,275.9825,260.0,0.0,0.0,0.0,275.9824999999999,5.4912,281.4736999999999,286.9749
2573,0.2782,0.0006,0.2788,0.0502,0.9978479196556672,0.002152080344332855,15.9825,0.399,142.9826,127.0001,0.0,0.0,0.0,142.9826,0.39899999999999997,143.3816,144.3844
2574,0.1495,0.0002,0.1496,0.0269,0.999331550802139,0.001336898395721925,7.992,0.0933,23.9917,15.9997,0.0,0.0,0.0,23.99170000000001,0.0933,24.085000000000008,24.5883
2575,0.4413,0.0011,0.4424,0.0796,0.9975135623869801,0.0024864376130198916,23.364,0.69,169.3633,145.9993,0.0,0.0,0.0,169.3633,0.69,170.0533,172.0499
2576,0.3105,0.0013,0.3119,0.0561,0.995511381853158,0.004168002564924655,17.1105,0.8458,157.1097,139.9992,0.0,0.0,0.0,157.10970000000003,0.8458,157.95550000000003,162.9598
2577,0.2879,0.0211,0.309,0.0556,0.931715210355987,0.06828478964401295,16.3635,12.4479,400.3638,384.0003,0.0,0.0,0.0,400.3637999999999,12.447900000000002,412.8116999999999,433.3089
2578,0.0869,0.0038,0.0907,0.0163,0.958103638368247,0.04189636163175303,4.8885,2.2382,188.8886,184.0001,0.0,0.0,0.0,188.88859999999994,2.2381999999999995,191.12679999999995,191.6239
2579,0.2711,0.0002,0.2714,0.0488,0.9988946204863671,0.0007369196757553428,15.576,0.1548,57.5758,41.9998,0.0,0.0,0.0,57.575800000000015,0.1548,57.73060000000002,58.2319
2580,0.1827,0.0007,0.1834,0.033,0.9961832061068702,0.003816793893129771,10.383,0.4262,134.3836,124.0006,0.0,0.0,0.0,134.3836,0.4262000000000001,134.8098,135.8087
2581,0.1062,0.0,0.1062,0.0191,1.0,0.0,5.793,0.027,12.7928,6.9998,0.0,0.0,0.0,12.792800000000002,0.027000000000000003,12.8198,12.8149
2582,0.1208,0.0118,0.1326,0.0239,0.9110105580693817,0.0889894419306184,6.795,7.0202,427.7948,420.9998,0.0,0.0,0.0,427.7947999999999,7.020199999999999,434.8149999999999,442.3198
2583,0.5069,0.0001,0.5069,0.0912,1.0,0.00019727756954034326,26.067,0.0326,27.067,1.0,0.0,0.0,0.0,27.067,0.0326,27.0996,27.0952
2584,0.1471,0.0223,0.1694,0.0305,0.8683589138134593,0.13164108618654075,8.361,13.4768,248.361,240.0,0.0,0.0,0.0,248.36100000000002,13.4768,261.8378,274.334
2585,0.1529,0.0,0.1529,0.0275,1.0,0.0,8.6895,0.0156,9.6888,0.9993,0.0,0.0,0.0,9.6888,0.0156,9.7044,9.7043
2586,0.3057,0.0115,0.3172,0.0571,0.9637452711223204,0.0362547288776797,17.3775,7.3279,485.3778,468.0003,0.0,0.0,0.0,485.3778,7.3279,492.7057,497.7068
2587,0.3222,0.0,0.3223,0.058,0.9996897300651567,0.0,17.0595,0.0129,19.0587,1.9992,0.0,0.0,0.0,19.058699999999998,0.012899999999999998,19.071599999999997,19.0678
2588,0.2841,0.0078,0.2919,0.0525,0.97327852004111,0.02672147995889003,15.9825,4.9957,181.9827,166.0002,0.0,0.0,0.0,181.98269999999997,4.9957,186.97839999999997,201.4756
2589,0.0942,0.0018,0.0961,0.0173,0.9802289281997919,0.018730489073881373,5.1915,1.1805,187.1919,182.0004,0.0,0.0,0.0,187.19190000000006,1.1805000000000003,188.37240000000006,193.3752
2590,0.3852,0.0063,0.3915,0.0705,0.9839080459770114,0.016091954022988506,21.228,4.1753,240.2285,219.0005,0.0,0.0,0.0,240.2285,4.1753,244.4038,250.4019
2591,0.3737,0.0014,0.3752,0.0675,0.9960021321961621,0.00373134328358209,20.385,0.9062,167.3845,146.9995,0.0,0.0,0.0,167.38450000000003,0.9062,168.29070000000004,175.2887
2592,0.3,0.0003,0.3003,0.0541,0.9990009990009989,0.0009990009990009988,16.3635,0.1804,41.3636,25.0001,0.0,0.0,0.0,41.363599999999984,0.1804,41.54399999999998,42.5463
2593,0.4549,0.0207,0.4756,0.0856,0.9564760302775441,0.04352396972245584,25.5885,12.889,346.5883,320.9998,0.0,0.0,0.0,346.58829999999995,12.889,359.47729999999996,378.9754
2594,0.2503,0.0001,0.2504,0.0451,0.9996006389776358,0.00039936102236421724,13.935,0.0582,22.9347,8.9997,0.0,0.0,0.0,22.934699999999992,0.058199999999999995,22.99289999999999,22.9944
2595,0.1436,0.0023,0.1459,0.0263,0.9842357779300891,0.015764222069910898,7.992,1.5219,139.9918,131.9998,0.0,0.0,0.0,139.99180000000007,1.5219,141.51370000000006,147.0136
2596,0.1436,0.0002,0.1437,0.0259,0.9993041057759221,0.0013917884481558804,7.992,0.1044,58.9914,50.9994,0.0,0.0,0.0,58.991400000000006,0.1044,59.095800000000004,59.1006
2597,0.2691,0.0004,0.2696,0.0485,0.9981454005934718,0.001483679525222552,15.138,0.268,57.1381,42.0001,0.0,0.0,0.0,57.1381,0.268,57.4061,58.4078
2598,0.2965,0.0059,0.3024,0.0544,0.9804894179894179,0.01951058201058201,15.855,3.9075,278.8542,262.9992,0.0,0.0,0.0,278.8542,3.9075,282.7617,294.7655
2599,0.0925,0.0083,0.1008,0.0181,0.9176587301587301,0.08234126984126984,5.046,5.1819,330.0461,325.0001,0.0,0.0,0.0,330.0461000000001,5.181900000000001,335.22800000000007,352.7296
2600,0.2,0.0,0.2,0.036,1.0,0.0,10.9095,0.0248,23.9094,12.9999,0.0,0.0,0.0,23.909399999999998,0.0248,23.934199999999997,23.9318
2601,0.4409,0.0011,0.442,0.0796,0.9975113122171946,0.00248868778280543,24.546,0.7306,194.5456,169.9996,0.0,0.0,0.0,194.54560000000004,0.7306,195.27620000000005,198.2716
2602,0.1036,0.0003,0.1039,0.0187,0.9971126082771895,0.002887391722810394,5.328,0.1798,7.3274,1.9994,0.0,0.0,0.0,7.327400000000001,0.17980000000000002,7.507200000000001,8.0039
2603,0.0987,0.0008,0.0995,0.0179,0.9919597989949748,0.008040201005025126,5.793,0.5216,47.7926,41.9996,0.0,0.0,0.0,47.79260000000001,0.5216000000000001,48.31420000000001,49.8107
2604,0.3205,0.0143,0.3348,0.0603,0.9572879330943848,0.0427120669056153,17.661,8.8138,244.6612,227.0002,0.0,0.0,0.0,244.66120000000006,8.8138,253.47500000000008,266.4761
2605,0.3881,0.0091,0.3972,0.0715,0.9770896273917422,0.022910372608257807,22.296,5.8745,305.2951,282.9991,0.0,0.0,0.0,305.29510000000005,5.874500000000001,311.16960000000006,318.1745
2606,0.3575,0.0037,0.3612,0.065,0.9897563676633443,0.010243632336655593,19.902,2.3785,170.902,151.0,0.0,0.0,0.0,170.90200000000002,2.3785000000000003,173.28050000000002,179.2848
2607,0.3025,0.0194,0.3219,0.0579,0.9397328362845604,0.060267163715439574,17.3775,12.4233,423.3779,406.0004,0.0,0.0,0.0,423.37789999999995,12.423300000000001,435.80119999999994,456.8059
2608,0.3176,0.0065,0.3241,0.0583,0.9799444615859303,0.02005553841406973,17.6805,4.1791,361.6806,344.0001,0.0,0.0,0.0,361.68059999999997,4.179099999999999,365.8597,376.8636
2609,0.3054,0.0,0.3054,0.055,1.0,0.0,15.855,0.0144,15.8544,0.0,0.0,0.0,0.0,15.854400000000004,0.014400000000000001,15.868800000000004,15.8665
2610,0.1032,0.0026,0.1058,0.019,0.9754253308128544,0.024574669187145556,5.6865,1.6339,158.6861,152.9996,0.0,0.0,0.0,158.68609999999995,1.6338999999999997,160.31999999999996,162.8166
2611,0.3254,0.0012,0.3266,0.0588,0.9963257807715861,0.0036742192284139616,17.0595,0.7892,175.0587,157.9992,0.0,0.0,0.0,175.05870000000002,0.7891999999999999,175.8479,180.8445
2612,0.4038,0.0001,0.4039,0.0727,0.9997524139638525,0.0002475860361475613,20.7675,0.0409,20.7675,0.0,0.0,0.0,0.0,20.767499999999995,0.040900000000000006,20.808399999999995,20.805
2613,0.2501,0.0004,0.2505,0.0451,0.9984031936127744,0.001596806387225549,14.2155,0.2368,67.2157,53.0002,0.0,0.0,0.0,67.2157,0.23679999999999998,67.4525,67.4493
2614,0.24,0.0057,0.2456,0.0442,0.9771986970684038,0.023208469055374593,13.935,3.5393,271.9346,257.9996,0.0,0.0,0.0,271.9346,3.5393,275.4739,285.9708
2615,0.3793,0.0,0.3794,0.0683,0.999736425935688,0.0,19.509,0.0252,22.5085,2.9995,0.0,0.0,0.0,22.508499999999998,0.0252,22.5337,22.5364
2616,0.3717,0.0214,0.3931,0.0708,0.9455609259730348,0.05443907402696514,20.274,13.5328,450.2745,430.0005,0.0,0.0,0.0,450.2745000000001,13.5328,463.8073000000001,474.3044
2617,0.3588,0.001,0.3598,0.0648,0.9972206781545303,0.0027793218454697055,20.184,0.6532,199.1845,179.0005,0.0,0.0,0.0,199.1845,0.6532000000000001,199.8377,202.8391
2618,0.2117,0.0015,0.2133,0.0384,0.992498827941866,0.007032348804500704,11.787,0.9793,119.787,108.0,0.0,0.0,0.0,119.78699999999995,0.9793000000000001,120.76629999999994,125.2704
2619,0.1865,0.0,0.1865,0.0336,1.0,0.0,9.777,0.0186,13.7772,4.0002,0.0,0.0,0.0,13.777199999999997,0.018600000000000002,13.795799999999996,13.7967
2620,0.1344,0.0009,0.1353,0.0244,0.9933481152993348,0.0066518847006651885,7.3335,0.5687,166.3328,158.9993,0.0,0.0,0.0,166.3328,0.5687,166.9015,174.903
2621,0.2181,0.0002,0.2183,0.0393,0.9990838295923041,0.0009161704076958315,11.325,0.1178,44.3246,32.9996,0.0,0.0,0.0,44.3246,0.11779999999999999,44.4424,44.4424
2622,0.1604,0.0007,0.1611,0.029,0.9956548727498448,0.004345127250155183,8.841,0.4235,28.8402,19.9992,0.0,0.0,0.0,28.84020000000001,0.42350000000000004,29.26370000000001,29.7627
2623,0.1346,0.0022,0.1368,0.0246,0.9839181286549707,0.01608187134502924,7.569,1.3214,141.569,134.0,0.0,0.0,0.0,141.56900000000002,1.3214000000000001,142.89040000000003,145.3902
2624,0.2574,0.0007,0.2582,0.0465,0.996901626646011,0.0027110766847405115,14.481,0.4588,43.4815,29.0005,0.0,0.0,0.0,43.4815,0.4588,43.94029999999999,43.9365
2625,0.2117,0.0122,0.224,0.0403,0.9450892857142857,0.054464285714285715,11.787,7.998,229.787,218.0,0.0,0.0,0.0,229.78699999999998,7.998000000000001,237.78499999999997,246.7851
2626,0.2475,0.0,0.2475,0.0446,1.0,0.0,13.6365,0.015,16.6364,2.9999,0.0,0.0,0.0,16.636400000000002,0.015000000000000003,16.651400000000002,16.6552
2627,0.3591,0.0009,0.36,0.0648,0.9974999999999999,0.0025,20.628,0.5686,153.6277,132.9997,0.0,0.0,0.0,153.62770000000003,0.5686,154.19630000000004,156.1942
2628,0.1674,0.0,0.1674,0.0301,1.0,0.0,8.6895,0.0132,8.6893,0.0,0.0,0.0,0.0,8.6893,0.0132,8.702499999999999,8.6986
2629,0.4024,0.001,0.4034,0.0726,0.9975210708973723,0.002478929102627665,23.364,0.5945,149.3631,125.9991,0.0,0.0,0.0,149.36310000000003,0.5944999999999999,149.95760000000004,153.4619
2630,0.1919,0.0006,0.1925,0.0347,0.9968831168831168,0.0031168831168831164,10.9095,0.3854,22.909,11.9995,0.0,0.0,0.0,22.909,0.38539999999999996,23.2944,23.2923
2631,0.2971,0.0001,0.2972,0.0535,0.9996635262449527,0.00033647375504710633,15.576,0.0739,24.5757,8.9997,0.0,0.0,0.0,24.575699999999994,0.07390000000000001,24.649599999999992,26.1493
2632,0.1297,0.0004,0.1301,0.0234,0.9969254419677173,0.00307455803228286,7.0755,0.2221,118.0759,111.0004,0.0,0.0,0.0,118.07589999999999,0.22210000000000002,118.29799999999999,124.2946
2633,0.196,0.0012,0.1972,0.0355,0.9939148073022314,0.006085192697768763,10.9095,0.766,129.9094,118.9999,0.0,0.0,0.0,129.90940000000003,0.7659999999999999,130.67540000000002,133.6758
2634,0.0905,0.0004,0.091,0.0164,0.9945054945054945,0.004395604395604396,4.8885,0.2935,58.8886,54.0001,0.0,0.0,0.0,58.88860000000001,0.2935,59.18210000000001,59.1829
2635,0.4739,0.0015,0.4754,0.0856,0.996844762305427,0.003155237694572991,25.5885,0.9423,102.588,76.9995,0.0,0.0,0.0,102.588,0.9422999999999999,103.5303,104.5254
2636,0.4147,0.0033,0.418,0.0752,0.9921052631578948,0.007894736842105263,23.574,1.9673,373.5741,350.0001,0.0,0.0,0.0,373.57409999999993,1.9673,375.54139999999995,378.0441
2637,0.107,0.0223,0.1293,0.0233,0.8275328692962104,0.17246713070378963,5.8935,14.293,218.8935,213.0,0.0,0.0,0.0,218.8935,14.293000000000001,233.1865,247.6875
2638,0.2442,0.0185,0.2627,0.0473,0.9295774647887325,0.07042253521126761,13.3185,11.3196,436.3188,423.0003,0.0,0.0,0.0,436.3188,11.3196,447.6384,454.6367
2639,0.1486,0.0011,0.1498,0.027,0.991989319092123,0.007343124165554073,8.361,0.7661,186.3609,177.9999,0.0,0.0,0.0,186.3609,0.7661,187.12699999999998,192.6222
2640,0.1297,0.0036,0.1333,0.024,0.9729932483120781,0.02700675168792198,7.0755,2.2764,139.0763,132.0008,0.0,0.0,0.0,139.0763,2.2764000000000006,141.3527,146.8544
2641,0.2013,0.012,0.2133,0.0384,0.9437412095639944,0.05625879043600563,11.325,7.538,412.3247,400.9997,0.0,0.0,0.0,412.3247,7.537999999999999,419.8627,429.8592
2642,0.2818,0.0001,0.2819,0.0507,0.9996452642781128,0.0003547357218871941,16.3635,0.0427,27.3636,11.0001,0.0,0.0,0.0,27.36360000000001,0.0427,27.40630000000001,27.4048
2643,0.3862,0.0,0.3862,0.0695,1.0,0.0,23.1705,0.0151,23.1705,0.0,0.0,0.0,0.0,23.170499999999997,0.0151,23.185599999999997,23.6883
2644,0.2747,0.0176,0.2923,0.0526,0.9397878891549778,0.06021211084502224,15.138,10.394,331.1383,316.0003,0.0,0.0,0.0,331.13830000000013,10.394,341.53230000000013,355.0371
2645,0.3881,0.0001,0.3882,0.0699,0.9997424008243174,0.00025759917568263783,22.296,0.0619,38.2954,15.9994,0.0,0.0,0.0,38.2954,0.0619,38.3573,38.3605
2646,0.1661,0.0116,0.1777,0.032,0.9347214406302757,0.06527855936972425,9.06,7.1804,370.0598,360.9998,0.0,0.0,0.0,370.05979999999994,7.1804000000000014,377.24019999999996,386.2375
2647,0.2789,0.0,0.2789,0.0502,1.0,0.0,14.481,0.0132,23.4815,9.0005,0.0,0.0,0.0,23.481499999999993,0.013199999999999996,23.494699999999995,23.492
2648,0.3599,0.0002,0.3601,0.0648,0.9994445987225771,0.0005554012774229381,18.87,0.1383,29.8697,10.9997,0.0,0.0,0.0,29.869699999999995,0.1383,30.007999999999996,30.0127
2649,0.3964,0.0029,0.3993,0.0719,0.9927372902579514,0.007262709742048585,22.296,1.7769,309.2948,286.9988,0.0,0.0,0.0,309.2948000000001,1.7769000000000004,311.07170000000013,321.0767
2650,0.1894,0.0021,0.1915,0.0345,0.9890339425587468,0.010966057441253263,10.6545,1.3811,198.6553,188.0008,0.0,0.0,0.0,198.65529999999993,1.3810999999999998,200.03639999999993,210.0351
2651,0.1485,0.0199,0.1684,0.0303,0.8818289786223278,0.11817102137767221,8.1825,12.0191,347.1816,338.9991,0.0,0.0,0.0,347.18159999999995,12.0191,359.2006999999999,369.7055
2652,0.3368,0.0003,0.3371,0.0607,0.9991100563630969,0.0008899436369029961,19.554,0.2339,86.5545,67.0005,0.0,0.0,0.0,86.55450000000002,0.2339,86.78840000000002,87.2911
2653,0.3172,0.0004,0.3177,0.0572,0.998426188227888,0.0012590494176896445,17.661,0.2672,35.6613,18.0003,0.0,0.0,0.0,35.66129999999999,0.26720000000000005,35.92849999999999,36.9252
2654,0.1533,0.0024,0.1556,0.028,0.9852185089974294,0.015424164524421594,8.361,1.5312,321.3608,312.9998,0.0,0.0,0.0,321.36080000000004,1.5312,322.89200000000005,329.8946
2655,0.2621,0.017,0.2791,0.0502,0.9390899319240416,0.06091006807595844,14.1525,10.458,192.1522,177.9997,0.0,0.0,0.0,192.1522,10.458,202.6102,224.1117
2656,0.3429,0.0044,0.3474,0.0625,0.9870466321243523,0.012665515256188833,19.0905,2.6737,381.0909,362.0004,0.0,0.0,0.0,381.0909,2.6737,383.7646,390.2609
2657,0.1444,0.0001,0.1444,0.026,1.0,0.0006925207756232687,7.569,0.0355,7.569,0.0,0.0,0.0,0.0,7.569,0.0355,7.6045,7.6079
2658,0.404,0.0049,0.4089,0.0736,0.988016629982881,0.0119833700171191,21.8175,3.1359,247.8183,226.0008,0.0,0.0,0.0,247.8183,3.1359,250.9542,261.4536
2659,0.3522,0.0001,0.3523,0.0634,0.999716151007664,0.0002838489923360772,18.6465,0.0498,24.6467,6.0002,0.0,0.0,0.0,24.64669999999999,0.0498,24.69649999999999,24.6944
2660,0.3159,0.0027,0.3186,0.0573,0.9915254237288136,0.00847457627118644,17.0595,1.6902,205.0588,187.9993,0.0,0.0,0.0,205.05880000000008,1.6902,206.74900000000008,215.2456
2661,0.297,0.0106,0.3076,0.0554,0.9655396618985695,0.034460338101430434,16.3635,6.906,389.3636,373.0001,0.0,0.0,0.0,389.36359999999985,6.9060000000000015,396.26959999999985,400.2703
2662,0.0847,0.0008,0.0856,0.0154,0.9894859813084113,0.009345794392523366,4.7175,0.5381,113.7175,109.0,0.0,0.0,0.0,113.71749999999997,0.5381,114.25559999999997,122.2536
2663,0.1756,0.0153,0.1909,0.0344,0.9198533263488738,0.08014667365112625,9.777,10.3041,191.7771,182.0001,0.0,0.0,0.0,191.77710000000002,10.3041,202.08120000000002,218.5764
2664,0.0856,0.0,0.0856,0.0154,1.0,0.0,4.53,0.0076,4.5298,0.0,0.0,0.0,0.0,4.529799999999999,0.0076,4.537399999999999,4.5396
2665,0.2117,0.0017,0.2135,0.0384,0.9915690866510539,0.007962529274004683,11.787,1.1029,110.7871,99.0001,0.0,0.0,0.0,110.78709999999998,1.1029,111.88999999999999,113.3913
2666,0.3931,0.0004,0.3935,0.0708,0.9989834815756036,0.0010165184243964421,21.228,0.2336,113.2283,92.0003,0.0,0.0,0.0,113.22829999999999,0.2336,113.46189999999999,118.9613
2667,0.2554,0.0001,0.2555,0.046,0.9996086105675147,0.0003913894324853229,14.2155,0.0629,22.2157,8.0002,0.0,0.0,0.0,22.215700000000005,0.0629,22.278600000000004,22.2832
2668,0.103,0.0013,0.1042,0.0188,0.9884836852207293,0.012476007677543186,5.793,0.7982,262.7929,256.9999,0.0,0.0,0.0,262.7929,0.7981999999999999,263.5911,272.0895
2669,0.2241,0.0,0.2241,0.0403,1.0,0.0,12.222,0.0096,12.2215,0.0,0.0,0.0,0.0,12.2215,0.0096,12.231100000000001,12.2344
2670,0.2399,0.0,0.2399,0.0432,1.0,0.0,13.6365,0.0213,14.6364,0.9999,0.0,0.0,0.0,14.636400000000004,0.021300000000000003,14.657700000000004,14.6591
2671,0.2103,0.003,0.2132,0.0384,0.9863977485928704,0.014071294559099437,11.586,1.9079,271.5855,259.9995,0.0,0.0,0.0,271.5855,1.9078999999999997,273.4934,281.9915
2672,0.1358,0.0074,0.1432,0.0258,0.9483240223463688,0.051675977653631286,7.3335,4.7065,349.3328,341.9993,0.0,0.0,0.0,349.3328000000001,4.706499999999999,354.0393000000001,365.0435
2673,0.2976,0.0001,0.2977,0.0536,0.999664091367148,0.0003359086328518643,17.661,0.0405,18.6611,1.0001,0.0,0.0,0.0,18.661099999999998,0.0405,18.7016,18.7065
2674,0.0949,0.0002,0.0952,0.0171,0.9968487394957982,0.0021008403361344537,5.454,0.1523,5.4547,0.0007,0.0,0.0,0.0,5.4547,0.1523,5.607,5.6062
2675,0.0923,0.0002,0.0925,0.0166,0.9978378378378377,0.002162162162162162,5.1915,0.1044,5.1919,0.0004,0.0,0.0,0.0,5.191899999999999,0.10439999999999999,5.296299999999999,5.2914
2676,0.2884,0.0021,0.2905,0.0523,0.9927710843373494,0.007228915662650603,15.576,1.2591,244.5756,228.9996,0.0,0.0,0.0,244.57559999999995,1.2591,245.83469999999994,252.8317
2677,0.099,0.0008,0.0998,0.018,0.9919839679358718,0.008016032064128258,5.6865,0.503,194.6864,188.9999,0.0,0.0,0.0,194.68639999999996,0.503,195.18939999999995,197.1858
2678,0.1442,0.0,0.1443,0.026,0.9993069993069992,0.0,7.788,0.0212,7.7879,0.0,0.0,0.0,0.0,7.787899999999998,0.021199999999999997,7.809099999999998,7.8061
2679,0.4739,0.0,0.4739,0.0853,1.0,0.0,25.5885,0.026,43.5883,17.9998,0.0,0.0,0.0,43.58829999999999,0.026,43.61429999999999,43.6103
2680,0.288,0.006,0.294,0.0529,0.9795918367346939,0.020408163265306124,16.722,3.7072,395.7213,378.9993,0.0,0.0,0.0,395.7213000000001,3.7071999999999994,399.4285000000001,408.9276
2681,0.2195,0.0001,0.2197,0.0395,0.999089667728721,0.0004551661356395084,12.222,0.0808,36.2217,23.9997,0.0,0.0,0.0,36.2217,0.0808,36.3025,37.3026
2682,0.0937,0.0,0.0938,0.0169,0.9989339019189767,0.0,5.328,0.0132,7.3278,1.9998,0.0,0.0,0.0,7.3278,0.013199999999999998,7.341,7.3391
2683,0.2103,0.0063,0.2166,0.039,0.9709141274238227,0.02908587257617729,11.586,4.0711,351.5854,339.9994,0.0,0.0,0.0,351.5854,4.0710999999999995,355.6565,362.6569
2684,0.2554,0.0023,0.2577,0.0464,0.9910748932867677,0.00892510671323244,14.2155,1.5268,131.2156,117.0001,0.0,0.0,0.0,131.2156,1.5267999999999997,132.7424,140.2404
2685,0.3888,0.0001,0.3889,0.07,0.9997428644895859,0.00025713551041398817,20.385,0.0579,25.385,5.0,0.0,0.0,0.0,25.385000000000012,0.05789999999999999,25.442900000000012,26.9427
2686,0.0865,0.0,0.0865,0.0156,1.0,0.0,4.7175,0.0078,11.7173,6.9998,0.0,0.0,0.0,11.717300000000003,0.0078,11.725100000000003,11.726
2687,0.2034,0.0031,0.2065,0.0372,0.9849878934624697,0.015012106537530266,11.325,2.1391,317.3248,305.9998,0.0,0.0,0.0,317.3248,2.1391,319.46389999999997,327.9597
2688,0.108,0.023,0.1311,0.0236,0.8237986270022883,0.1754385964912281,5.8935,14.6518,387.8936,382.0001,0.0,0.0,0.0,387.89359999999994,14.6518,402.5453999999999,410.0404
2689,0.4441,0.0002,0.4443,0.08,0.9995498537024533,0.0004501462975467027,26.067,0.1011,34.0667,7.9997,0.0,0.0,0.0,34.066700000000004,0.10110000000000001,34.16780000000001,34.166
2690,0.2452,0.0,0.2452,0.0441,1.0,0.0,12.9795,0.0235,14.9796,2.0001,0.0,0.0,0.0,14.979599999999996,0.0235,15.003099999999996,15.0038
2691,0.4129,0.0025,0.4154,0.0748,0.9939817043813192,0.00601829561868079,22.296,1.6388,201.2953,178.9993,0.0,0.0,0.0,201.2953,1.6387999999999998,202.9341,212.431
2692,0.424,0.0,0.424,0.0763,1.0,0.0,23.364,0.0234,45.3637,21.9997,0.0,0.0,0.0,45.3637,0.023399999999999997,45.387100000000004,45.3884
2693,0.3246,0.0001,0.3247,0.0584,0.9996920234062212,0.0003079765937788728,18.6465,0.0451,18.6465,0.0,0.0,0.0,0.0,18.646499999999996,0.04510000000000001,18.691599999999998,19.6898
2694,0.2973,0.0103,0.3076,0.0554,0.966514954486346,0.033485045513654096,16.722,6.3336,294.7215,277.9995,0.0,0.0,0.0,294.7215,6.333600000000001,301.0551,310.5581
2695,0.3649,0.0054,0.3703,0.0666,0.9854172292735619,0.014582770726438023,19.902,3.2395,261.9018,241.9998,0.0,0.0,0.0,261.9017999999999,3.2395,265.14129999999994,272.6432
2696,0.2286,0.0069,0.2355,0.0424,0.9707006369426752,0.02929936305732484,12.222,4.5856,302.2213,289.9993,0.0,0.0,0.0,302.2213,4.5856,306.8069,323.304
2697,0.2263,0.0001,0.2264,0.0408,0.9995583038869258,0.000441696113074205,12.222,0.039,31.2215,18.9995,0.0,0.0,0.0,31.221499999999992,0.039,31.260499999999993,31.2577
2698,0.2905,0.0061,0.2966,0.0534,0.9794335805799056,0.020566419420094406,16.5105,4.0964,373.5107,357.0002,0.0,0.0,0.0,373.5107000000001,4.0964,377.6071000000001,392.1023
2699,0.387,0.0001,0.3871,0.0697,0.9997416688194265,0.0002583311805734952,19.902,0.0611,23.902,4.0,0.0,0.0,0.0,23.901999999999994,0.06110000000000001,23.963099999999994,23.9596
2700,0.3349,0.0001,0.3351,0.0603,0.9994031632348551,0.0002984183825723665,18.6465,0.088,39.6466,21.0001,0.0,0.0,0.0,39.64659999999999,0.08800000000000001,39.73459999999999,39.7368
2701,0.3025,0.0285,0.331,0.0596,0.9138972809667673,0.08610271903323263,17.3775,17.1223,325.3778,308.0003,0.0,0.0,0.0,325.3778,17.1223,342.5001,354.4978
2702,0.2798,0.0012,0.281,0.0506,0.9957295373665479,0.004270462633451957,15.576,0.7619,121.5755,105.9995,0.0,0.0,0.0,121.5755,0.7619,122.3374,135.3404
2703,0.1453,0.0,0.1453,0.0262,1.0,0.0,8.529,0.0267,15.5293,7.0003,0.0,0.0,0.0,15.5293,0.026699999999999998,15.556,15.5604
2704,0.3494,0.0002,0.3497,0.0629,0.9991421218187017,0.0005719187875321705,18.87,0.14,50.8695,31.9995,0.0,0.0,0.0,50.86950000000001,0.14,51.00950000000001,51.0117
2705,0.2607,0.0077,0.2684,0.0483,0.9713114754098359,0.02868852459016393,14.6655,5.1053,373.6657,359.0002,0.0,0.0,0.0,373.66570000000013,5.105300000000001,378.77100000000013,388.2724
2706,0.0856,0.0017,0.0873,0.0157,0.9805269186712485,0.01947308132875143,4.7175,1.0476,130.7174,125.9999,0.0,0.0,0.0,130.7174,1.0476,131.765,137.2685
2707,0.3089,0.0028,0.3118,0.0561,0.9906991661321359,0.008980115458627324,17.3775,1.8918,252.3777,235.0002,0.0,0.0,0.0,252.3777,1.8918,254.2695,264.2693
2708,0.297,0.0,0.297,0.0535,1.0,0.0,17.0595,0.0137,17.0589,0.0,0.0,0.0,0.0,17.058899999999998,0.0137,17.072599999999998,17.0712
2709,0.1775,0.0,0.1776,0.032,0.9994369369369368,0.0,10.092,0.0103,10.0922,0.0002,0.0,0.0,0.0,10.092200000000002,0.0103,10.102500000000003,10.1035
2710,0.3354,0.0002,0.3355,0.0604,0.9997019374068553,0.0005961251862891207,19.902,0.0999,41.9019,21.9999,0.0,0.0,0.0,41.90189999999999,0.09990000000000002,42.00179999999999,42.0019
2711,0.3241,0.0,0.3242,0.0583,0.999691548426897,0.0,17.6805,0.0156,21.6806,4.0001,0.0,0.0,0.0,21.680599999999995,0.0156,21.696199999999994,21.6962
2712,0.4202,0.0,0.4202,0.0756,1.0,0.0,21.8175,0.0146,22.8181,1.0006,0.0,0.0,0.0,22.818099999999994,0.014599999999999998,22.832699999999996,22.8278
2713,0.4307,0.0109,0.4415,0.0795,0.9755379388448472,0.024688561721404302,23.9745,6.6883,333.9741,309.9996,0.0,0.0,0.0,333.9741,6.688299999999999,340.66240000000005,344.6604
2714,0.4128,0.0067,0.4195,0.0755,0.9840286054827175,0.01597139451728248,22.7445,4.1245,327.7451,305.0006,0.0,0.0,0.0,327.7451,4.124499999999999,331.8696,345.8664
2715,0.3575,0.0007,0.3582,0.0645,0.9980457844779452,0.001954215522054718,19.902,0.479,91.902,72.0,0.0,0.0,0.0,91.90200000000003,0.47899999999999987,92.38100000000003,97.3803
2716,0.3186,0.0189,0.3375,0.0608,0.944,0.055999999999999994,17.3775,12.318,340.3776,323.0001,0.0,0.0,0.0,340.37760000000003,12.318000000000001,352.6956,363.1963
2717,0.2356,0.0003,0.2358,0.0425,0.9991518235793044,0.0012722646310432569,12.9795,0.1797,82.9796,70.0001,0.0,0.0,0.0,82.97960000000002,0.17970000000000003,83.15930000000002,86.6599
2718,0.1747,0.0056,0.1803,0.0325,0.968940654464781,0.03105934553521908,9.435,3.81,354.4349,344.9999,0.0,0.0,0.0,354.4349000000001,3.8100000000000005,358.2449000000001,370.7487
2719,0.0878,0.0096,0.0974,0.0175,0.9014373716632443,0.09856262833675564,5.046,5.5011,343.0461,338.0001,0.0,0.0,0.0,343.04610000000014,5.501099999999998,348.54720000000015,354.0482
2720,0.1595,0.0013,0.1609,0.029,0.9912989434431325,0.008079552517091361,8.529,0.8436,135.5295,127.0005,0.0,0.0,0.0,135.5295,0.8435999999999999,136.37310000000002,141.3722
2721,0.1271,0.0009,0.128,0.023,0.99296875,0.007031249999999999,7.0755,0.5721,90.0761,83.0006,0.0,0.0,0.0,90.0761,0.5720999999999999,90.6482,102.6526
2722,0.3604,0.0002,0.3606,0.0649,0.9994453688297283,0.0005546311702717693,20.274,0.1037,73.2745,53.0005,0.0,0.0,0.0,73.2745,0.1037,73.3782,75.3813
2723,0.0906,0.0042,0.0948,0.0171,0.9556962025316457,0.04430379746835443,5.046,2.7022,291.046,286.0,0.0,0.0,0.0,291.04600000000005,2.7022000000000004,293.74820000000005,304.244
2724,0.0839,0.0001,0.084,0.0151,0.9988095238095238,0.0011904761904761904,4.7175,0.0764,13.7175,9.0,0.0,0.0,0.0,13.717500000000003,0.0764,13.793900000000002,14.2904
2725,0.2555,0.0029,0.2584,0.0465,0.9887770897832817,0.011222910216718264,13.935,1.702,275.9345,261.9995,0.0,0.0,0.0,275.93449999999996,1.702,277.63649999999996,290.6376
2726,0.1795,0.0,0.1796,0.0323,0.9994432071269487,0.0,10.6545,0.0251,24.6551,14.0006,0.0,0.0,0.0,24.6551,0.025099999999999997,24.6802,24.6821
2727,0.4617,0.0,0.4617,0.0831,1.0,0.0,26.5215,0.0154,26.521,0.0,0.0,0.0,0.0,26.521000000000004,0.015400000000000002,26.536400000000004,26.5372
2728,0.1573,0.0,0.1573,0.0283,1.0,0.0,9.435,0.0127,24.4349,14.9999,0.0,0.0,0.0,24.434900000000006,0.0127,24.447600000000005,24.4482
2729,0.3952,0.0074,0.4026,0.0725,0.981619473422752,0.01838052657724789,21.999,4.933,319.9983,297.9993,0.0,0.0,0.0,319.9983,4.933,324.93129999999996,336.4359
2730,0.4364,0.0028,0.4392,0.0791,0.9936247723132969,0.006375227686703097,24.546,1.6861,186.5459,161.9999,0.0,0.0,0.0,186.54590000000002,1.6861000000000002,188.23200000000003,199.231
2731,0.4691,0.0007,0.4698,0.0846,0.9985100042571308,0.001489995742869306,25.5885,0.4207,137.5882,111.9997,0.0,0.0,0.0,137.5882,0.42069999999999996,138.0089,141.5051
2732,0.258,0.0003,0.2583,0.0465,0.9988385598141697,0.0011614401858304297,14.6655,0.1573,69.6655,55.0,0.0,0.0,0.0,69.6655,0.1573,69.8228,72.3242
2733,0.2966,0.0019,0.2985,0.0537,0.9936348408710217,0.006365159128978224,16.5105,1.2044,244.511,228.0005,0.0,0.0,0.0,244.51099999999994,1.2044000000000001,245.71539999999993,260.2178
2734,0.1695,0.0008,0.1702,0.0306,0.9958871915393656,0.004700352526439484,9.06,0.4909,147.0599,137.9999,0.0,0.0,0.0,147.05990000000003,0.49089999999999995,147.55080000000004,148.5515
2735,0.107,0.0147,0.1216,0.0219,0.8799342105263158,0.12088815789473684,5.8935,8.6827,326.8937,321.0002,0.0,0.0,0.0,326.89369999999997,8.6827,335.5764,351.5759
2736,0.258,0.0058,0.2638,0.0475,0.9780136467020472,0.021986353297952996,14.2155,3.5771,288.2156,274.0001,0.0,0.0,0.0,288.2156,3.5770999999999997,291.79269999999997,295.7908
2737,0.2195,0.0002,0.2198,0.0396,0.9986351228389445,0.0009099181073703367,12.222,0.1348,28.2213,15.9993,0.0,0.0,0.0,28.221299999999992,0.1348,28.35609999999999,32.86
2738,0.1032,0.0004,0.1036,0.0186,0.9961389961389961,0.003861003861003861,5.574,0.2265,66.5738,60.9998,0.0,0.0,0.0,66.5738,0.22649999999999998,66.80030000000001,68.8044
2739,0.3981,0.0,0.3981,0.0717,1.0,0.0,23.364,0.0231,29.3636,5.9996,0.0,0.0,0.0,29.363600000000005,0.023100000000000002,29.386700000000005,29.3819
2740,0.4584,0.0002,0.4586,0.0825,0.9995638901003052,0.0004361098996947231,23.574,0.1294,36.5741,13.0001,0.0,0.0,0.0,36.57410000000001,0.12939999999999996,36.703500000000005,38.7041
2741,0.4645,0.0002,0.4646,0.0836,0.9997847610848042,0.00043047783039173483,25.0815,0.1017,55.0819,30.0004,0.0,0.0,0.0,55.0819,0.10170000000000001,55.1836,57.1825
2742,0.3027,0.0004,0.3031,0.0546,0.9986803035301882,0.0013196964698119434,16.5105,0.2404,125.5106,109.0001,0.0,0.0,0.0,125.51060000000004,0.24040000000000003,125.75100000000003,129.7514
2743,0.1642,0.0,0.1643,0.0296,0.9993913572732807,0.0,9.435,0.0181,24.4348,14.9998,0.0,0.0,0.0,24.434800000000006,0.018099999999999998,24.452900000000007,24.4487
2744,0.1321,0.0001,0.1322,0.0238,0.9992435703479575,0.0007564296520423601,6.795,0.0663,9.7949,2.9999,0.0,0.0,0.0,9.794899999999998,0.0663,9.861199999999998,9.8599
2745,0.4046,0.0203,0.4249,0.0765,0.9522240527182867,0.04777594728171334,22.296,13.3039,303.2957,280.9997,0.0,0.0,0.0,303.2957,13.3039,316.5996,330.5977
2746,0.0805,0.0,0.0806,0.0145,0.998759305210918,0.0,4.53,0.0316,37.5298,32.9998,0.0,0.0,0.0,37.529799999999994,0.031599999999999996,37.56139999999999,37.565
2747,0.32,0.002,0.322,0.058,0.9937888198757764,0.006211180124223602,17.1105,1.2329,129.11,111.9995,0.0,0.0,0.0,129.11000000000004,1.2329,130.34290000000004,141.3442
2748,0.2121,0.0,0.2121,0.0382,1.0,0.0,10.9095,0.0103,17.909,6.9995,0.0,0.0,0.0,17.908999999999995,0.0103,17.919299999999996,19.4179
2749,0.2195,0.0003,0.2198,0.0396,0.9986351228389445,0.0013648771610555049,12.222,0.1691,37.2214,24.9994,0.0,0.0,0.0,37.221399999999996,0.16909999999999997,37.390499999999996,39.3923
2750,0.2685,0.0001,0.2686,0.0483,0.9996276991809382,0.00037230081906180194,14.2155,0.0522,22.2156,8.0001,0.0,0.0,0.0,22.215600000000002,0.052199999999999996,22.2678,23.7691
2751,0.3182,0.0,0.3182,0.0573,1.0,0.0,16.3635,0.0101,17.3636,1.0001,0.0,0.0,0.0,17.363599999999998,0.0101,17.3737,19.87
2752,0.336,0.0,0.336,0.0605,1.0,0.0,19.509,0.0155,33.5084,13.9994,0.0,0.0,0.0,33.508399999999995,0.015499999999999998,33.5239,33.525
2753,0.4,0.011,0.411,0.074,0.9732360097323602,0.0267639902676399,21.8175,6.9223,282.8182,261.0007,0.0,0.0,0.0,282.81820000000005,6.9223,289.74050000000005,301.2388
2754,0.2452,0.0005,0.2457,0.0442,0.9979649979649979,0.002035002035002035,13.935,0.3338,172.9344,158.9994,0.0,0.0,0.0,172.9344,0.3338,173.2682,175.2716
2755,0.1703,0.0001,0.1704,0.0307,0.9994131455399061,0.0005868544600938967,8.841,0.0544,52.8405,43.9995,0.0,0.0,0.0,52.8405,0.0544,52.8949,53.3977
2756,0.2043,0.0025,0.2068,0.0372,0.9879110251450677,0.012088974854932301,11.373,1.6453,236.3725,224.9995,0.0,0.0,0.0,236.3725,1.6453,238.0178,245.5152
2757,0.1869,0.0003,0.1872,0.0337,0.9983974358974359,0.0016025641025641023,10.092,0.1693,36.0921,26.0001,0.0,0.0,0.0,36.09210000000001,0.16929999999999998,36.26140000000001,43.7641
2758,0.243,0.0001,0.243,0.0437,1.0,0.000411522633744856,12.615,0.0347,23.6154,11.0004,0.0,0.0,0.0,23.615400000000005,0.034699999999999995,23.650100000000005,25.649
2759,0.3159,0.0002,0.3161,0.0569,0.9993672888326479,0.0006327111673521038,17.0595,0.1118,49.0587,31.9992,0.0,0.0,0.0,49.0587,0.11180000000000001,49.170500000000004,51.167
2760,0.4205,0.0033,0.4238,0.0763,0.9922133081642284,0.00778669183577159,23.1705,2.157,239.1706,216.0001,0.0,0.0,0.0,239.17060000000004,2.1569999999999996,241.32760000000005,243.8251
2761,0.15,0.0002,0.1502,0.027,0.9986684420772303,0.0013315579227696406,8.529,0.1186,19.5294,11.0004,0.0,0.0,0.0,19.5294,0.11860000000000001,19.648,21.1503
2762,0.1756,0.0001,0.1757,0.0316,0.9994308480364258,0.0005691519635742744,9.777,0.0739,19.7772,10.0002,0.0,0.0,0.0,19.7772,0.0739,19.8511,22.3475
2763,0.1865,0.0001,0.1866,0.0336,0.9994640943193999,0.0005359056806002145,10.383,0.078,69.3841,59.0011,0.0,0.0,0.0,69.38410000000002,0.07800000000000001,69.46210000000002,70.9634
2764,0.387,0.0007,0.3878,0.0698,0.997937080969572,0.0018050541516245488,21.999,0.4538,170.9987,148.9997,0.0,0.0,0.0,170.99869999999999,0.4538,171.4525,177.4492
2765,0.2118,0.0,0.2118,0.0381,1.0,0.0,11.793,0.0077,11.7934,0.0004,0.0,0.0,0.0,11.793400000000002,0.0076999999999999985,11.801100000000002,11.8059
2766,0.2095,0.0125,0.222,0.04,0.9436936936936936,0.05630630630630631,11.787,7.247,251.787,240.0,0.0,0.0,0.0,251.78699999999998,7.247,259.034,264.5316
2767,0.2074,0.0232,0.2305,0.0415,0.8997830802603036,0.10065075921908892,11.787,14.7341,303.787,292.0,0.0,0.0,0.0,303.7869999999999,14.734100000000002,318.52109999999993,330.0212
2768,0.3159,0.0004,0.3163,0.0569,0.9987353778058805,0.0012646221941195067,17.0595,0.2304,73.059,55.9995,0.0,0.0,0.0,73.059,0.23040000000000002,73.2894,73.2928
2769,0.3372,0.0001,0.3373,0.0607,0.9997035280166024,0.00029647198339756897,17.6805,0.0575,17.6807,0.0002,0.0,0.0,0.0,17.680699999999998,0.0575,17.7382,17.7348
2770,0.3384,0.0021,0.3405,0.0613,0.9938325991189426,0.006167400881057268,18.6465,1.436,204.6465,186.0,0.0,0.0,0.0,204.64649999999997,1.436,206.08249999999998,210.5855
2771,0.1815,0.0002,0.1817,0.0327,0.9988992845349477,0.001100715465052284,10.6545,0.0959,10.6551,0.0006,0.0,0.0,0.0,10.655100000000001,0.09590000000000001,10.751000000000001,10.7467
2772,0.3096,0.0,0.3096,0.0557,1.0,0.0,18.171,0.0162,28.1716,10.0006,0.0,0.0,0.0,28.171600000000005,0.0162,28.187800000000006,28.1887
2773,0.1284,0.0,0.1284,0.0231,1.0,0.0,7.0755,0.0165,8.0759,1.0004,0.0,0.0,0.0,8.0759,0.016499999999999997,8.092400000000001,8.0902
2774,0.2464,0.0002,0.2465,0.0444,0.9995943204868155,0.0008113590263691685,14.1525,0.1191,28.1522,13.9997,0.0,0.0,0.0,28.152200000000004,0.1191,28.271300000000004,28.2726
2775,0.2475,0.0194,0.2669,0.048,0.9273136005994753,0.07268639940052454,13.6365,13.3119,288.6365,275.0,0.0,0.0,0.0,288.6365000000001,13.3119,301.9484000000001,308.9459
2776,0.2871,0.0093,0.2963,0.0533,0.9689503881201486,0.03138710766115423,15.9825,5.8121,300.9827,285.0002,0.0,0.0,0.0,300.98269999999997,5.812099999999999,306.79479999999995,312.2995
2777,0.1331,0.0,0.1331,0.024,1.0,0.0,7.3335,0.0079,10.333,2.9995,0.0,0.0,0.0,10.332999999999997,0.007899999999999999,10.340899999999996,10.3386
2778,0.1904,0.0001,0.1904,0.0343,1.0,0.0005252100840336134,10.383,0.049,12.3835,2.0005,0.0,0.0,0.0,12.383499999999998,0.048999999999999995,12.432499999999997,12.9291
2779,0.1712,0.0,0.1713,0.0308,0.9994162288382953,0.0,9.435,0.0332,37.4349,27.9999,0.0,0.0,0.0,37.43489999999999,0.0332,37.46809999999999,37.467
2780,0.2399,0.0003,0.2402,0.0432,0.9987510407993339,0.0012489592006661116,13.6365,0.208,38.6362,24.9997,0.0,0.0,0.0,38.636199999999995,0.20800000000000005,38.844199999999994,38.845
2781,0.2592,0.0,0.2592,0.0467,1.0,0.0,14.7345,0.0166,14.7336,0.0,0.0,0.0,0.0,14.733600000000003,0.016599999999999997,14.750200000000003,14.7538
2782,0.3,0.0007,0.3007,0.0541,0.9976720984369802,0.002327901563019621,16.3635,0.4263,149.3636,133.0001,0.0,0.0,0.0,149.36360000000002,0.4262999999999999,149.78990000000002,150.7907
2783,0.258,0.0026,0.2606,0.0469,0.990023023791251,0.009976976208749041,14.2155,1.6341,281.2158,267.0003,0.0,0.0,0.0,281.2158,1.6340999999999999,282.8499,285.345
2784,0.2655,0.0003,0.2658,0.0478,0.9988713318284426,0.001128668171557562,14.481,0.2068,35.4814,21.0004,0.0,0.0,0.0,35.4814,0.2068,35.6882,37.6874
2785,0.098,0.0095,0.1075,0.0193,0.9116279069767442,0.08837209302325581,5.454,6.1854,174.4543,169.0003,0.0,0.0,0.0,174.45429999999996,6.1854,180.63969999999995,191.6434
2786,0.0884,0.0003,0.0887,0.016,0.9966178128523112,0.0033821871476888386,5.1915,0.1689,51.192,46.0005,0.0,0.0,0.0,51.192,0.1689,51.3609,51.8562
2787,0.1747,0.0018,0.1765,0.0318,0.989801699716714,0.010198300283286119,9.435,1.1491,271.4347,261.9997,0.0,0.0,0.0,271.4347,1.1491000000000002,272.5838,276.084
2788,0.2181,0.0,0.2181,0.0393,1.0,0.0,11.325,0.0065,26.3247,14.9997,0.0,0.0,0.0,26.324699999999996,0.006500000000000001,26.331199999999995,26.3331
2789,0.4119,0.0127,0.4246,0.0764,0.9700894959962317,0.029910504003768254,23.1705,7.6749,188.1705,165.0,0.0,0.0,0.0,188.17050000000003,7.674899999999999,195.84540000000004,201.3459
2790,0.2466,0.0111,0.2578,0.0464,0.9565554693560901,0.0430566330488751,13.59,6.9501,271.5897,257.9997,0.0,0.0,0.0,271.5897,6.950100000000001,278.5398,289.0404
2791,0.196,0.0184,0.2144,0.0386,0.914179104477612,0.08582089552238806,10.9095,11.4086,283.9093,272.9998,0.0,0.0,0.0,283.9093000000001,11.408600000000002,295.31790000000007,300.8149
2792,0.1106,0.0002,0.1107,0.0199,0.999096657633243,0.0018066847335140017,5.6865,0.1033,19.6863,13.9998,0.0,0.0,0.0,19.686300000000006,0.10330000000000002,19.789600000000007,20.7893
2793,0.2606,0.0059,0.2665,0.048,0.9778611632270168,0.022138836772983114,14.2155,3.8772,240.2156,226.0001,0.0,0.0,0.0,240.21559999999997,3.8771999999999998,244.09279999999995,253.5961
2794,0.1593,0.0004,0.1597,0.0287,0.997495303694427,0.002504696305572949,8.6895,0.2632,38.6892,29.9997,0.0,0.0,0.0,38.689200000000014,0.2632,38.95240000000001,40.4562
2795,0.2693,0.0001,0.2695,0.0485,0.9992578849721706,0.00037105751391465676,15.9825,0.0885,17.9826,2.0001,0.0,0.0,0.0,17.9826,0.08850000000000001,18.0711,18.0737
2796,0.0878,0.0183,0.1061,0.0191,0.8275212064090481,0.17247879359095195,4.8885,10.5944,266.8885,262.0,0.0,0.0,0.0,266.88849999999996,10.5944,277.4829,289.4805
2797,0.3606,0.0013,0.3619,0.0651,0.9964078474716772,0.003592152528322741,19.0905,0.824,108.0909,89.0004,0.0,0.0,0.0,108.0909,0.8240000000000001,108.9149,110.9161
2798,0.0939,0.0002,0.0941,0.0169,0.9978746014877788,0.0021253985122210413,5.574,0.103,24.5739,18.9999,0.0,0.0,0.0,24.573900000000002,0.103,24.676900000000003,24.6782
2799,0.2075,0.0036,0.2111,0.038,0.9829464708668877,0.01705352913311227,11.793,2.3293,267.7937,256.0007,0.0,0.0,0.0,267.79369999999994,2.3293,270.12299999999993,274.1212
2800,0.4005,0.0217,0.4222,0.076,0.94860255802937,0.05139744197063003,22.296,12.9998,272.2955,249.9995,0.0,0.0,0.0,272.29550000000006,12.999800000000002,285.29530000000005,294.2984
2801,0.203,0.0001,0.2031,0.0366,0.999507631708518,0.0004923682914820286,11.787,0.0705,18.787,7.0,0.0,0.0,0.0,18.787000000000006,0.0705,18.857500000000005,19.8531
2802,0.3769,0.0,0.3769,0.0678,1.0,0.0,20.7675,0.0136,30.7674,9.9999,0.0,0.0,0.0,30.767399999999995,0.0136,30.780999999999995,30.7853
2803,0.1416,0.0002,0.1418,0.0255,0.998589562764457,0.0014104372355430183,7.569,0.1404,29.569,22.0,0.0,0.0,0.0,29.569,0.1404,29.7094,29.7083
2804,0.3468,0.0235,0.3704,0.0667,0.9362850971922246,0.06344492440604751,19.509,14.0014,265.5085,245.9995,0.0,0.0,0.0,265.50849999999997,14.0014,279.50989999999996,293.0082
2805,0.0906,0.0017,0.0923,0.0166,0.981581798483207,0.018418201516793065,5.046,1.1009,190.0461,185.0001,0.0,0.0,0.0,190.04609999999997,1.1009,191.14699999999996,198.1491
2806,0.1219,0.0,0.1219,0.0219,1.0,0.0,7.0755,0.0184,28.0761,21.0006,0.0,0.0,0.0,28.076099999999997,0.0184,28.094499999999996,28.0903
2807,0.1879,0.0007,0.1885,0.0339,0.996816976127321,0.003713527851458886,10.9095,0.4104,147.9091,136.9996,0.0,0.0,0.0,147.90909999999997,0.41039999999999993,148.31949999999998,150.8185
2808,0.0878,0.0002,0.0881,0.0159,0.996594778660613,0.002270147559591374,5.046,0.1519,22.0461,17.0001,0.0,0.0,0.0,22.046100000000006,0.1519,22.198000000000008,22.1961
2809,0.1788,0.0001,0.179,0.0322,0.9988826815642458,0.000558659217877095,10.383,0.0907,10.3836,0.0006,0.0,0.0,0.0,10.383599999999998,0.0907,10.474299999999998,10.4712
2810,0.2103,0.0058,0.216,0.0389,0.9736111111111111,0.02685185185185185,11.586,3.3752,276.5851,264.9991,0.0,0.0,0.0,276.58509999999995,3.3752000000000004,279.96029999999996,285.9589
2811,0.3964,0.0049,0.4013,0.0722,0.9877896835285322,0.01221031647146773,22.296,3.1712,238.2951,215.9991,0.0,0.0,0.0,238.29510000000002,3.1712,241.46630000000002,249.4662
2812,0.2601,0.0002,0.2603,0.0469,0.9992316557817903,0.0007683442182097581,14.481,0.1169,21.4816,7.0006,0.0,0.0,0.0,21.481599999999993,0.11689999999999999,21.598499999999994,21.595
2813,0.3657,0.0001,0.3658,0.0658,0.9997266265718973,0.0002733734281027884,19.554,0.066,26.5543,7.0003,0.0,0.0,0.0,26.554299999999998,0.066,26.620299999999997,26.6232
2814,0.214,0.0008,0.2148,0.0387,0.9962756052141527,0.0037243947858473002,11.793,0.5065,93.7936,82.0006,0.0,0.0,0.0,93.79359999999998,0.5065000000000001,94.30009999999999,97.297
2815,0.0927,0.0006,0.0933,0.0168,0.9935691318327975,0.006430868167202572,5.328,0.3615,116.3277,110.9997,0.0,0.0,0.0,116.32769999999996,0.3615,116.68919999999997,116.6861
2816,0.3636,0.0001,0.3638,0.0655,0.999450247388675,0.0002748763056624519,21.8175,0.0853,26.8182,5.0007,0.0,0.0,0.0,26.818199999999994,0.08529999999999999,26.903499999999994,26.9065
2817,0.3769,0.0012,0.3781,0.0681,0.9968262364453849,0.003173763554615181,20.7675,0.7563,93.7675,73.0,0.0,0.0,0.0,93.76750000000001,0.7563000000000001,94.52380000000001,101.526
2818,0.2689,0.001,0.2699,0.0486,0.9962949240459429,0.0037050759540570586,14.6655,0.6335,188.6657,174.0002,0.0,0.0,0.0,188.6657,0.6335,189.29919999999998,195.296
2819,0.4291,0.0013,0.4304,0.0775,0.9969795539033457,0.003020446096654275,23.1705,0.886,167.1705,144.0,0.0,0.0,0.0,167.17050000000003,0.886,168.05650000000003,173.0585
2820,0.3365,0.0006,0.3371,0.0607,0.998220112726194,0.0017798872738059922,18.171,0.3554,119.1717,101.0007,0.0,0.0,0.0,119.17169999999999,0.35540000000000005,119.52709999999999,122.0283
2821,0.3159,0.0,0.316,0.0569,0.9996835443037975,0.0,17.0595,0.0297,21.0586,3.9991,0.0,0.0,0.0,21.0586,0.029699999999999997,21.088299999999997,21.0873
2822,0.2075,0.0038,0.2113,0.038,0.9820160908660672,0.017983909133932798,11.793,2.3187,189.7933,178.0003,0.0,0.0,0.0,189.79330000000004,2.3186999999999998,192.11200000000005,205.114
2823,0.1009,0.0001,0.101,0.0182,0.999009900990099,0.0009900990099009901,5.1915,0.0418,5.1915,0.0,0.0,0.0,0.0,5.1915,0.0418,5.2333,5.2308
2824,0.3654,0.0001,0.3654,0.0658,1.0,0.0002736726874657909,20.7675,0.0431,43.7674,22.9999,0.0,0.0,0.0,43.767399999999995,0.043100000000000006,43.8105,45.3147
2825,0.2965,0.0008,0.2974,0.0535,0.9969737726967047,0.0026899798251513113,15.855,0.4998,122.8545,106.9995,0.0,0.0,0.0,122.8545,0.4998000000000001,123.3543,123.3516
2826,0.4278,0.0243,0.4521,0.0814,0.9462508294625083,0.0537491705374917,23.574,14.577,205.574,182.0,0.0,0.0,0.0,205.57399999999996,14.576999999999998,220.15099999999995,232.1474
2827,0.1062,0.0112,0.1174,0.0211,0.9045996592844975,0.09540034071550255,5.793,6.6707,267.7928,261.9998,0.0,0.0,0.0,267.7927999999999,6.670699999999999,274.4634999999999,287.4669
2828,0.1661,0.0008,0.1669,0.03,0.9952067106051529,0.004793289394847214,9.06,0.4823,103.0597,93.9997,0.0,0.0,0.0,103.05969999999999,0.48230000000000006,103.54199999999999,110.0421
2829,0.4682,0.0061,0.4743,0.0854,0.9871389415981446,0.012861058401855367,26.067,3.8398,234.0668,207.9998,0.0,0.0,0.0,234.06679999999994,3.8398000000000003,237.90659999999994,243.4089
2830,0.1051,0.0064,0.1115,0.0201,0.9426008968609865,0.05739910313901345,5.793,4.0065,181.7928,175.9998,0.0,0.0,0.0,181.79280000000003,4.0065,185.79930000000002,193.8005
2831,0.3717,0.0007,0.3724,0.067,0.9981203007518796,0.0018796992481203006,20.274,0.4272,86.2741,66.0001,0.0,0.0,0.0,86.27410000000003,0.42719999999999997,86.70130000000003,88.206
2832,0.3642,0.0007,0.3649,0.0657,0.9980816662099206,0.0019183337900794738,20.274,0.4595,95.2743,75.0003,0.0,0.0,0.0,95.27430000000001,0.45949999999999996,95.73380000000002,96.2326
2833,0.3577,0.0056,0.3632,0.0654,0.9848568281938326,0.01541850220264317,19.509,3.6214,213.5081,193.9991,0.0,0.0,0.0,213.5081,3.6214,217.1295,224.6319
2834,0.1399,0.0011,0.141,0.0254,0.9921985815602837,0.007801418439716313,7.788,0.7229,120.7877,112.9997,0.0,0.0,0.0,120.78769999999999,0.7229000000000001,121.51059999999998,124.0091
2835,0.3089,0.027,0.336,0.0605,0.919345238095238,0.08035714285714285,17.3775,16.3862,215.3777,198.0002,0.0,0.0,0.0,215.3777,16.386200000000002,231.7639,250.2591
2836,0.2782,0.0029,0.2811,0.0506,0.9896833866951262,0.010316613304873708,15.9825,1.7149,197.9827,182.0002,0.0,0.0,0.0,197.98269999999997,1.7149,199.69759999999997,207.7024
2837,0.1904,0.0042,0.1946,0.035,0.9784172661870505,0.021582733812949638,10.383,2.6041,245.3834,235.0004,0.0,0.0,0.0,245.3834,2.6041,247.98749999999998,255.984
2838,0.1517,0.0228,0.1745,0.0314,0.8693409742120345,0.13065902578796562,8.361,13.9759,251.3609,242.9999,0.0,0.0,0.0,251.36090000000002,13.975899999999998,265.33680000000004,277.332
2839,0.3218,0.0016,0.3234,0.0582,0.9950525664811378,0.00494743351886209,17.3775,0.9943,79.3778,62.0003,0.0,0.0,0.0,79.37780000000001,0.9943000000000002,80.3721,81.8714
2840,0.3504,0.0001,0.3505,0.0631,0.9997146932952925,0.0002853067047075607,19.509,0.0454,19.5085,0.0,0.0,0.0,0.0,19.508499999999994,0.045399999999999996,19.553899999999995,19.5526
2841,0.1304,0.0036,0.1339,0.0241,0.9738610903659447,0.026885735623599704,7.3335,2.1566,172.3326,164.9991,0.0,0.0,0.0,172.33259999999999,2.1565999999999996,174.48919999999998,183.4878
2842,0.2905,0.0158,0.3063,0.0551,0.9484165850473391,0.05158341495266079,16.5105,9.6133,184.511,168.0005,0.0,0.0,0.0,184.51099999999994,9.613299999999999,194.12429999999995,204.6212
2843,0.1506,0.0,0.1507,0.0271,0.9993364299933644,0.0,8.841,0.0288,12.8409,3.9999,0.0,0.0,0.0,12.840899999999998,0.028800000000000003,12.869699999999998,12.8649
2844,0.1595,0.0001,0.1596,0.0287,0.9993734335839599,0.0006265664160401003,8.529,0.0554,8.5292,0.0002,0.0,0.0,0.0,8.5292,0.0554,8.5846,8.5886
2845,0.2266,0.0051,0.2317,0.0417,0.9779887785930083,0.022011221406991802,12.615,3.065,197.6152,185.0002,0.0,0.0,0.0,197.61520000000004,3.065,200.68020000000004,209.1766
2846,0.3154,0.0029,0.3183,0.0573,0.9908890983349041,0.00911090166509582,17.3775,1.8355,203.3777,186.0002,0.0,0.0,0.0,203.3777,1.8355,205.2132,211.7165
2847,0.3322,0.0009,0.3331,0.06,0.9972981086760733,0.002701891323926749,18.12,0.6079,96.1194,77.9994,0.0,0.0,0.0,96.11939999999998,0.6078999999999999,96.72729999999999,104.2225
2848,0.2259,0.0,0.226,0.0407,0.9995575221238937,0.0,12.9795,0.0104,13.9795,1.0,0.0,0.0,0.0,13.979499999999996,0.0104,13.989899999999997,13.9938
2849,0.3221,0.0001,0.3222,0.058,0.9996896337678461,0.0003103662321539417,18.12,0.0507,19.1193,0.9993,0.0,0.0,0.0,19.119299999999996,0.05069999999999999,19.169999999999995,19.1654
2850,0.098,0.0003,0.0982,0.0177,0.9979633401221997,0.003054989816700611,5.454,0.1756,14.4545,9.0005,0.0,0.0,0.0,14.4545,0.17559999999999998,14.630099999999999,16.131
2851,0.297,0.0,0.297,0.0535,1.0,0.0,16.3635,0.0123,26.3639,10.0004,0.0,0.0,0.0,26.363900000000008,0.012299999999999998,26.376200000000008,26.3733
2852,0.148,0.0,0.148,0.0266,1.0,0.0,7.992,0.0103,18.9912,10.9992,0.0,0.0,0.0,18.991200000000003,0.010299999999999998,19.001500000000004,18.9994
2853,0.3066,0.0003,0.3069,0.0552,0.9990224828934505,0.0009775171065493646,16.722,0.2092,80.7211,63.9991,0.0,0.0,0.0,80.7211,0.20919999999999997,80.9303,83.9347
2854,0.3986,0.0105,0.4091,0.0736,0.974333903691029,0.02566609630897091,21.3105,6.1745,254.3105,233.0,0.0,0.0,0.0,254.31050000000005,6.1745,260.48500000000007,266.9858
2855,0.0925,0.0001,0.0926,0.0167,0.9989200863930885,0.0010799136069114472,5.046,0.0349,22.046,17.0,0.0,0.0,0.0,22.046000000000003,0.0349,22.080900000000003,26.0798
2856,0.1465,0.0003,0.1468,0.0264,0.9979564032697547,0.0020435967302452314,7.992,0.2007,36.9911,28.9991,0.0,0.0,0.0,36.9911,0.20070000000000002,37.1918,39.192
2857,0.2555,0.0,0.2555,0.046,1.0,0.0,13.935,0.0125,16.9345,2.9995,0.0,0.0,0.0,16.9345,0.0125,16.947,16.9432
2858,0.1412,0.0,0.1413,0.0254,0.9992922859164897,0.0,7.3335,0.0181,7.333,0.0,0.0,0.0,0.0,7.333000000000001,0.018099999999999998,7.351100000000001,7.3557
2859,0.2909,0.0,0.2909,0.0524,1.0,0.0,16.3635,0.0101,17.3636,1.0001,0.0,0.0,0.0,17.363599999999998,0.010099999999999998,17.3737,17.3749
2860,0.3119,0.0,0.3119,0.0561,1.0,0.0,16.5105,0.0082,33.5111,17.0006,0.0,0.0,0.0,33.5111,0.008199999999999999,33.5193,33.5188
2861,0.2887,0.0005,0.2893,0.0521,0.9979260283442793,0.0017283097131005876,15.138,0.3193,56.138,41.0,0.0,0.0,0.0,56.138,0.3193,56.4573,56.4562
2862,0.1827,0.0,0.1827,0.0329,1.0,0.0,10.383,0.0121,10.3834,0.0004,0.0,0.0,0.0,10.383399999999998,0.012100000000000001,10.395499999999998,10.3986
2863,0.1517,0.0059,0.1577,0.0284,0.9619530754597336,0.03741280913126189,8.361,3.8052,162.3607,153.9997,0.0,0.0,0.0,162.3607,3.8052,166.16590000000002,177.6692
2864,0.0967,0.0077,0.1044,0.0188,0.9262452107279693,0.07375478927203065,5.328,4.9619,179.3276,173.9996,0.0,0.0,0.0,179.3276,4.9619,184.28949999999998,198.789
2865,0.2731,0.0,0.2731,0.0492,1.0,0.0,15.855,0.0262,29.8548,13.9998,0.0,0.0,0.0,29.854799999999994,0.026199999999999998,29.880999999999993,30.8769
2866,0.45,0.0001,0.4501,0.081,0.9997778271495223,0.00022217285047767163,23.364,0.0758,25.363,1.999,0.0,0.0,0.0,25.363000000000007,0.0758,25.438800000000008,25.9374
2867,0.1413,0.0087,0.1501,0.027,0.9413724183877415,0.05796135909393737,7.788,5.3167,215.7876,207.9996,0.0,0.0,0.0,215.78760000000008,5.3167,221.10430000000008,227.608
2868,0.3074,0.0004,0.3078,0.0554,0.9987004548408057,0.001299545159194282,17.1105,0.28,101.1105,84.0,0.0,0.0,0.0,101.11049999999997,0.27999999999999997,101.39049999999997,103.3903
2869,0.099,0.0001,0.0991,0.0178,0.9989909182643796,0.0010090817356205853,5.454,0.0442,27.4545,22.0005,0.0,0.0,0.0,27.454500000000014,0.04419999999999999,27.498700000000014,27.5017
2870,0.15,0.0007,0.1508,0.0271,0.9946949602122016,0.004641909814323607,8.529,0.452,97.5293,89.0003,0.0,0.0,0.0,97.52930000000003,0.45200000000000007,97.98130000000003,102.9781
2871,0.1012,0.0093,0.1105,0.0199,0.9158371040723982,0.0841628959276018,5.574,6.0143,218.5737,212.9997,0.0,0.0,0.0,218.5737,6.0143,224.588,227.0865
2872,0.1859,0.0003,0.1862,0.0335,0.9983888292158969,0.0016111707841031148,10.9095,0.2177,50.9093,39.9998,0.0,0.0,0.0,50.9093,0.21769999999999998,51.127,53.127
2873,0.3459,0.0019,0.3478,0.0626,0.9945370902817711,0.005462909718228867,18.87,1.231,138.8696,119.9996,0.0,0.0,0.0,138.86960000000002,1.231,140.10060000000001,147.0979
2874,0.1471,0.0179,0.165,0.0297,0.8915151515151515,0.10848484848484848,8.361,11.4175,212.3608,203.9998,0.0,0.0,0.0,212.3608,11.417500000000002,223.7783,231.2803
2875,0.3154,0.0014,0.3168,0.057,0.9955808080808081,0.004419191919191919,17.3775,0.9251,153.378,136.0005,0.0,0.0,0.0,153.37800000000001,0.9250999999999998,154.3031,158.7988
2876,0.1756,0.0,0.1756,0.0316,1.0,0.0,9.777,0.0095,22.7773,13.0003,0.0,0.0,0.0,22.777300000000007,0.009499999999999998,22.786800000000007,22.7903
2877,0.2292,0.0001,0.2292,0.0413,1.0,0.00043630017452006987,11.787,0.033,14.7871,3.0001,0.0,0.0,0.0,14.7871,0.033,14.8201,14.8242
2878,0.4338,0.0001,0.4339,0.0781,0.9997695321502651,0.000230467849734962,22.7445,0.0595,41.7446,19.0001,0.0,0.0,0.0,41.7446,0.0595,41.8041,41.8073
2879,0.3577,0.0189,0.3766,0.0678,0.9498141263940522,0.05018587360594796,20.7675,11.4613,224.7673,203.9998,0.0,0.0,0.0,224.76730000000003,11.461300000000001,236.22860000000003,247.23
2880,0.3121,0.0002,0.3123,0.0562,0.999359590137688,0.0006404098623118795,16.3635,0.0967,16.3638,0.0003,0.0,0.0,0.0,16.363799999999998,0.0967,16.460499999999996,16.9639
2881,0.0897,0.0175,0.1072,0.0193,0.8367537313432836,0.16324626865671643,5.046,10.7817,212.0463,207.0003,0.0,0.0,0.0,212.04629999999997,10.781699999999997,222.82799999999997,238.8281
2882,0.1486,0.0051,0.1537,0.0277,0.966818477553676,0.03318152244632401,8.361,3.2741,200.3608,191.9998,0.0,0.0,0.0,200.3608,3.2741,203.63490000000002,211.1351
2883,0.3705,0.0037,0.3742,0.0674,0.9901122394441476,0.009887760555852486,20.628,2.1962,131.6271,110.9991,0.0,0.0,0.0,131.62710000000004,2.1962,133.82330000000005,143.3203
2884,0.2503,0.0057,0.2561,0.0461,0.9773525966419369,0.02225693088637251,13.935,3.6213,203.9346,189.9996,0.0,0.0,0.0,203.93460000000002,3.6212999999999997,207.5559,211.0585
2885,0.3232,0.0001,0.3233,0.0582,0.9996906897618312,0.0003093102381688834,17.1105,0.0366,22.11,4.9995,0.0,0.0,0.0,22.109999999999992,0.0366,22.146599999999992,22.1478
2886,0.2218,0.0078,0.2296,0.0413,0.9660278745644599,0.03397212543554007,12.222,4.6952,214.2214,201.9994,0.0,0.0,0.0,214.2213999999999,4.6952,218.9165999999999,221.9161
2887,0.1919,0.0026,0.1945,0.035,0.9866323907455012,0.013367609254498713,10.9095,1.5298,93.9092,82.9997,0.0,0.0,0.0,93.90919999999998,1.5298,95.43899999999998,101.441
2888,0.2943,0.0003,0.2947,0.053,0.9986426874787919,0.001017984390906006,17.661,0.1921,60.661,43.0,0.0,0.0,0.0,60.66099999999999,0.1921,60.85309999999999,60.8511
2889,0.2523,0.0001,0.2524,0.0454,0.9996038034865293,0.0003961965134706815,15.138,0.069,26.1381,11.0001,0.0,0.0,0.0,26.138099999999998,0.069,26.207099999999997,26.2069
2890,0.2008,0.0002,0.201,0.0362,0.9990049751243781,0.0009950248756218905,11.787,0.0995,45.787,34.0,0.0,0.0,0.0,45.78700000000001,0.09949999999999999,45.88650000000001,45.8868
2891,0.1516,0.0031,0.1547,0.0279,0.979961215255333,0.020038784744667096,8.529,1.9241,147.5291,139.0001,0.0,0.0,0.0,147.52910000000003,1.9240999999999995,149.45320000000004,151.4498
2892,0.2782,0.0,0.2783,0.0501,0.9996406755300037,0.0,16.5105,0.0167,16.511,0.0005,0.0,0.0,0.0,16.511,0.0167,16.5277,16.5241
2893,0.274,0.0192,0.2932,0.0528,0.9345156889495225,0.06548431105047749,15.576,12.4291,190.5756,174.9996,0.0,0.0,0.0,190.57559999999998,12.429100000000002,203.00469999999999,208.5077
2894,0.3465,0.0,0.3465,0.0624,1.0,0.0,19.0905,0.027,23.0908,4.0003,0.0,0.0,0.0,23.0908,0.027,23.117800000000003,23.1155
2895,0.3425,0.0007,0.3432,0.0618,0.997960372960373,0.0020396270396270395,18.87,0.4481,108.8698,89.9998,0.0,0.0,0.0,108.86979999999997,0.44810000000000005,109.31789999999997,111.8132
2896,0.1627,0.0032,0.1659,0.0299,0.9807112718505124,0.019288728149487646,9.06,2.0592,152.0598,142.9998,0.0,0.0,0.0,152.05980000000005,2.0591999999999997,154.11900000000006,163.6177
2897,0.4262,0.005,0.4312,0.0776,0.988404452690167,0.011595547309833023,23.9745,3.2421,162.9739,138.9994,0.0,0.0,0.0,162.97389999999996,3.2421000000000006,166.21599999999995,175.2154
2898,0.2735,0.028,0.3015,0.0543,0.9071310116086236,0.09286898839137646,14.481,16.7761,214.4813,200.0003,0.0,0.0,0.0,214.48129999999995,16.776100000000003,231.25739999999996,233.757
2899,0.2064,0.0001,0.2065,0.0372,0.9995157384987894,0.0004842615012106538,11.148,0.049,13.1477,1.9997,0.0,0.0,0.0,13.147699999999999,0.04899999999999999,13.196699999999998,13.1957
2900,0.2475,0.0017,0.2491,0.0448,0.9935768767563228,0.006824568446407065,14.2155,1.0225,118.2157,104.0002,0.0,0.0,0.0,118.2157,1.0225,119.23819999999999,121.2343
2901,0.1561,0.003,0.1591,0.0286,0.9811439346323068,0.018856065367693277,8.6895,1.8056,122.689,113.9995,0.0,0.0,0.0,122.68900000000002,1.8055999999999994,124.49460000000002,139.49
2902,0.4154,0.0,0.4154,0.0748,1.0,0.0,23.364,0.0241,26.3633,2.9993,0.0,0.0,0.0,26.363300000000006,0.0241,26.387400000000007,26.3884
2903,0.097,0.0198,0.1167,0.021,0.831191088260497,0.16966580976863754,5.454,12.3924,145.4542,140.0002,0.0,0.0,0.0,145.45420000000001,12.392400000000002,157.84660000000002,168.3505
2904,0.1832,0.0005,0.1837,0.0331,0.9972781709308656,0.0027218290691344584,10.092,0.3364,37.092,27.0,0.0,0.0,0.0,37.092000000000006,0.33640000000000003,37.4284,38.9243
2905,0.4586,0.0018,0.4604,0.0829,0.9960903562119896,0.003909643788010426,26.067,1.121,143.0667,116.9997,0.0,0.0,0.0,143.06669999999997,1.121,144.18769999999998,146.1888
2906,0.4196,0.0001,0.4197,0.0755,0.9997617345723134,0.0002382654276864427,21.999,0.0388,24.9986,2.9996,0.0,0.0,0.0,24.998599999999996,0.0388,25.037399999999995,25.0344
2907,0.424,0.0041,0.4282,0.0771,0.9901914992993928,0.009574964969640356,23.364,2.5039,186.3635,162.9995,0.0,0.0,0.0,186.36350000000004,2.5039,188.86740000000003,194.8697
2908,0.3615,0.0079,0.3694,0.0665,0.978613968597726,0.02138603140227396,20.7675,4.9602,172.7673,151.9998,0.0,0.0,0.0,172.76730000000003,4.960199999999999,177.72750000000002,186.7315
2909,0.3459,0.0005,0.3464,0.0624,0.9985565819861432,0.001443418013856813,18.87,0.3097,92.8695,73.9995,0.0,0.0,0.0,92.8695,0.3097,93.17920000000001,95.1806
2910,0.4911,0.0008,0.4919,0.0885,0.9983736531815409,0.0016263468184590365,26.5215,0.4663,46.5211,19.9996,0.0,0.0,0.0,46.5211,0.4663,46.987399999999994,50.9873
2911,0.0897,0.0196,0.1093,0.0197,0.8206770356816103,0.17932296431838976,5.046,12.2922,175.0462,170.0002,0.0,0.0,0.0,175.04619999999997,12.2922,187.33839999999998,190.8393
2912,0.101,0.005,0.106,0.0191,0.9528301886792454,0.04716981132075472,5.454,3.2299,181.4545,176.0005,0.0,0.0,0.0,181.45449999999994,3.2299,184.68439999999993,196.6817
2913,0.2286,0.0146,0.2432,0.0438,0.9399671052631579,0.060032894736842105,12.222,9.1721,199.2218,186.9998,0.0,0.0,0.0,199.22179999999994,9.172099999999999,208.39389999999995,215.3919
2914,0.1884,0.0046,0.193,0.0347,0.9761658031088083,0.02383419689119171,10.383,2.9798,189.3835,179.0005,0.0,0.0,0.0,189.38350000000003,2.9797999999999996,192.36330000000004,200.8602
2915,0.3271,0.0005,0.3275,0.059,0.9987786259541984,0.0015267175572519084,17.661,0.315,79.6612,62.0002,0.0,0.0,0.0,79.6612,0.31500000000000006,79.97619999999999,80.9795
2916,0.2568,0.0,0.2569,0.0462,0.9996107434799532,0.0,14.1525,0.0083,16.152,1.9995,0.0,0.0,0.0,16.152,0.0083,16.1603,16.1554
2917,0.3298,0.0043,0.3341,0.0601,0.9871296019155941,0.012870398084405866,18.171,2.7888,160.1716,142.0006,0.0,0.0,0.0,160.17159999999998,2.7887999999999997,162.9604,171.4622
2918,0.2061,0.0186,0.2246,0.0404,0.9176313446126447,0.08281389136242208,10.9095,12.0238,202.9092,191.9997,0.0,0.0,0.0,202.9092000000001,12.0238,214.9330000000001,217.4325
2919,0.1579,0.0004,0.1583,0.0285,0.9974731522425775,0.0025268477574226155,8.529,0.2561,34.5292,26.0002,0.0,0.0,0.0,34.5292,0.2561,34.78530000000001,36.7861
2920,0.1894,0.0096,0.199,0.0358,0.9517587939698493,0.048241206030150745,10.6545,5.9221,176.6552,166.0007,0.0,0.0,0.0,176.65519999999995,5.9220999999999995,182.57729999999995,192.0813
2921,0.1572,0.0014,0.1586,0.0285,0.991172761664565,0.008827238335435058,8.841,0.85,94.8403,85.9993,0.0,0.0,0.0,94.84029999999998,0.8500000000000001,95.69029999999998,103.688
2922,0.3004,0.0015,0.3019,0.0543,0.9950314673733024,0.004968532626697582,16.722,0.9809,130.7213,113.9993,0.0,0.0,0.0,130.7213,0.9809,131.7022,134.7002
2923,0.2848,0.0014,0.2862,0.0515,0.9951083158630328,0.004891684136967156,15.855,0.9203,143.8546,127.9996,0.0,0.0,0.0,143.85459999999998,0.9203000000000001,144.77489999999997,150.7768
2924,0.3384,0.0001,0.3385,0.0609,0.9997045790251107,0.0002954209748892171,18.6465,0.0781,29.6465,11.0,0.0,0.0,0.0,29.64649999999999,0.07810000000000002,29.724599999999988,30.7243
2925,0.3737,0.0001,0.3738,0.0673,0.999732477260567,0.00026752273943285177,20.385,0.0611,20.3848,0.0,0.0,0.0,0.0,20.3848,0.061099999999999995,20.445899999999998,20.4463
2926,0.3782,0.0026,0.3807,0.0685,0.9934331494615183,0.006829524560021014,20.628,1.5928,148.6276,127.9996,0.0,0.0,0.0,148.62760000000003,1.5928000000000002,150.22040000000004,157.2254
2927,0.083,0.0068,0.0897,0.0162,0.9253065774804905,0.0758082497212932,4.7175,4.298,148.7175,144.0,0.0,0.0,0.0,148.7175000000001,4.298,153.0155000000001,162.5191
2928,0.1865,0.0155,0.202,0.0364,0.9232673267326732,0.07673267326732673,10.383,10.0107,177.3837,167.0007,0.0,0.0,0.0,177.3837,10.010700000000002,187.39440000000002,196.3971
2929,0.4119,0.0019,0.4139,0.0745,0.9951679149553032,0.004590480792461948,23.1705,1.1632,137.1705,114.0,0.0,0.0,0.0,137.17050000000003,1.1632,138.33370000000002,143.3318
2930,0.3001,0.0058,0.3059,0.0551,0.9810395554102647,0.018960444589735205,17.0595,3.6685,140.0587,122.9992,0.0,0.0,0.0,140.05870000000004,3.6685,143.72720000000004,146.2318
2931,0.1627,0.0001,0.1628,0.0293,0.9993857493857494,0.0006142506142506142,9.06,0.0618,63.0599,53.9999,0.0,0.0,0.0,63.05989999999999,0.061799999999999994,63.12169999999999,64.1171
2932,0.1888,0.0022,0.1909,0.0344,0.9889994761655317,0.011524358302776325,10.092,1.3799,149.0921,139.0001,0.0,0.0,0.0,149.09209999999996,1.3799000000000001,150.47199999999995,162.4714
2933,0.1962,0.0,0.1963,0.0353,0.9994905756495162,0.0,10.092,0.0194,12.0921,2.0001,0.0,0.0,0.0,12.092100000000004,0.019399999999999997,12.111500000000003,12.1072
2934,0.3867,0.0005,0.3872,0.0697,0.9987086776859504,0.0012913223140495868,21.3105,0.3167,27.3103,5.9998,0.0,0.0,0.0,27.3103,0.3167,27.627000000000002,29.6258
2935,0.3169,0.0022,0.3191,0.0574,0.9931056095267942,0.006894390473205892,17.1105,1.4002,157.1098,139.9993,0.0,0.0,0.0,157.10980000000006,1.4002,158.51000000000008,162.5051
2936,0.3097,0.0012,0.3109,0.056,0.9961402380186554,0.0038597619813444833,16.722,0.771,104.7214,87.9994,0.0,0.0,0.0,104.72140000000002,0.771,105.49240000000002,112.9949
2937,0.3642,0.0,0.3642,0.0656,1.0,0.0,20.274,0.0121,20.2744,0.0004,0.0,0.0,0.0,20.2744,0.012100000000000001,20.2865,20.2898
2938,0.2798,0.0189,0.2987,0.0538,0.9367258118513558,0.06327418814864412,15.576,11.7075,173.5755,157.9995,0.0,0.0,0.0,173.57549999999998,11.7075,185.283,190.2794
2939,0.2001,0.0049,0.205,0.0369,0.9760975609756098,0.023902439024390244,11.373,2.9114,154.3724,142.9994,0.0,0.0,0.0,154.37240000000003,2.9113999999999995,157.2838,163.7817
2940,0.108,0.0006,0.1087,0.0196,0.9935602575896963,0.005519779208831646,5.8935,0.42,71.8935,66.0,0.0,0.0,0.0,71.8935,0.42,72.3135,77.3183
2941,0.1769,0.0,0.1769,0.0318,1.0,0.0,10.383,0.01,10.3839,0.0009,0.0,0.0,0.0,10.383899999999999,0.010000000000000002,10.393899999999999,10.3929
2942,0.3948,0.0,0.3948,0.0711,1.0,0.0,23.1705,0.0322,33.1705,10.0,0.0,0.0,0.0,33.1705,0.0322,33.2027,33.2001
2943,0.4086,0.02,0.4286,0.0771,0.953336444237051,0.04666355576294914,22.7445,12.0339,159.7449,137.0004,0.0,0.0,0.0,159.7449,12.0339,171.7788,178.7758
2944,0.3298,0.0075,0.3372,0.0607,0.9780545670225385,0.022241992882562275,18.171,4.7396,155.1711,137.0001,0.0,0.0,0.0,155.1711,4.739599999999999,159.9107,164.9076
2945,0.3159,0.0056,0.3216,0.0579,0.9822761194029851,0.017412935323383085,17.0595,3.3853,119.0589,101.9994,0.0,0.0,0.0,119.0589,3.3853,122.4442,127.9455
2946,0.3846,0.0025,0.3871,0.0697,0.9935417204856626,0.006458279514337381,20.7675,1.5822,112.7675,92.0,0.0,0.0,0.0,112.76750000000001,1.5822,114.34970000000001,120.3492
2947,0.3717,0.007,0.3787,0.0682,0.9815157116451017,0.018484288354898338,20.274,4.4385,140.2743,120.0003,0.0,0.0,0.0,140.27429999999998,4.4385,144.7128,151.2088
2948,0.3315,0.0001,0.3316,0.0597,0.9996984318455971,0.0003015681544028951,17.3775,0.0558,26.3778,9.0003,0.0,0.0,0.0,26.3778,0.05580000000000001,26.433600000000002,27.4362
2949,0.2606,0.0,0.2607,0.0469,0.9996164173379364,0.0,14.2155,0.0268,33.2157,19.0002,0.0,0.0,0.0,33.215700000000005,0.0268,33.24250000000001,33.7396
2950,0.3264,0.0081,0.3345,0.0602,0.9757847533632287,0.024215246636771298,18.171,5.6941,141.1717,123.0007,0.0,0.0,0.0,141.1717,5.6941,146.86579999999998,152.8666
2951,0.344,0.0011,0.3451,0.0621,0.9968125181106924,0.003187481889307447,19.554,0.7127,53.5544,34.0004,0.0,0.0,0.0,53.5544,0.7127,54.2671,55.2652
2952,0.4205,0.0111,0.4316,0.0777,0.9742817423540315,0.025718257645968492,23.1705,6.8669,148.1705,125.0,0.0,0.0,0.0,148.17050000000003,6.866899999999999,155.03740000000002,159.5343
2953,0.37,0.0034,0.3735,0.0672,0.9906291834002677,0.009103078982597055,20.184,2.079,145.1842,125.0002,0.0,0.0,0.0,145.18419999999995,2.0789999999999997,147.26319999999996,150.2628
2954,0.0942,0.002,0.0962,0.0173,0.9792099792099793,0.02079002079002079,5.1915,1.2345,129.1916,124.0001,0.0,0.0,0.0,129.19160000000005,1.2345000000000002,130.42610000000005,133.9267
2955,0.3122,0.0,0.3122,0.0562,1.0,0.0,17.3775,0.0142,17.3777,0.0002,0.0,0.0,0.0,17.3777,0.014199999999999999,17.3919,17.393
2956,0.1043,0.0169,0.1212,0.0218,0.8605610561056106,0.13943894389438943,5.6865,10.7996,147.6863,141.9998,0.0,0.0,0.0,147.68629999999996,10.799600000000002,158.48589999999996,160.9828
2957,0.3905,0.0,0.3905,0.0703,1.0,0.0,20.274,0.0126,20.2742,0.0002,0.0,0.0,0.0,20.2742,0.0126,20.2868,20.2858
2958,0.3331,0.0161,0.3492,0.0629,0.9538946162657502,0.04610538373424971,18.171,10.0828,141.1717,123.0007,0.0,0.0,0.0,141.1717,10.0828,151.25449999999998,157.2587
2959,0.3992,0.0075,0.4067,0.0732,0.9815588886156872,0.018441111384312762,21.999,4.7245,153.9988,131.9998,0.0,0.0,0.0,153.9988,4.724499999999999,158.7233,160.2271
2960,0.2973,0.0058,0.3031,0.0546,0.9808644011877269,0.019135598812273176,16.722,3.6776,127.7215,110.9995,0.0,0.0,0.0,127.72150000000002,3.6776,131.39910000000003,139.4012
2961,0.0797,0.007,0.0867,0.0156,0.9192618223760092,0.08073817762399077,4.53,4.3526,120.53,116.0,0.0,0.0,0.0,120.53,4.3526,124.8826,131.8838
2962,0.1208,0.0013,0.1221,0.022,0.9893529893529894,0.010647010647010647,6.795,0.8352,102.795,96.0,0.0,0.0,0.0,102.79500000000002,0.8352,103.63020000000002,107.1304
2963,0.3264,0.0043,0.3307,0.0595,0.9869972785001513,0.013002721499848807,18.171,2.7388,130.1713,112.0003,0.0,0.0,0.0,130.17129999999997,2.7388,132.91009999999997,134.9065
2964,0.1515,0.0003,0.1518,0.0273,0.9980237154150198,0.001976284584980237,8.1825,0.1813,8.1818,0.0,0.0,0.0,0.0,8.181799999999999,0.18129999999999996,8.3631,8.3635
2965,0.4197,0.0163,0.4359,0.0785,0.9628355127322781,0.0373938976829548,23.364,10.4862,119.3633,95.9993,0.0,0.0,0.0,119.3633,10.4862,129.8495,141.3498
2966,0.3679,0.0031,0.371,0.0668,0.9916442048517521,0.008355795148247979,20.274,2.0082,123.2742,103.0002,0.0,0.0,0.0,123.27420000000002,2.0082,125.28240000000002,128.7839
2967,0.2859,0.0,0.286,0.0515,0.9996503496503497,0.0,15.138,0.0203,18.1382,3.0002,0.0,0.0,0.0,18.1382,0.020300000000000002,18.1585,18.162
2968,0.1026,0.0001,0.1026,0.0185,1.0,0.0009746588693957116,5.8935,0.0313,7.8936,2.0001,0.0,0.0,0.0,7.8936,0.031299999999999994,7.9249,7.9199
2969,0.4634,0.0018,0.4652,0.0837,0.9961306964746345,0.003869303525365434,26.067,1.1152,76.0669,49.9999,0.0,0.0,0.0,76.06689999999998,1.1152000000000002,77.18209999999998,80.1869
2970,0.4104,0.0009,0.4112,0.074,0.9980544747081711,0.002188715953307393,23.574,0.5554,63.574,40.0,0.0,0.0,0.0,63.57400000000001,0.5554,64.12940000000002,69.1333
2971,0.2606,0.0006,0.2613,0.047,0.9973210868733258,0.002296211251435132,13.935,0.3828,52.9348,38.9998,0.0,0.0,0.0,52.93480000000001,0.38280000000000003,53.31760000000001,58.8168
2972,0.0839,0.0008,0.0847,0.0152,0.9905548996458088,0.009445100354191265,4.53,0.4964,77.5298,72.9998,0.0,0.0,0.0,77.5298,0.49640000000000006,78.02619999999999,81.0282
2973,0.1894,0.0171,0.2065,0.0372,0.9171912832929783,0.08280871670702179,10.6545,11.324,129.655,119.0005,0.0,0.0,0.0,129.65499999999997,11.323999999999998,140.97899999999998,149.479
2974,0.2911,0.0003,0.2914,0.0525,0.9989704873026769,0.0010295126973232668,16.722,0.1985,27.7215,10.9995,0.0,0.0,0.0,27.721499999999992,0.19849999999999995,27.91999999999999,27.923
2975,0.3612,0.0031,0.3643,0.0656,0.9914905297831458,0.008509470216854241,19.902,1.9055,102.902,83.0,0.0,0.0,0.0,102.90200000000003,1.9055,104.80750000000003,114.3121
2976,0.3255,0.0005,0.326,0.0587,0.9984662576687117,0.0015337423312883436,18.12,0.2703,54.1195,35.9995,0.0,0.0,0.0,54.119499999999995,0.27029999999999993,54.389799999999994,56.39
2977,0.1471,0.0,0.1471,0.0265,1.0,0.0,8.361,0.013,12.3607,3.9997,0.0,0.0,0.0,12.3607,0.013,12.3737,12.3761
2978,0.0822,0.007,0.0892,0.0161,0.9215246636771299,0.07847533632286996,4.53,4.1266,127.53,123.0,0.0,0.0,0.0,127.53000000000004,4.126600000000001,131.65660000000005,137.1581
2979,0.3,0.0015,0.3015,0.0543,0.9950248756218906,0.004975124378109453,16.3635,0.9171,70.3636,54.0001,0.0,0.0,0.0,70.3636,0.9170999999999998,71.28070000000001,76.7758
2980,0.4833,0.0001,0.4834,0.087,0.9997931319817956,0.00020686801820438562,25.5885,0.0557,27.5881,1.9996,0.0,0.0,0.0,27.5881,0.0557,27.643800000000002,27.6451
2981,0.0957,0.0006,0.0963,0.0173,0.9937694704049844,0.006230529595015576,5.328,0.3701,47.3276,41.9996,0.0,0.0,0.0,47.327600000000004,0.37010000000000004,47.697700000000005,49.194
2982,0.2183,0.0002,0.2185,0.0393,0.9990846681922196,0.0009153318077803204,11.787,0.1155,13.787,2.0,0.0,0.0,0.0,13.787,0.11549999999999999,13.902500000000002,14.3996
2983,0.1304,0.0002,0.1306,0.0235,0.998468606431853,0.0015313935681470138,7.569,0.149,29.569,22.0,0.0,0.0,0.0,29.569,0.14900000000000002,29.718,31.2157
2984,0.2097,0.0116,0.2213,0.0398,0.947582467239042,0.05241753276095797,11.325,7.0154,132.325,121.0,0.0,0.0,0.0,132.32499999999996,7.0154000000000005,139.34039999999996,141.3433
2985,0.297,0.0059,0.3028,0.0545,0.9808454425363275,0.01948480845442536,17.0595,3.3516,115.059,97.9995,0.0,0.0,0.0,115.05899999999998,3.3516000000000004,118.41059999999999,121.4068
2986,0.1677,0.0169,0.1846,0.0332,0.9084507042253521,0.09154929577464789,9.435,10.0233,113.4348,103.9998,0.0,0.0,0.0,113.43480000000004,10.023299999999999,123.45810000000003,129.4576
2987,0.1548,0.0002,0.155,0.0279,0.9987096774193548,0.0012903225806451613,8.361,0.101,18.3609,9.9999,0.0,0.0,0.0,18.360900000000004,0.10099999999999999,18.461900000000004,19.9571
2988,0.3705,0.0015,0.3721,0.067,0.9957000806234884,0.00403117441547971,20.628,0.9899,80.6276,59.9996,0.0,0.0,0.0,80.62760000000003,0.9899000000000001,81.61750000000004,84.613
2989,0.3404,0.0075,0.3479,0.0626,0.9784420810577752,0.021557918942224776,19.554,4.6456,115.5544,96.0004,0.0,0.0,0.0,115.55440000000004,4.6456,120.20000000000005,128.1964
2990,0.3465,0.0012,0.3476,0.0626,0.9968354430379746,0.003452243958573072,19.0905,0.7523,77.0911,58.0006,0.0,0.0,0.0,77.09110000000001,0.7523,77.84340000000002,83.348
2991,0.0933,0.001,0.0943,0.017,0.9893955461293743,0.010604453870625663,5.1915,0.6914,67.192,62.0005,0.0,0.0,0.0,67.19200000000001,0.6914000000000001,67.88340000000001,70.3791
2992,0.3992,0.0003,0.3995,0.0719,0.9992490613266582,0.0007509386733416769,21.999,0.1732,32.9988,10.9998,0.0,0.0,0.0,32.998799999999996,0.1732,33.172,34.6707
2993,0.1233,0.0002,0.1235,0.0222,0.9983805668016195,0.001619433198380567,6.795,0.1218,18.7947,11.9997,0.0,0.0,0.0,18.794699999999995,0.12179999999999998,18.916499999999996,20.4166
2994,0.4827,0.0,0.4827,0.0869,1.0,0.0,26.067,0.0146,28.0668,1.9998,0.0,0.0,0.0,28.0668,0.014599999999999998,28.081400000000002,28.078
2995,0.4322,0.0015,0.4337,0.0781,0.9965413880562601,0.0034586119437399125,23.574,0.9987,72.574,49.0,0.0,0.0,0.0,72.57400000000003,0.9987,73.57270000000003,80.0751
2996,0.314,0.0152,0.3292,0.0593,0.9538274605103281,0.046172539489671933,17.661,9.6066,125.6613,108.0003,0.0,0.0,0.0,125.66130000000001,9.606600000000002,135.26790000000003,139.7691
2997,0.3089,0.0001,0.309,0.0556,0.9996763754045308,0.00032362459546925567,17.3775,0.057,29.3775,12.0,0.0,0.0,0.0,29.3775,0.056999999999999995,29.4345,29.9367
2998,0.3121,0.0062,0.3182,0.0573,0.9808296668761786,0.01948460087994972,18.12,3.783,105.1195,86.9995,0.0,0.0,0.0,105.11949999999997,3.783,108.90249999999997,112.9048
2999,0.2525,0.0003,0.2529,0.0455,0.9984183471727955,0.0011862396204033213,13.6365,0.2153,28.6365,15.0,0.0,0.0,0.0,28.63649999999999,0.2153,28.85179999999999,30.8476
