job_id,energy_qpu_kwh,energy_cpu_kwh,energy_total_kwh,cost_energy_total,phi_qpu,phi_cpu,qpu_time_s,cpu_time_s,qpu_phase_s,qpu_idle_s,qpu_wait_s,cpu_wait_s,wait_total_s,qpu_turn_s,cpu_turn_s,turn_total_s,job_turnaround_s
0,0.3695,0.0002,0.3697,0.0665,0.9994590208276982,0.0005409791723018665,19.8135,0.104,19.8134,0.0,0.0,0.0,0.0,19.8134,0.104,19.9174,19.9206
1,0.2768,0.0141,0.2909,0.0524,0.9515297353042282,0.048470264695771745,15.2733,8.6663,58.2724,42.9991,0.0,0.0,0.0,58.272400000000005,8.6663,66.93870000000001,67.9415
2,0.2292,0.0201,0.2494,0.0449,0.9190056134723336,0.08059342421812349,12.3774,12.2424,297.3766,284.9992,0.0,0.0,0.0,297.3766,12.242400000000002,309.61899999999997,316.1236
3,0.2644,0.0115,0.2759,0.0497,0.9583182312432043,0.041681768756795946,14.9163,7.6231,31.9173,17.001,0.0,0.0,0.0,31.9173,7.623100000000001,39.540400000000005,42.036
4,0.4183,0.0,0.4183,0.0753,1.0,0.0,23.9547,0.0261,23.954,0.0,0.0,0.0,0.0,23.953999999999994,0.026099999999999998,23.980099999999993,23.9804
5,0.4971,0.0016,0.4987,0.0898,0.9967916583116102,0.003208341688389814,28.2576,1.0437,71.2581,43.0005,0.0,0.0,0.0,71.2581,1.0437,72.3018,72.7986
6,0.3765,0.0367,0.4133,0.0744,0.9109605613355916,0.08879748366803775,20.6283,24.1079,295.6277,274.9994,0.0,0.0,0.0,295.6277,24.107900000000004,319.73560000000003,324.7402
7,0.6549,0.0001,0.655,0.1179,0.9998473282442748,0.00015267175572519084,35.1141,0.0338,35.1148,0.0007,0.0,0.0,0.0,35.114799999999995,0.033800000000000004,35.148599999999995,35.1474
8,0.2486,0.0002,0.2488,0.0448,0.9991961414790996,0.0008038585209003216,14.1288,0.1265,14.1289,0.0001,0.0,0.0,0.0,14.128900000000003,0.12649999999999997,14.255400000000003,14.2514
9,0.3317,0.0003,0.332,0.0598,0.9990963855421686,0.0009036144578313252,19.9017,0.1599,20.9018,1.0001,0.0,0.0,0.0,20.901800000000005,0.15989999999999996,21.061700000000005,21.0613
10,0.3775,0.0025,0.38,0.0684,0.993421052631579,0.006578947368421052,20.5317,1.6661,93.5319,73.0002,0.0,0.0,0.0,93.5319,1.6661000000000001,95.198,99.6957
11,0.5803,0.0116,0.5919,0.1065,0.9804020949484711,0.019597905051528974,31.7898,7.2079,434.7902,403.0004,0.0,0.0,0.0,434.7902,7.2078999999999995,441.9981,448.4973
12,0.4949,0.0017,0.4967,0.0894,0.9963760821421381,0.0034225890879806724,26.7267,1.1197,96.7271,70.0004,0.0,0.0,0.0,96.72710000000002,1.1197000000000001,97.84680000000002,100.8515
13,0.5971,0.0064,0.6034,0.1086,0.9895591647331785,0.010606562810739144,32.7096,4.0042,273.7089,240.9993,0.0,0.0,0.0,273.70889999999997,4.0042,277.7131,286.7082
14,0.313,0.0061,0.3192,0.0575,0.980576441102757,0.01911027568922306,17.661,3.8746,285.6612,268.0002,0.0,0.0,0.0,285.6612,3.8746,289.5358,294.031
15,0.5663,0.0028,0.569,0.1024,0.995254833040422,0.004920913884007031,30.7986,1.7475,134.7981,103.9995,0.0,0.0,0.0,134.7981,1.7474999999999996,136.5456,139.5484
16,0.4927,0.0002,0.4929,0.0887,0.9995942381821871,0.0004057618178129438,26.418,0.1049,28.4174,1.9994,0.0,0.0,0.0,28.417399999999997,0.1049,28.522299999999998,28.52
17,0.4366,0.0014,0.438,0.0788,0.9968036529680365,0.0031963470319634705,23.4108,0.9842,159.4097,135.9989,0.0,0.0,0.0,159.4097,0.9842000000000001,160.39389999999997,162.8923
18,0.4486,0.0021,0.4507,0.0811,0.9953405813179499,0.004659418682050144,24.7527,1.3705,169.7528,145.0001,0.0,0.0,0.0,169.75279999999995,1.3704999999999998,171.12329999999994,175.1258
19,0.5346,0.0039,0.5386,0.0969,0.9925733382844412,0.007240995172669885,29.7192,2.5253,149.7196,120.0004,0.0,0.0,0.0,149.71959999999999,2.5253,152.24489999999997,160.7425
20,0.3894,0.0007,0.3901,0.0702,0.9982055883106896,0.0017944116893104333,21.8064,0.4261,82.8056,60.9992,0.0,0.0,0.0,82.80560000000003,0.42610000000000003,83.23170000000003,83.7298
21,0.4066,0.0095,0.4161,0.0749,0.9771689497716894,0.0228310502283105,23.1147,5.8026,149.1154,126.0007,0.0,0.0,0.0,149.1154,5.8026,154.918,164.9206
22,0.203,0.0001,0.2031,0.0366,0.999507631708518,0.0004923682914820286,11.4555,0.0619,11.4545,0.0,0.0,0.0,0.0,11.454500000000003,0.061900000000000004,11.516400000000003,11.519
23,0.4189,0.0,0.4189,0.0754,1.0,0.0,23.1147,0.024,25.1153,2.0006,0.0,0.0,0.0,25.1153,0.024,25.139300000000002,25.1379
24,0.2992,0.0,0.2992,0.0539,1.0,0.0,16.5102,0.012,16.5113,0.0011,0.0,0.0,0.0,16.511300000000002,0.011999999999999999,16.523300000000003,16.5223
25,0.2486,0.0001,0.2486,0.0448,1.0,0.0004022526146419952,14.1288,0.0546,33.1289,19.0001,0.0,0.0,0.0,33.1289,0.054599999999999996,33.1835,33.1861
26,0.2635,0.0004,0.2639,0.0475,0.9984842743463432,0.0015157256536566881,14.1288,0.252,21.129,7.0002,0.0,0.0,0.0,21.129000000000005,0.25199999999999995,21.381000000000004,21.3782
27,0.2411,0.0116,0.2527,0.0455,0.9540957657301149,0.04590423426988524,13.209,7.1576,728.2083,714.9993,0.0,0.0,0.0,728.2083000000001,7.157600000000001,735.3659000000001,755.3678
28,0.358,0.0316,0.3897,0.0701,0.9186553759302027,0.08108801642288942,19.9017,19.8813,587.9021,568.0004,0.0,0.0,0.0,587.9021000000001,19.881300000000003,607.7834000000001,627.2807
29,0.2948,0.0,0.2949,0.0531,0.9996609020006783,0.0,16.5102,0.0233,17.511,1.0008,0.0,0.0,0.0,17.511000000000003,0.0233,17.5343,17.5326
30,0.1506,0.0199,0.1705,0.0307,0.8832844574780059,0.11671554252199413,8.2509,13.0262,823.251,815.0001,0.0,0.0,0.0,823.2510000000002,13.026200000000001,836.2772000000002,848.2811
31,0.5761,0.0054,0.5814,0.1047,0.9908840729274164,0.009287925696594427,31.7898,3.2445,231.7903,200.0005,0.0,0.0,0.0,231.79030000000003,3.2445,235.03480000000002,245.5313
32,0.346,0.0016,0.3476,0.0626,0.9953970080552358,0.004602991944764097,19.0911,1.0288,80.0908,60.9997,0.0,0.0,0.0,80.09079999999997,1.0288000000000002,81.11959999999998,85.6162
33,0.3995,0.0003,0.3997,0.072,0.9994996247185389,0.0007505629221916437,23.4108,0.1597,23.4101,0.0,0.0,0.0,0.0,23.410099999999993,0.15969999999999998,23.569799999999994,23.5678
34,0.5635,0.0022,0.5657,0.1018,0.9961110129043663,0.0038889870956337284,31.7898,1.4628,133.7899,102.0001,0.0,0.0,0.0,133.78990000000002,1.4627999999999999,135.2527,141.7552
35,0.1686,0.0085,0.1771,0.0319,0.9520045172219085,0.04799548277809147,9.513,5.6344,381.5128,371.9998,0.0,0.0,0.0,381.51279999999986,5.634399999999999,387.1471999999999,399.1522
36,0.4096,0.0,0.4096,0.0737,1.0,0.0,21.8064,0.0325,21.8054,0.0,0.0,0.0,0.0,21.805399999999995,0.0325,21.837899999999994,21.839
37,0.2076,0.0001,0.2077,0.0374,0.9995185363505056,0.0004814636494944632,11.4555,0.0673,15.4546,3.9991,0.0,0.0,0.0,15.454600000000003,0.0673,15.521900000000002,15.5201
38,0.1904,0.0031,0.1935,0.0348,0.9839793281653747,0.01602067183462532,10.9032,1.9982,261.9031,250.9999,0.0,0.0,0.0,261.90310000000005,1.9982000000000002,263.90130000000005,270.904
39,0.3221,0.0,0.3221,0.058,1.0,0.0,18.1713,0.016,23.1715,5.0002,0.0,0.0,0.0,23.17150000000001,0.016,23.187500000000007,23.192
40,0.5622,0.0014,0.5636,0.1015,0.997515968772179,0.00248403122782115,30.7986,0.9505,48.7984,17.9998,0.0,0.0,0.0,48.798399999999994,0.9504999999999999,49.74889999999999,50.7518
41,0.2028,0.0266,0.2294,0.0413,0.884045335658239,0.11595466434176112,11.1888,17.1562,514.1879,502.9991,0.0,0.0,0.0,514.1878999999999,17.1562,531.3440999999999,553.3444
42,0.192,0.0006,0.1927,0.0347,0.9963674104826155,0.003113648157758173,10.5966,0.4214,96.5967,86.0001,0.0,0.0,0.0,96.59669999999998,0.42140000000000005,97.01809999999999,97.5151
43,0.3322,0.0003,0.3325,0.0598,0.9990977443609022,0.0009022556390977443,19.026,0.1847,42.0256,22.9996,0.0,0.0,0.0,42.02559999999999,0.18469999999999998,42.21029999999999,43.2081
44,0.2553,0.0002,0.2554,0.046,0.9996084573218481,0.0007830853563038371,13.6878,0.097,33.6883,20.0005,0.0,0.0,0.0,33.688300000000005,0.09699999999999998,33.78530000000001,34.288
45,0.143,0.0001,0.1431,0.0258,0.9993011879804331,0.0006988120195667365,8.2509,0.0785,18.2509,10.0,0.0,0.0,0.0,18.250900000000005,0.07849999999999999,18.329400000000003,18.3331
46,0.585,0.0157,0.6006,0.1081,0.9740259740259739,0.026140526140526137,33.0036,10.1465,615.0036,582.0,0.0,0.0,0.0,615.0035999999999,10.1465,625.1500999999998,642.6463
47,0.1983,0.013,0.2113,0.038,0.9384761003312826,0.06152389966871746,11.1888,8.1437,376.1878,364.999,0.0,0.0,0.0,376.1878,8.1437,384.3315,405.3317
48,0.2759,0.0001,0.276,0.0497,0.9996376811594201,0.00036231884057971015,15.9222,0.0796,16.9216,0.9994,0.0,0.0,0.0,16.9216,0.0796,17.0012,17.0003
49,0.5333,0.013,0.5463,0.0983,0.976203551162365,0.023796448837634997,30.5445,8.3408,329.5458,299.0013,0.0,0.0,0.0,329.5458,8.3408,337.8866,353.3893
50,0.3004,0.0005,0.3009,0.0542,0.9983383183781988,0.001661681621801263,16.2204,0.3087,30.2195,13.9991,0.0,0.0,0.0,30.2195,0.3087000000000001,30.528200000000002,30.5322
51,0.2811,0.0001,0.2811,0.0506,1.0,0.0003557452863749555,16.2204,0.0373,21.2193,4.9989,0.0,0.0,0.0,21.219300000000004,0.0373,21.256600000000002,21.2542
52,0.5189,0.0,0.5189,0.0934,1.0,0.0,29.7192,0.0212,30.7196,1.0004,0.0,0.0,0.0,30.719599999999993,0.0212,30.740799999999993,30.7421
53,0.5921,0.0081,0.6003,0.108,0.9863401632517075,0.013493253373313344,32.4387,5.2921,242.4387,210.0,0.0,0.0,0.0,242.4387,5.2921,247.73080000000002,256.2348
54,0.6966,0.0,0.6966,0.1254,1.0,0.0,35.8239,0.0202,37.8235,1.9996,0.0,0.0,0.0,37.823499999999996,0.0202,37.8437,37.8478
55,0.5495,0.0039,0.5534,0.0996,0.9929526563064691,0.0070473436935308996,30.5445,2.4456,295.5454,265.0009,0.0,0.0,0.0,295.54540000000003,2.4456,297.99100000000004,306.9913
56,0.1795,0.005,0.1845,0.0332,0.9728997289972899,0.02710027100271003,9.9057,3.371,673.9067,664.001,0.0,0.0,0.0,673.9067000000001,3.371,677.2777000000001,686.7731
57,0.3585,0.0003,0.3588,0.0646,0.9991638795986622,0.0008361204013377925,20.5317,0.2063,24.5321,4.0004,0.0,0.0,0.0,24.532099999999993,0.2063,24.73839999999999,24.7371
58,0.2883,0.0043,0.2926,0.0527,0.9853041695146958,0.014695830485304168,16.5102,2.746,278.5108,262.0006,0.0,0.0,0.0,278.51079999999996,2.7459999999999996,281.25679999999994,290.7556
59,0.5664,0.0325,0.5989,0.1078,0.9457338453832026,0.054266154616797464,32.4387,20.071,1062.4387,1030.0,0.0,0.0,0.0,1062.4387,20.071,1082.5096999999998,1096.507
60,0.5115,0.0007,0.5122,0.0922,0.9986333463490823,0.0013666536509176104,29.0745,0.4588,62.0742,32.9997,0.0,0.0,0.0,62.074200000000005,0.4588,62.533,64.5347
61,0.6131,0.0001,0.6132,0.1104,0.9998369210697978,0.0001630789302022179,35.1141,0.0708,36.1152,1.0011,0.0,0.0,0.0,36.11519999999999,0.0708,36.185999999999986,36.184
62,0.435,0.0202,0.4552,0.0819,0.9556239015817223,0.04437609841827768,24.7254,12.884,797.7257,773.0003,0.0,0.0,0.0,797.7257000000002,12.884,810.6097000000002,831.113
63,0.6503,0.0001,0.6503,0.1171,1.0,0.00015377518068583732,35.1141,0.0343,35.1155,0.0014,0.0,0.0,0.0,35.11549999999999,0.0343,35.14979999999999,35.1521
64,0.435,0.0001,0.4351,0.0783,0.9997701677775225,0.00022983222247759138,24.7254,0.0964,30.7257,6.0003,0.0,0.0,0.0,30.725699999999993,0.0964,30.822099999999992,30.8266
65,0.3649,0.0,0.365,0.0657,0.9997260273972604,0.0,19.026,0.0223,31.0255,11.9995,0.0,0.0,0.0,31.025499999999994,0.0223,31.047799999999995,31.0469
66,0.3602,0.0327,0.3928,0.0707,0.9170061099796335,0.08324847250509165,20.6283,20.2122,1175.6274,1154.9991,0.0,0.0,0.0,1175.6273999999999,20.212200000000003,1195.8395999999998,1220.3391
67,0.415,0.0034,0.4184,0.0753,0.9918738049713193,0.008126195028680687,23.4108,2.2526,382.4097,358.9989,0.0,0.0,0.0,382.40970000000004,2.2526,384.6623,389.1637
68,0.4403,0.0001,0.4404,0.0793,0.9997729336966394,0.00022706630336058128,23.1147,0.0879,23.115,0.0003,0.0,0.0,0.0,23.115000000000002,0.0879,23.202900000000003,23.1989
69,0.4341,0.0049,0.439,0.079,0.9888382687927106,0.011161731207289293,23.9547,3.1786,829.9541,805.9994,0.0,0.0,0.0,829.9541,3.1786000000000003,833.1327,846.6361
70,0.2132,0.0005,0.2137,0.0385,0.9976602714085167,0.002339728591483388,11.9406,0.3243,26.9408,15.0002,0.0,0.0,0.0,26.9408,0.3242999999999999,27.2651,28.762
71,0.1906,0.0069,0.1975,0.0356,0.9650632911392404,0.03493670886075949,10.5966,4.1224,578.5968,568.0002,0.0,0.0,0.0,578.5967999999999,4.1224,582.7191999999999,598.224
72,0.6587,0.0,0.6587,0.1186,1.0,0.0,35.8239,0.0198,35.8235,0.0,0.0,0.0,0.0,35.823499999999996,0.019799999999999998,35.84329999999999,35.8384
73,0.3328,0.0001,0.333,0.0599,0.9993993993993993,0.0003003003003003003,19.8135,0.0866,19.8131,0.0,0.0,0.0,0.0,19.813100000000002,0.0866,19.899700000000003,19.9044
74,0.5801,0.0001,0.5802,0.1044,0.9998276456394345,0.0001723543605653223,29.8347,0.0711,40.8344,10.9997,0.0,0.0,0.0,40.83439999999999,0.0711,40.90549999999999,40.9104
75,0.495,0.0001,0.495,0.0891,1.0,0.00020202020202020202,27.3126,0.0363,27.3119,0.0,0.0,0.0,0.0,27.311899999999994,0.036300000000000006,27.348199999999995,27.3452
76,0.5686,0.0162,0.5848,0.1053,0.9722982216142271,0.027701778385772913,31.8423,10.551,541.8429,510.0006,0.0,0.0,0.0,541.8429000000001,10.551,552.3939000000001,570.3947
77,0.3014,0.0023,0.3037,0.0547,0.9924267369114257,0.00757326308857425,16.5102,1.4759,252.511,236.0008,0.0,0.0,0.0,252.51100000000002,1.4758999999999998,253.98690000000002,259.49
78,0.2243,0.004,0.2283,0.0411,0.9824791940429259,0.017520805957074025,12.3774,2.4873,359.3763,346.9989,0.0,0.0,0.0,359.37629999999996,2.4873,361.86359999999996,377.8591
79,0.1327,0.003,0.1356,0.0244,0.978613569321534,0.022123893805309734,7.2681,1.8719,150.2686,143.0005,0.0,0.0,0.0,150.26860000000002,1.8719000000000001,152.14050000000003,163.142
80,0.6781,0.0005,0.6786,0.1222,0.9992631889183614,0.0007368110816386679,35.1141,0.3043,55.115,20.0009,0.0,0.0,0.0,55.114999999999995,0.30429999999999996,55.41929999999999,55.916
81,0.1954,0.0117,0.2071,0.0373,0.9435055528730081,0.05649444712699179,11.1888,7.5021,497.188,485.9992,0.0,0.0,0.0,497.18799999999993,7.5021,504.6900999999999,520.1922
82,0.4983,0.0006,0.4989,0.0898,0.9987973541791942,0.0012026458208057725,28.539,0.3497,60.5387,31.9997,0.0,0.0,0.0,60.53870000000001,0.34969999999999996,60.88840000000001,61.8862
83,0.4,0.0257,0.4257,0.0766,0.9396288466055908,0.060371153394409204,22.9089,16.0712,359.9092,337.0003,0.0,0.0,0.0,359.90920000000006,16.0712,375.98040000000003,397.9771
84,0.3953,0.0,0.3953,0.0712,1.0,0.0,21.1932,0.0257,23.1934,2.0002,0.0,0.0,0.0,23.193400000000004,0.0257,23.219100000000005,23.2144
85,0.6097,0.0,0.6098,0.1098,0.9998360118071499,0.0,31.7898,0.0227,31.79,0.0002,0.0,0.0,0.0,31.79,0.022699999999999994,31.8127,31.8171
86,0.3372,0.0186,0.3558,0.064,0.9477234401349073,0.05227655986509274,19.026,11.2744,915.0256,895.9996,0.0,0.0,0.0,915.0255999999999,11.2744,926.3,944.3003
87,0.4822,0.0,0.4823,0.0868,0.9997926601700187,0.0,26.418,0.0248,28.4176,1.9996,0.0,0.0,0.0,28.417599999999997,0.0248,28.442399999999996,28.4387
88,0.3269,0.0,0.3269,0.0588,1.0,0.0,18.1713,0.0138,28.1716,10.0003,0.0,0.0,0.0,28.1716,0.013799999999999996,28.1854,28.1844
89,0.1267,0.0001,0.1268,0.0228,0.9992113564668771,0.0007886435331230285,6.8439,0.0504,11.8441,5.0002,0.0,0.0,0.0,11.844100000000005,0.05040000000000001,11.894500000000004,11.8955
90,0.5719,0.0025,0.5744,0.1034,0.9956476323119776,0.004352367688022284,31.7898,1.5923,187.7904,156.0006,0.0,0.0,0.0,187.79040000000003,1.5922999999999998,189.38270000000003,197.3823
91,0.3848,0.0001,0.3849,0.0693,0.9997401922577291,0.0002598077422707197,22.3755,0.064,23.3757,1.0002,0.0,0.0,0.0,23.375700000000002,0.06400000000000002,23.439700000000002,23.4428
92,0.1363,0.0004,0.1367,0.0246,0.9970738844184347,0.0029261155815654724,7.6356,0.2657,48.6364,41.0008,0.0,0.0,0.0,48.63640000000001,0.2657,48.90210000000001,50.9014
93,0.1342,0.0001,0.1343,0.0242,0.9992553983618765,0.0007446016381236039,7.4592,0.0633,11.4585,3.9993,0.0,0.0,0.0,11.4585,0.06330000000000001,11.5218,11.524
94,0.3996,0.0007,0.4003,0.0721,0.9982513115163628,0.0017486884836372721,22.3755,0.4804,60.3757,38.0002,0.0,0.0,0.0,60.37570000000001,0.4804,60.85610000000001,61.3586
95,0.5663,0.0013,0.5676,0.1022,0.9977096546863989,0.0022903453136011273,30.7986,0.9014,93.7985,62.9999,0.0,0.0,0.0,93.79849999999999,0.9013999999999999,94.69989999999999,100.2003
96,0.248,0.0237,0.2717,0.0489,0.9127714390872286,0.08722856091277144,13.6878,14.4761,233.688,220.0002,0.0,0.0,0.0,233.68800000000005,14.476100000000002,248.16410000000005,263.1658
97,0.5083,0.0001,0.5084,0.0915,0.9998033044846578,0.00019669551534225022,28.2576,0.0329,32.2578,4.0002,0.0,0.0,0.0,32.2578,0.0329,32.2907,32.2881
98,0.4312,0.0006,0.4318,0.0777,0.998610467809171,0.0013895321908290873,24.3285,0.3531,39.3289,15.0004,0.0,0.0,0.0,39.328900000000004,0.3531,39.682,41.1804
99,0.5081,0.0154,0.5235,0.0942,0.9705826170009552,0.029417382999044894,28.8792,9.5501,533.8782,504.999,0.0,0.0,0.0,533.8782,9.550100000000002,543.4283,562.4294
100,0.3549,0.0,0.3549,0.0639,1.0,0.0,19.026,0.0189,24.0258,4.9998,0.0,0.0,0.0,24.025799999999997,0.018899999999999997,24.044699999999995,24.0437
101,0.5616,0.0135,0.5751,0.1035,0.9765258215962442,0.02347417840375587,30.5445,8.5285,576.5452,546.0007,0.0,0.0,0.0,576.5452,8.5285,585.0737,594.0722
102,0.2205,0.0005,0.221,0.0398,0.997737556561086,0.0022624434389140274,12.1653,0.3308,35.1646,22.9993,0.0,0.0,0.0,35.16460000000001,0.3308,35.495400000000004,35.9905
103,0.2542,0.0007,0.2549,0.0459,0.9972538250294232,0.0027461749705766964,14.1288,0.464,113.129,99.0002,0.0,0.0,0.0,113.12899999999998,0.464,113.59299999999998,115.5911
104,0.2604,0.0069,0.2673,0.0481,0.974186307519641,0.025813692480359147,14.9163,4.4251,149.9177,135.0014,0.0,0.0,0.0,149.9177,4.4251,154.34279999999998,159.3455
105,0.2861,0.0001,0.2862,0.0515,0.9996505939902167,0.00034940600978336826,16.5102,0.0386,16.511,0.0008,0.0,0.0,0.0,16.511000000000003,0.03860000000000001,16.5496,16.5525
106,0.4644,0.0107,0.4751,0.0855,0.9774784255946116,0.022521574405388337,24.7254,6.8053,665.7256,641.0002,0.0,0.0,0.0,665.7256000000002,6.805300000000001,672.5309000000002,684.5331
107,0.3894,0.012,0.4014,0.0723,0.9701046337817639,0.029895366218236175,21.8064,7.6865,470.8061,448.9997,0.0,0.0,0.0,470.80610000000013,7.6865000000000006,478.49260000000015,503.4936
108,0.1057,0.0001,0.1058,0.019,0.999054820415879,0.000945179584120983,6.342,0.0465,6.3419,0.0,0.0,0.0,0.0,6.341899999999997,0.04649999999999999,6.388399999999997,6.3912
109,0.2787,0.0005,0.2792,0.0503,0.9982091690544412,0.0017908309455587394,15.6072,0.3182,45.6069,29.9997,0.0,0.0,0.0,45.6069,0.3182,45.9251,45.9267
110,0.1969,0.0,0.197,0.0355,0.999492385786802,0.0,10.2669,0.0279,10.266,0.0,0.0,0.0,0.0,10.265999999999996,0.0279,10.293899999999997,10.2965
111,0.6363,0.0038,0.6401,0.1152,0.9940634275894391,0.005936572410560849,35.1141,2.4793,364.115,329.0009,0.0,0.0,0.0,364.11499999999995,2.4793000000000003,366.5943,381.5919
112,0.4309,0.0216,0.4525,0.0815,0.9522651933701657,0.04773480662983425,23.9547,13.753,1182.954,1158.9993,0.0,0.0,0.0,1182.9539999999997,13.753000000000002,1196.7069999999997,1236.7092
113,0.5269,0.0054,0.5323,0.0958,0.9898553447304153,0.01014465526958482,29.0745,3.4415,168.0744,138.9999,0.0,0.0,0.0,168.0744,3.4414999999999996,171.5159,179.0144
114,0.4879,0.0001,0.488,0.0878,0.9997950819672131,0.00020491803278688527,26.7267,0.0736,26.7273,0.0006,0.0,0.0,0.0,26.7273,0.0736,26.8009,26.796
115,0.1271,0.0098,0.1369,0.0246,0.9284149013878743,0.07158509861212564,7.0644,6.2062,206.0645,199.0001,0.0,0.0,0.0,206.06449999999998,6.2062,212.27069999999998,220.2699
116,0.5664,0.0003,0.5666,0.102,0.9996470172961526,0.0005294740557712672,32.4387,0.1557,33.4387,1.0,0.0,0.0,0.0,33.4387,0.15569999999999998,33.5944,33.5929
117,0.3666,0.0194,0.386,0.0695,0.9497409326424869,0.050259067357512954,20.5317,12.948,822.5323,802.0006,0.0,0.0,0.0,822.5323000000001,12.947999999999999,835.4803,875.4826
118,0.2195,0.0018,0.2214,0.0398,0.9914182475158084,0.008130081300813007,11.9406,1.2279,163.941,152.0004,0.0,0.0,0.0,163.941,1.2279,165.1689,167.6718
119,0.1299,0.0243,0.1542,0.0277,0.8424124513618676,0.1575875486381323,7.0644,15.819,1505.6298,1498.5654,0.0,0.0,0.0,1505.6298,15.818999999999997,1521.4488,1623.4449
120,0.4731,0.0016,0.4747,0.0854,0.9966294501790605,0.0033705498209395408,26.1051,0.9762,477.1052,451.0001,0.0,0.0,0.0,477.1052000000001,0.9762,478.0814000000001,492.0804
121,0.2116,0.0005,0.2121,0.0382,0.9976426214049976,0.002357378595002357,11.9406,0.3204,20.9413,9.0007,0.0,0.0,0.0,20.9413,0.3204,21.261699999999998,21.2616
122,0.6539,0.0021,0.656,0.1181,0.9967987804878049,0.0032012195121951218,35.8239,1.2729,201.8238,165.9999,0.0,0.0,0.0,201.82380000000006,1.2729000000000001,203.09670000000006,207.5978
123,0.209,0.007,0.216,0.0389,0.9675925925925926,0.032407407407407406,11.7054,4.5071,1112.7051,1100.9997,0.0,0.0,0.0,1112.7051000000001,4.507099999999999,1117.2122000000002,1150.7158
124,0.4975,0.0019,0.4995,0.0899,0.995995995995996,0.0038038038038038036,27.8628,1.2104,159.8627,131.9999,0.0,0.0,0.0,159.86269999999996,1.2104,161.07309999999995,162.5772
125,0.1448,0.001,0.1458,0.0263,0.9931412894375857,0.006858710562414266,8.1102,0.649,77.1099,68.9997,0.0,0.0,0.0,77.10990000000001,0.649,77.75890000000001,79.7582
126,0.5367,0.0017,0.5384,0.0969,0.9968424962852896,0.0031575037147102527,29.8347,1.0528,129.8342,99.9995,0.0,0.0,0.0,129.83419999999998,1.0528,130.88699999999997,137.389
127,0.2106,0.0299,0.2404,0.0433,0.8760399334442596,0.12437603993344426,11.7054,19.1981,3312.3214,3300.616,0.0,0.0,0.0,3312.3214,19.198099999999997,3331.5195,3365.5151
128,0.5656,0.0,0.5657,0.1018,0.9998232278592893,0.0,30.5445,0.0166,31.5452,1.0007,0.0,0.0,0.0,31.545199999999994,0.0166,31.561799999999995,31.5649
129,0.6662,0.0072,0.6733,0.1212,0.9894549235110649,0.010693598693004604,36.4938,4.5659,599.4934,562.9996,0.0,0.0,0.0,599.4934,4.5659,604.0593,619.558
130,0.5495,0.0002,0.5496,0.0989,0.9998180494905385,0.000363901018922853,28.2576,0.0986,28.2577,0.0001,0.0,0.0,0.0,28.257700000000003,0.09860000000000001,28.356300000000005,28.3593
131,0.1431,0.0,0.1431,0.0258,1.0,0.0,7.4592,0.0157,7.4588,0.0,0.0,0.0,0.0,7.4588,0.0157,7.4745,7.4699
132,0.1158,0.0001,0.1159,0.0209,0.999137187230371,0.0008628127696289905,6.342,0.0934,15.3417,8.9997,0.0,0.0,0.0,15.341699999999998,0.09340000000000001,15.435099999999998,15.4304
133,0.4662,0.0134,0.4796,0.0863,0.9720600500417014,0.02793994995829858,26.1051,8.6053,2839.098,2812.9929,0.0,0.0,0.0,2839.098,8.605300000000002,2847.7033,2906.2043
134,0.3486,0.0001,0.3487,0.0628,0.9997132205334098,0.00028677946659019213,20.2734,0.0384,21.2739,1.0005,0.0,0.0,0.0,21.273899999999998,0.0384,21.312299999999997,21.317
135,0.2108,0.031,0.2418,0.0435,0.8717948717948718,0.12820512820512822,12.1653,19.4132,1124.0148,1111.8495,0.0,0.0,0.0,1124.0148,19.413200000000003,1143.4279999999999,1185.9279
136,0.2766,0.0077,0.2844,0.0512,0.9725738396624474,0.02707454289732771,15.6072,4.9404,610.6066,594.9994,0.0,0.0,0.0,610.6066000000001,4.9403999999999995,615.547,632.0474
137,0.2486,0.0001,0.2487,0.0448,0.9995979091274627,0.0004020908725371934,14.1288,0.0584,16.1289,2.0001,0.0,0.0,0.0,16.1289,0.05840000000000001,16.1873,16.1844
138,0.4666,0.0006,0.4672,0.0841,0.9987157534246576,0.0012842465753424657,24.3285,0.3615,52.3291,28.0006,0.0,0.0,0.0,52.3291,0.3615000000000001,52.690599999999996,53.6879
139,0.4773,0.0019,0.4792,0.0863,0.9960350584307178,0.003964941569282137,26.7267,1.1652,202.7273,176.0006,0.0,0.0,0.0,202.72729999999999,1.1652,203.89249999999998,207.3947
140,0.3271,0.0003,0.3274,0.0589,0.999083689676237,0.0009163103237629809,17.661,0.2118,37.6613,20.0003,0.0,0.0,0.0,37.661300000000004,0.21180000000000002,37.8731,38.3758
141,0.4335,0.0001,0.4337,0.0781,0.9995388517408347,0.00023057412958266084,23.4108,0.0748,23.41,0.0,0.0,0.0,0.0,23.409999999999993,0.07479999999999999,23.484799999999993,23.4799
142,0.4473,0.0072,0.4545,0.0818,0.984158415841584,0.015841584158415842,24.3285,4.4503,339.3287,315.0002,0.0,0.0,0.0,339.3287,4.4502999999999995,343.77900000000005,354.7755
143,0.4543,0.0002,0.4544,0.0818,0.9997799295774646,0.00044014084507042255,25.4394,0.0996,58.4402,33.0008,0.0,0.0,0.0,58.440200000000004,0.09960000000000001,58.53980000000001,58.5423
144,0.577,0.0043,0.5813,0.1046,0.9926027868570444,0.007397213142955444,31.8423,2.7363,636.8429,605.0006,0.0,0.0,0.0,636.8429000000001,2.7363,639.5792000000001,647.5801
145,0.129,0.0004,0.1293,0.0233,0.9976798143851509,0.0030935808197989174,7.0644,0.2282,7.0646,0.0002,0.0,0.0,0.0,7.0646,0.22820000000000004,7.292800000000001,7.2907
146,0.209,0.0008,0.2099,0.0378,0.9957122439256788,0.0038113387327298716,11.7054,0.5574,151.7051,139.9997,0.0,0.0,0.0,151.70510000000002,0.5573999999999999,152.26250000000002,153.7584
147,0.2925,0.001,0.2935,0.0528,0.9965928449744463,0.003407155025553663,16.5018,0.6703,143.5019,127.0001,0.0,0.0,0.0,143.50189999999998,0.6703,144.17219999999998,147.177
148,0.3666,0.0058,0.3725,0.067,0.9841610738255033,0.015570469798657716,20.5317,3.6886,1103.5317,1083.0,0.0,0.0,0.0,1103.5317,3.6886000000000005,1107.2203,1130.7155
149,0.5994,0.0002,0.5996,0.1079,0.9996664442961976,0.00033355570380253505,33.5643,0.1406,36.5638,2.9995,0.0,0.0,0.0,36.56380000000001,0.1406,36.70440000000001,36.7041
150,0.5407,0.026,0.5667,0.102,0.9541203458620081,0.04587965413799188,29.8347,16.0706,1209.4079,1179.5732,0.0,0.0,0.0,1209.4079,16.0706,1225.4785,1275.4806
151,0.3473,0.0003,0.3476,0.0626,0.9991369390103567,0.000863060989643268,19.026,0.1791,45.0254,25.9994,0.0,0.0,0.0,45.025400000000005,0.17909999999999998,45.2045,45.2031
152,0.5446,0.0,0.5446,0.098,1.0,0.0,29.8347,0.0154,39.8344,9.9997,0.0,0.0,0.0,39.83439999999999,0.0154,39.84979999999999,39.8509
153,0.3996,0.0015,0.401,0.0722,0.996508728179551,0.003740648379052369,22.3755,0.9387,240.3757,218.0002,0.0,0.0,0.0,240.37569999999994,0.9387000000000001,241.31439999999995,248.8101
154,0.3841,0.0003,0.3844,0.0692,0.9992195629552549,0.0007804370447450571,21.1932,0.2066,124.1932,103.0,0.0,0.0,0.0,124.19320000000002,0.2066,124.39980000000001,124.398
155,0.3634,0.0003,0.3638,0.0655,0.9989004947773502,0.0008246289169873556,21.8064,0.2002,22.8062,0.9998,0.0,0.0,0.0,22.806199999999993,0.2002,23.006399999999992,25.5019
156,0.1516,0.0001,0.1518,0.0273,0.9986824769433467,0.0006587615283267457,7.9611,0.0774,51.9609,43.9998,0.0,0.0,0.0,51.96090000000001,0.07740000000000001,52.03830000000001,52.034
157,0.2221,0.0011,0.2232,0.0402,0.9950716845878136,0.00492831541218638,12.1653,0.6772,69.1644,56.9991,0.0,0.0,0.0,69.1644,0.6772,69.8416,72.8453
158,0.4121,0.001,0.4131,0.0744,0.9975792786250303,0.002420721374969741,22.9089,0.6135,122.9091,100.0002,0.0,0.0,0.0,122.90910000000002,0.6134999999999999,123.52260000000003,125.0208
159,0.5192,0.0014,0.5206,0.0937,0.997310795236266,0.0026892047637341533,29.0745,0.9325,170.0743,140.9998,0.0,0.0,0.0,170.07430000000002,0.9324999999999999,171.00680000000003,174.503
160,0.5424,0.0002,0.5427,0.0977,0.9994472084024324,0.00036852773171181137,28.8792,0.1539,34.8784,5.9992,0.0,0.0,0.0,34.878400000000006,0.15389999999999995,35.032300000000006,35.0311
161,0.4869,0.0002,0.4871,0.0877,0.9995894066926709,0.00041059330732909057,26.1051,0.1346,80.1051,54.0,0.0,0.0,0.0,80.1051,0.1346,80.2397,80.2423
162,0.4543,0.0241,0.4783,0.0861,0.9498222872674054,0.050386786535647085,25.4394,15.1305,629.4399,604.0005,0.0,0.0,0.0,629.4399000000001,15.1305,644.5704000000001,680.5683
163,0.2444,0.0188,0.2632,0.0474,0.9285714285714286,0.07142857142857144,13.6878,12.3408,986.6879,973.0001,0.0,0.0,0.0,986.6879,12.340800000000002,999.0287000000001,1030.0286
164,0.1947,0.0002,0.1949,0.0351,0.9989738327347358,0.0010261672652642382,10.9032,0.1181,10.903,0.0,0.0,0.0,0.0,10.902999999999999,0.1181,11.021099999999999,13.0243
165,0.5971,0.0,0.5971,0.1075,1.0,0.0,32.7096,0.0171,39.7086,6.999,0.0,0.0,0.0,39.7086,0.0171,39.725699999999996,40.7236
166,0.1933,0.0037,0.197,0.0355,0.9812182741116751,0.018781725888324875,10.9032,2.2471,743.9026,732.9994,0.0,0.0,0.0,743.9025999999999,2.2471,746.1496999999999,785.6463
167,0.1934,0.0002,0.1936,0.0348,0.9989669421487603,0.0010330578512396695,10.5966,0.0989,11.5967,1.0001,0.0,0.0,0.0,11.596699999999998,0.09890000000000002,11.695599999999999,11.6916
168,0.4097,0.0089,0.4186,0.0754,0.9787386526516961,0.02126134734830387,23.1147,5.5236,2159.5388,2136.4241,0.0,0.0,0.0,2159.5388000000003,5.5236,2165.0624000000003,2215.5618
169,0.3907,0.0004,0.391,0.0704,0.99923273657289,0.0010230179028132991,22.3755,0.2367,22.3758,0.0003,0.0,0.0,0.0,22.3758,0.23670000000000002,22.6125,22.6173
170,0.5761,0.0029,0.579,0.1042,0.9949913644214162,0.005008635578583765,31.7898,1.8948,547.7902,516.0004,0.0,0.0,0.0,547.7901999999999,1.8947999999999998,549.685,562.1878
171,0.3473,0.0092,0.3565,0.0642,0.9741935483870968,0.025806451612903226,19.026,5.7822,873.0256,853.9996,0.0,0.0,0.0,873.0255999999999,5.7822,878.8077999999999,920.3099
172,0.4311,0.0,0.4311,0.0776,1.0,0.0,23.1147,0.0256,53.1151,30.0004,0.0,0.0,0.0,53.11510000000002,0.025599999999999998,53.14070000000002,53.1452
173,0.5269,0.0009,0.5278,0.095,0.9982948086396362,0.001705191360363774,29.0745,0.5509,89.0743,59.9998,0.0,0.0,0.0,89.07430000000002,0.5509,89.62520000000002,93.1229
174,0.3308,0.0009,0.3317,0.0597,0.9972867048537835,0.0027132951462164605,19.0911,0.5457,64.091,44.9999,0.0,0.0,0.0,64.09100000000001,0.5457000000000001,64.6367,66.6349
175,0.3942,0.0001,0.3943,0.071,0.9997463860005072,0.00025361399949277205,20.2734,0.0712,37.2742,17.0008,0.0,0.0,0.0,37.2742,0.0712,37.3454,37.3437
176,0.1191,0.0001,0.1192,0.0215,0.9991610738255033,0.0008389261744966444,6.342,0.0477,11.3419,4.9999,0.0,0.0,0.0,11.341899999999999,0.04769999999999999,11.3896,11.3935
177,0.3269,0.0123,0.3392,0.0611,0.9637382075471699,0.03626179245283019,18.1713,7.7303,2213.8329,2195.6616,0.0,0.0,0.0,2213.8328999999994,7.7303,2221.5631999999996,2344.0649
178,0.6013,0.0,0.6014,0.1082,0.999833721316927,0.0,31.7898,0.0298,44.79,13.0002,0.0,0.0,0.0,44.79000000000002,0.029800000000000004,44.81980000000002,44.8181
179,0.2788,0.0123,0.2911,0.0524,0.9577464788732394,0.04225352112676056,15.2733,8.1721,914.2726,898.9993,0.0,0.0,0.0,914.2726,8.1721,922.4447,947.9474
180,0.5719,0.0007,0.5726,0.1031,0.9987775061124694,0.0012224938875305623,31.7898,0.4739,371.7901,340.0003,0.0,0.0,0.0,371.7901,0.47389999999999993,372.264,380.7611
181,0.5268,0.0217,0.5485,0.0987,0.9604375569735644,0.03956244302643574,29.7192,12.9548,526.7196,497.0004,0.0,0.0,0.0,526.7196,12.954800000000002,539.6744,563.1792
182,0.3817,0.0005,0.3822,0.0688,0.9986917844060701,0.0013082155939298798,19.9017,0.3021,98.9018,79.0001,0.0,0.0,0.0,98.90179999999998,0.30210000000000004,99.20389999999998,99.199
183,0.6565,0.0001,0.6566,0.1182,0.9998477002741395,0.00015229972586049346,36.4938,0.0428,42.4936,5.9998,0.0,0.0,0.0,42.4936,0.0428,42.5364,42.536
184,0.3428,0.0008,0.3436,0.0619,0.9976717112922001,0.002328288707799767,18.6459,0.4837,96.6466,78.0007,0.0,0.0,0.0,96.6466,0.48369999999999996,97.1303,99.1287
185,0.1934,0.0015,0.195,0.0351,0.9917948717948717,0.007692307692307692,10.5966,0.9668,318.5968,308.0002,0.0,0.0,0.0,318.5968,0.9668,319.56359999999995,327.061
186,0.5949,0.0008,0.5957,0.1072,0.9986570421353029,0.001342957864696995,33.5643,0.4934,97.5635,63.9992,0.0,0.0,0.0,97.56350000000002,0.49340000000000006,98.05690000000001,98.5524
187,0.3848,0.0018,0.3865,0.0696,0.9956015523932729,0.004657179818887451,22.3755,1.1296,130.376,108.0005,0.0,0.0,0.0,130.37600000000003,1.1296,131.50560000000004,135.0051
188,0.2292,0.0026,0.2318,0.0417,0.988783433994823,0.011216566005176875,12.3774,1.6827,564.3764,551.999,0.0,0.0,0.0,564.3763999999999,1.6827,566.0590999999998,588.5615
189,0.3365,0.0,0.3365,0.0606,1.0,0.0,18.1713,0.0264,22.1715,4.0002,0.0,0.0,0.0,22.171500000000005,0.0264,22.197900000000004,22.2021
190,0.1969,0.0007,0.1976,0.0356,0.9964574898785424,0.00354251012145749,10.2669,0.4228,71.2664,60.9995,0.0,0.0,0.0,71.2664,0.42279999999999995,71.6892,72.1874
191,0.4252,0.0007,0.4258,0.0766,0.9985908877407234,0.0016439643024894317,24.7254,0.4095,137.7257,113.0003,0.0,0.0,0.0,137.72570000000002,0.40950000000000003,138.13520000000003,139.6302
192,0.6014,0.0004,0.6018,0.1083,0.9993353273512796,0.0006646726487205052,32.7096,0.2466,69.7089,36.9993,0.0,0.0,0.0,69.7089,0.2466,69.9555,69.954
193,0.5042,0.0174,0.5216,0.0939,0.9666411042944786,0.033358895705521474,28.8792,11.4013,611.8784,582.9992,0.0,0.0,0.0,611.8783999999999,11.401299999999999,623.2796999999999,653.7795
194,0.1833,0.0107,0.194,0.0349,0.9448453608247422,0.05515463917525773,10.2669,6.9498,1207.3304,1197.0635,0.0,0.0,0.0,1207.3304,6.9498000000000015,1214.2802000000001,1254.7799
195,0.1769,0.0086,0.1855,0.0334,0.9536388140161726,0.04636118598382749,9.9057,5.3176,701.9069,692.0012,0.0,0.0,0.0,701.9069000000001,5.317599999999999,707.2245,739.7265
196,0.2446,0.0011,0.2457,0.0442,0.9955229955229956,0.004477004477004477,13.209,0.7182,248.2089,234.9999,0.0,0.0,0.0,248.20889999999997,0.7182,248.92709999999997,256.4267
197,0.2768,0.0147,0.2915,0.0525,0.9495711835334477,0.05042881646655232,15.2733,9.5061,558.2726,542.9993,0.0,0.0,0.0,558.2726000000001,9.5061,567.7787000000001,589.2775
198,0.3221,0.0237,0.3458,0.0622,0.9314632735685368,0.06853672643146327,18.1713,14.6263,846.1715,828.0002,0.0,0.0,0.0,846.1715000000003,14.6263,860.7978000000003,889.2957
199,0.3528,0.0332,0.386,0.0695,0.9139896373056995,0.08601036269430051,19.9017,20.4742,1662.1598,1642.2581,0.0,0.0,0.0,1662.1598,20.4742,1682.634,1748.6357
200,0.3224,0.0,0.3224,0.058,1.0,0.0,17.661,0.0122,17.6614,0.0004,0.0,0.0,0.0,17.661399999999997,0.0122,17.673599999999997,17.6727
201,0.3149,0.0002,0.315,0.0567,0.9996825396825397,0.0006349206349206349,18.1713,0.1096,33.1714,15.0001,0.0,0.0,0.0,33.1714,0.10959999999999999,33.281,33.7859
202,0.5424,0.0001,0.5425,0.0977,0.999815668202765,0.00018433179723502307,28.8792,0.0386,29.8781,0.9989,0.0,0.0,0.0,29.8781,0.0386,29.9167,29.9169
203,0.6127,0.0009,0.6136,0.1104,0.9985332464146023,0.001466753585397653,33.5643,0.5838,206.5642,172.9999,0.0,0.0,0.0,206.56419999999997,0.5838,207.14799999999997,213.6511
204,0.3379,0.003,0.3408,0.0614,0.9914906103286385,0.008802816901408451,18.6459,1.901,756.6465,738.0006,0.0,0.0,0.0,756.6465000000001,1.9010000000000005,758.5475,776.5506
205,0.2019,0.0014,0.2033,0.0366,0.9931136251844564,0.006886374815543531,10.9032,0.8314,228.9027,217.9995,0.0,0.0,0.0,228.90270000000007,0.8314,229.73410000000007,237.7303
206,0.4683,0.0199,0.4882,0.0879,0.959238017206063,0.04076198279393691,26.418,12.1594,2527.9255,2501.5075,0.0,0.0,0.0,2527.9255,12.1594,2540.0849,2633.0886
207,0.1243,0.0004,0.1247,0.0224,0.9967923015236567,0.0032076984763432237,7.0644,0.2346,49.0645,42.0001,0.0,0.0,0.0,49.06449999999999,0.23460000000000003,49.29909999999999,52.2962
208,0.4769,0.0032,0.4801,0.0864,0.9933347219329306,0.006665278067069361,27.3126,2.1206,755.3117,727.9991,0.0,0.0,0.0,755.3117000000002,2.1206,757.4323000000002,781.4307
209,0.453,0.0022,0.4552,0.0819,0.9951669595782074,0.004833040421792619,25.368,1.4547,1278.9146,1253.5466,0.0,0.0,0.0,1278.9146,1.4546999999999997,1280.3693,1324.3664
210,0.3993,0.0,0.3993,0.0719,1.0,0.0,22.197,0.0196,34.1966,11.9996,0.0,0.0,0.0,34.196600000000004,0.019599999999999996,34.2162,34.2197
211,0.1213,0.0002,0.1215,0.0219,0.9983539094650207,0.001646090534979424,6.8439,0.0949,26.844,20.0001,0.0,0.0,0.0,26.844000000000005,0.09490000000000001,26.938900000000004,26.9374
212,0.4513,0.0228,0.4741,0.0853,0.9519088799831258,0.04809112001687408,24.7254,14.7573,1209.343,1184.6176,0.0,0.0,0.0,1209.343,14.7573,1224.1003,1287.1028
213,0.3587,0.0273,0.386,0.0695,0.9292746113989637,0.07072538860103628,19.509,18.293,1061.5885,1042.0795,0.0,0.0,0.0,1061.5884999999998,18.293000000000003,1079.8814999999997,1120.8772
214,0.221,0.0001,0.2211,0.0398,0.9995477159656264,0.00045228403437358667,12.3774,0.074,25.3763,12.9989,0.0,0.0,0.0,25.3763,0.074,25.450300000000002,25.4458
215,0.2076,0.0001,0.2077,0.0374,0.9995185363505056,0.0004814636494944632,12.1653,0.0717,14.1644,1.9991,0.0,0.0,0.0,14.1644,0.07169999999999999,14.2361,14.2391
216,0.124,0.0006,0.1246,0.0224,0.9951845906902086,0.004815409309791332,6.8439,0.3835,122.844,116.0001,0.0,0.0,0.0,122.84400000000002,0.38349999999999995,123.22750000000002,126.2251
217,0.3453,0.0005,0.3458,0.0622,0.9985540775014459,0.0014459224985540775,18.6459,0.3118,69.6461,51.0002,0.0,0.0,0.0,69.6461,0.3118,69.95790000000001,71.9535
218,0.428,0.0087,0.4367,0.0786,0.980077856652164,0.01992214334783604,24.3285,5.6527,599.3286,575.0001,0.0,0.0,0.0,599.3286,5.652699999999999,604.9813,625.4853
219,0.3875,0.0001,0.3876,0.0698,0.9997420020639836,0.0002579979360165119,20.6283,0.0919,23.6273,2.999,0.0,0.0,0.0,23.627299999999995,0.0919,23.719199999999994,24.2143
220,0.4273,0.0126,0.44,0.0792,0.9711363636363637,0.028636363636363637,23.4108,8.5329,1048.5201,1025.1093,0.0,0.0,0.0,1048.5201,8.5329,1057.0529999999999,1085.0553
221,0.4084,0.0273,0.4357,0.0784,0.937342207941244,0.06265779205875603,22.3755,17.4048,2650.1653,2627.7898,0.0,0.0,0.0,2650.1653,17.4048,2667.5701,2761.0746
222,0.2164,0.0131,0.2295,0.0413,0.9429193899782136,0.05708061002178649,11.9406,8.6447,1984.5381,1972.5975,0.0,0.0,0.0,1984.5381000000002,8.644700000000002,1993.1828000000003,2032.183
223,0.2952,0.0005,0.2957,0.0532,0.9983090970578289,0.0016909029421711193,15.6072,0.29,60.6065,44.9993,0.0,0.0,0.0,60.606500000000004,0.29000000000000004,60.8965,64.3983
224,0.2577,0.0231,0.2807,0.0505,0.9180619878874242,0.08229426433915212,14.5362,14.852,1380.6827,1366.1465,0.0,0.0,0.0,1380.6827,14.851999999999997,1395.5347000000002,1441.0395
225,0.2259,0.009,0.2349,0.0423,0.9616858237547893,0.038314176245210725,12.3774,5.6728,388.3765,375.9991,0.0,0.0,0.0,388.37649999999996,5.6728000000000005,394.04929999999996,416.051
226,0.2486,0.0,0.2486,0.0448,1.0,0.0,14.1288,0.0306,16.1291,2.0003,0.0,0.0,0.0,16.1291,0.0306,16.1597,16.1607
227,0.2106,0.0002,0.2108,0.0379,0.9990512333965845,0.0009487666034155599,11.7054,0.1314,36.7048,24.9994,0.0,0.0,0.0,36.7048,0.1314,36.8362,37.3394
228,0.55,0.0218,0.5717,0.1029,0.9620430295609587,0.03813188735350709,30.7986,13.5724,654.7981,623.9995,0.0,0.0,0.0,654.7980999999999,13.572399999999998,668.3704999999999,685.374
229,0.4537,0.0002,0.454,0.0817,0.9993392070484581,0.0004405286343612335,24.3285,0.1425,46.3291,22.0006,0.0,0.0,0.0,46.329100000000004,0.14250000000000002,46.4716,48.9679
230,0.2889,0.0004,0.2893,0.0521,0.9986173522295195,0.00138264777048047,15.2733,0.253,47.2727,31.9994,0.0,0.0,0.0,47.2727,0.253,47.5257,47.5273
231,0.169,0.0,0.169,0.0304,1.0,0.0,9.9057,0.0118,9.9065,0.0008,0.0,0.0,0.0,9.906500000000001,0.011799999999999998,9.9183,9.923
232,0.3398,0.0181,0.3579,0.0644,0.949427214305672,0.05057278569432803,19.026,11.8306,988.0256,968.9996,0.0,0.0,0.0,988.0255999999997,11.8306,999.8561999999997,1056.3533
233,0.3433,0.0006,0.344,0.0619,0.9979651162790698,0.0017441860465116279,19.8135,0.3901,82.8133,62.9998,0.0,0.0,0.0,82.8133,0.3901,83.2034,84.202
234,0.4939,0.0041,0.498,0.0896,0.9917670682730924,0.008232931726907632,27.8628,2.6004,573.8626,545.9998,0.0,0.0,0.0,573.8626,2.6003999999999996,576.4630000000001,593.4638
235,0.2248,0.009,0.2338,0.0421,0.9615055603079555,0.038494439692044476,12.684,5.7772,924.6834,911.9994,0.0,0.0,0.0,924.6834000000001,5.7772,930.4606000000001,959.4611
236,0.527,0.0001,0.5271,0.0949,0.9998102826788086,0.00018971732119142478,28.2576,0.0522,31.2581,3.0005,0.0,0.0,0.0,31.258100000000006,0.052199999999999996,31.310300000000005,31.3098
237,0.4892,0.0,0.4893,0.0881,0.9997956264050685,0.0,26.418,0.0211,32.4173,5.9993,0.0,0.0,0.0,32.4173,0.021099999999999997,32.438399999999994,32.4417
238,0.6729,0.0022,0.6751,0.1215,0.9967412235224411,0.00325877647755888,37.1301,1.4632,215.129,177.9989,0.0,0.0,0.0,215.12900000000002,1.4632,216.59220000000002,221.5969
239,0.1186,0.0002,0.1187,0.0214,0.9991575400168492,0.0016849199663016008,6.8439,0.0952,17.844,11.0001,0.0,0.0,0.0,17.844000000000005,0.09519999999999998,17.939200000000003,18.937
240,0.3154,0.0001,0.3155,0.0568,0.9996830427892235,0.0003169572107765452,17.661,0.0609,21.6611,4.0001,0.0,0.0,0.0,21.661100000000005,0.060899999999999996,21.722000000000005,22.2188
241,0.1948,0.0007,0.1955,0.0352,0.9964194373401534,0.003580562659846547,10.5966,0.4268,74.5966,64.0,0.0,0.0,0.0,74.5966,0.4268,75.0234,75.525
242,0.1288,0.0059,0.1347,0.0242,0.9561989606533037,0.043801039346696366,7.2681,3.5585,710.2686,703.0005,0.0,0.0,0.0,710.2686,3.5584999999999996,713.8271,727.3308
243,0.4481,0.0,0.4481,0.0807,1.0,0.0,24.7254,0.0141,25.7256,1.0002,0.0,0.0,0.0,25.725599999999993,0.0141,25.739699999999992,26.7389
244,0.2076,0.0009,0.2085,0.0375,0.9956834532374101,0.004316546762589928,11.4555,0.5298,123.4545,111.999,0.0,0.0,0.0,123.45450000000002,0.5298,123.98430000000002,130.9857
245,0.2969,0.0042,0.301,0.0542,0.9863787375415283,0.013953488372093023,16.5018,2.6613,810.5019,794.0001,0.0,0.0,0.0,810.5018999999999,2.6612999999999998,813.1631999999998,840.1633
246,0.2673,0.0016,0.2689,0.0484,0.9940498326515433,0.005950167348456676,14.5362,0.9782,270.5368,256.0006,0.0,0.0,0.0,270.5368,0.9782000000000001,271.51500000000004,285.5191
247,0.586,0.0284,0.6145,0.1106,0.953620829943043,0.046216436126932464,33.5643,17.2075,835.5642,801.9999,0.0,0.0,0.0,835.5641999999999,17.2075,852.7716999999999,880.7758
248,0.2875,0.0005,0.288,0.0518,0.9982638888888888,0.0017361111111111112,16.2204,0.2928,31.2194,14.999,0.0,0.0,0.0,31.219400000000004,0.29280000000000006,31.512200000000004,32.5116
249,0.2579,0.0064,0.2643,0.0476,0.9757850926976922,0.024214907302307985,14.1288,4.0313,1129.1291,1115.0003,0.0,0.0,0.0,1129.1291,4.0313,1133.1604000000002,1148.6645
250,0.2808,0.0017,0.2826,0.0509,0.9936305732484075,0.006015569709837225,15.2733,1.1394,301.2723,285.999,0.0,0.0,0.0,301.27230000000003,1.1394,302.41170000000005,311.9148
251,0.2172,0.0147,0.2319,0.0417,0.9366106080206986,0.06338939197930142,12.1653,9.5931,1165.4914,1153.3261,0.0,0.0,0.0,1165.4914,9.593099999999998,1175.0845000000002,1234.0833
252,0.1342,0.0004,0.1346,0.0242,0.9970282317979199,0.002971768202080238,7.4592,0.2442,11.4584,3.9992,0.0,0.0,0.0,11.458400000000001,0.2442,11.7026,11.7061
253,0.3813,0.0013,0.3826,0.0689,0.9966021955044432,0.003397804495556717,21.1932,0.8043,612.1936,591.0004,0.0,0.0,0.0,612.1936,0.8043000000000001,612.9979,633.9933
254,0.5233,0.0006,0.5239,0.0943,0.9988547432716166,0.0011452567283832791,28.8792,0.365,121.8783,92.9991,0.0,0.0,0.0,121.87830000000002,0.36499999999999994,122.24330000000002,123.2477
255,0.6434,0.001,0.6444,0.116,0.9984481688392303,0.0015518311607697084,37.1301,0.6485,264.1294,226.9993,0.0,0.0,0.0,264.1294,0.6485,264.7779,266.2806
256,0.1473,0.005,0.1524,0.0274,0.966535433070866,0.03280839895013123,8.2509,3.2465,1096.3348,1088.0839,0.0,0.0,0.0,1096.3348000000003,3.2465,1099.5813000000003,1155.5774
257,0.3033,0.0048,0.3081,0.0555,0.9844206426484908,0.015579357351509249,17.1108,3.0997,2348.7805,2331.6697,0.0,0.0,0.0,2348.7805000000003,3.0996999999999995,2351.8802000000005,2399.8826
258,0.4927,0.0095,0.5023,0.0904,0.9808879155882939,0.018913000199084214,26.418,6.2284,2031.4285,2005.0105,0.0,0.0,0.0,2031.4285,6.2284,2037.6569,2124.6586
259,0.4181,0.001,0.419,0.0754,0.9978520286396182,0.002386634844868735,23.4108,0.6226,124.4101,100.9993,0.0,0.0,0.0,124.41010000000001,0.6225999999999999,125.03270000000002,126.5319
260,0.1435,0.0017,0.1452,0.0261,0.9882920110192837,0.011707988980716254,7.8036,1.142,334.8036,327.0,0.0,0.0,0.0,334.8036,1.1419999999999997,335.9456,347.4501
261,0.5929,0.0002,0.5931,0.1068,0.9996627887371439,0.00033721126285617944,31.7898,0.1085,81.7902,50.0004,0.0,0.0,0.0,81.79020000000001,0.10849999999999999,81.89870000000002,81.903
262,0.328,0.0,0.3281,0.059,0.9996952148735142,0.0,18.6459,0.0153,22.6461,4.0002,0.0,0.0,0.0,22.646099999999993,0.0153,22.661399999999993,22.6574
263,0.4631,0.015,0.4781,0.0861,0.9686258104998954,0.03137418950010458,25.368,9.6717,2647.1421,2621.7741,0.0,0.0,0.0,2647.1420999999996,9.671699999999998,2656.8137999999994,2730.3155
264,0.6024,0.0011,0.6036,0.1086,0.9980119284294235,0.0018223989396951624,33.0036,0.739,393.0038,360.0002,0.0,0.0,0.0,393.0037999999999,0.7389999999999999,393.7427999999999,405.2386
265,0.4662,0.0057,0.4719,0.0849,0.9879211697393516,0.012078830260648443,26.1051,3.7482,1224.282,1198.1769,0.0,0.0,0.0,1224.282,3.7481999999999998,1228.0302,1260.0326
266,0.5964,0.0012,0.5976,0.1076,0.997991967871486,0.002008032128514056,32.4387,0.7433,304.4387,272.0,0.0,0.0,0.0,304.4387,0.7433000000000001,305.18199999999996,311.1791
267,0.321,0.0,0.3211,0.0578,0.999688570538773,0.0,16.5102,0.0132,23.5108,7.0006,0.0,0.0,0.0,23.510800000000003,0.013199999999999998,23.524000000000004,23.5208
268,0.2259,0.0001,0.2259,0.0407,1.0,0.00044267374944665787,11.9406,0.0374,12.9412,1.0006,0.0,0.0,0.0,12.941199999999998,0.037399999999999996,12.978599999999998,12.982
269,0.2947,0.0365,0.3312,0.0596,0.8897946859903383,0.11020531400966183,16.5018,23.1996,1297.1287,1280.6269,0.0,0.0,0.0,1297.1287000000002,23.1996,1320.3283000000001,1392.828
270,0.2168,0.0005,0.2173,0.0391,0.9976990335941095,0.0023009664058904742,11.7054,0.3019,28.7049,16.9995,0.0,0.0,0.0,28.704900000000006,0.3019,29.006800000000005,29.5071
271,0.2967,0.0,0.2967,0.0534,1.0,0.0,17.661,0.0234,21.661,4.0,0.0,0.0,0.0,21.66100000000001,0.023399999999999997,21.684400000000007,21.689
272,0.424,0.0,0.424,0.0763,1.0,0.0,21.8064,0.0164,28.8057,6.9993,0.0,0.0,0.0,28.80569999999999,0.016399999999999998,28.822099999999992,28.8268
273,0.2325,0.0005,0.233,0.0419,0.9978540772532188,0.002145922746781116,12.3774,0.3189,31.3764,18.999,0.0,0.0,0.0,31.376400000000004,0.31889999999999996,31.695300000000003,31.6981
274,0.32,0.0052,0.3252,0.0585,0.9840098400984011,0.015990159901599015,17.661,3.3033,906.6611,889.0001,0.0,0.0,0.0,906.6611,3.3033,909.9644000000001,942.9654
275,0.1317,0.011,0.1428,0.0257,0.9222689075630253,0.07703081232492996,7.2681,7.2821,1305.4175,1298.1494,0.0,0.0,0.0,1305.4175,7.2821,1312.6996,1358.195
276,0.3721,0.0045,0.3766,0.0678,0.9880509824747743,0.011949017525225702,20.5317,3.0033,780.5323,760.0006,0.0,0.0,0.0,780.5323000000001,3.0033,783.5356,800.5366
277,0.2915,0.0003,0.2918,0.0525,0.9989718985606579,0.001028101439342015,15.855,0.1787,15.8544,0.0,0.0,0.0,0.0,15.854400000000002,0.1787,16.0331,16.0357
278,0.1267,0.0046,0.1314,0.0236,0.9642313546423137,0.03500761035007611,6.8439,2.9958,1355.1721,1348.3282,0.0,0.0,0.0,1355.1721000000002,2.9958,1358.1679000000001,1417.1635
279,0.2076,0.0152,0.2228,0.0401,0.9317773788150808,0.06822262118491922,11.4555,9.6545,3034.5086,3023.0531,0.0,0.0,0.0,3034.5086000000006,9.654499999999999,3044.1631000000007,3147.6655
280,0.2542,0.0055,0.2597,0.0467,0.9788217173661917,0.02117828263380824,14.1288,3.4903,1434.0543,1419.9255,0.0,0.0,0.0,1434.0543,3.4903000000000004,1437.5446,1466.0423
281,0.1258,0.0006,0.1264,0.0227,0.9952531645569619,0.004746835443037974,6.6045,0.3447,63.6045,57.0,0.0,0.0,0.0,63.60450000000001,0.34469999999999995,63.94920000000001,71.9455
282,0.4121,0.0001,0.4122,0.0742,0.9997573993207182,0.00024260067928190198,22.9089,0.0342,22.909,0.0001,0.0,0.0,0.0,22.909000000000006,0.0342,22.943200000000004,22.9445
283,0.5058,0.0078,0.5136,0.0925,0.9848130841121497,0.015186915887850469,28.539,4.8475,1552.2075,1523.6685,0.0,0.0,0.0,1552.2075,4.847500000000001,1557.055,1616.5556
284,0.5386,0.0001,0.5388,0.097,0.9996288047512992,0.00018559762435040833,28.8792,0.1,47.8788,18.9996,0.0,0.0,0.0,47.87879999999999,0.1,47.97879999999999,47.9758
285,0.1864,0.0112,0.1976,0.0356,0.9433198380566802,0.05668016194331984,10.5966,7.0541,1487.5815,1476.9849,0.0,0.0,0.0,1487.5815,7.054099999999999,1494.6356,1576.6393
286,0.3379,0.0,0.3379,0.0608,1.0,0.0,18.6459,0.0181,28.6463,10.0004,0.0,0.0,0.0,28.646299999999997,0.018099999999999998,28.664399999999997,28.668
287,0.4843,0.0265,0.5108,0.0919,0.9481205951448708,0.05187940485512921,26.7267,17.2141,1590.3209,1563.5942,0.0,0.0,0.0,1590.3208999999997,17.214100000000002,1607.5349999999996,1653.5339
288,0.1293,0.0016,0.1309,0.0236,0.9877769289533996,0.01222307104660046,7.4592,1.0098,311.4584,303.9992,0.0,0.0,0.0,311.45840000000004,1.0098,312.4682,319.9643
289,0.2911,0.0288,0.3199,0.0576,0.90997186620819,0.09002813379180993,15.6072,17.9201,2061.9198,2046.3126,0.0,0.0,0.0,2061.9197999999997,17.9201,2079.8398999999995,2149.3437
290,0.5083,0.0192,0.5275,0.095,0.9636018957345972,0.03639810426540284,28.2576,12.4851,2268.2691,2240.0115,0.0,0.0,0.0,2268.2691,12.485100000000001,2280.7542,2337.2567
291,0.1405,0.0001,0.1406,0.0253,0.9992887624466572,0.0007112375533428165,8.1102,0.0366,16.1098,7.9996,0.0,0.0,0.0,16.1098,0.036599999999999994,16.1464,16.1422
292,0.3231,0.0004,0.3235,0.0582,0.9987635239567233,0.0012364760432766616,18.6459,0.278,24.6464,6.0005,0.0,0.0,0.0,24.6464,0.278,24.9244,24.9266
293,0.3528,0.0017,0.3545,0.0638,0.9952045133991538,0.004795486600846262,19.9017,1.1342,617.9019,598.0002,0.0,0.0,0.0,617.9019000000001,1.1341999999999999,619.0361,634.534
294,0.4518,0.0012,0.4531,0.0815,0.9971308761862723,0.0026484219819024497,24.7527,0.7372,174.7531,150.0004,0.0,0.0,0.0,174.75309999999996,0.7371999999999999,175.49029999999996,188.4896
295,0.3379,0.0139,0.3518,0.0633,0.9604889141557703,0.039511085844229674,18.6459,8.2487,1293.6517,1275.0058,0.0,0.0,0.0,1293.6517,8.248700000000001,1301.9004,1363.9021
296,0.1435,0.03,0.1735,0.0312,0.8270893371757925,0.1729106628242075,7.8036,18.9103,1249.396,1241.5924,0.0,0.0,0.0,1249.3959999999997,18.9103,1268.3062999999997,1331.808
297,0.5707,0.0001,0.5708,0.1027,0.9998248072880168,0.00017519271198318152,32.4387,0.0759,32.4388,0.0001,0.0,0.0,0.0,32.43879999999999,0.07589999999999998,32.51469999999999,32.5157
298,0.2336,0.0,0.2336,0.042,1.0,0.0,13.6878,0.025,14.688,1.0002,0.0,0.0,0.0,14.687999999999999,0.025,14.713,14.7103
299,0.4242,0.0153,0.4395,0.0791,0.9651877133105803,0.0348122866894198,23.4108,9.5362,2307.6794,2284.2686,0.0,0.0,0.0,2307.6793999999995,9.536200000000001,2317.2155999999995,2408.2111
300,0.4448,0.0103,0.4551,0.0819,0.9773676115139529,0.022632388486047022,24.7254,6.1445,1270.0602,1245.3348,0.0,0.0,0.0,1270.0602000000001,6.1445,1276.2047000000002,1326.1998
301,0.5121,0.0057,0.5178,0.0932,0.988991888760139,0.01100811123986095,28.2576,3.6911,769.2579,741.0003,0.0,0.0,0.0,769.2579,3.6911,772.949,790.9443
302,0.5022,0.0162,0.5184,0.0933,0.96875,0.03125,27.3126,10.075,2239.7183,2212.4057,0.0,0.0,0.0,2239.7183000000005,10.075,2249.7933000000003,2316.7927
303,0.1298,0.0001,0.1299,0.0234,0.9992301770592764,0.0007698229407236336,7.2681,0.0564,21.2689,14.0008,0.0,0.0,0.0,21.2689,0.0564,21.3253,21.3268
304,0.4377,0.0304,0.4681,0.0843,0.9350566118350779,0.06494338816492203,24.3285,20.1959,3344.6441,3320.3156,0.0,0.0,0.0,3344.6441000000004,20.195900000000005,3364.8400000000006,3480.8424
305,0.2486,0.0207,0.2692,0.0485,0.9234769687964338,0.07689450222882616,14.1288,14.1524,3422.9539,3408.8251,0.0,0.0,0.0,3422.953899999999,14.1524,3437.106299999999,3474.1087
306,0.301,0.0,0.301,0.0542,1.0,0.0,17.1108,0.0121,17.11,0.0,0.0,0.0,0.0,17.11,0.0121,17.1221,17.1183
307,0.1342,0.0018,0.136,0.0245,0.986764705882353,0.013235294117647057,7.4592,1.1668,647.4587,639.9995,0.0,0.0,0.0,647.4587,1.1668000000000003,648.6255,655.1255
308,0.6532,0.0005,0.6538,0.1177,0.9990822881615172,0.0007647598654022637,37.1301,0.3469,81.1293,43.9992,0.0,0.0,0.0,81.12930000000003,0.3469,81.47620000000003,83.4744
309,0.4233,0.0006,0.4239,0.0763,0.9985845718329796,0.0014154281670205235,23.8833,0.3762,225.8825,201.9992,0.0,0.0,0.0,225.88250000000005,0.37620000000000003,226.25870000000006,232.7575
310,0.2299,0.0005,0.2304,0.0415,0.9978298611111112,0.002170138888888889,12.684,0.3368,448.6835,435.9995,0.0,0.0,0.0,448.6834999999999,0.33679999999999993,449.0202999999999,464.0157
311,0.1243,0.0004,0.1247,0.0224,0.9967923015236567,0.0032076984763432237,7.0644,0.2593,130.0644,123.0,0.0,0.0,0.0,130.0644,0.2593,130.3237,137.3215
312,0.4265,0.0286,0.4551,0.0819,0.9371566688639859,0.06284333113601406,23.8833,17.9466,1958.8323,1934.949,0.0,0.0,0.0,1958.8323,17.946599999999997,1976.7789,2052.2829
313,0.3453,0.0285,0.3738,0.0673,0.9237560192616372,0.07624398073836276,18.6459,17.4429,3325.7115,3307.0656,0.0,0.0,0.0,3325.7115000000003,17.4429,3343.1544000000004,3423.6522
314,0.2607,0.0001,0.2608,0.0469,0.9996165644171779,0.00038343558282208595,13.6878,0.0524,24.6881,11.0003,0.0,0.0,0.0,24.688100000000006,0.052399999999999995,24.740500000000004,24.7367
315,0.4787,0.0,0.4788,0.0862,0.9997911445279867,0.0,26.418,0.0129,32.4175,5.9995,0.0,0.0,0.0,32.4175,0.0129,32.4304,32.4267
316,0.1495,0.0334,0.1829,0.0329,0.8173865500273373,0.18261344997266266,8.2509,21.3949,3045.2457,3036.9948,0.0,0.0,0.0,3045.2457000000004,21.394900000000003,3066.6406,3153.1426
317,0.5836,0.0314,0.615,0.1107,0.9489430894308943,0.05105691056910569,32.4387,19.7925,441.4387,409.0,0.0,0.0,0.0,441.43869999999987,19.792499999999997,461.2311999999999,499.7331
318,0.6539,0.0002,0.6541,0.1177,0.9996942363552974,0.00030576364470264486,35.8239,0.1397,66.8237,30.9998,0.0,0.0,0.0,66.8237,0.13970000000000002,66.96340000000001,67.4589
319,0.5574,0.0071,0.5645,0.1016,0.987422497785651,0.012577502214348982,31.2144,4.4555,1523.8082,1492.5938,0.0,0.0,0.0,1523.8082,4.4555,1528.2637,1591.2629
320,0.4509,0.0229,0.4738,0.0853,0.951667370198396,0.048332629801604056,25.4394,15.5088,2074.5555,2049.1161,0.0,0.0,0.0,2074.5554999999995,15.5088,2090.0642999999995,2189.5661
321,0.4055,0.0016,0.4071,0.0733,0.9960697617293048,0.003930238270695161,22.3755,1.077,507.3759,485.0004,0.0,0.0,0.0,507.3759,1.0770000000000002,508.4529,532.9488
322,0.3293,0.0008,0.3301,0.0594,0.9975764919721296,0.0024235080278703423,18.1713,0.5105,277.1713,259.0,0.0,0.0,0.0,277.1713,0.5105000000000001,277.68179999999995,289.6855
323,0.4262,0.0002,0.4264,0.0768,0.9995309568480301,0.00046904315196998124,22.3755,0.1438,33.3757,11.0002,0.0,0.0,0.0,33.375699999999995,0.1438,33.519499999999994,37.0213
324,0.5845,0.0064,0.5909,0.1064,0.9891690641394484,0.010830935860551701,31.7898,3.894,1073.4538,1041.664,0.0,0.0,0.0,1073.4537999999998,3.8939999999999997,1077.3477999999998,1123.8445
325,0.4391,0.0087,0.4478,0.0806,0.9805716837874051,0.019428316212594908,23.8833,5.4389,699.8825,675.9992,0.0,0.0,0.0,699.8825,5.4389,705.3214,720.3202
326,0.4613,0.0002,0.4615,0.0831,0.999566630552546,0.0004333694474539545,26.418,0.1646,127.4175,100.9995,0.0,0.0,0.0,127.41749999999999,0.1646,127.58209999999998,129.0774
327,0.4997,0.0006,0.5003,0.0901,0.9988007195682591,0.0011992804317409553,27.3756,0.3862,261.376,234.0004,0.0,0.0,0.0,261.376,0.3862,261.76219999999995,270.7659
328,0.2828,0.0008,0.2837,0.0511,0.9968276348255198,0.0028198801550934085,15.2733,0.5067,246.2725,230.9992,0.0,0.0,0.0,246.27250000000004,0.5066999999999999,246.77920000000003,253.2757
329,0.4584,0.0005,0.4589,0.0826,0.9989104380039224,0.001089561996077577,24.7527,0.3468,232.7528,208.0001,0.0,0.0,0.0,232.75279999999995,0.34679999999999994,233.09959999999995,241.5996
330,0.2259,0.031,0.2569,0.0462,0.8793304787855195,0.12066952121448034,12.3774,19.3983,978.4941,966.1167,0.0,0.0,0.0,978.4940999999998,19.3983,997.8923999999997,1113.3972
331,0.4448,0.0221,0.4669,0.084,0.9526665238809167,0.04733347611908332,24.7254,13.7713,1406.0831,1381.3577,0.0,0.0,0.0,1406.0831,13.771299999999998,1419.8544000000002,1541.3591
332,0.5921,0.0009,0.5931,0.1068,0.9983139436857191,0.0015174506828528073,32.4387,0.5961,186.4388,154.0001,0.0,0.0,0.0,186.43880000000001,0.5961,187.03490000000002,195.5384
333,0.3933,0.0001,0.3933,0.0708,1.0,0.00025425883549453347,23.4108,0.0386,23.41,0.0,0.0,0.0,0.0,23.409999999999993,0.0386,23.448599999999992,23.4471
334,0.2005,0.0015,0.202,0.0364,0.9925742574257426,0.007425742574257425,10.9032,0.9463,603.9028,592.9996,0.0,0.0,0.0,603.9028000000001,0.9462999999999999,604.8491,621.851
335,0.6182,0.0062,0.6244,0.1124,0.990070467648943,0.009929532351057015,34.3644,3.8042,3403.5531,3369.1887,0.0,0.0,0.0,3403.5530999999996,3.8042000000000002,3407.3572999999997,3468.3537
336,0.2121,0.0282,0.2403,0.0433,0.8826466916354557,0.11735330836454431,11.4555,17.7265,2591.314,2579.8585,0.0,0.0,0.0,2591.3140000000003,17.7265,2609.0405000000005,2689.0431
337,0.2519,0.0002,0.2521,0.0454,0.9992066640222135,0.0007933359777865927,14.5362,0.1169,68.5371,54.0009,0.0,0.0,0.0,68.5371,0.11689999999999999,68.654,69.1534
338,0.1223,0.0012,0.1235,0.0222,0.9902834008097167,0.0097165991902834,6.6045,0.7613,680.6042,673.9997,0.0,0.0,0.0,680.6042,0.7613000000000001,681.3655,696.8624
339,0.1711,0.0043,0.1754,0.0316,0.9754846066134549,0.02451539338654504,9.513,2.7132,1255.2022,1245.6892,0.0,0.0,0.0,1255.2022,2.7132,1257.9153999999999,1302.4122
340,0.1424,0.0001,0.1425,0.0257,0.9992982456140351,0.0007017543859649123,7.6356,0.0757,33.6365,26.0009,0.0,0.0,0.0,33.636500000000005,0.0757,33.7122,33.7081
341,0.5538,0.0,0.5538,0.0997,1.0,0.0,29.0745,0.0283,33.0743,3.9998,0.0,0.0,0.0,33.0743,0.0283,33.1026,33.0995
342,0.4505,0.0003,0.4508,0.0811,0.9993345164152618,0.0006654835847382431,24.3285,0.1642,81.329,57.0005,0.0,0.0,0.0,81.32900000000002,0.16419999999999998,81.49320000000002,84.4955
343,0.3448,0.0087,0.3535,0.0636,0.9753889674681754,0.02461103253182461,19.026,5.6234,971.7049,952.6789,0.0,0.0,0.0,971.7049,5.623400000000001,977.3282999999999,1017.333
344,0.414,0.0006,0.4146,0.0746,0.9985528219971055,0.001447178002894356,22.197,0.3764,374.1965,351.9995,0.0,0.0,0.0,374.1965,0.37639999999999996,374.5729,385.0709
345,0.1513,0.0003,0.1515,0.0273,0.9986798679867986,0.0019801980198019802,8.1102,0.1554,28.1095,19.9993,0.0,0.0,0.0,28.109499999999997,0.15539999999999998,28.264899999999997,29.7688
346,0.5928,0.0122,0.6049,0.1089,0.9799966936683749,0.020168622912878163,32.7096,7.7581,1230.6588,1197.9492,0.0,0.0,0.0,1230.6588,7.7581,1238.4169,1287.4202
347,0.5119,0.0,0.5119,0.0921,1.0,0.0,28.8792,0.0189,28.8784,0.0,0.0,0.0,0.0,28.8784,0.018900000000000004,28.897299999999998,28.901
348,0.5841,0.0004,0.5845,0.1052,0.9993156544054747,0.0006843455945252353,32.7096,0.2514,154.7088,121.9992,0.0,0.0,0.0,154.7088,0.2514,154.9602,156.4567
349,0.1462,0.0384,0.1846,0.0332,0.7919826652221019,0.20801733477789816,8.2509,23.5606,1318.0287,1309.7778,0.0,0.0,0.0,1318.0287000000003,23.560600000000004,1341.5893000000003,1434.5882
350,0.4454,0.0,0.4455,0.0802,0.9997755331088665,0.0,23.8833,0.0184,23.8825,0.0,0.0,0.0,0.0,23.882499999999997,0.0184,23.900899999999996,23.9045
351,0.3055,0.0108,0.3164,0.0569,0.9655499367888748,0.03413400758533502,17.1108,6.5564,2955.9296,2938.8188,0.0,0.0,0.0,2955.9296,6.556400000000001,2962.486,3018.9812
352,0.4808,0.0315,0.5123,0.0922,0.9385125902791334,0.061487409720866686,26.7267,19.4485,1495.0692,1468.3425,0.0,0.0,0.0,1495.0692,19.4485,1514.5176999999999,1587.5216
353,0.6871,0.0,0.6871,0.1237,1.0,0.0,35.8239,0.0343,38.8234,2.9995,0.0,0.0,0.0,38.82339999999999,0.034300000000000004,38.857699999999994,38.8602
354,0.4265,0.0,0.4265,0.0768,1.0,0.0,23.8833,0.0186,40.8827,16.9994,0.0,0.0,0.0,40.882700000000014,0.0186,40.90130000000001,40.9043
355,0.5937,0.0005,0.5942,0.107,0.9991585324806463,0.0008414675193537531,33.0036,0.3445,262.0037,229.0001,0.0,0.0,0.0,262.0037,0.3444999999999999,262.34819999999996,269.8447
356,0.2766,0.0019,0.2785,0.0501,0.993177737881508,0.00682226211849192,15.6072,1.1934,371.6068,355.9996,0.0,0.0,0.0,371.6068,1.1934,372.8002,385.7975
357,0.2394,0.0001,0.2395,0.0431,0.9995824634655532,0.0004175365344467641,13.209,0.0856,68.2088,54.9998,0.0,0.0,0.0,68.20880000000001,0.0856,68.29440000000001,68.2973
358,0.4312,0.0001,0.4313,0.0776,0.9997681428240204,0.00023185717597959656,24.3285,0.0418,41.329,17.0005,0.0,0.0,0.0,41.329000000000015,0.0418,41.37080000000002,41.3731
359,0.1363,0.001,0.1372,0.0247,0.9934402332361517,0.00728862973760933,7.8036,0.6153,127.8033,119.9997,0.0,0.0,0.0,127.80330000000001,0.6153000000000001,128.4186,133.9143
360,0.7072,0.0001,0.7074,0.1273,0.9997172745264349,0.0001413627367825841,37.1301,0.0855,53.1296,15.9995,0.0,0.0,0.0,53.12959999999999,0.08550000000000002,53.21509999999999,54.7154
361,0.3586,0.0291,0.3876,0.0698,0.9251805985552115,0.07507739938080496,19.0911,17.9463,1180.6138,1161.5227,0.0,0.0,0.0,1180.6138,17.946300000000004,1198.5601000000001,1272.5569
362,0.556,0.0002,0.5562,0.1001,0.9996404171161453,0.0003595828838547285,31.8423,0.1497,45.843,14.0007,0.0,0.0,0.0,45.843,0.1497,45.992700000000006,45.9879
363,0.4546,0.0112,0.4658,0.0838,0.9759553456419064,0.024044654358093602,24.7254,7.1339,1085.4506,1060.7252,0.0,0.0,0.0,1085.4506000000001,7.133899999999998,1092.5845000000002,1126.5803
364,0.4025,0.0133,0.4158,0.0748,0.9680134680134681,0.03198653198653199,22.3755,8.5056,3033.7861,3011.4106,0.0,0.0,0.0,3033.7861000000007,8.5056,3042.2917000000007,3092.2945
365,0.1955,0.0004,0.1959,0.0353,0.9979581419091375,0.002041858090862685,11.4555,0.2665,187.4544,175.9989,0.0,0.0,0.0,187.45440000000002,0.2665,187.72090000000003,190.7226
366,0.4296,0.0019,0.4315,0.0777,0.9955967555040556,0.00440324449594438,23.8833,1.1883,524.8823,500.999,0.0,0.0,0.0,524.8822999999999,1.1883000000000001,526.0705999999999,548.5681
367,0.2276,0.0003,0.2279,0.041,0.9986836331724441,0.0013163668275559454,12.3774,0.182,53.3761,40.9987,0.0,0.0,0.0,53.376099999999994,0.18199999999999994,53.558099999999996,53.5541
368,0.2299,0.0187,0.2486,0.0447,0.9247787610619469,0.0752212389380531,12.684,12.1979,3024.5864,3011.9024,0.0,0.0,0.0,3024.586399999999,12.1979,3036.784299999999,3130.787
369,0.1749,0.0003,0.1752,0.0315,0.9982876712328768,0.0017123287671232876,9.513,0.2025,54.5128,44.9998,0.0,0.0,0.0,54.51280000000001,0.20249999999999999,54.71530000000001,56.2126
370,0.4913,0.001,0.4923,0.0886,0.9979687182612228,0.0020312817387771686,27.3126,0.6225,163.3115,135.9989,0.0,0.0,0.0,163.3115,0.6224999999999998,163.934,181.9346
371,0.3738,0.0001,0.374,0.0673,0.9994652406417113,0.00026737967914438503,20.6283,0.0895,54.6273,33.999,0.0,0.0,0.0,54.6273,0.08950000000000001,54.7168,55.2153
372,0.5423,0.0004,0.5427,0.0977,0.9992629445365765,0.0007370554634236227,29.0745,0.2764,158.0743,128.9998,0.0,0.0,0.0,158.07430000000002,0.2764,158.35070000000002,166.3469
373,0.4597,0.001,0.4607,0.0829,0.9978293900586065,0.0021706099413935317,25.368,0.6284,476.3674,450.9994,0.0,0.0,0.0,476.36740000000003,0.6283999999999998,476.99580000000003,491.5
374,0.5407,0.0001,0.5407,0.0973,1.0,0.00018494544109487704,29.8347,0.035,35.8345,5.9998,0.0,0.0,0.0,35.834500000000006,0.035,35.8695,35.8727
375,0.6227,0.0034,0.6261,0.1127,0.9945695575786616,0.005430442421338444,34.3644,2.1156,1469.811,1435.4466,0.0,0.0,0.0,1469.8109999999997,2.1156,1471.9265999999998,1529.4239
376,0.1462,0.0005,0.1468,0.0264,0.9959128065395094,0.003405994550408719,8.2509,0.3289,240.2509,232.0,0.0,0.0,0.0,240.25089999999997,0.3289,240.57979999999998,242.5748
377,0.3633,0.0042,0.3675,0.0661,0.9885714285714287,0.011428571428571429,19.9017,2.672,1551.4372,1531.5355,0.0,0.0,0.0,1551.4371999999998,2.6719999999999997,1554.1091999999999,1590.6048
378,0.3125,0.0,0.3125,0.0563,1.0,0.0,18.1713,0.0298,19.1716,1.0003,0.0,0.0,0.0,19.1716,0.0298,19.201400000000003,19.7005
379,0.5134,0.0052,0.5186,0.0933,0.9899730042421906,0.010026995757809487,28.539,3.2722,1953.8829,1925.3439,0.0,0.0,0.0,1953.8828999999998,3.2722,1957.1551,2017.6541
380,0.3567,0.0,0.3567,0.0642,1.0,0.0,20.2734,0.0245,26.2742,6.0008,0.0,0.0,0.0,26.274199999999993,0.0245,26.298699999999993,26.3033
381,0.1322,0.0126,0.1448,0.0261,0.9129834254143646,0.08701657458563536,7.4592,8.1143,1171.8128,1164.3536,0.0,0.0,0.0,1171.8128,8.1143,1179.9270999999999,1219.9262
382,0.3111,0.0001,0.3112,0.056,0.9996786632390746,0.0003213367609254499,16.2204,0.0728,23.2192,6.9988,0.0,0.0,0.0,23.219200000000004,0.0728,23.292000000000005,24.2898
383,0.3643,0.0,0.3643,0.0656,1.0,0.0,19.8135,0.0108,21.8132,1.9997,0.0,0.0,0.0,21.8132,0.010799999999999999,21.823999999999998,21.8221
384,0.5068,0.0002,0.5071,0.0913,0.9994084007099192,0.00039439952672056796,28.3836,0.1588,148.384,120.0004,0.0,0.0,0.0,148.384,0.1588,148.5428,150.5418
385,0.4913,0.0,0.4914,0.0884,0.9997964997964999,0.0,27.3126,0.0166,29.3119,1.9993,0.0,0.0,0.0,29.311899999999994,0.0166,29.328499999999995,29.3331
386,0.2982,0.001,0.2992,0.0539,0.9966577540106952,0.0033422459893048127,16.2204,0.5932,312.2196,295.9992,0.0,0.0,0.0,312.21959999999996,0.5932000000000001,312.8128,328.3122
387,0.2864,0.0003,0.2867,0.0516,0.9989536100453434,0.001046389954656435,15.9222,0.1571,97.9213,81.9991,0.0,0.0,0.0,97.92129999999999,0.15710000000000002,98.07839999999999,101.0811
388,0.5134,0.0005,0.5139,0.0925,0.9990270480638256,0.000972951936174353,28.539,0.2834,429.5383,400.9993,0.0,0.0,0.0,429.53829999999994,0.28340000000000004,429.8216999999999,436.8181
389,0.3407,0.0,0.3407,0.0613,1.0,0.0,19.8135,0.0244,22.8131,2.9996,0.0,0.0,0.0,22.813100000000002,0.0244,22.837500000000002,22.833
390,0.4784,0.0,0.4785,0.0861,0.999791013584117,0.0,28.2576,0.0238,28.2581,0.0005,0.0,0.0,0.0,28.258100000000006,0.023799999999999998,28.281900000000007,28.2817
391,0.1861,0.0006,0.1866,0.0336,0.9973204715969989,0.003215434083601286,9.9057,0.3677,367.907,358.0013,0.0,0.0,0.0,367.9069999999999,0.36769999999999997,368.27469999999994,373.7747
392,0.428,0.001,0.429,0.0772,0.9976689976689976,0.002331002331002331,24.3285,0.6375,274.3288,250.0003,0.0,0.0,0.0,274.3288,0.6375,274.9663,283.9633
393,0.4889,0.0001,0.4889,0.088,1.0,0.00020454080589077522,27.3756,0.0554,37.376,10.0004,0.0,0.0,0.0,37.37600000000001,0.0554,37.43140000000001,37.9315
394,0.3372,0.0049,0.3421,0.0616,0.9856767027185033,0.014323297281496637,19.026,2.9314,1189.9752,1170.9492,0.0,0.0,0.0,1189.9751999999999,2.9314000000000004,1192.9065999999998,1235.4035
395,0.3813,0.0182,0.3994,0.0719,0.9546820230345519,0.045568352528793196,21.1932,11.7718,2490.4428,2469.2496,0.0,0.0,0.0,2490.4428000000003,11.771799999999999,2502.2146000000002,2636.2184
396,0.2517,0.0002,0.2518,0.0453,0.9996028594122317,0.0007942811755361397,13.6878,0.0981,16.6882,3.0004,0.0,0.0,0.0,16.688200000000002,0.09809999999999999,16.7863,16.7875
397,0.2906,0.001,0.2916,0.0525,0.9965706447187929,0.003429355281207133,15.9222,0.5992,610.9216,594.9994,0.0,0.0,0.0,610.9216,0.5992,611.5208,636.5251
398,0.4394,0.0,0.4394,0.0791,1.0,0.0,22.9089,0.0162,25.9089,3.0,0.0,0.0,0.0,25.908900000000006,0.0162,25.925100000000008,25.9278
399,0.1749,0.0005,0.1754,0.0316,0.9971493728620296,0.0028506271379703536,9.513,0.3238,343.513,334.0,0.0,0.0,0.0,343.5129999999999,0.3238,343.8367999999999,363.8327
400,0.297,0.0005,0.2974,0.0535,0.9986550100874243,0.0016812373907195697,15.9222,0.3096,88.9218,72.9996,0.0,0.0,0.0,88.92180000000002,0.30960000000000004,89.23140000000002,90.7323
401,0.218,0.0001,0.218,0.0392,1.0,0.00045871559633027525,11.9406,0.0391,31.9409,20.0003,0.0,0.0,0.0,31.9409,0.0391,31.98,31.9838
402,0.3561,0.0001,0.3561,0.0641,1.0,0.0002808199943836001,19.0911,0.0378,19.0908,0.0,0.0,0.0,0.0,19.090799999999998,0.0378,19.1286,19.1304
403,0.199,0.0013,0.2004,0.0361,0.9930139720558883,0.006487025948103792,10.9032,0.8762,685.9029,674.9997,0.0,0.0,0.0,685.9028999999998,0.8762000000000001,686.7790999999999,709.7839
404,0.1611,0.0,0.1611,0.029,1.0,0.0,9.513,0.0099,9.513,0.0,0.0,0.0,0.0,9.512999999999998,0.009899999999999997,9.522899999999998,9.5182
405,0.5754,0.0001,0.5755,0.1036,0.9998262380538662,0.0001737619461337967,32.7096,0.0594,60.7092,27.9996,0.0,0.0,0.0,60.709199999999996,0.059399999999999994,60.76859999999999,61.7682
406,0.2188,0.001,0.2199,0.0396,0.9949977262391996,0.004547521600727604,12.1653,0.6335,498.1645,485.9992,0.0,0.0,0.0,498.1645,0.6335000000000001,498.798,511.7981
407,0.5068,0.0022,0.509,0.0916,0.9956777996070727,0.004322200392927309,28.3836,1.3881,616.3841,588.0005,0.0,0.0,0.0,616.3840999999999,1.3881000000000003,617.7721999999999,642.268
408,0.5581,0.0006,0.5588,0.1006,0.9987473156764497,0.0010737294201861132,30.7986,0.4123,208.7984,177.9998,0.0,0.0,0.0,208.79840000000002,0.4122999999999999,209.2107,214.7136
409,0.2137,0.0004,0.2141,0.0385,0.9981317141522652,0.0018682858477347033,11.4555,0.2584,77.4549,65.9994,0.0,0.0,0.0,77.45490000000001,0.25839999999999996,77.7133,78.7098
410,0.6517,0.0021,0.6538,0.1177,0.9967880085653104,0.003211991434689507,36.4938,1.3228,933.1696,896.6758,0.0,0.0,0.0,933.1696,1.3228000000000002,934.4924,952.9915
411,0.1191,0.0002,0.1194,0.0215,0.9974874371859296,0.0016750418760469012,6.342,0.1594,43.3419,36.9999,0.0,0.0,0.0,43.34189999999999,0.1594,43.501299999999986,49.0003
412,0.4453,0.001,0.4463,0.0803,0.9977593546941519,0.0022406453058480846,24.7527,0.6252,563.7528,539.0001,0.0,0.0,0.0,563.7528,0.6251999999999999,564.3779999999999,579.8802
413,0.1983,0.0,0.1983,0.0357,1.0,0.0,11.1888,0.0141,16.1881,4.9993,0.0,0.0,0.0,16.1881,0.014099999999999998,16.202199999999998,16.206
414,0.299,0.0089,0.3079,0.0554,0.9710945112049366,0.02890548879506333,16.5018,5.7799,1772.5819,1756.0801,0.0,0.0,0.0,1772.5819000000001,5.7799000000000005,1778.3618000000001,1901.3661
415,0.2332,0.0009,0.2341,0.0421,0.9961554891072191,0.003844510892780863,12.684,0.5748,1175.0192,1162.3352,0.0,0.0,0.0,1175.0192,0.5748,1175.594,1200.5932
416,0.2873,0.001,0.2883,0.0519,0.9965313909122442,0.00346860908775581,15.855,0.6575,450.8548,434.9998,0.0,0.0,0.0,450.85479999999995,0.6575,451.5123,469.0126
417,0.4644,0.0004,0.4648,0.0837,0.9991394148020654,0.0008605851979345956,24.7254,0.2306,279.7257,255.0003,0.0,0.0,0.0,279.7257,0.23060000000000003,279.9563,289.458
418,0.2961,0.0075,0.3036,0.0546,0.9752964426877471,0.024703557312252964,16.2204,4.6467,1121.9201,1105.6997,0.0,0.0,0.0,1121.9201,4.6467,1126.5668,1154.5652
419,0.4183,0.0,0.4183,0.0753,1.0,0.0,23.9547,0.025,34.9543,10.9996,0.0,0.0,0.0,34.954299999999996,0.025,34.979299999999995,34.9827
420,0.3656,0.0001,0.3657,0.0658,0.9997265518184303,0.00027344818156959256,20.6283,0.0433,31.6274,10.9991,0.0,0.0,0.0,31.627399999999994,0.043300000000000005,31.670699999999993,33.1714
421,0.2664,0.0037,0.2701,0.0486,0.9863013698630138,0.013698630136986302,14.9163,2.3829,1522.1627,1507.2464,0.0,0.0,0.0,1522.1627,2.3829,1524.5456000000001,1572.0415
422,0.55,0.0,0.55,0.099,1.0,0.0,30.7986,0.0144,32.7978,1.9992,0.0,0.0,0.0,32.797799999999995,0.0144,32.8122,32.8158
423,0.5144,0.0038,0.5182,0.0933,0.99266692396758,0.007333076032419915,28.3836,2.3683,905.5247,877.1411,0.0,0.0,0.0,905.5246999999999,2.3683,907.8929999999999,932.3962
424,0.4834,0.0,0.4835,0.087,0.9997931747673217,0.0,26.1051,0.0312,26.1053,0.0002,0.0,0.0,0.0,26.1053,0.0312,26.136499999999998,26.1346
425,0.2282,0.005,0.2331,0.042,0.9789789789789789,0.02145002145002145,12.684,3.0825,1397.0193,1384.3353,0.0,0.0,0.0,1397.0193,3.0825,1400.1018,1457.6003
426,0.1951,0.0,0.1951,0.0351,1.0,0.0,11.7054,0.0195,13.7049,1.9995,0.0,0.0,0.0,13.704899999999997,0.0195,13.724399999999997,13.7257
427,0.5346,0.019,0.5536,0.0997,0.965679190751445,0.034320809248554913,29.7192,12.2025,1949.4236,1919.7044,0.0,0.0,0.0,1949.4236,12.202499999999999,1961.6261000000002,2073.6249
428,0.148,0.0022,0.1502,0.027,0.9853528628495339,0.014647137150466047,8.1102,1.3721,504.1097,495.9995,0.0,0.0,0.0,504.1097,1.3721,505.48179999999996,527.9867
429,0.5495,0.0001,0.5496,0.0989,0.9998180494905385,0.0001819505094614265,30.5445,0.0683,37.5452,7.0007,0.0,0.0,0.0,37.545199999999994,0.06829999999999999,37.613499999999995,37.612
430,0.4312,0.0005,0.4318,0.0777,0.998610467809171,0.001157943492357573,24.3285,0.3524,253.329,229.0005,0.0,0.0,0.0,253.329,0.35240000000000005,253.6814,258.1823
431,0.2517,0.0,0.2517,0.0453,1.0,0.0,13.6878,0.0245,27.6881,14.0003,0.0,0.0,0.0,27.688100000000006,0.0245,27.712600000000005,30.2115
432,0.1414,0.0019,0.1433,0.0258,0.9867411025819958,0.013258897418004185,7.8036,1.2392,691.8032,683.9996,0.0,0.0,0.0,691.8032,1.2391999999999999,693.0423999999999,727.5387
433,0.3528,0.0329,0.3857,0.0694,0.9147005444646098,0.0852994555353902,19.9017,21.8549,2560.9118,2541.0101,0.0,0.0,0.0,2560.9118000000008,21.854900000000004,2582.7667000000006,2709.2674
434,0.4364,0.0004,0.4367,0.0786,0.9993130295397299,0.0009159606136936113,22.9089,0.2493,80.9092,58.0003,0.0,0.0,0.0,80.90920000000003,0.2493,81.15850000000003,87.154
435,0.4644,0.0001,0.4645,0.0836,0.9997847147470398,0.00021528525296017221,27.8628,0.0844,53.8628,26.0,0.0,0.0,0.0,53.862799999999986,0.0844,53.94719999999999,55.9481
436,0.1206,0.0187,0.1393,0.0251,0.8657573582196697,0.1342426417803302,6.6045,11.8065,2391.9363,2385.3318,0.0,0.0,0.0,2391.9363000000003,11.8065,2403.7428000000004,2559.7472
437,0.3995,0.0001,0.3995,0.0719,1.0,0.00025031289111389235,23.4108,0.0328,47.4098,23.999,0.0,0.0,0.0,47.409800000000004,0.032799999999999996,47.442600000000006,47.4386
438,0.4808,0.0005,0.4813,0.0866,0.9989611468938292,0.0010388531061707874,26.7267,0.2926,151.7273,125.0006,0.0,0.0,0.0,151.72729999999996,0.2926,152.01989999999995,159.517
439,0.5719,0.0013,0.5732,0.1032,0.997732030704815,0.0022679692951849263,31.7898,0.8317,518.7901,487.0003,0.0,0.0,0.0,518.7900999999999,0.8317000000000001,519.6217999999999,537.6261
440,0.5215,0.0,0.5215,0.0939,1.0,0.0,30.7986,0.0248,42.7983,11.9997,0.0,0.0,0.0,42.7983,0.0248,42.8231,42.8273
441,0.182,0.0007,0.1826,0.0329,0.9967141292442496,0.0038335158817086523,10.2669,0.4069,248.2666,237.9997,0.0,0.0,0.0,248.26659999999998,0.40690000000000004,248.6735,266.6723
442,0.5272,0.0024,0.5295,0.0953,0.9956562795089707,0.004532577903682719,28.8792,1.5383,745.8787,716.9995,0.0,0.0,0.0,745.8786999999998,1.5383,747.4169999999998,766.9173
443,0.1298,0.0065,0.1363,0.0245,0.9523110785033015,0.047688921496698455,7.2681,3.9555,1477.0567,1469.7886,0.0,0.0,0.0,1477.0567,3.9555,1481.0122000000001,1551.5103
444,0.4707,0.0,0.4708,0.0847,0.9997875955819882,0.0,27.3756,0.0128,36.3763,9.0007,0.0,0.0,0.0,36.37630000000001,0.012799999999999997,36.389100000000006,36.3877
445,0.3473,0.0044,0.3517,0.0633,0.9874893375035542,0.012510662496445835,19.026,2.7981,1233.3301,1214.3041,0.0,0.0,0.0,1233.3301,2.7981000000000003,1236.1281999999999,1271.6274
446,0.1435,0.0307,0.1741,0.0313,0.8242389431361286,0.17633543940264215,7.8036,18.7331,3208.7522,3200.9486,0.0,0.0,0.0,3208.7522,18.7331,3227.4853,3316.9902
447,0.554,0.0103,0.5644,0.1016,0.9815733522324593,0.01824946846208363,30.7986,6.5205,2313.1867,2282.3881,0.0,0.0,0.0,2313.1867,6.520500000000001,2319.7072000000003,2399.2073
448,0.3448,0.0087,0.3535,0.0636,0.9753889674681754,0.02461103253182461,19.026,5.4362,2012.172,1993.146,0.0,0.0,0.0,2012.1719999999998,5.4362,2017.6082,2059.6104
449,0.5158,0.0031,0.5189,0.0934,0.9940258238581615,0.005974176141838504,28.2576,2.0037,743.258,715.0004,0.0,0.0,0.0,743.2579999999999,2.0037000000000003,745.2616999999999,776.7577
450,0.1384,0.0072,0.1456,0.0262,0.9505494505494505,0.04945054945054945,7.6356,4.5852,1514.2561,1506.6205,0.0,0.0,0.0,1514.2561,4.5852,1518.8413,1593.8387
451,0.3501,0.0005,0.3506,0.0631,0.9985738733599544,0.001426126640045636,19.9017,0.307,253.9018,234.0001,0.0,0.0,0.0,253.90179999999998,0.30700000000000005,254.20879999999997,256.7061
452,0.4233,0.0005,0.4238,0.0763,0.9988201982067013,0.0011798017932987258,23.8833,0.3109,498.8824,474.9991,0.0,0.0,0.0,498.88239999999996,0.31089999999999995,499.19329999999997,503.6972
453,0.4983,0.0054,0.5037,0.0907,0.9892793329362716,0.01072066706372841,28.539,3.4854,1426.045,1397.506,0.0,0.0,0.0,1426.0449999999998,3.4854000000000003,1429.5303999999999,1467.5326
454,0.2046,0.0005,0.205,0.0369,0.998048780487805,0.0024390243902439024,11.4555,0.3077,215.4542,203.9987,0.0,0.0,0.0,215.45420000000001,0.30770000000000003,215.76190000000003,228.2651
455,0.4857,0.0042,0.4899,0.0882,0.9914268218003675,0.008573178199632577,26.418,2.6013,1368.6167,1342.1987,0.0,0.0,0.0,1368.6167000000003,2.6013,1371.2180000000003,1420.2147
456,0.1261,0.0051,0.1312,0.0236,0.9611280487804876,0.038871951219512195,7.0644,3.2213,1225.5388,1218.4744,0.0,0.0,0.0,1225.5388,3.2213000000000003,1228.7601,1262.2602
457,0.4914,0.0001,0.4915,0.0885,0.999796541200407,0.00020345879959308242,26.7267,0.0651,43.7271,17.0004,0.0,0.0,0.0,43.7271,0.06509999999999999,43.7922,45.7898
458,0.2289,0.0,0.2289,0.0412,1.0,0.0,13.209,0.0274,19.2087,5.9997,0.0,0.0,0.0,19.208700000000004,0.027399999999999997,19.236100000000004,19.2324
459,0.6363,0.002,0.6383,0.1149,0.9968666771110762,0.0031333228889237038,35.1141,1.2238,686.1148,651.0007,0.0,0.0,0.0,686.1148,1.2238,687.3385999999999,707.8379
460,0.4902,0.0002,0.4904,0.0883,0.9995921696574226,0.0004078303425774878,27.8628,0.1416,70.8628,43.0,0.0,0.0,0.0,70.86280000000002,0.1416,71.00440000000002,72.0025
461,0.1233,0.0,0.1234,0.0222,0.9991896272285252,0.0,7.0644,0.0105,10.0645,3.0001,0.0,0.0,0.0,10.064499999999995,0.0105,10.074999999999996,10.08
462,0.2598,0.0028,0.2626,0.0473,0.9893373952779893,0.010662604722010662,14.1288,1.7578,858.9781,844.8493,0.0,0.0,0.0,858.9781000000002,1.7578,860.7359000000001,891.2385
463,0.4307,0.0002,0.4309,0.0776,0.9995358551868183,0.0004641448131817127,25.4394,0.1286,71.4396,46.0002,0.0,0.0,0.0,71.43959999999998,0.1286,71.56819999999999,76.0682
464,0.4119,0.0002,0.4121,0.0742,0.9995146809026935,0.000485319097306479,24.3285,0.1466,121.3293,97.0008,0.0,0.0,0.0,121.32930000000002,0.14659999999999998,121.47590000000002,121.971
465,0.4214,0.0,0.4214,0.0759,1.0,0.0,23.9547,0.0135,23.9539,0.0,0.0,0.0,0.0,23.953899999999994,0.013499999999999996,23.967399999999994,23.9672
466,0.2727,0.0313,0.304,0.0547,0.8970394736842106,0.10296052631578947,15.2733,19.8991,1600.6981,1585.4248,0.0,0.0,0.0,1600.6981,19.899100000000004,1620.5972000000002,1723.5945
467,0.3177,0.0213,0.339,0.061,0.9371681415929203,0.06283185840707964,17.661,13.3099,2076.1898,2058.5288,0.0,0.0,0.0,2076.1897999999997,13.309899999999999,2089.4997,2158.9953
468,0.2172,0.008,0.2252,0.0405,0.9644760213143871,0.035523978685612786,12.1653,5.2852,2403.4912,2391.3259,0.0,0.0,0.0,2403.4912000000004,5.2852,2408.7764,2470.7777
469,0.2743,0.0004,0.2747,0.0494,0.9985438660356752,0.001456133964324718,14.9163,0.262,286.917,272.0007,0.0,0.0,0.0,286.9170000000001,0.26199999999999996,287.1790000000001,293.6814
470,0.2059,0.0132,0.2192,0.0394,0.9393248175182481,0.06021897810218978,11.7054,8.5955,2709.5712,2697.8658,0.0,0.0,0.0,2709.5712000000003,8.595500000000001,2718.1667,2881.6659
471,0.3902,0.0001,0.3902,0.0702,1.0,0.00025627883136852895,20.6283,0.0372,21.6278,0.9995,0.0,0.0,0.0,21.627799999999993,0.0372,21.664999999999992,21.6681
472,0.5763,0.004,0.5802,0.1044,0.9932781799379524,0.006894174422612892,33.0036,2.5318,1076.8102,1043.8066,0.0,0.0,0.0,1076.8102,2.5317999999999996,1079.3419999999999,1127.8397
473,0.4182,0.0036,0.4218,0.0759,0.9914651493598862,0.008534850640113797,22.9089,2.288,1856.9025,1833.9936,0.0,0.0,0.0,1856.9024999999997,2.288,1859.1904999999997,1906.1948
474,0.3532,0.0004,0.3536,0.0636,0.998868778280543,0.0011312217194570135,21.1932,0.2265,134.1932,113.0,0.0,0.0,0.0,134.19319999999996,0.22649999999999998,134.41969999999995,137.9215
475,0.1787,0.0003,0.179,0.0322,0.9983240223463687,0.0016759776536312849,9.513,0.1731,119.5127,109.9997,0.0,0.0,0.0,119.51270000000002,0.17309999999999998,119.68580000000003,123.1902
476,0.3813,0.0006,0.3819,0.0687,0.9984289080911232,0.0015710919088766692,21.1932,0.3867,458.1935,437.0003,0.0,0.0,0.0,458.19350000000014,0.3867,458.58020000000016,478.5837
477,0.5535,0.0073,0.5608,0.1009,0.9869828815977176,0.013017118402282455,30.5445,4.6129,1972.1715,1941.627,0.0,0.0,0.0,1972.1715000000002,4.612900000000001,1976.7844000000002,2029.7867
478,0.3304,0.0003,0.3308,0.0595,0.9987908101571948,0.0009068923821039903,17.1108,0.2089,89.11,71.9992,0.0,0.0,0.0,89.11000000000003,0.2089,89.31890000000003,92.823
479,0.1711,0.0094,0.1805,0.0325,0.9479224376731302,0.05207756232686981,9.513,5.8596,3017.8074,3008.2944,0.0,0.0,0.0,3017.8074,5.859600000000001,3023.6670000000004,3112.6682
480,0.6662,0.0002,0.6664,0.12,0.9996998799519808,0.0003001200480192077,36.4938,0.1519,103.4937,66.9999,0.0,0.0,0.0,103.49369999999996,0.1519,103.64559999999996,108.6431
481,0.1875,0.0,0.1875,0.0338,1.0,0.0,10.9032,0.0156,19.9028,8.9996,0.0,0.0,0.0,19.902800000000006,0.015600000000000001,19.918400000000005,19.9195
482,0.3501,0.002,0.3521,0.0634,0.9943197955126385,0.005680204487361545,19.9017,1.2742,435.9018,416.0001,0.0,0.0,0.0,435.9017999999999,1.2741999999999998,437.17599999999993,457.1789
483,0.2683,0.0137,0.282,0.0508,0.9514184397163121,0.04858156028368795,14.9163,8.5663,801.5636,786.6473,0.0,0.0,0.0,801.5636,8.5663,810.1298999999999,851.6327
484,0.1948,0.0003,0.1951,0.0351,0.9984623270117888,0.0015376729882111736,10.5966,0.1987,204.5966,194.0,0.0,0.0,0.0,204.59659999999997,0.19870000000000002,204.79529999999997,208.2909
485,0.6876,0.0001,0.6877,0.1238,0.9998545877562891,0.00014541224371092046,37.1301,0.0848,52.1295,14.9994,0.0,0.0,0.0,52.12949999999999,0.0848,52.214299999999994,52.7101
486,0.1288,0.0004,0.1292,0.0233,0.9969040247678018,0.003095975232198142,7.2681,0.2241,172.2687,165.0006,0.0,0.0,0.0,172.26870000000005,0.2241,172.49280000000005,177.9966
487,0.1484,0.0091,0.1575,0.0284,0.9422222222222223,0.05777777777777778,8.2509,5.8263,1205.1172,1196.8663,0.0,0.0,0.0,1205.1172000000001,5.8263,1210.9435,1285.4472
488,0.2481,0.0,0.2481,0.0447,1.0,0.0,13.209,0.0128,24.2088,10.9998,0.0,0.0,0.0,24.208800000000004,0.012799999999999999,24.221600000000002,24.222
489,0.4985,0.0001,0.4986,0.0897,0.9997994384275973,0.00020056157240272765,26.7267,0.0716,27.7273,1.0006,0.0,0.0,0.0,27.7273,0.0716,27.7989,28.2958
490,0.57,0.0,0.5701,0.1026,0.9998245921768109,0.0,29.7192,0.0247,50.7195,21.0003,0.0,0.0,0.0,50.71949999999999,0.0247,50.74419999999999,52.7446
491,0.1308,0.0002,0.131,0.0236,0.998473282442748,0.0015267175572519084,7.0644,0.1241,69.0646,62.0002,0.0,0.0,0.0,69.06459999999998,0.12409999999999999,69.18869999999998,70.1871
492,0.554,0.0007,0.5548,0.0999,0.9985580389329489,0.001261715933669791,30.7986,0.439,295.7979,264.9993,0.0,0.0,0.0,295.79789999999997,0.439,296.2369,305.7361
493,0.1453,0.0182,0.1636,0.0294,0.8881418092909537,0.11124694376528119,7.9611,11.6683,1333.9081,1325.947,0.0,0.0,0.0,1333.9081,11.6683,1345.5764000000001,1422.0729
494,0.5576,0.0015,0.559,0.1006,0.9974955277280857,0.0026833631484794273,30.5445,0.9284,789.5453,759.0008,0.0,0.0,0.0,789.5453000000002,0.9284000000000001,790.4737000000002,815.974
495,0.6613,0.001,0.6624,0.1192,0.9983393719806763,0.0015096618357487923,36.4938,0.6307,365.4934,328.9996,0.0,0.0,0.0,365.49339999999995,0.6307000000000001,366.12409999999994,388.6238
496,0.5268,0.0054,0.5321,0.0958,0.9900394662657396,0.010148468333020109,29.7192,3.3683,1204.6471,1174.9279,0.0,0.0,0.0,1204.6471,3.3682999999999996,1208.0154,1230.5164
497,0.4551,0.0037,0.4588,0.0826,0.9919354838709677,0.008064516129032258,24.7527,2.3036,848.7154,823.9627,0.0,0.0,0.0,848.7154,2.3035999999999994,851.019,876.023
498,0.2006,0.0001,0.2007,0.0361,0.9995017438963628,0.0004982561036372696,11.9406,0.0849,79.941,68.0004,0.0,0.0,0.0,79.94100000000002,0.08490000000000002,80.02590000000002,81.0212
499,0.3818,0.0002,0.382,0.0688,0.9994764397905759,0.0005235602094240838,22.3755,0.1078,53.3758,31.0003,0.0,0.0,0.0,53.37580000000001,0.10779999999999999,53.48360000000001,54.4867
500,0.5812,0.0002,0.5815,0.1047,0.9994840928632847,0.00034393809114359415,31.8423,0.1494,109.8431,78.0008,0.0,0.0,0.0,109.84310000000002,0.14939999999999998,109.99250000000002,112.4946
501,0.2969,0.0091,0.306,0.0551,0.9702614379084967,0.02973856209150327,16.5018,5.7199,2068.05,2051.5482,0.0,0.0,0.0,2068.05,5.719900000000001,2073.7699000000002,2115.2669
502,0.3527,0.0007,0.3534,0.0636,0.9980192416525184,0.0019807583474816073,18.6459,0.4402,170.6465,152.0006,0.0,0.0,0.0,170.6465,0.44020000000000004,171.0867,181.0916
503,0.1865,0.0001,0.1866,0.0336,0.9994640943193999,0.0005359056806002145,11.1888,0.0613,45.1883,33.9995,0.0,0.0,0.0,45.188300000000005,0.0613,45.24960000000001,45.7515
504,0.4677,0.0002,0.4679,0.0842,0.99957255823894,0.0004274417610600556,25.4394,0.114,61.4403,36.0009,0.0,0.0,0.0,61.44029999999999,0.114,61.55429999999999,61.5591
505,0.2231,0.001,0.2241,0.0403,0.9955377063810799,0.004462293618920125,12.684,0.5997,646.6838,633.9998,0.0,0.0,0.0,646.6838000000002,0.5996999999999999,647.2835000000002,668.7845
506,0.2106,0.001,0.2116,0.0381,0.995274102079395,0.004725897920604915,11.4555,0.6176,391.4549,379.9994,0.0,0.0,0.0,391.45490000000007,0.6175999999999999,392.07250000000005,402.0689
507,0.2116,0.008,0.2197,0.0395,0.9631315430131998,0.03641329085116067,11.9406,5.0477,2029.7755,2017.8349,0.0,0.0,0.0,2029.7755,5.0477,2034.8232,2089.3244
508,0.1756,0.0006,0.1762,0.0317,0.996594778660613,0.00340522133938706,9.9057,0.401,291.9064,282.0007,0.0,0.0,0.0,291.9063999999999,0.40099999999999997,292.3073999999999,298.3042
509,0.1183,0.009,0.1273,0.0229,0.9293008641005499,0.07069913589945011,6.342,5.4671,2876.0265,2869.6845,0.0,0.0,0.0,2876.026500000001,5.4671,2881.4936000000007,2939.9932
510,0.4262,0.0001,0.4263,0.0767,0.9997654234107436,0.00023457658925639223,25.368,0.095,94.3674,68.9994,0.0,0.0,0.0,94.36739999999998,0.095,94.46239999999997,96.9629
511,0.203,0.0,0.2031,0.0366,0.999507631708518,0.0,11.4555,0.0179,20.4545,8.999,0.0,0.0,0.0,20.454500000000003,0.017900000000000003,20.472400000000004,21.9699
512,0.4373,0.0194,0.4567,0.0822,0.9575213488066565,0.042478651193343556,23.9547,12.2415,2620.3168,2596.3621,0.0,0.0,0.0,2620.3168000000005,12.2415,2632.5583000000006,2708.063
513,0.2811,0.0,0.2811,0.0506,1.0,0.0,16.2204,0.0198,21.2196,4.9992,0.0,0.0,0.0,21.219600000000007,0.019799999999999998,21.239400000000007,21.2392
514,0.3078,0.0001,0.3079,0.0554,0.9996752192270218,0.0003247807729782397,17.1108,0.05,89.1098,71.999,0.0,0.0,0.0,89.10980000000002,0.049999999999999996,89.15980000000002,90.6554
515,0.4436,0.0,0.4436,0.0799,1.0,0.0,23.9547,0.0143,34.9541,10.9994,0.0,0.0,0.0,34.954100000000004,0.014299999999999998,34.9684,34.972
516,0.1327,0.0,0.1327,0.0239,1.0,0.0,7.2681,0.0142,7.2686,0.0005,0.0,0.0,0.0,7.268599999999999,0.014199999999999999,7.282799999999999,7.2877
517,0.3449,0.0001,0.345,0.0621,0.9997101449275363,0.00028985507246376816,19.9017,0.0732,36.9019,17.0002,0.0,0.0,0.0,36.90189999999999,0.07319999999999999,36.97509999999999,36.9726
518,0.1864,0.0121,0.1985,0.0357,0.9390428211586902,0.06095717884130982,10.5966,7.3628,3220.0409,3209.4443,0.0,0.0,0.0,3220.040900000001,7.362799999999999,3227.4037000000008,3354.9029
519,0.4212,0.0009,0.4221,0.076,0.9978678038379531,0.0021321961620469083,22.9089,0.5584,664.9093,642.0004,0.0,0.0,0.0,664.9093000000001,0.5584,665.4677000000001,682.9699
520,0.636,0.0,0.6361,0.1145,0.9998427920138343,0.0,32.7096,0.0308,36.7091,3.9995,0.0,0.0,0.0,36.7091,0.0308,36.7399,36.7359
521,0.1414,0.0001,0.1415,0.0255,0.9992932862190813,0.000706713780918728,7.8036,0.0674,25.8034,17.9998,0.0,0.0,0.0,25.803400000000007,0.0674,25.870800000000006,26.3744
522,0.1307,0.0,0.1308,0.0235,0.9992354740061163,0.0,7.2681,0.0305,57.2686,50.0005,0.0,0.0,0.0,57.268600000000006,0.030500000000000003,57.29910000000001,57.2977
523,0.4344,0.0002,0.4347,0.0782,0.9993098688750863,0.0004600874166091558,24.3285,0.1531,127.329,103.0005,0.0,0.0,0.0,127.32900000000001,0.15309999999999999,127.4821,129.4807
524,0.287,0.0312,0.3182,0.0573,0.9019484600879949,0.09805153991200503,15.6072,19.6365,2844.1249,2828.5177,0.0,0.0,0.0,2844.1249,19.636500000000005,2863.7614,2950.2645
525,0.3078,0.0001,0.3079,0.0554,0.9996752192270218,0.0003247807729782397,16.5018,0.0847,23.5019,7.0001,0.0,0.0,0.0,23.501900000000006,0.08469999999999998,23.586600000000008,23.5906
526,0.3224,0.0203,0.3427,0.0617,0.9407645170703239,0.0592354829296761,17.661,12.9829,1618.7062,1601.0452,0.0,0.0,0.0,1618.7062,12.9829,1631.6891,1715.6856
527,0.2152,0.0159,0.2312,0.0416,0.9307958477508651,0.06877162629757787,11.7054,10.0318,1502.4398,1490.7344,0.0,0.0,0.0,1502.4397999999999,10.031800000000002,1512.4715999999999,1617.4716
528,0.2869,0.0001,0.287,0.0517,0.9996515679442509,0.000348432055749129,15.2733,0.0712,24.2731,8.9998,0.0,0.0,0.0,24.273099999999996,0.0712,24.344299999999997,24.3396
529,0.575,0.0021,0.5771,0.1039,0.9963611159244499,0.003638884075550165,32.4387,1.3997,1035.844,1003.4053,0.0,0.0,0.0,1035.8439999999998,1.3997000000000002,1037.2436999999998,1059.2441
530,0.5123,0.0005,0.5128,0.0923,0.9990249609984398,0.0009750390015600623,27.8628,0.2981,177.8628,150.0,0.0,0.0,0.0,177.86279999999994,0.29810000000000003,178.16089999999994,181.6629
531,0.4852,0.0195,0.5047,0.0908,0.9613631860511195,0.03863681394888052,27.3756,12.5536,3220.1274,3192.7518,0.0,0.0,0.0,3220.1274000000008,12.553600000000001,3232.681000000001,3322.1798
532,0.2282,0.0149,0.2431,0.0438,0.9387083504730562,0.061291649526943645,12.684,9.7102,3187.4127,3174.7287,0.0,0.0,0.0,3187.4126999999985,9.7102,3197.1228999999985,3266.1241
533,0.4486,0.018,0.4666,0.084,0.9614230604372053,0.03857693956279468,24.7527,11.456,1776.0857,1751.333,0.0,0.0,0.0,1776.0857,11.456000000000001,1787.5417,1833.5444
534,0.2864,0.0043,0.2908,0.0523,0.984869325997249,0.014786795048143054,15.9222,2.6539,506.9218,490.9996,0.0,0.0,0.0,506.92179999999996,2.6539,509.5757,538.5778
535,0.4342,0.0003,0.4345,0.0782,0.9993095512082854,0.0006904487917146144,23.1147,0.1926,262.1154,239.0007,0.0,0.0,0.0,262.11539999999997,0.1926,262.308,270.807
536,0.1506,0.0044,0.155,0.0279,0.9716129032258065,0.02838709677419355,8.2509,2.8153,2045.2423,2036.9914,0.0,0.0,0.0,2045.2423000000001,2.8153,2048.0576,2090.5602
537,0.3728,0.0053,0.3781,0.0681,0.9859825443004497,0.014017455699550384,21.1932,3.4386,1123.4829,1102.2897,0.0,0.0,0.0,1123.4829,3.4386000000000005,1126.9215,1174.4238
538,0.3818,0.0,0.3818,0.0687,1.0,0.0,22.3755,0.0287,27.3757,5.0002,0.0,0.0,0.0,27.375700000000002,0.028700000000000003,27.404400000000003,27.4026
539,0.1725,0.0,0.1725,0.0311,1.0,0.0,10.2669,0.025,43.2661,32.9992,0.0,0.0,0.0,43.2661,0.024999999999999998,43.2911,44.2917
540,0.292,0.0001,0.2921,0.0526,0.9996576514892158,0.00034234851078397807,17.1108,0.085,80.1103,62.9995,0.0,0.0,0.0,80.11030000000002,0.08499999999999999,80.19530000000002,80.6927
541,0.1179,0.0043,0.1223,0.022,0.964022894521668,0.03515944399018806,6.6045,2.6678,827.3238,820.7193,0.0,0.0,0.0,827.3237999999999,2.6677999999999997,829.9915999999998,854.4962
542,0.1332,0.0058,0.139,0.025,0.9582733812949641,0.04172661870503597,7.4592,3.6992,1385.0984,1377.6392,0.0,0.0,0.0,1385.0983999999999,3.6992000000000003,1388.7975999999999,1419.2967
543,0.1082,0.0006,0.1088,0.0196,0.9944852941176472,0.005514705882352941,6.342,0.3599,219.3419,212.9999,0.0,0.0,0.0,219.34189999999995,0.3599,219.70179999999996,222.2047
544,0.1947,0.0232,0.2179,0.0392,0.8935291418081689,0.10647085819183111,10.9032,14.5674,2443.9198,2433.0166,0.0,0.0,0.0,2443.9198000000006,14.5674,2458.4872000000005,2522.4846
545,0.3123,0.0026,0.3149,0.0567,0.9917434106065418,0.00825658939345824,17.1108,1.6548,2382.6783,2365.5675,0.0,0.0,0.0,2382.6783,1.6547999999999998,2384.3331,2427.8366
546,0.2822,0.0041,0.2863,0.0515,0.9856793573174991,0.014320642682500875,15.9222,2.5777,960.2003,944.2781,0.0,0.0,0.0,960.2002999999999,2.5777,962.7779999999999,1000.28
547,0.4396,0.0001,0.4397,0.0792,0.9997725722083238,0.00022742779167614284,25.368,0.0865,157.3675,131.9995,0.0,0.0,0.0,157.36749999999998,0.08650000000000001,157.45399999999998,162.9531
548,0.3177,0.0,0.3178,0.0572,0.9996853366897418,0.0,17.661,0.0275,34.6613,17.0003,0.0,0.0,0.0,34.661300000000004,0.027499999999999997,34.68880000000001,34.6862
549,0.4975,0.0019,0.4995,0.0899,0.995995995995996,0.0038038038038038036,27.8628,1.1756,282.8627,254.9999,0.0,0.0,0.0,282.86269999999996,1.1756,284.03829999999994,306.5408
550,0.3056,0.0003,0.3059,0.0551,0.9990192873488067,0.0009807126511932004,17.1108,0.227,73.11,55.9992,0.0,0.0,0.0,73.11000000000003,0.22699999999999998,73.33700000000003,81.3373
551,0.1904,0.0064,0.1968,0.0354,0.967479674796748,0.032520325203252036,10.9032,3.8484,943.5605,932.6573,0.0,0.0,0.0,943.5604999999998,3.8483999999999994,947.4088999999998,968.4113
552,0.2915,0.0001,0.2916,0.0525,0.9996570644718792,0.0003429355281207133,15.855,0.0374,24.8548,8.9998,0.0,0.0,0.0,24.854799999999997,0.0374,24.8922,24.8962
553,0.3406,0.0003,0.3409,0.0614,0.9991199765327077,0.0008800234672924611,19.509,0.1715,41.5082,21.9992,0.0,0.0,0.0,41.508199999999995,0.17149999999999999,41.6797,44.6791
554,0.1806,0.0,0.1806,0.0325,1.0,0.0,10.2669,0.0159,15.2658,4.9989,0.0,0.0,0.0,15.265799999999997,0.0159,15.281699999999997,16.2772
555,0.5157,0.0095,0.5252,0.0945,0.981911652703732,0.018088347296268088,28.8792,6.071,1689.7381,1660.8589,0.0,0.0,0.0,1689.7380999999998,6.071000000000001,1695.8090999999997,1765.8043
556,0.5616,0.0,0.5616,0.1011,1.0,0.0,30.5445,0.0317,50.5452,20.0007,0.0,0.0,0.0,50.54520000000001,0.0317,50.57690000000001,50.5729
557,0.3428,0.0004,0.3433,0.0618,0.9985435479172735,0.0011651616661811828,18.6459,0.2717,203.6465,185.0006,0.0,0.0,0.0,203.64650000000003,0.27169999999999994,203.91820000000004,215.4216
558,0.1448,0.0087,0.1535,0.0276,0.9433224755700327,0.05667752442996742,8.1102,5.4623,1970.0212,1961.911,0.0,0.0,0.0,1970.0211999999997,5.4623,1975.4834999999996,2027.9847
559,0.6177,0.0009,0.6186,0.1114,0.9985451018428709,0.0014548981571290008,35.1141,0.5772,484.1148,449.0007,0.0,0.0,0.0,484.11479999999995,0.5772,484.69199999999995,499.6919
560,0.5761,0.0,0.5761,0.1037,1.0,0.0,31.7898,0.0134,50.7901,19.0003,0.0,0.0,0.0,50.79010000000002,0.013399999999999999,50.803500000000014,50.7986
561,0.5485,0.0001,0.5486,0.0988,0.9998177178271965,0.00018228217280349984,29.8347,0.0647,123.8343,93.9996,0.0,0.0,0.0,123.83429999999997,0.06470000000000001,123.89899999999997,124.8954
562,0.3923,0.0004,0.3927,0.0707,0.9989814107461166,0.0010185892538833717,21.8064,0.2749,131.8059,109.9995,0.0,0.0,0.0,131.8059,0.2749,132.0808,140.5784
563,0.55,0.0003,0.5503,0.0991,0.9994548428130111,0.0005451571869889151,30.7986,0.2215,331.7983,300.9997,0.0,0.0,0.0,331.7983,0.22149999999999997,332.0198,345.0149
564,0.2936,0.0001,0.2937,0.0529,0.9996595165134491,0.00034048348655090226,15.855,0.0451,59.8549,43.9999,0.0,0.0,0.0,59.854900000000015,0.045099999999999994,59.90000000000001,59.899
565,0.4925,0.022,0.5145,0.0926,0.957240038872692,0.042759961127308066,27.3756,14.0559,3126.0998,3098.7242,0.0,0.0,0.0,3126.0998,14.055900000000003,3140.1557,3269.652
566,0.2075,0.0034,0.2109,0.038,0.9838786154575627,0.016121384542437174,11.7054,2.2294,1732.7262,1721.0208,0.0,0.0,0.0,1732.7261999999998,2.2294,1734.9555999999998,1764.9585
567,0.3607,0.0011,0.3617,0.0651,0.9972352778545757,0.0030411943599668234,19.9017,0.7054,321.9019,302.0002,0.0,0.0,0.0,321.90189999999996,0.7054000000000001,322.60729999999995,337.1056
568,0.1782,0.0003,0.1785,0.0321,0.9983193277310924,0.001680672268907563,9.9057,0.1769,139.9064,130.0007,0.0,0.0,0.0,139.9064,0.1769,140.08329999999998,140.5803
569,0.5298,0.0,0.5298,0.0954,1.0,0.0,31.7898,0.0127,31.79,0.0002,0.0,0.0,0.0,31.790000000000003,0.012700000000000003,31.8027,31.8013
570,0.5544,0.0,0.5545,0.0998,0.999819657348963,0.0,33.0036,0.0208,38.0036,5.0,0.0,0.0,0.0,38.003600000000006,0.0208,38.02440000000001,38.0261
571,0.2028,0.0,0.2028,0.0365,1.0,0.0,12.1653,0.0188,15.1647,2.9994,0.0,0.0,0.0,15.1647,0.018799999999999997,15.1835,15.186
572,0.4442,0.0017,0.4458,0.0803,0.9964109466128309,0.003813369223867205,25.4394,0.9977,485.4403,460.0009,0.0,0.0,0.0,485.4403000000001,0.9977,486.4380000000001,505.939
573,0.2723,0.0001,0.2724,0.049,0.999632892804699,0.00036710719530102793,14.9163,0.0578,31.9177,17.0014,0.0,0.0,0.0,31.9177,0.05779999999999999,31.9755,33.4771
574,0.1299,0.0002,0.1301,0.0234,0.9984627209838586,0.00153727901614143,7.0644,0.1115,48.0644,41.0,0.0,0.0,0.0,48.064399999999985,0.11149999999999999,48.175899999999984,50.1749
575,0.1462,0.0006,0.1469,0.0264,0.9952348536419332,0.0040844111640571815,8.2509,0.4002,104.251,96.0001,0.0,0.0,0.0,104.25099999999998,0.4002,104.65119999999997,109.156
576,0.2194,0.0345,0.2539,0.0457,0.8641197321780228,0.13588026782197715,12.3774,20.6816,3265.076,3252.6986,0.0,0.0,0.0,3265.076,20.6816,3285.7576,3433.7621
577,0.214,0.0019,0.216,0.0389,0.9907407407407407,0.008796296296296297,12.1653,1.252,881.1646,868.9993,0.0,0.0,0.0,881.1646,1.2519999999999998,882.4165999999999,900.9154
578,0.6456,0.0001,0.6457,0.1162,0.9998451293170202,0.00015487068297971194,35.1141,0.0813,144.1153,109.0012,0.0,0.0,0.0,144.11530000000002,0.08129999999999998,144.19660000000002,146.1922
579,0.4265,0.0338,0.4603,0.0829,0.9265696285031502,0.07343037149684987,23.8833,21.6746,2706.2044,2682.3211,0.0,0.0,0.0,2706.2043999999996,21.674599999999998,2727.8789999999995,2779.3837
580,0.256,0.0125,0.2685,0.0483,0.9534450651769087,0.04655493482309125,14.1288,7.8735,2326.2389,2312.1101,0.0,0.0,0.0,2326.2389,7.8735,2334.1124,2395.6105
581,0.1298,0.0013,0.1311,0.0236,0.9900839054157132,0.009916094584286803,7.2681,0.8037,1734.7795,1727.5114,0.0,0.0,0.0,1734.7795,0.8037000000000002,1735.5832,1802.5795
582,0.4966,0.0001,0.4967,0.0894,0.9997986712301188,0.00020132876988121604,28.8792,0.0385,61.8783,32.9991,0.0,0.0,0.0,61.87830000000002,0.0385,61.916800000000016,63.4161
583,0.5046,0.0002,0.5048,0.0909,0.9996038034865293,0.0003961965134706815,28.2576,0.1195,47.258,19.0004,0.0,0.0,0.0,47.25799999999999,0.11950000000000001,47.37749999999999,52.8804
584,0.37,0.0,0.37,0.0666,1.0,0.0,22.197,0.0223,24.1968,1.9998,0.0,0.0,0.0,24.196799999999993,0.022299999999999997,24.219099999999994,24.2201
585,0.3078,0.0001,0.3078,0.0554,1.0,0.0003248862897985705,16.5018,0.0399,25.5021,9.0003,0.0,0.0,0.0,25.502100000000006,0.0399,25.542000000000005,25.5452
586,0.1162,0.0096,0.1258,0.0226,0.9236883942766296,0.07631160572337042,6.6045,5.9765,1514.9635,1508.359,0.0,0.0,0.0,1514.9634999999998,5.9765,1520.9399999999998,1572.9354
587,0.192,0.0053,0.1973,0.0355,0.973137354282818,0.026862645717181957,10.5966,3.4307,868.2951,857.6985,0.0,0.0,0.0,868.2951,3.4307000000000003,871.7258,920.2261
588,0.2897,0.0045,0.2941,0.0529,0.9850391023461409,0.015300918055083306,16.2204,2.6622,1066.8683,1050.6479,0.0,0.0,0.0,1066.8683,2.662200000000001,1069.5305,1122.0294
589,0.5657,0.0293,0.5949,0.1071,0.9509161203563624,0.04925197512186922,31.2144,18.5566,1512.1951,1480.9807,0.0,0.0,0.0,1512.1951000000001,18.5566,1530.7517,1651.7551
590,0.299,0.0337,0.3327,0.0599,0.898707544334235,0.10129245566576496,16.5018,20.9306,2505.0897,2488.5879,0.0,0.0,0.0,2505.0897000000004,20.930600000000005,2526.0203000000006,2647.5165
591,0.3813,0.0112,0.3925,0.0706,0.9714649681528661,0.028535031847133758,21.1932,6.9103,1836.4948,1815.3016,0.0,0.0,0.0,1836.4948,6.910300000000001,1843.4051,1899.9017
592,0.2831,0.0001,0.2832,0.051,0.9996468926553673,0.00035310734463276836,15.855,0.0412,23.8548,7.9998,0.0,0.0,0.0,23.854799999999994,0.041199999999999994,23.895999999999994,23.8934
593,0.2992,0.0005,0.2997,0.0539,0.9983316649983317,0.001668335001668335,16.5102,0.3221,119.5105,103.0003,0.0,0.0,0.0,119.51049999999998,0.3221,119.83259999999999,127.3308
594,0.5697,0.0017,0.5714,0.1029,0.997024851242562,0.0029751487574378715,30.5445,1.0305,509.5454,479.0009,0.0,0.0,0.0,509.5454,1.0305,510.5759,529.5768
595,0.3404,0.0,0.3404,0.0613,1.0,0.0,18.6459,0.0165,18.6466,0.0007,0.0,0.0,0.0,18.646600000000003,0.0165,18.663100000000004,19.1624
596,0.5543,0.0007,0.555,0.0999,0.9987387387387386,0.0012612612612612612,29.7192,0.4321,602.7197,573.0005,0.0,0.0,0.0,602.7197000000001,0.43209999999999993,603.1518000000001,612.654
597,0.2881,0.0001,0.2882,0.0519,0.9996530187369882,0.00034698126301179735,14.9163,0.0632,17.9171,3.0008,0.0,0.0,0.0,17.9171,0.0632,17.9803,18.4818
598,0.2568,0.0,0.2569,0.0462,0.9996107434799532,0.0,13.209,0.0121,23.2089,9.9999,0.0,0.0,0.0,23.208900000000003,0.012099999999999998,23.221000000000004,23.7182
599,0.2894,0.0005,0.2899,0.0522,0.9982752673335633,0.0017247326664367024,15.855,0.3445,495.8547,479.9997,0.0,0.0,0.0,495.8547,0.3444999999999999,496.19919999999996,517.2024
600,0.1337,0.0,0.1338,0.0241,0.9992526158445442,0.0,7.9611,0.0224,10.961,2.9999,0.0,0.0,0.0,10.960999999999997,0.0224,10.983399999999996,10.9879
601,0.3561,0.001,0.3571,0.0643,0.9971996639596753,0.0028003360403248394,19.509,0.6228,349.5084,329.9994,0.0,0.0,0.0,349.50839999999994,0.6228,350.1311999999999,366.6276
602,0.6227,0.0271,0.6498,0.117,0.9582948599569098,0.04170514004309018,34.3644,16.1384,3202.6043,3168.2399,0.0,0.0,0.0,3202.6042999999995,16.1384,3218.7426999999993,3324.2401
603,0.4518,0.0184,0.4702,0.0846,0.9608677158655891,0.03913228413441089,24.7527,11.4616,1153.3172,1128.5645,0.0,0.0,0.0,1153.3171999999997,11.461600000000002,1164.7787999999998,1218.277
604,0.5346,0.0011,0.5357,0.0964,0.997946611909651,0.0020533880903490765,29.7192,0.6905,741.5903,711.8711,0.0,0.0,0.0,741.5903000000001,0.6905,742.2808000000001,757.7816
605,0.3669,0.0,0.367,0.0661,0.9997275204359674,0.0,19.8135,0.0206,27.8131,7.9996,0.0,0.0,0.0,27.813100000000002,0.020599999999999997,27.833700000000004,29.3386
606,0.3643,0.0048,0.3691,0.0664,0.9869953942021134,0.01300460579788675,19.8135,3.0272,1449.9651,1430.1516,0.0,0.0,0.0,1449.9651000000001,3.0272,1452.9923000000001,1495.99
607,0.5491,0.0043,0.5534,0.0996,0.9922298518250814,0.007770148174918685,31.2144,2.6936,2133.2831,2102.0687,0.0,0.0,0.0,2133.2830999999996,2.6936,2135.9766999999997,2155.4804
608,0.2948,0.0167,0.3115,0.0561,0.9463884430176566,0.053611556982343496,16.5102,10.4003,2424.1065,2407.5963,0.0,0.0,0.0,2424.106500000001,10.400300000000003,2434.5068000000006,2516.5069
609,0.2152,0.0001,0.2154,0.0388,0.9990714948932219,0.00046425255338904364,11.7054,0.0805,64.7051,52.9997,0.0,0.0,0.0,64.7051,0.0805,64.7856,67.7836
610,0.124,0.0103,0.1343,0.0242,0.9233060312732688,0.0766939687267312,6.8439,6.9771,1724.3315,1717.4876,0.0,0.0,0.0,1724.3315000000002,6.9771,1731.3086000000003,1807.308
611,0.1404,0.0004,0.1408,0.0253,0.9971590909090908,0.002840909090909091,7.6356,0.2565,82.6361,75.0005,0.0,0.0,0.0,82.6361,0.2565,82.8926,86.8962
612,0.3897,0.0058,0.3954,0.0712,0.9855842185128983,0.014668689934243804,21.1932,3.5281,2062.2532,2041.06,0.0,0.0,0.0,2062.2532,3.5281000000000002,2065.7813,2115.2856
613,0.3862,0.0005,0.3866,0.0696,0.998965338851526,0.0012933264355923435,20.2734,0.3084,131.2745,111.0011,0.0,0.0,0.0,131.27450000000002,0.30840000000000006,131.58290000000002,134.5876
614,0.221,0.0,0.2211,0.0398,0.9995477159656264,0.0,12.3774,0.0209,12.3768,0.0,0.0,0.0,0.0,12.376799999999998,0.020900000000000002,12.397699999999997,12.4023
615,0.4169,0.0,0.4169,0.0751,1.0,0.0,22.197,0.0118,22.1966,0.0,0.0,0.0,0.0,22.196599999999993,0.0118,22.208399999999994,22.7124
616,0.2062,0.0,0.2063,0.0371,0.9995152690256907,0.0,10.9032,0.0312,30.9027,19.9995,0.0,0.0,0.0,30.902700000000003,0.031200000000000002,30.9339,30.9321
617,0.3894,0.0027,0.3921,0.0706,0.9931140015302219,0.006885998469778118,21.8064,1.7351,1146.6849,1124.8785,0.0,0.0,0.0,1146.6848999999995,1.7350999999999999,1148.4199999999996,1204.4171
618,0.1928,0.0003,0.1931,0.0348,0.9984464008285863,0.0015535991714137752,10.2669,0.1951,84.2661,73.9992,0.0,0.0,0.0,84.2661,0.1951,84.46119999999999,86.4588
619,0.6729,0.0089,0.6818,0.1227,0.9869463185684952,0.013053681431504842,37.1301,5.5952,998.2085,961.0784,0.0,0.0,0.0,998.2085000000002,5.595200000000001,1003.8037000000002,1045.8068
620,0.4489,0.0017,0.4506,0.0811,0.9962272525521527,0.0037727474478473143,26.1051,1.0277,417.1051,391.0,0.0,0.0,0.0,417.1051000000001,1.0277,418.1328000000001,436.6369
621,0.4154,0.0,0.4154,0.0748,1.0,0.0,21.8064,0.0267,36.8057,14.9993,0.0,0.0,0.0,36.805699999999995,0.026700000000000005,36.83239999999999,36.8303
622,0.3259,0.0001,0.326,0.0587,0.9996932515337423,0.00030674846625766873,17.1108,0.0572,36.1101,18.9993,0.0,0.0,0.0,36.110099999999996,0.0572,36.1673,37.1719
623,0.1363,0.0271,0.1634,0.0294,0.8341493268053857,0.16585067319461444,7.6356,17.7108,3114.1728,3106.5372,0.0,0.0,0.0,3114.1728000000003,17.710800000000003,3131.8836,3192.3829
624,0.5046,0.0028,0.5074,0.0913,0.9944816712652741,0.005518328734726055,28.2576,1.8444,1066.6877,1038.4301,0.0,0.0,0.0,1066.6877,1.8444000000000005,1068.5321,1104.0333
625,0.578,0.0163,0.5943,0.107,0.9725727746929159,0.02742722530708396,31.2144,10.5718,788.5735,757.3591,0.0,0.0,0.0,788.5735000000001,10.571799999999998,799.1453000000001,873.642
626,0.2282,0.0091,0.2373,0.0427,0.9616519174041297,0.038348082595870206,12.684,5.7634,953.7939,941.1099,0.0,0.0,0.0,953.7939,5.7634,959.5573,1009.0555
627,0.2875,0.0103,0.2978,0.0536,0.9654130288784418,0.03458697112155809,16.2204,6.3512,2163.8489,2147.6285,0.0,0.0,0.0,2163.8489,6.3512,2170.2001,2223.7027
628,0.6255,0.0132,0.6387,0.115,0.9793330201972755,0.02066697980272428,35.8239,8.6794,2998.8294,2963.0055,0.0,0.0,0.0,2998.8293999999996,8.679400000000001,3007.5087999999996,3157.51
629,0.4945,0.0001,0.4947,0.089,0.9995957145744896,0.0002021427127552052,28.539,0.0826,162.5383,133.9993,0.0,0.0,0.0,162.53830000000005,0.0826,162.62090000000006,163.1236
630,0.2265,0.0,0.2265,0.0408,1.0,0.0,12.684,0.0115,12.6839,0.0,0.0,0.0,0.0,12.683899999999996,0.0115,12.695399999999996,13.1958
631,0.5582,0.0002,0.5584,0.1005,0.9996418338108883,0.00035816618911174784,29.7192,0.0995,41.7196,12.0004,0.0,0.0,0.0,41.71959999999999,0.09949999999999999,41.81909999999999,42.8146
632,0.2557,0.0001,0.2558,0.046,0.9996090695856136,0.00039093041438623924,14.5362,0.0524,53.5372,39.001,0.0,0.0,0.0,53.5372,0.05240000000000001,53.5896,53.5927
633,0.5616,0.0003,0.5619,0.1011,0.9994660971703151,0.0005339028296849973,30.5445,0.1636,53.5454,23.0009,0.0,0.0,0.0,53.545399999999994,0.1636,53.708999999999996,58.7052
634,0.2723,0.014,0.2863,0.0515,0.9511002444987775,0.0488997555012225,14.9163,8.7196,1168.4748,1153.5585,0.0,0.0,0.0,1168.4748,8.7196,1177.1943999999999,1322.6934
635,0.3359,0.0066,0.3425,0.0616,0.9807299270072991,0.01927007299270073,19.0911,4.2697,1200.5424,1181.4513,0.0,0.0,0.0,1200.5424000000003,4.2697,1204.8121000000003,1233.8118
636,0.577,0.0081,0.5851,0.1053,0.9861562126132285,0.013843787386771493,31.8423,5.3454,1548.9533,1517.111,0.0,0.0,0.0,1548.9533,5.345400000000001,1554.2986999999998,1636.2985
637,0.4351,0.0001,0.4352,0.0783,0.9997702205882353,0.0002297794117647059,22.3755,0.067,50.376,28.0005,0.0,0.0,0.0,50.376000000000005,0.067,50.443000000000005,52.9466
638,0.4328,0.0018,0.4346,0.0782,0.9958582604693972,0.0041417395306028535,23.8833,1.0646,673.8823,649.999,0.0,0.0,0.0,673.8823,1.0646,674.9469,701.947
639,0.4329,0.0,0.4329,0.0779,1.0,0.0,25.368,0.0235,30.3673,4.9993,0.0,0.0,0.0,30.367299999999993,0.023499999999999997,30.39079999999999,31.8885
640,0.3616,0.0,0.3617,0.0651,0.9997235277854575,0.0,21.1932,0.0312,37.1933,16.0001,0.0,0.0,0.0,37.1933,0.031200000000000002,37.2245,37.2217
641,0.281,0.0,0.2811,0.0506,0.9996442547136251,0.0,15.855,0.0225,17.8547,1.9997,0.0,0.0,0.0,17.854699999999998,0.022499999999999996,17.8772,17.8762
642,0.6679,0.0006,0.6685,0.1203,0.999102468212416,0.0008975317875841435,37.1301,0.362,215.1293,177.9992,0.0,0.0,0.0,215.12930000000003,0.36200000000000004,215.49130000000002,219.9958
643,0.5081,0.0003,0.5083,0.0915,0.9996065315758411,0.0005902026362384419,28.8792,0.1657,192.878,163.9988,0.0,0.0,0.0,192.87800000000004,0.16570000000000001,193.04370000000003,198.0406
644,0.1213,0.0003,0.1216,0.0219,0.9975328947368421,0.0024671052631578946,6.8439,0.1954,97.844,91.0001,0.0,0.0,0.0,97.84400000000002,0.1954,98.03940000000003,99.0361
645,0.1769,0.0006,0.1775,0.032,0.9966197183098592,0.003380281690140845,9.9057,0.422,226.9063,217.0006,0.0,0.0,0.0,226.9063,0.422,227.32829999999998,238.8277
646,0.2894,0.002,0.2914,0.0524,0.9931365820178448,0.0068634179821551134,15.855,1.2638,828.3284,812.4734,0.0,0.0,0.0,828.3284,1.2637999999999998,829.5921999999999,869.5916
647,0.4312,0.005,0.4362,0.0785,0.9885373681797341,0.011462631820265934,24.3285,2.9232,1019.2553,994.9268,0.0,0.0,0.0,1019.2553000000001,2.9231999999999996,1022.1785000000001,1070.1788
648,0.1806,0.0013,0.1819,0.0327,0.9928532160527763,0.0071467839472237485,10.2669,0.8228,589.2658,578.9989,0.0,0.0,0.0,589.2657999999999,0.8228000000000001,590.0885999999999,611.5878
649,0.2499,0.0,0.2499,0.045,1.0,0.0,13.6878,0.023,16.688,3.0002,0.0,0.0,0.0,16.688000000000002,0.023000000000000003,16.711000000000002,16.7067
650,0.5798,0.0105,0.5903,0.1062,0.9822124343554124,0.017787565644587496,32.7096,6.5106,1746.6985,1713.9889,0.0,0.0,0.0,1746.6985,6.5106,1753.2091,1848.2093
651,0.2227,0.0284,0.2511,0.0452,0.8868976503385106,0.11310234966148945,11.9406,18.21,1875.6706,1863.73,0.0,0.0,0.0,1875.6706000000001,18.210000000000004,1893.8806000000002,2034.8764
652,0.2292,0.0003,0.2295,0.0413,0.9986928104575162,0.00130718954248366,12.3774,0.1634,96.3763,83.9989,0.0,0.0,0.0,96.37629999999997,0.1634,96.53969999999997,104.0393
653,0.256,0.0004,0.2565,0.0462,0.9980506822612085,0.0015594541910331384,14.1288,0.2542,254.1288,240.0,0.0,0.0,0.0,254.12879999999996,0.2542,254.38299999999995,262.3844
654,0.2571,0.0001,0.2572,0.0463,0.9996111975116642,0.0003888024883359254,13.6878,0.097,40.688,27.0002,0.0,0.0,0.0,40.68800000000001,0.097,40.78500000000001,44.2836
655,0.4617,0.033,0.4946,0.089,0.933481601293975,0.06672058228871816,24.7527,20.8188,3296.4073,3271.6546,0.0,0.0,0.0,3296.4073,20.818800000000003,3317.2261,3378.226
656,0.1888,0.0113,0.2,0.036,0.944,0.056499999999999995,10.2669,6.9487,1035.7768,1025.5099,0.0,0.0,0.0,1035.7768,6.9487000000000005,1042.7255,1122.2262
657,0.3613,0.0302,0.3914,0.0705,0.9230965763924374,0.07715891670924885,19.509,18.3155,3094.4547,3074.9457,0.0,0.0,0.0,3094.4547000000002,18.3155,3112.7702000000004,3174.2742
658,0.5009,0.0006,0.5015,0.0903,0.9988035892323032,0.0011964107676969093,28.2576,0.3809,419.258,391.0004,0.0,0.0,0.0,419.258,0.3809,419.6389,435.1381
659,0.6227,0.0001,0.6228,0.1121,0.9998394348105331,0.00016056518946692356,34.3644,0.0617,81.3638,46.9994,0.0,0.0,0.0,81.36379999999998,0.06169999999999999,81.42549999999999,81.4232
660,0.5644,0.0078,0.5722,0.103,0.9863684026564138,0.013631597343586157,31.8423,4.7075,988.5635,956.7212,0.0,0.0,0.0,988.5635,4.7075,993.271,1062.7736
661,0.5581,0.0006,0.5587,0.1006,0.9989260783962772,0.0010739216037229282,30.7986,0.3807,414.7983,383.9997,0.0,0.0,0.0,414.79830000000004,0.3807,415.17900000000003,436.175
662,0.199,0.0028,0.2019,0.0363,0.9856364536899456,0.013868251609707775,10.9032,1.8661,1009.4254,998.5222,0.0,0.0,0.0,1009.4253999999999,1.8661,1011.2914999999998,1063.2865
663,0.3711,0.0387,0.4098,0.0738,0.9055636896046851,0.09443631039531479,20.6283,24.4445,3135.2487,3114.6204,0.0,0.0,0.0,3135.2487,24.444500000000005,3159.6932,3211.1898
664,0.5657,0.0002,0.5659,0.1019,0.9996465806679625,0.00035341933203746247,31.2144,0.1565,76.2133,44.9989,0.0,0.0,0.0,76.2133,0.15649999999999997,76.3698,79.8707
665,0.4181,0.0002,0.4182,0.0753,0.9997608799617408,0.00047824007651841227,23.4108,0.1233,175.4099,151.9991,0.0,0.0,0.0,175.4099,0.1233,175.5332,179.0331
666,0.2766,0.0002,0.2768,0.0498,0.999277456647399,0.0007225433526011561,15.6072,0.12,30.6069,14.9997,0.0,0.0,0.0,30.606900000000003,0.12000000000000001,30.726900000000004,32.2225
667,0.292,0.0,0.292,0.0526,1.0,0.0,17.1108,0.013,35.1099,17.9991,0.0,0.0,0.0,35.109899999999996,0.013,35.122899999999994,35.1239
668,0.2237,0.0019,0.2256,0.0406,0.9915780141843973,0.008421985815602837,12.1653,1.1936,678.1646,665.9993,0.0,0.0,0.0,678.1646000000001,1.1936,679.3582,698.3543
669,0.5464,0.0052,0.5516,0.0993,0.990572878897752,0.009427121102248005,29.7192,3.2513,1547.4099,1517.6907,0.0,0.0,0.0,1547.4098999999997,3.2513,1550.6611999999996,1648.6645
670,0.1363,0.014,0.1504,0.0271,0.90625,0.09308510638297872,7.6356,8.5272,979.8873,972.2517,0.0,0.0,0.0,979.8873,8.5272,988.4145,1032.4195
671,0.4182,0.0001,0.4183,0.0753,0.9997609371264643,0.0002390628735357399,22.9089,0.0652,128.9091,106.0002,0.0,0.0,0.0,128.90910000000002,0.06520000000000001,128.97430000000003,130.9727
672,0.148,0.0003,0.1483,0.0267,0.9979770734996629,0.0020229265003371545,8.1102,0.155,105.1094,96.9992,0.0,0.0,0.0,105.10940000000001,0.15499999999999997,105.26440000000001,113.2646
673,0.5798,0.0,0.5798,0.1044,1.0,0.0,32.7096,0.0319,54.7088,21.9992,0.0,0.0,0.0,54.70879999999999,0.0319,54.74069999999999,54.7445
674,0.1806,0.0053,0.186,0.0335,0.970967741935484,0.02849462365591398,10.2669,3.3535,1172.5511,1162.2842,0.0,0.0,0.0,1172.5511000000004,3.3535000000000004,1175.9046000000003,1237.4071
675,0.32,0.0003,0.3204,0.0577,0.9987515605493134,0.0009363295880149812,17.661,0.2082,160.6611,143.0001,0.0,0.0,0.0,160.66110000000003,0.20820000000000002,160.86930000000004,167.8723
676,0.5754,0.0,0.5755,0.1036,0.9998262380538662,0.0,32.7096,0.0161,37.7087,4.9991,0.0,0.0,0.0,37.70869999999999,0.016099999999999996,37.724799999999995,37.7222
677,0.2517,0.0,0.2517,0.0453,1.0,0.0,13.6878,0.0241,19.6881,6.0003,0.0,0.0,0.0,19.68810000000001,0.024099999999999996,19.71220000000001,19.712
678,0.1756,0.0001,0.1757,0.0316,0.9994308480364258,0.0005691519635742744,9.9057,0.0926,201.9064,192.0007,0.0,0.0,0.0,201.9064,0.09259999999999997,201.999,201.999
679,0.124,0.0097,0.1338,0.0241,0.9267563527653213,0.07249626307922272,6.8439,6.4063,2913.5147,2906.6708,0.0,0.0,0.0,2913.5146999999993,6.406300000000001,2919.9209999999994,2988.4189
680,0.5425,0.0022,0.5447,0.098,0.9959610794932992,0.004038920506700937,29.7192,1.3377,730.7899,701.0707,0.0,0.0,0.0,730.7899000000001,1.3377000000000001,732.1276000000001,768.13
681,0.4453,0.0204,0.4657,0.0838,0.956194975305991,0.04380502469400902,24.7527,12.4889,2206.2923,2181.5396,0.0,0.0,0.0,2206.2923,12.488900000000001,2218.7812,2282.7783
682,0.5272,0.0093,0.5364,0.0966,0.9828486204325131,0.01733780760626398,28.8792,5.9606,1494.7136,1465.8344,0.0,0.0,0.0,1494.7136,5.9606,1500.6742000000002,1551.1771
683,0.5158,0.0,0.5158,0.0929,1.0,0.0,28.2576,0.0147,41.2579,13.0003,0.0,0.0,0.0,41.25790000000001,0.0147,41.272600000000004,42.2764
684,0.5021,0.0012,0.5033,0.0906,0.9976157361414664,0.0023842638585336775,28.539,0.7554,1138.196,1109.657,0.0,0.0,0.0,1138.196,0.7554000000000001,1138.9514,1170.9491
685,0.2243,0.0,0.2243,0.0404,1.0,0.0,12.3774,0.0229,12.3766,0.0,0.0,0.0,0.0,12.376599999999998,0.0229,12.399499999999998,12.3999
686,0.2046,0.0133,0.2179,0.0392,0.9389628269848554,0.06103717301514455,11.4555,8.4755,980.8924,969.4369,0.0,0.0,0.0,980.8923999999998,8.475499999999998,989.3678999999998,1046.8631
687,0.2044,0.0001,0.2045,0.0368,0.9995110024449878,0.000488997555012225,11.7054,0.0689,52.7051,40.9997,0.0,0.0,0.0,52.70510000000001,0.0689,52.77400000000001,52.7692
688,0.4383,0.011,0.4493,0.0809,0.975517471622524,0.024482528377476075,24.7254,6.9395,1122.4127,1097.6873,0.0,0.0,0.0,1122.4127,6.9395,1129.3522,1210.3489
689,0.1259,0.0004,0.1263,0.0227,0.9968329374505148,0.0031670625494853526,7.2681,0.2325,297.2685,290.0004,0.0,0.0,0.0,297.26849999999996,0.2325,297.501,302.4962
690,0.4322,0.0042,0.4364,0.0786,0.9903758020164986,0.009624197983501373,24.7527,2.6975,777.2117,752.459,0.0,0.0,0.0,777.2117000000003,2.6975,779.9092000000003,808.914
691,0.299,0.0045,0.3035,0.0546,0.985172981878089,0.014827018121911038,16.5018,2.8047,1186.3108,1169.809,0.0,0.0,0.0,1186.3108000000002,2.8047,1189.1155,1222.6168
692,0.6199,0.0006,0.6205,0.1117,0.9990330378726833,0.0009669621273166799,33.0036,0.3636,192.0038,159.0002,0.0,0.0,0.0,192.00379999999993,0.3636,192.36739999999992,199.87
693,0.5381,0.0001,0.5382,0.0969,0.9998141954663694,0.0001858045336306206,27.8628,0.0394,32.8627,4.9999,0.0,0.0,0.0,32.8627,0.039400000000000004,32.9021,32.9013
694,0.1847,0.0012,0.186,0.0335,0.9930107526881721,0.006451612903225806,9.9057,0.7324,424.9062,415.0005,0.0,0.0,0.0,424.90619999999996,0.7323999999999999,425.63859999999994,442.1365
695,0.297,0.0139,0.3108,0.0559,0.9555984555984555,0.04472329472329472,15.9222,8.4961,2552.441,2536.5188,0.0,0.0,0.0,2552.441,8.496099999999998,2560.9370999999996,2652.9342
696,0.4877,0.0018,0.4896,0.0881,0.9961192810457518,0.003676470588235294,27.3126,1.1546,1102.7839,1075.4713,0.0,0.0,0.0,1102.7839000000001,1.1545999999999998,1103.9385000000002,1129.4361
697,0.2854,0.0001,0.2855,0.0514,0.9996497373029772,0.00035026269702276714,16.2204,0.0768,39.2193,22.9989,0.0,0.0,0.0,39.2193,0.0768,39.296099999999996,40.2975
698,0.2504,0.0,0.2505,0.0451,0.9996007984031936,0.0,14.1288,0.0297,14.129,0.0002,0.0,0.0,0.0,14.129000000000003,0.029700000000000004,14.158700000000003,14.1619
699,0.1497,0.0,0.1497,0.0269,1.0,0.0,7.8036,0.0174,8.8032,0.9996,0.0,0.0,0.0,8.8032,0.0174,8.8206,9.325
700,0.4983,0.0092,0.5075,0.0914,0.9818719211822662,0.01812807881773399,28.539,5.6838,1055.7371,1027.1981,0.0,0.0,0.0,1055.7371,5.683800000000001,1061.4209,1122.424
701,0.6082,0.0059,0.6141,0.1105,0.9903924442273245,0.00960755577267546,33.5643,3.7904,987.3643,953.8,0.0,0.0,0.0,987.3643,3.7904000000000004,991.1546999999999,1031.6499
702,0.2199,0.0001,0.22,0.0396,0.9995454545454546,0.00045454545454545455,11.7054,0.0754,108.7051,96.9997,0.0,0.0,0.0,108.70510000000002,0.0754,108.78050000000002,109.2824
703,0.2341,0.0044,0.2385,0.0429,0.9815513626834382,0.018448637316561847,13.209,2.7786,922.8674,909.6584,0.0,0.0,0.0,922.8674,2.7786,925.646,977.1473
704,0.3865,0.0007,0.3872,0.0697,0.9981921487603307,0.0018078512396694215,21.8064,0.4597,138.8059,116.9995,0.0,0.0,0.0,138.80589999999998,0.4597,139.26559999999998,142.2613
705,0.3269,0.0002,0.3271,0.0589,0.9993885661877102,0.0006114338122898197,18.1713,0.1136,25.1714,7.0001,0.0,0.0,0.0,25.171400000000006,0.11359999999999998,25.285000000000007,26.7819
706,0.3078,0.0088,0.3166,0.057,0.9722046746683514,0.02779532533164877,17.1108,5.9829,1139.8588,1122.748,0.0,0.0,0.0,1139.8588,5.9829,1145.8417,1239.8388
707,0.248,0.0214,0.2694,0.0485,0.9205642167780254,0.07943578322197477,13.6878,14.0481,2748.759,2735.0712,0.0,0.0,0.0,2748.7589999999996,14.048100000000003,2762.8070999999995,2868.3073
708,0.3533,0.0001,0.3534,0.0636,0.9997170345217884,0.0002829654782116582,18.1713,0.0648,37.1715,19.0002,0.0,0.0,0.0,37.17149999999999,0.0648,37.236299999999986,37.2322
709,0.6363,0.0038,0.6401,0.1152,0.9940634275894391,0.005936572410560849,35.1141,2.3588,695.2382,660.1241,0.0,0.0,0.0,695.2382000000001,2.3588,697.5970000000001,724.095
710,0.5012,0.0086,0.5099,0.0918,0.9829378309472445,0.016866052167091587,27.8628,5.2953,791.2715,763.4087,0.0,0.0,0.0,791.2715000000002,5.295299999999999,796.5668000000002,843.5695
711,0.2018,0.0001,0.2019,0.0363,0.9995047052996533,0.0004952947003467064,10.5966,0.0604,30.5966,20.0,0.0,0.0,0.0,30.5966,0.060399999999999995,30.657,30.6609
712,0.1252,0.0016,0.1268,0.0228,0.9873817034700316,0.012618296529968456,7.0644,0.9809,517.0645,510.0001,0.0,0.0,0.0,517.0645000000001,0.9809000000000001,518.0454000000001,559.0448
713,0.5197,0.0,0.5197,0.0936,1.0,0.0,26.7267,0.0297,45.7273,19.0006,0.0,0.0,0.0,45.7273,0.029699999999999997,45.757,45.7524
714,0.5307,0.0205,0.5512,0.0992,0.9628084179970972,0.037191582002902755,29.7192,12.7347,1902.3755,1872.6563,0.0,0.0,0.0,1902.3754999999996,12.734700000000002,1915.1101999999996,2026.111
715,0.2579,0.0193,0.2772,0.0499,0.9303751803751804,0.06962481962481963,14.1288,12.6172,2228.4235,2214.2947,0.0,0.0,0.0,2228.4235,12.6172,2241.0407,2406.0415
716,0.4214,0.0055,0.4269,0.0769,0.9871164207074257,0.012883579292574372,23.9547,3.4065,1400.4566,1376.5019,0.0,0.0,0.0,1400.4565999999995,3.4064999999999994,1403.8630999999996,1462.3601
717,0.3513,0.0,0.3513,0.0632,1.0,0.0,20.2734,0.0198,30.2744,10.001,0.0,0.0,0.0,30.274399999999996,0.019799999999999998,30.294199999999996,30.2904
718,0.1998,0.0001,0.1999,0.036,0.9994997498749375,0.0005002501250625313,11.1888,0.0682,89.1882,77.9994,0.0,0.0,0.0,89.18820000000001,0.0682,89.25640000000001,89.2563
719,0.3846,0.0005,0.3851,0.0693,0.9987016359387172,0.0012983640612827837,22.197,0.3218,548.1961,525.9991,0.0,0.0,0.0,548.1961,0.3218,548.5179,554.5133
720,0.3593,0.014,0.3734,0.0672,0.9622388859132298,0.037493304767005894,20.2734,9.4569,3026.7397,3006.4663,0.0,0.0,0.0,3026.739699999999,9.4569,3036.1965999999993,3074.1978
721,0.2172,0.0141,0.2313,0.0416,0.9390402075226978,0.0609597924773022,12.1653,8.9837,1201.0812,1188.9159,0.0,0.0,0.0,1201.0811999999999,8.9837,1210.0648999999999,1279.5599
722,0.3538,0.0,0.3538,0.0637,1.0,0.0,19.8135,0.0213,57.8131,37.9996,0.0,0.0,0.0,57.813100000000006,0.021300000000000003,57.8344,57.8376
723,0.627,0.0067,0.6337,0.1141,0.989427173741518,0.01057282625848193,35.1141,4.0008,983.3022,948.1881,0.0,0.0,0.0,983.3022,4.0008,987.303,1017.3032
724,0.3197,0.0,0.3197,0.0575,1.0,0.0,18.1713,0.0168,18.1716,0.0003,0.0,0.0,0.0,18.1716,0.0168,18.1884,18.1931
725,0.4939,0.0089,0.5028,0.0905,0.9822991249005568,0.01770087509944312,27.8628,5.5429,2739.8479,2711.9851,0.0,0.0,0.0,2739.8478999999993,5.5429,2745.390799999999,2785.3925
726,0.6273,0.0031,0.6304,0.1135,0.9950824873096447,0.00491751269035533,34.3644,1.9786,1820.057,1785.6926,0.0,0.0,0.0,1820.057,1.9786000000000001,1822.0356,1849.0327
727,0.1878,0.0261,0.2139,0.0385,0.8779803646563814,0.12201963534361852,10.5966,16.0286,3081.1777,3070.5811,0.0,0.0,0.0,3081.177700000001,16.028599999999997,3097.206300000001,3240.7092
728,0.1208,0.0044,0.1252,0.0225,0.9648562300319489,0.03514376996805112,6.342,2.6706,696.1464,689.8044,0.0,0.0,0.0,696.1464000000001,2.6706,698.8170000000001,750.8187
729,0.3848,0.0001,0.3848,0.0693,1.0,0.0002598752598752599,22.3755,0.0346,57.3758,35.0003,0.0,0.0,0.0,57.375800000000005,0.0346,57.4104,57.9082
730,0.2265,0.0003,0.2268,0.0408,0.9986772486772487,0.0013227513227513227,12.684,0.1735,101.6836,88.9996,0.0,0.0,0.0,101.6836,0.17350000000000002,101.8571,105.8612
731,0.4711,0.0003,0.4714,0.0849,0.9993635977938058,0.0006364022061943148,25.4394,0.2151,190.44,165.0006,0.0,0.0,0.0,190.43999999999997,0.2151,190.65509999999998,194.6507
732,0.297,0.0002,0.2972,0.0535,0.9993270524899057,0.0006729475100942127,16.5102,0.0964,105.5108,89.0006,0.0,0.0,0.0,105.51079999999996,0.0964,105.60719999999996,106.1063
733,0.641,0.0017,0.6427,0.1157,0.99735490897775,0.002645091022249883,35.1141,1.0997,765.0889,729.9748,0.0,0.0,0.0,765.0889,1.0997000000000001,766.1886,803.6912
734,0.671,0.0,0.671,0.1208,1.0,0.0,36.4938,0.0221,40.4933,3.9995,0.0,0.0,0.0,40.4933,0.022099999999999995,40.5154,40.5128
735,0.3078,0.0007,0.3086,0.0555,0.997407647440052,0.002268308489954634,17.1108,0.4624,754.8593,737.7485,0.0,0.0,0.0,754.8593000000001,0.4624,755.3217000000001,779.3191
736,0.3561,0.0002,0.3564,0.0641,0.9991582491582492,0.0005611672278338945,19.509,0.1538,102.5085,82.9995,0.0,0.0,0.0,102.50850000000001,0.15379999999999996,102.66230000000002,105.1672
737,0.4765,0.0,0.4765,0.0858,1.0,0.0,26.1051,0.016,29.1051,3.0,0.0,0.0,0.0,29.105099999999993,0.016,29.12109999999999,29.12
738,0.4481,0.0027,0.4508,0.0811,0.9940106477373558,0.005989352262644188,24.7254,1.6352,1133.623,1108.8976,0.0,0.0,0.0,1133.623,1.6352,1135.2582,1215.7575
739,0.2664,0.0032,0.2696,0.0485,0.9881305637982196,0.011869436201780416,14.9163,2.1164,1457.0252,1442.1089,0.0,0.0,0.0,1457.0251999999998,2.1163999999999996,1459.1416,1511.6423
740,0.5929,0.0,0.5929,0.1067,1.0,0.0,31.7898,0.0297,51.7899,20.0001,0.0,0.0,0.0,51.78990000000001,0.0297,51.81960000000001,52.3233
741,0.2301,0.0001,0.2302,0.0414,0.9995655951346656,0.0004344048653344918,12.1653,0.0409,21.1649,8.9996,0.0,0.0,0.0,21.1649,0.04089999999999999,21.2058,21.2021
742,0.1484,0.0375,0.1859,0.0335,0.7982786444324905,0.2017213555675094,8.2509,22.974,2703.4599,2695.209,0.0,0.0,0.0,2703.4598999999994,22.974000000000004,2726.4338999999995,2838.4323
743,0.2408,0.0025,0.2433,0.0438,0.989724619810933,0.010275380189066995,13.6878,1.583,1035.3826,1021.6948,0.0,0.0,0.0,1035.3826000000001,1.583,1036.9656000000002,1066.9687
744,0.4682,0.0003,0.4685,0.0843,0.999359658484525,0.0006403415154749199,24.7527,0.1662,133.7529,109.0002,0.0,0.0,0.0,133.75289999999998,0.16619999999999996,133.9191,136.422
745,0.4843,0.0034,0.4877,0.0878,0.9930285011277424,0.006971498872257535,26.7267,2.1386,1007.2458,980.5191,0.0,0.0,0.0,1007.2458,2.1386000000000003,1009.3844,1037.8825
746,0.5703,0.0007,0.571,0.1028,0.9987740805604205,0.001225919439579685,30.7986,0.4249,175.7978,144.9992,0.0,0.0,0.0,175.79779999999997,0.4249,176.22269999999997,180.7268
747,0.4775,0.0,0.4775,0.086,1.0,0.0,24.7254,0.0151,24.7255,0.0001,0.0,0.0,0.0,24.725499999999993,0.0151,24.740599999999993,24.7416
748,0.516,0.0003,0.5162,0.0929,0.9996125532739248,0.0005811700891127469,27.8628,0.1588,122.8626,94.9998,0.0,0.0,0.0,122.86260000000001,0.15880000000000002,123.02140000000001,124.5217
749,0.1243,0.0,0.1243,0.0224,1.0,0.0,7.0644,0.0141,10.0644,3.0,0.0,0.0,0.0,10.064399999999996,0.0141,10.078499999999995,10.076
750,0.626,0.0001,0.6261,0.1127,0.9998402811052548,0.00015971889474524837,33.5643,0.0344,37.5638,3.9995,0.0,0.0,0.0,37.56380000000001,0.0344,37.598200000000006,37.5979
751,0.6182,0.0004,0.6186,0.1113,0.9993533785968315,0.0006466214031684449,34.3644,0.2437,237.3636,202.9992,0.0,0.0,0.0,237.36360000000005,0.2437,237.60730000000004,248.106
752,0.1774,0.0001,0.1775,0.032,0.9994366197183099,0.0005633802816901409,9.513,0.0777,59.5129,49.9999,0.0,0.0,0.0,59.512900000000016,0.0777,59.590600000000016,60.5888
753,0.1404,0.0002,0.1406,0.0253,0.9985775248933143,0.001422475106685633,7.8036,0.1384,28.8033,20.9997,0.0,0.0,0.0,28.803300000000004,0.1384,28.941700000000004,32.4426
754,0.1336,0.0017,0.1353,0.0244,0.9874353288987435,0.012564671101256466,7.2681,1.0158,524.2686,517.0005,0.0,0.0,0.0,524.2686,1.0158,525.2844,537.2808
755,0.4121,0.0289,0.441,0.0794,0.934467120181406,0.0655328798185941,22.9089,19.1744,2663.2767,2640.3678,0.0,0.0,0.0,2663.2767000000003,19.1744,2682.4511,2757.9462
756,0.3365,0.0002,0.3367,0.0606,0.9994059994059995,0.0005940005940005941,18.1713,0.1193,64.1716,46.0003,0.0,0.0,0.0,64.17159999999998,0.1193,64.29089999999998,70.2945
757,0.203,0.0031,0.2062,0.0371,0.9844810863239574,0.015033947623666343,11.4555,1.9995,453.4549,441.9994,0.0,0.0,0.0,453.4549,1.9995,455.4544,484.4549
758,0.5038,0.0002,0.504,0.0907,0.9996031746031746,0.0003968253968253968,29.0745,0.1039,58.0745,29.0,0.0,0.0,0.0,58.074500000000015,0.1039,58.17840000000002,59.6735
759,0.3936,0.0008,0.3945,0.071,0.9977186311787072,0.0020278833967046894,22.3755,0.5029,246.3757,224.0002,0.0,0.0,0.0,246.3757,0.5029,246.8786,255.3825
760,0.2076,0.0273,0.2349,0.0423,0.8837803320561942,0.11621966794380588,11.4555,18.2033,3103.0742,3091.6187,0.0,0.0,0.0,3103.0742,18.203300000000002,3121.2775,3198.7732
761,0.3293,0.0004,0.3297,0.0593,0.9987867758568395,0.001213224143160449,18.1713,0.25,244.1714,226.0001,0.0,0.0,0.0,244.17139999999995,0.25000000000000006,244.42139999999995,250.4215
762,0.3666,0.0003,0.3669,0.066,0.999182338511856,0.0008176614881439083,20.5317,0.192,59.5321,39.0004,0.0,0.0,0.0,59.5321,0.19199999999999995,59.7241,61.2268
763,0.1861,0.0007,0.1867,0.0336,0.996786288162828,0.003749330476700589,10.2669,0.4224,483.266,472.9991,0.0,0.0,0.0,483.2660000000001,0.42239999999999994,483.68840000000006,498.6923
764,0.4211,0.0303,0.4514,0.0813,0.9328754984492689,0.06712450155073106,23.4108,18.8387,2500.4271,2477.0163,0.0,0.0,0.0,2500.4271,18.8387,2519.2657999999997,2631.2642
765,0.2849,0.0001,0.285,0.0513,0.9996491228070176,0.00035087719298245617,15.6072,0.0673,36.6064,20.9992,0.0,0.0,0.0,36.60640000000001,0.06730000000000001,36.67370000000001,37.1752
766,0.2195,0.0005,0.22,0.0396,0.9977272727272727,0.0022727272727272726,11.9406,0.3041,156.941,145.0004,0.0,0.0,0.0,156.94100000000003,0.30410000000000004,157.24510000000004,163.7463
767,0.6318,0.0018,0.6337,0.1141,0.9970017358371469,0.0028404607858608173,34.3644,1.1387,741.076,706.7116,0.0,0.0,0.0,741.0759999999999,1.1387,742.2146999999999,774.2103
768,0.37,0.0001,0.3701,0.0666,0.9997298027560119,0.00027019724398811136,22.197,0.0902,61.1964,38.9994,0.0,0.0,0.0,61.19640000000001,0.09019999999999999,61.286600000000014,62.7914
769,0.5228,0.0012,0.5241,0.0943,0.9975195573363862,0.0022896393817973667,29.7192,0.711,565.7197,536.0005,0.0,0.0,0.0,565.7197000000001,0.7109999999999999,566.4307000000001,587.9345
770,0.6317,0.0327,0.6644,0.1196,0.9507826610475618,0.04921733895243829,35.1141,19.6768,2221.3889,2186.2748,0.0,0.0,0.0,2221.3889,19.676800000000004,2241.0657,2322.0699
771,0.4373,0.0002,0.4374,0.0787,0.9997713763145862,0.0004572473708276177,23.9547,0.0988,135.9541,111.9994,0.0,0.0,0.0,135.9541,0.0988,136.05290000000002,136.0485
772,0.3666,0.0,0.3667,0.066,0.9997272975184073,0.0,20.5317,0.0239,20.532,0.0003,0.0,0.0,0.0,20.531999999999993,0.0239,20.555899999999994,20.5544
773,0.3748,0.0199,0.3947,0.071,0.9495819609830252,0.05041803901697492,20.5317,12.8273,1361.688,1341.1563,0.0,0.0,0.0,1361.688,12.827300000000001,1374.5153,1439.5178
774,0.1249,0.0047,0.1297,0.0233,0.9629915188897454,0.036237471087124135,6.8439,3.0936,1459.8925,1453.0486,0.0,0.0,0.0,1459.8925000000002,3.093599999999999,1462.9861,1531.4846
775,0.5083,0.0025,0.5108,0.092,0.9951057165231009,0.004894283476898981,28.2576,1.6269,1772.104,1743.8464,0.0,0.0,0.0,1772.1040000000003,1.6269000000000002,1773.7309000000002,1822.2352
776,0.1312,0.0004,0.1317,0.0237,0.9962034927866363,0.003037205770690964,7.4592,0.265,121.4583,113.9991,0.0,0.0,0.0,121.45830000000001,0.265,121.72330000000001,126.2246
777,0.65,0.0004,0.6504,0.1171,0.9993849938499386,0.0006150061500615006,34.3644,0.2696,139.3637,104.9993,0.0,0.0,0.0,139.36370000000002,0.2696,139.63330000000002,142.6288
778,0.4843,0.0002,0.4846,0.0872,0.9993809327280232,0.0004127115146512588,28.3836,0.1495,159.3841,131.0005,0.0,0.0,0.0,159.38409999999993,0.1495,159.53359999999992,166.5311
779,0.4611,0.0227,0.4838,0.0871,0.9530797850351385,0.04692021496486151,24.7254,14.1178,2151.1992,2126.4738,0.0,0.0,0.0,2151.1992,14.117799999999999,2165.317,2370.8128
780,0.3413,0.0002,0.3415,0.0615,0.9994143484626646,0.0005856515373352855,18.1713,0.1188,36.1714,18.0001,0.0,0.0,0.0,36.171399999999984,0.11880000000000002,36.290199999999984,38.2882
781,0.4312,0.0001,0.4313,0.0776,0.9997681428240204,0.00023185717597959656,24.3285,0.042,32.329,8.0005,0.0,0.0,0.0,32.329,0.041999999999999996,32.371,34.3689
782,0.1737,0.0009,0.1746,0.0314,0.9948453608247422,0.005154639175257732,9.513,0.5928,375.5129,365.9999,0.0,0.0,0.0,375.51290000000006,0.5927999999999999,376.10570000000007,384.1078
783,0.5033,0.0002,0.5035,0.0906,0.9996027805362463,0.000397219463753724,27.3756,0.1124,97.3758,70.0002,0.0,0.0,0.0,97.37580000000001,0.11240000000000001,97.4882,99.4923
784,0.1441,0.0005,0.1445,0.026,0.9972318339100347,0.003460207612456748,8.2509,0.2886,387.2511,379.0002,0.0,0.0,0.0,387.2511,0.28859999999999997,387.5397,395.5375
785,0.4404,0.0202,0.4606,0.0829,0.9561441597915762,0.04385584020842379,23.9547,12.8213,3180.3337,3156.379,0.0,0.0,0.0,3180.3337,12.821300000000004,3193.155,3260.1528
786,0.3659,0.0001,0.366,0.0659,0.9997267759562842,0.000273224043715847,19.9017,0.0412,23.902,4.0003,0.0,0.0,0.0,23.902000000000005,0.0412,23.943200000000004,23.9456
787,0.3593,0.0161,0.3755,0.0676,0.9568575233022637,0.04287616511318242,20.2734,10.4841,1409.8226,1389.5492,0.0,0.0,0.0,1409.8226000000002,10.484100000000002,1420.3067,1495.8086
788,0.346,0.0121,0.3581,0.0645,0.9662105557106954,0.033789444289304665,19.0911,7.8868,1838.4333,1819.3422,0.0,0.0,0.0,1838.4333000000004,7.886800000000001,1846.3201000000004,1900.3242
789,0.2164,0.0003,0.2167,0.039,0.9986155976003692,0.001384402399630826,12.684,0.1777,122.6838,109.9998,0.0,0.0,0.0,122.68379999999999,0.17769999999999997,122.86149999999999,125.3615
790,0.346,0.0003,0.3462,0.0623,0.999422299248989,0.0008665511265164644,19.0911,0.1605,23.091,3.9999,0.0,0.0,0.0,23.090999999999994,0.1605,23.251499999999993,31.2501
791,0.346,0.0146,0.3606,0.0649,0.9595119245701609,0.04048807542983916,19.0911,9.3071,2557.0338,2537.9427,0.0,0.0,0.0,2557.0337999999997,9.307100000000002,2566.3408999999997,2646.8393
792,0.3765,0.0043,0.3809,0.0686,0.9884484116566028,0.011289052244683644,20.6283,2.7633,671.6692,651.0409,0.0,0.0,0.0,671.6692000000002,2.7633,674.4325000000001,710.4353
793,0.55,0.0014,0.5514,0.0992,0.9974610083424013,0.002538991657598839,30.7986,0.8788,440.7983,409.9997,0.0,0.0,0.0,440.7983,0.8787999999999999,441.6771,472.6788
794,0.2076,0.0,0.2076,0.0374,1.0,0.0,11.4555,0.017,19.4545,7.999,0.0,0.0,0.0,19.454500000000003,0.017,19.471500000000002,23.9721
795,0.4718,0.0002,0.4719,0.0849,0.9997880906971817,0.0004238186056367875,26.418,0.0987,116.4174,89.9994,0.0,0.0,0.0,116.41739999999997,0.09869999999999998,116.51609999999997,119.0205
796,0.517,0.0008,0.5177,0.0932,0.9986478655592042,0.0015452965037666602,29.8347,0.4989,456.8345,426.9998,0.0,0.0,0.0,456.83450000000005,0.4989,457.33340000000004,469.3291
797,0.5294,0.0001,0.5295,0.0953,0.9998111425873466,0.00018885741265344666,28.3836,0.0916,71.3841,43.0005,0.0,0.0,0.0,71.38410000000003,0.09159999999999997,71.47570000000003,74.972
798,0.1968,0.0002,0.197,0.0355,0.998984771573604,0.0010152284263959391,11.1888,0.1109,37.1881,25.9993,0.0,0.0,0.0,37.188100000000006,0.1109,37.29900000000001,39.8032
799,0.351,0.0002,0.3512,0.0632,0.9994305239179954,0.0005694760820045558,19.509,0.1417,47.5083,27.9993,0.0,0.0,0.0,47.5083,0.1417,47.65,54.6461
800,0.3083,0.0001,0.3084,0.0555,0.9996757457846952,0.00032425421530479895,15.855,0.085,50.8545,34.9995,0.0,0.0,0.0,50.85450000000001,0.08499999999999999,50.93950000000001,52.4355
801,0.3894,0.0076,0.397,0.0715,0.9808564231738035,0.01914357682619647,21.8064,4.6953,2645.5017,2623.6953,0.0,0.0,0.0,2645.5017,4.6953000000000005,2650.1969999999997,2702.6953
802,0.1267,0.0003,0.1271,0.0229,0.9968528717545241,0.0023603461841070024,6.8439,0.1972,138.8439,132.0,0.0,0.0,0.0,138.84390000000002,0.19720000000000001,139.04110000000003,140.5378
803,0.1267,0.0026,0.1294,0.0233,0.9791344667697065,0.02009273570324575,6.8439,1.6289,1109.8985,1103.0546,0.0,0.0,0.0,1109.8985000000002,1.6289,1111.5274000000002,1154.5242
804,0.5144,0.0281,0.5424,0.0976,0.948377581120944,0.051806784660766964,28.3836,17.6927,2445.8151,2417.4315,0.0,0.0,0.0,2445.8151,17.692700000000002,2463.5078,2577.5081
805,0.2743,0.0063,0.2805,0.0505,0.9778966131907307,0.02245989304812834,14.9163,4.1752,1597.6676,1582.7513,0.0,0.0,0.0,1597.6675999999998,4.1752,1601.8427999999997,1626.8476
806,0.2787,0.0019,0.2806,0.0505,0.9932287954383463,0.006771204561653599,15.6072,1.224,804.2109,788.6037,0.0,0.0,0.0,804.2109,1.224,805.4349000000001,834.9304
807,0.2723,0.0032,0.2755,0.0496,0.9883847549909255,0.01161524500907441,14.9163,1.9963,1505.7345,1490.8182,0.0,0.0,0.0,1505.7344999999998,1.9963000000000002,1507.7307999999998,1538.2353
808,0.3173,0.0004,0.3177,0.0572,0.9987409505823105,0.0012590494176896445,18.1713,0.267,95.1714,77.0001,0.0,0.0,0.0,95.17140000000002,0.267,95.43840000000002,107.9369
809,0.5307,0.0001,0.5308,0.0955,0.9998116051243404,0.00018839487565938207,29.7192,0.0423,62.7197,33.0005,0.0,0.0,0.0,62.719699999999996,0.042300000000000004,62.76199999999999,69.7608
810,0.3841,0.0053,0.3893,0.0701,0.9866426920113024,0.013614179296172618,21.1932,3.3541,1135.1162,1113.923,0.0,0.0,0.0,1135.1162,3.3541,1138.4703,1183.9727
811,0.1107,0.0023,0.113,0.0203,0.9796460176991151,0.020353982300884955,6.342,1.5042,1107.7644,1101.4224,0.0,0.0,0.0,1107.7644,1.5041999999999998,1109.2686,1164.2733
812,0.4111,0.0011,0.4122,0.0742,0.9973313925278992,0.002668607472100922,22.197,0.7197,1248.6014,1226.4044,0.0,0.0,0.0,1248.6014,0.7196999999999999,1249.3211000000001,1288.3257
813,0.5894,0.001,0.5904,0.1063,0.9983062330623306,0.0016937669376693766,33.0036,0.6557,215.0038,182.0002,0.0,0.0,0.0,215.00379999999993,0.6556999999999998,215.65949999999992,228.1645
814,0.5744,0.0167,0.5911,0.1064,0.9717475892403994,0.028252410759600746,30.7986,10.5757,2807.1594,2776.3608,0.0,0.0,0.0,2807.1594000000005,10.5757,2817.7351000000003,2947.7309
815,0.1948,0.0054,0.2003,0.036,0.9725411882176734,0.026959560659011485,10.5966,3.501,2743.6997,2733.1031,0.0,0.0,0.0,2743.699700000001,3.501,2747.2007000000012,2777.1981
816,0.4612,0.0001,0.4614,0.083,0.999566536627655,0.00021673168617251845,23.8833,0.0752,45.8824,21.9991,0.0,0.0,0.0,45.88240000000001,0.0752,45.95760000000001,45.9532
817,0.1954,0.0017,0.1971,0.0355,0.991374936580416,0.008625063419583967,11.1888,1.1046,1455.9901,1444.8013,0.0,0.0,0.0,1455.9901,1.1045999999999998,1457.0946999999999,1489.5935
818,0.2861,0.0,0.2861,0.0515,1.0,0.0,16.5102,0.0235,21.5105,5.0003,0.0,0.0,0.0,21.510500000000004,0.023500000000000007,21.534000000000002,21.5328
819,0.4564,0.0043,0.4607,0.0829,0.9906663772520078,0.009333622747992185,25.368,2.6463,1464.95,1439.582,0.0,0.0,0.0,1464.9500000000003,2.6463,1467.5963000000004,1517.6009
820,0.2828,0.0001,0.2829,0.0509,0.9996465182043125,0.0003534817956875221,15.6072,0.0356,27.607,11.9998,0.0,0.0,0.0,27.607000000000003,0.0356,27.6426,27.6431
821,0.5153,0.0101,0.5254,0.0946,0.9807765511990865,0.01922344880091359,29.0745,6.8227,2256.6628,2227.5883,0.0,0.0,0.0,2256.6628000000005,6.822699999999999,2263.4855000000007,2340.4851
822,0.4938,0.0,0.4938,0.0889,1.0,0.0,26.1051,0.0155,53.1052,27.0001,0.0,0.0,0.0,53.105199999999996,0.015500000000000002,53.1207,53.1234
823,0.4822,0.0004,0.4825,0.0869,0.9993782383419689,0.0008290155440414509,28.2576,0.2247,116.258,88.0004,0.0,0.0,0.0,116.25800000000002,0.2247,116.48270000000002,118.4814
824,0.351,0.0306,0.3815,0.0687,0.9200524246395805,0.08020969855832241,19.509,19.3265,2682.0995,2662.5905,0.0,0.0,0.0,2682.0995,19.3265,2701.426,2805.9288
825,0.2333,0.0004,0.2338,0.0421,0.9978614200171086,0.001710863986313088,12.1653,0.2746,104.1645,91.9992,0.0,0.0,0.0,104.16450000000002,0.2746,104.43910000000002,108.939
826,0.4843,0.0334,0.5177,0.0932,0.9354838709677419,0.06451612903225806,26.7267,20.852,2944.8188,2918.0921,0.0,0.0,0.0,2944.8188,20.851999999999997,2965.6708,2997.166
827,0.5134,0.0003,0.5137,0.0925,0.999416001557329,0.0005839984426708194,28.539,0.1753,159.5382,130.9992,0.0,0.0,0.0,159.53820000000005,0.17529999999999998,159.71350000000004,164.7107
828,0.3458,0.0009,0.3467,0.0624,0.9974040957600231,0.002595904239976925,19.509,0.5907,371.5085,351.9995,0.0,0.0,0.0,371.5084999999999,0.5907,372.09919999999994,396.6018
829,0.1661,0.0003,0.1664,0.0299,0.9981971153846154,0.0018028846153846153,9.513,0.1726,30.5125,20.9995,0.0,0.0,0.0,30.5125,0.17259999999999995,30.6851,30.6875
830,0.3123,0.0013,0.3137,0.0565,0.9955371373924132,0.004144086707044948,17.1108,0.8703,2069.5467,2052.4359,0.0,0.0,0.0,2069.5467,0.8703,2070.417,2089.4205
831,0.2875,0.001,0.2885,0.0519,0.9965337954939342,0.003466204506065858,16.2204,0.6359,463.2194,446.999,0.0,0.0,0.0,463.21939999999995,0.6358999999999999,463.85529999999994,478.3596
832,0.2318,0.0001,0.2318,0.0417,1.0,0.0004314063848144953,13.6878,0.0456,26.688,13.0002,0.0,0.0,0.0,26.688000000000006,0.045599999999999995,26.733600000000006,27.7377
833,0.523,0.0227,0.5458,0.0982,0.958226456577501,0.04159032612678638,29.0745,15.2247,2814.9778,2785.9033,0.0,0.0,0.0,2814.9778000000006,15.224699999999999,2830.202500000001,2934.2055
834,0.3564,0.0012,0.3576,0.0644,0.9966442953020135,0.003355704697986577,19.8135,0.7751,363.8131,343.9996,0.0,0.0,0.0,363.81309999999985,0.7751,364.58819999999986,395.5846
835,0.5195,0.0003,0.5198,0.0936,0.9994228549442091,0.0005771450557906886,28.8792,0.1815,147.8784,118.9992,0.0,0.0,0.0,147.87840000000003,0.18149999999999997,148.05990000000003,151.5576
836,0.4737,0.0018,0.4755,0.0856,0.9962145110410096,0.0037854889589905363,26.7267,1.1043,603.6097,576.883,0.0,0.0,0.0,603.6097,1.1043000000000003,604.7139999999999,631.2173
837,0.663,0.001,0.664,0.1195,0.9984939759036144,0.001506024096385542,37.1301,0.6228,379.1295,341.9994,0.0,0.0,0.0,379.12950000000006,0.6227999999999999,379.75230000000005,399.2522
838,0.129,0.0137,0.1426,0.0257,0.9046283309957924,0.09607293127629733,7.0644,8.4034,2965.6867,2958.6223,0.0,0.0,0.0,2965.686700000001,8.4034,2974.0901000000013,3052.5917
839,0.5349,0.0,0.5349,0.0963,1.0,0.0,31.8423,0.018,31.8432,0.0009,0.0,0.0,0.0,31.843200000000007,0.017999999999999995,31.861200000000007,31.8563
840,0.6317,0.007,0.6387,0.115,0.9890402379834038,0.01095976201659621,35.1141,4.4778,1838.2646,1803.1505,0.0,0.0,0.0,1838.2645999999997,4.4778,1842.7423999999996,1872.7457
841,0.6776,0.0002,0.6778,0.122,0.9997049277072884,0.0002950722927117144,35.8239,0.1385,96.8234,60.9995,0.0,0.0,0.0,96.82339999999999,0.13849999999999998,96.96189999999999,97.9576
842,0.1353,0.0018,0.1372,0.0247,0.9861516034985424,0.013119533527696793,7.6356,1.1798,698.8269,691.1913,0.0,0.0,0.0,698.8269,1.1798,700.0067,748.5049
843,0.2598,0.0015,0.2612,0.047,0.9946401225114854,0.005742725880551302,14.1288,0.9802,2092.7532,2078.6244,0.0,0.0,0.0,2092.7531999999997,0.9802000000000001,2093.7333999999996,2126.7307
844,0.4765,0.0017,0.4782,0.0861,0.9964450020911751,0.0035549979088247592,26.1051,1.0614,2021.1142,1995.0091,0.0,0.0,0.0,2021.1142,1.0614,2022.1756,2072.6719
845,0.1473,0.0023,0.1496,0.0269,0.9846256684491977,0.015374331550802138,8.2509,1.4478,1805.3885,1797.1376,0.0,0.0,0.0,1805.3885000000002,1.4478000000000002,1806.8363000000002,1850.3406
846,0.3785,0.0128,0.3912,0.0704,0.9675357873210634,0.032719836400818,21.1932,8.0854,2913.8987,2892.7055,0.0,0.0,0.0,2913.8987,8.085399999999998,2921.9841,2958.9808
847,0.3132,0.0001,0.3133,0.0564,0.9996808171082029,0.0003191828917969997,18.6459,0.0351,18.6463,0.0004,0.0,0.0,0.0,18.646300000000004,0.03509999999999999,18.681400000000004,19.6835
848,0.6082,0.0019,0.6101,0.1098,0.9968857564333715,0.0031142435666284217,33.5643,1.1398,1099.8097,1066.2454,0.0,0.0,0.0,1099.8097,1.1398,1100.9495,1142.9518
849,0.5737,0.0004,0.5742,0.1033,0.9991292232671543,0.0006966213862765587,30.5445,0.2787,136.5454,106.0009,0.0,0.0,0.0,136.5454,0.2787,136.8241,144.3219
850,0.3154,0.0108,0.3262,0.0587,0.9668914776210914,0.03310852237890865,17.661,7.1651,1856.6371,1838.9761,0.0,0.0,0.0,1856.6370999999995,7.1651,1863.8021999999994,1932.801
851,0.1222,0.0114,0.1336,0.024,0.9146706586826348,0.08532934131736528,6.8439,6.7348,2668.7445,2661.9006,0.0,0.0,0.0,2668.7445,6.734800000000001,2675.4793,2755.4841
852,0.1942,0.0001,0.1943,0.035,0.9994853319608853,0.000514668039114771,10.2669,0.085,172.2663,161.9994,0.0,0.0,0.0,172.2663,0.08499999999999999,172.3513,173.3551
853,0.1484,0.0048,0.1532,0.0276,0.9686684073107049,0.031331592689295036,8.2509,3.0265,1165.0834,1156.8325,0.0,0.0,0.0,1165.0834,3.0265000000000004,1168.1099,1207.6069
854,0.3473,0.0005,0.3478,0.0626,0.9985623921794134,0.001437607820586544,19.026,0.3312,683.2106,664.1846,0.0,0.0,0.0,683.2105999999999,0.33119999999999994,683.5417999999999,703.0394
855,0.5288,0.0004,0.5292,0.0953,0.9992441421012851,0.0007558578987150416,29.8347,0.2336,134.8346,104.9999,0.0,0.0,0.0,134.8346,0.2336,135.0682,155.0648
856,0.5887,0.0008,0.5895,0.1061,0.9986429177268872,0.0013570822731128074,31.7898,0.5005,301.7901,270.0003,0.0,0.0,0.0,301.79010000000005,0.5005,302.29060000000004,313.7926
857,0.3813,0.0059,0.3872,0.0697,0.9847623966942148,0.015237603305785124,21.1932,3.9105,1393.0584,1371.8652,0.0,0.0,0.0,1393.0584000000001,3.9105000000000008,1396.9689,1427.4685
858,0.1204,0.0,0.1204,0.0217,1.0,0.0,6.8439,0.0249,12.844,6.0001,0.0,0.0,0.0,12.844000000000001,0.0249,12.868900000000002,12.87
859,0.3666,0.0057,0.3723,0.067,0.9846897663174858,0.015310233682514102,20.5317,3.5447,2134.2806,2113.7489,0.0,0.0,0.0,2134.2805999999996,3.5447,2137.8252999999995,2216.823
860,0.5049,0.0017,0.5067,0.0912,0.9964476021314387,0.003355042431418985,27.8628,1.0804,1029.6638,1001.801,0.0,0.0,0.0,1029.6638,1.0803999999999998,1030.7442,1061.7441
861,0.6468,0.0005,0.6473,0.1165,0.9992275606364901,0.0007724393635099645,36.4938,0.2834,492.4682,455.9744,0.0,0.0,0.0,492.4681999999999,0.2834,492.7515999999999,497.2471
862,0.1124,0.0055,0.1179,0.0212,0.9533502968617472,0.04664970313825275,6.342,3.2393,2487.8462,2481.5042,0.0,0.0,0.0,2487.8462000000004,3.2393,2491.0855000000006,2580.0852
863,0.4372,0.0006,0.4378,0.0788,0.9986295111923251,0.0013704888076747372,23.1147,0.3553,360.1147,337.0,0.0,0.0,0.0,360.1147000000001,0.3553,360.4700000000001,372.4659
864,0.495,0.0005,0.4955,0.0892,0.9989909182643795,0.0010090817356205853,27.3126,0.313,140.3117,112.9991,0.0,0.0,0.0,140.3117,0.31299999999999994,140.6247,153.1288
865,0.4775,0.0,0.4775,0.086,1.0,0.0,24.7254,0.0134,36.7255,12.0001,0.0,0.0,0.0,36.7255,0.0134,36.738899999999994,36.7391
866,0.2394,0.0024,0.2418,0.0435,0.9900744416873449,0.009925558312655087,13.209,1.5517,1379.4465,1366.2375,0.0,0.0,0.0,1379.4464999999996,1.5516999999999999,1380.9981999999995,1427.9959
867,0.1686,0.0045,0.1731,0.0312,0.9740034662045061,0.02599653379549393,9.513,2.8155,706.6803,697.1673,0.0,0.0,0.0,706.6802999999999,2.8154999999999997,709.4957999999999,742.9989
868,0.4841,0.0019,0.486,0.0875,0.9960905349794238,0.003909465020576132,27.3126,1.1692,731.0074,703.6948,0.0,0.0,0.0,731.0074000000001,1.1692,732.1766000000001,776.6779
869,0.4182,0.001,0.4192,0.0755,0.9976145038167938,0.002385496183206107,22.9089,0.6106,415.9092,393.0003,0.0,0.0,0.0,415.90919999999994,0.6106000000000001,416.5197999999999,429.5199
870,0.5233,0.003,0.5263,0.0947,0.9942998289948698,0.0057001710051301545,28.2576,1.7966,1019.8329,991.5753,0.0,0.0,0.0,1019.8328999999998,1.7966000000000002,1021.6294999999998,1082.6265
871,0.1384,0.0001,0.1384,0.0249,1.0,0.0007225433526011561,7.6356,0.0368,25.6362,18.0006,0.0,0.0,0.0,25.636200000000006,0.0368,25.673000000000005,25.6741
872,0.1259,0.0,0.126,0.0227,0.9992063492063493,0.0,7.2681,0.0141,10.2685,3.0004,0.0,0.0,0.0,10.2685,0.0141,10.282599999999999,10.2836
873,0.2394,0.0184,0.2578,0.0464,0.9286268425135765,0.07137315748642359,13.209,11.3914,2497.8288,2484.6198,0.0,0.0,0.0,2497.8288000000002,11.3914,2509.2202,2692.2222
874,0.3643,0.0119,0.3762,0.0677,0.9683678894205211,0.031632110579479004,19.8135,7.2563,1307.1213,1287.3078,0.0,0.0,0.0,1307.1213000000002,7.2562999999999995,1314.3776000000003,1412.8771
875,0.461,0.0004,0.4614,0.083,0.99913307325531,0.0008669267446900738,25.4394,0.2188,193.4399,168.0005,0.0,0.0,0.0,193.4399,0.2188,193.65869999999998,202.6617
876,0.2802,0.0,0.2802,0.0504,1.0,0.0,14.9163,0.0143,14.9174,0.0011,0.0,0.0,0.0,14.9174,0.0143,14.931700000000001,17.4274
877,0.3423,0.0198,0.3621,0.0652,0.9453189726594864,0.05468102734051368,19.026,11.6475,2821.1129,2802.0869,0.0,0.0,0.0,2821.1129,11.6475,2832.7604,2901.7572
878,0.3355,0.0003,0.3357,0.0604,0.9994042299672327,0.0008936550491510276,19.509,0.1623,80.5084,60.9994,0.0,0.0,0.0,80.5084,0.16229999999999997,80.6707,82.6671
879,0.6735,0.0002,0.6737,0.1213,0.9997031319578448,0.000296868042155262,35.1141,0.1423,98.1151,63.001,0.0,0.0,0.0,98.11510000000001,0.14229999999999998,98.25740000000002,104.762
880,0.2392,0.0001,0.2393,0.0431,0.9995821145006267,0.0004178854993731718,14.1288,0.0322,84.1289,70.0001,0.0,0.0,0.0,84.12889999999996,0.032200000000000006,84.16109999999996,86.1639
881,0.351,0.0033,0.3543,0.0638,0.9906858594411515,0.009314140558848433,19.0911,2.0429,1269.9273,1250.8362,0.0,0.0,0.0,1269.9273,2.0429,1271.9702,1313.9711
882,0.4597,0.0024,0.4621,0.0832,0.9948063189785761,0.005193681021423933,25.368,1.4608,2231.1503,2205.7823,0.0,0.0,0.0,2231.1503000000002,1.4607999999999999,2232.6111,2251.1128
883,0.129,0.0017,0.1306,0.0235,0.9877488514548239,0.013016845329249616,7.0644,1.0349,778.8451,771.7807,0.0,0.0,0.0,778.8451000000001,1.0349,779.8800000000001,812.8798
884,0.5323,0.0,0.5323,0.0958,1.0,0.0,28.539,0.0112,30.5382,1.9992,0.0,0.0,0.0,30.538200000000003,0.0112,30.549400000000002,30.5504
885,0.2906,0.0295,0.3201,0.0576,0.907841299593877,0.09215870040612309,15.9222,18.4326,2448.287,2432.3648,0.0,0.0,0.0,2448.2870000000003,18.4326,2466.7196000000004,2587.7189
886,0.2076,0.0293,0.2369,0.0426,0.8763191219924019,0.12368087800759814,11.4555,17.356,2922.6007,2911.1452,0.0,0.0,0.0,2922.6007000000004,17.356,2939.9567000000006,2994.9602
887,0.5668,0.0,0.5668,0.102,1.0,0.0,32.7096,0.0309,55.7089,22.9993,0.0,0.0,0.0,55.70889999999999,0.030900000000000004,55.739799999999995,57.7415
888,0.3365,0.0003,0.3368,0.0606,0.9991092636579574,0.0008907363420427553,18.1713,0.1934,165.1714,147.0001,0.0,0.0,0.0,165.17139999999995,0.19340000000000002,165.36479999999995,171.3606
889,0.2788,0.0001,0.2789,0.0502,0.9996414485478666,0.00035855145213338117,15.2733,0.0722,146.2731,130.9998,0.0,0.0,0.0,146.27310000000003,0.07219999999999999,146.34530000000004,147.3455
890,0.2596,0.0031,0.2627,0.0473,0.9881994670727066,0.011800532927293491,14.5362,1.9404,1979.1963,1964.6601,0.0,0.0,0.0,1979.1962999999998,1.9404000000000001,1981.1366999999998,2017.1331
891,0.5436,0.0006,0.5442,0.0979,0.9988974641675854,0.0011025358324145533,28.539,0.3367,511.8452,483.3062,0.0,0.0,0.0,511.8452,0.33669999999999994,512.1818999999999,522.6793
892,0.2042,0.0058,0.2101,0.0378,0.9719181342217991,0.027605901951451687,11.1888,3.8121,2265.4147,2254.2259,0.0,0.0,0.0,2265.4147000000003,3.8121,2269.2268000000004,2342.727
893,0.4513,0.0014,0.4528,0.0815,0.9966872791519434,0.003091872791519435,24.7254,0.9298,808.8801,784.1547,0.0,0.0,0.0,808.8801000000001,0.9298000000000001,809.8099000000001,848.8089
894,0.4084,0.0267,0.4352,0.0783,0.9384191176470589,0.061351102941176475,22.3755,16.7327,2449.5204,2427.1449,0.0,0.0,0.0,2449.5203999999994,16.7327,2466.2530999999994,2571.2547
895,0.466,0.0001,0.4661,0.0839,0.9997854537652865,0.00021454623471358077,27.3126,0.0383,64.3118,36.9992,0.0,0.0,0.0,64.3118,0.0383,64.35010000000001,64.3512
896,0.1404,0.0018,0.1421,0.0256,0.988036593947924,0.012667135819845179,7.6356,1.0681,969.5503,961.9147,0.0,0.0,0.0,969.5503000000001,1.0681,970.6184000000001,995.6211
897,0.351,0.0004,0.3514,0.0633,0.9988616960728515,0.0011383039271485487,19.509,0.2726,171.5087,151.9997,0.0,0.0,0.0,171.5087,0.27259999999999995,171.78130000000002,180.7818
898,0.5644,0.0002,0.5646,0.1016,0.9996457669146299,0.00035423308537017357,31.8423,0.1436,157.8429,126.0006,0.0,0.0,0.0,157.8429,0.14359999999999998,157.98649999999998,159.9833
899,0.1769,0.0057,0.1826,0.0329,0.9687842278203723,0.0312157721796276,9.9057,3.4812,1757.973,1748.0673,0.0,0.0,0.0,1757.9730000000002,3.4812000000000007,1761.4542000000001,1829.4533
900,0.2808,0.0037,0.2845,0.0512,0.9869947275922673,0.013005272407732867,15.2733,2.2421,1417.573,1402.2997,0.0,0.0,0.0,1417.573,2.2421,1419.8151,1451.8149
901,0.3434,0.0035,0.347,0.0625,0.9896253602305476,0.010086455331412105,19.0911,2.2577,2125.0952,2106.0041,0.0,0.0,0.0,2125.0952,2.2577,2127.3529000000003,2178.8542
902,0.2624,0.0017,0.2641,0.0475,0.9935630443014011,0.006436955698599015,14.9163,1.0868,916.2826,901.3663,0.0,0.0,0.0,916.2826000000001,1.0868,917.3694000000002,983.8712
903,0.3224,0.0012,0.3236,0.0582,0.996291718170581,0.0037082818294190355,17.661,0.8439,1111.6414,1093.9804,0.0,0.0,0.0,1111.6414000000002,0.8439,1112.4853000000003,1141.9849
904,0.147,0.0001,0.147,0.0265,1.0,0.0006802721088435375,8.1102,0.0429,8.1095,0.0,0.0,0.0,0.0,8.109499999999999,0.04290000000000001,8.152399999999998,8.1485
905,0.6007,0.0329,0.6336,0.1141,0.9480744949494949,0.05192550505050504,32.4387,20.7301,2551.285,2518.8463,0.0,0.0,0.0,2551.2849999999994,20.730099999999997,2572.0150999999996,2727.5201
906,0.642,0.0162,0.6582,0.1185,0.9753874202370101,0.024612579762989972,36.4938,10.2924,1923.6374,1887.1436,0.0,0.0,0.0,1923.6373999999996,10.2924,1933.9297999999997,2007.4334
907,0.5269,0.0031,0.53,0.0954,0.9941509433962264,0.005849056603773584,29.0745,2.087,933.9235,904.849,0.0,0.0,0.0,933.9235000000001,2.0869999999999997,936.0105000000001,1034.0132
908,0.3224,0.0012,0.3236,0.0583,0.996291718170581,0.0037082818294190355,17.661,0.7947,1950.4682,1932.8072,0.0,0.0,0.0,1950.4681999999996,0.7947000000000001,1951.2628999999995,1974.7617
909,0.2462,0.0007,0.2469,0.0444,0.9971648440664236,0.0028351559335763467,13.6878,0.4317,421.0695,407.3817,0.0,0.0,0.0,421.06949999999995,0.4317000000000001,421.5011999999999,438.5023
910,0.3981,0.0132,0.4112,0.074,0.9681420233463035,0.032101167315175094,21.8064,7.9182,2544.4099,2522.6035,0.0,0.0,0.0,2544.4099000000006,7.9182,2552.3281000000006,2615.8312
911,0.4114,0.0001,0.4115,0.0741,0.9997569866342649,0.00024301336573511546,22.3755,0.0717,30.3757,8.0002,0.0,0.0,0.0,30.375700000000002,0.07169999999999999,30.447400000000002,30.9455
912,0.6642,0.0,0.6642,0.1196,1.0,0.0,35.1141,0.0175,44.1151,9.001,0.0,0.0,0.0,44.115099999999984,0.017499999999999998,44.13259999999998,44.1363
913,0.554,0.0006,0.5546,0.0998,0.9989181391994231,0.0010818608005769923,30.7986,0.3722,539.0837,508.2851,0.0,0.0,0.0,539.0836999999999,0.3722,539.4558999999999,572.9598
914,0.6224,0.0001,0.6225,0.112,0.9998393574297187,0.0001606425702811245,35.1141,0.0633,51.1147,16.0006,0.0,0.0,0.0,51.11469999999999,0.0633,51.17799999999999,52.1807
915,0.2542,0.0,0.2542,0.0458,1.0,0.0,14.1288,0.0312,71.1288,57.0,0.0,0.0,0.0,71.12879999999998,0.031199999999999995,71.15999999999998,71.1604
916,0.4191,0.0001,0.4192,0.0754,0.9997614503816793,0.00023854961832061068,24.7527,0.0467,42.7528,18.0001,0.0,0.0,0.0,42.75279999999999,0.046700000000000005,42.799499999999995,44.3002
917,0.2205,0.0026,0.223,0.0401,0.9887892376681614,0.011659192825112108,12.1653,1.5368,535.9487,523.7834,0.0,0.0,0.0,535.9487,1.5368000000000002,537.4855,566.9816
918,0.4902,0.001,0.4912,0.0884,0.9979641693811074,0.002035830618892508,27.8628,0.6088,885.8948,858.032,0.0,0.0,0.0,885.8948000000003,0.6088,886.5036000000002,903.0035
919,0.489,0.0,0.489,0.088,1.0,0.0,28.8792,0.0214,40.8782,11.999,0.0,0.0,0.0,40.8782,0.0214,40.8996,41.8954
920,0.313,0.0229,0.336,0.0605,0.931547619047619,0.0681547619047619,17.661,14.8297,2661.5678,2643.9068,0.0,0.0,0.0,2661.5677999999994,14.8297,2676.397499999999,2751.4006
921,0.4055,0.0009,0.4064,0.0732,0.9977854330708662,0.0022145669291338582,22.3755,0.5733,526.0751,503.6996,0.0,0.0,0.0,526.0751,0.5732999999999999,526.6484,562.1491
922,0.5739,0.0,0.5739,0.1033,1.0,0.0,31.2144,0.0181,45.2135,13.9991,0.0,0.0,0.0,45.2135,0.018099999999999998,45.2316,47.2339
923,0.6735,0.0003,0.6737,0.1213,0.9997031319578448,0.00044530206323289295,35.1141,0.1584,72.115,37.0009,0.0,0.0,0.0,72.11500000000001,0.15839999999999999,72.27340000000001,74.2715
924,0.3694,0.0028,0.3721,0.067,0.9927438860521366,0.007524858908895459,20.5317,1.6899,1536.0631,1515.5314,0.0,0.0,0.0,1536.0630999999998,1.6898999999999997,1537.753,1593.2529
925,0.3341,0.0002,0.3343,0.0602,0.9994017349685912,0.0005982650314089142,18.1713,0.1324,156.1713,138.0,0.0,0.0,0.0,156.17129999999997,0.1324,156.30369999999996,158.308
926,0.2707,0.0017,0.2724,0.049,0.9937591776798826,0.006240822320117474,15.2733,1.067,440.1597,424.8864,0.0,0.0,0.0,440.1597,1.0670000000000002,441.2267,465.7261
927,0.2849,0.0001,0.285,0.0513,0.9996491228070176,0.00035087719298245617,15.2733,0.0686,71.2723,55.999,0.0,0.0,0.0,71.2723,0.0686,71.3409,71.8371
928,0.3423,0.0043,0.3466,0.0624,0.9875937680323138,0.012406231967686093,19.026,2.675,1663.3271,1644.3011,0.0,0.0,0.0,1663.3271,2.6750000000000007,1666.0021,1733.5008
929,0.3897,0.0008,0.3904,0.0703,0.9982069672131146,0.0020491803278688526,21.1932,0.4846,615.265,594.0718,0.0,0.0,0.0,615.265,0.48460000000000003,615.7496,638.2447
930,0.4754,0.0001,0.4755,0.0856,0.9997896950578339,0.00021030494216614092,27.8628,0.072,234.8625,206.9997,0.0,0.0,0.0,234.86249999999995,0.07200000000000001,234.93449999999996,237.4371
931,0.4843,0.0274,0.5117,0.0921,0.946452999804573,0.053547000195427005,26.7267,17.6231,2823.6445,2796.9178,0.0,0.0,0.0,2823.6445,17.6231,2841.2675999999997,2949.2627
932,0.1462,0.0173,0.1635,0.0294,0.8941896024464832,0.10581039755351682,8.2509,10.9598,2284.3116,2276.0607,0.0,0.0,0.0,2284.3115999999995,10.959800000000003,2295.2713999999996,2397.7694
933,0.4986,0.001,0.4996,0.0899,0.9979983987189752,0.00200160128102482,27.3126,0.6268,1060.199,1032.8864,0.0,0.0,0.0,1060.199,0.6268,1060.8258,1084.3233
934,0.2423,0.0,0.2423,0.0436,1.0,0.0,14.5362,0.0178,16.5372,2.001,0.0,0.0,0.0,16.5372,0.017799999999999996,16.555,16.5544
935,0.4211,0.0018,0.423,0.0761,0.9955082742316784,0.00425531914893617,23.4108,1.1297,673.5404,650.1296,0.0,0.0,0.0,673.5403999999999,1.1297,674.6700999999998,711.6686
936,0.4546,0.0243,0.4789,0.0862,0.9492587178951765,0.05074128210482355,24.7254,15.2957,2655.0818,2630.3564,0.0,0.0,0.0,2655.0818,15.2957,2670.3775,2748.8769
937,0.4169,0.0001,0.4171,0.0751,0.9995204986813713,0.0002397506593143131,22.197,0.0895,64.1969,41.9999,0.0,0.0,0.0,64.19690000000001,0.0895,64.28640000000001,67.2851
938,0.1874,0.0013,0.1887,0.034,0.9931107578166402,0.00688924218335983,10.2669,0.8576,1479.2282,1468.9613,0.0,0.0,0.0,1479.2282000000002,0.8575999999999998,1480.0858000000003,1525.0825
939,0.5836,0.0347,0.6183,0.1113,0.9438783761927867,0.05612162380721333,32.4387,22.0073,2910.3509,2877.9122,0.0,0.0,0.0,2910.3508999999995,22.0073,2932.3581999999997,3046.8587
940,0.2982,0.0298,0.328,0.059,0.9091463414634147,0.09085365853658536,16.2204,19.7075,2832.6197,2816.3993,0.0,0.0,0.0,2832.6196999999997,19.707500000000003,2852.3271999999997,3007.3224
941,0.3765,0.0022,0.3787,0.0682,0.9941906522313178,0.005809347768682335,20.6283,1.3004,1054.4226,1033.7943,0.0,0.0,0.0,1054.4226,1.3003999999999998,1055.7230000000002,1089.7263
942,0.1968,0.0034,0.2002,0.036,0.983016983016983,0.016983016983016984,11.1888,2.1004,1034.1473,1022.9585,0.0,0.0,0.0,1034.1473,2.1004,1036.2477000000001,1098.2518
943,0.2852,0.008,0.2932,0.0528,0.9727148703956343,0.02728512960436562,15.855,5.2347,2188.6014,2172.7464,0.0,0.0,0.0,2188.6014,5.234699999999999,2193.8361,2313.3394
944,0.4925,0.0024,0.4948,0.0891,0.9953516572352465,0.004850444624090541,27.3756,1.47,1751.7486,1724.373,0.0,0.0,0.0,1751.7486,1.4699999999999998,1753.2186,1807.2202
945,0.3423,0.0092,0.3515,0.0633,0.9738264580369844,0.026173541963015648,19.026,6.0166,1745.9524,1726.9264,0.0,0.0,0.0,1745.9523999999997,6.0166,1751.9689999999996,1859.472
946,0.3449,0.0001,0.3449,0.0621,1.0,0.0002899391127863149,19.9017,0.0376,62.9018,43.0001,0.0,0.0,0.0,62.90179999999998,0.0376,62.93939999999998,65.4346
947,0.435,0.0,0.435,0.0783,1.0,0.0,24.7254,0.0261,53.7256,29.0002,0.0,0.0,0.0,53.72559999999999,0.026099999999999998,53.75169999999999,53.7498
948,0.6007,0.0001,0.6008,0.1081,0.9998335552596538,0.00016644474034620507,32.4387,0.0702,138.4387,106.0,0.0,0.0,0.0,138.43870000000004,0.07020000000000001,138.50890000000004,139.5121
949,0.5698,0.0319,0.6017,0.1083,0.9469835466179158,0.05301645338208409,31.2144,19.4452,2402.2258,2371.0114,0.0,0.0,0.0,2402.2258,19.445199999999996,2421.6710000000003,2517.6732
950,0.5407,0.0007,0.5414,0.0974,0.9987070557813077,0.0012929442186922792,29.8347,0.4674,814.029,784.1943,0.0,0.0,0.0,814.0290000000001,0.46740000000000004,814.4964000000001,839.4925
951,0.5989,0.0002,0.599,0.1078,0.9998330550918197,0.00033388981636060105,30.7986,0.1057,41.7981,10.9995,0.0,0.0,0.0,41.79809999999999,0.1057,41.90379999999999,41.9038
952,0.192,0.0001,0.1921,0.0346,0.9994794377928163,0.0005205622071837585,10.5966,0.0645,59.5967,49.0001,0.0,0.0,0.0,59.59670000000001,0.06449999999999999,59.661200000000015,60.663
953,0.2486,0.0001,0.2487,0.0448,0.9995979091274627,0.0004020908725371934,14.9163,0.0347,14.9169,0.0006,0.0,0.0,0.0,14.916900000000002,0.0347,14.951600000000003,14.9533
954,0.1961,0.023,0.2191,0.0394,0.8950251026928343,0.10497489730716568,10.9032,14.3506,1968.2973,1957.3941,0.0,0.0,0.0,1968.2972999999997,14.350599999999998,1982.6478999999997,2073.1525
955,0.6539,0.0001,0.654,0.1177,0.9998470948012232,0.0001529051987767584,35.8239,0.035,46.8235,10.9996,0.0,0.0,0.0,46.823499999999996,0.035,46.85849999999999,46.8566
956,0.3784,0.0004,0.3788,0.0682,0.9989440337909187,0.0010559662090813093,21.1932,0.2158,215.1934,194.0002,0.0,0.0,0.0,215.19339999999997,0.21580000000000002,215.40919999999997,225.9112
957,0.2565,0.0002,0.2567,0.0462,0.9992208804051422,0.0007791195948578108,14.9163,0.1304,81.917,67.0007,0.0,0.0,0.0,81.91700000000002,0.1304,82.04740000000001,86.0498
958,0.1948,0.0123,0.2071,0.0373,0.9406084017382906,0.05939159826170932,10.5966,7.8315,1556.6155,1546.0189,0.0,0.0,0.0,1556.6155,7.8315,1564.4470000000001,1639.9494
959,0.4597,0.0002,0.4599,0.0828,0.9995651228527941,0.00043487714720591436,25.368,0.1578,273.3676,247.9996,0.0,0.0,0.0,273.36760000000004,0.1578,273.52540000000005,285.5278
960,0.5812,0.0005,0.5818,0.1047,0.9989687177724305,0.0008594018563080096,31.8423,0.3153,233.8432,202.0009,0.0,0.0,0.0,233.84320000000002,0.31529999999999997,234.15850000000003,238.1579
961,0.5285,0.0147,0.5432,0.0978,0.9729381443298968,0.02706185567010309,28.539,9.0467,2419.6594,2391.1204,0.0,0.0,0.0,2419.6594000000005,9.0467,2428.7061000000003,2509.2029
962,0.4757,0.0,0.4757,0.0856,1.0,0.0,28.539,0.0116,30.5384,1.9994,0.0,0.0,0.0,30.538400000000003,0.0116,30.550000000000004,31.0538
963,0.5144,0.0146,0.529,0.0952,0.9724007561436672,0.0275992438563327,28.3836,9.3816,1888.366,1859.9824,0.0,0.0,0.0,1888.3659999999998,9.381599999999999,1897.7475999999997,1978.2479
964,0.5615,0.0017,0.5633,0.1014,0.9968045446476123,0.003017930055032842,31.2144,1.0924,1278.5692,1247.3548,0.0,0.0,0.0,1278.5692,1.0924,1279.6616,1317.1596
965,0.5049,0.0146,0.5195,0.0935,0.971896053897979,0.028103946102021177,27.8628,9.3157,2798.5418,2770.679,0.0,0.0,0.0,2798.541799999999,9.3157,2807.857499999999,2849.859
966,0.1432,0.0155,0.1587,0.0286,0.902331442974165,0.0976685570258349,7.9611,10.0454,1240.7459,1232.7848,0.0,0.0,0.0,1240.7459,10.0454,1250.7912999999999,1335.787
967,0.6637,0.0002,0.6639,0.1195,0.9996987498117185,0.0003012501882813677,34.3644,0.1365,111.3635,76.9991,0.0,0.0,0.0,111.3635,0.1365,111.5,111.5017
968,0.3533,0.0001,0.3534,0.0636,0.9997170345217884,0.0002829654782116582,18.1713,0.065,41.1716,23.0003,0.0,0.0,0.0,41.17159999999999,0.06499999999999999,41.23659999999999,41.2381
969,0.5928,0.0112,0.604,0.1087,0.9814569536423842,0.018543046357615896,32.7096,7.1429,2598.7867,2566.0771,0.0,0.0,0.0,2598.7867,7.142899999999999,2605.9296,2694.428
970,0.5643,0.0001,0.5644,0.1016,0.9998228206945429,0.00017717930545712261,29.8347,0.0658,94.8345,64.9998,0.0,0.0,0.0,94.83449999999998,0.0658,94.90029999999997,96.902
971,0.199,0.0,0.199,0.0358,1.0,0.0,11.9406,0.0234,14.9413,3.0007,0.0,0.0,0.0,14.941299999999998,0.023399999999999997,14.964699999999999,14.9686
972,0.4939,0.0042,0.4981,0.0897,0.991567958241317,0.008432041758682994,27.8628,2.6074,1702.0086,1674.1458,0.0,0.0,0.0,1702.0086000000001,2.6073999999999997,1704.6160000000002,1785.1138
973,0.2448,0.0003,0.2452,0.0441,0.99836867862969,0.0012234910277324632,14.1288,0.2145,270.129,256.0002,0.0,0.0,0.0,270.12899999999996,0.21450000000000002,270.34349999999995,272.8407
974,0.663,0.004,0.667,0.1201,0.9940029985007496,0.005997001499250375,37.1301,2.5911,1880.8565,1843.7264,0.0,0.0,0.0,1880.8565,2.5911,1883.4476000000002,1940.9483
975,0.4508,0.0,0.4508,0.0811,1.0,0.0,26.418,0.0122,56.4175,29.9995,0.0,0.0,0.0,56.417500000000004,0.012199999999999997,56.429700000000004,56.4283
976,0.4025,0.0002,0.4027,0.0725,0.9995033523714925,0.0004966476285075739,22.3755,0.1368,174.3759,152.0004,0.0,0.0,0.0,174.37589999999994,0.1368,174.51269999999994,178.5163
977,0.3802,0.0,0.3803,0.0684,0.999737049697607,0.0,20.5317,0.0275,36.5319,16.0002,0.0,0.0,0.0,36.53189999999999,0.027499999999999997,36.5594,37.0575
978,0.3567,0.0022,0.3589,0.0646,0.9938701588186125,0.006129841181387574,20.2734,1.3866,1311.0511,1290.7777,0.0,0.0,0.0,1311.0511000000001,1.3866,1312.4377000000002,1353.9336
979,0.1188,0.0025,0.1213,0.0218,0.9793899422918384,0.020610057708161583,6.6045,1.4707,2203.3172,2196.7127,0.0,0.0,0.0,2203.3172000000004,1.4707,2204.7879000000003,2260.784
980,0.2821,0.0,0.2822,0.0508,0.9996456413890858,0.0,14.9163,0.0294,17.9173,3.001,0.0,0.0,0.0,17.9173,0.0294,17.9467,17.9488
981,0.663,0.0174,0.6804,0.1225,0.9744268077601411,0.025573192239858905,37.1301,10.6526,2772.4184,2735.2883,0.0,0.0,0.0,2772.4184,10.6526,2783.071,2880.5663
982,0.5181,0.001,0.5191,0.0934,0.9980735889038721,0.0019264110961279136,28.3836,0.5975,794.5524,766.1688,0.0,0.0,0.0,794.5523999999998,0.5974999999999999,795.1498999999998,813.649
983,0.3247,0.0,0.3247,0.0584,1.0,0.0,19.026,0.0113,28.0257,8.9997,0.0,0.0,0.0,28.025699999999993,0.0113,28.036999999999992,28.0377
984,0.5134,0.0,0.5134,0.0924,1.0,0.0,28.539,0.021,37.5382,8.9992,0.0,0.0,0.0,37.5382,0.020999999999999994,37.559200000000004,40.5639
985,0.4787,0.0006,0.4794,0.0863,0.9985398414685024,0.0012515644555694616,26.418,0.4072,327.4174,300.9994,0.0,0.0,0.0,327.41740000000004,0.40719999999999995,327.82460000000003,346.8222
986,0.5272,0.0003,0.5274,0.0949,0.9996207811907472,0.0005688282138794084,28.8792,0.1726,107.8786,78.9994,0.0,0.0,0.0,107.8786,0.1726,108.05120000000001,112.0551
987,0.5841,0.0248,0.6089,0.1096,0.9592708162259812,0.04072918377401872,32.7096,15.7807,2877.9254,2845.2158,0.0,0.0,0.0,2877.9254,15.7807,2893.7061,3015.7061
988,0.2013,0.0324,0.2337,0.0421,0.8613607188703467,0.1386392811296534,11.1888,20.2275,2521.3083,2510.1195,0.0,0.0,0.0,2521.3083,20.2275,2541.5358,2727.0396
989,0.4593,0.0005,0.4597,0.0827,0.9991298673047639,0.0010876658690450293,26.1051,0.2779,228.1051,202.0,0.0,0.0,0.0,228.10509999999996,0.2779,228.38299999999995,236.8836
990,0.4949,0.0002,0.4952,0.0891,0.999394184168013,0.0004038772213247173,26.7267,0.1409,138.727,112.0003,0.0,0.0,0.0,138.72699999999995,0.1409,138.86789999999993,140.863
991,0.2448,0.0028,0.2476,0.0446,0.9886914378029079,0.011308562197092085,14.1288,1.792,745.6519,731.5231,0.0,0.0,0.0,745.6519000000001,1.7920000000000003,747.4439000000001,813.9417
992,0.3992,0.0,0.3992,0.0719,1.0,0.0,20.5317,0.0124,24.5324,4.0007,0.0,0.0,0.0,24.532399999999992,0.0124,24.54479999999999,25.0417
993,0.4373,0.0014,0.4387,0.079,0.9968087531342604,0.0031912468657396857,23.9547,0.9788,1646.2628,1622.3081,0.0,0.0,0.0,1646.2627999999997,0.9788000000000001,1647.2415999999998,1698.2445
994,0.4475,0.0002,0.4478,0.0806,0.9993300580616348,0.0004466279589102278,25.4394,0.1388,74.4403,49.0009,0.0,0.0,0.0,74.44030000000001,0.1388,74.57910000000001,77.5823
995,0.2948,0.0091,0.304,0.0547,0.9697368421052632,0.029934210526315792,16.5102,5.68,2530.9051,2514.3949,0.0,0.0,0.0,2530.9051,5.680000000000001,2536.5851,2631.5824
996,0.2372,0.0002,0.2373,0.0427,0.9995785924989464,0.0008428150021070375,13.6878,0.1053,116.688,103.0002,0.0,0.0,0.0,116.68799999999997,0.10529999999999999,116.79329999999997,118.7903
997,0.2864,0.0023,0.2888,0.052,0.9916897506925207,0.00796398891966759,15.9222,1.4989,1341.293,1325.3708,0.0,0.0,0.0,1341.293,1.4989000000000001,1342.7919,1387.2897
998,0.192,0.0007,0.1927,0.0347,0.9963674104826155,0.0036325895173845353,10.5966,0.4428,1064.5981,1054.0015,0.0,0.0,0.0,1064.5981000000002,0.44279999999999997,1065.0409000000002,1094.5385
999,0.1947,0.003,0.1977,0.0356,0.984825493171472,0.015174506828528073,10.9032,1.8684,2146.3158,2135.4126,0.0,0.0,0.0,2146.3158000000003,1.8684000000000003,2148.1842,2199.683
1000,0.3712,0.0,0.3712,0.0668,1.0,0.0,19.0911,0.0169,27.0908,7.9997,0.0,0.0,0.0,27.090799999999994,0.016900000000000002,27.107699999999994,28.1111
1001,0.575,0.0,0.575,0.1035,1.0,0.0,32.4387,0.0195,32.4387,0.0,0.0,0.0,0.0,32.4387,0.0195,32.4582,32.9596
1002,0.1336,0.0032,0.1368,0.0246,0.9766081871345028,0.023391812865497075,7.2681,1.9953,2477.8757,2470.6076,0.0,0.0,0.0,2477.8757000000005,1.9953,2479.8710000000005,2548.869
1003,0.1473,0.0019,0.1493,0.0269,0.9866041527126591,0.012726054922973878,8.2509,1.2504,775.1089,766.858,0.0,0.0,0.0,775.1089000000002,1.2504,776.3593000000002,809.3567
1004,0.2183,0.0065,0.2248,0.0405,0.9710854092526691,0.028914590747330958,11.7054,4.1181,2180.7288,2169.0234,0.0,0.0,0.0,2180.7288,4.1181,2184.8469,2286.3427
1005,0.2152,0.0004,0.2156,0.0388,0.9981447124304267,0.0018552875695732839,11.4555,0.2869,233.4546,221.9991,0.0,0.0,0.0,233.45460000000003,0.2869,233.74150000000003,238.2365
1006,0.1133,0.0006,0.1138,0.0205,0.9956063268892794,0.005272407732864674,6.342,0.3556,850.8456,844.5036,0.0,0.0,0.0,850.8456000000001,0.3555999999999999,851.2012000000001,886.7061
1007,0.4832,0.0,0.4832,0.087,1.0,0.0,25.368,0.0213,43.3677,17.9997,0.0,0.0,0.0,43.36769999999999,0.021299999999999996,43.38899999999999,43.3846
1008,0.4373,0.0053,0.4426,0.0797,0.9880253050158156,0.011974694984184365,23.9547,3.2306,2371.6354,2347.6807,0.0,0.0,0.0,2371.6354,3.2306000000000004,2374.866,2482.8618
1009,0.6662,0.0315,0.6976,0.1256,0.9549885321100917,0.04515481651376147,36.4938,20.2993,2904.3077,2867.8139,0.0,0.0,0.0,2904.3076999999994,20.299300000000006,2924.6069999999995,3032.6074
1010,0.2499,0.0,0.2499,0.045,1.0,0.0,13.6878,0.0131,22.6879,9.0001,0.0,0.0,0.0,22.687900000000003,0.013099999999999997,22.701000000000004,22.6999
1011,0.5798,0.0002,0.58,0.1044,0.9996551724137931,0.0003448275862068966,32.7096,0.1255,161.7087,128.9991,0.0,0.0,0.0,161.70870000000002,0.12550000000000003,161.8342,168.3361
1012,0.3057,0.0,0.3058,0.055,0.999672988881622,0.0,16.5102,0.0236,50.5112,34.001,0.0,0.0,0.0,50.5112,0.0236,50.534800000000004,50.5389
1013,0.2152,0.0031,0.2183,0.0393,0.9857993586807147,0.014200641319285386,11.4555,2.002,1678.5636,1667.1081,0.0,0.0,0.0,1678.5635999999997,2.0020000000000002,1680.5655999999997,1714.5694
1014,0.1833,0.0012,0.1845,0.0332,0.9934959349593495,0.006504065040650406,10.2669,0.7593,1228.7241,1218.4572,0.0,0.0,0.0,1228.7241000000001,0.7593,1229.4834,1266.4838
1015,0.2292,0.0043,0.2335,0.042,0.9815845824411134,0.01841541755888651,12.3774,2.6735,2139.1772,2126.7998,0.0,0.0,0.0,2139.1772000000005,2.6735,2141.8507000000004,2174.8483
1016,0.3643,0.0001,0.3644,0.0656,0.9997255762897914,0.00027442371020856203,19.8135,0.0466,53.8131,33.9996,0.0,0.0,0.0,53.813100000000006,0.0466,53.859700000000004,55.3607
1017,0.2028,0.0263,0.2291,0.0412,0.8852029681361852,0.11479703186381493,11.1888,16.806,1379.1229,1367.9341,0.0,0.0,0.0,1379.1228999999998,16.806,1395.9288999999999,1598.9302
1018,0.2145,0.0002,0.2146,0.0386,0.999534016775396,0.0009319664492078285,12.3774,0.0941,73.376,60.9986,0.0,0.0,0.0,73.37599999999999,0.09410000000000002,73.47009999999999,73.9689
1019,0.5937,0.0076,0.6013,0.1082,0.9873607184433728,0.012639281556627309,33.0036,4.7979,995.4264,962.4228,0.0,0.0,0.0,995.4264,4.7979,1000.2243,1089.2265
1020,0.2909,0.0001,0.291,0.0524,0.9996563573883162,0.0003436426116838488,15.2733,0.0349,27.2725,11.9992,0.0,0.0,0.0,27.272499999999997,0.0349,27.307399999999998,28.3045
1021,0.2106,0.0003,0.2108,0.0379,0.9990512333965845,0.0014231499051233396,11.7054,0.1522,74.7049,62.9995,0.0,0.0,0.0,74.7049,0.1522,74.85709999999999,78.3526
1022,0.5096,0.0003,0.5099,0.0918,0.9994116493430085,0.0005883506569915669,28.539,0.1825,162.5384,133.9994,0.0,0.0,0.0,162.53840000000002,0.18249999999999997,162.72090000000003,170.7196
1023,0.3173,0.0004,0.3177,0.0572,0.9987409505823105,0.0012590494176896445,18.1713,0.2371,407.7263,389.555,0.0,0.0,0.0,407.7262999999999,0.2371,407.9633999999999,415.4656
1024,0.5635,0.006,0.5695,0.1025,0.9894644424934153,0.010535557506584723,31.7898,3.7253,1902.9099,1871.1201,0.0,0.0,0.0,1902.9098999999997,3.7253,1906.6351999999997,1951.1362
1025,0.3964,0.0,0.3964,0.0714,1.0,0.0,23.4108,0.0188,34.4103,10.9995,0.0,0.0,0.0,34.4103,0.018799999999999997,34.4291,34.9293
1026,0.1342,0.0063,0.1405,0.0253,0.9551601423487545,0.04483985765124555,7.4592,4.0924,2488.1949,2480.7357,0.0,0.0,0.0,2488.194900000001,4.0924,2492.287300000001,2565.2859
1027,0.1901,0.0001,0.1903,0.0342,0.9989490278507619,0.0005254860746190226,10.2669,0.0911,140.2663,129.9994,0.0,0.0,0.0,140.2663,0.09109999999999999,140.3574,142.8573
1028,0.3247,0.0204,0.3451,0.0621,0.9408866995073891,0.05911330049261084,17.661,13.3929,2711.6572,2693.9962,0.0,0.0,0.0,2711.6571999999996,13.3929,2725.0500999999995,2884.0458
1029,0.3247,0.0014,0.3261,0.0587,0.9957068383931309,0.004293161606869059,17.661,0.8643,1577.3795,1559.7185,0.0,0.0,0.0,1577.3794999999996,0.8643000000000001,1578.2437999999995,1640.746
1030,0.248,0.0001,0.2481,0.0447,0.9995969367190649,0.00040306328093510683,14.5362,0.0322,26.5373,12.0011,0.0,0.0,0.0,26.5373,0.03219999999999999,26.569499999999998,26.5681
1031,0.1517,0.0,0.1517,0.0273,1.0,0.0,8.2509,0.0223,22.2509,14.0,0.0,0.0,0.0,22.250900000000005,0.0223,22.273200000000006,22.2718
1032,0.1288,0.0215,0.1503,0.0271,0.8569527611443779,0.1430472388556221,7.2681,13.3058,2585.3818,2578.1137,0.0,0.0,0.0,2585.381800000001,13.305800000000001,2598.687600000001,2719.1897
1033,0.3905,0.0001,0.3906,0.0703,0.9997439836149514,0.0002560163850486431,22.197,0.0852,49.1969,26.9999,0.0,0.0,0.0,49.196900000000014,0.0852,49.282100000000014,49.2859
1034,0.3836,0.0009,0.3845,0.0692,0.9976592977893368,0.0023407022106631988,21.8064,0.5287,497.6232,475.8168,0.0,0.0,0.0,497.6232,0.5287,498.1519,520.1541
1035,0.4084,0.0002,0.4087,0.0736,0.9992659652556887,0.0004893564962074871,22.3755,0.1347,155.3759,133.0004,0.0,0.0,0.0,155.37589999999994,0.1347,155.51059999999995,157.0081
1036,0.5728,0.0019,0.5747,0.1034,0.9966939272663998,0.003306072733600139,31.8423,1.1526,1244.4722,1212.6299,0.0,0.0,0.0,1244.4722,1.1526,1245.6247999999998,1269.1199
1037,0.4902,0.0,0.4902,0.0882,1.0,0.0,27.8628,0.0216,28.8626,0.9998,0.0,0.0,0.0,28.862599999999993,0.021599999999999998,28.884199999999993,28.8851
1038,0.1401,0.001,0.1411,0.0254,0.9929128277817151,0.007087172218284904,7.9611,0.6481,511.6967,503.7356,0.0,0.0,0.0,511.6966999999999,0.6481,512.3448,539.8428
1039,0.2292,0.0001,0.2293,0.0413,0.9995638901003052,0.0004361098996947231,12.3774,0.0789,66.3764,53.999,0.0,0.0,0.0,66.3764,0.0789,66.45530000000001,70.9573
1040,0.4949,0.0145,0.5095,0.0917,0.9713444553483809,0.028459273797841026,26.7267,9.512,2247.8082,2221.0815,0.0,0.0,0.0,2247.8082000000004,9.512,2257.3202000000006,2384.3239
1041,0.2426,0.0,0.2426,0.0437,1.0,0.0,13.6878,0.0129,22.688,9.0002,0.0,0.0,0.0,22.688000000000006,0.012899999999999998,22.700900000000004,22.6962
1042,0.1491,0.0093,0.1584,0.0285,0.9412878787878788,0.0587121212121212,8.1102,5.9887,2429.0158,2420.9056,0.0,0.0,0.0,2429.0158,5.9887,2435.0045,2509.001
1043,0.4391,0.0017,0.4408,0.0794,0.9961433756805806,0.0038566243194192375,23.8833,1.1518,698.6301,674.7468,0.0,0.0,0.0,698.6301,1.1518,699.7819,732.7822
1044,0.25,0.0002,0.2501,0.045,0.9996001599360256,0.0007996801279488206,14.5362,0.1172,80.537,66.0008,0.0,0.0,0.0,80.537,0.11720000000000001,80.6542,80.6576
1045,0.2446,0.0,0.2447,0.044,0.9995913363302003,0.0,13.209,0.0277,30.2088,16.9998,0.0,0.0,0.0,30.208800000000007,0.027700000000000002,30.236500000000007,33.2326
1046,0.5172,0.0001,0.5173,0.0931,0.9998066885752949,0.0001933114247052001,28.539,0.0942,93.5384,64.9994,0.0,0.0,0.0,93.53839999999998,0.0942,93.63259999999998,94.6277
1047,0.2042,0.0226,0.2268,0.0408,0.9003527336860669,0.09964726631393298,11.1888,14.2376,2570.7109,2559.5221,0.0,0.0,0.0,2570.7109,14.2376,2584.9485,2702.4454
1048,0.2948,0.0025,0.2973,0.0535,0.9915909855364952,0.008409014463504878,16.5102,1.5615,1147.259,1130.7488,0.0,0.0,0.0,1147.2589999999998,1.5614999999999999,1148.8204999999998,1193.816
1049,0.1983,0.0001,0.1984,0.0357,0.9994959677419355,0.0005040322580645162,10.2669,0.0497,29.2658,18.9989,0.0,0.0,0.0,29.2658,0.04970000000000001,29.3155,29.3132
1050,0.3656,0.0046,0.3702,0.0666,0.9875742841707186,0.01242571582928147,20.6283,3.0725,1913.7777,1893.1494,0.0,0.0,0.0,1913.7777,3.0725,1916.8502,1965.8533
1051,0.199,0.024,0.223,0.0401,0.8923766816143498,0.10762331838565023,10.9032,15.1883,2218.4984,2207.5952,0.0,0.0,0.0,2218.4984,15.1883,2233.6866999999997,2351.6818
1052,0.3613,0.0144,0.3757,0.0676,0.961671546446633,0.03832845355336705,19.509,9.4056,2404.4757,2384.9667,0.0,0.0,0.0,2404.4757,9.4056,2413.8813,2476.3771
1053,0.6827,0.01,0.6927,0.1247,0.985563736105096,0.014436263894904,37.1301,6.2217,2416.1515,2379.0214,0.0,0.0,0.0,2416.1514999999995,6.221700000000002,2422.3731999999995,2459.8769
1054,0.4328,0.0002,0.433,0.0779,0.9995381062355658,0.0004618937644341802,23.8833,0.1394,118.8825,94.9992,0.0,0.0,0.0,118.88250000000002,0.13939999999999997,119.02190000000002,120.5237
1055,0.4975,0.0017,0.4993,0.0899,0.9963949529341077,0.0034047666733426794,27.8628,1.0453,721.3928,693.53,0.0,0.0,0.0,721.3928000000002,1.0453,722.4381000000002,765.4415
1056,0.1162,0.0,0.1162,0.0209,1.0,0.0,6.6045,0.023,26.6042,19.9997,0.0,0.0,0.0,26.604199999999995,0.022999999999999996,26.627199999999995,26.629
1057,0.6445,0.0044,0.6489,0.1168,0.9932192941901679,0.006780705809832023,35.8239,2.8167,925.7198,889.8959,0.0,0.0,0.0,925.7198000000002,2.8167,928.5365000000002,1002.533
1058,0.3409,0.0173,0.3582,0.0645,0.9517029592406476,0.04829704075935231,19.0911,10.5729,1386.0373,1366.9462,0.0,0.0,0.0,1386.0373000000004,10.5729,1396.6102000000003,1464.6077
1059,0.4949,0.0161,0.511,0.092,0.9684931506849315,0.03150684931506849,26.7267,10.1042,2589.2939,2562.5672,0.0,0.0,0.0,2589.2939,10.104200000000002,2599.3981000000003,2706.8957
1060,0.6192,0.0001,0.6192,0.1115,1.0,0.00016149870801033592,31.8423,0.0373,54.8434,23.0011,0.0,0.0,0.0,54.8434,0.03729999999999999,54.880700000000004,58.3832
1061,0.3341,0.0241,0.3582,0.0645,0.9327191513121161,0.06728084868788387,18.1713,14.9553,2807.4345,2789.2632,0.0,0.0,0.0,2807.4345,14.9553,2822.3898,2898.3898
1062,0.5181,0.0076,0.5257,0.0946,0.9855430854099297,0.014456914590070384,28.3836,5.1425,2532.0068,2503.6232,0.0,0.0,0.0,2532.0067999999997,5.1425,2537.1492999999996,2588.6488
1063,0.2542,0.0114,0.2656,0.0478,0.957078313253012,0.04292168674698795,14.1288,7.1692,1757.5887,1743.4599,0.0,0.0,0.0,1757.5887,7.1692,1764.7579,1860.753
1064,0.5574,0.0163,0.5737,0.1033,0.9715879379466621,0.028412062053337978,31.2144,10.6402,2614.2278,2583.0134,0.0,0.0,0.0,2614.2277999999997,10.640199999999998,2624.8679999999995,2712.365
1065,0.4233,0.0019,0.4252,0.0765,0.9955315145813735,0.004468485418626529,23.8833,1.2754,905.5819,881.6986,0.0,0.0,0.0,905.5819,1.2754,906.8573,957.3551
1066,0.1878,0.0001,0.1879,0.0338,0.9994678020223522,0.0005321979776476849,10.5966,0.052,31.5968,21.0002,0.0,0.0,0.0,31.596799999999998,0.052,31.648799999999998,32.1443
1067,0.2198,0.0002,0.2199,0.0396,0.9995452478399272,0.0009095043201455207,12.684,0.0945,154.6836,141.9996,0.0,0.0,0.0,154.68360000000004,0.0945,154.77810000000005,156.7733
1068,0.5744,0.0024,0.5768,0.1038,0.9958391123439668,0.004160887656033287,30.7986,1.5568,1542.8987,1512.1001,0.0,0.0,0.0,1542.8987,1.5567999999999997,1544.4555,1604.4508
1069,0.1528,0.0343,0.1871,0.0337,0.8166755745590594,0.18332442544094066,8.2509,21.3541,2780.7462,2772.4953,0.0,0.0,0.0,2780.7461999999987,21.354100000000003,2802.1002999999987,2915.6048
1070,0.1452,0.0,0.1452,0.0261,1.0,0.0,8.2509,0.021,8.251,0.0001,0.0,0.0,0.0,8.251000000000001,0.021000000000000005,8.272000000000002,8.7689
1071,0.1966,0.0001,0.1968,0.0354,0.9989837398373983,0.0005081300813008131,11.7054,0.0775,19.705,7.9996,0.0,0.0,0.0,19.705000000000005,0.07750000000000001,19.782500000000006,20.2797
1072,0.5728,0.0171,0.59,0.1062,0.9708474576271187,0.028983050847457628,31.8423,10.5333,2451.7232,2419.8809,0.0,0.0,0.0,2451.7232,10.5333,2462.2565,2507.761
1073,0.3981,0.0001,0.3982,0.0717,0.9997488699146158,0.00025113008538422905,21.1932,0.0531,48.1935,27.0003,0.0,0.0,0.0,48.1935,0.0531,48.2466,48.2449
1074,0.5181,0.0342,0.5523,0.0994,0.9380771319934817,0.061922868006518195,28.3836,23.0131,2457.9744,2429.5908,0.0,0.0,0.0,2457.9744,23.0131,2480.9875,2624.4917
1075,0.2768,0.0001,0.2768,0.0498,1.0,0.00036127167630057807,15.2733,0.0316,55.273,39.9997,0.0,0.0,0.0,55.272999999999996,0.0316,55.30459999999999,55.3017
1076,0.4219,0.0099,0.4319,0.0777,0.9768464922435749,0.02292197267886085,23.1147,6.4464,2520.729,2497.6143,0.0,0.0,0.0,2520.729,6.446400000000001,2527.1753999999996,2599.677
1077,0.147,0.0043,0.1513,0.0272,0.9715796430931923,0.028420356906807668,8.1102,2.7904,1120.3961,1112.2859,0.0,0.0,0.0,1120.3961,2.7904000000000004,1123.1865,1159.1871
1078,0.3333,0.0008,0.3341,0.0601,0.9976055073331337,0.002394492666866208,19.0911,0.4998,645.1517,626.0606,0.0,0.0,0.0,645.1516999999999,0.4998,645.6514999999999,659.6509
1079,0.6188,0.0001,0.619,0.1114,0.9996768982229403,0.00016155088852988692,37.1301,0.077,37.1293,0.0,0.0,0.0,0.0,37.12929999999999,0.077,37.20629999999999,37.2092
1080,0.2044,0.0335,0.2379,0.0428,0.8591845313156788,0.14081546868432115,11.7054,20.8028,2225.1404,2213.435,0.0,0.0,0.0,2225.1403999999998,20.8028,2245.9431999999997,2328.4439
1081,0.3856,0.0,0.3857,0.0694,0.9997407311381903,0.0,20.5317,0.0129,21.5321,1.0004,0.0,0.0,0.0,21.532099999999993,0.0129,21.54499999999999,21.5483
1082,0.6,0.0001,0.6001,0.108,0.9998333611064822,0.00016663889351774705,34.3644,0.0716,59.3638,24.9994,0.0,0.0,0.0,59.363800000000005,0.0716,59.4354,59.9353
1083,0.1177,0.0001,0.1178,0.0212,0.999151103565365,0.0008488964346349745,7.0644,0.0559,33.0646,26.0002,0.0,0.0,0.0,33.0646,0.0559,33.1205,33.1197
1084,0.5698,0.0002,0.57,0.1026,0.9996491228070176,0.00035087719298245617,31.2144,0.1261,56.2137,24.9993,0.0,0.0,0.0,56.2137,0.1261,56.339800000000004,56.843
1085,0.4486,0.0359,0.4844,0.0872,0.926094137076796,0.07411230388109001,24.7527,22.6177,2561.9874,2537.2347,0.0,0.0,0.0,2561.9873999999995,22.6177,2584.6050999999993,2672.6065
1086,0.1821,0.0,0.1821,0.0328,1.0,0.0,9.9057,0.0119,34.9062,25.0005,0.0,0.0,0.0,34.9062,0.011899999999999999,34.918099999999995,34.9219
1087,0.299,0.009,0.308,0.0554,0.9707792207792207,0.02922077922077922,16.5018,5.6429,2792.3924,2775.8906,0.0,0.0,0.0,2792.3924,5.6429,2798.0353,2837.5393
1088,0.1998,0.0129,0.2127,0.0383,0.9393511988716502,0.06064880112834979,11.1888,8.3049,2075.9283,2064.7395,0.0,0.0,0.0,2075.9283,8.3049,2084.2332,2151.7339
1089,0.1375,0.0,0.1375,0.0247,1.0,0.0,7.2681,0.0135,56.2685,49.0004,0.0,0.0,0.0,56.26850000000001,0.013500000000000002,56.28200000000001,56.2784
1090,0.4576,0.003,0.4606,0.0829,0.9934867564046895,0.006513243595310464,25.4394,1.8752,1410.6513,1385.2119,0.0,0.0,0.0,1410.6513,1.8752,1412.5265,1453.026
1091,0.1484,0.0053,0.1537,0.0277,0.9655172413793104,0.034482758620689655,8.2509,3.3446,1605.311,1597.0601,0.0,0.0,0.0,1605.3110000000001,3.3445999999999994,1608.6556,1658.653
1092,0.2077,0.0004,0.208,0.0374,0.9985576923076923,0.0019230769230769232,10.9032,0.2198,79.9031,68.9999,0.0,0.0,0.0,79.90309999999998,0.21980000000000005,80.12289999999999,80.6186
1093,0.6182,0.0065,0.6247,0.1124,0.9895950056026892,0.010404994397310708,34.3644,3.9969,2720.1879,2685.8235,0.0,0.0,0.0,2720.1878999999994,3.9969,2724.1847999999995,2763.1858
1094,0.2161,0.0005,0.2166,0.039,0.9976915974145891,0.0023084025854108957,12.3774,0.3307,137.3767,124.9993,0.0,0.0,0.0,137.3767,0.3306999999999999,137.7074,142.2026
1095,0.4787,0.0089,0.4877,0.0878,0.9815460323969654,0.01824892351855649,26.418,5.4491,2391.752,2365.334,0.0,0.0,0.0,2391.752,5.4491,2397.2010999999998,2442.7033
1096,0.1861,0.0049,0.1909,0.0344,0.9748559455212154,0.02566788894709272,10.2669,3.2185,2671.7837,2661.5168,0.0,0.0,0.0,2671.7836999999995,3.2185000000000006,2675.0021999999994,2708.9978
1097,0.4613,0.0026,0.4639,0.0835,0.9943953438241,0.005604656175899978,26.418,1.6702,2162.4704,2136.0524,0.0,0.0,0.0,2162.4703999999992,1.6702000000000001,2164.1405999999993,2189.6397
1098,0.6182,0.0063,0.6245,0.1124,0.9899119295436348,0.010088070456365091,34.3644,3.9163,2329.6068,2295.2424,0.0,0.0,0.0,2329.6068,3.9162999999999997,2333.5231,2394.5262
1099,0.1153,0.0,0.1154,0.0208,0.9991334488734835,0.0,6.6045,0.0233,30.6044,23.9999,0.0,0.0,0.0,30.604399999999995,0.023299999999999998,30.627699999999994,30.6301
1100,0.2358,0.0,0.2358,0.0424,1.0,0.0,12.3774,0.0197,62.3765,49.9991,0.0,0.0,0.0,62.3765,0.019700000000000002,62.3962,62.3919
1101,0.403,0.0001,0.4031,0.0726,0.9997519225998511,0.00024807740014884643,22.9089,0.0324,50.9091,28.0002,0.0,0.0,0.0,50.90909999999999,0.032400000000000005,50.94149999999999,50.9418
1102,0.1636,0.0003,0.1639,0.0295,0.9981696156192801,0.0018303843807199512,9.513,0.1699,180.5128,170.9998,0.0,0.0,0.0,180.51280000000003,0.1699,180.68270000000004,187.1846
1103,0.6634,0.0185,0.6819,0.1227,0.9728699222759936,0.027130077724006454,35.8239,11.4751,2124.9003,2089.0764,0.0,0.0,0.0,2124.9003000000002,11.4751,2136.3754000000004,2214.8793
1104,0.3146,0.0025,0.3171,0.0571,0.9921160517187008,0.007883948281299276,17.1108,1.5962,1190.5508,1173.44,0.0,0.0,0.0,1190.5508,1.5961999999999998,1192.147,1245.6518
1105,0.1302,0.0123,0.1425,0.0257,0.913684210526316,0.08631578947368422,7.4592,8.2086,1772.5085,1765.0493,0.0,0.0,0.0,1772.5085,8.2086,1780.7170999999998,1851.2159
1106,0.3359,0.0009,0.3367,0.0606,0.9976239976239976,0.002673002673002673,19.0911,0.513,590.0299,570.9388,0.0,0.0,0.0,590.0299,0.513,590.5429,626.5468
1107,0.5086,0.0009,0.5096,0.0917,0.9980376766091051,0.0017660910518053374,27.8628,0.6103,1287.1198,1259.257,0.0,0.0,0.0,1287.1198000000002,0.6103000000000001,1287.7301000000002,1314.231
1108,0.1795,0.0007,0.1802,0.0324,0.9961154273029966,0.00388457269700333,9.9057,0.4113,375.9965,366.0908,0.0,0.0,0.0,375.99649999999986,0.4113,376.40779999999984,392.9032
1109,0.5031,0.0003,0.5034,0.0906,0.999404052443385,0.0005959475566150178,28.3836,0.1764,147.3836,119.0,0.0,0.0,0.0,147.3836,0.1764,147.56,153.064
1110,0.2759,0.0,0.2759,0.0497,1.0,0.0,15.9222,0.0193,22.9219,6.9997,0.0,0.0,0.0,22.921899999999994,0.019299999999999998,22.941199999999995,23.9406
1111,0.1397,0.0001,0.1398,0.0252,0.9992846924177395,0.000715307582260372,8.2509,0.0832,24.251,16.0001,0.0,0.0,0.0,24.251,0.08320000000000001,24.334200000000003,24.8294
1112,0.2939,0.001,0.295,0.0531,0.996271186440678,0.0033898305084745766,16.2204,0.6412,546.0364,529.816,0.0,0.0,0.0,546.0364,0.6412,546.6776,583.1775
1113,0.5615,0.0002,0.5618,0.1011,0.9994660021359915,0.000355998576005696,31.2144,0.1342,124.2133,92.9989,0.0,0.0,0.0,124.2133,0.1342,124.34750000000001,126.8462
1114,0.1424,0.0001,0.1425,0.0257,0.9992982456140351,0.0007017543859649123,7.6356,0.0698,47.6364,40.0008,0.0,0.0,0.0,47.6364,0.0698,47.7062,47.7063
1115,0.2462,0.0052,0.2514,0.0453,0.979315831344471,0.020684168655529037,13.6878,3.2643,2759.8725,2746.1847,0.0,0.0,0.0,2759.8725,3.2643,2763.1367999999998,2811.1365
1116,0.3528,0.0003,0.353,0.0635,0.9994334277620397,0.0008498583569405099,19.9017,0.1624,87.9019,68.0002,0.0,0.0,0.0,87.90189999999998,0.1624,88.06429999999999,88.0616
1117,0.453,0.0043,0.4573,0.0823,0.9905969822873388,0.009403017712661273,25.368,2.728,1503.7946,1478.4266,0.0,0.0,0.0,1503.7945999999997,2.728,1506.5225999999998,1552.0251
1118,0.1834,0.0002,0.1836,0.033,0.9989106753812635,0.0010893246187363833,9.9057,0.0975,73.9066,64.0009,0.0,0.0,0.0,73.9066,0.09749999999999999,74.0041,76.0047
1119,0.5698,0.0005,0.5703,0.1027,0.9991232684551989,0.000876731544800982,31.2144,0.3351,103.2135,71.9991,0.0,0.0,0.0,103.2135,0.33510000000000006,103.5486,105.5496
1120,0.6951,0.0001,0.6952,0.1251,0.9998561565017261,0.00014384349827387802,36.4938,0.0491,42.4936,5.9998,0.0,0.0,0.0,42.4936,0.049100000000000005,42.5427,42.5408
1121,0.4671,0.0003,0.4674,0.0841,0.9993581514762516,0.0006418485237483953,27.3756,0.2066,181.3761,154.0005,0.0,0.0,0.0,181.37609999999995,0.20659999999999998,181.58269999999996,188.5792
1122,0.6483,0.0003,0.6486,0.1167,0.9995374653098983,0.0004625346901017576,37.1301,0.1724,170.1291,132.999,0.0,0.0,0.0,170.1291,0.1724,170.3015,170.7977
1123,0.3384,0.0005,0.3389,0.061,0.9985246385364415,0.001475361463558572,19.0911,0.3043,430.8115,411.7204,0.0,0.0,0.0,430.8115,0.30430000000000007,431.11580000000004,449.1202
1124,0.3574,0.0001,0.3576,0.0644,0.999440715883669,0.00027964205816554815,20.6283,0.0917,39.6274,18.9991,0.0,0.0,0.0,39.6274,0.09170000000000002,39.719100000000005,41.2145
1125,0.1298,0.022,0.1518,0.0273,0.855072463768116,0.14492753623188406,7.2681,14.2925,1928.1353,1920.8672,0.0,0.0,0.0,1928.1352999999997,14.292499999999997,1942.4277999999997,2076.929
1126,0.4851,0.0001,0.4852,0.0873,0.9997938994229183,0.00020610057708161583,28.8792,0.0464,40.8784,11.9992,0.0,0.0,0.0,40.878400000000006,0.046400000000000004,40.924800000000005,40.9261
1127,0.5459,0.0049,0.5508,0.0991,0.9911038489469863,0.008896151053013798,30.7986,2.9356,2231.8335,2201.0349,0.0,0.0,0.0,2231.8334999999997,2.9356,2234.7690999999995,2323.2713
1128,0.2106,0.0001,0.2106,0.0379,1.0,0.0004748338081671415,10.9032,0.0496,39.9029,28.9997,0.0,0.0,0.0,39.90289999999999,0.0496,39.952499999999986,41.4478
1129,0.1332,0.0257,0.1589,0.0286,0.8382630585273757,0.1617369414726243,7.4592,16.8724,2526.1227,2518.6635,0.0,0.0,0.0,2526.1227,16.872400000000003,2542.9951,2644.4914
1130,0.2221,0.0001,0.2221,0.04,1.0,0.00045024763619991,12.1653,0.0392,70.1648,57.9995,0.0,0.0,0.0,70.16480000000003,0.0392,70.20400000000002,70.1997
1131,0.3793,0.0021,0.3814,0.0686,0.9944939695857368,0.00550603041426324,20.6283,1.363,1585.3206,1564.6923,0.0,0.0,0.0,1585.3205999999998,1.363,1586.6835999999998,1618.1858
1132,0.5683,0.0,0.5683,0.1023,1.0,0.0,29.8347,0.0305,49.8346,19.9999,0.0,0.0,0.0,49.83459999999998,0.030500000000000003,49.865099999999984,49.8685
1133,0.4773,0.0284,0.5056,0.091,0.9440268987341771,0.05617088607594937,26.7267,17.8135,997.0215,970.2948,0.0,0.0,0.0,997.0214999999998,17.813499999999998,1014.8349999999998,1142.8381
1134,0.5501,0.0001,0.5502,0.099,0.999818247909851,0.0001817520901490367,28.8792,0.0873,69.8783,40.9991,0.0,0.0,0.0,69.87830000000002,0.0873,69.96560000000002,69.9662
1135,0.4564,0.0022,0.4585,0.0825,0.9954198473282442,0.004798255179934569,25.368,1.3856,1449.2858,1423.9178,0.0,0.0,0.0,1449.2858000000006,1.3855999999999997,1450.6714000000006,1481.1714
1136,0.139,0.0001,0.1391,0.025,0.9992810927390368,0.0007189072609633358,7.9611,0.0686,47.9609,39.9998,0.0,0.0,0.0,47.9609,0.0686,48.0295,48.5324
1137,0.2486,0.0014,0.25,0.045,0.9944,0.0056,14.1288,0.919,576.4387,562.3099,0.0,0.0,0.0,576.4387,0.9189999999999999,577.3577,617.8566
1138,0.2752,0.0,0.2752,0.0495,1.0,0.0,16.5102,0.0201,26.5109,10.0007,0.0,0.0,0.0,26.5109,0.0201,26.531,27.036
1139,0.3191,0.0052,0.3243,0.0584,0.9839654640764725,0.016034535923527597,17.1108,3.1609,2447.2409,2430.1301,0.0,0.0,0.0,2447.2409,3.1609,2450.4017999999996,2518.8993
1140,0.3123,0.0006,0.3129,0.0563,0.9980824544582935,0.0019175455417066152,17.1108,0.3787,441.4633,424.3525,0.0,0.0,0.0,441.4633,0.3787,441.842,482.8412
1141,0.4627,0.0121,0.4748,0.0855,0.9745155855096883,0.02548441449031171,26.1051,7.4199,2437.9815,2411.8764,0.0,0.0,0.0,2437.9815,7.4199,2445.4013999999997,2528.4048
1142,0.1298,0.0001,0.1299,0.0234,0.9992301770592764,0.0007698229407236336,7.2681,0.0561,23.2689,16.0008,0.0,0.0,0.0,23.2689,0.056100000000000004,23.325,23.3219
1143,0.4745,0.0001,0.4746,0.0854,0.9997892962494731,0.00021070375052675939,25.4394,0.0543,125.4397,100.0003,0.0,0.0,0.0,125.43969999999999,0.0543,125.49399999999999,126.9965
1144,0.4009,0.0002,0.401,0.0722,0.9997506234413964,0.0004987531172069825,21.1932,0.1124,32.1935,11.0003,0.0,0.0,0.0,32.1935,0.11239999999999999,32.3059,35.3105
1145,0.5615,0.029,0.5905,0.1063,0.9508890770533446,0.04911092294665538,31.2144,18.381,2615.3373,2584.1229,0.0,0.0,0.0,2615.3373,18.381,2633.7183,2719.2179
1146,0.4696,0.0035,0.4731,0.0852,0.9926019868949482,0.007398013105051786,26.1051,2.2283,1814.7471,1788.642,0.0,0.0,0.0,1814.7470999999996,2.2282999999999995,1816.9753999999996,1870.9718
1147,0.5616,0.0018,0.5634,0.1014,0.9968051118210862,0.003194888178913738,30.5445,1.1459,728.6247,698.0802,0.0,0.0,0.0,728.6247000000002,1.1459,729.7706000000002,773.2717
1148,0.299,0.0005,0.2995,0.0539,0.998330550918197,0.001669449081803005,16.5018,0.3128,81.5018,65.0,0.0,0.0,0.0,81.50179999999997,0.31279999999999997,81.81459999999997,83.3141
1149,0.3341,0.0008,0.3349,0.0603,0.9976112272320097,0.002388772767990445,18.1713,0.4869,877.2127,859.0414,0.0,0.0,0.0,877.2127,0.48690000000000005,877.6996,918.703
1150,0.5928,0.0064,0.5992,0.1079,0.9893190921228305,0.01068090787716956,32.7096,4.0765,1390.5303,1357.8207,0.0,0.0,0.0,1390.5303000000001,4.076499999999999,1394.6068,1444.6052
1151,0.2667,0.0004,0.2671,0.0481,0.9985024335454885,0.001497566454511419,15.2733,0.2718,111.273,95.9997,0.0,0.0,0.0,111.27299999999998,0.2718,111.54479999999998,114.5429
1152,0.2168,0.0277,0.2445,0.044,0.8867075664621676,0.1132924335378323,11.7054,17.6538,2575.9001,2564.1947,0.0,0.0,0.0,2575.9001000000003,17.6538,2593.5539000000003,2684.0568
1153,0.6227,0.0263,0.6491,0.1168,0.9593283007240795,0.04051763980896626,34.3644,16.6282,2694.3281,2659.9637,0.0,0.0,0.0,2694.3280999999997,16.6282,2710.9563,2877.9594
1154,0.2152,0.0002,0.2154,0.0388,0.9990714948932219,0.0009285051067780873,11.7054,0.1373,138.7047,126.9993,0.0,0.0,0.0,138.7047,0.1373,138.842,142.3437
1155,0.663,0.0005,0.6635,0.1194,0.9992464204973626,0.0007535795026375283,37.1301,0.3185,82.1297,44.9996,0.0,0.0,0.0,82.12970000000001,0.3184999999999999,82.44820000000001,85.9463
1156,0.425,0.0,0.425,0.0765,1.0,0.0,23.1147,0.0108,45.115,22.0003,0.0,0.0,0.0,45.115000000000016,0.010799999999999997,45.12580000000002,45.1239
1157,0.575,0.001,0.576,0.1037,0.9982638888888888,0.0017361111111111112,32.4387,0.66,525.9506,493.5119,0.0,0.0,0.0,525.9506,0.66,526.6106,562.1058
1158,0.2289,0.0002,0.229,0.0412,0.9995633187772925,0.0008733624454148472,13.209,0.0919,107.2089,93.9999,0.0,0.0,0.0,107.20890000000001,0.09189999999999998,107.30080000000001,108.3016
1159,0.129,0.0023,0.1312,0.0236,0.9832317073170731,0.017530487804878047,7.0644,1.4452,2170.8905,2163.8261,0.0,0.0,0.0,2170.8905,1.4452000000000003,2172.3357,2234.8339
1160,0.2124,0.0086,0.221,0.0398,0.9610859728506788,0.03891402714932127,12.1653,5.4792,2266.6865,2254.5212,0.0,0.0,0.0,2266.6865000000003,5.4792000000000005,2272.1657000000005,2357.1688
1161,0.2015,0.0001,0.2016,0.0363,0.9995039682539683,0.000496031746031746,11.4555,0.0534,12.4544,0.9989,0.0,0.0,0.0,12.454400000000003,0.0534,12.507800000000003,12.505
1162,0.4702,0.0176,0.4878,0.0878,0.963919639196392,0.03608036080360804,26.7267,10.3854,2632.3573,2605.6306,0.0,0.0,0.0,2632.3573,10.3854,2642.7427000000002,2821.7442
1163,0.1391,0.0002,0.1393,0.0251,0.9985642498205312,0.0014357501794687725,7.4592,0.1288,16.4585,8.9993,0.0,0.0,0.0,16.4585,0.1288,16.5873,18.0861
1164,0.3428,0.0068,0.3496,0.0629,0.9805491990846681,0.019450800915331804,18.6459,4.3482,1852.2925,1833.6466,0.0,0.0,0.0,1852.2924999999998,4.348199999999999,1856.6406999999997,1935.1418
1165,0.2947,0.0001,0.2947,0.0531,1.0,0.00033932813030200206,16.5018,0.0416,59.5018,43.0,0.0,0.0,0.0,59.50180000000001,0.0416,59.54340000000001,59.542
1166,0.5166,0.0002,0.5168,0.093,0.999613003095975,0.00038699690402476777,27.3126,0.1446,87.3115,59.9989,0.0,0.0,0.0,87.31150000000001,0.14460000000000003,87.4561,87.9587
1167,0.4525,0.0,0.4525,0.0815,1.0,0.0,26.7267,0.0164,42.7276,16.0009,0.0,0.0,0.0,42.727599999999995,0.016399999999999998,42.74399999999999,42.7414
1168,0.4662,0.0128,0.4789,0.0862,0.973480893714763,0.02672791814575068,26.1051,7.9349,1674.0093,1647.9042,0.0,0.0,0.0,1674.0092999999997,7.934900000000001,1681.9441999999997,1796.4468
1169,0.299,0.0005,0.2995,0.0539,0.998330550918197,0.001669449081803005,16.5018,0.3286,147.5018,131.0,0.0,0.0,0.0,147.50179999999995,0.3286,147.83039999999994,151.8345
1170,0.5307,0.0221,0.5528,0.0995,0.9600217076700434,0.03997829232995659,29.7192,12.5424,2635.0897,2605.3705,0.0,0.0,0.0,2635.0896999999995,12.5424,2647.6320999999994,2738.6324
1171,0.2121,0.0037,0.2158,0.0389,0.9828544949026877,0.017145505097312327,11.7054,2.4257,1952.2019,1940.4965,0.0,0.0,0.0,1952.2018999999996,2.4257,1954.6275999999996,2029.6275
1172,0.415,0.001,0.416,0.0749,0.9975961538461539,0.002403846153846154,23.4108,0.6293,396.7605,373.3497,0.0,0.0,0.0,396.76050000000004,0.6293,397.38980000000004,443.8931
1173,0.3587,0.0275,0.3862,0.0695,0.928793371310202,0.07120662868979803,19.509,17.2843,2401.8372,2382.3282,0.0,0.0,0.0,2401.8372,17.284299999999998,2419.1214999999997,2478.1253
1174,0.4798,0.0001,0.4799,0.0864,0.9997916232548448,0.00020837674515524068,25.368,0.0431,103.3678,77.9998,0.0,0.0,0.0,103.36779999999999,0.0431,103.41089999999998,103.4078
1175,0.3754,0.0153,0.3908,0.0703,0.9605936540429888,0.03915046059365404,20.2734,9.5378,2479.8998,2459.6264,0.0,0.0,0.0,2479.8998,9.5378,2489.4376,2550.4358
1176,0.287,0.0075,0.2945,0.053,0.9745331069609507,0.025466893039049237,15.6072,4.8982,2300.989,2285.3818,0.0,0.0,0.0,2300.989,4.8982,2305.8872,2371.887
1177,0.5855,0.0021,0.5875,0.1058,0.9965957446808511,0.003574468085106383,31.8423,1.3078,1464.9354,1433.0931,0.0,0.0,0.0,1464.9353999999998,1.3078000000000003,1466.2432,1497.2427
1178,0.4914,0.0001,0.4915,0.0885,0.999796541200407,0.00020345879959308242,26.7267,0.0332,46.7272,20.0005,0.0,0.0,0.0,46.727199999999996,0.0332,46.7604,46.7582
1179,0.4773,0.0037,0.4809,0.0866,0.9925140361821585,0.007693907257226035,26.7267,2.2449,1869.6164,1842.8897,0.0,0.0,0.0,1869.6163999999997,2.2449,1871.8612999999996,1954.3599
1180,0.3293,0.0,0.3293,0.0593,1.0,0.0,18.1713,0.015,19.1714,1.0001,0.0,0.0,0.0,19.171400000000002,0.015,19.186400000000003,19.1852
1181,0.4857,0.01,0.4957,0.0892,0.9798265079685294,0.02017349203147065,26.418,6.4456,2058.3968,2031.9788,0.0,0.0,0.0,2058.3968,6.445600000000001,2064.8424,2191.8402
1182,0.2673,0.0003,0.2676,0.0482,0.9988789237668161,0.0011210762331838565,14.1288,0.213,144.129,130.0002,0.0,0.0,0.0,144.129,0.213,144.34199999999998,146.341
1183,0.25,0.0004,0.2504,0.0451,0.998402555910543,0.001597444089456869,14.5362,0.2475,267.3868,252.8506,0.0,0.0,0.0,267.3868,0.24750000000000003,267.6343,282.6294
1184,0.3475,0.0002,0.3477,0.0626,0.9994247914869139,0.0005752085130859937,19.9017,0.1477,98.9019,79.0002,0.0,0.0,0.0,98.9019,0.1477,99.0496,104.5486
1185,0.2053,0.0001,0.2055,0.037,0.9990267639902678,0.0004866180048661801,11.9406,0.0902,43.9411,32.0005,0.0,0.0,0.0,43.94109999999999,0.0902,44.031299999999995,45.0292
1186,0.2168,0.0089,0.2257,0.0406,0.9605671245015507,0.03943287549844927,11.7054,5.4094,1369.1079,1357.4025,0.0,0.0,0.0,1369.1078999999997,5.409399999999999,1374.5172999999998,1422.0185
1187,0.3084,0.0008,0.3091,0.0556,0.9977353607246846,0.002588159171789065,17.661,0.5023,548.6801,531.0191,0.0,0.0,0.0,548.6801,0.5023000000000001,549.1824,579.678
1188,0.531,0.0022,0.5332,0.096,0.9958739684921231,0.004126031507876969,28.8792,1.4286,1144.4171,1115.5379,0.0,0.0,0.0,1144.4171,1.4285999999999999,1145.8456999999999,1177.8463
1189,0.3925,0.0012,0.3937,0.0709,0.9969519939039878,0.003048006096012192,21.1932,0.775,1482.6105,1461.4173,0.0,0.0,0.0,1482.6104999999998,0.775,1483.3854999999999,1519.3826
1190,0.229,0.0001,0.2291,0.0412,0.9995635093845483,0.0004364906154517678,11.9406,0.0347,22.9408,11.0002,0.0,0.0,0.0,22.9408,0.0347,22.9755,26.4792
1191,0.4455,0.0,0.4455,0.0802,1.0,0.0,22.9089,0.016,24.9089,2.0,0.0,0.0,0.0,24.908900000000006,0.016,24.924900000000004,24.9207
1192,0.3647,0.004,0.3687,0.0664,0.989151071331706,0.010848928668294006,20.2734,2.5641,1311.2301,1290.9567,0.0,0.0,0.0,1311.2301000000002,2.5641000000000003,1313.7942000000003,1356.79
1193,0.6,0.0,0.6001,0.108,0.9998333611064822,0.0,34.3644,0.0317,66.3641,31.9997,0.0,0.0,0.0,66.3641,0.031700000000000006,66.3958,66.9007
1194,0.4404,0.0014,0.4418,0.0795,0.996831145314622,0.0031688546853779987,23.9547,0.8735,750.7466,726.7919,0.0,0.0,0.0,750.7466,0.8734999999999998,751.6201,792.6238
1195,0.1394,0.007,0.1464,0.0263,0.9521857923497268,0.04781420765027322,7.6356,4.4482,2481.8114,2474.1758,0.0,0.0,0.0,2481.8114000000005,4.448200000000001,2486.2596000000003,2562.2589
1196,0.4877,0.0155,0.5032,0.0906,0.9691971383147855,0.03080286168521463,27.3126,9.9633,2534.7331,2507.4205,0.0,0.0,0.0,2534.7330999999995,9.963299999999998,2544.6963999999994,2638.6963
1197,0.182,0.0,0.182,0.0328,1.0,0.0,10.2669,0.0129,10.2662,0.0,0.0,0.0,0.0,10.266199999999996,0.012899999999999998,10.279099999999996,10.2817
1198,0.5971,0.0033,0.6003,0.1081,0.9946693320006663,0.0054972513743128445,32.7096,1.9955,756.7742,724.0646,0.0,0.0,0.0,756.7742,1.9955000000000003,758.7697,806.2666
1199,0.722,0.0001,0.7221,0.13,0.9998615150256197,0.00013848497438027975,37.1301,0.0866,44.1297,6.9996,0.0,0.0,0.0,44.129699999999985,0.08660000000000001,44.21629999999998,44.2183
1200,0.2894,0.0036,0.2931,0.0528,0.9873763220743772,0.012282497441146364,15.855,2.2915,2061.157,2045.302,0.0,0.0,0.0,2061.1570000000006,2.2915,2063.4485000000004,2134.9458
1201,0.1371,0.0017,0.1388,0.025,0.9877521613832853,0.012247838616714695,7.4592,1.0232,1246.6078,1239.1486,0.0,0.0,0.0,1246.6078,1.0232,1247.631,1306.6339
1202,0.358,0.0077,0.3657,0.0658,0.9789444900191413,0.021055509980858627,19.9017,5.0875,1636.8494,1616.9477,0.0,0.0,0.0,1636.8494,5.0874999999999995,1641.9369000000002,1708.9363
1203,0.2821,0.0002,0.2823,0.0508,0.9992915338292597,0.0007084661707403471,14.9163,0.1255,31.9175,17.0012,0.0,0.0,0.0,31.9175,0.1255,32.043,42.0403
1204,0.1318,0.0006,0.1324,0.0238,0.9954682779456194,0.004531722054380664,7.0644,0.4122,532.48,525.4156,0.0,0.0,0.0,532.48,0.41220000000000007,532.8922,557.3878
1205,0.4677,0.0033,0.471,0.0848,0.9929936305732485,0.0070063694267515925,25.4394,2.0283,1131.0807,1105.6413,0.0,0.0,0.0,1131.0807,2.0283,1133.109,1216.1083
1206,0.2673,0.0054,0.2727,0.0491,0.9801980198019802,0.019801980198019802,14.5362,3.5665,1224.2178,1209.6816,0.0,0.0,0.0,1224.2178000000001,3.5665000000000004,1227.7843,1303.2856
1207,0.2961,0.01,0.3061,0.0551,0.9673309376020908,0.032669062397909183,16.2204,6.1759,2498.0161,2481.7957,0.0,0.0,0.0,2498.0161,6.175900000000001,2504.192,2573.6888
1208,0.281,0.0001,0.2811,0.0506,0.9996442547136251,0.0003557452863749555,15.855,0.0472,94.8546,78.9996,0.0,0.0,0.0,94.8546,0.047200000000000006,94.90180000000001,94.9034
1209,0.4119,0.0324,0.4443,0.08,0.9270762997974342,0.07292370020256583,23.4108,19.3288,2388.5054,2365.0946,0.0,0.0,0.0,2388.505399999999,19.328799999999998,2407.834199999999,2547.8378
1210,0.124,0.0209,0.1449,0.0261,0.8557625948930296,0.1442374051069703,6.8439,12.7923,2416.8998,2410.0559,0.0,0.0,0.0,2416.8997999999992,12.792300000000003,2429.6920999999993,2542.6968
1211,0.199,0.0017,0.2007,0.0361,0.9915296462381665,0.008470353761833582,10.5966,1.0633,1679.3304,1668.7338,0.0,0.0,0.0,1679.3304,1.0633,1680.3937,1722.8972
1212,0.48,0.0008,0.4808,0.0865,0.9983361064891847,0.0016638935108153079,26.1051,0.5122,326.1836,300.0785,0.0,0.0,0.0,326.1836000000001,0.5122,326.69580000000013,359.1932
1213,0.2653,0.0031,0.2684,0.0483,0.9884500745156481,0.011549925484351712,14.5362,2.1063,1287.8135,1273.2773,0.0,0.0,0.0,1287.8135,2.1063,1289.9198,1338.9158
1214,0.5615,0.004,0.5655,0.1018,0.9929266136162688,0.007073386383731212,31.2144,2.4274,1668.4526,1637.2382,0.0,0.0,0.0,1668.4526,2.4274,1670.88,1721.3818
1215,0.5535,0.0,0.5536,0.0996,0.9998193641618497,0.0,30.5445,0.0317,62.5453,32.0008,0.0,0.0,0.0,62.545300000000005,0.0317,62.577000000000005,63.0782
1216,0.2057,0.0074,0.2131,0.0384,0.9652745190051618,0.034725480994838104,11.1888,4.8016,2470.6687,2459.4799,0.0,0.0,0.0,2470.6687,4.8016,2475.4703,2540.972
1217,0.2601,0.0001,0.2602,0.0468,0.9996156802459647,0.0003843197540353575,15.6072,0.0333,17.6067,1.9995,0.0,0.0,0.0,17.606700000000004,0.0333,17.640000000000004,18.1442
1218,0.3649,0.0,0.365,0.0657,0.9997260273972604,0.0,19.026,0.0232,32.0256,12.9996,0.0,0.0,0.0,32.0256,0.0232,32.0488,32.0489
1219,0.1413,0.0,0.1413,0.0254,1.0,0.0,7.2681,0.0164,8.2683,1.0002,0.0,0.0,0.0,8.2683,0.016399999999999998,8.2847,8.2837
1220,0.2849,0.0002,0.2851,0.0513,0.999298491757278,0.0007015082427218519,15.6072,0.135,73.6067,57.9995,0.0,0.0,0.0,73.60670000000002,0.13499999999999998,73.74170000000002,76.7377
1221,0.5328,0.0064,0.5392,0.0971,0.9881305637982196,0.011869436201780416,29.8347,3.7936,2489.3405,2459.5058,0.0,0.0,0.0,2489.3405000000002,3.7936,2493.1341,2547.1386
1222,0.5578,0.0001,0.5579,0.1004,0.9998207564079584,0.00017924359204158453,32.4387,0.0407,32.4387,0.0,0.0,0.0,0.0,32.4387,0.0407,32.4794,32.9779
1223,0.2259,0.0045,0.2304,0.0415,0.98046875,0.01953125,12.3774,2.9056,2041.567,2029.1896,0.0,0.0,0.0,2041.5670000000005,2.9055999999999997,2044.4726000000005,2107.4762
1224,0.273,0.0003,0.2734,0.0492,0.9985369422092174,0.0010972933430870519,14.5362,0.2098,784.3546,769.8184,0.0,0.0,0.0,784.3545999999999,0.20980000000000001,784.5643999999999,792.5595
1225,0.3221,0.0029,0.325,0.0585,0.9910769230769231,0.008923076923076922,18.1713,1.8264,1994.5986,1976.4273,0.0,0.0,0.0,1994.5985999999998,1.8264,1996.4249999999997,2045.9296
1226,0.1459,0.0082,0.1541,0.0277,0.9467878001297859,0.05321219987021415,8.1102,4.9428,1665.6169,1657.5067,0.0,0.0,0.0,1665.6168999999998,4.942799999999999,1670.5596999999998,1776.0593
1227,0.2282,0.001,0.2292,0.0413,0.9956369982547993,0.004363001745200698,12.684,0.6548,1039.6785,1026.9945,0.0,0.0,0.0,1039.6785000000002,0.6548,1040.3333000000002,1081.8299
1228,0.1333,0.0061,0.1395,0.0251,0.9555555555555555,0.04372759856630824,7.6356,4.0979,2402.2043,2394.5687,0.0,0.0,0.0,2402.2043000000003,4.0979,2406.3022000000005,2463.3048
1229,0.1686,0.0005,0.1691,0.0304,0.997043169722058,0.0029568302779420462,9.513,0.3222,542.2499,532.7369,0.0,0.0,0.0,542.2498999999999,0.3222,542.5720999999999,566.0698
1230,0.2248,0.0,0.2249,0.0405,0.9995553579368609,0.0,12.684,0.0207,13.6835,0.9995,0.0,0.0,0.0,13.683499999999995,0.0207,13.704199999999995,13.6992
1231,0.4448,0.0065,0.4513,0.0812,0.9855971637491691,0.014402836250830933,24.7254,4.0328,2250.3943,2225.6689,0.0,0.0,0.0,2250.3943000000004,4.0328,2254.4271000000003,2361.9302
1232,0.1769,0.0027,0.1795,0.0323,0.9855153203342619,0.015041782729805015,9.9057,1.602,750.0345,740.1288,0.0,0.0,0.0,750.0345000000002,1.6019999999999999,751.6365000000002,835.1347
1233,0.5826,0.0003,0.5828,0.1049,0.9996568291008923,0.0005147563486616334,30.7986,0.1788,239.5493,208.7507,0.0,0.0,0.0,239.5493,0.1788,239.72809999999998,249.2314
1234,0.1171,0.0007,0.1177,0.0212,0.9949022939677145,0.00594732370433305,6.6045,0.4103,214.6033,207.9988,0.0,0.0,0.0,214.60330000000002,0.41029999999999994,215.01360000000003,245.0117
1235,0.4997,0.0006,0.5003,0.0901,0.9988007195682591,0.0011992804317409553,27.3756,0.3928,287.6563,260.2807,0.0,0.0,0.0,287.65630000000004,0.3928,288.04910000000007,322.5503
1236,0.299,0.0001,0.2992,0.0539,0.999331550802139,0.00033422459893048126,16.5018,0.0802,32.5019,16.0001,0.0,0.0,0.0,32.501900000000006,0.08020000000000001,32.582100000000004,34.5817
1237,0.415,0.0005,0.4155,0.0748,0.9987966305655837,0.0012033694344163659,23.4108,0.3201,177.2422,153.8314,0.0,0.0,0.0,177.2422,0.32009999999999994,177.5623,180.5646
1238,0.575,0.0074,0.5824,0.1048,0.9872939560439559,0.012706043956043956,32.4387,4.863,2303.2359,2270.7972,0.0,0.0,0.0,2303.235899999999,4.863,2308.098899999999,2334.6014
1239,0.671,0.0003,0.6712,0.1208,0.9997020262216926,0.00044696066746126333,36.4938,0.1647,62.4936,25.9998,0.0,0.0,0.0,62.493599999999994,0.1647,62.6583,65.6539
1240,0.6903,0.0,0.6903,0.1243,1.0,0.0,36.4938,0.0229,60.4934,23.9996,0.0,0.0,0.0,60.4934,0.022899999999999997,60.5163,60.5163
1241,0.1444,0.0002,0.1447,0.026,0.9979267449896337,0.0013821700069108502,7.6356,0.1367,139.8332,132.1976,0.0,0.0,0.0,139.8332,0.13670000000000002,139.9699,140.4701
1242,0.3593,0.0001,0.3594,0.0647,0.9997217584863662,0.0002782415136338342,20.2734,0.0471,31.2738,11.0004,0.0,0.0,0.0,31.273799999999998,0.0471,31.320899999999998,32.819
1243,0.1082,0.0001,0.1083,0.0195,0.9990766389658358,0.0009233610341643583,6.342,0.0411,23.3418,16.9998,0.0,0.0,0.0,23.341799999999996,0.041100000000000005,23.382899999999996,26.3851
1244,0.2499,0.0098,0.2597,0.0467,0.9622641509433963,0.03773584905660377,13.6878,6.2985,2516.9051,2503.2173,0.0,0.0,0.0,2516.9051000000004,6.2985,2523.2036000000003,2559.2066
1245,0.1374,0.0255,0.1628,0.0293,0.8439803439803439,0.1566339066339066,7.6356,16.0405,2614.0771,2606.4415,0.0,0.0,0.0,2614.0771000000004,16.0405,2630.1176000000005,2714.1215
1246,0.3765,0.009,0.3856,0.0694,0.9764004149377593,0.0233402489626556,20.6283,5.6248,2380.0116,2359.3833,0.0,0.0,0.0,2380.0116000000003,5.6248000000000005,2385.6364000000003,2469.6407
1247,0.4889,0.0189,0.5078,0.0914,0.962780622292241,0.03721937770775896,27.3756,11.6613,2163.0735,2135.6979,0.0,0.0,0.0,2163.0735000000004,11.661300000000002,2174.7348000000006,2310.7311
1248,0.5719,0.0242,0.5961,0.1073,0.9594027847676564,0.04059721523234357,31.7898,14.6839,2510.4444,2478.6546,0.0,0.0,0.0,2510.4444000000003,14.6839,2525.1283000000003,2732.6244
1249,0.5535,0.0064,0.5599,0.1008,0.9885693873906055,0.011430612609394536,30.5445,4.0468,2000.3919,1969.8474,0.0,0.0,0.0,2000.3919,4.0468,2004.4387000000002,2082.437
1250,0.4805,0.0004,0.4809,0.0866,0.999168226242462,0.0008317737575379497,27.3126,0.252,772.1468,744.8342,0.0,0.0,0.0,772.1468,0.252,772.3987999999999,787.8971
1251,0.4373,0.0207,0.458,0.0824,0.9548034934497817,0.04519650655021834,23.9547,13.6885,2579.074,2555.1193,0.0,0.0,0.0,2579.074,13.6885,2592.7625000000003,2717.2581
1252,0.1438,0.0006,0.1443,0.026,0.9965349965349966,0.004158004158004157,8.1102,0.3727,833.9756,825.8654,0.0,0.0,0.0,833.9756000000002,0.37270000000000003,834.3483000000002,858.8496
1253,0.5949,0.0001,0.595,0.1071,0.9998319327731092,0.0001680672268907563,33.5643,0.0327,36.5638,2.9995,0.0,0.0,0.0,36.5638,0.0327,36.5965,36.5958
1254,0.3033,0.005,0.3082,0.0555,0.9841012329656069,0.016223231667748216,17.1108,3.37,2624.8886,2607.7778,0.0,0.0,0.0,2624.8886,3.37,2628.2586,2674.2594
1255,0.1171,0.003,0.1201,0.0216,0.9750208159866778,0.024979184013322234,6.6045,1.7576,2034.9833,2028.3788,0.0,0.0,0.0,2034.9832999999999,1.7575999999999998,2036.7408999999998,2083.743
1256,0.5296,0.0001,0.5297,0.0953,0.9998112138946573,0.0001887861053426468,30.7986,0.0605,42.7981,11.9995,0.0,0.0,0.0,42.79809999999999,0.060500000000000005,42.85859999999999,42.8626
1257,0.4273,0.0039,0.4313,0.0776,0.9907257129608161,0.009042429863204266,23.4108,2.5516,1295.0144,1271.6036,0.0,0.0,0.0,1295.0144,2.5516,1297.566,1339.5647
1258,0.5233,0.0183,0.5417,0.0975,0.9660328595163375,0.03378253645929481,28.8792,11.1226,1805.6781,1776.7989,0.0,0.0,0.0,1805.6780999999999,11.1226,1816.8006999999998,1891.8054
1259,0.2557,0.0004,0.2561,0.0461,0.998438110113237,0.0015618898867629833,14.5362,0.2261,296.913,282.3768,0.0,0.0,0.0,296.913,0.22610000000000002,297.1391,307.64
1260,0.3423,0.0005,0.3428,0.0617,0.998541423570595,0.0014585764294049008,19.026,0.3374,507.1342,488.1082,0.0,0.0,0.0,507.1342,0.3373999999999999,507.4716,554.9743
1261,0.1961,0.0,0.1962,0.0353,0.9994903160040773,0.0,10.9032,0.0292,13.9029,2.9997,0.0,0.0,0.0,13.902899999999997,0.029200000000000004,13.932099999999997,16.9315
1262,0.2992,0.0002,0.2994,0.0539,0.9993319973279894,0.0006680026720106881,16.5102,0.099,90.1922,73.682,0.0,0.0,0.0,90.19219999999997,0.09899999999999998,90.29119999999998,93.294
1263,0.2178,0.0003,0.218,0.0392,0.9990825688073395,0.0013761467889908255,12.3774,0.1723,148.8033,136.4259,0.0,0.0,0.0,148.8033,0.17229999999999998,148.97560000000001,168.4769
1264,0.1834,0.0006,0.184,0.0331,0.9967391304347827,0.003260869565217391,9.9057,0.3507,435.8562,425.9505,0.0,0.0,0.0,435.8562,0.3507,436.2069,462.2091
1265,0.478,0.0,0.478,0.086,1.0,0.0,27.3756,0.0294,45.3762,18.0006,0.0,0.0,0.0,45.37620000000002,0.0294,45.40560000000002,47.4028
1266,0.5436,0.0001,0.5437,0.0979,0.9998160750413831,0.00018392495861688433,28.539,0.084,58.5382,29.9992,0.0,0.0,0.0,58.5382,0.084,58.62220000000001,61.6217
1267,0.1473,0.018,0.1654,0.0298,0.8905683192261185,0.10882708585247884,8.2509,10.6003,2249.6802,2241.4293,0.0,0.0,0.0,2249.6801999999993,10.600300000000002,2260.2804999999994,2368.2813
1268,0.3647,0.0047,0.3694,0.0665,0.9872766648619383,0.012723335138061722,20.2734,3.0443,669.3004,649.027,0.0,0.0,0.0,669.3004000000001,3.0443,672.3447000000001,736.8476
1269,0.1743,0.0,0.1743,0.0314,1.0,0.0,9.9057,0.0123,24.9065,15.0008,0.0,0.0,0.0,24.90650000000001,0.012300000000000002,24.918800000000008,24.9163
1270,0.25,0.0001,0.2501,0.045,0.9996001599360256,0.0003998400639744103,14.5362,0.0656,36.5373,22.0011,0.0,0.0,0.0,36.5373,0.06559999999999999,36.602900000000005,36.6022
1271,0.5196,0.0001,0.5196,0.0935,1.0,0.0001924557351809084,28.2576,0.0551,141.7512,113.4936,0.0,0.0,0.0,141.75119999999998,0.055099999999999996,141.8063,146.311
1272,0.627,0.0068,0.6339,0.1141,0.9891150023663038,0.010727244044802018,35.1141,4.5594,2083.0494,2047.9353,0.0,0.0,0.0,2083.0494,4.5594,2087.6088,2177.1133
1273,0.6274,0.0,0.6274,0.1129,1.0,0.0,32.7096,0.017,35.7088,2.9992,0.0,0.0,0.0,35.7088,0.016999999999999998,35.7258,35.7297
1274,0.4677,0.0002,0.4679,0.0842,0.99957255823894,0.0004274417610600556,24.7254,0.1071,195.2299,170.5045,0.0,0.0,0.0,195.22990000000001,0.10709999999999999,195.33700000000002,198.841
1275,0.1939,0.0002,0.1941,0.0349,0.9989696032972695,0.0010303967027305513,11.1888,0.1329,247.1785,235.9897,0.0,0.0,0.0,247.17850000000004,0.1329,247.31140000000005,250.8088
1276,0.5407,0.0004,0.5411,0.0974,0.999260765108113,0.0007392348918868971,29.8347,0.2602,286.2526,256.4179,0.0,0.0,0.0,286.25260000000003,0.2602,286.5128,303.0092
1277,0.4627,0.0002,0.4629,0.0833,0.9995679412400087,0.0004320587599913589,26.1051,0.1328,150.1412,124.0361,0.0,0.0,0.0,150.14119999999997,0.1328,150.27399999999997,155.7768
1278,0.2808,0.001,0.2817,0.0507,0.9968051118210862,0.003549875754348598,15.6072,0.5779,823.0989,807.4917,0.0,0.0,0.0,823.0989000000001,0.5779,823.6768000000001,852.6798
1279,0.626,0.0,0.626,0.1127,1.0,0.0,33.5643,0.015,52.5638,18.9995,0.0,0.0,0.0,52.56380000000001,0.014999999999999998,52.57880000000001,52.5809
1280,0.2015,0.0302,0.2318,0.0417,0.869283865401208,0.13028472821397757,11.4555,19.6209,2590.9363,2579.4808,0.0,0.0,0.0,2590.9363000000003,19.6209,2610.5572,2678.5585
1281,0.2768,0.0031,0.2799,0.0504,0.9889246159342623,0.011075384065737763,15.2733,1.955,2098.3574,2083.0841,0.0,0.0,0.0,2098.3574,1.9549999999999998,2100.3124,2152.3103
1282,0.2156,0.0,0.2157,0.0388,0.9995363931386185,0.0,12.1653,0.0199,27.1644,14.9991,0.0,0.0,0.0,27.1644,0.0199,27.1843,27.188
1283,0.5719,0.0052,0.5771,0.1039,0.9909894299081615,0.009010570091838503,31.7898,3.3391,2270.9142,2239.1244,0.0,0.0,0.0,2270.9141999999997,3.3391,2274.2533,2347.7539
1284,0.3587,0.0009,0.3596,0.0647,0.9974972191323694,0.002502780867630701,19.509,0.6221,788.9113,769.4023,0.0,0.0,0.0,788.9113,0.6220999999999999,789.5334,824.5379
1285,0.4211,0.0019,0.423,0.0761,0.9955082742316784,0.004491725768321513,23.4108,1.1351,1486.6238,1463.213,0.0,0.0,0.0,1486.6238000000003,1.1351,1487.7589000000003,1521.7578
1286,0.2854,0.0023,0.2876,0.0518,0.9923504867872043,0.00799721835883171,16.2204,1.469,289.9287,273.7083,0.0,0.0,0.0,289.9287,1.4690000000000003,291.3977,348.8947
1287,0.5106,0.0082,0.5188,0.0934,0.9841942945258288,0.015805705474171164,28.3836,4.8469,1992.4328,1964.0492,0.0,0.0,0.0,1992.4327999999996,4.846900000000001,1997.2796999999996,2103.7827
1288,0.3475,0.0005,0.348,0.0626,0.9985632183908046,0.0014367816091954025,19.9017,0.3188,277.3739,257.4722,0.0,0.0,0.0,277.37389999999994,0.31880000000000003,277.69269999999995,295.1911
1289,0.2831,0.0164,0.2995,0.0539,0.9452420701168616,0.05475792988313857,15.855,9.9222,2271.4605,2255.6055,0.0,0.0,0.0,2271.4605000000006,9.9222,2281.3827000000006,2444.3807
1290,0.3453,0.0263,0.3716,0.0669,0.9292249730893434,0.07077502691065662,18.6459,15.7689,2353.1976,2334.5517,0.0,0.0,0.0,2353.1976,15.768899999999999,2368.9665,2463.9699
1291,0.1787,0.0001,0.1788,0.0322,0.999440715883669,0.0005592841163310963,9.513,0.0893,167.5532,158.0402,0.0,0.0,0.0,167.5532,0.0893,167.6425,173.6423
1292,0.2215,0.0003,0.2217,0.0399,0.9990978800180423,0.0013531799729364004,12.684,0.1657,263.7192,251.0352,0.0,0.0,0.0,263.71919999999994,0.16570000000000001,263.88489999999996,284.3804
1293,0.2408,0.0003,0.2411,0.0434,0.9987557030277892,0.0012442969722107008,13.6878,0.1985,273.0738,259.386,0.0,0.0,0.0,273.0738,0.1985,273.27230000000003,279.2674
1294,0.2042,0.0129,0.2172,0.0391,0.9401473296500921,0.05939226519337017,11.1888,8.1513,2458.636,2447.4472,0.0,0.0,0.0,2458.6360000000004,8.1513,2466.7873000000004,2543.2896
1295,0.2841,0.0,0.2841,0.0511,1.0,0.0,14.9163,0.0148,14.9174,0.0011,0.0,0.0,0.0,14.9174,0.014799999999999999,14.9322,14.9363
1296,0.2939,0.0093,0.3033,0.0546,0.9690075832509066,0.030662710187932735,16.2204,5.6662,1724.9609,1708.7405,0.0,0.0,0.0,1724.9609000000005,5.6662,1730.6271000000004,1814.1266
1297,0.605,0.0,0.605,0.1089,1.0,0.0,32.4387,0.0204,125.07,92.6313,0.0,0.0,0.0,125.07000000000002,0.020399999999999998,125.09040000000002,126.0862
1298,0.5144,0.009,0.5234,0.0942,0.9828047382499044,0.017195261750095527,28.3836,5.3073,1921.5428,1893.1592,0.0,0.0,0.0,1921.5427999999997,5.307300000000001,1926.8500999999997,2038.3493
1299,0.2194,0.0001,0.2195,0.0395,0.9995444191343964,0.00045558086560364467,12.3774,0.0448,129.6813,117.3039,0.0,0.0,0.0,129.68130000000002,0.0448,129.72610000000003,132.7252
1300,0.513,0.0,0.513,0.0923,1.0,0.0,27.3126,0.0207,33.3118,5.9992,0.0,0.0,0.0,33.3118,0.020699999999999996,33.332499999999996,33.3278
1301,0.2044,0.0,0.2044,0.0368,1.0,0.0,11.7054,0.0184,14.7052,2.9998,0.0,0.0,0.0,14.705199999999996,0.0184,14.723599999999996,14.7242
1302,0.3033,0.0001,0.3034,0.0546,0.9996704021094265,0.00032959789057350036,15.9222,0.0444,127.3751,111.4529,0.0,0.0,0.0,127.37509999999999,0.0444,127.41949999999999,127.418
1303,0.5593,0.012,0.5713,0.1028,0.9789952739366358,0.021004726063364256,31.7898,7.5609,2542.1431,2510.3533,0.0,0.0,0.0,2542.143100000001,7.5609,2549.704000000001,2670.7029
1304,0.1298,0.0031,0.1329,0.0239,0.9766741911211437,0.023325808878856283,7.2681,1.9124,1819.5076,1812.2395,0.0,0.0,0.0,1819.5076,1.9123999999999999,1821.4199999999998,1882.9156
1305,0.1847,0.0025,0.1872,0.0337,0.9866452991452991,0.013354700854700854,10.2669,1.5418,1712.4685,1702.2016,0.0,0.0,0.0,1712.4685000000004,1.5417999999999996,1714.0103000000004,1798.5063
1306,0.3379,0.0069,0.3448,0.0621,0.9799883990719257,0.020011600928074247,18.6459,4.3642,2031.337,2012.6911,0.0,0.0,0.0,2031.3369999999995,4.364200000000001,2035.7011999999995,2098.2026
1307,0.6855,0.0001,0.6855,0.1234,1.0,0.00014587892049598833,36.4938,0.0427,37.4935,0.9997,0.0,0.0,0.0,37.493500000000004,0.04270000000000001,37.53620000000001,38.5383
1308,0.5307,0.003,0.5337,0.0961,0.9943788645306352,0.005621135469364812,29.0745,1.976,1611.7828,1582.7083,0.0,0.0,0.0,1611.7828000000002,1.976,1613.7588000000003,1697.2591
1309,0.5196,0.0015,0.521,0.0938,0.9973128598848368,0.0028790786948176585,28.2576,0.914,1661.6321,1633.3745,0.0,0.0,0.0,1661.6321000000003,0.9140000000000001,1662.5461000000003,1727.051
1310,0.626,0.0002,0.6262,0.1127,0.9996806132226126,0.00031938677738741617,33.5643,0.1393,158.5637,124.9994,0.0,0.0,0.0,158.56369999999995,0.13930000000000003,158.70299999999995,167.2079
1311,0.362,0.0084,0.3704,0.0667,0.9773218142548595,0.022678185745140387,20.2734,5.0155,1975.4738,1955.2004,0.0,0.0,0.0,1975.4738000000002,5.0155,1980.4893000000002,2094.4906
1312,0.5754,0.0248,0.6003,0.108,0.958520739630185,0.041312676994835915,32.7096,15.0598,2621.3445,2588.6349,0.0,0.0,0.0,2621.3444999999997,15.059800000000001,2636.4042999999997,2705.9078
1313,0.2875,0.0157,0.3032,0.0546,0.9482189973614774,0.05178100263852242,16.2204,10.057,2320.773,2304.5526,0.0,0.0,0.0,2320.7729999999997,10.057000000000002,2330.8299999999995,2392.328
1314,0.2988,0.0013,0.3001,0.054,0.9956681106297902,0.00433188937020993,17.1108,0.8453,869.8689,852.7581,0.0,0.0,0.0,869.8688999999999,0.8452999999999999,870.7141999999999,922.2148
1315,0.3317,0.0,0.3318,0.0597,0.9996986136226643,0.0,17.661,0.03,41.661,24.0,0.0,0.0,0.0,41.66100000000001,0.03,41.69100000000001,41.6883
1316,0.495,0.0001,0.4951,0.0891,0.9997980206018986,0.00020197939810139367,27.3126,0.0744,149.6158,122.3032,0.0,0.0,0.0,149.61579999999998,0.0744,149.69019999999998,153.1914
1317,0.1352,0.0001,0.1352,0.0243,1.0,0.0007396449704142013,7.4592,0.0348,39.511,32.0518,0.0,0.0,0.0,39.51100000000001,0.034800000000000005,39.54580000000001,39.5424
1318,0.4594,0.0001,0.4595,0.0827,0.9997823721436343,0.0002176278563656148,23.9547,0.0541,109.1463,85.1916,0.0,0.0,0.0,109.14630000000001,0.05410000000000001,109.20040000000002,110.1954
1319,0.5137,0.0001,0.5137,0.0925,1.0,0.00019466614755693983,26.418,0.0394,46.4177,19.9997,0.0,0.0,0.0,46.417699999999996,0.0394,46.4571,47.4592
1320,0.3078,0.0004,0.3082,0.0555,0.9987021414665803,0.0012978585334198574,17.1108,0.256,549.5842,532.4734,0.0,0.0,0.0,549.5842000000001,0.256,549.8402000000001,566.3443
1321,0.148,0.002,0.1501,0.027,0.9860093271152564,0.013324450366422384,8.1102,1.3396,1595.649,1587.5388,0.0,0.0,0.0,1595.6489999999997,1.3396000000000001,1596.9885999999997,1657.487
1322,0.3841,0.0001,0.3842,0.0691,0.9997397188964081,0.0002602811035918792,21.1932,0.0585,64.1932,43.0,0.0,0.0,0.0,64.1932,0.0585,64.2517,64.2561
1323,0.2499,0.0013,0.2512,0.0452,0.9948248407643313,0.00517515923566879,13.6878,0.8254,636.556,622.8682,0.0,0.0,0.0,636.5559999999999,0.8253999999999999,637.3813999999999,704.3832
1324,0.5495,0.0037,0.5531,0.0996,0.9934912312420899,0.006689567890074128,30.5445,2.3703,1593.9347,1563.3902,0.0,0.0,0.0,1593.9347000000002,2.3703000000000007,1596.3050000000003,1655.8078
1325,0.2332,0.0001,0.2333,0.042,0.9995713673381911,0.0004286326618088298,12.684,0.0448,119.0671,106.3831,0.0,0.0,0.0,119.06709999999997,0.0448,119.11189999999996,120.1159
1326,0.2828,0.0035,0.2863,0.0515,0.9877750611246944,0.012224938875305624,15.2733,2.1867,612.9491,597.6758,0.0,0.0,0.0,612.9491,2.1867,615.1358,671.6404
1327,0.3748,0.0047,0.3795,0.0683,0.9876152832674572,0.01238471673254282,20.5317,3.0479,2153.6678,2133.1361,0.0,0.0,0.0,2153.6677999999997,3.0479000000000003,2156.7156999999997,2230.2137
1328,0.1331,0.0,0.1331,0.024,1.0,0.0,6.8439,0.0254,31.844,25.0001,0.0,0.0,0.0,31.844000000000005,0.025400000000000002,31.869400000000006,31.8655
1329,0.5346,0.0016,0.5362,0.0965,0.9970160387914956,0.0029839612085042896,29.0745,1.0072,1238.9231,1209.8486,0.0,0.0,0.0,1238.9230999999997,1.0072,1239.9302999999998,1277.4309
1330,0.5346,0.0003,0.5349,0.0963,0.9994391475042063,0.0005608524957936062,29.7192,0.1802,283.3614,253.6422,0.0,0.0,0.0,283.3614000000001,0.1802,283.54160000000013,289.5413
1331,0.4808,0.0296,0.5104,0.0919,0.9420062695924766,0.057993730407523515,26.7267,18.5368,2201.6253,2174.8986,0.0,0.0,0.0,2201.6253,18.536800000000003,2220.1621,2337.1578
1332,0.1464,0.0158,0.1622,0.0292,0.9025893958076449,0.09741060419235512,7.9611,9.7439,2463.6142,2455.6531,0.0,0.0,0.0,2463.6142000000004,9.7439,2473.3581000000004,2546.8553
1333,0.2462,0.0004,0.2466,0.0444,0.9983779399837793,0.0016220600162206002,13.6878,0.2318,537.5209,523.8331,0.0,0.0,0.0,537.5209,0.23179999999999998,537.7527,571.2523
1334,0.6097,0.0,0.6097,0.1098,1.0,0.0,31.7898,0.0151,80.8155,49.0257,0.0,0.0,0.0,80.81550000000004,0.015099999999999999,80.83060000000005,81.3317
1335,0.3173,0.0004,0.3176,0.0572,0.9990554156171285,0.0012594458438287155,18.1713,0.2348,278.3889,260.2176,0.0,0.0,0.0,278.3889,0.2348,278.6237,292.6271
1336,0.4702,0.0017,0.4719,0.0849,0.9963975418520874,0.003602458147912693,26.7267,1.1275,386.4995,359.7728,0.0,0.0,0.0,386.4995,1.1275000000000002,387.627,437.1275
1337,0.5459,0.0002,0.5461,0.0983,0.999633766709394,0.0003662332906061161,30.7986,0.1239,344.382,313.5834,0.0,0.0,0.0,344.38200000000006,0.12390000000000001,344.50590000000005,352.0101
1338,0.2766,0.0004,0.2771,0.0499,0.9981955972573078,0.001443522194153735,15.6072,0.2721,260.8483,245.2411,0.0,0.0,0.0,260.84830000000005,0.2721,261.1204000000001,282.1204
1339,0.1847,0.0001,0.1848,0.0333,0.9994588744588745,0.0005411255411255411,9.9057,0.0488,56.7729,46.8672,0.0,0.0,0.0,56.7729,0.04880000000000001,56.8217,57.3213
1340,0.3012,0.0082,0.3094,0.0557,0.9734970911441501,0.026502908855850035,16.5018,5.2806,2364.8138,2348.312,0.0,0.0,0.0,2364.8138000000004,5.280600000000001,2370.0944000000004,2429.0926
1341,0.1313,0.0,0.1313,0.0236,1.0,0.0,6.8439,0.0152,58.9803,52.1364,0.0,0.0,0.0,58.980299999999986,0.0152,58.995499999999986,58.9959
1342,0.3813,0.0006,0.3819,0.0687,0.9984289080911232,0.0015710919088766692,21.1932,0.3833,717.3555,696.1623,0.0,0.0,0.0,717.3555,0.3833000000000001,717.7388,755.2387
1343,0.6014,0.0001,0.6015,0.1083,0.999833748960931,0.00016625103906899418,32.7096,0.0565,119.488,86.7784,0.0,0.0,0.0,119.48800000000001,0.0565,119.54450000000001,121.0474
1344,0.3372,0.0024,0.3396,0.0611,0.9929328621908127,0.007067137809187278,19.026,1.4703,1713.0334,1694.0074,0.0,0.0,0.0,1713.0333999999998,1.4702999999999995,1714.5036999999998,1770.0027
1345,0.5946,0.0001,0.5947,0.107,0.9998318479905836,0.00016815200941651254,31.2144,0.0743,98.2928,67.0784,0.0,0.0,0.0,98.29279999999999,0.0743,98.36709999999998,101.8699
1346,0.209,0.0011,0.2101,0.0378,0.9947643979057591,0.005235602094240838,11.7054,0.6708,907.3308,895.6254,0.0,0.0,0.0,907.3308000000001,0.6708,908.0016,942.0043
1347,0.1956,0.0001,0.1956,0.0352,1.0,0.0005112474437627812,10.2669,0.0443,82.3741,72.1072,0.0,0.0,0.0,82.3741,0.044300000000000006,82.4184,83.4167
1348,0.4597,0.0082,0.4679,0.0842,0.9824748877965378,0.01752511220346228,25.368,5.292,2189.8708,2164.5028,0.0,0.0,0.0,2189.8708000000006,5.292000000000001,2195.1628000000005,2300.6589
1349,0.1158,0.0177,0.1335,0.024,0.8674157303370786,0.13258426966292133,6.342,11.3857,2334.6919,2328.3499,0.0,0.0,0.0,2334.6919000000007,11.385700000000002,2346.0776000000005,2460.5775
1350,0.1821,0.0,0.1821,0.0328,1.0,0.0,9.9057,0.0114,89.5073,79.6016,0.0,0.0,0.0,89.50729999999999,0.011399999999999999,89.51869999999998,91.016
1351,0.2408,0.0002,0.241,0.0434,0.9991701244813278,0.0008298755186721993,13.6878,0.1004,126.6837,112.9959,0.0,0.0,0.0,126.68369999999997,0.10039999999999999,126.78409999999997,150.2792
1352,0.1188,0.0007,0.1195,0.0215,0.994142259414226,0.005857740585774059,6.6045,0.4093,632.9567,626.3522,0.0,0.0,0.0,632.9566999999998,0.40929999999999994,633.3659999999999,667.8659
1353,0.2542,0.0064,0.2606,0.0469,0.97544128933231,0.024558710667689946,14.1288,4.0664,2148.599,2134.4702,0.0,0.0,0.0,2148.5989999999993,4.0664,2152.6653999999994,2212.1691
1354,0.722,0.0001,0.722,0.13,1.0,0.00013850415512465375,37.1301,0.0446,53.1288,15.9987,0.0,0.0,0.0,53.12879999999999,0.0446,53.173399999999994,53.6736
1355,0.4481,0.005,0.453,0.0815,0.9891832229580574,0.011037527593818984,24.7254,3.3691,2353.4538,2328.7284,0.0,0.0,0.0,2353.4538000000002,3.3691000000000004,2356.8229,2470.3227
1356,0.4731,0.0254,0.4984,0.0897,0.9492375601926164,0.05096308186195826,26.1051,16.9439,2528.6003,2502.4952,0.0,0.0,0.0,2528.600300000001,16.9439,2545.544200000001,2629.0455
1357,0.577,0.0082,0.5852,0.1053,0.9859876965140122,0.014012303485987697,31.8423,5.2377,2231.9401,2200.0978,0.0,0.0,0.0,2231.9401,5.237699999999999,2237.1778,2279.679
1358,0.1298,0.0003,0.1301,0.0234,0.9976940814757879,0.0023059185242121443,7.2681,0.1993,687.8758,680.6077,0.0,0.0,0.0,687.8757999999999,0.19929999999999998,688.0750999999999,709.5792
1359,0.173,0.0003,0.1733,0.0312,0.9982688978649739,0.0017311021350259663,9.9057,0.2088,246.4191,236.5134,0.0,0.0,0.0,246.4191,0.20879999999999999,246.62789999999998,281.6283
1360,0.309,0.0,0.309,0.0556,1.0,0.0,16.2204,0.0216,88.4404,72.22,0.0,0.0,0.0,88.44040000000001,0.021599999999999998,88.46200000000002,90.4587
1361,0.382,0.0003,0.3823,0.0688,0.999215275961287,0.0007847240387130526,20.6283,0.1624,164.9673,144.339,0.0,0.0,0.0,164.96730000000005,0.16239999999999996,165.12970000000004,170.1302
1362,0.2849,0.002,0.2869,0.0516,0.9930289299407459,0.006971070059254096,15.6072,1.2613,1049.4163,1033.8091,0.0,0.0,0.0,1049.4162999999999,1.2613,1050.6775999999998,1104.6803
1363,0.5197,0.0307,0.5503,0.0991,0.9443939669271307,0.05578775213519899,27.8628,19.0503,2657.4556,2629.5928,0.0,0.0,0.0,2657.4555999999993,19.0503,2676.505899999999,2724.5085
1364,0.5307,0.0036,0.5343,0.0962,0.9932622122403143,0.00673778775968557,29.0745,2.1807,1947.6387,1918.5642,0.0,0.0,0.0,1947.6386999999993,2.1807000000000003,1949.8193999999992,1992.3214
1365,0.6729,0.0001,0.673,0.1211,0.999851411589896,0.00014858841010401187,37.1301,0.0897,87.1282,49.9981,0.0,0.0,0.0,87.12820000000002,0.08969999999999999,87.21790000000001,88.2184
1366,0.2221,0.0352,0.2573,0.0463,0.863194714341236,0.1368052856587641,12.1653,21.9996,2514.3201,2502.1548,0.0,0.0,0.0,2514.3201,21.9996,2536.3197,2683.8168
1367,0.6318,0.03,0.6618,0.1191,0.9546690843155031,0.04533091568449682,34.3644,18.4191,2531.5119,2497.1475,0.0,0.0,0.0,2531.511899999999,18.4191,2549.930999999999,2624.9325
1368,0.5033,0.0025,0.5058,0.091,0.995057334914986,0.0049426650850138395,27.3756,1.6736,1583.1073,1555.7317,0.0,0.0,0.0,1583.1073,1.6736000000000002,1584.7809,1629.7842
1369,0.6007,0.0287,0.6294,0.1133,0.9544010168414364,0.04559898315856371,32.4387,18.0011,2386.7328,2354.2941,0.0,0.0,0.0,2386.7327999999993,18.001100000000005,2404.7338999999993,2516.7363
1370,0.449,0.0,0.449,0.0808,1.0,0.0,23.4108,0.0193,64.6022,41.1914,0.0,0.0,0.0,64.6022,0.0193,64.6215,65.1213
1371,0.3404,0.0004,0.3407,0.0613,0.999119459935427,0.0011740534194305842,18.6459,0.2407,460.1178,441.4719,0.0,0.0,0.0,460.11779999999993,0.2407,460.35849999999994,490.3541
1372,0.6581,0.0001,0.6583,0.1185,0.9996961871487164,0.00015190642564180464,37.1301,0.0892,272.0785,234.9484,0.0,0.0,0.0,272.07849999999996,0.08919999999999999,272.16769999999997,275.1715
1373,0.3793,0.0344,0.4136,0.0745,0.9170696324951644,0.08317214700193423,20.6283,20.5874,2456.561,2435.9327,0.0,0.0,0.0,2456.5610000000006,20.587400000000002,2477.1484000000005,2618.1471
1374,0.2873,0.0023,0.2896,0.0521,0.9920580110497237,0.007941988950276242,15.855,1.5486,1735.9766,1720.1216,0.0,0.0,0.0,1735.9766,1.5485999999999998,1737.5252,1786.5209
1375,0.4664,0.0005,0.467,0.0841,0.9987152034261241,0.0010706638115631692,25.368,0.3433,639.7141,614.3461,0.0,0.0,0.0,639.7140999999998,0.34329999999999994,640.0573999999998,675.0527
1376,0.6468,0.031,0.6779,0.122,0.9541230269951322,0.04572945862221567,36.4938,19.3326,2582.3735,2545.8797,0.0,0.0,0.0,2582.3734999999992,19.332600000000003,2601.7060999999994,2641.2064
1377,0.6526,0.0,0.6527,0.1175,0.9998467902558603,0.0,33.5643,0.0151,53.5639,19.9996,0.0,0.0,0.0,53.563900000000004,0.015099999999999999,53.579,54.0787
1378,0.3428,0.0231,0.366,0.0659,0.9366120218579235,0.06311475409836065,18.6459,14.6877,2161.2223,2142.5764,0.0,0.0,0.0,2161.2223,14.6877,2175.91,2271.9128
1379,0.182,0.0103,0.1922,0.0346,0.946930280957336,0.05359001040582726,10.2669,6.3686,1465.9367,1455.6698,0.0,0.0,0.0,1465.9367000000004,6.3686,1472.3053000000004,1578.8013
1380,0.2013,0.003,0.2043,0.0368,0.9853157121879589,0.014684287812041116,11.1888,1.8654,1387.0104,1375.8216,0.0,0.0,0.0,1387.0104,1.8654000000000002,1388.8757999999998,1484.8722
1381,0.6068,0.0024,0.6092,0.1097,0.9960604070912673,0.003939592908732764,33.0036,1.4976,1844.0764,1811.0728,0.0,0.0,0.0,1844.0763999999997,1.4975999999999998,1845.5739999999996,1882.5773
1382,0.4463,0.0001,0.4464,0.0803,0.9997759856630823,0.00022401433691756272,25.368,0.0472,136.9787,111.6107,0.0,0.0,0.0,136.97869999999998,0.04719999999999999,137.02589999999998,143.5236
1383,0.1307,0.0015,0.1322,0.0238,0.9886535552193646,0.0113464447806354,7.2681,0.9581,1069.3839,1062.1158,0.0,0.0,0.0,1069.3839,0.9581,1070.342,1111.8468
1384,0.1452,0.0001,0.1453,0.0262,0.9993117687543013,0.0006882312456985547,8.2509,0.085,90.2915,82.0406,0.0,0.0,0.0,90.29149999999998,0.08500000000000002,90.37649999999998,92.3765
1385,0.4993,0.0,0.4994,0.0899,0.999799759711654,0.0,28.3836,0.0203,80.993,52.6094,0.0,0.0,0.0,80.99300000000002,0.020299999999999995,81.01330000000003,83.5117
1386,0.4667,0.0033,0.47,0.0846,0.9929787234042554,0.007021276595744681,26.7267,2.0609,1282.6179,1255.8912,0.0,0.0,0.0,1282.6179,2.0609,1284.6788,1382.6744
1387,0.4128,0.0006,0.4133,0.0744,0.9987902250181466,0.0014517299782240503,23.1147,0.3731,1012.661,989.5463,0.0,0.0,0.0,1012.6609999999998,0.37309999999999993,1013.0340999999999,1058.0306
1388,0.6397,0.0037,0.6434,0.1158,0.9942493005906125,0.005750699409387629,35.8239,2.4144,1938.8412,1903.0173,0.0,0.0,0.0,1938.8411999999996,2.4144,1941.2555999999995,1983.7564
1389,0.2394,0.0098,0.2491,0.0448,0.9610598153352068,0.039341629867523084,13.209,6.1986,2530.7355,2517.5265,0.0,0.0,0.0,2530.7355,6.198600000000001,2536.9341,2617.9357
1390,0.4752,0.0217,0.4969,0.0894,0.9563292412960355,0.04367075870396458,26.418,13.4466,2466.4125,2439.9945,0.0,0.0,0.0,2466.412499999999,13.446599999999998,2479.859099999999,2557.364
1391,0.3054,0.0001,0.3055,0.055,0.9996726677577742,0.0003273322422258593,15.9222,0.0834,57.6022,41.68,0.0,0.0,0.0,57.60220000000001,0.0834,57.68560000000001,60.6845
1392,0.1365,0.0002,0.1367,0.0246,0.9985369422092174,0.0014630577907827362,7.2681,0.1208,275.0654,267.7973,0.0,0.0,0.0,275.06540000000007,0.12079999999999998,275.18620000000004,292.6844
1393,0.5616,0.0158,0.5774,0.1039,0.9726359542777969,0.02736404572220298,30.5445,9.8475,2451.9701,2421.4256,0.0,0.0,0.0,2451.9700999999995,9.8475,2461.8175999999994,2512.8214
1394,0.5711,0.0007,0.5718,0.1029,0.9987757957327739,0.001224204267226303,32.7096,0.4518,1101.2402,1068.5306,0.0,0.0,0.0,1101.2401999999997,0.45180000000000003,1101.6919999999998,1133.688
1395,0.4409,0.0308,0.4716,0.0849,0.93490245971162,0.06530958439355386,24.3285,19.4771,2334.3158,2309.9873,0.0,0.0,0.0,2334.3158000000003,19.477100000000004,2353.7929000000004,2454.2919
1396,0.4144,0.0102,0.4245,0.0764,0.9762073027090695,0.024028268551236753,22.3755,6.5788,2514.8562,2492.4807,0.0,0.0,0.0,2514.8562,6.578800000000001,2521.4350000000004,2608.4348
1397,0.6069,0.0,0.607,0.1093,0.999835255354201,0.0,31.2144,0.0189,49.2132,17.9988,0.0,0.0,0.0,49.2132,0.018900000000000004,49.2321,49.2299
1398,0.2553,0.0,0.2553,0.046,1.0,0.0,13.6878,0.0254,59.8856,46.1978,0.0,0.0,0.0,59.88560000000001,0.025400000000000006,59.91100000000001,62.4084
1399,0.2662,0.0,0.2662,0.0479,1.0,0.0,13.6878,0.0117,22.688,9.0002,0.0,0.0,0.0,22.68800000000001,0.011699999999999999,22.69970000000001,23.6971
1400,0.4448,0.0006,0.4454,0.0802,0.9986528962730129,0.0013471037269869779,24.7254,0.3948,1194.3209,1169.5955,0.0,0.0,0.0,1194.3209000000002,0.39480000000000004,1194.7157000000002,1227.7205
1401,0.5491,0.0015,0.5507,0.0991,0.9970946068639914,0.0027238060650081716,31.2144,1.0285,1741.8488,1710.6344,0.0,0.0,0.0,1741.8488000000002,1.0284999999999997,1742.8773,1788.3799
1402,0.6468,0.001,0.6479,0.1166,0.99830220713073,0.0015434480629726809,36.4938,0.661,398.9391,362.4453,0.0,0.0,0.0,398.9391,0.661,399.6001,432.0991
1403,0.3807,0.0002,0.381,0.0686,0.9992125984251968,0.0005249343832020997,21.8064,0.1297,193.423,171.6166,0.0,0.0,0.0,193.423,0.1297,193.55270000000002,203.0519
1404,0.4808,0.0,0.4808,0.0865,1.0,0.0,24.7254,0.014,29.7255,5.0001,0.0,0.0,0.0,29.725499999999993,0.014,29.739499999999992,29.7429
1405,0.2106,0.0011,0.2116,0.0381,0.995274102079395,0.005198487712665407,11.7054,0.66,505.4717,493.7663,0.0,0.0,0.0,505.47170000000006,0.6599999999999999,506.1317000000001,551.6336
1406,0.585,0.0003,0.5853,0.1053,0.9994874423372628,0.0005125576627370578,33.0036,0.1747,252.8807,219.8771,0.0,0.0,0.0,252.88070000000002,0.1747,253.05540000000002,276.0575
1407,0.2137,0.0286,0.2422,0.0436,0.8823286540049546,0.1180842279108175,11.7054,18.2151,1958.6893,1946.9839,0.0,0.0,0.0,1958.6892999999998,18.215100000000003,1976.9043999999997,2099.4081
1408,0.6613,0.008,0.6693,0.1205,0.9880472135066487,0.011952786493351263,36.4938,5.0577,2166.7744,2130.2806,0.0,0.0,0.0,2166.7744000000002,5.0577000000000005,2171.8321,2263.8276
1409,0.2341,0.0003,0.2344,0.0422,0.9987201365187713,0.001279863481228669,13.209,0.1867,196.0407,182.8317,0.0,0.0,0.0,196.04070000000002,0.1867,196.22740000000002,201.2242
1410,0.1336,0.0061,0.1398,0.0252,0.9556509298998569,0.04363376251788269,7.2681,3.9882,2338.575,2331.3069,0.0,0.0,0.0,2338.5750000000003,3.9882,2342.5632,2394.0632
1411,0.4256,0.0003,0.4259,0.0767,0.9992956092979572,0.000704390702042733,24.7527,0.1886,329.2353,304.4826,0.0,0.0,0.0,329.2353,0.18859999999999996,329.4239,340.9195
1412,0.2237,0.0003,0.2239,0.0403,0.9991067440821796,0.0013398838767306833,12.1653,0.1634,125.5154,113.3501,0.0,0.0,0.0,125.51540000000003,0.16340000000000002,125.67880000000002,146.6786
1413,0.5798,0.0004,0.5801,0.1044,0.9994828477848647,0.0006895362868470954,32.7096,0.2257,732.5053,699.7957,0.0,0.0,0.0,732.5052999999999,0.22569999999999998,732.7309999999999,772.7328
1414,0.4495,0.0,0.4495,0.0809,1.0,0.0,23.1147,0.0104,25.1154,2.0007,0.0,0.0,0.0,25.1154,0.0104,25.1258,25.1218
1415,0.3626,0.0001,0.3627,0.0653,0.9997242900468706,0.00027570995312930797,18.6459,0.0644,167.6469,149.001,0.0,0.0,0.0,167.64690000000004,0.06439999999999999,167.71130000000005,169.7092
1416,0.7171,0.0001,0.7172,0.1291,0.9998605688789738,0.00013943112102621306,37.1301,0.084,158.0387,120.9086,0.0,0.0,0.0,158.0387,0.084,158.1227,159.1203
1417,0.578,0.0118,0.5898,0.1062,0.9799932180400135,0.020006781959986435,31.2144,7.4582,1868.9671,1837.7527,0.0,0.0,0.0,1868.9671,7.458200000000001,1876.4253,1999.4227
1418,0.4617,0.0005,0.4621,0.0832,0.9991343864964293,0.0010820168794633195,24.7527,0.3048,601.0177,576.265,0.0,0.0,0.0,601.0177000000001,0.3048,601.3225000000001,614.8265
1419,0.2332,0.0076,0.2408,0.0433,0.9684385382059801,0.03156146179401993,12.684,4.8474,2473.3017,2460.6177,0.0,0.0,0.0,2473.301699999999,4.8474,2478.149099999999,2550.648
1420,0.2831,0.0001,0.2832,0.051,0.9996468926553673,0.00035310734463276836,15.855,0.0412,46.353,30.498,0.0,0.0,0.0,46.353000000000016,0.0412,46.39420000000002,48.8977
1421,0.2152,0.0001,0.2153,0.0387,0.9995355318160707,0.0004644681839294009,11.4555,0.0651,49.4547,37.9992,0.0,0.0,0.0,49.45469999999999,0.0651,49.51979999999999,50.5208
1422,0.5981,0.0,0.5981,0.1077,1.0,0.0,33.0036,0.0208,43.1037,10.1001,0.0,0.0,0.0,43.1037,0.0208,43.124500000000005,47.1279
1423,0.1976,0.0032,0.2008,0.0361,0.9840637450199203,0.01593625498007968,10.9032,2.0338,1719.6091,1708.7059,0.0,0.0,0.0,1719.6091,2.0338000000000003,1721.6428999999998,1774.6471
1424,0.3617,0.0006,0.3623,0.0652,0.998343913883522,0.0016560861164780566,19.8135,0.396,305.2747,285.4612,0.0,0.0,0.0,305.2747,0.39599999999999996,305.6707,319.6703
1425,0.4328,0.001,0.4339,0.0781,0.9974648536529155,0.00230467849734962,23.8833,0.6363,626.1906,602.3073,0.0,0.0,0.0,626.1906,0.6363000000000001,626.8269,665.8282
1426,0.2929,0.0001,0.293,0.0527,0.9996587030716724,0.0003412969283276451,15.2733,0.0398,25.7195,10.4462,0.0,0.0,0.0,25.719499999999996,0.039799999999999995,25.759299999999996,26.2549
1427,0.5739,0.0085,0.5824,0.1048,0.9854052197802197,0.01459478021978022,31.2144,5.1998,2141.8873,2110.6729,0.0,0.0,0.0,2141.8873,5.1998,2147.0870999999997,2218.0846
1428,0.4971,0.0,0.4971,0.0895,1.0,0.0,28.2576,0.0129,49.2441,20.9865,0.0,0.0,0.0,49.24409999999999,0.0129,49.25699999999999,49.2559
1429,0.328,0.0004,0.3284,0.0591,0.9987819732034104,0.001218026796589525,18.6459,0.2388,209.2209,190.575,0.0,0.0,0.0,209.2209,0.2388,209.4597,216.9611
1430,0.2843,0.0001,0.2844,0.0512,0.999648382559775,0.0003516174402250352,15.9222,0.0728,93.9021,77.9799,0.0,0.0,0.0,93.90209999999999,0.07279999999999999,93.97489999999999,101.977
1431,0.461,0.0054,0.4664,0.084,0.9884219554030875,0.011578044596912522,25.4394,3.4513,2017.6944,1992.255,0.0,0.0,0.0,2017.6943999999999,3.4513,2021.1456999999998,2085.1418
1432,0.5046,0.0016,0.5062,0.0911,0.9968391939944687,0.0031608060055314108,28.2576,0.9539,1554.1537,1525.8961,0.0,0.0,0.0,1554.1537000000003,0.9539000000000001,1555.1076000000003,1600.1037
1433,0.1878,0.0008,0.1886,0.034,0.9957582184517497,0.0042417815482502655,10.5966,0.5018,1092.8393,1082.2427,0.0,0.0,0.0,1092.8392999999999,0.5018,1093.3410999999999,1123.3455
1434,0.5446,0.0038,0.5484,0.0987,0.9930707512764405,0.006929248723559446,29.8347,2.4203,791.4381,761.6034,0.0,0.0,0.0,791.4381,2.4202999999999997,793.8584,852.3567
1435,0.4182,0.0001,0.4183,0.0753,0.9997609371264643,0.0002390628735357399,22.9089,0.0743,78.9097,56.0008,0.0,0.0,0.0,78.90970000000002,0.07429999999999999,78.98400000000001,81.9798
1436,0.6876,0.0356,0.7232,0.1302,0.9507743362831859,0.04922566371681416,37.1301,21.8559,2509.4212,2472.2911,0.0,0.0,0.0,2509.4211999999998,21.855899999999995,2531.2771,2609.2786
1437,0.2408,0.003,0.2438,0.0439,0.9876948318293683,0.012305168170631667,13.6878,1.8384,1672.4523,1658.7645,0.0,0.0,0.0,1672.4523000000004,1.8384,1674.2907000000005,1768.7907
1438,0.2894,0.0042,0.2936,0.0529,0.9856948228882833,0.014305177111716619,15.855,2.6655,2238.7461,2222.8911,0.0,0.0,0.0,2238.7461000000003,2.6655000000000006,2241.4116000000004,2288.9119
1439,0.2121,0.0017,0.2139,0.0385,0.9915848527349229,0.007947639083683964,11.4555,1.0864,1798.8617,1787.4062,0.0,0.0,0.0,1798.8617,1.0864,1799.9480999999998,1837.9484
1440,0.4816,0.0006,0.4822,0.0868,0.9987557030277892,0.0012442969722107008,27.3756,0.384,615.4391,588.0635,0.0,0.0,0.0,615.4390999999999,0.384,615.8231,657.3271
1441,0.3359,0.0018,0.3377,0.0608,0.9946698252887177,0.005330174711282203,19.0911,1.118,1097.8567,1078.7656,0.0,0.0,0.0,1097.8566999999998,1.118,1098.9746999999998,1141.4715
1442,0.1391,0.0,0.1392,0.025,0.9992816091954024,0.0,7.4592,0.0292,31.4144,23.9552,0.0,0.0,0.0,31.4144,0.0292,31.4436,37.9474
1443,0.4711,0.0025,0.4736,0.0852,0.9947212837837838,0.005278716216216216,25.4394,1.6187,1766.545,1741.1056,0.0,0.0,0.0,1766.5449999999996,1.6187,1768.1636999999996,1827.1682
1444,0.4581,0.0001,0.4581,0.0825,1.0,0.00021829294913774285,23.8833,0.0372,23.8827,0.0,0.0,0.0,0.0,23.882699999999996,0.0372,23.919899999999995,24.4238
1445,0.4939,0.0294,0.5233,0.0942,0.9438180775845596,0.056181922415440476,27.8628,18.5838,2452.2451,2424.3823,0.0,0.0,0.0,2452.245099999999,18.5838,2470.828899999999,2618.8265
1446,0.523,0.0069,0.5299,0.0954,0.9869786752217399,0.013021324778260047,29.0745,4.2734,2306.2391,2277.1646,0.0,0.0,0.0,2306.2391000000007,4.2734000000000005,2310.5125000000007,2368.5093
1447,0.5209,0.0122,0.5332,0.096,0.9769317329332333,0.022880720180045014,29.8347,7.5797,1936.1918,1906.3571,0.0,0.0,0.0,1936.1918,7.579699999999999,1943.7715,2049.2703
1448,0.1231,0.0004,0.1235,0.0222,0.9967611336032389,0.003238866396761134,6.8439,0.2304,321.5469,314.703,0.0,0.0,0.0,321.5469,0.23039999999999997,321.77729999999997,339.2725
1449,0.2091,0.0034,0.2125,0.0382,0.9840000000000001,0.016,11.4555,2.1662,2052.9791,2041.5236,0.0,0.0,0.0,2052.9791,2.1662000000000003,2055.1453,2103.6419
1450,0.5386,0.0092,0.5478,0.0986,0.9832055494706098,0.01679445052939029,29.7192,6.2076,2213.906,2184.1868,0.0,0.0,0.0,2213.9059999999995,6.207599999999999,2220.1135999999997,2289.6153
1451,0.1961,0.0002,0.1963,0.0353,0.9989811512990321,0.0010188487009679063,10.9032,0.1191,182.6703,171.7671,0.0,0.0,0.0,182.6703,0.11910000000000001,182.7894,185.2904
1452,0.1298,0.0002,0.13,0.0234,0.9984615384615384,0.0015384615384615385,7.2681,0.1301,50.2684,43.0003,0.0,0.0,0.0,50.2684,0.1301,50.3985,58.3968
1453,0.5058,0.0,0.5058,0.091,1.0,0.0,27.3126,0.0175,49.2614,21.9488,0.0,0.0,0.0,49.261399999999995,0.0175,49.27889999999999,50.2764
1454,0.1432,0.0038,0.147,0.0265,0.9741496598639456,0.025850340136054424,7.9611,2.4985,1554.5781,1546.617,0.0,0.0,0.0,1554.5781000000002,2.498500000000001,1557.0766,1608.0725
1455,0.5195,0.0001,0.5196,0.0935,0.9998075442648191,0.0001924557351809084,28.8792,0.0465,73.0138,44.1346,0.0,0.0,0.0,73.01380000000002,0.04650000000000001,73.06030000000001,82.0582
1456,0.5806,0.0092,0.5898,0.1062,0.9844014920311971,0.015598507968802983,33.0036,5.9677,2372.3924,2339.3888,0.0,0.0,0.0,2372.3924000000006,5.967700000000001,2378.360100000001,2447.3561
1457,0.4928,0.0005,0.4933,0.0888,0.9989864180012163,0.0010135819987837015,28.8792,0.3128,68.0233,39.1441,0.0,0.0,0.0,68.0233,0.31279999999999997,68.3361,86.8401
1458,0.1495,0.0001,0.1496,0.0269,0.999331550802139,0.0006684491978609625,7.9611,0.0388,26.0877,18.1266,0.0,0.0,0.0,26.08770000000001,0.03880000000000001,26.126500000000007,27.1225
1459,0.1168,0.0003,0.1171,0.0211,0.9974380871050385,0.0025619128949615714,6.8439,0.2095,270.1944,263.3505,0.0,0.0,0.0,270.1944,0.2095,270.40389999999996,298.9048
1460,0.3934,0.0013,0.3948,0.0711,0.99645390070922,0.003292806484295846,22.197,0.8064,2029.4607,2007.2637,0.0,0.0,0.0,2029.4607,0.8063999999999998,2030.2671,2070.7651
1461,0.3409,0.0033,0.3442,0.062,0.9904125508425333,0.00958744915746659,19.0911,2.1524,1331.6753,1312.5842,0.0,0.0,0.0,1331.6753000000003,2.1524,1333.8277000000003,1386.3326
1462,0.3643,0.0199,0.3842,0.0692,0.9482040603852161,0.05179593961478397,19.8135,13.2633,2356.4416,2336.6281,0.0,0.0,0.0,2356.4415999999997,13.263300000000001,2369.7048999999997,2469.7021
1463,0.3711,0.018,0.3891,0.07,0.9537393986121819,0.04626060138781804,20.6283,11.9589,1700.2908,1679.6625,0.0,0.0,0.0,1700.2907999999998,11.9589,1712.2496999999998,1811.2531
1464,0.2243,0.0421,0.2664,0.048,0.8419669669669669,0.158033033033033,12.3774,26.6048,2227.4126,2215.0352,0.0,0.0,0.0,2227.4125999999997,26.6048,2254.0173999999997,2340.0127
1465,0.1516,0.0003,0.1519,0.0273,0.9980250164581962,0.001974983541803818,7.9611,0.167,116.5183,108.5572,0.0,0.0,0.0,116.51829999999997,0.167,116.68529999999997,122.6824
1466,0.2897,0.001,0.2907,0.0523,0.9965600275197798,0.0034399724802201583,16.2204,0.696,337.969,321.7486,0.0,0.0,0.0,337.96900000000005,0.6960000000000001,338.6650000000001,372.1689
1467,0.3841,0.0027,0.3868,0.0696,0.9930196483971045,0.006980351602895554,21.1932,1.7306,2020.1629,1998.9697,0.0,0.0,0.0,2020.1629,1.7306,2021.8935000000001,2071.395
1468,0.5058,0.0002,0.506,0.0911,0.999604743083004,0.0003952569169960474,27.3126,0.1452,107.6776,80.365,0.0,0.0,0.0,107.6776,0.1452,107.8228,119.3188
1469,0.4097,0.0001,0.4098,0.0738,0.9997559785261103,0.0002440214738897023,23.1147,0.0457,123.6224,100.5077,0.0,0.0,0.0,123.62240000000001,0.045700000000000005,123.66810000000001,130.172
1470,0.2849,0.0146,0.2995,0.0539,0.9512520868113522,0.04874791318864775,15.6072,9.2448,1532.6992,1517.092,0.0,0.0,0.0,1532.6991999999996,9.2448,1541.9439999999995,1640.9455
1471,0.3591,0.0051,0.3641,0.0655,0.9862675089261191,0.01400714089535842,19.8135,3.2571,1712.3492,1692.5357,0.0,0.0,0.0,1712.3492000000003,3.2571000000000003,1715.6063000000004,1755.6061
1472,0.3754,0.001,0.3764,0.0678,0.9973432518597237,0.002656748140276302,20.2734,0.6285,449.4778,429.2044,0.0,0.0,0.0,449.4778,0.6285000000000001,450.1063,475.1081
1473,0.5739,0.0045,0.5784,0.1041,0.992219917012448,0.0077800829875518665,31.2144,2.7004,1688.433,1657.2186,0.0,0.0,0.0,1688.433,2.7004,1691.1334,1739.1356
1474,0.6179,0.0001,0.6179,0.1112,1.0,0.0001618384851917786,36.4938,0.0369,81.4935,44.9997,0.0,0.0,0.0,81.49349999999998,0.036899999999999995,81.53039999999999,81.5314
1475,0.5068,0.0089,0.5158,0.0928,0.9825513765025203,0.0172547499030632,28.3836,5.6096,1282.8787,1254.4951,0.0,0.0,0.0,1282.8787,5.6096,1288.4883,1401.9861
1476,0.2828,0.002,0.2849,0.0513,0.9926289926289926,0.00702000702000702,15.6072,1.2922,1087.9066,1072.2994,0.0,0.0,0.0,1087.9066,1.2922,1089.1988000000001,1124.6971
1477,0.1279,0.0068,0.1347,0.0242,0.9495174461766891,0.050482553823311065,7.2681,4.4871,1994.2315,1986.9634,0.0,0.0,0.0,1994.2314999999996,4.4871,1998.7185999999997,2066.2212
1478,0.4317,0.0002,0.4319,0.0777,0.9995369298448714,0.000463070155128502,24.7254,0.1189,45.7256,21.0002,0.0,0.0,0.0,45.72559999999999,0.11889999999999999,45.84449999999999,49.8419
1479,0.2903,0.0,0.2903,0.0523,1.0,0.0,16.5018,0.0204,56.3452,39.8434,0.0,0.0,0.0,56.3452,0.020399999999999998,56.3656,56.3637
1480,0.6445,0.0021,0.6466,0.1164,0.9967522424992268,0.0032477575007732757,35.8239,1.4043,1845.0143,1809.1904,0.0,0.0,0.0,1845.0142999999998,1.4043,1846.4185999999997,1891.4158
1481,0.4453,0.0114,0.4567,0.0822,0.9750383183709218,0.02496168162907817,24.7527,6.7285,2041.0994,2016.3467,0.0,0.0,0.0,2041.0993999999998,6.7285,2047.8278999999998,2145.8322
1482,0.5256,0.0042,0.5298,0.0954,0.9920724801812003,0.007927519818799546,28.3836,2.6493,1973.1623,1944.7787,0.0,0.0,0.0,1973.1622999999997,2.6492999999999998,1975.8115999999998,2032.8118
1483,0.1445,0.001,0.1455,0.0262,0.993127147766323,0.006872852233676977,7.8036,0.6729,889.6295,881.8259,0.0,0.0,0.0,889.6294999999998,0.6728999999999999,890.3023999999998,925.301
1484,0.3354,0.012,0.3474,0.0625,0.9654576856649395,0.03454231433506045,18.6459,7.4496,2510.1507,2491.5048,0.0,0.0,0.0,2510.1507000000006,7.449600000000001,2517.6003000000005,2581.0977
1485,0.1383,0.0001,0.1384,0.0249,0.999277456647399,0.0007225433526011561,7.8036,0.0664,24.8035,16.9999,0.0,0.0,0.0,24.803500000000007,0.06639999999999999,24.86990000000001,28.8732
1486,0.2542,0.0015,0.2557,0.046,0.9941337504888541,0.005866249511145874,14.1288,0.9331,1133.8158,1119.687,0.0,0.0,0.0,1133.8158000000003,0.9331,1134.7489000000003,1187.745
1487,0.1362,0.0061,0.1423,0.0256,0.9571328179901615,0.04286718200983837,7.4592,3.9627,1244.4268,1236.9676,0.0,0.0,0.0,1244.4268,3.9627000000000003,1248.3895,1351.8932
1488,0.3612,0.0,0.3613,0.065,0.9997232216994189,0.0,20.5317,0.0282,48.5322,28.0005,0.0,0.0,0.0,48.532199999999996,0.0282,48.560399999999994,52.5641
1489,0.6177,0.0005,0.6182,0.1113,0.999191200258816,0.0008087997411840829,35.1141,0.297,276.7811,241.667,0.0,0.0,0.0,276.78110000000004,0.29700000000000004,277.07810000000006,293.0743
1490,0.4481,0.0007,0.4488,0.0808,0.9984402852049912,0.0015597147950089127,24.7254,0.4347,580.4784,555.753,0.0,0.0,0.0,580.4784,0.43470000000000003,580.9131,622.4127
1491,0.6778,0.0215,0.6993,0.1259,0.9692549692549691,0.03074503074503074,37.1301,12.7188,2377.859,2340.7289,0.0,0.0,0.0,2377.858999999999,12.7188,2390.577799999999,2442.0745
1492,0.3406,0.0017,0.3424,0.0616,0.9947429906542057,0.004964953271028037,19.509,1.149,1433.5198,1414.0108,0.0,0.0,0.0,1433.5198000000005,1.1489999999999998,1434.6688000000004,1499.6681
1493,0.3407,0.0,0.3407,0.0613,1.0,0.0,19.8135,0.0123,20.8133,0.9998,0.0,0.0,0.0,20.8133,0.012299999999999998,20.8256,20.8285
1494,0.3359,0.0001,0.336,0.0605,0.9997023809523808,0.0002976190476190476,19.0911,0.0752,103.519,84.4279,0.0,0.0,0.0,103.51899999999999,0.07519999999999999,103.59419999999999,108.0895
1495,0.2148,0.0038,0.2186,0.0393,0.9826166514181153,0.01738334858188472,11.9406,2.38,1816.9531,1805.0125,0.0,0.0,0.0,1816.9531000000002,2.38,1819.3331000000003,1875.8281
1496,0.6517,0.0038,0.6555,0.118,0.9942028985507246,0.005797101449275362,36.4938,2.4333,2172.0114,2135.5176,0.0,0.0,0.0,2172.0113999999994,2.4333000000000005,2174.4446999999996,2217.4402
1497,0.5928,0.0115,0.6043,0.1088,0.9809697170279663,0.019030282972033758,32.7096,7.1591,2275.1732,2242.4636,0.0,0.0,0.0,2275.1732,7.1591,2282.3323,2326.3274
1498,0.2137,0.0078,0.2215,0.0399,0.9647855530474041,0.035214446952595936,11.7054,4.9502,1828.5525,1816.8471,0.0,0.0,0.0,1828.5524999999996,4.9502,1833.5026999999995,1924.0061
1499,0.2423,0.0,0.2423,0.0436,1.0,0.0,14.5362,0.0152,16.5371,2.0009,0.0,0.0,0.0,16.5371,0.015200000000000002,16.5523,16.5532
1500,0.5049,0.0078,0.5127,0.0923,0.9847864248098303,0.015213575190169687,27.8628,4.7961,2241.0267,2213.1639,0.0,0.0,0.0,2241.026699999999,4.7961,2245.822799999999,2298.8242
1501,0.1374,0.0347,0.172,0.031,0.7988372093023256,0.20174418604651165,7.6356,21.0454,2420.053,2412.4174,0.0,0.0,0.0,2420.0530000000003,21.045399999999997,2441.0984000000003,2507.5949
1502,0.2243,0.0185,0.2428,0.0437,0.9238056013179572,0.07619439868204284,12.3774,11.5069,2033.8475,2021.4701,0.0,0.0,0.0,2033.8475000000005,11.506900000000002,2045.3544000000006,2104.3509
1503,0.2841,0.0,0.2842,0.0511,0.9996481351161155,0.0,14.9163,0.0195,35.917,21.0007,0.0,0.0,0.0,35.916999999999994,0.019499999999999997,35.936499999999995,35.9412
1504,0.4119,0.0001,0.4119,0.0741,1.0,0.00024277737314882256,23.4108,0.0358,49.4102,25.9994,0.0,0.0,0.0,49.4102,0.0358,49.446000000000005,49.4493
1505,0.3532,0.0,0.3533,0.0636,0.9997169544296632,0.0,21.1932,0.0307,21.1935,0.0003,0.0,0.0,0.0,21.193500000000004,0.0307,21.224200000000003,21.7218
1506,0.495,0.002,0.497,0.0895,0.9959758551307847,0.004024144869215292,27.3126,1.2838,1827.7598,1800.4472,0.0,0.0,0.0,1827.7598000000005,1.2837999999999998,1829.0436000000004,1863.5398
1507,0.4391,0.0005,0.4397,0.0791,0.9986354332499432,0.0011371389583807142,23.8833,0.3255,458.8027,434.9194,0.0,0.0,0.0,458.80269999999996,0.3255000000000001,459.12819999999994,486.1301
1508,0.5793,0.0023,0.5816,0.1047,0.9960453920220083,0.003954607977991747,32.4387,1.5088,938.6126,906.1739,0.0,0.0,0.0,938.6126000000003,1.5088000000000001,940.1214000000002,1005.1255
1509,0.1435,0.0,0.1435,0.0258,1.0,0.0,7.8036,0.0151,28.8036,21.0,0.0,0.0,0.0,28.803600000000007,0.015100000000000002,28.818700000000007,28.8198
1510,0.4025,0.0032,0.4057,0.073,0.9921123983238846,0.007887601676115356,22.3755,2.032,2014.3833,1992.0078,0.0,0.0,0.0,2014.3832999999997,2.032,2016.4152999999997,2058.9164
1511,0.4702,0.0143,0.4845,0.0872,0.970485036119711,0.029514963880288958,26.7267,9.1433,2416.8359,2390.1092,0.0,0.0,0.0,2416.8359,9.1433,2425.9792,2484.4834
1512,0.5096,0.0009,0.5105,0.0919,0.9982370225269346,0.001762977473065622,28.539,0.5608,1385.8328,1357.2938,0.0,0.0,0.0,1385.8327999999997,0.5608,1386.3935999999997,1444.897
1513,0.5269,0.0002,0.5271,0.0949,0.9996205653576172,0.00037943464238284955,29.0745,0.129,309.2561,280.1816,0.0,0.0,0.0,309.25610000000006,0.129,309.3851000000001,318.3804
1514,0.6679,0.0181,0.6861,0.1235,0.9734732546276054,0.026380994024194724,37.1301,10.8903,1946.1438,1909.0137,0.0,0.0,0.0,1946.1438,10.8903,1957.0341,2034.5345
1515,0.2831,0.0011,0.2843,0.0512,0.995779106577559,0.003869152303904327,15.855,0.7067,1567.5361,1551.6811,0.0,0.0,0.0,1567.5361000000007,0.7066999999999999,1568.2428000000007,1606.7454
1516,0.2076,0.0008,0.2084,0.0375,0.9961612284069098,0.0038387715930902114,11.4555,0.4892,211.1346,199.6791,0.0,0.0,0.0,211.13460000000003,0.4892,211.62380000000005,229.1217
1517,0.5878,0.0023,0.5901,0.1062,0.9961023555329606,0.0038976444670394852,32.4387,1.4322,1379.9285,1347.4898,0.0,0.0,0.0,1379.9285,1.4322000000000004,1381.3607,1458.3572
1518,0.5121,0.0125,0.5246,0.0944,0.976172321768967,0.023827678231033173,28.2576,7.5204,2308.9143,2280.6567,0.0,0.0,0.0,2308.9143000000004,7.5204,2316.4347000000002,2352.9395
1519,0.5928,0.0029,0.5957,0.1072,0.9951317777404733,0.004868222259526607,32.7096,1.8657,1141.2405,1108.5309,0.0,0.0,0.0,1141.2405,1.8657000000000004,1143.1062000000002,1187.1098
1520,0.3613,0.0005,0.3618,0.0651,0.9986180210060807,0.0013819789939192924,19.509,0.292,495.0724,475.5634,0.0,0.0,0.0,495.0723999999999,0.292,495.3643999999999,503.8603
1521,0.1353,0.0009,0.1362,0.0245,0.9933920704845817,0.006607929515418502,7.6356,0.5825,997.6181,989.9825,0.0,0.0,0.0,997.6181,0.5825,998.2006,1042.7025
1522,0.124,0.0104,0.1344,0.0242,0.9226190476190477,0.07738095238095238,6.8439,6.5825,2187.8694,2181.0255,0.0,0.0,0.0,2187.869399999999,6.5825000000000005,2194.451899999999,2256.9479
1523,0.4265,0.0335,0.46,0.0828,0.9271739130434782,0.07282608695652174,23.8833,20.9671,1996.1363,1972.253,0.0,0.0,0.0,1996.1363,20.967100000000002,2017.1034,2158.6032
1524,0.1352,0.0008,0.1359,0.0245,0.9948491537895511,0.005886681383370126,7.4592,0.4683,721.4771,714.0179,0.0,0.0,0.0,721.4770999999998,0.46830000000000005,721.9453999999998,758.9485
1525,0.1188,0.0205,0.1394,0.0251,0.8522238163558107,0.14705882352941177,6.6045,13.0939,2282.4394,2275.8349,0.0,0.0,0.0,2282.4394,13.093900000000003,2295.5333,2365.5368
1526,0.4564,0.0005,0.4569,0.0822,0.9989056686364631,0.001094331363536879,25.368,0.3406,1624.1107,1598.7427,0.0,0.0,0.0,1624.1107000000004,0.3406,1624.4513000000004,1659.4544
1527,0.6091,0.0009,0.61,0.1098,0.9985245901639344,0.0014754098360655738,34.3644,0.5929,1280.6911,1246.3267,0.0,0.0,0.0,1280.6911,0.5929,1281.284,1311.7853
1528,0.6216,0.001,0.6225,0.1121,0.9985542168674698,0.0016064257028112448,33.5643,0.5834,1178.7881,1145.2238,0.0,0.0,0.0,1178.7881000000004,0.5833999999999999,1179.3715000000004,1212.8667
1529,0.5577,0.0001,0.5578,0.1004,0.9998207242739333,0.00017927572606669058,28.8792,0.0429,61.4995,32.6203,0.0,0.0,0.0,61.499500000000005,0.0429,61.54240000000001,62.0401
1530,0.3498,0.0186,0.3684,0.0663,0.9495114006514658,0.0504885993485342,19.026,11.2339,2441.2956,2422.2696,0.0,0.0,0.0,2441.2955999999995,11.233900000000002,2452.5294999999996,2538.5288
1531,0.3674,0.0048,0.3722,0.067,0.9871037076840409,0.012896292315959162,20.2734,2.9638,1541.9691,1521.6957,0.0,0.0,0.0,1541.9691,2.9638,1544.9329,1625.9349
1532,0.5009,0.024,0.5249,0.0945,0.9542770051438368,0.045722994856163074,28.2576,15.4065,2420.0553,2391.7977,0.0,0.0,0.0,2420.0553000000004,15.406500000000001,2435.4618000000005,2524.9622
1533,0.2227,0.0037,0.2264,0.0408,0.9836572438162545,0.016342756183745585,11.9406,2.4147,1861.0322,1849.0916,0.0,0.0,0.0,1861.0322000000003,2.4147000000000003,1863.4469000000004,1939.4439
1534,0.1332,0.006,0.1392,0.0251,0.9568965517241381,0.04310344827586207,7.4592,3.7533,2273.6922,2266.233,0.0,0.0,0.0,2273.6922000000004,3.7533000000000003,2277.4455000000003,2355.9423
1535,0.4731,0.0002,0.4733,0.0852,0.999577435030636,0.0004225649693640397,26.1051,0.1379,316.0474,289.9423,0.0,0.0,0.0,316.04740000000004,0.13790000000000002,316.18530000000004,331.1833
1536,0.199,0.006,0.2051,0.0369,0.9702584105314481,0.02925402242808386,10.9032,3.7792,2174.5773,2163.6741,0.0,0.0,0.0,2174.5773000000004,3.7792,2178.3565000000003,2226.8576
1537,0.4404,0.0114,0.4518,0.0813,0.9747675962815405,0.025232403718459497,23.9547,7.147,2182.3197,2158.365,0.0,0.0,0.0,2182.3196999999996,7.147,2189.4666999999995,2258.964
1538,0.5744,0.0003,0.5748,0.1035,0.9993041057759221,0.0005219206680584551,30.7986,0.2074,177.113,146.3144,0.0,0.0,0.0,177.113,0.2074,177.3204,190.8224
1539,0.2231,0.0187,0.2419,0.0435,0.9222819346837535,0.07730467135179826,12.684,11.7386,2391.6179,2378.9339,0.0,0.0,0.0,2391.617899999999,11.7386,2403.356499999999,2469.3536
1540,0.1528,0.0001,0.1529,0.0275,0.9993459777632439,0.0006540222367560497,8.2509,0.0725,93.7739,85.523,0.0,0.0,0.0,93.77389999999998,0.07250000000000001,93.84639999999999,96.3509
1541,0.1427,0.0006,0.1433,0.0258,0.9958129797627354,0.004187020237264479,8.1102,0.3892,910.5042,902.394,0.0,0.0,0.0,910.5042000000001,0.38920000000000005,910.8934,933.3905
1542,0.3359,0.0001,0.336,0.0605,0.9997023809523808,0.0002976190476190476,19.0911,0.0607,43.5285,24.4374,0.0,0.0,0.0,43.528500000000015,0.060700000000000004,43.58920000000001,47.5927
1543,0.6434,0.0005,0.6439,0.1159,0.9992234819071284,0.0007765180928715639,37.1301,0.3043,513.4502,476.3201,0.0,0.0,0.0,513.4502,0.30429999999999996,513.7545,527.7502
1544,0.2072,0.0017,0.2089,0.0376,0.9918621349928195,0.008137865007180469,11.1888,1.1157,1028.7237,1017.5349,0.0,0.0,0.0,1028.7237,1.1157,1029.8394,1068.3437
1545,0.2727,0.0153,0.2881,0.0519,0.9465463380770565,0.053106560222145084,15.2733,9.7241,2084.2685,2068.9952,0.0,0.0,0.0,2084.2684999999997,9.724100000000002,2093.9925999999996,2220.4882
1546,0.1109,0.0001,0.111,0.02,0.9990990990990991,0.0009009009009009009,6.6045,0.047,85.4809,78.8764,0.0,0.0,0.0,85.48089999999999,0.04700000000000001,85.52789999999999,89.029
1547,0.3448,0.0094,0.3541,0.0637,0.9737362327026263,0.02654617339734538,19.026,5.8138,2340.6171,2321.5911,0.0,0.0,0.0,2340.6171000000004,5.8138000000000005,2346.4309000000003,2457.9269
1548,0.3607,0.0076,0.3682,0.0663,0.9796306355241716,0.02064095600217273,19.9017,4.6616,1783.9078,1764.0061,0.0,0.0,0.0,1783.9077999999997,4.6616,1788.5693999999996,1844.5707
1549,0.2957,0.0006,0.2963,0.0533,0.9979750253121836,0.002024974687816402,15.855,0.3693,685.4099,669.5549,0.0,0.0,0.0,685.4099,0.3692999999999999,685.7792,712.2815
1550,0.5058,0.0036,0.5094,0.0917,0.9929328621908129,0.007067137809187279,27.3126,2.3405,1803.1546,1775.842,0.0,0.0,0.0,1803.1546000000003,2.3405000000000005,1805.4951000000003,1887.4907
1551,0.37,0.0004,0.3704,0.0667,0.9989200863930885,0.0010799136069114472,21.1932,0.2247,474.7733,453.5801,0.0,0.0,0.0,474.7733,0.2247,474.998,491.4971
1552,0.4022,0.0003,0.4025,0.0725,0.9992546583850931,0.0007453416149068322,22.197,0.1897,288.9629,266.7659,0.0,0.0,0.0,288.9629,0.18969999999999998,289.1526,310.1513
1553,0.1435,0.0133,0.1568,0.0282,0.9151785714285714,0.08482142857142858,7.8036,8.3588,2267.3349,2259.5313,0.0,0.0,0.0,2267.3349,8.358799999999999,2275.6937,2356.1915
1554,0.1318,0.0007,0.1324,0.0238,0.9954682779456194,0.005287009063444109,7.0644,0.4163,872.1588,865.0944,0.0,0.0,0.0,872.1588,0.41629999999999995,872.5751,906.5728
1555,0.6273,0.0078,0.6351,0.1143,0.9877184695323571,0.01228153046764289,34.3644,4.8018,1884.2167,1849.8523,0.0,0.0,0.0,1884.2167000000002,4.8018,1889.0185000000001,1972.0157
1556,0.4025,0.0119,0.4145,0.0746,0.9710494571773222,0.028709288299155613,22.3755,8.0904,1402.9261,1380.5506,0.0,0.0,0.0,1402.9260999999997,8.0904,1411.0164999999997,1539.0117
1557,0.5348,0.0,0.5348,0.0963,1.0,0.0,28.8792,0.0217,56.8127,27.9335,0.0,0.0,0.0,56.812700000000014,0.021699999999999997,56.83440000000002,56.8325
1558,0.1892,0.0014,0.1906,0.0343,0.9926547743966423,0.007345225603357818,10.5966,0.8546,231.8977,221.3011,0.0,0.0,0.0,231.89770000000001,0.8546000000000001,232.75230000000002,277.7566
1559,0.3643,0.0,0.3643,0.0656,1.0,0.0,19.8135,0.0231,22.2532,2.4397,0.0,0.0,0.0,22.2532,0.0231,22.2763,22.7732
1560,0.3459,0.0053,0.3512,0.0632,0.9849088838268792,0.015091116173120728,19.8135,3.4069,1110.3954,1090.5819,0.0,0.0,0.0,1110.3954,3.4069,1113.8023,1193.8037
1561,0.2634,0.0235,0.2869,0.0516,0.9180899268037644,0.08191007319623562,14.5362,14.9091,2301.5833,2287.0471,0.0,0.0,0.0,2301.5833000000002,14.909100000000002,2316.4924,2475.4879
1562,0.4752,0.0102,0.4855,0.0874,0.9787847579814625,0.021009268795056643,26.418,6.6948,1953.9172,1927.4992,0.0,0.0,0.0,1953.9172000000003,6.694799999999999,1960.6120000000003,2013.6157
1563,0.5615,0.0,0.5615,0.1011,1.0,0.0,29.0745,0.0127,35.8946,6.8201,0.0,0.0,0.0,35.894600000000004,0.012699999999999998,35.907300000000006,36.4048
1564,0.5703,0.0112,0.5816,0.1047,0.9805708390646493,0.01925722145804677,30.7986,7.2336,2408.6108,2377.8122,0.0,0.0,0.0,2408.6108000000004,7.2336,2415.8444000000004,2466.3415
1565,0.3567,0.0009,0.3576,0.0644,0.9974832214765101,0.002516778523489933,20.2734,0.5697,498.3021,478.0287,0.0,0.0,0.0,498.3021,0.5697,498.8718,522.8766
1566,0.5964,0.0,0.5965,0.1074,0.9998323554065381,0.0,32.4387,0.0193,56.4388,24.0001,0.0,0.0,0.0,56.4388,0.019299999999999998,56.4581,56.4616
1567,0.1874,0.0,0.1874,0.0337,1.0,0.0,10.2669,0.0128,49.9863,39.7194,0.0,0.0,0.0,49.9863,0.012799999999999999,49.9991,53.4984
1568,0.2939,0.0175,0.3114,0.0561,0.9438021836865768,0.05619781631342325,16.2204,11.3238,1806.7609,1790.5405,0.0,0.0,0.0,1806.7609000000002,11.3238,1818.0847,1867.0883
1569,0.3612,0.0001,0.3613,0.065,0.9997232216994189,0.0002767783005812344,20.5317,0.0477,212.6456,192.1139,0.0,0.0,0.0,212.6456,0.0477,212.6933,225.1972
1570,0.3078,0.0,0.3078,0.0554,1.0,0.0,17.1108,0.0129,22.3669,5.2561,0.0,0.0,0.0,22.366899999999998,0.0129,22.379799999999996,22.3801
1571,0.3473,0.0042,0.3515,0.0633,0.9880512091038407,0.011948790896159318,19.026,2.7268,2074.5286,2055.5026,0.0,0.0,0.0,2074.5286,2.7268,2077.2554,2154.7568
1572,0.4617,0.0003,0.4619,0.0831,0.9995670058454211,0.0006494912318683698,24.7527,0.1738,384.4732,359.7205,0.0,0.0,0.0,384.4732,0.17379999999999998,384.64700000000005,389.6449
1573,0.1983,0.0004,0.1988,0.0358,0.9974849094567404,0.002012072434607646,11.1888,0.2816,619.3514,608.1626,0.0,0.0,0.0,619.3513999999998,0.28159999999999996,619.6329999999998,638.1301
1574,0.3434,0.0009,0.3443,0.062,0.9973860005808888,0.00261399941911124,19.0911,0.5335,1047.8717,1028.7806,0.0,0.0,0.0,1047.8717000000001,0.5334999999999999,1048.4052000000001,1083.9027
1575,0.1435,0.0,0.1435,0.0258,1.0,0.0,7.8036,0.0304,47.8033,39.9997,0.0,0.0,0.0,47.80330000000001,0.030399999999999996,47.83370000000001,48.3339
1576,0.358,0.0155,0.3735,0.0672,0.9585006693440428,0.041499330655957165,19.9017,9.8395,1991.4884,1971.5867,0.0,0.0,0.0,1991.4883999999997,9.839500000000001,2001.3278999999998,2159.3259
1577,0.2044,0.0,0.2044,0.0368,1.0,0.0,11.7054,0.0183,35.7049,23.9995,0.0,0.0,0.0,35.7049,0.018299999999999997,35.723200000000006,37.2196
1578,0.4312,0.0009,0.4321,0.0778,0.9979171488081464,0.0020828511918537375,24.3285,0.5805,919.1866,894.8581,0.0,0.0,0.0,919.1866,0.5805,919.7671,983.2705
1579,0.4442,0.0001,0.4443,0.08,0.9997749268512267,0.00022507314877335136,25.4394,0.0533,84.4398,59.0004,0.0,0.0,0.0,84.43979999999999,0.05329999999999999,84.49309999999998,84.4956
1580,0.2817,0.0001,0.2818,0.0507,0.9996451383960255,0.00035486160397445,16.5102,0.0425,30.5109,14.0007,0.0,0.0,0.0,30.510900000000003,0.042499999999999996,30.553400000000003,30.5494
1581,0.3498,0.0093,0.3591,0.0646,0.9741019214703426,0.025898078529657476,19.026,5.8673,2064.1521,2045.1261,0.0,0.0,0.0,2064.1521,5.867299999999999,2070.0193999999997,2133.0217
1582,0.2926,0.0002,0.2928,0.0527,0.9993169398907105,0.0006830601092896175,16.5102,0.0989,438.9648,422.4546,0.0,0.0,0.0,438.9648,0.0989,439.06370000000004,455.0655
1583,0.3694,0.0104,0.3798,0.0684,0.9726171669299631,0.027382833070036857,20.5317,6.485,1802.2808,1781.7491,0.0,0.0,0.0,1802.2807999999995,6.484999999999999,1808.7657999999994,1853.7683
1584,0.5644,0.0003,0.5647,0.1016,0.9994687444660882,0.0005312555339118116,31.8423,0.1596,225.7834,193.9411,0.0,0.0,0.0,225.78340000000003,0.15959999999999996,225.94300000000004,238.9461
1585,0.1371,0.0126,0.1498,0.027,0.9152202937249667,0.08411214953271029,7.4592,8.0157,1917.3116,1909.8524,0.0,0.0,0.0,1917.3115999999995,8.0157,1925.3272999999995,2072.3299
1586,0.4486,0.0005,0.4491,0.0808,0.9988866622133156,0.0011133377866844802,24.7527,0.3504,670.0154,645.2627,0.0,0.0,0.0,670.0154,0.35039999999999993,670.3658,697.3677
1587,0.5644,0.0147,0.5791,0.1042,0.9746157831117253,0.02538421688827491,31.8423,9.2634,2306.8,2274.9577,0.0,0.0,0.0,2306.8,9.263399999999999,2316.0634,2361.5637
1588,0.4052,0.0006,0.4058,0.073,0.9985214391325776,0.0014785608674223755,22.197,0.378,720.6668,698.4698,0.0,0.0,0.0,720.6668000000001,0.37799999999999995,721.0448000000001,741.5451
1589,0.3317,0.0242,0.3559,0.0641,0.932003371733633,0.06799662826636696,18.1713,14.6687,1901.2778,1883.1065,0.0,0.0,0.0,1901.2777999999996,14.668699999999998,1915.9464999999996,2103.9432
1590,0.2341,0.0007,0.2348,0.0423,0.9970187393526405,0.0029812606473594546,13.209,0.4574,184.0203,170.8113,0.0,0.0,0.0,184.02029999999996,0.4574,184.47769999999997,193.4755
1591,0.1342,0.0001,0.1342,0.0242,1.0,0.0007451564828614009,7.8036,0.0332,29.8034,21.9998,0.0,0.0,0.0,29.803400000000007,0.03319999999999999,29.836600000000008,31.8354
1592,0.6364,0.0066,0.6429,0.1157,0.9898895629180275,0.010265982267848809,34.3644,4.102,2252.5221,2218.1577,0.0,0.0,0.0,2252.5220999999997,4.102,2256.6240999999995,2290.6269
1593,0.1404,0.0009,0.1413,0.0254,0.9936305732484075,0.006369426751592356,7.8036,0.591,1390.8447,1383.0411,0.0,0.0,0.0,1390.8446999999999,0.591,1391.4356999999998,1434.4354
1594,0.3588,0.0001,0.3589,0.0646,0.9997213708553915,0.00027862914460852607,21.1932,0.0559,88.1935,67.0003,0.0,0.0,0.0,88.19350000000001,0.055900000000000005,88.24940000000001,92.2507
1595,0.4481,0.0,0.4481,0.0807,1.0,0.0,24.7254,0.0263,39.7255,15.0001,0.0,0.0,0.0,39.725500000000004,0.026299999999999997,39.7518,40.2527
1596,0.6634,0.0039,0.6673,0.1201,0.9941555522253859,0.005844447774614116,35.8239,2.4422,1702.4558,1666.6319,0.0,0.0,0.0,1702.4557999999997,2.4422,1704.8979999999997,1763.8999
1597,0.4983,0.0005,0.4988,0.0898,0.9989975942261428,0.0010024057738572574,28.539,0.3203,728.265,699.726,0.0,0.0,0.0,728.265,0.3202999999999999,728.5853,741.0824
1598,0.3453,0.0008,0.3461,0.0623,0.9976885293267841,0.0023114706732158337,18.6459,0.5084,771.6796,753.0337,0.0,0.0,0.0,771.6795999999999,0.5084,772.188,802.1925
1599,0.1495,0.0021,0.1516,0.0273,0.9861477572559365,0.013852242744063322,8.2509,1.3994,1658.9565,1650.7056,0.0,0.0,0.0,1658.9565000000005,1.3994,1660.3559000000005,1687.3583
1600,0.671,0.0012,0.6722,0.121,0.9982148170187445,0.0017851829812555785,36.4938,0.7354,1194.0394,1157.5456,0.0,0.0,0.0,1194.0394000000001,0.7354000000000002,1194.7748000000001,1224.2786
1601,0.1586,0.0001,0.1587,0.0286,0.9993698802772526,0.000630119722747322,9.513,0.0791,79.5128,69.9998,0.0,0.0,0.0,79.5128,0.0791,79.5919,79.593
1602,0.1363,0.0035,0.1398,0.0252,0.974964234620887,0.025035765379113017,7.8036,2.2065,1527.9485,1520.1449,0.0,0.0,0.0,1527.9484999999997,2.2065,1530.1549999999997,1582.6576
1603,0.4752,0.0116,0.4869,0.0876,0.9759704251386322,0.023824193879646745,26.418,7.1676,2179.9341,2153.5161,0.0,0.0,0.0,2179.9340999999995,7.167600000000002,2187.1016999999997,2256.6008
1604,0.3381,0.0,0.3381,0.0609,1.0,0.0,19.8135,0.0233,20.8132,0.9997,0.0,0.0,0.0,20.8132,0.023299999999999998,20.836499999999997,20.837
1605,0.3666,0.0191,0.3857,0.0694,0.9504796473943479,0.04952035260565206,20.5317,11.6508,2066.6575,2046.1258,0.0,0.0,0.0,2066.6575000000003,11.650800000000002,2078.3083,2187.8102
1606,0.5761,0.026,0.6021,0.1084,0.9568178043514366,0.04318219564856336,31.7898,16.0254,2283.5021,2251.7123,0.0,0.0,0.0,2283.5021000000006,16.0254,2299.5275000000006,2402.5259
1607,0.2299,0.0095,0.2394,0.0431,0.9603174603174602,0.03968253968253968,12.684,5.4665,2295.3013,2282.6173,0.0,0.0,0.0,2295.3013,5.466500000000001,2300.7678,2383.7715
1608,0.5407,0.0004,0.5411,0.0974,0.999260765108113,0.0007392348918868971,29.8347,0.2482,419.0388,389.2041,0.0,0.0,0.0,419.03880000000004,0.24819999999999998,419.28700000000003,440.7877
1609,0.4022,0.0012,0.4035,0.0726,0.9967781908302353,0.0029739776951672858,22.197,0.763,1329.4865,1307.2895,0.0,0.0,0.0,1329.4865,0.763,1330.2495,1366.2498
1610,0.2265,0.0024,0.2289,0.0412,0.9895150720838795,0.010484927916120577,12.684,1.4516,1206.238,1193.554,0.0,0.0,0.0,1206.2380000000003,1.4515999999999998,1207.6896000000004,1263.1878
1611,0.3432,0.0143,0.3576,0.0644,0.9597315436241611,0.03998881431767338,19.509,9.3544,1831.2764,1811.7674,0.0,0.0,0.0,1831.2764000000002,9.354400000000002,1840.6308000000001,1932.6328
1612,0.4879,0.0016,0.4895,0.0881,0.9967313585291113,0.003268641470888662,26.7267,1.0361,1218.446,1191.7193,0.0,0.0,0.0,1218.446,1.0361,1219.4821,1234.4794
1613,0.2723,0.0249,0.2972,0.0535,0.9162180349932704,0.08378196500672946,14.9163,14.9334,2265.3459,2250.4296,0.0,0.0,0.0,2265.3459000000007,14.9334,2280.2793000000006,2338.283
1614,0.3283,0.0,0.3283,0.0591,1.0,0.0,19.0911,0.0192,22.091,2.9999,0.0,0.0,0.0,22.090999999999994,0.019200000000000002,22.110199999999995,22.1071
1615,0.4024,0.0,0.4025,0.0724,0.9997515527950309,0.0,23.9547,0.0249,46.9027,22.948,0.0,0.0,0.0,46.90270000000001,0.0249,46.92760000000001,46.9235
1616,0.6456,0.0136,0.6593,0.1187,0.9792203852570908,0.02062793872288791,35.1141,8.6701,1932.955,1897.8409,0.0,0.0,0.0,1932.9550000000002,8.6701,1941.6251000000002,2002.6267
1617,0.129,0.0253,0.1542,0.0278,0.8365758754863813,0.16407263294422827,7.0644,15.2425,2182.8559,2175.7915,0.0,0.0,0.0,2182.855900000001,15.2425,2198.0984000000008,2320.1028
1618,0.1517,0.036,0.1877,0.0338,0.8082045817794352,0.1917954182205647,8.2509,22.8323,2026.251,2018.0001,0.0,0.0,0.0,2026.2510000000002,22.832299999999996,2049.0833000000002,2162.0812
1619,0.4256,0.0002,0.4258,0.0766,0.9995302959135743,0.0004697040864255519,24.7527,0.0964,149.1216,124.3689,0.0,0.0,0.0,149.12159999999997,0.09640000000000001,149.21799999999996,155.2215
1620,0.4961,0.0194,0.5155,0.0928,0.9623666343355965,0.03763336566440349,27.3756,12.1289,1752.6127,1725.2371,0.0,0.0,0.0,1752.6126999999997,12.1289,1764.7415999999996,1872.7412
1621,0.3644,0.0001,0.3645,0.0656,0.9997256515775035,0.00027434842249657066,21.1932,0.0526,33.4345,12.2413,0.0,0.0,0.0,33.4345,0.0526,33.4871,35.989
1622,0.4158,0.0003,0.4161,0.0749,0.9992790194664743,0.0007209805335255947,23.1147,0.1715,236.0416,212.9269,0.0,0.0,0.0,236.04159999999996,0.17149999999999999,236.21309999999997,264.7114
1623,0.3613,0.0036,0.3649,0.0657,0.9901342833653056,0.009865716634694436,19.509,2.2611,959.8949,940.3859,0.0,0.0,0.0,959.8948999999999,2.2610999999999994,962.156,995.657
1624,0.4211,0.0004,0.4216,0.0759,0.9988140417457305,0.0009487666034155599,23.4108,0.2895,627.7793,604.3685,0.0,0.0,0.0,627.7792999999998,0.2894999999999999,628.0687999999998,637.5659
1625,0.6018,0.0001,0.6019,0.1083,0.9998338594450905,0.0001661405549094534,35.8239,0.0432,62.8233,26.9994,0.0,0.0,0.0,62.82329999999999,0.043199999999999995,62.86649999999999,62.87
1626,0.5981,0.0005,0.5986,0.1078,0.9991647176745739,0.000835282325425994,33.0036,0.3526,651.566,618.5624,0.0,0.0,0.0,651.566,0.35259999999999997,651.9186000000001,668.9204
1627,0.3448,0.0097,0.3545,0.0638,0.9726375176304655,0.027362482369534556,19.026,6.0173,2025.0381,2006.0121,0.0,0.0,0.0,2025.0380999999998,6.0173,2031.0553999999997,2119.0573
1628,0.2831,0.0021,0.2852,0.0513,0.9926367461430575,0.007363253856942495,15.855,1.3269,1709.654,1693.799,0.0,0.0,0.0,1709.654,1.3269,1710.9809,1775.483
1629,0.5288,0.0118,0.5406,0.0973,0.9781724010358862,0.02182759896411395,29.8347,7.4163,2045.3433,2015.5086,0.0,0.0,0.0,2045.3432999999998,7.416300000000001,2052.7596,2120.2605
1630,0.5728,0.0001,0.5729,0.1031,0.9998254494676209,0.00017455053237912376,31.8423,0.0391,246.2488,214.4065,0.0,0.0,0.0,246.24880000000005,0.0391,246.28790000000004,252.7886
1631,0.139,0.0324,0.1714,0.0309,0.8109684947491249,0.18903150525087514,7.9611,20.6901,2217.3329,2209.3718,0.0,0.0,0.0,2217.3329000000003,20.690099999999997,2238.023,2340.5237
1632,0.5346,0.0085,0.5431,0.0978,0.9843491069784569,0.015650893021542996,29.7192,5.2402,2154.8108,2125.0916,0.0,0.0,0.0,2154.8107999999997,5.2402,2160.051,2245.5517
1633,0.4662,0.0034,0.4696,0.0845,0.9927597955706985,0.007240204429301533,26.1051,2.2649,988.4727,962.3676,0.0,0.0,0.0,988.4727000000001,2.2649,990.7376000000002,1036.733
1634,0.3818,0.0002,0.3821,0.0688,0.9992148652185291,0.0005234231876472128,22.9089,0.1537,23.9091,1.0002,0.0,0.0,0.0,23.909100000000006,0.15369999999999998,24.062800000000006,25.5632
1635,0.4328,0.0036,0.4364,0.0786,0.9917506874427131,0.008249312557286892,23.8833,2.2141,1856.399,1832.5157,0.0,0.0,0.0,1856.3989999999997,2.2140999999999997,1858.6130999999996,1892.1097
1636,0.2116,0.0,0.2117,0.0381,0.9995276334435522,0.0,11.9406,0.0198,127.5838,115.6432,0.0,0.0,0.0,127.58380000000002,0.019799999999999998,127.60360000000003,130.1002
1637,0.2642,0.0001,0.2643,0.0476,0.9996216420734014,0.00037835792659856227,15.855,0.0441,68.8546,52.9996,0.0,0.0,0.0,68.85459999999999,0.04409999999999999,68.89869999999999,68.8962
1638,0.1699,0.0086,0.1785,0.0321,0.9518207282913166,0.048179271708683476,9.513,5.3524,2141.1963,2131.6833,0.0,0.0,0.0,2141.1963,5.352400000000001,2146.5487000000003,2191.0448
1639,0.3459,0.0103,0.3563,0.0641,0.9708111142295818,0.02890822340724109,19.8135,6.971,2218.4688,2198.6553,0.0,0.0,0.0,2218.4687999999996,6.971000000000001,2225.4397999999997,2338.9363
1640,0.1473,0.0407,0.188,0.0338,0.7835106382978723,0.21648936170212765,8.2509,25.7603,2335.9569,2327.706,0.0,0.0,0.0,2335.956899999999,25.760299999999997,2361.717199999999,2447.2161
1641,0.3593,0.0001,0.3594,0.0647,0.9997217584863662,0.0002782415136338342,20.2734,0.0486,126.9356,106.6622,0.0,0.0,0.0,126.93560000000002,0.04859999999999999,126.98420000000002,128.9814
1642,0.6778,0.0091,0.6869,0.1236,0.9867520745377785,0.013247925462221576,37.1301,5.4105,1789.1946,1752.0645,0.0,0.0,0.0,1789.1946000000003,5.4105,1794.6051000000002,1870.6037
1643,0.5252,0.0,0.5253,0.0945,0.9998096325909005,0.0,30.5445,0.0171,142.8151,112.2706,0.0,0.0,0.0,142.81509999999997,0.0171,142.83219999999997,148.834
1644,0.3729,0.0002,0.3731,0.0672,0.9994639506834629,0.0005360493165371214,22.3755,0.1246,47.3759,25.0004,0.0,0.0,0.0,47.3759,0.1246,47.5005,48.0005
1645,0.2121,0.0277,0.2398,0.0432,0.8844870725604671,0.11551292743953294,11.7054,16.8565,2174.8833,2163.1779,0.0,0.0,0.0,2174.8833,16.856499999999997,2191.7398,2266.2363
1646,0.3754,0.0313,0.4067,0.0732,0.9230390951561348,0.07696090484386527,20.2734,19.2535,2370.8208,2350.5474,0.0,0.0,0.0,2370.8207999999995,19.2535,2390.0742999999993,2423.5789
1647,0.5349,0.0001,0.535,0.0963,0.9998130841121495,0.00018691588785046728,31.8423,0.0396,90.2619,58.4196,0.0,0.0,0.0,90.26190000000003,0.0396,90.30150000000002,90.3021
1648,0.1168,0.0,0.1168,0.021,1.0,0.0,6.8439,0.0119,123.064,116.2201,0.0,0.0,0.0,123.06400000000004,0.011899999999999997,123.07590000000003,125.578
1649,0.2772,0.0001,0.2774,0.0499,0.9992790194664745,0.00036049026676279744,16.5018,0.0884,197.1891,180.6873,0.0,0.0,0.0,197.18909999999997,0.0884,197.27749999999997,198.7759
1650,0.2897,0.0001,0.2898,0.0522,0.9996549344375432,0.0003450655624568668,17.1108,0.0523,184.1553,167.0445,0.0,0.0,0.0,184.15529999999995,0.0523,184.20759999999996,188.7065
1651,0.3108,0.0,0.3108,0.0559,1.0,0.0,18.6459,0.0177,20.6463,2.0004,0.0,0.0,0.0,20.646299999999997,0.0177,20.663999999999998,20.6598
1652,0.3302,0.0,0.3303,0.0594,0.9996972449288526,0.0,19.8135,0.0233,53.8131,33.9996,0.0,0.0,0.0,53.81309999999999,0.0233,53.83639999999999,53.8333
1653,0.1725,0.0001,0.1726,0.0311,0.9994206257242177,0.0005793742757821553,10.2669,0.0513,96.4816,86.2147,0.0,0.0,0.0,96.4816,0.0513,96.5329,97.5365
1654,0.2116,0.001,0.2126,0.0383,0.9952963311382879,0.004703668861712135,11.9406,0.6115,972.7599,960.8193,0.0,0.0,0.0,972.7598999999999,0.6114999999999999,973.3713999999999,1010.8742
1655,0.3372,0.0003,0.3375,0.0607,0.9991111111111111,0.0008888888888888887,19.026,0.1599,783.0819,764.0559,0.0,0.0,0.0,783.0818999999998,0.15990000000000001,783.2417999999998,794.7462
1656,0.1833,0.0058,0.1891,0.034,0.9693283976731888,0.03067160232681121,10.2669,3.7926,1823.3375,1813.0706,0.0,0.0,0.0,1823.3375000000005,3.7926,1827.1301000000005,1972.6276
1657,0.4289,0.0005,0.4295,0.0773,0.9986030267753202,0.0011641443538998836,24.7527,0.3567,465.4635,440.7108,0.0,0.0,0.0,465.4635,0.35669999999999996,465.8202,476.8156
1658,0.3808,0.0005,0.3813,0.0686,0.9986886965643852,0.0013113034356150015,20.2734,0.313,199.3016,179.0282,0.0,0.0,0.0,199.30159999999995,0.313,199.61459999999994,221.6168
1659,0.3659,0.0003,0.3662,0.0659,0.9991807755324958,0.000819224467504096,19.9017,0.1665,176.5723,156.6706,0.0,0.0,0.0,176.57229999999998,0.16649999999999998,176.7388,196.2349
1660,0.1174,0.0043,0.1218,0.0219,0.9638752052545156,0.035303776683087026,6.342,2.7274,2057.6729,2051.3309,0.0,0.0,0.0,2057.6728999999996,2.7274000000000003,2060.4003,2109.4023
1661,0.4543,0.0064,0.4607,0.0829,0.9861080963750813,0.013891903624918604,25.4394,3.8234,2038.4403,2013.0009,0.0,0.0,0.0,2038.4402999999998,3.8234,2042.2636999999997,2126.2596
1662,0.5157,0.0023,0.518,0.0932,0.9955598455598457,0.00444015444015444,28.8792,1.3963,1234.783,1205.9038,0.0,0.0,0.0,1234.783,1.3962999999999997,1236.1793,1286.1839
1663,0.3434,0.003,0.3464,0.0624,0.9913394919168591,0.008660508083140879,19.0911,1.9019,1955.0377,1935.9466,0.0,0.0,0.0,1955.0377000000005,1.9019,1956.9396000000006,2007.9395
1664,0.1473,0.0019,0.1493,0.0269,0.9866041527126591,0.012726054922973878,8.2509,1.2381,1553.6578,1545.4069,0.0,0.0,0.0,1553.6578000000002,1.2381000000000002,1554.8959000000002,1618.8955
1665,0.1892,0.0013,0.1906,0.0343,0.9926547743966423,0.006820566631689402,10.5966,0.9255,1667.4275,1656.8309,0.0,0.0,0.0,1667.4274999999998,0.9255,1668.3529999999998,1707.8572
1666,0.6273,0.0001,0.6274,0.1129,0.9998406120497291,0.00015938795027095953,34.3644,0.0663,170.2275,135.8631,0.0,0.0,0.0,170.22750000000005,0.0663,170.29380000000006,174.7952
1667,0.3078,0.0,0.3078,0.0554,1.0,0.0,17.1108,0.0132,125.4508,108.34,0.0,0.0,0.0,125.45080000000003,0.013199999999999998,125.46400000000003,131.9636
1668,0.2746,0.0,0.2747,0.0494,0.9996359665089188,0.0,16.2204,0.0206,83.7523,67.5319,0.0,0.0,0.0,83.75229999999999,0.020600000000000004,83.77289999999999,83.7754
1669,0.2282,0.0151,0.2433,0.0438,0.9379367036580354,0.062063296341964655,12.684,9.8969,1818.5904,1805.9064,0.0,0.0,0.0,1818.5904000000003,9.896900000000002,1828.4873000000002,1947.4827
1670,0.124,0.0002,0.1242,0.0224,0.998389694041868,0.001610305958132045,6.8439,0.1146,427.5387,420.6948,0.0,0.0,0.0,427.5386999999999,0.1146,427.6532999999999,434.6548
1671,0.4986,0.0072,0.5057,0.091,0.9859600553687956,0.014237690330235316,27.3126,4.6389,2103.578,2076.2654,0.0,0.0,0.0,2103.578,4.6389,2108.2169,2156.718
1672,0.6827,0.0304,0.7131,0.1284,0.9573692329266583,0.04263076707334175,37.1301,19.4307,1945.9816,1908.8515,0.0,0.0,0.0,1945.9816,19.430699999999998,1965.4123,2117.4094
1673,0.5172,0.0001,0.5173,0.0931,0.9998066885752949,0.0001933114247052001,28.539,0.091,406.8196,378.2806,0.0,0.0,0.0,406.8195999999999,0.09099999999999998,406.91059999999993,418.9067
1674,0.3101,0.0029,0.313,0.0563,0.9907348242811501,0.00926517571884984,17.1108,1.8143,1843.1241,1826.0133,0.0,0.0,0.0,1843.1241,1.8142999999999998,1844.9384,1916.439
1675,0.3404,0.0007,0.3411,0.0614,0.9979478158897683,0.0020521841102316037,18.6459,0.4697,983.9582,965.3123,0.0,0.0,0.0,983.9582,0.46970000000000006,984.4279,1006.9297
1676,0.2243,0.0002,0.2245,0.0404,0.999109131403118,0.0008908685968819599,11.9406,0.1445,627.5096,615.569,0.0,0.0,0.0,627.5096000000001,0.14450000000000002,627.6541000000001,637.6557
1677,0.1321,0.0,0.1322,0.0238,0.9992435703479575,0.0,7.8036,0.0201,82.9056,75.102,0.0,0.0,0.0,82.9056,0.020099999999999996,82.9257,85.4224
1678,0.4513,0.0014,0.4528,0.0815,0.9966872791519434,0.003091872791519435,24.7254,0.935,1436.6253,1411.8999,0.0,0.0,0.0,1436.6253000000002,0.935,1437.5603,1462.5583
1679,0.4731,0.0339,0.5069,0.0912,0.933320181495364,0.06687709607417636,26.1051,19.7227,2001.1265,1975.0214,0.0,0.0,0.0,2001.1264999999999,19.7227,2020.8491999999999,2105.8536
1680,0.1166,0.0011,0.1177,0.0212,0.9906542056074766,0.009345794392523366,6.342,0.6913,1183.0869,1176.7449,0.0,0.0,0.0,1183.0869,0.6912999999999999,1183.7782,1258.2755
1681,0.442,0.0005,0.4425,0.0796,0.9988700564971751,0.0011299435028248588,24.7527,0.3054,383.6452,358.8925,0.0,0.0,0.0,383.6452,0.3054,383.9506,422.4466
1682,0.4588,0.0,0.4588,0.0826,1.0,0.0,27.3126,0.0176,63.7378,36.4252,0.0,0.0,0.0,63.73780000000001,0.0176,63.75540000000001,64.2549
1683,0.199,0.0001,0.1991,0.0358,0.9994977398292316,0.0005022601707684581,11.9406,0.0784,11.9412,0.0006,0.0,0.0,0.0,11.941199999999998,0.07840000000000001,12.019599999999999,12.0196
1684,0.1188,0.0026,0.1214,0.0219,0.9785831960461285,0.0214168039538715,6.6045,1.6212,1531.7203,1525.1158,0.0,0.0,0.0,1531.7203,1.6212,1533.3415,1576.3375
1685,0.356,0.0,0.3561,0.0641,0.9997191800056163,0.0,21.1932,0.0298,63.0258,41.8326,0.0,0.0,0.0,63.025800000000004,0.0298,63.055600000000005,63.5532
1686,0.4843,0.0004,0.4848,0.0873,0.9989686468646864,0.0008250825082508251,26.7267,0.2675,468.1877,441.461,0.0,0.0,0.0,468.1877,0.2675,468.4552,478.4532
1687,0.5884,0.0004,0.5888,0.106,0.9993206521739131,0.0006793478260869566,32.7096,0.2249,211.2428,178.5332,0.0,0.0,0.0,211.24280000000005,0.2249,211.46770000000004,236.4659
1688,0.5615,0.0039,0.5654,0.1018,0.9931022285107888,0.006897771489211177,31.2144,2.4346,1428.1156,1396.9012,0.0,0.0,0.0,1428.1156,2.4345999999999997,1430.5502000000001,1485.0493
1689,0.138,0.0005,0.1385,0.0249,0.9963898916967509,0.003610108303249097,7.9611,0.3301,843.9585,835.9974,0.0,0.0,0.0,843.9585,0.3301,844.2886,854.7881
1690,0.2788,0.0142,0.293,0.0527,0.9515358361774744,0.0484641638225256,15.2733,8.7499,1576.4808,1561.2075,0.0,0.0,0.0,1576.4808,8.749899999999998,1585.2307,1643.7307
1691,0.5739,0.0036,0.5776,0.104,0.9935941828254847,0.006232686980609418,31.2144,2.3593,1571.7926,1540.5782,0.0,0.0,0.0,1571.7926,2.3592999999999997,1574.1519,1649.6503
1692,0.5272,0.0177,0.5448,0.0981,0.9676945668135096,0.03248898678414097,28.8792,10.8186,2113.7833,2084.9041,0.0,0.0,0.0,2113.7833,10.8186,2124.6019,2235.1055
1693,0.2429,0.0002,0.243,0.0437,0.9995884773662552,0.000823045267489712,13.209,0.1017,262.5551,249.3461,0.0,0.0,0.0,262.5551,0.1017,262.6568,275.1585
1694,0.4084,0.0275,0.4359,0.0785,0.9369121358109658,0.06308786418903418,22.3755,17.3363,2200.9983,2178.6228,0.0,0.0,0.0,2200.9983,17.3363,2218.3346,2298.3347
1695,0.1298,0.0116,0.1414,0.0254,0.917963224893918,0.08203677510608204,7.2681,7.1858,1987.7986,1980.5305,0.0,0.0,0.0,1987.7985999999999,7.185800000000001,1994.9843999999998,2058.9803
1696,0.4295,0.0001,0.4296,0.0773,0.9997672253258846,0.00023277467411545626,25.368,0.0399,143.8445,118.4765,0.0,0.0,0.0,143.84449999999998,0.0399,143.88439999999997,148.8873
1697,0.2894,0.0,0.2895,0.0521,0.9996545768566494,0.0,15.855,0.0238,127.6615,111.8065,0.0,0.0,0.0,127.66149999999999,0.023799999999999998,127.68529999999998,129.1882
1698,0.4441,0.0005,0.4446,0.08,0.9988753936122358,0.0011246063877642825,24.3285,0.3305,843.0728,818.7443,0.0,0.0,0.0,843.0727999999999,0.3305,843.4033,858.3998
1699,0.3856,0.0,0.3857,0.0694,0.9997407311381903,0.0,20.5317,0.0228,90.3373,69.8056,0.0,0.0,0.0,90.3373,0.0228,90.3601,90.3552
1700,0.428,0.0001,0.4281,0.0771,0.9997664097173558,0.00023359028264424201,24.3285,0.045,85.3504,61.0219,0.0,0.0,0.0,85.35040000000002,0.045,85.39540000000002,89.3916
1701,0.2062,0.0002,0.2064,0.0372,0.999031007751938,0.0009689922480620156,10.9032,0.1177,243.5363,232.6331,0.0,0.0,0.0,243.53630000000004,0.1177,243.65400000000005,274.1559
1702,0.3033,0.0025,0.3058,0.055,0.9918247220405494,0.008175277959450621,17.1108,1.5988,1790.3011,1773.1903,0.0,0.0,0.0,1790.3011000000001,1.5987999999999998,1791.8999000000001,1822.8962
1703,0.1424,0.0004,0.1428,0.0257,0.9971988795518206,0.0028011204481792717,7.6356,0.2514,532.9622,525.3266,0.0,0.0,0.0,532.9622,0.25139999999999996,533.2136,542.7174
1704,0.3359,0.006,0.3418,0.0615,0.9827384435342305,0.017554125219426567,19.0911,3.7635,1609.8687,1590.7776,0.0,0.0,0.0,1609.8687000000002,3.7635000000000005,1613.6322000000002,1664.1338
1705,0.3528,0.0082,0.3609,0.065,0.9775561097256859,0.022720975339429208,19.9017,4.9674,2146.0835,2126.1818,0.0,0.0,0.0,2146.083500000001,4.9674000000000005,2151.050900000001,2201.5545
1706,0.3389,0.0001,0.339,0.061,0.9997050147492624,0.0002949852507374631,18.1713,0.0559,122.1815,104.0102,0.0,0.0,0.0,122.18150000000001,0.0559,122.23740000000001,124.2339
1707,0.1171,0.0003,0.1174,0.0211,0.9974446337308347,0.002555366269165247,6.6045,0.1953,661.3397,654.7352,0.0,0.0,0.0,661.3396999999998,0.19529999999999997,661.5349999999997,676.0357
1708,0.1491,0.002,0.1511,0.0272,0.986763732627399,0.013236267372600925,8.1102,1.2451,1426.5001,1418.3899,0.0,0.0,0.0,1426.5000999999997,1.2451,1427.7451999999998,1477.7488
1709,0.4558,0.0274,0.4832,0.087,0.9432947019867549,0.05670529801324503,26.1051,17.2243,2087.1217,2061.0166,0.0,0.0,0.0,2087.1217000000006,17.2243,2104.3460000000005,2218.3467
1710,0.3101,0.0,0.3101,0.0558,1.0,0.0,18.1713,0.0314,83.5665,65.3952,0.0,0.0,0.0,83.56650000000002,0.0314,83.59790000000002,84.6019
1711,0.4997,0.0012,0.5009,0.0902,0.9976043122379716,0.002395687762028349,27.3756,0.7892,1613.3193,1585.9437,0.0,0.0,0.0,1613.3192999999999,0.7892,1614.1084999999998,1657.1113
1712,0.2905,0.0118,0.3023,0.0544,0.9609659278862056,0.03903407211379424,16.5102,7.1833,1985.0755,1968.5653,0.0,0.0,0.0,1985.0755,7.183300000000001,1992.2587999999998,2099.2543
1713,0.3964,0.0199,0.4162,0.0749,0.9524267179240749,0.0478135511773186,22.197,11.7216,2226.9312,2204.7342,0.0,0.0,0.0,2226.9311999999995,11.7216,2238.6527999999994,2335.6485
1714,0.4097,0.0207,0.4304,0.0775,0.9519052044609666,0.04809479553903345,23.1147,12.4774,1904.2913,1881.1766,0.0,0.0,0.0,1904.2912999999999,12.4774,1916.7686999999999,2080.7661
1715,0.6113,0.0001,0.6113,0.11,1.0,0.0001635858007524947,35.8239,0.0369,75.2689,39.445,0.0,0.0,0.0,75.26889999999999,0.0369,75.30579999999999,77.8068
1716,0.2546,0.0001,0.2546,0.0458,1.0,0.00039277297721916735,15.2733,0.0412,39.2728,23.9995,0.0,0.0,0.0,39.2728,0.041199999999999994,39.314,39.3158
1717,0.4594,0.0001,0.4596,0.0827,0.9995648389904264,0.0002175805047867711,23.9547,0.0946,66.6625,42.7078,0.0,0.0,0.0,66.6625,0.09459999999999999,66.7571,78.7526
1718,0.2299,0.0003,0.2301,0.0414,0.9991308126901347,0.001303780964797914,12.684,0.1765,406.4664,393.7824,0.0,0.0,0.0,406.46639999999996,0.17650000000000002,406.64289999999994,430.1479
1719,0.1997,0.0001,0.1999,0.036,0.9989994997498749,0.0005002501250625313,11.7054,0.0755,235.0643,223.3589,0.0,0.0,0.0,235.06429999999997,0.07550000000000001,235.13979999999998,249.6412
1720,0.2748,0.0077,0.2825,0.0508,0.9727433628318585,0.027256637168141598,15.2733,4.843,1989.6313,1974.358,0.0,0.0,0.0,1989.6313,4.843,1994.4743,2047.9709
1721,0.299,0.0,0.2991,0.0538,0.9996656636576396,0.0,17.661,0.0274,67.0801,49.4191,0.0,0.0,0.0,67.08009999999997,0.027400000000000004,67.10749999999997,74.1026
1722,0.2553,0.0001,0.2554,0.046,0.9996084573218481,0.00039154267815191856,13.6878,0.0499,193.5542,179.8664,0.0,0.0,0.0,193.55420000000004,0.0499,193.60410000000005,200.6021
1723,0.2046,0.0278,0.2324,0.0418,0.8803786574870912,0.11962134251290878,11.4555,17.813,2158.9216,2147.4661,0.0,0.0,0.0,2158.9216,17.813,2176.7346000000002,2312.2352
1724,0.4119,0.0,0.4119,0.0741,1.0,0.0,24.3285,0.0199,67.7929,43.4644,0.0,0.0,0.0,67.79290000000002,0.019899999999999998,67.81280000000002,68.316
1725,0.5233,0.0004,0.5238,0.0943,0.999045437189767,0.0007636502481863306,27.8628,0.2735,488.6546,460.7918,0.0,0.0,0.0,488.65459999999996,0.2735,488.9281,506.4293
1726,0.3996,0.0007,0.4003,0.0721,0.9982513115163628,0.0017486884836372721,22.3755,0.4687,1036.3525,1013.977,0.0,0.0,0.0,1036.3525,0.4687,1036.8211999999999,1072.8185
1727,0.3567,0.0021,0.3587,0.0646,0.9944243100083635,0.0058544744912182875,20.2734,1.2819,1693.828,1673.5546,0.0,0.0,0.0,1693.8280000000002,1.2819000000000003,1695.1099000000002,1735.1052
1728,0.2873,0.0001,0.2874,0.0517,0.9996520528879611,0.0003479471120389701,15.855,0.042,122.2283,106.3733,0.0,0.0,0.0,122.22829999999998,0.041999999999999996,122.27029999999998,124.2681
1729,0.4711,0.0002,0.4713,0.0848,0.9995756418417144,0.0004243581582855931,25.4394,0.1297,134.5747,109.1353,0.0,0.0,0.0,134.57469999999998,0.12969999999999998,134.7044,166.7053
1730,0.5656,0.0004,0.5661,0.1019,0.999116763822646,0.0007065889418830595,30.5445,0.2807,223.7103,193.1658,0.0,0.0,0.0,223.7103,0.2807,223.99099999999999,250.4951
1731,0.4055,0.0018,0.4072,0.0733,0.9958251473477407,0.0044204322200392925,22.3755,1.1333,1510.1979,1487.8224,0.0,0.0,0.0,1510.1978999999997,1.1333000000000002,1511.3311999999996,1595.8351
1732,0.4798,0.0001,0.4799,0.0864,0.9997916232548448,0.00020837674515524068,25.368,0.0504,240.646,215.278,0.0,0.0,0.0,240.646,0.0504,240.69639999999998,242.6919
1733,0.4342,0.0001,0.4342,0.0782,1.0,0.0002303086135421465,23.1147,0.0473,134.0947,110.98,0.0,0.0,0.0,134.09469999999996,0.0473,134.14199999999997,136.139
1734,0.3925,0.0015,0.3939,0.0709,0.9964457984259966,0.0038080731150038085,21.1932,0.8962,1361.3778,1340.1846,0.0,0.0,0.0,1361.3777999999998,0.8962000000000001,1362.2739999999997,1405.2726
1735,0.6014,0.0001,0.6015,0.1083,0.999833748960931,0.00016625103906899418,32.7096,0.0572,78.2272,45.5176,0.0,0.0,0.0,78.2272,0.0572,78.28439999999999,82.2882
1736,0.2306,0.0001,0.2307,0.0415,0.999566536627655,0.0004334633723450369,13.209,0.0459,187.8958,174.6868,0.0,0.0,0.0,187.89579999999998,0.045899999999999996,187.94169999999997,192.9427
1737,0.3602,0.0003,0.3605,0.0649,0.9991678224687934,0.0008321775312066574,20.6283,0.1776,94.6277,73.9994,0.0,0.0,0.0,94.62769999999999,0.17759999999999998,94.80529999999999,111.8075
1738,0.5798,0.0,0.5798,0.1044,1.0,0.0,32.7096,0.0315,105.4748,72.7652,0.0,0.0,0.0,105.47479999999997,0.0315,105.50629999999997,106.5072
1739,0.5574,0.0038,0.5612,0.101,0.9932287954383463,0.006771204561653599,31.2144,2.2882,1757.5324,1726.318,0.0,0.0,0.0,1757.5324,2.2882000000000002,1759.8206,1800.8192
1740,0.6778,0.0001,0.6779,0.122,0.9998524856173477,0.0001475143826523086,37.1301,0.0939,100.4354,63.3053,0.0,0.0,0.0,100.43540000000002,0.09390000000000001,100.52930000000002,106.0253
1741,0.2215,0.0005,0.222,0.04,0.9977477477477478,0.0022522522522522522,12.684,0.3231,560.9854,548.3014,0.0,0.0,0.0,560.9854000000003,0.32309999999999994,561.3085000000002,587.8059
1742,0.4877,0.0016,0.4893,0.0881,0.9967300224810954,0.0032699775189045576,27.3126,0.9879,1368.2766,1340.964,0.0,0.0,0.0,1368.2766000000001,0.9878999999999999,1369.2645000000002,1406.7665
1743,0.2915,0.0178,0.3093,0.0557,0.9424506951180083,0.057549304881991586,15.855,11.0241,2088.9441,2073.0891,0.0,0.0,0.0,2088.9441,11.0241,2099.9682000000003,2210.4698
1744,0.248,0.0056,0.2536,0.0457,0.9779179810725552,0.022082018927444796,13.6878,3.3005,1986.5747,1972.8869,0.0,0.0,0.0,1986.5747000000003,3.3005000000000004,1989.8752000000004,2028.3738
1745,0.2205,0.0002,0.2207,0.0397,0.9990937924784775,0.0009062075215224287,12.1653,0.1505,307.0925,294.9272,0.0,0.0,0.0,307.0924999999999,0.15050000000000002,307.24299999999994,332.2389
1746,0.6532,0.0003,0.6535,0.1176,0.9995409334353482,0.0004590665646518745,37.1301,0.1776,287.0986,249.9685,0.0,0.0,0.0,287.0986,0.17759999999999998,287.27619999999996,299.7738
1747,0.2164,0.004,0.2204,0.0397,0.9818511796733213,0.018148820326678767,11.9406,2.6081,1939.7677,1927.8271,0.0,0.0,0.0,1939.7677000000003,2.6081,1942.3758000000003,1964.8757
1748,0.5294,0.0003,0.5297,0.0953,0.9994336416839721,0.0005663583160279403,28.3836,0.1957,508.7806,480.397,0.0,0.0,0.0,508.78060000000005,0.1957,508.97630000000004,535.4745
1749,0.5887,0.0004,0.5891,0.106,0.9993209981327449,0.000679001867255135,31.7898,0.2401,502.1814,470.3916,0.0,0.0,0.0,502.1814,0.24009999999999998,502.4215,526.4184
1750,0.424,0.0,0.424,0.0763,1.0,0.0,25.4394,0.0144,42.4403,17.0009,0.0,0.0,0.0,42.44029999999999,0.014399999999999998,42.454699999999995,42.4517
1751,0.6188,0.0001,0.619,0.1114,0.9996768982229403,0.00016155088852988692,37.1301,0.0808,50.1293,12.9992,0.0,0.0,0.0,50.1293,0.08080000000000001,50.210100000000004,56.7084
1752,0.199,0.0249,0.2239,0.0403,0.8887896382313534,0.11121036176864672,10.9032,15.2569,2040.1254,2029.2222,0.0,0.0,0.0,2040.1253999999997,15.256899999999998,2055.3822999999998,2203.8794
1753,0.3905,0.0,0.3905,0.0703,1.0,0.0,22.197,0.0199,102.142,79.945,0.0,0.0,0.0,102.14200000000001,0.019899999999999998,102.16190000000002,104.1614
1754,0.3197,0.0007,0.3204,0.0577,0.9978152309612983,0.0021847690387016227,18.1713,0.472,1343.9904,1325.8191,0.0,0.0,0.0,1343.9904,0.4720000000000001,1344.4624,1374.9627
1755,0.5686,0.0037,0.5723,0.103,0.9935348593395071,0.0064651406604927485,31.8423,2.4058,1552.2096,1520.3673,0.0,0.0,0.0,1552.2096,2.4057999999999997,1554.6154,1631.119
1756,0.5436,0.0,0.5436,0.0979,1.0,0.0,28.539,0.0241,37.0706,8.5316,0.0,0.0,0.0,37.070600000000006,0.0241,37.0947,40.0934
1757,0.5348,0.0327,0.5675,0.1022,0.9423788546255507,0.05762114537444934,28.8792,19.6767,2164.927,2136.0478,0.0,0.0,0.0,2164.9269999999997,19.676700000000004,2184.6036999999997,2282.1035
1758,0.2423,0.0001,0.2424,0.0436,0.9995874587458745,0.00041254125412541255,14.5362,0.0615,66.5368,52.0006,0.0,0.0,0.0,66.53680000000001,0.061500000000000006,66.59830000000001,66.5945
1759,0.1133,0.0011,0.1143,0.0206,0.9912510936132983,0.00962379702537183,6.342,0.7092,1347.6284,1341.2864,0.0,0.0,0.0,1347.6283999999998,0.7091999999999998,1348.3375999999998,1415.3352
1760,0.3869,0.0061,0.393,0.0707,0.9844783715012723,0.015521628498727735,21.1932,3.6252,1808.251,1787.0578,0.0,0.0,0.0,1808.2509999999997,3.6252,1811.8761999999997,1859.875
1761,0.3146,0.0221,0.3367,0.0606,0.9343629343629344,0.06563706563706564,17.1108,14.4461,1969.3462,1952.2354,0.0,0.0,0.0,1969.3462,14.446100000000001,1983.7923,2106.2907
1762,0.5268,0.0,0.5268,0.0948,1.0,0.0,29.7192,0.0146,39.464,9.7448,0.0,0.0,0.0,39.464,0.0146,39.4786,40.4737
1763,0.4949,0.0017,0.4966,0.0894,0.9965767217076118,0.00342327829238824,26.7267,1.0589,1274.6874,1247.9607,0.0,0.0,0.0,1274.6873999999998,1.0589000000000002,1275.7462999999998,1334.2461
1764,0.3303,0.0,0.3303,0.0595,1.0,0.0,19.509,0.0194,52.0418,32.5328,0.0,0.0,0.0,52.0418,0.019400000000000004,52.0612,57.5563
1765,0.1808,0.0003,0.1811,0.0326,0.9983434566537823,0.001656543346217559,9.9057,0.1963,458.3783,448.4726,0.0,0.0,0.0,458.3782999999999,0.19630000000000003,458.5745999999999,484.571
1766,0.1414,0.002,0.1434,0.0258,0.9860529986052998,0.01394700139470014,7.8036,1.2277,871.3289,863.5253,0.0,0.0,0.0,871.3288999999997,1.2276999999999998,872.5565999999998,908.557
1767,0.3269,0.013,0.3399,0.0612,0.9617534568990881,0.03824654310091204,18.1713,8.1783,2092.7011,2074.5298,0.0,0.0,0.0,2092.7010999999998,8.1783,2100.8794,2153.8804
1768,0.1998,0.0078,0.2076,0.0374,0.9624277456647399,0.03757225433526011,11.1888,4.6645,1974.8566,1963.6678,0.0,0.0,0.0,1974.8565999999998,4.6645,1979.5211,2002.5255
1769,0.6227,0.0009,0.6236,0.1123,0.9985567671584349,0.0014432328415651056,34.3644,0.5415,750.8235,716.4591,0.0,0.0,0.0,750.8235,0.5415,751.365,805.8688
1770,0.3453,0.0274,0.3727,0.0671,0.9264824255433325,0.07351757445666757,18.6459,16.6978,1756.8447,1738.1988,0.0,0.0,0.0,1756.8446999999996,16.6978,1773.5424999999996,1881.5387
1771,0.4125,0.0,0.4125,0.0743,1.0,0.0,21.8064,0.0268,44.2292,22.4228,0.0,0.0,0.0,44.229200000000006,0.0268,44.25600000000001,54.2512
1772,0.516,0.0046,0.5206,0.0937,0.9911640414905879,0.008835958509412217,27.8628,2.9178,1256.641,1228.7782,0.0,0.0,0.0,1256.6410000000003,2.9178000000000006,1259.5588000000002,1294.557
1773,0.4273,0.0009,0.4282,0.0771,0.9978981784212985,0.0021018215787015414,22.9089,0.5778,116.9299,94.021,0.0,0.0,0.0,116.92990000000003,0.5778,117.50770000000003,142.0096
1774,0.5452,0.0,0.5452,0.0981,1.0,0.0,32.7096,0.0313,72.7088,39.9992,0.0,0.0,0.0,72.70879999999998,0.0313,72.74009999999998,73.2389
1775,0.4454,0.0005,0.4459,0.0803,0.99887867234806,0.001121327651939897,23.8833,0.3137,318.1968,294.3135,0.0,0.0,0.0,318.19680000000005,0.31370000000000003,318.51050000000004,356.5093
1776,0.2911,0.0069,0.298,0.0536,0.9768456375838928,0.023154362416107382,15.6072,4.3958,1966.3591,1950.7519,0.0,0.0,0.0,1966.3591,4.3958,1970.7549,2035.2563
1777,0.4084,0.006,0.4144,0.0746,0.9855212355212355,0.01447876447876448,22.3755,3.9003,1658.7469,1636.3714,0.0,0.0,0.0,1658.7468999999994,3.9002999999999997,1662.6471999999994,1733.1436
1778,0.5686,0.0005,0.5691,0.1024,0.9991214197856263,0.0008785802143735723,31.8423,0.3099,800.5729,768.7306,0.0,0.0,0.0,800.5729,0.3099,800.8828,819.3868
1779,0.4843,0.0011,0.4854,0.0874,0.9977338277709106,0.002266172229089411,26.7267,0.6583,558.2895,531.5628,0.0,0.0,0.0,558.2894999999999,0.6583,558.9477999999999,602.9492
1780,0.3611,0.0001,0.3612,0.065,0.9997231450719821,0.0002768549280177187,19.0911,0.0771,95.091,75.9999,0.0,0.0,0.0,95.09099999999998,0.0771,95.16809999999998,99.1713
1781,0.5491,0.0001,0.5493,0.0989,0.9996359002366649,0.0001820498816675769,31.2144,0.0757,83.2132,51.9988,0.0,0.0,0.0,83.2132,0.0757,83.2889,87.7914
1782,0.2748,0.0315,0.3063,0.0551,0.8971596474045053,0.10284035259549461,15.2733,19.4457,2117.6822,2102.4089,0.0,0.0,0.0,2117.6821999999997,19.445700000000002,2137.1279,2238.1232
1783,0.5228,0.0188,0.5416,0.0975,0.9652880354505171,0.03471196454948302,29.7192,12.2802,1950.3273,1920.6081,0.0,0.0,0.0,1950.3272999999997,12.2802,1962.6074999999996,2100.1027
1784,0.3512,0.0014,0.3526,0.0635,0.9960294951786727,0.003970504821327283,19.8135,0.8147,1729.7608,1709.9473,0.0,0.0,0.0,1729.7608000000002,0.8146999999999999,1730.5755000000001,1756.5758
1785,0.1686,0.0042,0.1729,0.0311,0.9751301330248698,0.024291497975708502,9.513,2.6874,1979.7271,1970.2141,0.0,0.0,0.0,1979.7270999999996,2.6874000000000002,1982.4144999999996,2066.4159
1786,0.2131,0.0,0.2132,0.0384,0.9995309568480301,0.0,11.1888,0.0284,13.2539,2.0651,0.0,0.0,0.0,13.253900000000002,0.028399999999999998,13.282300000000001,15.7785
1787,0.5803,0.0057,0.586,0.1055,0.9902730375426623,0.009726962457337885,31.7898,3.7653,2094.9135,2063.1237,0.0,0.0,0.0,2094.9135,3.7653000000000008,2098.6788,2170.1748
1788,0.1383,0.0257,0.1641,0.0295,0.8427787934186473,0.15661182205971969,7.8036,16.8401,1961.5851,1953.7815,0.0,0.0,0.0,1961.5850999999998,16.8401,1978.4251999999997,2136.4288
1789,0.5878,0.0018,0.5896,0.1061,0.9969470827679783,0.0030529172320217096,32.4387,1.1653,1270.6232,1238.1845,0.0,0.0,0.0,1270.6232,1.1653,1271.7884999999999,1340.7922
1790,0.5038,0.0001,0.5039,0.0907,0.9998015479261758,0.00019845207382417147,29.0745,0.0522,371.0337,341.9592,0.0,0.0,0.0,371.0337,0.052199999999999996,371.08590000000004,385.087
1791,0.5269,0.0004,0.5273,0.0949,0.9992414185473166,0.000758581452683482,29.0745,0.2543,552.1942,523.1197,0.0,0.0,0.0,552.1942,0.25429999999999997,552.4485,572.9515
1792,0.4278,0.0112,0.4389,0.079,0.9747095010252905,0.025518341307814992,23.9547,7.2534,1924.5745,1900.6198,0.0,0.0,0.0,1924.5744999999995,7.253400000000001,1931.8278999999995,2064.3283
1793,0.4084,0.007,0.4154,0.0748,0.9831487722676938,0.016851227732306212,22.3755,4.2502,1933.8446,1911.4691,0.0,0.0,0.0,1933.8445999999997,4.2501999999999995,1938.0947999999996,1972.5953
1794,0.5059,0.0003,0.5061,0.0911,0.9996048211815847,0.0005927682276229994,28.539,0.1871,485.657,457.118,0.0,0.0,0.0,485.657,0.1871,485.84409999999997,502.842
1795,0.5535,0.0011,0.5546,0.0998,0.9980165885322755,0.0019834114677244863,30.5445,0.6555,636.5227,605.9782,0.0,0.0,0.0,636.5227000000002,0.6555,637.1782000000002,654.1742
1796,0.5981,0.0005,0.5986,0.1078,0.9991647176745739,0.000835282325425994,33.0036,0.3459,481.5595,448.5559,0.0,0.0,0.0,481.55949999999996,0.34589999999999993,481.90539999999993,502.4067
1797,0.4296,0.0088,0.4384,0.0789,0.97992700729927,0.020072992700729927,23.8833,5.3448,1839.0911,1815.2078,0.0,0.0,0.0,1839.0910999999996,5.344799999999999,1844.4358999999997,1915.4396
1798,0.4344,0.001,0.4354,0.0784,0.9977032613688562,0.0022967386311437757,24.3285,0.6336,727.6203,703.2918,0.0,0.0,0.0,727.6203,0.6336,728.2539,745.7532
1799,0.3784,0.0002,0.3786,0.0681,0.9994717379820391,0.0005282620179609086,21.1932,0.1027,284.6048,263.4116,0.0,0.0,0.0,284.60480000000007,0.10270000000000001,284.7075000000001,321.7035
1800,0.3146,0.0054,0.32,0.0576,0.9831249999999999,0.016875,17.1108,3.3627,1936.4509,1919.3401,0.0,0.0,0.0,1936.4509000000005,3.3626999999999994,1939.8136000000004,2019.3162
1801,0.2164,0.0144,0.2308,0.0415,0.9376083188908145,0.062391681109185436,11.9406,8.9121,2222.7169,2210.7763,0.0,0.0,0.0,2222.7169,8.9121,2231.629,2251.6297
1802,0.3784,0.0115,0.39,0.0702,0.9702564102564103,0.029487179487179487,21.1932,7.4302,1921.3183,1900.1251,0.0,0.0,0.0,1921.3183,7.430199999999999,1928.7485,2002.2529
1803,0.3574,0.0001,0.3574,0.0643,1.0,0.0002797985450475658,19.026,0.0402,109.0257,89.9997,0.0,0.0,0.0,109.02570000000001,0.04020000000000001,109.06590000000001,117.0621
1804,0.3721,0.0001,0.3721,0.067,1.0,0.0002687449610319807,20.5317,0.0511,43.7222,23.1905,0.0,0.0,0.0,43.722199999999994,0.051100000000000007,43.77329999999999,50.2777
1805,0.4182,0.0002,0.4184,0.0753,0.9995219885277247,0.00047801147227533465,22.9089,0.134,494.2197,471.3108,0.0,0.0,0.0,494.2196999999999,0.13399999999999998,494.3536999999999,506.3574
1806,0.2091,0.0009,0.21,0.0378,0.9957142857142858,0.004285714285714286,11.4555,0.5655,514.7741,503.3186,0.0,0.0,0.0,514.7741,0.5655,515.3396,559.3411
1807,0.1352,0.0283,0.1635,0.0294,0.8269113149847094,0.1730886850152905,7.4592,17.4732,2163.5489,2156.0897,0.0,0.0,0.0,2163.5489,17.473200000000002,2181.0220999999997,2271.0215
1808,0.5887,0.012,0.6007,0.1081,0.9800233061428334,0.01997669385716664,31.7898,7.9336,1577.7906,1546.0008,0.0,0.0,0.0,1577.7905999999998,7.933599999999999,1585.7241999999999,1666.7279
1809,0.4441,0.0165,0.4606,0.0829,0.9641771602257924,0.035822839774207554,24.3285,10.1981,2143.9571,2119.6286,0.0,0.0,0.0,2143.9571000000005,10.198100000000002,2154.1552000000006,2217.6556
1810,0.2057,0.0231,0.2289,0.0412,0.8986456968108344,0.10091743119266056,11.1888,14.4885,2065.6758,2054.487,0.0,0.0,0.0,2065.6758,14.4885,2080.1643,2172.1625
1811,0.2112,0.0001,0.2113,0.038,0.9995267392333176,0.00047326076668244207,12.3774,0.0429,30.7659,18.3885,0.0,0.0,0.0,30.765900000000006,0.04290000000000001,30.808800000000005,31.8076
1812,0.1787,0.0011,0.1798,0.0324,0.9938820912124583,0.006117908787541714,9.513,0.7018,814.2636,804.7506,0.0,0.0,0.0,814.2635999999999,0.7018,814.9653999999999,840.4616
1813,0.2992,0.0001,0.2993,0.0539,0.9996658870698296,0.0003341129301703976,16.5102,0.0876,63.9373,47.4271,0.0,0.0,0.0,63.9373,0.0876,64.0249,85.5288
1814,0.4822,0.0042,0.4864,0.0876,0.9913651315789475,0.00863486842105263,26.418,2.7686,1886.1382,1859.7202,0.0,0.0,0.0,1886.1382000000003,2.7685999999999997,1888.9068000000004,1949.4075
1815,0.2768,0.0246,0.3014,0.0542,0.9183808891838089,0.08161911081619111,15.2733,15.5119,2106.5847,2091.3114,0.0,0.0,0.0,2106.5847000000003,15.511899999999999,2122.0966000000003,2233.0988
1816,0.5307,0.0008,0.5315,0.0957,0.9984948259642521,0.0015051740357478836,29.0745,0.5317,1381.2715,1352.197,0.0,0.0,0.0,1381.2714999999998,0.5317000000000001,1381.8031999999998,1417.8067
1817,0.5209,0.0089,0.5299,0.0954,0.9830156633327043,0.016795621815436874,28.539,5.946,2002.4,1973.861,0.0,0.0,0.0,2002.3999999999996,5.9460000000000015,2008.3459999999995,2088.3506
1818,0.2148,0.0004,0.2152,0.0387,0.9981412639405204,0.001858736059479554,11.9406,0.2801,865.9932,854.0526,0.0,0.0,0.0,865.9932,0.28010000000000007,866.2733,901.2705
1819,0.3341,0.0062,0.3403,0.0613,0.9817807816632383,0.01821921833676168,18.1713,3.8437,2012.7576,1994.5863,0.0,0.0,0.0,2012.7575999999997,3.8436999999999992,2016.6012999999996,2059.1051
1820,0.1833,0.0199,0.2033,0.0366,0.9016232169208066,0.09788489916379735,10.2669,12.9023,2035.7012,2025.4343,0.0,0.0,0.0,2035.7012000000004,12.902299999999997,2048.6035000000006,2204.6026
1821,0.2121,0.0297,0.2418,0.0435,0.8771712158808934,0.12282878411910671,11.7054,18.5543,1818.3293,1806.6239,0.0,0.0,0.0,1818.3292999999996,18.5543,1836.8835999999997,1994.8832
1822,0.5464,0.0007,0.5471,0.0985,0.9987205264119904,0.0012794735880095045,29.7192,0.4279,785.3335,755.6143,0.0,0.0,0.0,785.3335000000001,0.4278999999999999,785.7614000000001,809.7598
1823,0.2237,0.0301,0.2537,0.0457,0.8817500985415847,0.11864406779661017,12.1653,19.3281,2181.1648,2168.9995,0.0,0.0,0.0,2181.1647999999996,19.328100000000003,2200.4928999999997,2263.4927
1824,0.4765,0.007,0.4835,0.087,0.9855222337125129,0.014477766287487074,26.1051,4.1735,1924.2929,1898.1878,0.0,0.0,0.0,1924.2928999999997,4.1735,1928.4663999999998,1990.4653
1825,0.5806,0.0078,0.5885,0.1059,0.9865760407816482,0.013254035683942225,33.0036,4.9853,1763.5324,1730.5288,0.0,0.0,0.0,1763.5323999999998,4.9853000000000005,1768.5176999999999,1813.518
1826,0.5686,0.001,0.5696,0.1025,0.9982443820224719,0.0017556179775280898,31.8423,0.6688,654.0252,622.1829,0.0,0.0,0.0,654.0251999999999,0.6688000000000001,654.694,677.6938
1827,0.2061,0.0002,0.2063,0.0371,0.9990305380513814,0.0009694619486185168,11.4555,0.1408,261.5455,250.09,0.0,0.0,0.0,261.5455,0.1408,261.6863,291.6816
1828,0.5144,0.0,0.5144,0.0926,1.0,0.0,28.3836,0.0189,75.215,46.8314,0.0,0.0,0.0,75.215,0.0189,75.2339,75.2297
1829,0.5209,0.0061,0.5271,0.0949,0.9882375260861317,0.011572756592676911,29.8347,4.0284,2064.0614,2034.2267,0.0,0.0,0.0,2064.0614,4.0283999999999995,2068.0898,2108.0918
1830,0.5308,0.0062,0.537,0.0967,0.9884543761638734,0.011545623836126628,28.2576,3.8723,1868.7821,1840.5245,0.0,0.0,0.0,1868.7821000000004,3.8723000000000005,1872.6544000000004,1927.6514
1831,0.4084,0.0072,0.4157,0.0748,0.982439259081068,0.01732018282415203,22.3755,4.5689,1760.4482,1738.0727,0.0,0.0,0.0,1760.4481999999994,4.5689,1765.0170999999993,1796.5168
1832,0.4752,0.005,0.4802,0.0864,0.9895876718034152,0.010412328196584756,26.418,3.2456,1900.1138,1873.6958,0.0,0.0,0.0,1900.1138,3.2456,1903.3594,1963.3598
1833,0.5219,0.0161,0.538,0.0968,0.9700743494423791,0.029925650557620816,28.3836,9.7598,1915.6424,1887.2588,0.0,0.0,0.0,1915.6423999999995,9.7598,1925.4021999999995,1999.9005
1834,0.2673,0.0001,0.2673,0.0481,1.0,0.00037411148522259637,14.1288,0.0509,338.6629,324.5341,0.0,0.0,0.0,338.6629,0.050899999999999994,338.7138,346.7102
1835,0.4481,0.0011,0.4492,0.0809,0.9975512021371327,0.00244879786286732,24.7254,0.7139,1208.839,1184.1136,0.0,0.0,0.0,1208.8390000000002,0.7139000000000002,1209.5529000000001,1234.0577
1836,0.1313,0.0075,0.1388,0.025,0.9459654178674352,0.05403458213256484,7.6356,4.5446,1937.735,1930.0994,0.0,0.0,0.0,1937.7350000000001,4.544599999999999,1942.2796,2021.2782
1837,0.1177,0.0,0.1178,0.0212,0.999151103565365,0.0,7.0644,0.0133,25.0644,18.0,0.0,0.0,0.0,25.064400000000006,0.0133,25.077700000000007,25.0736
1838,0.346,0.0035,0.3495,0.0629,0.9899856938483548,0.01001430615164521,19.0911,2.3011,1683.1067,1664.0156,0.0,0.0,0.0,1683.1067000000005,2.3011,1685.4078000000004,1733.91
1839,0.4481,0.0246,0.4727,0.0851,0.9479585360693886,0.05204146393061138,24.7254,15.4911,2091.9495,2067.2241,0.0,0.0,0.0,2091.9494999999997,15.491100000000003,2107.4406,2184.4428
1840,0.3434,0.0146,0.358,0.0644,0.9592178770949721,0.04078212290502793,19.0911,9.3359,1906.4012,1887.3101,0.0,0.0,0.0,1906.4012,9.335899999999999,1915.7371,1988.733
1841,0.3674,0.0001,0.3675,0.0662,0.9997278911564627,0.00027210884353741496,20.2734,0.0742,54.2256,33.9522,0.0,0.0,0.0,54.22560000000001,0.0742,54.299800000000005,63.8015
1842,0.3561,0.0002,0.3563,0.0641,0.9994386752736458,0.000561324726354196,19.0911,0.139,376.1337,357.0426,0.0,0.0,0.0,376.13370000000003,0.13899999999999998,376.27270000000004,396.2765
1843,0.3512,0.009,0.3602,0.0648,0.9750138811771238,0.024986118822876175,19.8135,5.5502,2053.8323,2034.0188,0.0,0.0,0.0,2053.8323,5.550200000000001,2059.3825,2148.8776
1844,0.6688,0.0001,0.669,0.1204,0.9997010463378175,0.00014947683109118088,35.1141,0.0828,168.2574,133.1433,0.0,0.0,0.0,168.25740000000002,0.0828,168.3402,182.8368
1845,0.1206,0.0001,0.1207,0.0217,0.9991714995857498,0.0008285004142502072,6.6045,0.0961,49.5099,42.9054,0.0,0.0,0.0,49.509900000000016,0.09609999999999999,49.606000000000016,65.11
1846,0.3561,0.0008,0.3569,0.0642,0.9977584757635193,0.002241524236480807,19.0911,0.5323,737.3672,718.2761,0.0,0.0,0.0,737.3671999999999,0.5323,737.8994999999999,774.4043
1847,0.3643,0.0095,0.3738,0.0673,0.9745853397538791,0.025414660246120917,19.8135,6.2813,2000.7466,1980.9331,0.0,0.0,0.0,2000.7466000000002,6.2813,2007.0279000000003,2118.5236
1848,0.5812,0.0037,0.5849,0.1053,0.993674132330313,0.006325867669687127,31.8423,2.4018,1671.4074,1639.5651,0.0,0.0,0.0,1671.4074,2.4017999999999997,1673.8092000000001,1770.311
1849,0.4151,0.0,0.4152,0.0747,0.9997591522157997,0.0,24.3285,0.0213,42.3292,18.0007,0.0,0.0,0.0,42.329200000000014,0.021299999999999996,42.35050000000001,42.3463
1850,0.4784,0.0,0.4785,0.0861,0.999791013584117,0.0,28.2576,0.0121,28.2579,0.0003,0.0,0.0,0.0,28.257900000000006,0.0121,28.270000000000007,28.7652
1851,0.1948,0.0014,0.1962,0.0353,0.9928644240570845,0.0071355759429153915,10.5966,0.8906,1689.8096,1679.213,0.0,0.0,0.0,1689.8095999999998,0.8906,1690.7001999999998,1737.2029
1852,0.4383,0.0008,0.4391,0.079,0.9981780915508996,0.0018219084491004327,24.7254,0.4939,1273.4554,1248.73,0.0,0.0,0.0,1273.4554000000003,0.49389999999999995,1273.9493000000002,1312.4463
1853,0.3925,0.0203,0.4128,0.0743,0.9508236434108528,0.049176356589147284,21.1932,12.8041,2042.6862,2021.493,0.0,0.0,0.0,2042.6861999999996,12.8041,2055.4902999999995,2151.4925
1854,0.5049,0.0005,0.5054,0.091,0.9990106846062525,0.0009893153937475267,27.8628,0.3149,389.821,361.9582,0.0,0.0,0.0,389.82099999999997,0.3149,390.1359,397.14
1855,0.6038,0.0033,0.6071,0.1093,0.9945643221874486,0.005435677812551475,33.5643,2.035,1847.7498,1814.1855,0.0,0.0,0.0,1847.7498000000003,2.0350000000000006,1849.7848000000004,1897.7846
1856,0.5049,0.0152,0.5201,0.0936,0.9707748509901942,0.029225149009805808,27.8628,9.5506,2071.6874,2043.8246,0.0,0.0,0.0,2071.6873999999993,9.550600000000001,2081.2379999999994,2148.7351
1857,0.6171,0.0,0.6172,0.1111,0.9998379779650033,0.0,33.5643,0.0277,40.0992,6.5349,0.0,0.0,0.0,40.09920000000001,0.0277,40.12690000000001,45.6275
1858,0.3554,0.0141,0.3695,0.0665,0.9618403247631935,0.038159675236806495,19.9017,9.0291,2039.3086,2019.4069,0.0,0.0,0.0,2039.3085999999996,9.0291,2048.3376999999996,2110.3408
1859,0.6827,0.0009,0.6836,0.123,0.998683440608543,0.0013165593914569924,37.1301,0.606,820.5395,783.4094,0.0,0.0,0.0,820.5395000000001,0.606,821.1455000000001,849.6409
1860,0.3669,0.0003,0.3672,0.0661,0.9991830065359476,0.0008169934640522875,19.8135,0.1955,475.8378,456.0243,0.0,0.0,0.0,475.8377999999999,0.1955,476.0332999999999,501.029
1861,0.403,0.0,0.403,0.0725,1.0,0.0,22.9089,0.0146,27.909,5.0001,0.0,0.0,0.0,27.909000000000006,0.0146,27.923600000000008,34.9196
1862,0.6363,0.0005,0.6368,0.1146,0.9992148241206029,0.0007851758793969849,35.1141,0.2948,856.2258,821.1117,0.0,0.0,0.0,856.2257999999998,0.2948,856.5205999999998,860.023
1863,0.2194,0.0099,0.2293,0.0413,0.9568251199302225,0.043174880069777585,12.3774,6.0627,1780.5742,1768.1968,0.0,0.0,0.0,1780.5742000000005,6.0627,1786.6369000000004,1853.632
1864,0.5102,0.0003,0.5105,0.0919,0.9994123408423116,0.0005876591576885406,26.418,0.1819,26.4175,0.0,0.0,0.0,0.0,26.417499999999997,0.18189999999999998,26.599399999999996,27.0982
1865,0.2644,0.0029,0.2673,0.0481,0.9891507669285449,0.010849233071455293,14.9163,1.7728,1769.681,1754.7647,0.0,0.0,0.0,1769.6809999999998,1.7728000000000002,1771.4537999999998,1815.9529
1866,0.2787,0.0001,0.2788,0.0502,0.9996413199426112,0.0003586800573888092,15.6072,0.0367,21.6066,5.9994,0.0,0.0,0.0,21.606599999999993,0.036699999999999997,21.643299999999993,21.6463
1867,0.3835,0.0003,0.3837,0.0691,0.9994787594474851,0.0007818608287724785,20.2734,0.1651,373.7994,353.526,0.0,0.0,0.0,373.7994,0.16510000000000002,373.9645,379.4622
1868,0.6149,0.0,0.615,0.1107,0.9998373983739838,0.0,31.8423,0.0173,46.8436,15.0013,0.0,0.0,0.0,46.843599999999995,0.0173,46.860899999999994,46.8594
1869,0.3404,0.0064,0.3468,0.0624,0.9815455594002306,0.01845444059976932,18.6459,4.0128,1923.3316,1904.6857,0.0,0.0,0.0,1923.3315999999995,4.0128,1927.3443999999995,1981.8419
1870,0.3894,0.0001,0.3895,0.0701,0.9997432605905007,0.00025673940949935817,21.8064,0.0632,348.6635,326.8571,0.0,0.0,0.0,348.6635000000001,0.06319999999999999,348.7267000000001,355.2283
1871,0.2808,0.0004,0.2812,0.0506,0.9985775248933143,0.001422475106685633,15.2733,0.2709,426.2292,410.9559,0.0,0.0,0.0,426.2292000000001,0.27090000000000003,426.5001000000001,438.9968
1872,0.2598,0.0004,0.2601,0.0468,0.9988465974625144,0.0015378700499807767,14.1288,0.2326,485.562,471.4332,0.0,0.0,0.0,485.562,0.23259999999999997,485.7946,501.2902
1873,0.527,0.0001,0.5271,0.0949,0.9998102826788086,0.00018971732119142478,27.8628,0.0414,38.8627,10.9999,0.0,0.0,0.0,38.862700000000004,0.041400000000000006,38.90410000000001,40.9007
1874,0.2729,0.0002,0.273,0.0491,0.9996336996336995,0.0007326007326007326,14.1288,0.1095,14.129,0.0002,0.0,0.0,0.0,14.129000000000003,0.10950000000000001,14.238500000000004,15.7391
1875,0.3647,0.0162,0.3809,0.0686,0.9574691520084012,0.04253084799159884,20.2734,10.1104,2125.2224,2104.949,0.0,0.0,0.0,2125.2223999999997,10.1104,2135.3327999999997,2163.3331
1876,0.2881,0.0047,0.2929,0.0527,0.9836121543188803,0.01604643222942984,16.5018,2.906,1814.6303,1798.1285,0.0,0.0,0.0,1814.6303000000003,2.9059999999999997,1817.5363000000002,1874.5333
1877,0.5491,0.001,0.5501,0.099,0.9981821487002364,0.0018178512997636793,31.2144,0.6426,709.2211,678.0067,0.0,0.0,0.0,709.2211000000002,0.6426,709.8637000000002,738.8663
1878,0.1411,0.0001,0.1412,0.0254,0.9992917847025496,0.000708215297450425,7.4592,0.0692,33.4589,25.9997,0.0,0.0,0.0,33.458900000000014,0.06919999999999998,33.528100000000016,38.0287
1879,0.6024,0.0353,0.6378,0.1148,0.9444967074317968,0.055346503606146125,33.0036,22.5244,2101.4858,2068.4822,0.0,0.0,0.0,2101.4858000000004,22.524400000000004,2124.0102,2185.0134
1880,0.197,0.0002,0.1972,0.0355,0.9989858012170386,0.0010141987829614606,11.4555,0.1357,200.3872,188.9317,0.0,0.0,0.0,200.3872,0.13570000000000002,200.52290000000002,205.0277
1881,0.173,0.0003,0.1732,0.0312,0.9988452655889145,0.0017321016166281754,9.9057,0.1667,689.8328,679.9271,0.0,0.0,0.0,689.8328000000002,0.1667,689.9995000000002,714.5032
1882,0.3775,0.0014,0.3789,0.0682,0.996305093692267,0.0036949063077329107,20.5317,0.8281,1517.9074,1497.3757,0.0,0.0,0.0,1517.9073999999998,0.8281,1518.7354999999998,1556.2385
1883,0.5346,0.0006,0.5352,0.0963,0.9988789237668161,0.0011210762331838565,29.7192,0.3783,990.6165,960.8973,0.0,0.0,0.0,990.6165000000001,0.3783,990.9948,1012.4924
1884,0.3404,0.0259,0.3663,0.0659,0.9292929292929292,0.0707070707070707,18.6459,16.658,1544.806,1526.1601,0.0,0.0,0.0,1544.8059999999996,16.658,1561.4639999999995,1614.4668
1885,0.1577,0.0001,0.1578,0.0284,0.9993662864385299,0.0006337135614702155,8.1102,0.0873,26.1091,17.9989,0.0,0.0,0.0,26.10909999999999,0.08729999999999999,26.19639999999999,26.1992
1886,0.4139,0.0006,0.4144,0.0746,0.9987934362934363,0.0014478764478764478,23.8833,0.3565,740.515,716.6317,0.0,0.0,0.0,740.515,0.35650000000000004,740.8715,753.8673
1887,0.1861,0.0091,0.1952,0.0351,0.9533811475409835,0.04661885245901639,10.2669,6.0992,2093.3175,2083.0506,0.0,0.0,0.0,2093.3175,6.0992,2099.4167,2152.9147
1888,0.5615,0.0,0.5615,0.1011,1.0,0.0,29.0745,0.0144,48.4833,19.4088,0.0,0.0,0.0,48.483300000000014,0.014400000000000001,48.497700000000016,48.4985
1889,0.5762,0.0,0.5762,0.1037,1.0,0.0,29.8347,0.033,161.3881,131.5534,0.0,0.0,0.0,161.38810000000004,0.033,161.42110000000002,161.4205
1890,0.4857,0.0012,0.487,0.0877,0.9973305954825463,0.002464065708418891,26.418,0.8138,1456.8431,1430.4251,0.0,0.0,0.0,1456.8431,0.8138,1457.6569,1489.1556
1891,0.2707,0.0317,0.3024,0.0544,0.8951719576719577,0.10482804232804233,15.2733,18.9799,2052.3317,2037.0584,0.0,0.0,0.0,2052.3317,18.9799,2071.3116,2124.8151
1892,0.2643,0.0,0.2644,0.0476,0.9996217851739787,0.0,13.6878,0.0147,34.947,21.2592,0.0,0.0,0.0,34.94700000000001,0.0147,34.96170000000001,34.9661
1893,0.6492,0.0001,0.6493,0.1169,0.999845987987063,0.0001540120129370091,35.8239,0.0802,173.6034,137.7795,0.0,0.0,0.0,173.60340000000008,0.08020000000000002,173.68360000000007,179.1806
1894,0.2598,0.0219,0.2817,0.0507,0.9222577209797655,0.07774227902023428,14.1288,13.4504,2019.0438,2004.915,0.0,0.0,0.0,2019.0438000000004,13.450399999999998,2032.4942000000003,2076.9925
1895,0.1593,0.0001,0.1594,0.0287,0.9993726474278545,0.0006273525721455459,8.2509,0.0404,24.2511,16.0002,0.0,0.0,0.0,24.2511,0.040400000000000005,24.291500000000003,24.2881
1896,0.5793,0.0174,0.5967,0.1074,0.9708396178984415,0.02916038210155857,32.4387,10.5373,2099.4387,2067.0,0.0,0.0,0.0,2099.4386999999992,10.537300000000002,2109.975999999999,2146.98
1897,0.4097,0.0086,0.4183,0.0753,0.9794405928759263,0.02055940712407363,23.1147,5.291,1879.5144,1856.3997,0.0,0.0,0.0,1879.5144,5.291,1884.8054,1963.8056
1898,0.351,0.0008,0.3519,0.0633,0.9974424552429667,0.002273373117362887,19.0911,0.5291,1295.9024,1276.8113,0.0,0.0,0.0,1295.9024000000004,0.5291,1296.4315000000004,1317.4338
1899,0.2849,0.0139,0.2988,0.0538,0.9534805890227577,0.0465194109772423,15.2733,8.5837,1991.865,1976.5917,0.0,0.0,0.0,1991.8650000000002,8.5837,2000.4487000000001,2085.9481
1900,0.6445,0.0142,0.6587,0.1186,0.9784423865189009,0.021557613481099136,35.8239,8.613,1957.8008,1921.9769,0.0,0.0,0.0,1957.8007999999995,8.613000000000001,1966.4137999999996,2001.4147
1901,0.3856,0.0007,0.3863,0.0695,0.9981879368366555,0.001812063163344551,20.5317,0.454,621.5785,601.0468,0.0,0.0,0.0,621.5785000000001,0.4539999999999999,622.0325,641.5356
1902,0.2306,0.0003,0.2309,0.0416,0.9987007362494587,0.00129926375054136,11.9406,0.1655,102.7526,90.812,0.0,0.0,0.0,102.7526,0.16549999999999998,102.9181,105.4175
1903,0.2061,0.0009,0.2069,0.0372,0.9961333977767037,0.004349927501208313,11.4555,0.5524,685.3729,673.9174,0.0,0.0,0.0,685.3728999999998,0.5524000000000001,685.9252999999999,723.4209
1904,0.4214,0.0007,0.4221,0.076,0.9983416252072969,0.001658374792703151,23.9547,0.4358,976.4196,952.4649,0.0,0.0,0.0,976.4196,0.4358,976.8553999999999,1037.8592
1905,0.3712,0.0,0.3713,0.0668,0.9997306760032317,0.0,19.0911,0.0295,36.091,16.9999,0.0,0.0,0.0,36.09100000000001,0.029500000000000002,36.12050000000001,36.1163
1906,0.1475,0.0,0.1475,0.0265,1.0,0.0,7.6356,0.0197,103.4596,95.824,0.0,0.0,0.0,103.45959999999998,0.0197,103.47929999999998,103.9829
1907,0.1298,0.0065,0.1362,0.0245,0.9530102790014685,0.04772393538913363,7.2681,4.1154,1796.9228,1789.6547,0.0,0.0,0.0,1796.9227999999998,4.1154,1801.0381999999997,1870.5344
1908,0.4631,0.0008,0.4639,0.0835,0.9982754904074155,0.001724509592584609,26.7267,0.4956,1266.8281,1240.1014,0.0,0.0,0.0,1266.8281,0.4956,1267.3237,1302.3226
1909,0.2707,0.0068,0.2775,0.0499,0.9754954954954954,0.0245045045045045,15.2733,4.2426,1854.6821,1839.4088,0.0,0.0,0.0,1854.6821000000002,4.2425999999999995,1858.9247000000003,1949.4236
1910,0.4011,0.0,0.4011,0.0722,1.0,0.0,20.6283,0.0216,41.6275,20.9992,0.0,0.0,0.0,41.627500000000005,0.021599999999999998,41.649100000000004,42.1449
1911,0.4518,0.0,0.4518,0.0813,1.0,0.0,23.8833,0.0186,147.1937,123.3104,0.0,0.0,0.0,147.19370000000006,0.0186,147.21230000000006,148.7125
1912,0.5485,0.0027,0.5512,0.0992,0.9951015965166908,0.0048984034833091435,29.8347,1.7599,1253.9168,1224.0821,0.0,0.0,0.0,1253.9167999999995,1.7599000000000002,1255.6766999999995,1314.6793
1913,0.1443,0.0005,0.1448,0.0261,0.9965469613259669,0.003453038674033149,7.9611,0.3218,759.5708,751.6097,0.0,0.0,0.0,759.5708,0.3218,759.8926,773.3916
1914,0.4409,0.0335,0.4744,0.0854,0.9293844856661047,0.07061551433389546,24.3285,21.2377,2063.3294,2039.0009,0.0,0.0,0.0,2063.3294,21.237700000000004,2084.5671,2143.5666
1915,0.2683,0.0216,0.29,0.0522,0.9251724137931034,0.07448275862068966,14.9163,13.8112,1909.9172,1895.0009,0.0,0.0,0.0,1909.9171999999999,13.811200000000001,1923.7284,2027.7285
1916,0.1214,0.0225,0.144,0.0259,0.8430555555555556,0.15625,6.6045,14.559,1838.8678,1832.2633,0.0,0.0,0.0,1838.8677999999998,14.559,1853.4267999999997,2010.9286
1917,0.5311,0.0,0.5311,0.0956,1.0,0.0,27.3126,0.019,40.3117,12.9991,0.0,0.0,0.0,40.31170000000001,0.019,40.33070000000001,41.3326
1918,0.3894,0.0007,0.3901,0.0702,0.9982055883106896,0.0017944116893104333,21.8064,0.4466,1167.1225,1145.3161,0.0,0.0,0.0,1167.1224999999997,0.44660000000000005,1167.5690999999997,1207.065
1919,0.4808,0.0005,0.4813,0.0866,0.9989611468938292,0.0010388531061707874,26.7267,0.314,783.8375,757.1108,0.0,0.0,0.0,783.8374999999999,0.31400000000000006,784.1514999999998,799.1562
1920,0.2072,0.0056,0.2128,0.0383,0.9736842105263158,0.026315789473684213,11.1888,3.6405,1950.7168,1939.528,0.0,0.0,0.0,1950.7167999999997,3.6405000000000007,1954.3572999999997,1998.3595
1921,0.1232,0.0,0.1232,0.0222,1.0,0.0,6.6045,0.0249,195.8613,189.2568,0.0,0.0,0.0,195.86130000000003,0.0249,195.88620000000003,198.8896
1922,0.4372,0.0002,0.4374,0.0787,0.9995427526291724,0.0004572473708276177,23.1147,0.0998,319.7774,296.6627,0.0,0.0,0.0,319.7774000000001,0.09979999999999999,319.87720000000013,328.3815
1923,0.4631,0.0044,0.4675,0.0842,0.9905882352941177,0.009411764705882352,25.368,2.7138,1913.3676,1887.9996,0.0,0.0,0.0,1913.3676000000005,2.7138,1916.0814000000005,1967.0777
1924,0.4097,0.0006,0.4103,0.0739,0.9985376553741165,0.0014623446258834997,23.1147,0.3814,1168.9949,1145.8802,0.0,0.0,0.0,1168.9949000000001,0.3814,1169.3763000000001,1187.8786
1925,0.2894,0.0044,0.2938,0.0529,0.9850238257317903,0.014976174268209666,15.855,2.7414,1743.3092,1727.4542,0.0,0.0,0.0,1743.3092000000001,2.741400000000001,1746.0506000000003,1814.5475
1926,0.2653,0.003,0.2684,0.0483,0.9884500745156481,0.011177347242921012,14.5362,1.9353,1761.5985,1747.0623,0.0,0.0,0.0,1761.5984999999998,1.9353000000000002,1763.5338,1802.0301
1927,0.3078,0.0112,0.319,0.0574,0.9648902821316615,0.03510971786833856,17.1108,7.0243,2134.1097,2116.9989,0.0,0.0,0.0,2134.1097,7.024300000000001,2141.134,2160.6342
1928,0.1926,0.0,0.1926,0.0347,1.0,0.0,9.9057,0.0116,21.9065,12.0008,0.0,0.0,0.0,21.9065,0.0116,21.918100000000003,21.9149
1929,0.5423,0.0004,0.5426,0.0977,0.999447106524143,0.0007371913011426466,29.0745,0.2211,707.8662,678.7917,0.0,0.0,0.0,707.8662,0.22110000000000002,708.0873,721.0897
1930,0.1497,0.0001,0.1497,0.027,1.0,0.0006680026720106881,7.8036,0.0359,182.1831,174.3795,0.0,0.0,0.0,182.1831,0.0359,182.219,188.2216
1931,0.1939,0.0004,0.1943,0.035,0.9979413278435408,0.002058672156459084,11.1888,0.2351,487.2742,476.0854,0.0,0.0,0.0,487.2742,0.23510000000000003,487.5093,498.013
1932,0.5491,0.0001,0.5493,0.0989,0.9996359002366649,0.0001820498816675769,31.2144,0.0729,285.5972,254.3828,0.0,0.0,0.0,285.59720000000004,0.07289999999999998,285.67010000000005,291.674
1933,0.5153,0.0016,0.517,0.0931,0.9967117988394584,0.003094777562862669,29.0745,1.0248,1437.867,1408.7925,0.0,0.0,0.0,1437.867,1.0248,1438.8917999999999,1465.3883
1934,0.5021,0.0,0.5021,0.0904,1.0,0.0,28.539,0.0223,134.1661,105.6271,0.0,0.0,0.0,134.16610000000003,0.022299999999999993,134.18840000000003,135.6905
1935,0.2939,0.0046,0.2985,0.0537,0.9845896147403685,0.01541038525963149,16.2204,2.9848,1404.2196,1387.9992,0.0,0.0,0.0,1404.2196000000004,2.9847999999999995,1407.2044000000003,1469.2003
1936,0.2517,0.0002,0.2518,0.0453,0.9996028594122317,0.0007942811755361397,13.6878,0.0974,481.6583,467.9705,0.0,0.0,0.0,481.6582999999999,0.0974,481.7556999999999,496.2603
1937,0.5836,0.0001,0.5836,0.1051,1.0,0.00017135023989033586,32.4387,0.0425,217.6463,185.2076,0.0,0.0,0.0,217.64630000000002,0.042499999999999996,217.68880000000001,219.1926
1938,0.1299,0.0108,0.1407,0.0253,0.9232409381663113,0.0767590618336887,7.0644,7.1993,2090.5929,2083.5285,0.0,0.0,0.0,2090.592900000001,7.199299999999999,2097.7922000000012,2155.7954
1939,0.3633,0.0001,0.3634,0.0654,0.999724821133737,0.000275178866263071,19.9017,0.0851,286.8321,266.9304,0.0,0.0,0.0,286.83209999999997,0.08510000000000001,286.9172,287.9151
1940,0.4025,0.0001,0.4026,0.0725,0.9997516145057129,0.00024838549428713363,22.3755,0.0677,200.1452,177.7697,0.0,0.0,0.0,200.14519999999993,0.0677,200.21289999999993,202.7168
1941,0.1484,0.0003,0.1487,0.0268,0.9979825151311366,0.0020174848688634833,8.2509,0.1785,256.2834,248.0325,0.0,0.0,0.0,256.28340000000003,0.17849999999999996,256.4619,261.4643
1942,0.1918,0.0004,0.1922,0.0346,0.9979188345473464,0.002081165452653486,10.9032,0.2307,542.4326,531.5294,0.0,0.0,0.0,542.4326,0.23070000000000002,542.6632999999999,558.1592
1943,0.6417,0.0001,0.6418,0.1155,0.9998441882206295,0.0001558117793705204,33.0036,0.0495,79.0038,46.0002,0.0,0.0,0.0,79.00380000000001,0.0495,79.05330000000001,79.0526
1944,0.3458,0.0115,0.3573,0.0643,0.9678141617688217,0.03218583823117828,19.509,7.3022,1867.2395,1847.7305,0.0,0.0,0.0,1867.2395000000001,7.3022,1874.5417000000002,1944.5451
1945,0.1749,0.0011,0.176,0.0317,0.99375,0.00625,9.513,0.6682,989.9274,980.4144,0.0,0.0,0.0,989.9274,0.6681999999999999,990.5956,1030.5976
1946,0.3154,0.0106,0.326,0.0587,0.9674846625766871,0.03251533742331288,17.661,6.431,2028.5535,2010.8925,0.0,0.0,0.0,2028.5534999999995,6.431000000000001,2034.9844999999996,2112.4893
1947,0.3434,0.0074,0.3508,0.0631,0.9789053591790193,0.021094640820980618,19.0911,4.3981,1571.2641,1552.173,0.0,0.0,0.0,1571.2641000000003,4.3980999999999995,1575.6622000000002,1657.1658
1948,0.3616,0.0004,0.362,0.0652,0.9988950276243094,0.0011049723756906078,21.1932,0.2254,173.4505,152.2573,0.0,0.0,0.0,173.45049999999995,0.2254,173.67589999999996,177.6809
1949,0.2634,0.0137,0.2771,0.0499,0.9505593648502346,0.049440635149765426,14.5362,8.1682,2020.5372,2006.001,0.0,0.0,0.0,2020.5371999999998,8.168199999999999,2028.7053999999998,2058.2029
1950,0.5686,0.0315,0.6001,0.108,0.9475087485419097,0.05249125145809032,31.8423,19.5357,1957.5874,1925.7451,0.0,0.0,0.0,1957.5874,19.5357,1977.1230999999998,2028.1208
1951,0.5275,0.0002,0.5277,0.095,0.9996209967784726,0.000379003221527383,27.3126,0.1401,382.8786,355.566,0.0,0.0,0.0,382.87859999999995,0.1401,383.01869999999997,388.5206
1952,0.2211,0.0005,0.2216,0.0399,0.9977436823104693,0.002256317689530686,11.9406,0.3124,571.6651,559.7245,0.0,0.0,0.0,571.6651,0.3124,571.9775000000001,590.4821
1953,0.3738,0.0003,0.3741,0.0673,0.9991980753809143,0.0008019246190858059,20.6283,0.1868,415.5211,394.8928,0.0,0.0,0.0,415.5211,0.18679999999999997,415.7079,431.7076
1954,0.5,0.0001,0.5,0.09,1.0,0.0002,29.0745,0.0335,201.4742,172.3997,0.0,0.0,0.0,201.47420000000002,0.0335,201.50770000000003,205.0092
1955,0.4879,0.0017,0.4895,0.0881,0.9967313585291113,0.003472931562819203,26.7267,1.0266,1273.0887,1246.362,0.0,0.0,0.0,1273.0886999999998,1.0266,1274.1152999999997,1323.1199
1956,0.1913,0.0,0.1913,0.0344,1.0,0.0,9.9057,0.011,75.3221,65.4164,0.0,0.0,0.0,75.3221,0.011000000000000001,75.3331,75.334
1957,0.4644,0.0016,0.4659,0.0839,0.9967804249839021,0.0034342133505044004,25.4394,0.9784,1521.5982,1496.1588,0.0,0.0,0.0,1521.5981999999995,0.9784000000000002,1522.5765999999994,1552.0747
1958,0.1583,0.0,0.1583,0.0285,1.0,0.0,8.2509,0.0243,165.0254,156.7745,0.0,0.0,0.0,165.0254,0.024299999999999995,165.0497,165.0497
1959,0.2227,0.0024,0.2251,0.0405,0.9893380719680143,0.010661928031985783,12.3774,1.439,1538.7974,1526.42,0.0,0.0,0.0,1538.7974000000004,1.4389999999999998,1540.2364000000005,1584.737
1960,0.2538,0.0005,0.2543,0.0458,0.9980338183248132,0.001966181675186787,14.5362,0.2768,463.3522,448.816,0.0,0.0,0.0,463.35220000000004,0.2768,463.629,483.1324
1961,0.4737,0.0141,0.4878,0.0878,0.9710947109471094,0.028905289052890526,26.7267,8.9329,1919.9656,1893.2389,0.0,0.0,0.0,1919.9655999999998,8.9329,1928.8984999999998,2036.3975
1962,0.2299,0.0012,0.231,0.0416,0.9952380952380951,0.005194805194805194,12.684,0.7595,1257.7963,1245.1123,0.0,0.0,0.0,1257.7963,0.7594999999999998,1258.5557999999999,1304.5513
1963,0.3407,0.0001,0.3408,0.0613,0.9997065727699531,0.00029342723004694836,19.8135,0.0504,228.0353,208.2218,0.0,0.0,0.0,228.03529999999998,0.0504,228.08569999999997,230.0861
1964,0.1762,0.0006,0.1767,0.0318,0.9971703452178834,0.003395585738539898,9.513,0.3641,911.9625,902.4495,0.0,0.0,0.0,911.9624999999999,0.3641,912.3265999999999,941.8245
1965,0.5744,0.021,0.5955,0.1072,0.9645675902602855,0.03526448362720403,30.7986,13.6277,1935.0891,1904.2905,0.0,0.0,0.0,1935.0891000000001,13.627699999999999,1948.7168000000001,2039.7184
1966,0.1448,0.0272,0.1721,0.031,0.8413712957582802,0.15804764671702498,8.1102,18.0662,1969.1097,1960.9995,0.0,0.0,0.0,1969.1096999999995,18.066200000000002,1987.1758999999995,2052.6775
1967,0.2906,0.0003,0.2909,0.0524,0.9989687177724305,0.0010312822275696115,15.9222,0.1783,420.9215,404.9993,0.0,0.0,0.0,420.9214999999999,0.17830000000000001,421.0997999999999,427.1024
1968,0.5836,0.0072,0.5908,0.1063,0.987813134732566,0.012186865267433988,32.4387,4.6598,1889.6175,1857.1788,0.0,0.0,0.0,1889.6174999999994,4.659800000000001,1894.2772999999993,1945.2782
1969,0.1473,0.0003,0.1476,0.0266,0.9979674796747966,0.002032520325203252,8.2509,0.1707,221.7849,213.534,0.0,0.0,0.0,221.7849,0.17070000000000002,221.9556,242.4564
1970,0.1179,0.0085,0.1265,0.0228,0.9320158102766799,0.06719367588932806,6.6045,5.4894,2075.7332,2069.1287,0.0,0.0,0.0,2075.7331999999997,5.4894,2081.2225999999996,2126.7222
1971,0.2906,0.0292,0.3198,0.0576,0.9086929330831771,0.09130706691682303,15.9222,18.4168,1951.9214,1935.9992,0.0,0.0,0.0,1951.9214,18.416800000000002,1970.3382,2030.3411
1972,0.4971,0.0,0.4972,0.0895,0.9997988736926791,0.0,28.2576,0.0287,159.4994,131.2418,0.0,0.0,0.0,159.49939999999995,0.0287,159.52809999999994,160.5322
1973,0.3411,0.0,0.3411,0.0614,1.0,0.0,17.661,0.0269,97.2625,79.6015,0.0,0.0,0.0,97.26249999999997,0.0269,97.28939999999997,99.2938
1974,0.1331,0.0001,0.1332,0.024,0.9992492492492491,0.0007507507507507507,6.8439,0.0546,31.8441,25.0002,0.0,0.0,0.0,31.844100000000008,0.0546,31.89870000000001,31.9031
1975,0.4344,0.0,0.4345,0.0782,0.9997698504027618,0.0,24.3285,0.0218,177.6179,153.2894,0.0,0.0,0.0,177.61790000000002,0.0218,177.63970000000003,177.6349
1976,0.5878,0.0377,0.6256,0.1126,0.9395780051150894,0.0602621483375959,32.4387,24.45,1975.4608,1943.0221,0.0,0.0,0.0,1975.4607999999998,24.45,1999.9107999999999,2062.4133
1977,0.3475,0.0005,0.348,0.0626,0.9985632183908046,0.0014367816091954025,19.9017,0.3078,744.5367,724.635,0.0,0.0,0.0,744.5367000000002,0.30779999999999996,744.8445000000003,780.8484
1978,0.3197,0.0261,0.3458,0.0622,0.9245228455754771,0.07547715442452285,18.1713,16.2067,1907.1713,1889.0,0.0,0.0,0.0,1907.1712999999997,16.206699999999998,1923.3779999999997,2013.3743
1979,0.2259,0.0024,0.2283,0.0411,0.9894875164257555,0.010512483574244414,12.3774,1.4736,1327.4366,1315.0592,0.0,0.0,0.0,1327.4366000000005,1.4735999999999998,1328.9102000000005,1362.9071
1980,0.3012,0.0001,0.3013,0.0542,0.9996681048788583,0.00033189512114171923,15.9222,0.0776,105.4274,89.5052,0.0,0.0,0.0,105.4274,0.07759999999999999,105.50500000000001,108.0035
1981,0.4214,0.0011,0.4225,0.0761,0.997396449704142,0.0026035502958579883,23.9547,0.7041,1524.9542,1500.9995,0.0,0.0,0.0,1524.9542000000001,0.7041,1525.6583,1578.1605
1982,0.1808,0.0012,0.182,0.0328,0.9934065934065933,0.006593406593406593,9.9057,0.7027,1379.6043,1369.6986,0.0,0.0,0.0,1379.6043000000002,0.7027,1380.3070000000002,1420.3054
1983,0.4715,0.0002,0.4717,0.0849,0.9995760016959931,0.00042399830400678397,24.7527,0.1652,291.7529,267.0002,0.0,0.0,0.0,291.7529,0.16519999999999999,291.91810000000004,299.9201
1984,0.1808,0.0013,0.1821,0.0328,0.9928610653487093,0.0071389346512904985,9.9057,0.7887,1473.9455,1464.0398,0.0,0.0,0.0,1473.9455000000003,0.7886999999999998,1474.7342000000003,1510.7296
1985,0.2523,0.0119,0.2642,0.0476,0.9549583648750948,0.04504163512490538,14.1288,7.5718,1908.9504,1894.8216,0.0,0.0,0.0,1908.9504,7.571800000000001,1916.5221999999999,1982.5197
1986,0.1206,0.0186,0.1392,0.0251,0.8663793103448276,0.1336206896551724,6.6045,11.9407,1981.6045,1975.0,0.0,0.0,0.0,1981.6045,11.9407,1993.5452,2056.0435
1987,0.2929,0.0,0.293,0.0527,0.9996587030716724,0.0,15.2733,0.018,96.121,80.8477,0.0,0.0,0.0,96.12099999999998,0.018,96.13899999999998,100.1438
1988,0.2168,0.0006,0.2174,0.0391,0.9972401103955841,0.002759889604415823,11.7054,0.3811,637.705,625.9996,0.0,0.0,0.0,637.7050000000003,0.3811,638.0861000000002,653.082
1989,0.351,0.0141,0.3651,0.0657,0.961380443714051,0.038619556285949055,19.0911,8.6078,1837.4285,1818.3374,0.0,0.0,0.0,1837.4285000000002,8.6078,1846.0363000000002,1951.5387
1990,0.1259,0.0001,0.1261,0.0227,0.998413957176844,0.0007930214115781127,7.2681,0.0667,176.4648,169.1967,0.0,0.0,0.0,176.46480000000005,0.0667,176.53150000000005,184.0351
1991,0.453,0.0005,0.4535,0.0816,0.9988974641675854,0.0011025358324145535,25.368,0.3119,1166.2779,1140.9099,0.0,0.0,0.0,1166.2779000000007,0.3119,1166.5898000000007,1200.0942
1992,0.2789,0.0001,0.279,0.0502,0.9996415770609317,0.00035842293906810036,15.855,0.0468,145.8255,129.9705,0.0,0.0,0.0,145.82549999999998,0.04680000000000001,145.87229999999997,148.8702
1993,0.4711,0.0015,0.4726,0.0851,0.9968260685569191,0.0031739314430808295,25.4394,0.9038,1366.035,1340.5956,0.0,0.0,0.0,1366.0349999999996,0.9037999999999999,1366.9387999999997,1441.4388
1994,0.1577,0.0001,0.1578,0.0284,0.9993662864385299,0.0006337135614702155,8.1102,0.0408,8.1098,0.0,0.0,0.0,0.0,8.1098,0.04080000000000001,8.1506,8.6475
1995,0.5162,0.0,0.5162,0.0929,1.0,0.0,26.7267,0.0193,67.0009,40.2742,0.0,0.0,0.0,67.0009,0.0193,67.0202,67.5169
1996,0.2112,0.0,0.2112,0.038,1.0,0.0,12.3774,0.0222,90.7181,78.3407,0.0,0.0,0.0,90.71809999999998,0.022199999999999998,90.74029999999998,92.7442
1997,0.2577,0.0004,0.2581,0.0465,0.9984502130956993,0.0015497869043006587,14.5362,0.2786,583.7373,569.2011,0.0,0.0,0.0,583.7373,0.2786,584.0159,599.0197
1998,0.4731,0.0069,0.48,0.0864,0.9856250000000001,0.014375,26.1051,4.4281,1656.1051,1630.0,0.0,0.0,0.0,1656.1050999999995,4.4281,1660.5331999999996,1722.037
1999,0.3096,0.0,0.3096,0.0557,1.0,0.0,15.9222,0.0197,26.9217,10.9995,0.0,0.0,0.0,26.921699999999994,0.019700000000000002,26.941399999999994,26.9441
2000,0.3224,0.0122,0.3346,0.0602,0.9635385534967126,0.03646144650328751,17.661,7.7215,2001.661,1984.0,0.0,0.0,0.0,2001.6609999999996,7.721499999999999,2009.3824999999997,2056.3835
2001,0.301,0.0,0.3011,0.0542,0.9996678844237795,0.0,17.1108,0.0246,124.2536,107.1428,0.0,0.0,0.0,124.25360000000002,0.024599999999999997,124.27820000000003,124.7825
2002,0.3674,0.0001,0.3675,0.0662,0.9997278911564627,0.00027210884353741496,19.026,0.0457,83.385,64.359,0.0,0.0,0.0,83.38500000000003,0.045700000000000005,83.43070000000003,93.4276
2003,0.5157,0.0176,0.5333,0.096,0.9669979373710857,0.03300206262891431,28.8792,11.2308,1989.0178,1960.1386,0.0,0.0,0.0,1989.0177999999996,11.230800000000002,2000.2485999999997,2048.7532
2004,0.4666,0.0001,0.4667,0.084,0.9997857295907435,0.0002142704092564817,24.3285,0.0404,127.6831,103.3546,0.0,0.0,0.0,127.68310000000002,0.0404,127.72350000000003,130.2241
2005,0.2616,0.0004,0.2621,0.0472,0.9980923311713087,0.0015261350629530714,14.1288,0.2456,833.1685,819.0397,0.0,0.0,0.0,833.1685000000001,0.24559999999999998,833.4141000000001,861.9095
2006,0.6688,0.0,0.6689,0.1204,0.9998505008222454,0.0,35.1141,0.0153,75.4047,40.2906,0.0,0.0,0.0,75.4047,0.0153,75.42,75.4222
2007,0.4121,0.0002,0.4123,0.0742,0.9995149163230658,0.0004850836769342712,22.9089,0.1381,278.8149,255.906,0.0,0.0,0.0,278.81489999999997,0.1381,278.953,292.9577
2008,0.5949,0.0008,0.5957,0.1072,0.9986570421353029,0.001342957864696995,33.5643,0.4945,1032.6979,999.1336,0.0,0.0,0.0,1032.6979000000001,0.49450000000000005,1033.1924000000001,1078.6913
2009,0.2265,0.0192,0.2457,0.0442,0.9218559218559219,0.07814407814407813,12.684,11.3172,1968.6838,1955.9998,0.0,0.0,0.0,1968.6838000000005,11.317200000000001,1980.0010000000004,2032.5008
2010,0.5189,0.0026,0.5216,0.0939,0.994823619631902,0.004984662576687116,29.7192,1.639,1279.434,1249.7148,0.0,0.0,0.0,1279.4339999999997,1.639,1281.0729999999996,1326.5756
2011,0.2161,0.0001,0.2162,0.0389,0.9995374653098982,0.00046253469010175765,11.1888,0.0691,198.1087,186.9199,0.0,0.0,0.0,198.10870000000006,0.0691,198.17780000000005,198.6809
2012,0.4232,0.0001,0.4233,0.0762,0.9997637609260572,0.00023623907394283014,22.3755,0.0379,134.3993,112.0238,0.0,0.0,0.0,134.39929999999993,0.0379,134.43719999999993,140.4392
2013,0.4454,0.0162,0.4617,0.0831,0.9646956898418887,0.03508771929824561,23.8833,10.1718,1662.7179,1638.8346,0.0,0.0,0.0,1662.7179000000003,10.171800000000001,1672.8897000000004,1752.8919
2014,0.1847,0.0119,0.1966,0.0354,0.939471007121058,0.06052899287894202,10.2669,7.6272,1949.2661,1938.9992,0.0,0.0,0.0,1949.2661000000003,7.627199999999999,1956.8933000000002,1996.8982
2015,0.4832,0.0001,0.4833,0.087,0.999793089178564,0.00020691082143596112,28.539,0.0986,88.7613,60.2223,0.0,0.0,0.0,88.76129999999999,0.0986,88.8599,94.3567
2016,0.4214,0.0,0.4214,0.0759,1.0,0.0,23.9547,0.0119,101.7206,77.7659,0.0,0.0,0.0,101.7206,0.011899999999999999,101.7325,104.7303
2017,0.32,0.003,0.323,0.0581,0.9907120743034056,0.009287925696594427,17.661,1.8208,1505.6184,1487.9574,0.0,0.0,0.0,1505.6183999999996,1.8207999999999998,1507.4391999999996,1566.9377
2018,0.309,0.0003,0.3092,0.0557,0.9993531694695991,0.0009702457956015524,16.2204,0.1776,260.9518,244.7314,0.0,0.0,0.0,260.9518,0.17760000000000004,261.1294,272.1268
2019,0.1261,0.0,0.1262,0.0227,0.9992076069730585,0.0,7.0644,0.0232,145.0647,138.0003,0.0,0.0,0.0,145.0647,0.023200000000000002,145.0879,147.0867
2020,0.6778,0.001,0.6788,0.1222,0.998526812021214,0.0014731879787860931,37.1301,0.6828,841.8365,804.7064,0.0,0.0,0.0,841.8365000000001,0.6827999999999999,842.5193000000002,867.0212
2021,0.1424,0.0002,0.1426,0.0257,0.9985974754558204,0.001402524544179523,7.6356,0.1259,419.6363,412.0007,0.0,0.0,0.0,419.6363000000001,0.1259,419.7622000000001,430.2589
2022,0.3146,0.0048,0.3194,0.0575,0.9849718221665622,0.015028177833437694,17.1108,3.1278,1641.1098,1623.999,0.0,0.0,0.0,1641.1098,3.1278,1644.2376,1690.7425
2023,0.6055,0.0001,0.6056,0.109,0.9998348745046235,0.00016512549537648613,31.7898,0.0566,60.79,29.0002,0.0,0.0,0.0,60.79000000000002,0.0566,60.846600000000024,61.847
2024,0.5501,0.0001,0.5502,0.099,0.999818247909851,0.0001817520901490367,28.8792,0.0832,115.8781,86.9989,0.0,0.0,0.0,115.87810000000003,0.0832,115.96130000000004,115.9648
2025,0.6224,0.0009,0.6233,0.1122,0.9985560725172469,0.0014439274827530884,35.1141,0.5823,751.26,716.1459,0.0,0.0,0.0,751.26,0.5823,751.8423,797.3439
2026,0.3617,0.0052,0.3668,0.066,0.9860959651035988,0.014176663031624863,19.8135,3.1464,1778.813,1758.9995,0.0,0.0,0.0,1778.8130000000003,3.1464000000000003,1781.9594000000004,1848.4632
2027,0.203,0.0002,0.2032,0.0366,0.9990157480314962,0.000984251968503937,11.4555,0.1287,198.2983,186.8428,0.0,0.0,0.0,198.2983,0.1287,198.42700000000002,200.4254
2028,0.2664,0.0015,0.2678,0.0482,0.9947722180731892,0.005601194921583272,14.9163,0.9462,1431.3448,1416.4285,0.0,0.0,0.0,1431.3447999999999,0.9462000000000002,1432.291,1480.2903
2029,0.5878,0.0002,0.5881,0.1059,0.9994898826730149,0.0003400782179901378,32.4387,0.1497,254.4387,222.0,0.0,0.0,0.0,254.4387,0.1497,254.5884,261.5917
2030,0.2269,0.0018,0.2287,0.0412,0.9921294271972015,0.007870572802798426,12.1653,1.1606,815.1254,802.9601,0.0,0.0,0.0,815.1254,1.1605999999999999,816.2860000000001,833.2819
2031,0.2624,0.0001,0.2625,0.0472,0.9996190476190476,0.00038095238095238096,14.9163,0.0352,141.4771,126.5608,0.0,0.0,0.0,141.47709999999995,0.035199999999999995,141.51229999999995,146.0123
2032,0.1874,0.0105,0.1979,0.0356,0.9469429004547752,0.05305709954522487,10.2669,6.3485,1604.2174,1593.9505,0.0,0.0,0.0,1604.2174000000005,6.3485,1610.5659000000005,1691.0624
2033,0.4806,0.0001,0.4806,0.0865,1.0,0.00020807324178110696,28.3836,0.0416,136.3842,108.0006,0.0,0.0,0.0,136.38419999999996,0.041600000000000005,136.42579999999995,137.9285
2034,0.6014,0.0015,0.6029,0.1085,0.997512025211478,0.002487974788522143,32.7096,0.9623,1209.3829,1176.6733,0.0,0.0,0.0,1209.3829,0.9623000000000002,1210.3452,1265.8476
2035,0.4925,0.0023,0.4947,0.0891,0.9955528603193855,0.004649282393369719,27.3756,1.462,1461.6605,1434.2849,0.0,0.0,0.0,1461.6605,1.4619999999999997,1463.1225,1535.6211
2036,0.362,0.0042,0.3662,0.0659,0.9885308574549425,0.011469142545057345,20.2734,2.6433,1638.8007,1618.5273,0.0,0.0,0.0,1638.8007000000002,2.6433000000000004,1641.4440000000002,1676.446
2037,0.3433,0.0003,0.3435,0.0618,0.9994177583697234,0.000873362445414847,20.2734,0.1596,59.8974,39.624,0.0,0.0,0.0,59.897400000000005,0.15959999999999996,60.057,64.5529
2038,0.478,0.0053,0.4833,0.087,0.989033726463894,0.010966273536105938,27.3756,3.387,1777.2227,1749.8471,0.0,0.0,0.0,1777.2226999999998,3.3869999999999996,1780.6096999999997,1823.108
2039,0.457,0.0001,0.4571,0.0823,0.9997812294902647,0.0002187705097352877,24.3285,0.0726,93.0702,68.7417,0.0,0.0,0.0,93.07020000000003,0.0726,93.14280000000002,99.6382
2040,0.417,0.0005,0.4175,0.0751,0.9988023952095808,0.0011976047904191617,23.8833,0.2961,811.5435,787.6602,0.0,0.0,0.0,811.5435000000001,0.2961000000000001,811.8396000000001,840.8441
2041,0.3294,0.0,0.3294,0.0593,1.0,0.0,17.661,0.0271,75.4708,57.8098,0.0,0.0,0.0,75.47079999999997,0.0271,75.49789999999997,79.5018
2042,0.6409,0.0007,0.6416,0.1155,0.9989089775561099,0.0010910224438902744,34.3644,0.4231,1082.6132,1048.2488,0.0,0.0,0.0,1082.6132000000002,0.4231,1083.0363000000002,1103.5408
2043,0.4731,0.0005,0.4736,0.0853,0.9989442567567568,0.0010557432432432433,25.368,0.315,1162.4379,1137.0699,0.0,0.0,0.0,1162.4379000000006,0.315,1162.7529000000006,1189.7552
2044,0.4877,0.014,0.5018,0.0903,0.9719011558389796,0.027899561578318053,27.3126,8.4231,1848.4413,1821.1287,0.0,0.0,0.0,1848.4413,8.4231,1856.8644,1892.8648
2045,0.2939,0.0383,0.3323,0.0598,0.8844417694854048,0.11525729762263016,16.2204,24.6921,1829.6911,1813.4707,0.0,0.0,0.0,1829.6911000000005,24.692100000000003,1854.3832000000004,1894.8801
2046,0.5068,0.0,0.5069,0.0912,0.9998027224304596,0.0,28.3836,0.0192,62.3839,34.0003,0.0,0.0,0.0,62.3839,0.019200000000000002,62.403099999999995,62.407
2047,0.5464,0.0011,0.5475,0.0986,0.9979908675799087,0.0020091324200913244,29.7192,0.6666,989.7198,960.0006,0.0,0.0,0.0,989.7198000000001,0.6666,990.3864000000001,1034.3843
2048,0.5644,0.0,0.5644,0.1016,1.0,0.0,31.8423,0.0177,114.7811,82.9388,0.0,0.0,0.0,114.78110000000002,0.0177,114.79880000000003,117.8011
2049,0.2079,0.0001,0.208,0.0374,0.9995192307692308,0.0004807692307692308,12.3774,0.0467,71.2382,58.8608,0.0,0.0,0.0,71.2382,0.046700000000000005,71.28490000000001,81.2874
2050,0.6038,0.0018,0.6056,0.109,0.9970277410832232,0.00297225891677675,33.5643,1.1197,1357.8989,1324.3346,0.0,0.0,0.0,1357.8989000000001,1.1197,1359.0186,1402.5222
2051,0.2873,0.0,0.2874,0.0517,0.9996520528879611,0.0,15.855,0.0218,47.8548,31.9998,0.0,0.0,0.0,47.85480000000002,0.0218,47.87660000000002,48.3722
2052,0.5798,0.006,0.5858,0.1054,0.9897575964493001,0.010242403550699898,32.7096,3.9035,1641.2762,1608.5666,0.0,0.0,0.0,1641.2762000000002,3.9034999999999997,1645.1797000000001,1683.6841
2053,0.2854,0.0003,0.2856,0.0514,0.9992997198879551,0.0010504201680672266,16.2204,0.1741,436.2198,419.9994,0.0,0.0,0.0,436.21979999999996,0.17410000000000003,436.3939,450.3951
2054,0.4808,0.0018,0.4826,0.0869,0.996270203066722,0.0037297969332780773,26.7267,1.1218,1265.7372,1239.0105,0.0,0.0,0.0,1265.7371999999998,1.1218000000000001,1266.8589999999997,1310.3627
2055,0.2644,0.0001,0.2644,0.0476,1.0,0.00037821482602118004,14.9163,0.0326,21.9171,7.0008,0.0,0.0,0.0,21.9171,0.032600000000000004,21.9497,21.9462
2056,0.1926,0.0,0.1926,0.0347,1.0,0.0,9.9057,0.014,9.9064,0.0007,0.0,0.0,0.0,9.9064,0.014000000000000002,9.920399999999999,9.9172
2057,0.4256,0.0381,0.4638,0.0835,0.9176369124622682,0.08214747736093145,24.7527,24.4841,1936.7802,1912.0275,0.0,0.0,0.0,1936.7801999999997,24.4841,1961.2642999999996,2027.2603
2058,0.6302,0.0003,0.6305,0.1135,0.9995241871530531,0.00047581284694686756,35.8239,0.1706,312.8233,276.9994,0.0,0.0,0.0,312.8233,0.17060000000000003,312.9939,327.9945
2059,0.4296,0.0002,0.4299,0.0774,0.9993021632937892,0.0004652244708071645,23.8833,0.1557,626.8822,602.9989,0.0,0.0,0.0,626.8822000000001,0.1557,627.0379000000001,631.5417
2060,0.5382,0.0,0.5383,0.0969,0.9998142299832807,0.0,28.2576,0.0147,43.258,15.0004,0.0,0.0,0.0,43.257999999999996,0.014699999999999998,43.27269999999999,46.7687
2061,0.2046,0.0002,0.2048,0.0369,0.9990234375,0.0009765625,11.4555,0.1213,206.4546,194.9991,0.0,0.0,0.0,206.45460000000003,0.1213,206.57590000000002,220.0786
2062,0.3793,0.0001,0.3794,0.0683,0.999736425935688,0.0002635740643120717,19.509,0.0354,42.5086,22.9996,0.0,0.0,0.0,42.5086,0.0354,42.544000000000004,44.5433
2063,0.5134,0.0001,0.5135,0.0924,0.9998052580331062,0.00019474196689386566,28.539,0.0519,168.5383,139.9993,0.0,0.0,0.0,168.53830000000002,0.051899999999999995,168.5902,172.5878
2064,0.5374,0.0004,0.5378,0.0968,0.999256229081443,0.0007437709185570845,30.5445,0.2943,717.5451,687.0006,0.0,0.0,0.0,717.5451000000003,0.29429999999999995,717.8394000000003,728.843
2065,0.1404,0.0035,0.1439,0.0259,0.975677553856845,0.024322446143154968,7.8036,2.1651,1646.5819,1638.7783,0.0,0.0,0.0,1646.5818999999997,2.1651,1648.7469999999996,1674.2478
2066,0.1998,0.0274,0.2272,0.0409,0.8794014084507042,0.12059859154929577,11.1888,17.357,1835.188,1823.9992,0.0,0.0,0.0,1835.1879999999996,17.357,1852.5449999999996,1935.5417
2067,0.3905,0.0002,0.3907,0.0703,0.9994880982851293,0.0005119017148707449,22.197,0.1529,380.1966,357.9996,0.0,0.0,0.0,380.1966,0.15289999999999995,380.3495,392.8515
2068,0.4877,0.0033,0.4911,0.0884,0.9930767664426798,0.0067196090409285284,27.3126,2.1016,1604.312,1576.9994,0.0,0.0,0.0,1604.3120000000001,2.1016,1606.4136,1641.4111
2069,0.1448,0.001,0.1458,0.0262,0.9931412894375857,0.006858710562414266,8.1102,0.6632,731.1096,722.9994,0.0,0.0,0.0,731.1096000000002,0.6632000000000001,731.7728000000002,780.7744
2070,0.5635,0.0209,0.5843,0.1052,0.9644018483655655,0.035769296594215294,31.7898,13.3365,1797.7898,1766.0,0.0,0.0,0.0,1797.7897999999998,13.336500000000004,1811.1263,1886.6279
2071,0.2801,0.0005,0.2806,0.0505,0.9982181040627227,0.0017818959372772629,15.9222,0.3139,330.9217,314.9995,0.0,0.0,0.0,330.9217,0.31390000000000007,331.2356,337.2334
2072,0.4997,0.0003,0.5001,0.09,0.9992001599680064,0.0005998800239952009,27.3756,0.203,342.5825,315.2069,0.0,0.0,0.0,342.58250000000004,0.20299999999999999,342.7855,357.2813
2073,0.4564,0.0,0.4564,0.0821,1.0,0.0,25.368,0.0107,77.3674,51.9994,0.0,0.0,0.0,77.36739999999999,0.0107,77.37809999999999,78.8739
2074,0.2211,0.0003,0.2214,0.0399,0.9986449864498644,0.0013550135501355011,11.9406,0.1774,244.9411,233.0005,0.0,0.0,0.0,244.94110000000003,0.1774,245.11850000000004,252.117
2075,0.4769,0.0005,0.4774,0.0859,0.9989526602429828,0.0010473397570171764,27.3126,0.3228,780.4942,753.1816,0.0,0.0,0.0,780.4942000000001,0.3227999999999999,780.8170000000001,804.8198
2076,0.214,0.0166,0.2306,0.0415,0.9280138768430182,0.07198612315698179,12.1653,10.2827,1820.2554,1808.0901,0.0,0.0,0.0,1820.2553999999998,10.282700000000002,1830.5380999999998,1896.0364
2077,0.4961,0.0007,0.4968,0.0894,0.9985909822866343,0.0014090177133655394,27.3756,0.4079,734.3761,707.0005,0.0,0.0,0.0,734.3761000000001,0.4079,734.7840000000001,774.7823
2078,0.4857,0.0002,0.4859,0.0875,0.9995883926733896,0.00041160732661041366,26.418,0.1223,140.4177,113.9997,0.0,0.0,0.0,140.41770000000005,0.12229999999999998,140.54000000000005,159.542
2079,0.3659,0.0008,0.3667,0.066,0.9978183801472593,0.00218161985274066,19.9017,0.504,1076.4452,1056.5435,0.0,0.0,0.0,1076.4451999999997,0.504,1076.9491999999996,1116.953
2080,0.6273,0.004,0.6313,0.1136,0.9936638682084588,0.006336131791541265,34.3644,2.5121,1553.3635,1518.9991,0.0,0.0,0.0,1553.3635,2.5121,1555.8755999999998,1576.8759
2081,0.3711,0.0049,0.376,0.0677,0.9869680851063829,0.013031914893617021,20.6283,3.1783,1599.5367,1578.9084,0.0,0.0,0.0,1599.5366999999997,3.1783000000000006,1602.7149999999997,1660.714
2082,0.4454,0.0,0.4455,0.0802,0.9997755331088665,0.0,26.1051,0.0189,99.1051,73.0,0.0,0.0,0.0,99.10509999999998,0.0189,99.12399999999998,107.6254
2083,0.2148,0.0002,0.2151,0.0387,0.9986052998605299,0.0009298000929800093,11.9406,0.1625,368.941,357.0004,0.0,0.0,0.0,368.94100000000003,0.16249999999999995,369.10350000000005,379.6065
2084,0.1888,0.0054,0.1942,0.035,0.972193614830072,0.027806385169927908,10.2669,3.3426,1670.2661,1659.9992,0.0,0.0,0.0,1670.2661,3.3426,1673.6087,1742.6088
2085,0.3283,0.0002,0.3285,0.0591,0.9993911719939116,0.0006088280060882801,19.0911,0.1385,239.091,219.9999,0.0,0.0,0.0,239.09099999999998,0.13849999999999998,239.22949999999997,250.7293
2086,0.586,0.0008,0.5868,0.1056,0.9986366734832992,0.0013633265167007499,33.5643,0.4964,1178.9981,1145.4338,0.0,0.0,0.0,1178.9981000000005,0.4964,1179.4945000000005,1215.9959
2087,0.5551,0.0222,0.5773,0.1039,0.9615451238524164,0.038454876147583576,31.7898,14.4717,1884.7901,1853.0003,0.0,0.0,0.0,1884.7900999999997,14.471699999999998,1899.2617999999998,1936.7611
2088,0.442,0.0,0.442,0.0796,1.0,0.0,26.1051,0.0149,37.1051,11.0,0.0,0.0,0.0,37.10509999999999,0.014899999999999998,37.11999999999999,37.6226
2089,0.2197,0.0001,0.2198,0.0396,0.9995450409463149,0.00045495905368516835,11.4555,0.0385,40.4547,28.9992,0.0,0.0,0.0,40.454699999999995,0.0385,40.493199999999995,40.998
2090,0.4613,0.01,0.4712,0.0848,0.9789898132427843,0.021222410865874362,26.418,6.2909,1899.4173,1872.9993,0.0,0.0,0.0,1899.4173000000003,6.2909,1905.7082000000003,1962.707
2091,0.4635,0.0001,0.4636,0.0834,0.9997842968075927,0.00021570319240724764,27.3756,0.049,137.3763,110.0007,0.0,0.0,0.0,137.37630000000001,0.048999999999999995,137.42530000000002,138.9249
2092,0.3535,0.0164,0.3699,0.0666,0.9556636928899702,0.04433630711002974,19.509,9.6541,1827.3975,1807.8885,0.0,0.0,0.0,1827.3975,9.6541,1837.0516,1902.0539
2093,0.3966,0.0001,0.3967,0.0714,0.9997479203428283,0.00025207965717166626,22.3755,0.0567,148.3759,126.0004,0.0,0.0,0.0,148.3759,0.0567,148.4326,149.9334
2094,0.2372,0.0103,0.2474,0.0445,0.9587712206952304,0.041632983023443815,13.6878,6.3841,1715.6878,1702.0,0.0,0.0,0.0,1715.6878000000004,6.3841,1722.0719000000004,1783.5673
2095,0.3952,0.0007,0.3959,0.0713,0.9982318767365497,0.0017681232634503663,21.8064,0.4579,1002.4413,980.6349,0.0,0.0,0.0,1002.4413000000002,0.45790000000000003,1002.8992000000002,1047.4001
2096,0.4644,0.0007,0.4651,0.0837,0.9984949473231562,0.0015050526768436894,24.7254,0.4647,800.8612,776.1358,0.0,0.0,0.0,800.8612000000002,0.4647,801.3259000000002,817.8278
2097,0.281,0.0011,0.2821,0.0508,0.9961006735200284,0.0038993264799716413,15.855,0.6523,1293.6974,1277.8424,0.0,0.0,0.0,1293.6974000000005,0.6523,1294.3497000000004,1339.3518
2098,0.2831,0.0089,0.292,0.0526,0.9695205479452056,0.030479452054794524,15.855,5.5385,1978.8371,1962.9821,0.0,0.0,0.0,1978.8371000000002,5.538500000000001,1984.3756000000003,2010.3781
2099,0.4057,0.0005,0.4061,0.0731,0.9990150209308052,0.0012312238364934746,23.4108,0.2841,551.4102,527.9994,0.0,0.0,0.0,551.4102,0.2840999999999999,551.6943,566.1904
2100,0.3848,0.0002,0.385,0.0693,0.9994805194805194,0.0005194805194805195,22.3755,0.1248,350.3759,328.0004,0.0,0.0,0.0,350.37589999999994,0.12480000000000004,350.50069999999994,359.5015
2101,0.4441,0.0339,0.478,0.086,0.9290794979079499,0.07092050209205021,24.3285,20.439,1671.3292,1647.0007,0.0,0.0,0.0,1671.3292000000004,20.439,1691.7682000000004,1850.7669
2102,0.5153,0.0015,0.5168,0.093,0.9970975232198142,0.002902476780185758,29.0745,0.8902,1164.0742,1134.9997,0.0,0.0,0.0,1164.0742000000002,0.8902000000000001,1164.9644000000003,1191.4612
2103,0.1397,0.0001,0.1398,0.0252,0.9992846924177395,0.000715307582260372,8.2509,0.0394,51.251,43.0001,0.0,0.0,0.0,51.251,0.0394,51.2904,51.2872
2104,0.2183,0.0019,0.2202,0.0396,0.9913714804722978,0.008628519527702088,11.7054,1.2189,1054.7698,1043.0644,0.0,0.0,0.0,1054.7697999999996,1.2189,1055.9886999999997,1099.4845
2105,0.2854,0.0038,0.2892,0.052,0.9868603042876901,0.01313969571230982,16.2204,2.4397,1052.7819,1036.5615,0.0,0.0,0.0,1052.7819,2.4396999999999998,1055.2215999999999,1092.2179
2106,0.1183,0.0,0.1183,0.0213,1.0,0.0,6.342,0.0195,43.342,37.0,0.0,0.0,0.0,43.34199999999999,0.0195,43.36149999999999,43.3584
2107,0.605,0.0,0.605,0.1089,1.0,0.0,32.4387,0.0168,57.4387,25.0,0.0,0.0,0.0,57.43869999999999,0.0168,57.455499999999994,57.4561
2108,0.2148,0.0308,0.2456,0.0442,0.8745928338762214,0.1254071661237785,11.9406,20.0609,1583.4046,1571.464,0.0,0.0,0.0,1583.4046000000003,20.060899999999997,1603.4655000000002,1687.4662
2109,0.4312,0.0086,0.4398,0.0792,0.9804456571168713,0.019554342883128694,24.3285,5.0898,1440.3291,1416.0006,0.0,0.0,0.0,1440.3291,5.089800000000001,1445.4189,1509.92
2110,0.1384,0.0069,0.1453,0.0262,0.9525120440467996,0.04748795595320027,7.6356,4.3531,1236.775,1229.1394,0.0,0.0,0.0,1236.7750000000003,4.3531,1241.1281000000004,1316.624
2111,0.1057,0.0,0.1057,0.019,1.0,0.0,6.342,0.0197,6.3417,0.0,0.0,0.0,0.0,6.341699999999998,0.0197,6.361399999999998,6.8609
2112,0.4846,0.0,0.4846,0.0872,1.0,0.0,29.0745,0.028,40.0741,10.9996,0.0,0.0,0.0,40.074100000000016,0.028,40.102100000000014,40.1023
2113,0.6227,0.0154,0.6382,0.1149,0.9757129426512066,0.024130366656220623,34.3644,10.0139,1758.2985,1723.9341,0.0,0.0,0.0,1758.2985000000006,10.0139,1768.3124000000005,1823.3167
2114,0.6824,0.0001,0.6824,0.1228,1.0,0.00014654161781946074,35.8239,0.0381,55.8236,19.9997,0.0,0.0,0.0,55.823599999999985,0.038099999999999995,55.861699999999985,57.866
2115,0.2188,0.0018,0.2206,0.0397,0.9918404351767905,0.008159564823209429,12.1653,1.0806,1253.2554,1241.0901,0.0,0.0,0.0,1253.2554000000002,1.0806,1254.3360000000002,1278.3359
2116,0.3025,0.0001,0.3026,0.0545,0.9996695307336418,0.0003304692663582287,16.2204,0.041,18.2197,1.9993,0.0,0.0,0.0,18.219700000000003,0.040999999999999995,18.260700000000003,18.265
2117,0.2831,0.0076,0.2907,0.0523,0.9738562091503268,0.0261437908496732,15.855,4.9456,1735.9913,1720.1363,0.0,0.0,0.0,1735.9913000000006,4.9456,1740.9369000000006,1801.4334
2118,0.4121,0.003,0.4152,0.0747,0.9925337186897881,0.0072254335260115606,22.9089,1.9118,1483.9092,1461.0003,0.0,0.0,0.0,1483.9091999999998,1.9117999999999997,1485.821,1529.3241
2119,0.4787,0.0001,0.4788,0.0862,0.9997911445279867,0.00020885547201336677,26.418,0.0456,140.4175,113.9995,0.0,0.0,0.0,140.41750000000002,0.045599999999999995,140.46310000000003,149.4608
2120,0.3068,0.0001,0.3069,0.0552,0.9996741609644836,0.00032583903551645487,16.2204,0.0768,72.2193,55.9989,0.0,0.0,0.0,72.2193,0.07680000000000002,72.29610000000001,75.2974
2121,0.1271,0.0032,0.1303,0.0235,0.97544128933231,0.024558710667689946,7.0644,1.9872,1341.8097,1334.7453,0.0,0.0,0.0,1341.8096999999996,1.9872000000000003,1343.7968999999996,1406.2956
2122,0.1506,0.0001,0.1507,0.0271,0.9993364299933644,0.0006635700066357001,7.9611,0.083,81.9608,73.9997,0.0,0.0,0.0,81.96079999999998,0.08299999999999999,82.04379999999998,83.539
2123,0.3684,0.0044,0.3728,0.0671,0.9881974248927038,0.011802575107296138,20.6283,2.6668,1578.4881,1557.8598,0.0,0.0,0.0,1578.4880999999996,2.6668000000000003,1581.1548999999995,1624.1532
2124,0.556,0.0005,0.5565,0.1002,0.9991015274034143,0.0008984725965858042,31.8423,0.3419,393.8431,362.0008,0.0,0.0,0.0,393.84310000000005,0.3419,394.18500000000006,427.181
2125,0.2195,0.0001,0.2196,0.0395,0.9995446265938069,0.0004553734061930784,11.9406,0.0353,63.9413,52.0007,0.0,0.0,0.0,63.9413,0.03529999999999999,63.9766,66.4719
2126,0.4972,0.0001,0.4973,0.0895,0.9997989141363361,0.00020108586366378444,26.1051,0.0343,46.1051,20.0,0.0,0.0,0.0,46.10509999999999,0.034300000000000004,46.139399999999995,46.1436
2127,0.1782,0.0104,0.1886,0.0339,0.9448568398727466,0.05514316012725345,9.9057,6.4454,1803.1756,1793.2699,0.0,0.0,0.0,1803.1756,6.4454,1809.621,1863.6254
2128,0.1906,0.0007,0.1913,0.0344,0.996340825927862,0.0036591740721380033,10.5966,0.413,979.0668,968.4702,0.0,0.0,0.0,979.0667999999998,0.413,979.4797999999998,1011.9758
2129,0.173,0.0177,0.1906,0.0343,0.9076600209863588,0.09286463798530956,9.9057,11.3035,1799.9062,1790.0005,0.0,0.0,0.0,1799.9062000000001,11.303500000000001,1811.2097,1872.7076
2130,0.1101,0.0,0.1101,0.0198,1.0,0.0,6.6045,0.0114,25.6044,18.9999,0.0,0.0,0.0,25.604399999999995,0.011399999999999997,25.615799999999993,25.6194
2131,0.1711,0.0083,0.1794,0.0323,0.9537346711259754,0.04626532887402453,9.513,5.2314,1817.5128,1807.9998,0.0,0.0,0.0,1817.5128,5.2314,1822.7441999999999,1886.2466
2132,0.5086,0.0349,0.5435,0.0978,0.9357865685372586,0.0642134314627415,27.8628,20.9568,1954.8628,1927.0,0.0,0.0,0.0,1954.8628000000003,20.956799999999998,1975.8196000000003,1998.8162
2133,0.516,0.0001,0.516,0.0929,1.0,0.0001937984496124031,27.8628,0.0413,79.8627,51.9999,0.0,0.0,0.0,79.86270000000003,0.041299999999999996,79.90400000000004,80.9009
2134,0.6137,0.0322,0.6458,0.1163,0.9502942087333539,0.04986063796841127,34.3644,19.5902,1916.6303,1882.2659,0.0,0.0,0.0,1916.6302999999996,19.5902,1936.2204999999997,1974.2185
2135,0.2172,0.0155,0.2328,0.0419,0.9329896907216495,0.0665807560137457,12.1653,9.9075,1859.998,1847.8327,0.0,0.0,0.0,1859.998,9.9075,1869.9055,1930.4037
2136,0.1133,0.004,0.1173,0.0211,0.9658994032395567,0.03410059676044331,6.342,2.5451,1809.3419,1802.9999,0.0,0.0,0.0,1809.3418999999997,2.5450999999999997,1811.8869999999997,1865.391
2137,0.1158,0.0044,0.1201,0.0216,0.9641965029142382,0.03663613655287261,6.342,2.8391,1465.8293,1459.4873,0.0,0.0,0.0,1465.8292999999996,2.8390999999999997,1468.6683999999996,1553.6714
2138,0.4154,0.0002,0.4156,0.0748,0.9995187680461982,0.0004812319538017324,24.7254,0.1169,78.7256,54.0002,0.0,0.0,0.0,78.72560000000001,0.1169,78.84250000000002,83.338
2139,0.4189,0.0,0.4189,0.0754,1.0,0.0,23.1147,0.0221,59.1154,36.0007,0.0,0.0,0.0,59.11540000000001,0.0221,59.13750000000001,62.6336
2140,0.4731,0.0035,0.4766,0.0858,0.992656315568611,0.007343684431389005,26.1051,2.2182,1494.1052,1468.0001,0.0,0.0,0.0,1494.1051999999995,2.2182000000000004,1496.3233999999995,1528.8234
2141,0.2075,0.0143,0.2218,0.0399,0.935527502254283,0.06447249774571687,11.7054,8.8481,1852.7463,1841.0409,0.0,0.0,0.0,1852.7462999999996,8.8481,1861.5943999999995,1907.5907
2142,0.3701,0.0044,0.3745,0.0674,0.9882510013351135,0.011748998664886516,20.2734,2.9203,1344.4762,1324.2028,0.0,0.0,0.0,1344.4762,2.9203,1347.3965,1396.8936
2143,0.3964,0.0011,0.3975,0.0716,0.9972327044025157,0.002767295597484277,22.197,0.7465,950.0913,927.8943,0.0,0.0,0.0,950.0913,0.7464999999999998,950.8378,1006.3402
2144,0.1213,0.0006,0.1219,0.0219,0.9950779327317474,0.004922067268252666,6.8439,0.3962,1014.5725,1007.7286,0.0,0.0,0.0,1014.5725,0.3962,1014.9687,1043.9681
2145,0.3231,0.0008,0.3239,0.0583,0.9975301018832973,0.002469898116702686,18.6459,0.4768,845.3579,826.712,0.0,0.0,0.0,845.3579,0.47679999999999995,845.8347,874.8345
2146,0.428,0.0377,0.4657,0.0838,0.9190465965213657,0.0809534034786343,24.3285,23.1041,1779.7611,1755.4326,0.0,0.0,0.0,1779.7611,23.1041,1802.8652,1898.3646
2147,0.4986,0.0298,0.5283,0.0951,0.9437819420783645,0.056407344311943976,27.3126,19.4493,1926.3119,1898.9993,0.0,0.0,0.0,1926.3119,19.449299999999997,1945.7612,1987.7625
2148,0.2057,0.0009,0.2066,0.0372,0.9956437560503387,0.0043562439496611805,11.1888,0.5788,962.9623,951.7735,0.0,0.0,0.0,962.9622999999998,0.5788000000000001,963.5410999999998,1018.5461
2149,0.3879,0.0,0.3879,0.0698,1.0,0.0,22.9089,0.017,62.9091,40.0002,0.0,0.0,0.0,62.90909999999999,0.017,62.92609999999999,62.9267
2150,0.5761,0.0012,0.5773,0.1039,0.9979213580460764,0.0020786419539234363,31.7898,0.7387,1338.9428,1307.153,0.0,0.0,0.0,1338.9427999999998,0.7387,1339.6815,1371.682
2151,0.3756,0.0243,0.3999,0.072,0.9392348087021756,0.060765191297824456,21.1932,14.4206,1780.1934,1759.0002,0.0,0.0,0.0,1780.1933999999997,14.420599999999999,1794.6139999999996,1860.6163
2152,0.299,0.0044,0.3034,0.0546,0.985497692814766,0.014502307185234015,16.5018,2.6369,1580.5018,1564.0,0.0,0.0,0.0,1580.5018000000005,2.6369,1583.1387000000004,1621.6376
2153,0.3379,0.0,0.3379,0.0608,1.0,0.0,20.2734,0.0211,23.2743,3.0009,0.0,0.0,0.0,23.274299999999993,0.021099999999999997,23.295399999999994,25.7998
2154,0.2961,0.0075,0.3036,0.0547,0.9752964426877471,0.024703557312252964,16.2204,4.7304,1670.2193,1653.9989,0.0,0.0,0.0,1670.2193,4.7304,1674.9497,1731.4541
2155,0.5328,0.0004,0.5331,0.096,0.9994372537985369,0.0007503282686175201,29.8347,0.2447,572.8344,542.9997,0.0,0.0,0.0,572.8344,0.2447,573.0790999999999,592.0757
2156,0.3841,0.0001,0.3841,0.0691,1.0,0.0002603488674824265,21.1932,0.0582,87.1935,66.0003,0.0,0.0,0.0,87.1935,0.058199999999999995,87.2517,89.2473
2157,0.2354,0.0004,0.2357,0.0424,0.9987271955876114,0.0016970725498515063,13.6878,0.2383,408.6878,395.0,0.0,0.0,0.0,408.6877999999999,0.23829999999999998,408.9260999999999,425.9216
2158,0.2124,0.0001,0.2125,0.0383,0.9995294117647059,0.00047058823529411766,12.1653,0.0739,166.1647,153.9994,0.0,0.0,0.0,166.1647,0.0739,166.23860000000002,168.2344
2159,0.1381,0.0035,0.1416,0.0255,0.9752824858757062,0.024717514124293787,7.4592,2.1266,1391.2048,1383.7456,0.0,0.0,0.0,1391.2048,2.1266000000000003,1393.3314,1458.329
2160,0.1153,0.0012,0.1166,0.021,0.9888507718696399,0.010291595197255574,6.6045,0.769,1283.5973,1276.9928,0.0,0.0,0.0,1283.5973,0.7689999999999999,1284.3663,1325.868
2161,0.5307,0.0,0.5307,0.0955,1.0,0.0,31.8423,0.0186,42.8432,11.0009,0.0,0.0,0.0,42.84320000000001,0.0186,42.86180000000001,43.3649
2162,0.5602,0.0023,0.5625,0.1013,0.9959111111111112,0.0040888888888888884,31.8423,1.4228,1189.5673,1157.725,0.0,0.0,0.0,1189.5673,1.4228,1190.9901,1235.9898
2163,0.1149,0.0011,0.1161,0.0209,0.9896640826873385,0.009474590869939709,6.342,0.7252,1123.749,1117.407,0.0,0.0,0.0,1123.7489999999996,0.7252,1124.4741999999997,1174.4748
2164,0.2873,0.0174,0.3047,0.0548,0.9428946504758778,0.05710534952412208,15.855,11.4124,1896.8549,1880.9999,0.0,0.0,0.0,1896.8549000000003,11.412400000000002,1908.2673000000002,1968.263
2165,0.5033,0.0024,0.5057,0.091,0.9952541032232548,0.004745896776745105,27.3756,1.5678,1099.2334,1071.8578,0.0,0.0,0.0,1099.2334,1.5677999999999999,1100.8012,1166.8012
2166,0.2076,0.0014,0.209,0.0376,0.9933014354066987,0.0066985645933014355,11.4555,0.8874,1266.4545,1254.999,0.0,0.0,0.0,1266.4544999999996,0.8874000000000001,1267.3418999999997,1327.8455
2167,0.3453,0.0,0.3453,0.0622,1.0,0.0,18.6459,0.0156,47.6464,29.0005,0.0,0.0,0.0,47.64640000000001,0.0156,47.662000000000006,47.6629
2168,0.3347,0.0005,0.3353,0.0603,0.998210557709514,0.0014912019087384434,19.026,0.3285,858.3683,839.3423,0.0,0.0,0.0,858.3682999999999,0.3284999999999999,858.6967999999998,895.1993
2169,0.3728,0.0019,0.3746,0.0674,0.9951948745328351,0.005072076882007475,20.2734,1.2172,1292.8902,1272.6168,0.0,0.0,0.0,1292.8902000000003,1.2172,1294.1074000000003,1323.6069
2170,0.5333,0.0004,0.5338,0.0961,0.999063319595354,0.0007493443237167478,30.5445,0.2891,380.5455,350.001,0.0,0.0,0.0,380.5455,0.28909999999999997,380.8346,398.8306
2171,0.4822,0.0,0.4822,0.0868,1.0,0.0,28.2576,0.0285,30.2582,2.0006,0.0,0.0,0.0,30.258200000000006,0.0285,30.286700000000007,32.7905
2172,0.3434,0.0005,0.3439,0.0619,0.9985460889793545,0.0014539110206455365,19.0911,0.3002,482.0911,463.0,0.0,0.0,0.0,482.09110000000004,0.30019999999999997,482.39130000000006,497.389
2173,0.5407,0.0001,0.5408,0.0973,0.9998150887573964,0.00018491124260355032,29.8347,0.0656,78.8343,48.9996,0.0,0.0,0.0,78.83429999999997,0.0656,78.89989999999997,84.4007
2174,0.1375,0.0001,0.1376,0.0248,0.9992732558139535,0.0007267441860465116,8.2509,0.0417,8.2509,0.0,0.0,0.0,0.0,8.250900000000001,0.041699999999999994,8.292600000000002,9.2877
2175,0.5407,0.0269,0.5676,0.1022,0.9526074700493304,0.04739252995066948,29.8347,17.1124,1684.8345,1654.9998,0.0,0.0,0.0,1684.8344999999997,17.1124,1701.9468999999997,1743.9509
2176,0.2897,0.0045,0.2942,0.053,0.9847042828008158,0.015295717199184227,16.2204,2.8049,1489.5447,1473.3243,0.0,0.0,0.0,1489.5447000000004,2.8049000000000004,1492.3496000000005,1540.8501
2177,0.2926,0.0,0.2927,0.0527,0.9996583532627263,0.0,16.5102,0.0119,42.5106,26.0004,0.0,0.0,0.0,42.510600000000004,0.011899999999999997,42.5225,42.5189
2178,0.4454,0.0004,0.4459,0.0803,0.99887867234806,0.0008970621215519175,26.1051,0.2777,664.1052,638.0001,0.0,0.0,0.0,664.1052000000001,0.2777,664.3829000000001,680.3864
2179,0.2341,0.0006,0.2348,0.0423,0.9970187393526405,0.002555366269165247,13.209,0.3843,823.2341,810.0251,0.0,0.0,0.0,823.2340999999999,0.3843,823.6184,837.1138
2180,0.1158,0.0012,0.117,0.0211,0.9897435897435897,0.010256410256410255,6.342,0.7745,1079.367,1073.025,0.0,0.0,0.0,1079.3669999999997,0.7745,1080.1414999999997,1119.14
2181,0.6112,0.009,0.6202,0.1116,0.9854885520799742,0.014511447920025797,33.0036,5.7359,1687.5405,1654.5369,0.0,0.0,0.0,1687.5404999999998,5.735900000000001,1693.2763999999997,1754.2729
2182,0.2875,0.0172,0.3047,0.0548,0.9435510338037413,0.05644896619625861,16.2204,11.2239,1593.219,1576.9986,0.0,0.0,0.0,1593.2190000000003,11.2239,1604.4429000000002,1666.4473
2183,0.3574,0.0006,0.3581,0.0645,0.998045238760123,0.0016755096341803965,20.6283,0.4133,667.6277,646.9994,0.0,0.0,0.0,667.6277000000001,0.41329999999999995,668.0410000000002,694.0446
2184,0.4997,0.0001,0.4998,0.09,0.9997999199679871,0.00020008003201280514,27.3756,0.053,94.376,67.0004,0.0,0.0,0.0,94.37600000000002,0.05299999999999999,94.42900000000002,99.9296
2185,0.1453,0.0021,0.1474,0.0265,0.985753052917232,0.014246947082767978,7.9611,1.2959,1204.5737,1196.6126,0.0,0.0,0.0,1204.5737000000004,1.2959,1205.8696000000004,1266.8728
2186,0.4677,0.0001,0.4678,0.0842,0.9997862334330911,0.00021376656690893546,25.4394,0.0563,58.44,33.0006,0.0,0.0,0.0,58.43999999999999,0.0563,58.49629999999999,61.9966
2187,0.6137,0.0143,0.6279,0.113,0.977384933906673,0.022774327122153208,34.3644,8.7417,1667.3638,1632.9994,0.0,0.0,0.0,1667.3637999999999,8.741700000000002,1676.1055,1767.6063
2188,0.4513,0.0002,0.4515,0.0813,0.9995570321151716,0.00044296788482834997,24.7254,0.1153,115.7256,91.0002,0.0,0.0,0.0,115.72560000000001,0.11529999999999997,115.84090000000002,123.3435
2189,0.425,0.0003,0.4253,0.0766,0.9992946155654832,0.0007053844345168116,23.1147,0.2039,654.1153,631.0006,0.0,0.0,0.0,654.1152999999998,0.2039,654.3191999999998,675.8169
2190,0.2282,0.0021,0.2303,0.0415,0.9908814589665653,0.00911854103343465,12.684,1.3499,962.1048,949.4208,0.0,0.0,0.0,962.1048000000003,1.3499,963.4547000000003,1015.4557
2191,0.4513,0.0066,0.458,0.0824,0.9853711790393013,0.014410480349344978,24.7254,4.1608,1453.571,1428.8456,0.0,0.0,0.0,1453.5710000000001,4.1608,1457.7318000000002,1512.2326
2192,0.3616,0.0001,0.3617,0.0651,0.9997235277854575,0.0002764722145424385,21.1932,0.0529,78.1934,57.0002,0.0,0.0,0.0,78.19340000000003,0.052899999999999996,78.24630000000002,81.7506
2193,0.5905,0.003,0.5935,0.1068,0.9949452401010952,0.005054759898904802,33.5643,1.8895,1328.5639,1294.9996,0.0,0.0,0.0,1328.5639,1.8895000000000002,1330.4534,1378.9549
2194,0.5386,0.0001,0.5387,0.097,0.9998143679227771,0.00018563207722294416,29.7192,0.0962,185.7196,156.0004,0.0,0.0,0.0,185.71959999999999,0.09619999999999998,185.8158,192.3157
2195,0.1448,0.0336,0.1785,0.0321,0.8112044817927172,0.18823529411764706,8.1102,22.3237,1785.607,1777.4968,0.0,0.0,0.0,1785.6069999999995,22.323700000000002,1807.9306999999994,1873.9269
2196,0.2359,0.0192,0.2551,0.0459,0.924735397883183,0.07526460211681693,13.209,11.8895,1605.8768,1592.6678,0.0,0.0,0.0,1605.8767999999993,11.889500000000002,1617.7662999999993,1733.2675
2197,0.3564,0.0022,0.3586,0.0646,0.9938650306748467,0.006134969325153375,19.8135,1.4818,1492.8134,1472.9999,0.0,0.0,0.0,1492.8134000000002,1.4817999999999996,1494.2952000000002,1528.2925
2198,0.4328,0.0037,0.4365,0.0786,0.9915234822451318,0.008476517754868271,23.8833,2.3846,1337.0977,1313.2144,0.0,0.0,0.0,1337.0977,2.3846,1339.4823000000001,1427.4773
2199,0.5407,0.0007,0.5414,0.0975,0.9987070557813077,0.0012929442186922792,29.8347,0.4638,1016.7027,986.868,0.0,0.0,0.0,1016.7027,0.4638,1017.1665,1036.6654
2200,0.4664,0.0012,0.4676,0.0842,0.9974337040205303,0.002566295979469632,25.368,0.7729,1427.3508,1401.9828,0.0,0.0,0.0,1427.3508000000002,0.7729,1428.1237,1461.1207
2201,0.3754,0.0005,0.3759,0.0677,0.9986698590050546,0.0013301409949454642,20.2734,0.3303,639.2742,619.0008,0.0,0.0,0.0,639.2742000000002,0.3303,639.6045000000001,662.1056
2202,0.5485,0.0001,0.5486,0.0987,0.9998177178271965,0.00018228217280349984,29.8347,0.0347,67.8342,37.9995,0.0,0.0,0.0,67.83419999999998,0.0347,67.86889999999998,72.867
2203,0.3252,0.0001,0.3253,0.0585,0.9996925914540424,0.00030740854595757766,19.509,0.0726,28.5082,8.9992,0.0,0.0,0.0,28.508199999999995,0.0726,28.580799999999996,37.0808
2204,0.4088,0.0008,0.4096,0.0737,0.9980468749999999,0.001953125,23.4108,0.5226,992.7939,969.3831,0.0,0.0,0.0,992.7939,0.5226,993.3165,1028.8185
2205,0.328,0.0017,0.3298,0.0594,0.9945421467556096,0.005154639175257732,18.6459,1.0869,1121.8847,1103.2388,0.0,0.0,0.0,1121.8846999999998,1.0869,1122.9715999999999,1169.4709
2206,0.3057,0.0003,0.3061,0.0551,0.9986932375040838,0.0009800718719372753,16.5102,0.1918,304.511,288.0008,0.0,0.0,0.0,304.51099999999997,0.1918,304.70279999999997,308.7044
2207,0.2944,0.0,0.2944,0.053,1.0,0.0,17.661,0.0266,17.6612,0.0002,0.0,0.0,0.0,17.661199999999997,0.026600000000000002,17.687799999999996,17.6877
2208,0.1331,0.0001,0.1332,0.024,0.9992492492492491,0.0007507507507507507,6.8439,0.0499,114.8442,108.0003,0.0,0.0,0.0,114.84420000000001,0.0499,114.89410000000001,117.3913
2209,0.1495,0.0001,0.1496,0.0269,0.999331550802139,0.0006684491978609625,7.9611,0.0384,22.9608,14.9997,0.0,0.0,0.0,22.960800000000003,0.038400000000000004,22.999200000000002,22.9992
2210,0.3835,0.0041,0.3876,0.0698,0.989422084623323,0.010577915376676987,20.2734,2.5787,1475.1071,1454.8337,0.0,0.0,0.0,1475.1071000000002,2.5787,1477.6858000000002,1505.6825
2211,0.2091,0.0017,0.2108,0.0379,0.9919354838709679,0.008064516129032258,11.4555,1.0916,1150.263,1138.8075,0.0,0.0,0.0,1150.263,1.0916000000000001,1151.3546,1189.8585
2212,0.5046,0.0227,0.5273,0.0949,0.9569505025602125,0.0430494974397876,28.2576,14.0123,1832.2582,1804.0006,0.0,0.0,0.0,1832.2582000000004,14.0123,1846.2705000000005,1915.7745
2213,0.4843,0.0001,0.4844,0.0872,0.999793559042114,0.0002064409578860446,26.7267,0.0395,44.7271,18.0004,0.0,0.0,0.0,44.7271,0.0395,44.7666,44.7658
2214,0.3775,0.0001,0.3776,0.068,0.9997351694915254,0.00026483050847457627,20.5317,0.0521,64.5318,44.0001,0.0,0.0,0.0,64.53179999999999,0.052099999999999994,64.58389999999999,64.5831
2215,0.4813,0.0001,0.4814,0.0866,0.9997922725384296,0.00020772746157041963,24.7527,0.0364,28.753,4.0003,0.0,0.0,0.0,28.752999999999997,0.03640000000000001,28.789399999999997,29.2927
2216,0.2542,0.0057,0.2599,0.0468,0.9780684878799537,0.02193151212004617,14.1288,3.5257,1652.678,1638.5492,0.0,0.0,0.0,1652.678,3.5257000000000005,1656.2037,1683.2068
2217,0.1288,0.0062,0.135,0.0243,0.954074074074074,0.04592592592592592,7.2681,4.0851,1311.9028,1304.6347,0.0,0.0,0.0,1311.9027999999998,4.0851,1315.9878999999999,1365.9847
2218,0.5134,0.002,0.5154,0.0928,0.9961195188203337,0.003880481179666279,28.539,1.3482,1384.3683,1355.8293,0.0,0.0,0.0,1384.3682999999994,1.3482,1385.7164999999993,1424.7173
2219,0.1888,0.0013,0.1901,0.0342,0.9931614939505523,0.006838506049447659,10.2669,0.8293,1081.0526,1070.7857,0.0,0.0,0.0,1081.0526000000004,0.8293,1081.8819000000005,1123.3816
2220,0.3561,0.0002,0.3563,0.0641,0.9994386752736458,0.000561324726354196,19.0911,0.1422,82.091,62.9999,0.0,0.0,0.0,82.09099999999998,0.14220000000000002,82.23319999999998,85.2362
2221,0.5899,0.0,0.5899,0.1062,1.0,0.0,35.1141,0.0182,45.115,10.0009,0.0,0.0,0.0,45.11499999999999,0.0182,45.13319999999999,45.1372
2222,0.2915,0.005,0.2965,0.0534,0.9831365935919055,0.016863406408094438,15.855,3.1096,1696.0231,1680.1681,0.0,0.0,0.0,1696.0231000000003,3.1096000000000004,1699.1327000000003,1742.6371
2223,0.3438,0.0001,0.3439,0.0619,0.999709217795871,0.00029078220412910734,20.6283,0.045,20.6276,0.0,0.0,0.0,0.0,20.627599999999994,0.045,20.672599999999996,20.6694
2224,0.4593,0.0001,0.4593,0.0827,1.0,0.00021772262138036144,26.1051,0.0565,154.1051,128.0,0.0,0.0,0.0,154.10509999999996,0.05650000000000001,154.16159999999996,157.1659
2225,0.6304,0.0017,0.6322,0.1138,0.9971527997469155,0.002689022461246441,33.5643,1.0846,1098.0409,1064.4766,0.0,0.0,0.0,1098.0409000000004,1.0846,1099.1255000000003,1143.1243
2226,0.1261,0.0008,0.1269,0.0228,0.9936958234830573,0.006304176516942474,7.0644,0.4758,921.0648,914.0004,0.0,0.0,0.0,921.0648000000001,0.4758,921.5406000000002,952.0394
2227,0.2299,0.0042,0.2341,0.0421,0.9820589491670226,0.017941050832977357,12.684,2.6887,1611.366,1598.682,0.0,0.0,0.0,1611.3660000000002,2.6887,1614.0547000000001,1669.5554
2228,0.1279,0.0004,0.1282,0.0231,0.9976599063962559,0.0031201248049922,7.2681,0.2276,561.2689,554.0008,0.0,0.0,0.0,561.2688999999999,0.22760000000000002,561.4965,573.4976
2229,0.6468,0.004,0.6509,0.1172,0.9937010293439853,0.006145337225380243,36.4938,2.521,1541.84,1505.3462,0.0,0.0,0.0,1541.8400000000006,2.521,1544.3610000000006,1574.3641
2230,0.4468,0.0014,0.4482,0.0807,0.9968763944667559,0.0031236055332440876,23.9547,0.8804,1285.956,1262.0013,0.0,0.0,0.0,1285.9559999999997,0.8804,1286.8363999999997,1334.837
2231,0.5134,0.0011,0.5145,0.0926,0.9978620019436346,0.0021379980563654036,28.539,0.6568,1247.5385,1218.9995,0.0,0.0,0.0,1247.5384999999994,0.6567999999999999,1248.1952999999994,1288.1914
2232,0.5719,0.0016,0.5734,0.1032,0.9973840251133588,0.0027903732124171608,31.7898,0.9901,986.9079,955.1181,0.0,0.0,0.0,986.9078999999997,0.9901,987.8979999999997,1018.3939
2233,0.1373,0.0019,0.1392,0.025,0.9863505747126438,0.013649425287356323,7.8036,1.1857,1270.4995,1262.6959,0.0,0.0,0.0,1270.4994999999997,1.1856999999999998,1271.6851999999997,1339.6833
2234,0.3486,0.0013,0.3499,0.063,0.9962846527579309,0.0037153472420691624,19.8135,0.854,1043.1637,1023.3502,0.0,0.0,0.0,1043.1637,0.8539999999999999,1044.0177,1079.5185
2235,0.461,0.0002,0.4612,0.083,0.9995663486556808,0.00043365134431916743,25.4394,0.1279,91.4403,66.0009,0.0,0.0,0.0,91.44030000000001,0.12789999999999999,91.5682,95.5649
2236,0.3865,0.0008,0.3873,0.0697,0.9979344177640073,0.0020655822359927707,21.8064,0.4774,454.8058,432.9994,0.0,0.0,0.0,454.8057999999999,0.47740000000000005,455.2831999999999,487.2863
2237,0.5083,0.0229,0.5312,0.0956,0.9568900602409638,0.043109939759036146,28.2576,13.7405,1742.2576,1714.0,0.0,0.0,0.0,1742.2576000000004,13.740499999999999,1755.9981000000005,1807.4932
2238,0.6681,0.0074,0.6756,0.1216,0.9888987566607461,0.010953226761397277,35.8239,4.5752,1666.3342,1630.5103,0.0,0.0,0.0,1666.3341999999996,4.5752,1670.9093999999996,1704.4105
2239,0.5418,0.0007,0.5425,0.0977,0.9987096774193548,0.0012903225806451613,30.7986,0.4658,549.7981,518.9995,0.0,0.0,0.0,549.7981,0.46579999999999994,550.2638999999999,560.764
2240,0.4778,0.0001,0.4779,0.086,0.9997907512031806,0.0002092487968194183,25.4394,0.0619,62.4401,37.0007,0.0,0.0,0.0,62.4401,0.06190000000000001,62.502,62.5006
2241,0.5307,0.0015,0.5322,0.0958,0.9971815107102592,0.002818489289740699,29.0745,0.9127,1356.6301,1327.5556,0.0,0.0,0.0,1356.6300999999994,0.9127000000000002,1357.5427999999995,1385.0393
2242,0.1434,0.0001,0.1435,0.0258,0.9993031358885018,0.000696864111498258,7.6356,0.0335,30.6363,23.0007,0.0,0.0,0.0,30.63630000000001,0.0335,30.66980000000001,30.6727
2243,0.221,0.0023,0.2233,0.0402,0.9896999552171966,0.010300044782803403,12.3774,1.4225,892.8038,880.4264,0.0,0.0,0.0,892.8037999999998,1.4224999999999997,894.2262999999998,912.7311
2244,0.2961,0.008,0.3041,0.0547,0.9736928641894114,0.026307135810588623,16.2204,4.8605,1570.4797,1554.2593,0.0,0.0,0.0,1570.4797000000003,4.860500000000001,1575.3402000000003,1604.8448
2245,0.1332,0.0252,0.1584,0.0285,0.8409090909090909,0.1590909090909091,7.4592,15.9997,1480.4586,1472.9994,0.0,0.0,0.0,1480.4586,15.999699999999999,1496.4583,1555.4573
2246,0.3602,0.0083,0.3685,0.0663,0.9774762550881955,0.022523744911804613,20.6283,5.1941,1637.6273,1616.999,0.0,0.0,0.0,1637.6272999999994,5.194100000000001,1642.8213999999994,1707.3197
2247,0.3036,0.0198,0.3233,0.0582,0.93906588308073,0.06124342715743892,16.5102,12.2342,1756.511,1740.0008,0.0,0.0,0.0,1756.511,12.234200000000001,1768.7452,1814.2437
2248,0.2615,0.0015,0.263,0.0473,0.9942965779467681,0.005703422053231939,14.5362,0.9557,1159.537,1145.0008,0.0,0.0,0.0,1159.537,0.9557000000000001,1160.4927,1186.9916
2249,0.5086,0.0005,0.5091,0.0916,0.9990178746808094,0.0009821253191907287,27.8628,0.3259,334.8627,306.9999,0.0,0.0,0.0,334.8626999999999,0.3259,335.1885999999999,343.6836
2250,0.2481,0.0095,0.2576,0.0464,0.9631211180124223,0.03687888198757764,13.209,5.9947,1400.2531,1387.0441,0.0,0.0,0.0,1400.2530999999997,5.994700000000001,1406.2477999999996,1471.7459
2251,0.1833,0.0021,0.1855,0.0334,0.9881401617250674,0.011320754716981131,10.2669,1.3484,1436.3192,1426.0523,0.0,0.0,0.0,1436.3192000000004,1.3483999999999998,1437.6676000000004,1505.168
2252,0.2683,0.0061,0.2744,0.0494,0.9777696793002916,0.02223032069970846,14.9163,3.7439,1639.9171,1625.0008,0.0,0.0,0.0,1639.9170999999997,3.7439,1643.6609999999996,1692.1658
2253,0.5032,0.0001,0.5033,0.0906,0.9998013113451222,0.0001986886548778065,29.7192,0.0532,81.7193,52.0001,0.0,0.0,0.0,81.71929999999999,0.053200000000000004,81.7725,85.2706
2254,0.523,0.0003,0.5234,0.0942,0.9992357661444403,0.0005731753916698509,29.0745,0.2224,458.0745,429.0,0.0,0.0,0.0,458.0745,0.22240000000000001,458.2969,469.3019
2255,0.3685,0.0005,0.3691,0.0664,0.9983744242752642,0.00135464643727987,19.9017,0.3334,628.2005,608.2988,0.0,0.0,0.0,628.2005,0.33340000000000003,628.5339,645.5385
2256,0.2768,0.0066,0.2834,0.051,0.976711362032463,0.02328863796753705,15.2733,4.1995,1445.2726,1429.9993,0.0,0.0,0.0,1445.2726000000002,4.1995,1449.4721000000002,1490.4744
2257,0.4787,0.0218,0.5005,0.0901,0.9564435564435566,0.04355644355644356,26.418,13.2819,1796.174,1769.756,0.0,0.0,0.0,1796.1740000000002,13.2819,1809.4559000000002,1861.9516
2258,0.4993,0.0011,0.5004,0.0901,0.9978017585931256,0.0021982414068745008,28.3836,0.6823,964.1177,935.7341,0.0,0.0,0.0,964.1176999999998,0.6823,964.7999999999998,1000.8009
2259,0.1545,0.0,0.1545,0.0278,1.0,0.0,8.1102,0.0187,26.1096,17.9994,0.0,0.0,0.0,26.109599999999993,0.0187,26.128299999999992,26.1236
2260,0.2982,0.0005,0.2987,0.0538,0.9983260796786073,0.0016739203213927017,16.2204,0.3152,371.2199,354.9995,0.0,0.0,0.0,371.21990000000005,0.31520000000000004,371.53510000000006,391.5383
2261,0.3756,0.0069,0.3825,0.0689,0.9819607843137255,0.01803921568627451,21.1932,4.0862,1623.8853,1602.6921,0.0,0.0,0.0,1623.8853,4.086199999999999,1627.9714999999999,1689.4712
2262,0.4424,0.0001,0.4425,0.0797,0.9997740112994351,0.00022598870056497175,22.9089,0.075,87.9091,65.0002,0.0,0.0,0.0,87.90910000000002,0.075,87.98410000000003,87.9793
2263,0.626,0.0008,0.6268,0.1128,0.9987236758136566,0.0012763241863433313,33.5643,0.5353,1007.6415,974.0772,0.0,0.0,0.0,1007.6415000000001,0.5353,1008.1768000000001,1025.6742
2264,0.6778,0.0012,0.679,0.1222,0.9982326951399115,0.001767304860088365,37.1301,0.7434,901.736,864.6059,0.0,0.0,0.0,901.7360000000001,0.7433999999999998,902.4794,952.9755
2265,0.3701,0.0158,0.3859,0.0695,0.9590567504534853,0.04094324954651464,20.2734,10.1485,1697.2739,1677.0005,0.0,0.0,0.0,1697.2739000000001,10.148500000000002,1707.4224000000002,1741.4245
2266,0.4061,0.0029,0.4089,0.0736,0.9931523599902178,0.0070921985815602835,22.9089,1.8032,1202.6156,1179.7067,0.0,0.0,0.0,1202.6156,1.8032000000000004,1204.4188000000001,1266.4208
2267,0.3992,0.0,0.3993,0.0719,0.9997495617330329,0.0,23.9547,0.0284,27.9542,3.9995,0.0,0.0,0.0,27.954199999999993,0.028399999999999998,27.982599999999994,27.9861
2268,0.2168,0.0005,0.2173,0.0391,0.9976990335941095,0.0023009664058904742,11.7054,0.3119,462.705,450.9996,0.0,0.0,0.0,462.70499999999987,0.31189999999999996,463.01689999999985,477.5145
2269,0.6455,0.0075,0.653,0.1175,0.9885145482388973,0.011485451761102602,34.3644,4.7465,1613.0815,1578.7171,0.0,0.0,0.0,1613.0815000000005,4.746499999999999,1617.8280000000004,1683.8293
2270,0.3765,0.0003,0.3768,0.0678,0.9992038216560509,0.0007961783439490445,20.6283,0.1719,344.6273,323.999,0.0,0.0,0.0,344.6273,0.17190000000000003,344.7992,354.8025
2271,0.4022,0.0002,0.4025,0.0724,0.9992546583850931,0.0004968944099378882,22.197,0.1516,367.1966,344.9996,0.0,0.0,0.0,367.1966,0.15159999999999998,367.34819999999996,372.3523
2272,0.2727,0.0157,0.2885,0.0519,0.9452339688041596,0.054419410745233966,15.2733,10.0323,1445.2723,1429.999,0.0,0.0,0.0,1445.2723000000003,10.032300000000001,1455.3046000000004,1543.3042
2273,0.3754,0.001,0.3765,0.0678,0.9970783532536521,0.002656042496679947,20.2734,0.6687,988.8149,968.5415,0.0,0.0,0.0,988.8149000000002,0.6687000000000001,989.4836000000001,1031.4842
2274,0.5535,0.0001,0.5536,0.0997,0.9998193641618497,0.00018063583815028904,30.5445,0.0733,76.5456,46.0011,0.0,0.0,0.0,76.54560000000001,0.0733,76.61890000000001,78.1235
2275,0.3905,0.0001,0.3906,0.0703,0.9997439836149514,0.0002560163850486431,22.197,0.0389,62.1968,39.9998,0.0,0.0,0.0,62.196799999999996,0.038900000000000004,62.235699999999994,62.2338
2276,0.4409,0.0088,0.4496,0.0809,0.9806494661921709,0.019572953736654807,24.3285,5.3936,1539.5027,1515.1742,0.0,0.0,0.0,1539.5027,5.393599999999999,1544.8963,1593.8992
2277,0.346,0.0343,0.3803,0.0685,0.909808046279253,0.09019195372074676,19.0911,20.5147,1771.091,1751.9999,0.0,0.0,0.0,1771.0910000000003,20.5147,1791.6057000000003,1829.6043
2278,0.4409,0.0041,0.4449,0.0801,0.9910092155540571,0.009215554057091482,24.3285,2.6175,940.4365,916.108,0.0,0.0,0.0,940.4365,2.6175000000000006,943.054,991.5558
2279,0.4907,0.0,0.4908,0.0883,0.9997962510187449,0.0,28.539,0.0213,37.5383,8.9993,0.0,0.0,0.0,37.53830000000001,0.021300000000000003,37.5596,38.0552
2280,0.457,0.0003,0.4572,0.0823,0.999562554680665,0.0006561679790026247,24.3285,0.1594,486.3288,462.0003,0.0,0.0,0.0,486.3288,0.15940000000000001,486.4882,494.4838
2281,0.32,0.003,0.3231,0.0582,0.9904054472299598,0.009285051067780874,17.661,1.9652,1211.8261,1194.1651,0.0,0.0,0.0,1211.8260999999998,1.9652,1213.7912999999999,1255.2935
2282,0.3107,0.0002,0.3109,0.056,0.9993567063364425,0.000643293663557414,17.661,0.1141,135.6611,118.0001,0.0,0.0,0.0,135.6611,0.11410000000000001,135.7752,140.272
2283,0.1394,0.0,0.1394,0.0251,1.0,0.0,7.6356,0.015,36.6363,29.0007,0.0,0.0,0.0,36.6363,0.015,36.6513,36.6491
2284,0.4341,0.0026,0.4367,0.0786,0.9940462560109915,0.005953743989008472,23.9547,1.6014,1486.832,1462.8773,0.0,0.0,0.0,1486.8319999999997,1.6014,1488.4333999999997,1522.4328
2285,0.4597,0.0021,0.4618,0.0831,0.9954525768731053,0.0045474231268947595,25.368,1.3674,1421.1679,1395.7999,0.0,0.0,0.0,1421.1679000000004,1.3673999999999997,1422.5353000000005,1460.5344
2286,0.1808,0.0006,0.1815,0.0327,0.9961432506887052,0.003305785123966942,9.9057,0.3823,812.3865,802.4808,0.0,0.0,0.0,812.3865000000001,0.38230000000000003,812.7688,858.7644
2287,0.1383,0.0001,0.1384,0.0249,0.999277456647399,0.0007225433526011561,7.8036,0.0387,51.8035,43.9999,0.0,0.0,0.0,51.80350000000001,0.0387,51.842200000000005,51.8398
2288,0.1438,0.0005,0.1442,0.026,0.9972260748959779,0.0034674063800277394,8.1102,0.2972,467.1098,458.9996,0.0,0.0,0.0,467.10979999999995,0.2972,467.4069999999999,475.9107
2289,0.2332,0.018,0.2512,0.0452,0.9283439490445861,0.07165605095541401,12.684,11.1125,1793.6837,1780.9997,0.0,0.0,0.0,1793.6837000000003,11.1125,1804.7962000000002,1844.2961
2290,0.3305,0.0067,0.3372,0.0607,0.9801304863582444,0.019869513641755637,18.6459,4.0359,1456.1579,1437.512,0.0,0.0,0.0,1456.1578999999995,4.0359,1460.1937999999996,1538.6907
2291,0.4765,0.0,0.4765,0.0858,1.0,0.0,26.1051,0.0146,32.1051,6.0,0.0,0.0,0.0,32.10509999999999,0.0146,32.119699999999995,33.122
2292,0.203,0.0019,0.205,0.0369,0.9902439024390245,0.00926829268292683,11.4555,1.2846,1261.842,1250.3865,0.0,0.0,0.0,1261.8419999999999,1.2846000000000002,1263.1265999999998,1285.6283
2293,0.2948,0.0001,0.2949,0.0531,0.9996609020006783,0.00033909799932180403,16.5102,0.0502,73.511,57.0008,0.0,0.0,0.0,73.51099999999998,0.0502,73.56119999999999,78.059
2294,0.4335,0.001,0.4346,0.0782,0.9974689369535205,0.0023009664058904742,23.4108,0.6565,839.9946,816.5838,0.0,0.0,0.0,839.9945999999998,0.6564999999999999,840.6510999999998,885.6493
2295,0.5971,0.011,0.6081,0.1095,0.98191086992271,0.01808913007728992,32.7096,6.6171,1593.7085,1560.9989,0.0,0.0,0.0,1593.7085000000002,6.617100000000001,1600.3256000000001,1664.8282
2296,0.5256,0.034,0.5596,0.1007,0.9392423159399571,0.060757684060042894,28.3836,21.342,1709.7409,1681.3573,0.0,0.0,0.0,1709.7408999999996,21.342,1731.0828999999997,1830.0795
2297,0.4158,0.0202,0.4361,0.0785,0.9534510433386838,0.04631965145608805,23.1147,12.9446,1733.236,1710.1213,0.0,0.0,0.0,1733.2359999999999,12.944600000000001,1746.1806,1798.1778
2298,0.5697,0.0,0.5697,0.1025,1.0,0.0,30.5445,0.0166,47.5455,17.001,0.0,0.0,0.0,47.545500000000004,0.0166,47.5621,48.5666
2299,0.5929,0.0,0.5929,0.1067,1.0,0.0,31.7898,0.026,79.7903,48.0005,0.0,0.0,0.0,79.79030000000003,0.026000000000000002,79.81630000000003,80.3173
2300,0.2444,0.0004,0.2448,0.0441,0.9983660130718955,0.0016339869281045752,13.6878,0.2381,846.0105,832.3227,0.0,0.0,0.0,846.0105,0.23809999999999998,846.2486,856.7495
2301,0.2069,0.0,0.2069,0.0372,1.0,0.0,11.9406,0.0172,17.9414,6.0008,0.0,0.0,0.0,17.941399999999998,0.017199999999999997,17.958599999999997,17.9575
2302,0.209,0.0009,0.2099,0.0378,0.9957122439256788,0.004287756074321105,11.7054,0.5479,839.5078,827.8024,0.0,0.0,0.0,839.5078000000002,0.5478999999999999,840.0557000000002,867.5557
2303,0.1308,0.0,0.1309,0.0236,0.9992360580595876,0.0,7.0644,0.0271,9.0645,2.0001,0.0,0.0,0.0,9.064499999999999,0.027100000000000003,9.0916,9.0884
2304,0.4328,0.0039,0.4367,0.0786,0.9910693840164874,0.008930615983512708,23.8833,2.3762,1414.9744,1391.0911,0.0,0.0,0.0,1414.9743999999998,2.3762,1417.3505999999998,1472.8534
2305,0.4778,0.0001,0.4779,0.086,0.9997907512031806,0.0002092487968194183,25.4394,0.0637,57.4396,32.0002,0.0,0.0,0.0,57.4396,0.06369999999999999,57.503299999999996,57.5075
2306,0.527,0.0003,0.5273,0.0949,0.9994310639104874,0.0005689360895126113,27.8628,0.1718,87.8626,59.9998,0.0,0.0,0.0,87.86260000000003,0.1718,88.03440000000003,90.0362
2307,0.3656,0.0186,0.3842,0.0692,0.9515877147319104,0.048412285268089536,20.6283,11.6776,1703.6398,1683.0115,0.0,0.0,0.0,1703.6397999999995,11.6776,1715.3173999999995,1770.321
2308,0.214,0.004,0.218,0.0392,0.981651376146789,0.01834862385321101,12.1653,2.503,1486.554,1474.3887,0.0,0.0,0.0,1486.5539999999999,2.503,1489.0569999999998,1552.0522
2309,0.3535,0.0038,0.3573,0.0643,0.9893646795410019,0.010635320458998041,19.509,2.4159,1021.7428,1002.2338,0.0,0.0,0.0,1021.7428,2.4159000000000006,1024.1587,1062.1573
2310,0.2061,0.0077,0.2138,0.0385,0.9639850327408794,0.03601496725912068,11.4555,5.1599,1558.4546,1546.9991,0.0,0.0,0.0,1558.4545999999998,5.1599,1563.6145,1597.1172
2311,0.1847,0.0013,0.186,0.0335,0.9930107526881721,0.006989247311827956,10.2669,0.8717,1055.5344,1045.2675,0.0,0.0,0.0,1055.5344000000002,0.8716999999999999,1056.4061000000002,1091.9051
2312,0.3372,0.0177,0.3549,0.0639,0.9501267962806424,0.049873203719357564,19.026,11.1032,1764.026,1745.0,0.0,0.0,0.0,1764.0259999999998,11.103200000000001,1775.1291999999999,1805.6249
2313,0.2906,0.031,0.3216,0.0579,0.9036069651741294,0.09639303482587065,15.9222,18.9818,1714.9219,1698.9997,0.0,0.0,0.0,1714.9218999999998,18.9818,1733.9036999999998,1788.4023
2314,0.5406,0.0,0.5407,0.0973,0.9998150545589052,0.0,32.4387,0.0241,32.4387,0.0,0.0,0.0,0.0,32.4387,0.024100000000000003,32.462799999999994,32.4603
2315,0.4972,0.0002,0.4974,0.0895,0.9995979091274627,0.0004020908725371934,26.1051,0.138,106.1051,80.0,0.0,0.0,0.0,106.1051,0.138,106.2431,107.247
2316,0.1414,0.0001,0.1415,0.0255,0.9992932862190813,0.000706713780918728,7.6356,0.064,45.6367,38.0011,0.0,0.0,0.0,45.6367,0.064,45.7007,49.1995
2317,0.4773,0.0015,0.4787,0.0862,0.9970754125757259,0.003133486526007938,26.7267,0.9617,1171.4696,1144.7429,0.0,0.0,0.0,1171.4696,0.9617,1172.4313,1210.436
2318,0.297,0.0024,0.2994,0.0539,0.9919839679358717,0.008016032064128256,16.5102,1.567,1428.1903,1411.6801,0.0,0.0,0.0,1428.1903,1.567,1429.7573,1479.7615
2319,0.2766,0.001,0.2776,0.05,0.9963976945244957,0.0036023054755043226,15.6072,0.6034,929.2984,913.6912,0.0,0.0,0.0,929.2984,0.6033999999999998,929.9018,979.3972
2320,0.436,0.0286,0.4646,0.0836,0.9384416702539818,0.06155832974601808,23.8833,18.0021,1745.8823,1721.999,0.0,0.0,0.0,1745.8823000000002,18.002100000000002,1763.8844000000001,1816.3815
2321,0.5509,0.0196,0.5705,0.1027,0.965644171779141,0.03435582822085889,31.7898,12.2494,1733.7902,1702.0004,0.0,0.0,0.0,1733.7901999999997,12.2494,1746.0395999999996,1798.5353
2322,0.3528,0.002,0.3548,0.0639,0.9943630214205186,0.005636978579481398,19.9017,1.1848,1132.7431,1112.8414,0.0,0.0,0.0,1132.7431,1.1848,1133.9279,1182.9264
2323,0.1394,0.0008,0.1402,0.0252,0.9942938659058488,0.005706134094151214,7.6356,0.4992,953.3704,945.7348,0.0,0.0,0.0,953.3704,0.4992000000000001,953.8696,983.3709
2324,0.2828,0.0035,0.2863,0.0515,0.9877750611246944,0.012224938875305624,15.6072,2.2234,1389.838,1374.2308,0.0,0.0,0.0,1389.8379999999995,2.2234,1392.0613999999996,1417.5606
2325,0.5841,0.0002,0.5843,0.1052,0.999657710080438,0.0003422899195618689,32.7096,0.1136,74.7084,41.9988,0.0,0.0,0.0,74.70839999999998,0.11359999999999999,74.82199999999999,75.8249
2326,0.1947,0.0018,0.1965,0.0354,0.9908396946564886,0.009160305343511449,10.9032,1.1274,1167.2504,1156.3472,0.0,0.0,0.0,1167.2504,1.1274,1168.3778,1216.3746
2327,0.5793,0.0079,0.5872,0.1057,0.9865463215258855,0.013453678474114442,32.4387,5.0301,1675.4387,1643.0,0.0,0.0,0.0,1675.4386999999997,5.0301,1680.4687999999996,1709.4659
2328,0.3037,0.0001,0.3038,0.0547,0.9996708360763661,0.0003291639236339697,17.661,0.059,64.661,47.0,0.0,0.0,0.0,64.661,0.059000000000000004,64.72,65.2211
2329,0.5683,0.0,0.5683,0.1023,1.0,0.0,33.5643,0.0176,58.5641,24.9998,0.0,0.0,0.0,58.5641,0.017600000000000005,58.581700000000005,60.0794
2330,0.5754,0.0015,0.5769,0.1038,0.9973998959958399,0.002600104004160167,32.7096,0.8937,1023.9684,991.2588,0.0,0.0,0.0,1023.9683999999999,0.8936999999999999,1024.8620999999998,1057.8612
2331,0.1432,0.0009,0.1441,0.0259,0.9937543372657875,0.006245662734212352,7.9611,0.5575,863.9796,856.0185,0.0,0.0,0.0,863.9796,0.5574999999999999,864.5371,895.5332
2332,0.2969,0.0346,0.3314,0.0597,0.895896197948099,0.1044055522027761,16.5018,22.4414,1636.5019,1620.0001,0.0,0.0,0.0,1636.5019000000004,22.441400000000005,1658.9433000000004,1717.9385
2333,0.5068,0.002,0.5089,0.0916,0.9958734525447043,0.003930045195519748,28.3836,1.3073,1073.3097,1044.9261,0.0,0.0,0.0,1073.3096999999998,1.3073000000000004,1074.6169999999997,1101.1172
2334,0.2227,0.0176,0.2403,0.0433,0.9267582188930503,0.07324178110694965,12.3774,10.7583,1679.3767,1666.9993,0.0,0.0,0.0,1679.3767000000005,10.758300000000002,1690.1350000000004,1714.6325
2335,0.5296,0.0001,0.5297,0.0953,0.9998112138946573,0.0001887861053426468,30.7986,0.0521,47.7983,16.9997,0.0,0.0,0.0,47.79829999999998,0.052100000000000014,47.850399999999986,49.3549
2336,0.6729,0.002,0.6749,0.1215,0.9970365980145207,0.00296340198547933,37.1301,1.3123,985.3604,948.2303,0.0,0.0,0.0,985.3604,1.3122999999999998,986.6727000000001,1033.1689
2337,0.1485,0.0,0.1485,0.0267,1.0,0.0,7.6356,0.0164,27.6365,20.0009,0.0,0.0,0.0,27.636500000000012,0.0164,27.652900000000013,27.6493
2338,0.3647,0.0,0.3647,0.0657,1.0,0.0,20.2734,0.0232,39.2741,19.0007,0.0,0.0,0.0,39.27410000000002,0.0232,39.29730000000002,39.301
2339,0.3047,0.0401,0.3447,0.0621,0.8839570641137221,0.11633304322599361,16.2204,24.2065,1538.8791,1522.6587,0.0,0.0,0.0,1538.8791000000003,24.2065,1563.0856000000003,1667.5883
2340,0.502,0.0001,0.5021,0.0904,0.9998008364867557,0.00019916351324437365,26.7267,0.0349,95.7273,69.0006,0.0,0.0,0.0,95.7273,0.0349,95.76219999999999,95.7605
2341,0.4702,0.0001,0.4702,0.0846,1.0,0.0002126754572522331,26.7267,0.0333,120.7272,94.0005,0.0,0.0,0.0,120.7272,0.0333,120.7605,120.7556
2342,0.2585,0.0009,0.2594,0.0467,0.9965304548959136,0.003469545104086353,14.9163,0.564,966.9173,952.001,0.0,0.0,0.0,966.9173,0.564,967.4812999999999,988.9802
2343,0.5407,0.0262,0.5669,0.102,0.9537837361086612,0.046216263891338864,29.8347,16.1387,1679.5191,1649.6844,0.0,0.0,0.0,1679.5190999999998,16.138700000000004,1695.6577999999997,1770.66
2344,0.5049,0.0315,0.5364,0.0966,0.9412751677852349,0.0587248322147651,27.8628,21.1915,1659.1794,1631.3166,0.0,0.0,0.0,1659.1794000000002,21.1915,1680.3709000000001,1752.3713
2345,0.2394,0.0012,0.2406,0.0433,0.9950124688279302,0.0049875311720698244,13.209,0.7384,933.1896,919.9806,0.0,0.0,0.0,933.1896,0.7383999999999998,933.928,986.4292
2346,0.4644,0.013,0.4774,0.0859,0.9727691663175534,0.027230833682446585,25.4394,8.4883,1526.4403,1501.0009,0.0,0.0,0.0,1526.4402999999998,8.488300000000002,1534.9285999999997,1603.9295
2347,0.2276,0.0,0.2276,0.041,1.0,0.0,12.3774,0.0221,22.3766,9.9992,0.0,0.0,0.0,22.376600000000007,0.0221,22.398700000000005,22.3973
2348,0.6503,0.0005,0.6508,0.1171,0.9992317148125384,0.0007682851874615857,35.1141,0.3103,291.115,256.0009,0.0,0.0,0.0,291.115,0.31029999999999996,291.4253,295.9293
2349,0.3659,0.0038,0.3697,0.0666,0.9897213957262646,0.010278604273735462,19.9017,2.3238,1349.5915,1329.6898,0.0,0.0,0.0,1349.5914999999995,2.3238,1351.9152999999994,1387.4131
2350,0.1424,0.004,0.1465,0.0264,0.9720136518771332,0.027303754266211608,7.8036,2.5482,1081.4665,1073.6629,0.0,0.0,0.0,1081.4664999999998,2.5482,1084.0146999999997,1149.0107
2351,0.2076,0.0,0.2076,0.0374,1.0,0.0,11.4555,0.0136,40.4544,28.9989,0.0,0.0,0.0,40.45439999999999,0.013600000000000001,40.46799999999999,40.4674
2352,0.4564,0.0177,0.474,0.0853,0.9628691983122363,0.03734177215189874,25.368,11.4333,1651.9416,1626.5736,0.0,0.0,0.0,1651.9416000000003,11.433300000000003,1663.3749000000003,1712.3784
2353,0.4509,0.0226,0.4735,0.0852,0.9522703273495249,0.04772967265047518,25.4394,13.8636,1634.4396,1609.0002,0.0,0.0,0.0,1634.4396,13.863599999999998,1648.3031999999998,1709.8074
2354,0.6224,0.0288,0.6512,0.1172,0.9557739557739557,0.044226044226044224,35.1141,18.1905,1733.1144,1698.0003,0.0,0.0,0.0,1733.1144,18.1905,1751.3048999999999,1777.305
2355,0.3817,0.0,0.3817,0.0687,1.0,0.0,22.197,0.0111,122.1968,99.9998,0.0,0.0,0.0,122.1968,0.011099999999999999,122.2079,122.2056
2356,0.2982,0.028,0.3262,0.0587,0.9141630901287554,0.08583690987124463,16.2204,18.9668,1649.2198,1632.9994,0.0,0.0,0.0,1649.2198000000003,18.966800000000003,1668.1866000000002,1729.1822
2357,0.1197,0.0044,0.1241,0.0223,0.9645447219983884,0.035455278001611606,6.6045,2.7749,1487.6042,1480.9997,0.0,0.0,0.0,1487.6041999999998,2.7748999999999997,1490.3790999999997,1526.3759
2358,0.2725,0.0001,0.2725,0.0491,1.0,0.0003669724770642202,16.2204,0.039,90.2197,73.9993,0.0,0.0,0.0,90.21970000000002,0.039,90.25870000000002,90.2543
2359,0.2046,0.0036,0.2081,0.0375,0.9831811629024507,0.017299375300336376,11.4555,2.2381,1388.3011,1376.8456,0.0,0.0,0.0,1388.3010999999997,2.2380999999999998,1390.5391999999997,1428.5389
2360,0.5564,0.0073,0.5637,0.1015,0.987049849210573,0.012950150789427,29.8347,4.625,1464.4721,1434.6374,0.0,0.0,0.0,1464.4720999999997,4.625,1469.0970999999997,1496.0937
2361,0.3171,0.0,0.3171,0.0571,1.0,0.0,19.026,0.0102,30.0257,10.9997,0.0,0.0,0.0,30.025699999999993,0.010199999999999999,30.035899999999994,31.035
2362,0.523,0.0018,0.5248,0.0945,0.9965701219512194,0.0034298780487804874,29.0745,1.1262,1173.0742,1143.9997,0.0,0.0,0.0,1173.0741999999998,1.1262,1174.2003999999997,1194.2008
2363,0.1934,0.0008,0.1942,0.035,0.9958805355303809,0.004119464469618949,10.5966,0.4656,807.3679,796.7713,0.0,0.0,0.0,807.3679,0.4656,807.8335,859.3385
2364,0.3674,0.0022,0.3696,0.0665,0.9940476190476191,0.005952380952380953,20.2734,1.3438,971.9352,951.6618,0.0,0.0,0.0,971.9352000000003,1.3438,973.2790000000003,1010.2761
2365,0.4121,0.0016,0.4138,0.0745,0.9958917351377478,0.0038666022232962784,22.9089,1.0814,1040.3712,1017.4623,0.0,0.0,0.0,1040.3712,1.0814,1041.4526,1070.4496
2366,0.1485,0.0008,0.1493,0.0269,0.9946416610850637,0.00535833891493637,7.9611,0.5523,749.9609,741.9998,0.0,0.0,0.0,749.9608999999999,0.5523,750.5131999999999,773.0122
2367,0.6492,0.0083,0.6575,0.1183,0.9873764258555133,0.012623574144486692,35.8239,5.1227,1461.6858,1425.8619,0.0,0.0,0.0,1461.6857999999997,5.1227,1466.8084999999996,1511.8063
2368,0.5012,0.0004,0.5016,0.0903,0.9992025518341306,0.0007974481658692185,27.8628,0.2612,813.8098,785.947,0.0,0.0,0.0,813.8098000000002,0.2612,814.0710000000003,827.0735
2369,0.1214,0.001,0.1224,0.022,0.9918300653594772,0.008169934640522876,6.6045,0.6445,1083.1301,1076.5256,0.0,0.0,0.0,1083.1300999999999,0.6445000000000001,1083.7746,1119.7772
2370,0.3033,0.0002,0.3035,0.0546,0.999341021416804,0.0006589785831960462,17.1108,0.1042,143.1101,125.9993,0.0,0.0,0.0,143.11009999999996,0.10419999999999999,143.21429999999995,152.2101
2371,0.5928,0.0007,0.5934,0.1068,0.9989888776541961,0.0011796427367711491,32.7096,0.4274,920.7087,887.9991,0.0,0.0,0.0,920.7086999999998,0.42740000000000006,921.1360999999998,944.6408
2372,0.4698,0.0005,0.4703,0.0847,0.9989368488199022,0.00106315118009781,25.368,0.3318,633.72,608.352,0.0,0.0,0.0,633.72,0.33179999999999993,634.0518000000001,685.5481
2373,0.1214,0.0024,0.1239,0.0223,0.9798224374495561,0.019370460048426148,6.6045,1.5939,1161.5332,1154.9287,0.0,0.0,0.0,1161.5331999999999,1.5938999999999999,1163.1271,1193.1255
2374,0.4986,0.0002,0.4988,0.0898,0.999599037690457,0.00040096230954290296,27.3126,0.1532,146.3116,118.999,0.0,0.0,0.0,146.3116,0.1532,146.4648,149.9669
2375,0.5485,0.0008,0.5494,0.0989,0.9983618492901347,0.001456133964324718,29.8347,0.5386,866.789,836.9543,0.0,0.0,0.0,866.7890000000002,0.5386,867.3276000000002,890.831
2376,0.3647,0.0,0.3647,0.0657,1.0,0.0,20.2734,0.0181,48.2741,28.0007,0.0,0.0,0.0,48.274100000000004,0.018099999999999998,48.2922,48.2962
2377,0.5663,0.0022,0.5684,0.1023,0.9963054187192119,0.0038705137227304717,30.7986,1.3726,1261.1358,1230.3372,0.0,0.0,0.0,1261.1358,1.3726,1262.5084,1297.01
2378,0.1191,0.0002,0.1194,0.0215,0.9974874371859296,0.0016750418760469012,6.342,0.1496,29.342,23.0,0.0,0.0,0.0,29.341999999999995,0.1496,29.491599999999995,32.4922
2379,0.4391,0.0088,0.4479,0.0806,0.9803527573118999,0.019647242688100024,23.8833,5.4581,1483.8823,1459.999,0.0,0.0,0.0,1483.8823,5.458100000000001,1489.3404,1564.3371
2380,0.2831,0.0165,0.2996,0.0539,0.9449265687583446,0.05507343124165555,15.855,10.4675,1682.8545,1666.9995,0.0,0.0,0.0,1682.8545,10.4675,1693.322,1745.3205
2381,0.2538,0.0002,0.254,0.0457,0.9992125984251969,0.0007874015748031496,14.5362,0.1088,130.5374,116.0012,0.0,0.0,0.0,130.53740000000002,0.10880000000000004,130.64620000000002,145.1441
2382,0.1724,0.0047,0.177,0.0319,0.9740112994350283,0.026553672316384183,9.513,2.8025,1358.3329,1348.8199,0.0,0.0,0.0,1358.3328999999999,2.8025,1361.1354,1425.6395
2383,0.6828,0.0001,0.6829,0.1229,0.9998535656757944,0.0001464343242055938,35.1141,0.0782,49.1148,14.0007,0.0,0.0,0.0,49.114799999999995,0.07820000000000002,49.193,50.6931
2384,0.1405,0.0158,0.1563,0.0281,0.8989123480486245,0.10108765195137558,8.1102,9.7802,1596.1098,1587.9996,0.0,0.0,0.0,1596.1097999999995,9.780200000000002,1605.8899999999994,1660.8863
2385,0.4181,0.0009,0.4189,0.0754,0.9980902363332539,0.0021484841250895203,23.4108,0.5813,863.017,839.6062,0.0,0.0,0.0,863.0169999999998,0.5812999999999999,863.5982999999999,895.6013
2386,0.4396,0.0003,0.4399,0.0792,0.9993180268242782,0.0006819731757217549,25.368,0.1953,606.23,580.862,0.0,0.0,0.0,606.23,0.19530000000000003,606.4253,620.4256
2387,0.5345,0.0,0.5345,0.0962,1.0,0.0,28.2576,0.0271,112.2576,84.0,0.0,0.0,0.0,112.25760000000004,0.0271,112.28470000000004,113.78
2388,0.3561,0.0276,0.3838,0.0691,0.9278269932256384,0.07191245440333507,19.509,17.9139,1539.1856,1519.6766,0.0,0.0,0.0,1539.1856000000002,17.9139,1557.0995000000003,1633.5947
2389,0.2299,0.0187,0.2486,0.0447,0.9247787610619469,0.0752212389380531,12.684,11.0456,1358.6836,1345.9996,0.0,0.0,0.0,1358.6836,11.045600000000004,1369.7292,1445.7286
2390,0.577,0.001,0.578,0.104,0.9982698961937716,0.001730103806228374,31.8423,0.6063,856.8428,825.0005,0.0,0.0,0.0,856.8427999999999,0.6063000000000001,857.4490999999999,870.4492
2391,0.1928,0.0003,0.1932,0.0348,0.9979296066252588,0.0015527950310559003,10.2669,0.2081,582.3138,572.0469,0.0,0.0,0.0,582.3137999999999,0.2081,582.5218999999998,593.524
2392,0.2831,0.002,0.2851,0.0513,0.9929849175727815,0.00701508242721852,15.855,1.2898,1101.4569,1085.6019,0.0,0.0,0.0,1101.4569000000001,1.2898,1102.7467000000001,1143.7449
2393,0.2596,0.0003,0.2599,0.0468,0.9988457098884186,0.0011542901115813773,14.5362,0.2116,632.713,618.1768,0.0,0.0,0.0,632.713,0.2116,632.9245999999999,658.9254
2394,0.1947,0.0031,0.1978,0.0356,0.9843276036400405,0.015672396359959553,10.9032,1.8887,1267.8665,1256.9633,0.0,0.0,0.0,1267.8664999999999,1.8886999999999998,1269.7551999999998,1318.7552
2395,0.6091,0.0001,0.6092,0.1096,0.9998358502954695,0.00016414970453053186,34.3644,0.039,57.3632,22.9988,0.0,0.0,0.0,57.363200000000006,0.039,57.40220000000001,57.4059
2396,0.3012,0.0005,0.3017,0.0543,0.998342724560822,0.0016572754391779912,16.5018,0.3124,439.502,423.0002,0.0,0.0,0.0,439.50199999999995,0.3124,439.8144,454.8112
2397,0.418,0.0071,0.4251,0.0765,0.983298047518231,0.016701952481769,23.4108,4.5346,1379.4103,1355.9995,0.0,0.0,0.0,1379.4103000000005,4.534599999999999,1383.9449000000004,1449.9406
2398,0.1363,0.0005,0.1369,0.0246,0.9956172388604821,0.003652300949598247,7.6356,0.3303,696.7409,689.1053,0.0,0.0,0.0,696.7409,0.33030000000000004,697.0712,723.0725
2399,0.3793,0.0047,0.384,0.0691,0.9877604166666667,0.012239583333333333,20.6283,2.8876,1350.8434,1330.2151,0.0,0.0,0.0,1350.8433999999995,2.8876000000000004,1353.7309999999995,1389.2296
2400,0.2057,0.0142,0.2199,0.0396,0.935425193269668,0.06457480673033197,11.1888,9.1537,1620.6293,1609.4405,0.0,0.0,0.0,1620.6292999999998,9.1537,1629.783,1677.2824
2401,0.1231,0.0025,0.1257,0.0226,0.979315831344471,0.01988862370723946,6.8439,1.6421,1193.844,1187.0001,0.0,0.0,0.0,1193.8440000000003,1.6421000000000001,1195.4861000000003,1244.9903
2402,0.4397,0.0156,0.4554,0.082,0.9655248133509002,0.034255599472990776,23.4108,9.7046,1523.4101,1499.9993,0.0,0.0,0.0,1523.4101,9.7046,1533.1147,1586.6118
2403,0.3897,0.0,0.3897,0.0701,1.0,0.0,21.1932,0.0305,62.1934,41.0002,0.0,0.0,0.0,62.193400000000004,0.0305,62.22390000000001,64.2269
2404,0.4961,0.0012,0.4973,0.0895,0.9975869696360345,0.002413030363965413,27.3756,0.7547,1042.3759,1015.0003,0.0,0.0,0.0,1042.3759,0.7546999999999999,1043.1306,1078.1354
2405,0.4139,0.0001,0.4139,0.0745,1.0,0.00024160425223483935,23.8833,0.0391,75.8822,51.9989,0.0,0.0,0.0,75.88220000000001,0.0391,75.92130000000002,76.9256
2406,0.48,0.0008,0.4808,0.0865,0.9983361064891847,0.0016638935108153079,26.1051,0.5534,869.2514,843.1463,0.0,0.0,0.0,869.2514000000001,0.5534000000000001,869.8048000000001,919.3058
2407,0.5864,0.0001,0.5865,0.1056,0.9998294970161978,0.00017050298380221653,34.3644,0.0648,207.3637,172.9993,0.0,0.0,0.0,207.36370000000002,0.0648,207.4285,209.9264
2408,0.1214,0.0004,0.1218,0.0219,0.9967159277504104,0.003284072249589491,6.6045,0.2319,591.9482,585.3437,0.0,0.0,0.0,591.9482,0.2319,592.1801,614.1802
2409,0.5677,0.0112,0.5788,0.1042,0.980822391154112,0.019350380096751902,31.7898,7.2127,1396.7901,1365.0003,0.0,0.0,0.0,1396.7900999999997,7.2127,1404.0027999999998,1469.505
2410,0.4903,0.0002,0.4905,0.0883,0.999592252803262,0.00040774719673802244,26.1051,0.1129,217.1052,191.0001,0.0,0.0,0.0,217.1052,0.11290000000000001,217.2181,217.2222
2411,0.6318,0.0038,0.6356,0.1144,0.9940213971050975,0.005978602894902454,34.3644,2.319,1020.9827,986.6183,0.0,0.0,0.0,1020.9826999999999,2.319,1023.3016999999999,1063.8038
2412,0.3593,0.002,0.3614,0.065,0.9941892639734367,0.005534034311012729,20.2734,1.2782,1194.1976,1173.9242,0.0,0.0,0.0,1194.1976000000002,1.2782,1195.4758000000002,1226.4748
2413,0.4962,0.0,0.4962,0.0893,1.0,0.0,26.418,0.021,63.4172,36.9992,0.0,0.0,0.0,63.417200000000015,0.021000000000000005,63.438200000000016,63.4333
2414,0.5905,0.0001,0.5906,0.1063,0.9998306806637318,0.00016931933626820184,33.5643,0.0619,39.5637,5.9994,0.0,0.0,0.0,39.563700000000004,0.061900000000000004,39.625600000000006,41.6298
2415,0.2205,0.0005,0.221,0.0398,0.997737556561086,0.0022624434389140274,12.1653,0.3305,398.1646,385.9993,0.0,0.0,0.0,398.16460000000006,0.3305,398.49510000000004,416.9968
2416,0.4341,0.0002,0.4343,0.0782,0.9995394888326041,0.00046051116739580933,23.9547,0.1105,245.954,221.9993,0.0,0.0,0.0,245.954,0.11049999999999999,246.0645,249.5669
2417,0.2106,0.0004,0.211,0.038,0.9981042654028437,0.0018957345971563982,11.4555,0.2593,233.4543,221.9988,0.0,0.0,0.0,233.45430000000002,0.2593,233.7136,244.7157
2418,0.2843,0.0034,0.2877,0.0518,0.9881821341675355,0.011817865832464372,15.9222,2.0441,1253.564,1237.6418,0.0,0.0,0.0,1253.5639999999999,2.0441000000000003,1255.6081,1315.6033
2419,0.4212,0.0151,0.4363,0.0785,0.9653907861563145,0.03460921384368554,22.9089,9.3204,1446.8022,1423.8933,0.0,0.0,0.0,1446.8021999999994,9.3204,1456.1225999999995,1489.1223
2420,0.1604,0.0001,0.1605,0.0289,0.9993769470404983,0.0006230529595015577,8.2509,0.0431,20.2511,12.0002,0.0,0.0,0.0,20.2511,0.0431,20.2942,20.294
2421,0.5058,0.0,0.5058,0.091,1.0,0.0,27.3126,0.0198,82.312,54.9994,0.0,0.0,0.0,82.31200000000001,0.019799999999999998,82.33180000000002,82.3342
2422,0.5418,0.0,0.5418,0.0975,1.0,0.0,30.7986,0.0116,71.7981,40.9995,0.0,0.0,0.0,71.79809999999999,0.0116,71.80969999999999,73.8132
2423,0.3966,0.0,0.3966,0.0714,1.0,0.0,22.3755,0.0169,77.3757,55.0002,0.0,0.0,0.0,77.37570000000001,0.0169,77.39260000000002,77.3956
2424,0.2359,0.0001,0.236,0.0425,0.9995762711864408,0.0004237288135593221,13.209,0.0478,95.2087,81.9997,0.0,0.0,0.0,95.20870000000004,0.0478,95.25650000000003,97.2517
2425,0.4409,0.0011,0.442,0.0796,0.9975113122171946,0.00248868778280543,24.3285,0.656,914.9761,890.6476,0.0,0.0,0.0,914.9761000000001,0.656,915.6321,939.6317
2426,0.4711,0.0012,0.4723,0.085,0.9974592420071988,0.0025407579928011853,25.4394,0.8017,651.5067,626.0673,0.0,0.0,0.0,651.5067,0.8017000000000001,652.3084,726.3043
2427,0.5897,0.0314,0.6211,0.1118,0.9494445338914829,0.05055546610851715,31.8423,20.6939,1122.6304,1090.7881,0.0,0.0,0.0,1122.6304,20.693900000000003,1143.3243,1210.3252
2428,0.2746,0.0001,0.2747,0.0495,0.9996359665089188,0.0003640334910811795,16.2204,0.0729,125.2197,108.9993,0.0,0.0,0.0,125.21970000000002,0.07289999999999999,125.29260000000002,127.2921
2429,0.4773,0.0017,0.4789,0.0862,0.9966590102317812,0.003549801628732512,26.7267,1.0431,1043.7271,1017.0004,0.0,0.0,0.0,1043.7270999999998,1.0431000000000001,1044.7702,1080.2751
2430,0.2906,0.0004,0.2911,0.0524,0.998282377189969,0.0013740982480247338,15.9222,0.2726,744.1885,728.2663,0.0,0.0,0.0,744.1885,0.2726,744.4611,768.4632
2431,0.2245,0.0002,0.2247,0.0405,0.9991099243435692,0.0008900756564307966,11.7054,0.1363,307.7049,295.9995,0.0,0.0,0.0,307.7048999999999,0.13629999999999998,307.8411999999999,310.3462
2432,0.3966,0.0064,0.403,0.0725,0.9841191066997518,0.01588089330024814,22.3755,4.1593,1248.3774,1226.0019,0.0,0.0,0.0,1248.3773999999996,4.1593,1252.5366999999997,1318.0414
2433,0.4309,0.0012,0.4322,0.0778,0.9969921332716336,0.002776492364645997,23.9547,0.8451,787.0961,763.1414,0.0,0.0,0.0,787.0961,0.8451,787.9412,827.9373
2434,0.2061,0.0037,0.2097,0.0378,0.9828326180257511,0.017644253695755844,11.4555,2.2758,1106.3218,1094.8663,0.0,0.0,0.0,1106.3217999999997,2.2758000000000003,1108.5975999999996,1157.595
2435,0.4733,0.0001,0.4733,0.0852,1.0,0.00021128248468201986,27.3126,0.0327,109.3119,81.9993,0.0,0.0,0.0,109.31190000000001,0.0327,109.34460000000001,113.3489
2436,0.6068,0.0003,0.6071,0.1093,0.9995058474715863,0.0004941525284137704,33.0036,0.1747,234.0041,201.0005,0.0,0.0,0.0,234.00409999999994,0.17470000000000002,234.17879999999994,253.6788
2437,0.5386,0.0023,0.5409,0.0974,0.9957478276945829,0.004252172305416898,29.7192,1.4546,1292.7197,1263.0005,0.0,0.0,0.0,1292.7196999999996,1.4546000000000001,1294.1742999999997,1326.1733
2438,0.203,0.0005,0.2035,0.0366,0.9975429975429977,0.0024570024570024574,11.4555,0.2979,420.4544,408.9989,0.0,0.0,0.0,420.4543999999999,0.2979,420.75229999999993,433.2536
2439,0.1336,0.0064,0.1401,0.0252,0.9536045681655959,0.04568165596002855,7.2681,4.1849,1204.2232,1196.9551,0.0,0.0,0.0,1204.2232,4.1849,1208.4080999999999,1269.4098
2440,0.635,0.0001,0.635,0.1143,1.0,0.00015748031496062991,35.8239,0.0382,130.8234,94.9995,0.0,0.0,0.0,130.8234,0.03819999999999999,130.86159999999998,132.3589
2441,0.5744,0.0003,0.5747,0.1035,0.9994779885157474,0.0005220114842526536,30.7986,0.1982,683.4255,652.6269,0.0,0.0,0.0,683.4254999999998,0.19819999999999996,683.6236999999999,697.1187
2442,0.2271,0.0001,0.2272,0.0409,0.9995598591549295,0.00044014084507042255,13.209,0.0376,66.209,53.0,0.0,0.0,0.0,66.20900000000002,0.0376,66.24660000000002,67.749
2443,0.203,0.0145,0.2176,0.0392,0.932904411764706,0.06663602941176472,11.4555,9.6855,1628.4546,1616.9991,0.0,0.0,0.0,1628.4545999999996,9.6855,1638.1400999999996,1668.6379
2444,0.5058,0.0001,0.5059,0.0911,0.9998023324767741,0.000197667523225934,27.3126,0.071,142.3115,114.9989,0.0,0.0,0.0,142.3115,0.071,142.3825,145.3799
2445,0.6468,0.0089,0.6557,0.118,0.9864267195363735,0.01357328046362666,36.4938,5.2699,1325.9571,1289.4633,0.0,0.0,0.0,1325.9571000000003,5.269900000000001,1331.2270000000003,1388.2242
2446,0.3448,0.0001,0.3449,0.0621,0.9997100608872137,0.0002899391127863149,19.026,0.0482,90.0258,70.9998,0.0,0.0,0.0,90.0258,0.04820000000000001,90.074,90.074
2447,0.1769,0.0003,0.1772,0.0319,0.9983069977426637,0.001693002257336343,9.9057,0.1761,578.7343,568.8286,0.0,0.0,0.0,578.7343,0.17609999999999995,578.9104,587.9134
2448,0.2152,0.0009,0.2161,0.0389,0.995835261453031,0.0041647385469689956,11.7054,0.536,767.3667,755.6613,0.0,0.0,0.0,767.3667000000002,0.5359999999999999,767.9027000000001,794.9053
2449,0.2978,0.0,0.2978,0.0536,1.0,0.0,15.855,0.0218,18.8548,2.9998,0.0,0.0,0.0,18.8548,0.0218,18.8766,23.3752
2450,0.2248,0.0006,0.2254,0.0406,0.9973380656610471,0.0026619343389529724,12.684,0.3633,453.6838,440.9998,0.0,0.0,0.0,453.6837999999999,0.36329999999999996,454.0470999999999,469.0484
2451,0.6255,0.0004,0.6259,0.1127,0.9993609202748042,0.0006390797251957182,35.8239,0.272,684.821,648.9971,0.0,0.0,0.0,684.8210000000003,0.2719999999999999,685.0930000000003,710.5974
2452,0.5855,0.008,0.5935,0.1068,0.9865206402695872,0.013479359730412805,31.8423,5.1366,1333.8307,1301.9884,0.0,0.0,0.0,1333.8307,5.1366,1338.9673,1399.9713
2453,0.2183,0.0009,0.2192,0.0395,0.9958941605839415,0.004105839416058394,11.7054,0.5802,706.0259,694.3205,0.0,0.0,0.0,706.0259000000001,0.5801999999999998,706.6061000000001,746.1027
2454,0.5144,0.0039,0.5183,0.0933,0.9924754003472892,0.0075245996527107855,28.3836,2.4684,1295.2534,1266.8698,0.0,0.0,0.0,1295.2533999999998,2.4684000000000004,1297.7217999999998,1345.7225
2455,0.1231,0.0002,0.1233,0.0222,0.9983779399837793,0.0016220600162206002,6.8439,0.1046,565.1606,558.3167,0.0,0.0,0.0,565.1606,0.10459999999999998,565.2652,582.763
2456,0.2596,0.0062,0.2658,0.0478,0.9766741911211437,0.023325808878856283,14.5362,3.8039,1375.1726,1360.6364,0.0,0.0,0.0,1375.1725999999999,3.8038999999999996,1378.9765,1414.4741
2457,0.4415,0.0127,0.4543,0.0818,0.9718247853841074,0.027955095751705922,24.7254,7.4807,1599.1467,1574.4213,0.0,0.0,0.0,1599.1467000000005,7.4807,1606.6274000000005,1643.6309
2458,0.4219,0.0,0.4219,0.0759,1.0,0.0,24.7254,0.0124,27.7255,3.0001,0.0,0.0,0.0,27.725499999999993,0.0124,27.737899999999993,28.7412
2459,0.5981,0.0024,0.6005,0.1081,0.9960033305578684,0.003996669442131557,33.0036,1.4312,1179.2272,1146.2236,0.0,0.0,0.0,1179.2271999999998,1.4312000000000002,1180.6583999999998,1208.6609
2460,0.3712,0.0001,0.3713,0.0668,0.9997306760032317,0.00026932399676811203,19.9017,0.076,128.902,109.0003,0.0,0.0,0.0,128.902,0.07600000000000001,128.97799999999998,128.9745
2461,0.6679,0.0,0.668,0.1202,0.9998502994011976,0.0,37.1301,0.0264,42.1293,4.9992,0.0,0.0,0.0,42.129299999999986,0.026399999999999996,42.15569999999999,43.655
2462,0.128,0.0007,0.1287,0.0232,0.9945609945609946,0.005439005439005439,7.0644,0.446,603.445,596.3806,0.0,0.0,0.0,603.445,0.44600000000000006,603.8910000000001,648.3862
2463,0.3322,0.0003,0.3325,0.0598,0.9990977443609022,0.0009022556390977443,19.026,0.1857,362.0258,342.9998,0.0,0.0,0.0,362.02579999999995,0.18570000000000003,362.21149999999994,384.7113
2464,0.2579,0.0029,0.2608,0.047,0.9888803680981597,0.01111963190184049,14.1288,1.9197,1213.0742,1198.9454,0.0,0.0,0.0,1213.0742000000002,1.9197,1214.9939000000002,1235.4933
2465,0.2817,0.0001,0.2819,0.0507,0.9992905285562257,0.0003547357218871941,16.5102,0.0848,255.511,239.0008,0.0,0.0,0.0,255.51100000000005,0.08479999999999999,255.59580000000005,267.0982
2466,0.2768,0.0072,0.284,0.0511,0.9746478873239437,0.02535211267605634,15.2733,4.6395,1022.0507,1006.7774,0.0,0.0,0.0,1022.0507000000001,4.639500000000001,1026.6902000000002,1087.1949
2467,0.5622,0.0026,0.5648,0.1017,0.9953966005665723,0.004603399433427762,30.7986,1.6078,1308.7984,1277.9998,0.0,0.0,0.0,1308.7984,1.6077999999999997,1310.4062,1337.905
2468,0.1258,0.0007,0.1265,0.0228,0.9944664031620553,0.005533596837944664,6.8439,0.4272,675.0949,668.251,0.0,0.0,0.0,675.0949000000003,0.4272000000000001,675.5221000000003,700.5268
2469,0.6729,0.0001,0.6729,0.1211,1.0,0.0001486104919007282,37.1301,0.0433,51.1291,13.999,0.0,0.0,0.0,51.1291,0.0433,51.1724,51.6743
2470,0.6091,0.0074,0.6165,0.111,0.9879967558799675,0.01200324412003244,34.3644,4.6583,1318.9698,1284.6054,0.0,0.0,0.0,1318.9697999999996,4.6583,1323.6280999999997,1435.6305
2471,0.55,0.0008,0.5507,0.0991,0.9987288905029963,0.0014526965680043582,30.7986,0.4648,808.4144,777.6158,0.0,0.0,0.0,808.4143999999999,0.46479999999999994,808.8791999999999,840.8783
2472,0.1304,0.0003,0.1307,0.0235,0.9977046671767404,0.0022953328232593723,6.8439,0.2062,68.844,62.0001,0.0,0.0,0.0,68.84400000000001,0.20619999999999997,69.0502,74.0453
2473,0.5698,0.0072,0.577,0.1039,0.987521663778163,0.012478336221837088,31.2144,4.5947,1091.4796,1060.2652,0.0,0.0,0.0,1091.4796000000001,4.5947000000000005,1096.0743000000002,1149.0726
2474,0.6317,0.0019,0.6335,0.114,0.99715864246251,0.0029992107340173642,35.1141,1.1528,995.4527,960.3386,0.0,0.0,0.0,995.4526999999999,1.1527999999999998,996.6054999999999,1038.1011
2475,0.6397,0.0001,0.6398,0.1152,0.9998437011566115,0.00015629884338855892,35.8239,0.0348,85.8233,49.9994,0.0,0.0,0.0,85.82329999999999,0.0348,85.8581,85.8618
2476,0.5615,0.0083,0.5699,0.1026,0.9852605720301808,0.014563958589226182,31.2144,5.1655,1548.2137,1516.9993,0.0,0.0,0.0,1548.2137,5.165499999999999,1553.3792,1590.3835
2477,0.5307,0.0014,0.5321,0.0958,0.9973689156173651,0.0026310843826348428,29.7192,0.8416,823.9233,794.2041,0.0,0.0,0.0,823.9233000000002,0.8415999999999999,824.7649000000001,858.2648
2478,0.2925,0.0165,0.309,0.0556,0.9466019417475727,0.05339805825242719,16.5018,10.8889,1509.502,1493.0002,0.0,0.0,0.0,1509.5020000000002,10.8889,1520.3909,1559.8862
2479,0.1374,0.0016,0.139,0.025,0.9884892086330934,0.011510791366906475,7.6356,1.0369,949.0138,941.3782,0.0,0.0,0.0,949.0138000000002,1.0369,950.0507000000001,1000.5519
2480,0.6445,0.0158,0.6602,0.1188,0.9762193274765222,0.023932141775219632,35.8239,10.3297,1467.2977,1431.4738,0.0,0.0,0.0,1467.2976999999996,10.3297,1477.6273999999996,1526.1251
2481,0.4808,0.0004,0.4812,0.0866,0.999168744804655,0.0008312551953449709,26.7267,0.2607,522.9414,496.2147,0.0,0.0,0.0,522.9414,0.2607,523.2021000000001,540.704
2482,0.1664,0.0,0.1664,0.03,1.0,0.0,9.9057,0.0227,12.9067,3.001,0.0,0.0,0.0,12.906699999999999,0.022700000000000005,12.9294,14.9327
2483,0.5219,0.0192,0.5411,0.0974,0.964516725189429,0.03548327481057106,28.3836,12.1992,1527.4996,1499.116,0.0,0.0,0.0,1527.4995999999999,12.199200000000001,1539.6988,1588.2029
2484,0.182,0.0094,0.1913,0.0344,0.9513852587558808,0.04913748039728176,10.2669,5.7258,1511.266,1500.9991,0.0,0.0,0.0,1511.266,5.7258,1516.9918,1578.4898
2485,0.5195,0.0309,0.5504,0.0991,0.9438590116279069,0.056140988372093026,28.8792,19.6288,1585.8784,1556.9992,0.0,0.0,0.0,1585.8783999999996,19.628800000000002,1605.5071999999996,1631.5121
2486,0.6273,0.0008,0.6281,0.1131,0.9987263174653718,0.001273682534628244,34.3644,0.486,816.6522,782.2878,0.0,0.0,0.0,816.6521999999999,0.48600000000000004,817.1381999999999,839.137
2487,0.2852,0.0001,0.2853,0.0513,0.9996494917630565,0.0003505082369435682,17.1108,0.0484,36.1099,18.9991,0.0,0.0,0.0,36.1099,0.048400000000000006,36.158300000000004,37.1576
2488,0.6136,0.0033,0.617,0.1111,0.9944894651539709,0.005348460291734198,34.3644,2.1443,1246.3635,1211.9991,0.0,0.0,0.0,1246.3634999999997,2.1443000000000003,1248.5077999999996,1276.0071
2489,0.5971,0.0059,0.603,0.1085,0.9902155887230514,0.00978441127694859,32.7096,3.8513,1267.4806,1234.771,0.0,0.0,0.0,1267.4806000000003,3.8512999999999997,1271.3319000000004,1324.3301
2490,0.3813,0.0011,0.3823,0.0688,0.9973842532042898,0.0028773214752811933,21.1932,0.717,1077.1936,1056.0004,0.0,0.0,0.0,1077.1935999999996,0.7170000000000001,1077.9105999999997,1097.4082
2491,0.3083,0.0001,0.3084,0.0555,0.9996757457846952,0.00032425421530479895,15.855,0.0387,26.8548,10.9998,0.0,0.0,0.0,26.854799999999997,0.0387,26.893499999999996,26.8952
2492,0.6565,0.001,0.6575,0.1183,0.9984790874524715,0.0015209125475285172,36.4938,0.6243,714.9435,678.4497,0.0,0.0,0.0,714.9435,0.6243000000000001,715.5677999999999,762.564
2493,0.5209,0.0022,0.5232,0.0942,0.9956039755351682,0.004204892966360857,28.539,1.4303,1112.538,1083.999,0.0,0.0,0.0,1112.5379999999998,1.4303,1113.9682999999998,1150.9702
2494,0.1166,0.0198,0.1364,0.0245,0.8548387096774194,0.14516129032258066,6.342,12.1642,1539.8315,1533.4895,0.0,0.0,0.0,1539.8314999999998,12.1642,1551.9956999999997,1584.4992
2495,0.1484,0.0091,0.1576,0.0284,0.9416243654822336,0.05774111675126904,8.2509,5.7744,1174.0918,1165.8409,0.0,0.0,0.0,1174.0918000000004,5.7744,1179.8662000000004,1214.362
2496,0.1271,0.0227,0.1498,0.027,0.8484646194926568,0.15153538050734314,7.0644,14.5664,1581.0719,1574.0075,0.0,0.0,0.0,1581.0718999999995,14.566399999999998,1595.6382999999994,1625.6369
2497,0.192,0.0015,0.1935,0.0348,0.9922480620155039,0.007751937984496124,10.5966,0.9502,966.0573,955.4607,0.0,0.0,0.0,966.0572999999999,0.9501999999999999,967.0074999999999,990.5084
2498,0.3813,0.0028,0.384,0.0691,0.99296875,0.007291666666666667,21.1932,1.8181,1248.0838,1226.8906,0.0,0.0,0.0,1248.0837999999997,1.8181,1249.9018999999996,1286.9048
2499,0.5577,0.0001,0.5579,0.1004,0.9996415128159168,0.00017924359204158453,28.8792,0.0846,86.8784,57.9992,0.0,0.0,0.0,86.8784,0.0846,86.963,86.9649
2500,0.5894,0.0001,0.5894,0.1061,1.0,0.00016966406515100103,33.0036,0.042,101.0038,68.0002,0.0,0.0,0.0,101.00380000000001,0.042,101.04580000000001,101.0418
2501,0.6216,0.0004,0.622,0.112,0.9993569131832798,0.0006430868167202572,33.5643,0.263,519.289,485.7247,0.0,0.0,0.0,519.289,0.26299999999999996,519.552,560.0531
2502,0.577,0.0183,0.5953,0.1072,0.9692591970435073,0.03074080295649252,31.8423,11.8249,1376.64,1344.7977,0.0,0.0,0.0,1376.6399999999999,11.824900000000001,1388.4649,1441.4664
2503,0.2407,0.0,0.2407,0.0433,1.0,0.0,12.3774,0.0205,12.3764,0.0,0.0,0.0,0.0,12.376399999999999,0.020499999999999997,12.396899999999999,12.8987
2504,0.2372,0.0166,0.2537,0.0457,0.9349625541978716,0.06543161214032323,13.6878,10.6876,1430.6882,1417.0004,0.0,0.0,0.0,1430.6882000000003,10.6876,1441.3758000000003,1482.8711
2505,0.4634,0.0001,0.4635,0.0834,0.9997842502696871,0.0002157497303128371,24.3285,0.0427,48.3291,24.0006,0.0,0.0,0.0,48.32910000000001,0.042699999999999995,48.371800000000015,49.8712
2506,0.5049,0.0009,0.5058,0.091,0.998220640569395,0.0017793594306049821,27.8628,0.5716,778.8821,751.0193,0.0,0.0,0.0,778.8821000000002,0.5716000000000001,779.4537000000001,805.9566
2507,0.4879,0.0037,0.4916,0.0885,0.9924735557363711,0.007526444263628967,26.7267,2.2452,1161.727,1135.0003,0.0,0.0,0.0,1161.7269999999999,2.2452,1163.9722,1189.9677
2508,0.5196,0.0116,0.5311,0.0956,0.978346827339484,0.021841461118433436,28.2576,7.3825,1164.56,1136.3024,0.0,0.0,0.0,1164.5600000000004,7.382499999999999,1171.9425000000003,1221.4408
2509,0.6317,0.0039,0.6356,0.1144,0.9938640654499685,0.006135934550031466,35.1141,2.3559,1208.115,1173.0009,0.0,0.0,0.0,1208.115,2.3559,1210.4709,1243.4667
2510,0.2315,0.0049,0.2364,0.0426,0.9792724196277496,0.020727580372250424,12.684,2.9074,1245.1647,1232.4807,0.0,0.0,0.0,1245.1647,2.9073999999999995,1248.0721,1275.0758
2511,0.6539,0.0002,0.6542,0.1177,0.9995414246407827,0.00030571690614490985,35.8239,0.1402,136.8234,100.9995,0.0,0.0,0.0,136.8234,0.14020000000000002,136.96359999999999,143.4684
2512,0.1197,0.0218,0.1415,0.0255,0.8459363957597174,0.1540636042402827,6.6045,13.5429,1559.5476,1552.9431,0.0,0.0,0.0,1559.5475999999996,13.5429,1573.0904999999996,1601.0926
2513,0.4448,0.0003,0.4451,0.0801,0.999325994158616,0.0006740058413839586,24.7254,0.2163,370.206,345.4806,0.0,0.0,0.0,370.2059999999999,0.2163,370.4222999999999,386.424
2514,0.6729,0.0011,0.674,0.1213,0.9983679525222552,0.001632047477744807,37.1301,0.7307,907.3045,870.1744,0.0,0.0,0.0,907.3045,0.7306999999999999,908.0351999999999,920.5381
2515,0.461,0.0038,0.4648,0.0837,0.9918244406196214,0.008175559380378658,25.4394,2.3442,1095.3579,1069.9185,0.0,0.0,0.0,1095.3578999999997,2.3442000000000003,1097.7020999999997,1162.2027
2516,0.3302,0.0,0.3302,0.0594,1.0,0.0,19.8135,0.0119,19.8133,0.0,0.0,0.0,0.0,19.8133,0.011899999999999999,19.825200000000002,22.3242
2517,0.1833,0.0007,0.1841,0.0331,0.9956545355784898,0.0038022813688212923,10.2669,0.4559,691.6674,681.4005,0.0,0.0,0.0,691.6673999999998,0.45589999999999997,692.1232999999999,742.1215
2518,0.3221,0.0001,0.3221,0.058,1.0,0.0003104625892579944,18.1713,0.034,32.1715,14.0002,0.0,0.0,0.0,32.1715,0.034,32.2055,32.2041
2519,0.1506,0.0046,0.1552,0.0279,0.970360824742268,0.029639175257731958,8.2509,2.9013,959.251,951.0001,0.0,0.0,0.0,959.2510000000002,2.9013000000000004,962.1523000000002,1017.1563
2520,0.6177,0.0009,0.6186,0.1114,0.9985451018428709,0.0014548981571290008,35.1141,0.5547,776.1151,741.001,0.0,0.0,0.0,776.1151,0.5547,776.6698,807.6656
2521,0.5535,0.0002,0.5538,0.0997,0.9994582881906826,0.0003611412062116288,30.5445,0.1419,52.5456,22.0011,0.0,0.0,0.0,52.5456,0.1419,52.6875,55.1856
2522,0.6445,0.0341,0.6786,0.1221,0.9497494842322428,0.050250515767757145,35.8239,20.7413,1468.8238,1432.9999,0.0,0.0,0.0,1468.8237999999994,20.741300000000003,1489.5650999999993,1542.5669
2523,0.3602,0.0001,0.3602,0.0648,1.0,0.000277623542476402,20.6283,0.0425,86.627,65.9987,0.0,0.0,0.0,86.62700000000001,0.0425,86.66950000000001,87.6695
2524,0.4914,0.0078,0.4992,0.0899,0.984375,0.015625,26.7267,4.6334,1431.8165,1405.0898,0.0,0.0,0.0,1431.8165,4.633400000000001,1436.4498999999998,1484.9539
2525,0.5157,0.008,0.5237,0.0943,0.9847240786709949,0.015275921329005154,28.8792,5.2421,1498.2304,1469.3512,0.0,0.0,0.0,1498.2304,5.2421000000000015,1503.4724999999999,1536.9763
2526,0.3674,0.0005,0.3679,0.0662,0.9986409350366947,0.001359064963305246,20.2734,0.3397,572.2642,551.9908,0.0,0.0,0.0,572.2642000000003,0.33970000000000006,572.6039000000003,607.107
2527,0.2644,0.0267,0.2911,0.0524,0.908278941944349,0.09172105805565098,14.9163,16.2319,1430.4394,1415.5231,0.0,0.0,0.0,1430.4393999999998,16.2319,1446.6712999999997,1494.6759
2528,0.3561,0.0067,0.3628,0.0653,0.9815325248070563,0.01846747519294377,19.509,4.3179,1476.074,1456.565,0.0,0.0,0.0,1476.0740000000005,4.317900000000001,1480.3919000000005,1542.3959
2529,0.3461,0.0,0.3461,0.0623,1.0,0.0,18.1713,0.0145,81.1714,63.0001,0.0,0.0,0.0,81.17139999999999,0.0145,81.18589999999999,81.1858
2530,0.2183,0.0011,0.2194,0.0395,0.9949863263445761,0.005013673655423883,11.7054,0.6343,697.4332,685.7278,0.0,0.0,0.0,697.4332000000002,0.6343,698.0675000000002,749.0699
2531,0.1288,0.0118,0.1406,0.0253,0.9160739687055476,0.08392603129445235,7.2681,7.0292,1466.2686,1459.0005,0.0,0.0,0.0,1466.2685999999999,7.0291999999999994,1473.2977999999998,1546.7934
2532,0.5698,0.0081,0.5779,0.104,0.9859837342100709,0.014016265789929053,31.2144,5.0712,1409.4194,1378.205,0.0,0.0,0.0,1409.4194000000002,5.071199999999998,1414.4906000000003,1475.4921
2533,0.2906,0.0005,0.2912,0.0524,0.9979395604395604,0.001717032967032967,15.9222,0.3316,620.7949,604.8727,0.0,0.0,0.0,620.7949,0.3316,621.1265,652.1295
2534,0.5106,0.0,0.5106,0.0919,1.0,0.0,27.3756,0.024,51.376,24.0004,0.0,0.0,0.0,51.376000000000005,0.024,51.400000000000006,51.9049
2535,0.2046,0.0281,0.2327,0.0419,0.8792436613665664,0.12075633863343362,11.4555,17.4499,1383.0506,1371.5951,0.0,0.0,0.0,1383.0505999999998,17.4499,1400.5004999999999,1452.0012
2536,0.3398,0.0011,0.3408,0.0613,0.9970657276995305,0.003227699530516432,19.026,0.6843,781.1188,762.0928,0.0,0.0,0.0,781.1187999999999,0.6842999999999999,781.8030999999999,816.802
2537,0.4091,0.0036,0.4127,0.0743,0.9912769566270899,0.008723043372910104,22.9089,2.394,1203.2857,1180.3768,0.0,0.0,0.0,1203.2857,2.394,1205.6797,1270.6819
2538,0.1906,0.0,0.1907,0.0343,0.9994756161510224,0.0,10.5966,0.015,38.5967,28.0001,0.0,0.0,0.0,38.59670000000001,0.015,38.61170000000001,39.1098
2539,0.6492,0.002,0.6512,0.1172,0.9969287469287469,0.0030712530712530715,35.8239,1.2578,952.4606,916.6367,0.0,0.0,0.0,952.4605999999997,1.2578000000000005,953.7183999999996,997.2145
2540,0.5855,0.0002,0.5857,0.1054,0.9996585282567868,0.0003414717432132491,31.8423,0.1462,192.8428,161.0005,0.0,0.0,0.0,192.8428,0.14620000000000002,192.989,197.4882
2541,0.5812,0.004,0.5852,0.1053,0.9931647300068353,0.00683526999316473,31.8423,2.4624,1104.3868,1072.5445,0.0,0.0,0.0,1104.3868,2.4623999999999997,1106.8491999999999,1138.8491
2542,0.1795,0.0048,0.1844,0.0332,0.9734273318872017,0.02603036876355748,9.9057,3.0942,1316.9064,1307.0007,0.0,0.0,0.0,1316.9064,3.0942,1320.0006,1362.4985
2543,0.1327,0.0,0.1327,0.0239,1.0,0.0,7.0644,0.03,31.0645,24.0001,0.0,0.0,0.0,31.064500000000002,0.029999999999999995,31.094500000000004,32.0913
2544,0.3245,0.0201,0.3446,0.062,0.9416715031921068,0.058328496807893204,18.1713,12.6016,1486.1715,1468.0002,0.0,0.0,0.0,1486.1714999999995,12.601599999999998,1498.7730999999994,1538.7756
2545,0.5086,0.0001,0.5087,0.0916,0.9998034204835856,0.0001965795164143896,27.8628,0.035,37.8628,10.0,0.0,0.0,0.0,37.8628,0.034999999999999996,37.8978,37.8953
2546,0.495,0.006,0.501,0.0902,0.9880239520958084,0.011976047904191617,27.3126,3.9034,1254.6178,1227.3052,0.0,0.0,0.0,1254.6178000000002,3.903399999999999,1258.5212000000001,1295.5237
2547,0.2949,0.0004,0.2953,0.0532,0.9986454453098543,0.0013545546901456147,15.9222,0.2703,560.5633,544.6411,0.0,0.0,0.0,560.5633,0.27030000000000004,560.8336,581.8358
2548,0.2687,0.0297,0.2984,0.0537,0.9004691689008043,0.09953083109919571,15.2733,18.4216,1394.2726,1378.9993,0.0,0.0,0.0,1394.2726,18.4216,1412.6942,1457.6961
2549,0.5288,0.0297,0.5585,0.1005,0.9468218442256043,0.053178155774395705,29.8347,18.7154,1480.3827,1450.548,0.0,0.0,0.0,1480.3826999999997,18.715399999999995,1499.0980999999997,1542.1018
2550,0.1197,0.0001,0.1198,0.0216,0.9991652754590985,0.0008347245409015025,6.6045,0.0524,89.6045,83.0,0.0,0.0,0.0,89.60449999999997,0.052399999999999995,89.65689999999998,90.652
2551,0.2481,0.0003,0.2484,0.0447,0.9987922705314008,0.0012077294685990338,13.209,0.1712,528.4324,515.2234,0.0,0.0,0.0,528.4324,0.17119999999999996,528.6036,565.5993
2552,0.4114,0.0269,0.4383,0.0789,0.9386265115217887,0.061373488478211266,22.3755,16.7595,1431.3755,1409.0,0.0,0.0,0.0,1431.3754999999999,16.7595,1448.1349999999998,1498.1314
2553,0.2795,0.0,0.2796,0.0503,0.9996423462088698,0.0,16.5102,0.0212,69.5111,53.0009,0.0,0.0,0.0,69.51109999999997,0.0212,69.53229999999996,69.5283
2554,0.4631,0.0171,0.4802,0.0864,0.9643898375676802,0.03561016243231987,25.368,10.7033,1375.3671,1349.9991,0.0,0.0,0.0,1375.3671000000004,10.7033,1386.0704000000003,1452.0671
2555,0.1738,0.0003,0.1741,0.0313,0.9982768523836876,0.001723147616312464,10.2669,0.1878,351.266,340.9991,0.0,0.0,0.0,351.2660000000002,0.18780000000000002,351.4538000000002,356.9527
2556,0.578,0.0,0.5781,0.1041,0.9998270195467912,0.0,31.2144,0.0171,48.2137,16.9993,0.0,0.0,0.0,48.2137,0.0171,48.2308,48.731
2557,0.1371,0.0237,0.1608,0.029,0.8526119402985075,0.14738805970149252,7.4592,14.8496,1446.4587,1438.9995,0.0,0.0,0.0,1446.4587,14.8496,1461.3083,1505.8059
2558,0.2374,0.0001,0.2375,0.0428,0.9995789473684211,0.0004210526315789474,12.3774,0.0754,90.3767,77.9993,0.0,0.0,0.0,90.37669999999999,0.0754,90.45209999999999,93.4508
2559,0.3154,0.0004,0.3158,0.0568,0.9987333755541482,0.001266624445851805,17.661,0.2525,598.7484,581.0874,0.0,0.0,0.0,598.7484,0.25249999999999995,599.0009,613.9985
2560,0.4341,0.0006,0.4347,0.0783,0.9986197377501725,0.0013802622498274672,23.9547,0.3932,795.0154,771.0607,0.0,0.0,0.0,795.0154000000001,0.3932,795.4086000000001,829.409
2561,0.2743,0.0,0.2743,0.0494,1.0,0.0,14.9163,0.0174,22.9174,8.0011,0.0,0.0,0.0,22.9174,0.017400000000000002,22.9348,22.9387
2562,0.2341,0.0,0.2342,0.0421,0.9995730145175065,0.0,13.209,0.0233,26.2089,12.9999,0.0,0.0,0.0,26.208900000000003,0.0233,26.232200000000002,26.2355
2563,0.1144,0.0,0.1145,0.0206,0.9991266375545851,0.0,6.6045,0.0112,75.6043,68.9998,0.0,0.0,0.0,75.60429999999997,0.011199999999999998,75.61549999999997,75.6168
2564,0.1495,0.0001,0.1496,0.0269,0.999331550802139,0.0006684491978609625,8.2509,0.0436,40.2509,32.0,0.0,0.0,0.0,40.25089999999998,0.0436,40.29449999999998,40.2898
2565,0.5144,0.0006,0.5149,0.0927,0.9990289376577975,0.0011652748106428432,28.3836,0.3494,544.2137,515.8301,0.0,0.0,0.0,544.2136999999999,0.34940000000000004,544.5630999999998,560.0641
2566,0.3902,0.0001,0.3902,0.0702,1.0,0.00025627883136852895,23.4108,0.0365,32.4103,8.9995,0.0,0.0,0.0,32.4103,0.036500000000000005,32.446799999999996,32.4516
2567,0.1976,0.0121,0.2097,0.0377,0.9422985216976634,0.05770147830233667,10.9032,7.62,1309.3026,1298.3994,0.0,0.0,0.0,1309.3026,7.62,1316.9225999999999,1378.9255
2568,0.5615,0.0338,0.5953,0.1072,0.9432219049218881,0.056778095078111865,31.2144,20.0882,1360.2131,1328.9987,0.0,0.0,0.0,1360.2131000000002,20.0882,1380.3013,1475.3034
2569,0.3379,0.0001,0.338,0.0608,0.9997041420118342,0.0002958579881656805,20.2734,0.0441,61.2739,41.0005,0.0,0.0,0.0,61.273900000000005,0.04409999999999999,61.318000000000005,61.3223
2570,0.5622,0.0051,0.5673,0.1021,0.9910100475938657,0.008989952406134321,30.7986,3.1855,1173.7982,1142.9996,0.0,0.0,0.0,1173.7982,3.1854999999999998,1176.9837,1212.9827
2571,0.6492,0.0179,0.6671,0.1201,0.9731674411632438,0.026832558836756105,35.8239,10.6761,1455.8234,1419.9995,0.0,0.0,0.0,1455.8233999999995,10.676100000000002,1466.4994999999994,1502.5003
2572,0.3936,0.0149,0.4086,0.0735,0.9632892804698971,0.036465981399902106,22.3755,8.988,1444.3756,1422.0001,0.0,0.0,0.0,1444.3755999999996,8.988,1453.3635999999997,1517.8648
2573,0.4084,0.0007,0.4092,0.0736,0.9980449657869012,0.001710654936461388,22.3755,0.4591,633.725,611.3495,0.0,0.0,0.0,633.7250000000001,0.45910000000000006,634.1841000000002,650.1869
2574,0.2013,0.0002,0.2015,0.0363,0.9990074441687344,0.0009925558312655087,11.1888,0.1475,241.188,229.9992,0.0,0.0,0.0,241.18800000000005,0.14750000000000002,241.33550000000005,252.3388
2575,0.5884,0.0015,0.59,0.1062,0.9972881355932205,0.0025423728813559325,32.7096,0.9705,778.9922,746.2826,0.0,0.0,0.0,778.9922,0.9705,779.9627,817.9593
2576,0.4309,0.0012,0.4321,0.0778,0.9972228650775284,0.00277713492247165,23.9547,0.7668,845.6269,821.6722,0.0,0.0,0.0,845.6269000000001,0.7668000000000001,846.3937000000001,880.898
2577,0.4121,0.0275,0.4396,0.0791,0.9374431301182894,0.06255686988171065,22.9089,17.541,1381.4826,1358.5737,0.0,0.0,0.0,1381.4825999999996,17.541,1399.0235999999995,1464.0208
2578,0.1231,0.0059,0.129,0.0232,0.9542635658914729,0.04573643410852713,6.8439,3.5715,1235.5845,1228.7406,0.0,0.0,0.0,1235.5845000000002,3.5715,1239.1560000000002,1266.6531
2579,0.3865,0.0004,0.3869,0.0696,0.9989661411217369,0.001033858878263117,21.8064,0.2509,600.9484,579.142,0.0,0.0,0.0,600.9484000000001,0.2509,601.1993000000001,609.2006
2580,0.2577,0.0008,0.2584,0.0465,0.9972910216718265,0.003095975232198142,14.5362,0.4869,733.683,719.1468,0.0,0.0,0.0,733.6830000000001,0.4869,734.1699000000001,751.1688
2581,0.1545,0.0001,0.1545,0.0278,1.0,0.0006472491909385113,8.1102,0.0379,69.1099,60.9997,0.0,0.0,0.0,69.10990000000001,0.037899999999999996,69.1478,70.1429
2582,0.1737,0.0175,0.1911,0.0344,0.9089481946624803,0.09157509157509158,9.513,11.1884,1349.5128,1339.9998,0.0,0.0,0.0,1349.5127999999997,11.188400000000003,1360.7011999999997,1429.706
2583,0.6613,0.0001,0.6614,0.1191,0.9998488055639553,0.00015119443604475356,36.4938,0.04,90.4935,53.9997,0.0,0.0,0.0,90.49349999999995,0.04,90.53349999999996,92.0291
2584,0.2152,0.0334,0.2487,0.0448,0.8652995577000402,0.13429835142742258,11.7054,21.8002,1311.0935,1299.3881,0.0,0.0,0.0,1311.0934999999997,21.800200000000004,1332.8936999999996,1407.3899
2585,0.2349,0.0,0.235,0.0423,0.9995744680851064,0.0,12.1653,0.0192,22.165,9.9997,0.0,0.0,0.0,22.165,0.019200000000000002,22.1842,23.1841
2586,0.4473,0.0155,0.4629,0.0833,0.966299416720674,0.03348455389933031,24.3285,10.3044,1343.6719,1319.3434,0.0,0.0,0.0,1343.6718999999998,10.3044,1353.9762999999998,1410.4774
2587,0.417,0.0,0.417,0.0751,1.0,0.0,23.8833,0.0208,32.8822,8.9989,0.0,0.0,0.0,32.8822,0.020800000000000003,32.903,32.8992
2588,0.4114,0.0128,0.4242,0.0764,0.9698255539839697,0.030174446016030174,22.3755,7.7293,1328.3758,1306.0003,0.0,0.0,0.0,1328.3757999999998,7.7293,1336.1050999999998,1411.1023
2589,0.1327,0.0029,0.1356,0.0244,0.978613569321534,0.021386430678466076,7.2681,1.8557,1008.3414,1001.0733,0.0,0.0,0.0,1008.3413999999999,1.8557000000000001,1010.1970999999999,1038.1999
2590,0.5386,0.0085,0.547,0.0985,0.9846435100548445,0.015539305301645339,29.7192,5.1739,1343.7198,1314.0006,0.0,0.0,0.0,1343.7197999999999,5.1739,1348.8936999999999,1410.3918
2591,0.5209,0.0021,0.523,0.0941,0.9959847036328872,0.00401529636711281,28.539,1.2782,943.6878,915.1488,0.0,0.0,0.0,943.6878000000003,1.2781999999999996,944.9660000000002,982.964
2592,0.4212,0.0004,0.4217,0.0759,0.9988143229784207,0.0009485416172634575,22.9089,0.286,519.5099,496.601,0.0,0.0,0.0,519.5099,0.286,519.7959,529.2982
2593,0.6397,0.0312,0.6709,0.1208,0.9534953048144283,0.04650469518557161,35.8239,20.4225,1334.8234,1298.9995,0.0,0.0,0.0,1334.8233999999995,20.422499999999996,1355.2458999999994,1416.744
2594,0.3277,0.0001,0.3279,0.059,0.9993900579444952,0.0003049710277523635,19.509,0.0748,94.5084,74.9994,0.0,0.0,0.0,94.5084,0.07479999999999999,94.58319999999999,95.5847
2595,0.2028,0.0034,0.2061,0.0371,0.9839883551673945,0.016496846191169333,11.1888,2.0414,1091.1877,1079.9989,0.0,0.0,0.0,1091.1877,2.0414000000000003,1093.2291,1127.229
2596,0.1894,0.0002,0.1896,0.0341,0.998945147679325,0.0010548523206751056,11.1888,0.1259,91.1877,79.9989,0.0,0.0,0.0,91.1877,0.1259,91.31360000000001,95.3184
2597,0.3897,0.0007,0.3904,0.0703,0.9982069672131146,0.0017930327868852457,21.1932,0.4427,625.9764,604.7832,0.0,0.0,0.0,625.9763999999998,0.4427,626.4190999999997,640.4208
2598,0.3934,0.0087,0.4022,0.0724,0.9781203381402288,0.021631029338637493,22.197,5.7529,1378.9834,1356.7864,0.0,0.0,0.0,1378.9834000000003,5.7528999999999995,1384.7363000000003,1427.2401
2599,0.129,0.0108,0.1398,0.0252,0.9227467811158798,0.07725321888412018,7.0644,7.3348,1328.3488,1321.2844,0.0,0.0,0.0,1328.3487999999995,7.3347999999999995,1335.6835999999996,1418.1852
2600,0.2546,0.0001,0.2546,0.0458,1.0,0.00039277297721916735,15.2733,0.0321,15.2729,0.0,0.0,0.0,0.0,15.272899999999996,0.0321,15.304999999999996,15.3026
2601,0.6182,0.002,0.6202,0.1116,0.9967752337955498,0.0032247662044501777,34.3644,1.239,707.5696,673.2052,0.0,0.0,0.0,707.5695999999999,1.2389999999999999,708.8086,779.304
2602,0.1312,0.0004,0.1316,0.0237,0.9969604863221886,0.0030395136778115506,7.4592,0.2469,596.7592,589.3,0.0,0.0,0.0,596.7592000000001,0.24690000000000004,597.0061000000001,615.0028
2603,0.1459,0.0011,0.147,0.0265,0.9925170068027211,0.007482993197278912,8.1102,0.688,560.0508,551.9406,0.0,0.0,0.0,560.0508000000002,0.6880000000000002,560.7388000000002,588.2353
2604,0.4481,0.0194,0.4675,0.0842,0.9585026737967914,0.041497326203208555,24.7254,12.6164,1319.7259,1295.0005,0.0,0.0,0.0,1319.7259000000001,12.6164,1332.3423000000003,1379.8434
2605,0.5615,0.015,0.5765,0.1038,0.97398091934085,0.026019080659150044,31.2144,9.4273,1249.2136,1217.9992,0.0,0.0,0.0,1249.2136,9.427299999999999,1258.6409,1352.1458
2606,0.4939,0.0043,0.4982,0.0897,0.9913689281413087,0.008631071858691289,27.8628,2.6889,1122.6232,1094.7604,0.0,0.0,0.0,1122.6232000000002,2.6889,1125.3121000000003,1151.8164
2607,0.4377,0.0316,0.4693,0.0845,0.9326656722778606,0.06733432772213936,24.3285,19.7858,1384.3291,1360.0006,0.0,0.0,0.0,1384.3291,19.7858,1404.1149,1477.1196
2608,0.4551,0.0091,0.4642,0.0836,0.9803963808703146,0.01960361912968548,24.7527,5.47,1262.6348,1237.8821,0.0,0.0,0.0,1262.6347999999998,5.470000000000001,1268.1047999999998,1326.6087
2609,0.3788,0.0,0.3788,0.0682,1.0,0.0,22.197,0.0207,59.1962,36.9992,0.0,0.0,0.0,59.196200000000005,0.0207,59.2169,60.2146
2610,0.1432,0.0036,0.1468,0.0264,0.9754768392370571,0.024523160762942777,7.9611,2.2381,1077.9609,1069.9998,0.0,0.0,0.0,1077.9609000000005,2.2381,1080.1990000000005,1103.1956
2611,0.4296,0.0016,0.4313,0.0776,0.9960584280083468,0.003709714815673545,23.8833,1.0608,801.8824,777.9991,0.0,0.0,0.0,801.8824000000001,1.0608,802.9432,839.9398
2612,0.5346,0.0001,0.5347,0.0962,0.9998129792406958,0.0001870207593042828,29.0745,0.064,201.0742,171.9997,0.0,0.0,0.0,201.07420000000002,0.06399999999999999,201.1382,202.1348
2613,0.3712,0.0005,0.3717,0.0669,0.9986548291633037,0.0013451708366962606,19.9017,0.3119,457.798,437.8963,0.0,0.0,0.0,457.798,0.3119,458.1099,496.6067
2614,0.3587,0.007,0.3657,0.0658,0.9808586272901285,0.019141372709871478,19.509,4.2956,1258.1411,1238.6321,0.0,0.0,0.0,1258.1411000000003,4.295600000000001,1262.4367000000002,1331.9336
2615,0.5022,0.0,0.5022,0.0904,1.0,0.0,27.3126,0.0317,32.3115,4.9989,0.0,0.0,0.0,32.311499999999995,0.0317,32.343199999999996,32.3459
2616,0.5031,0.0296,0.5327,0.0959,0.9444340153932795,0.055565984606720485,28.3836,18.4417,1341.3838,1313.0002,0.0,0.0,0.0,1341.3837999999996,18.4417,1359.8254999999997,1400.8226
2617,0.5196,0.0016,0.5212,0.0938,0.9969301611665387,0.0030698388334612432,28.2576,0.9826,788.666,760.4084,0.0,0.0,0.0,788.6659999999999,0.9826,789.6486,824.65
2618,0.299,0.0022,0.3013,0.0542,0.9923664122137403,0.007301692665117823,16.5018,1.4023,1008.6875,992.1857,0.0,0.0,0.0,1008.6874999999999,1.4023,1010.0897999999999,1033.0939
2619,0.2408,0.0,0.2408,0.0434,1.0,0.0,13.6878,0.0281,42.688,29.0002,0.0,0.0,0.0,42.688,0.0281,42.716100000000004,42.717
2620,0.1915,0.0014,0.1929,0.0347,0.9927423535510628,0.007257646448937273,10.2669,0.933,980.2261,969.9592,0.0,0.0,0.0,980.2260999999999,0.9329999999999999,981.1590999999999,1000.6606
2621,0.2915,0.0003,0.2918,0.0525,0.9989718985606579,0.001028101439342015,15.855,0.1987,137.8548,121.9998,0.0,0.0,0.0,137.85479999999998,0.1987,138.05349999999999,138.5535
2622,0.2178,0.0009,0.2187,0.0394,0.9958847736625513,0.004115226337448559,12.3774,0.5636,736.9554,724.578,0.0,0.0,0.0,736.9553999999998,0.5636,737.5189999999998,772.518
2623,0.1948,0.0028,0.1976,0.0356,0.9858299595141701,0.01417004048582996,10.5966,1.6905,1113.5968,1103.0002,0.0,0.0,0.0,1113.5967999999998,1.6905000000000003,1115.2872999999997,1144.7871
2624,0.3701,0.0011,0.3711,0.0668,0.9973053085421719,0.002964160603610887,20.2734,0.6991,638.7592,618.4858,0.0,0.0,0.0,638.7592000000002,0.6991000000000002,639.4583000000002,664.4545
2625,0.299,0.0161,0.3152,0.0567,0.9486040609137056,0.051078680203045686,16.5018,9.6173,1458.5018,1442.0,0.0,0.0,0.0,1458.5018000000005,9.617300000000002,1468.1191000000006,1496.6192
2626,0.3636,0.0,0.3637,0.0655,0.9997250481165795,0.0,19.0911,0.0148,25.0909,5.9998,0.0,0.0,0.0,25.090899999999994,0.014799999999999999,25.105699999999995,25.1095
2627,0.531,0.0011,0.532,0.0958,0.9981203007518797,0.0020676691729323306,28.8792,0.68,593.5466,564.6674,0.0,0.0,0.0,593.5465999999998,0.6799999999999999,594.2265999999997,622.7245
2628,0.2124,0.0,0.2124,0.0382,1.0,0.0,12.1653,0.0198,29.1644,16.9991,0.0,0.0,0.0,29.1644,0.019799999999999998,29.1842,30.1803
2629,0.5884,0.0016,0.5901,0.1062,0.9971191323504492,0.0027114048466361637,32.7096,0.9814,908.8949,876.1853,0.0,0.0,0.0,908.8949,0.9814,909.8763,950.3806
2630,0.2788,0.0009,0.2797,0.0503,0.9967822667143368,0.0032177332856632105,15.2733,0.5891,600.2803,585.007,0.0,0.0,0.0,600.2803000000001,0.5891,600.8694000000002,627.8673
2631,0.4211,0.0002,0.4213,0.0758,0.999525278898647,0.00047472110135295516,21.8064,0.1087,462.8841,441.0777,0.0,0.0,0.0,462.8841,0.10870000000000002,462.9928,468.4925
2632,0.1795,0.0005,0.18,0.0324,0.9972222222222222,0.002777777777777778,9.9057,0.3069,685.0224,675.1167,0.0,0.0,0.0,685.0224000000002,0.30689999999999995,685.3293000000002,710.3259
2633,0.2768,0.002,0.2787,0.0502,0.9931826336562611,0.007176175098672408,15.2733,1.1724,833.7612,818.4879,0.0,0.0,0.0,833.7612000000001,1.1724,834.9336000000002,873.934
2634,0.1222,0.0006,0.1228,0.0221,0.995114006514658,0.004885993485342019,6.8439,0.3867,666.4867,659.6428,0.0,0.0,0.0,666.4867000000003,0.3867,666.8734000000003,684.8742
2635,0.6397,0.0022,0.6419,0.1155,0.9965726748714754,0.0034273251285246924,35.8239,1.4008,1091.7159,1055.892,0.0,0.0,0.0,1091.7159,1.4008,1093.1166999999998,1109.1118
2636,0.5937,0.0038,0.5976,0.1076,0.9934738955823293,0.006358768406961178,33.0036,2.4583,1094.1078,1061.1042,0.0,0.0,0.0,1094.1078,2.4583000000000004,1096.5661,1123.5688
2637,0.1495,0.0321,0.1816,0.0327,0.8232378854625549,0.1767621145374449,8.2509,20.2411,1309.251,1301.0001,0.0,0.0,0.0,1309.2510000000002,20.241100000000003,1329.4921000000002,1387.4931
2638,0.3354,0.0236,0.359,0.0646,0.9342618384401113,0.06573816155988858,18.6459,16.084,1418.6466,1400.0007,0.0,0.0,0.0,1418.6465999999996,16.083999999999996,1434.7305999999996,1471.7289
2639,0.2121,0.0021,0.2143,0.0386,0.9897340177321513,0.009799346710219318,11.7054,1.3111,945.705,933.9996,0.0,0.0,0.0,945.7050000000003,1.3111000000000002,947.0161000000003,981.5113
2640,0.1821,0.0047,0.1869,0.0336,0.9743178170144462,0.025147137506688066,9.9057,2.9493,1217.9068,1208.0011,0.0,0.0,0.0,1217.9068000000002,2.9493,1220.8561000000002,1264.8578
2641,0.281,0.0179,0.2989,0.0538,0.9401137504182001,0.05988624958179993,15.855,11.5701,1311.8543,1295.9993,0.0,0.0,0.0,1311.8543,11.570100000000002,1323.4243999999999,1382.4209
2642,0.397,0.0001,0.3971,0.0715,0.9997481742634098,0.00025182573659027956,22.9089,0.0715,28.9092,6.0003,0.0,0.0,0.0,28.909200000000006,0.0715,28.980700000000006,28.9792
2643,0.5621,0.0,0.5621,0.1012,1.0,0.0,32.4387,0.0222,44.4388,12.0001,0.0,0.0,0.0,44.4388,0.022199999999999998,44.461,44.4637
2644,0.3813,0.0247,0.4059,0.0731,0.9393939393939393,0.06085242670608525,21.1932,15.0043,1427.1935,1406.0003,0.0,0.0,0.0,1427.1934999999996,15.0043,1442.1977999999997,1464.7026
2645,0.5739,0.0001,0.574,0.1033,0.9998257839721254,0.0001742160278745645,31.2144,0.0743,128.2138,96.9994,0.0,0.0,0.0,128.2138,0.0743,128.2881,128.2913
2646,0.2248,0.0165,0.2413,0.0434,0.9316203895565687,0.06837961044343142,12.684,10.1114,1416.8799,1404.1959,0.0,0.0,0.0,1416.8799000000004,10.111400000000003,1426.9913000000004,1469.9886
2647,0.3459,0.0,0.346,0.0623,0.9997109826589595,0.0,20.2734,0.0178,24.2739,4.0005,0.0,0.0,0.0,24.273899999999994,0.017800000000000003,24.291699999999995,24.289
2648,0.4578,0.0003,0.4581,0.0825,0.9993451211525867,0.0006548788474132285,26.418,0.1821,393.0203,366.6023,0.0,0.0,0.0,393.02029999999996,0.18209999999999998,393.20239999999995,409.7071
2649,0.5574,0.0035,0.5609,0.101,0.993760028525584,0.006239971474416118,31.2144,2.1426,933.7475,902.5331,0.0,0.0,0.0,933.7475000000002,2.1426000000000003,935.8901000000002,960.8951
2650,0.2723,0.0034,0.2757,0.0496,0.9876677548059485,0.012332245194051504,14.9163,2.0773,785.9168,771.0005,0.0,0.0,0.0,785.9167999999999,2.0773,787.9940999999999,826.4928
2651,0.2106,0.0307,0.2413,0.0434,0.8727724823870702,0.12722751761292997,11.4555,18.6979,1319.4542,1307.9987,0.0,0.0,0.0,1319.4541999999997,18.697899999999997,1338.1520999999996,1385.1569
2652,0.4997,0.0006,0.5003,0.0901,0.9988007195682591,0.0011992804317409553,27.3756,0.3906,633.1762,605.8006,0.0,0.0,0.0,633.1761999999999,0.39059999999999995,633.5667999999998,668.0695
2653,0.4448,0.0007,0.4455,0.0802,0.998428731762065,0.0015712682379349046,24.7254,0.445,634.1098,609.3844,0.0,0.0,0.0,634.1098000000002,0.445,634.5548000000002,666.5515
2654,0.2075,0.0039,0.2114,0.038,0.9815515610217597,0.018448438978240302,11.7054,2.5542,1205.0427,1193.3373,0.0,0.0,0.0,1205.0426999999995,2.5542000000000002,1207.5968999999996,1245.0995
2655,0.3433,0.0209,0.3642,0.0656,0.9426139483800109,0.05738605161998901,19.8135,13.1665,1339.813,1319.9995,0.0,0.0,0.0,1339.8130000000003,13.166499999999996,1352.9795000000004,1387.981
2656,0.4808,0.0065,0.4873,0.0877,0.9866611943361379,0.013338805663862096,26.7267,4.0226,1176.7268,1150.0001,0.0,0.0,0.0,1176.7268,4.022600000000001,1180.7494,1217.2457
2657,0.199,0.0001,0.1991,0.0358,0.9994977398292316,0.0005022601707684581,10.5966,0.0514,17.5966,7.0,0.0,0.0,0.0,17.5966,0.0514,17.648,22.6514
2658,0.5535,0.0077,0.5612,0.101,0.986279401282965,0.013720598717034925,30.5445,4.8903,1234.5455,1204.001,0.0,0.0,0.0,1234.5455000000002,4.8903,1239.4358000000002,1272.9352
2659,0.5041,0.0001,0.5043,0.0908,0.9996034106682531,0.00019829466587348803,26.1051,0.0673,70.1051,44.0,0.0,0.0,0.0,70.1051,0.0673,70.1724,76.6703
2660,0.436,0.0038,0.4397,0.0792,0.9915851717079828,0.008642256083693428,23.8833,2.4848,1124.8827,1100.9994,0.0,0.0,0.0,1124.8826999999999,2.4848,1127.3674999999998,1154.8641
2661,0.4151,0.0171,0.4323,0.0778,0.9602128151746473,0.0395558639833449,22.9089,10.6922,1230.7137,1207.8048,0.0,0.0,0.0,1230.7136999999996,10.6922,1241.4058999999995,1290.4066
2662,0.1197,0.0013,0.121,0.0218,0.9892561983471074,0.010743801652892562,6.6045,0.7766,630.6506,624.0461,0.0,0.0,0.0,630.6505999999998,0.7766000000000001,631.4271999999999,707.9252
2663,0.2444,0.0225,0.2669,0.048,0.9156987635818657,0.08430123641813413,13.6878,14.6401,1240.2613,1226.5735,0.0,0.0,0.0,1240.2613000000003,14.6401,1254.9014000000004,1372.8966
2664,0.1082,0.0,0.1082,0.0195,1.0,0.0,6.342,0.0123,12.3419,5.9999,0.0,0.0,0.0,12.341899999999997,0.012299999999999998,12.354199999999997,13.3564
2665,0.3012,0.002,0.3032,0.0546,0.9934036939313984,0.0065963060686015824,16.5018,1.2119,825.6979,809.1961,0.0,0.0,0.0,825.6978999999999,1.2119,826.9097999999999,866.9111
2666,0.5504,0.0005,0.5508,0.0992,0.9992737835875092,0.0009077705156136529,29.7192,0.3255,625.4349,595.7157,0.0,0.0,0.0,625.4349000000001,0.32549999999999996,625.7604000000001,647.2598
2667,0.3554,0.0001,0.3555,0.064,0.99971870604782,0.00028129395218002813,19.9017,0.0866,122.9019,103.0002,0.0,0.0,0.0,122.90189999999998,0.08660000000000002,122.98849999999999,123.9931
2668,0.1448,0.0017,0.1466,0.0264,0.9877216916780355,0.011596180081855388,8.1102,1.0787,867.806,859.6958,0.0,0.0,0.0,867.8060000000003,1.0787,868.8847000000003,892.8831
2669,0.2852,0.0,0.2852,0.0513,1.0,0.0,17.1108,0.0117,17.11,0.0,0.0,0.0,0.0,17.11,0.011699999999999999,17.1217,17.125
2670,0.351,0.0001,0.3511,0.0632,0.9997151808601537,0.0002848191398461977,19.0911,0.0404,81.0908,61.9997,0.0,0.0,0.0,81.09079999999997,0.0404,81.13119999999998,83.1326
2671,0.2982,0.0044,0.3026,0.0545,0.9854593522802381,0.014540647719762064,16.2204,2.6042,909.1871,892.9667,0.0,0.0,0.0,909.1870999999999,2.6042,911.7912999999999,957.2894
2672,0.1874,0.0107,0.1981,0.0357,0.9459868753154973,0.05401312468450278,10.2669,6.6041,1337.2661,1326.9992,0.0,0.0,0.0,1337.2661000000005,6.6041,1343.8702000000005,1380.3744
2673,0.471,0.0001,0.4711,0.0848,0.9997877308427084,0.00021226915729144556,24.7254,0.0635,52.7256,28.0002,0.0,0.0,0.0,52.72559999999999,0.0635,52.78909999999999,57.794
2674,0.1374,0.0004,0.1378,0.0248,0.9970972423802612,0.002902757619738752,7.6356,0.2487,385.0284,377.3928,0.0,0.0,0.0,385.0284000000001,0.2487,385.2771000000001,421.2763
2675,0.1317,0.0002,0.1319,0.0237,0.9984836997725551,0.0015163002274450343,7.2681,0.1031,324.9675,317.6994,0.0,0.0,0.0,324.9675,0.1031,325.07059999999996,336.5657
2676,0.3865,0.0028,0.3893,0.0701,0.9928076033907013,0.007192396609298742,21.8064,1.807,1064.0719,1042.2655,0.0,0.0,0.0,1064.0719,1.807,1065.8789,1107.8759
2677,0.1453,0.001,0.1463,0.0263,0.9931647300068353,0.00683526999316473,7.9611,0.6669,597.1144,589.1533,0.0,0.0,0.0,597.1143999999999,0.6669,597.7813,634.7777
2678,0.2077,0.0,0.2077,0.0374,1.0,0.0,10.9032,0.0322,132.9031,121.9999,0.0,0.0,0.0,132.9031,0.0322,132.93529999999998,134.4323
2679,0.6824,0.0001,0.6824,0.1228,1.0,0.00014654161781946074,35.8239,0.0414,96.8233,60.9994,0.0,0.0,0.0,96.8233,0.0414,96.8647,97.8607
2680,0.415,0.0074,0.4223,0.076,0.9827137106322519,0.017523087852237745,23.4108,4.5754,1151.7876,1128.3768,0.0,0.0,0.0,1151.7876000000003,4.5754,1156.3630000000003,1193.8621
2681,0.3191,0.0002,0.3193,0.0575,0.9993736298152208,0.0006263701847792046,17.1108,0.1055,370.5041,353.3933,0.0,0.0,0.0,370.5041,0.1055,370.6096,383.1097
2682,0.1431,0.0,0.1431,0.0258,1.0,0.0,7.4592,0.0172,7.4581,0.0,0.0,0.0,0.0,7.458100000000002,0.0172,7.475300000000002,7.4734
2683,0.2939,0.0096,0.3035,0.0546,0.9683690280065897,0.03163097199341021,16.2204,6.1104,1156.8273,1140.6069,0.0,0.0,0.0,1156.8273000000004,6.1104,1162.9377000000004,1201.4381
2684,0.358,0.0038,0.3618,0.0651,0.9894969596462133,0.010503040353786621,19.9017,2.3598,855.0076,835.1059,0.0,0.0,0.0,855.0076000000001,2.3598,857.3674000000001,937.3654
2685,0.4983,0.0001,0.4984,0.0897,0.9997993579454254,0.00020064205457463884,28.539,0.0836,92.5384,63.9994,0.0,0.0,0.0,92.53840000000002,0.08360000000000001,92.62200000000003,95.1218
2686,0.1232,0.0,0.1232,0.0222,1.0,0.0,6.6045,0.0103,10.6045,4.0,0.0,0.0,0.0,10.604500000000003,0.010299999999999997,10.614800000000004,10.6157
2687,0.2789,0.0036,0.2826,0.0509,0.98690728945506,0.012738853503184712,15.855,2.5022,1327.8548,1311.9998,0.0,0.0,0.0,1327.8548000000005,2.5022,1330.3570000000004,1376.3528
2688,0.1506,0.0346,0.1852,0.0333,0.8131749460043197,0.18682505399568033,8.2509,21.8863,1338.4241,1330.1732,0.0,0.0,0.0,1338.4241000000002,21.886299999999995,1360.3104,1402.8054
2689,0.6324,0.0002,0.6326,0.1139,0.99968384445147,0.00031615554852987667,36.4938,0.1577,317.0416,280.5478,0.0,0.0,0.0,317.04159999999996,0.15769999999999995,317.19929999999994,332.6975
2690,0.3245,0.0,0.3245,0.0584,1.0,0.0,18.1713,0.0288,87.1718,69.0005,0.0,0.0,0.0,87.1718,0.028799999999999992,87.20060000000001,87.2013
2691,0.5739,0.0035,0.5774,0.1039,0.9939383443020435,0.006061655697956356,31.2144,2.1106,804.051,772.8366,0.0,0.0,0.0,804.0510000000002,2.1106000000000003,806.1616000000001,890.1585
2692,0.5495,0.0,0.5495,0.0989,1.0,0.0,32.7096,0.0278,86.7088,53.9992,0.0,0.0,0.0,86.70879999999998,0.027800000000000002,86.73659999999998,86.7379
2693,0.4938,0.0001,0.4939,0.0889,0.999797529864345,0.0002024701356549909,26.1051,0.0626,135.1052,109.0001,0.0,0.0,0.0,135.10519999999997,0.0626,135.16779999999997,137.166
2694,0.4273,0.0141,0.4415,0.0795,0.967836919592299,0.031936579841449604,23.4108,8.6734,1161.7284,1138.3176,0.0,0.0,0.0,1161.7284000000004,8.673399999999999,1170.4018000000003,1221.4048
2695,0.5086,0.0089,0.5175,0.0932,0.98280193236715,0.017198067632850242,27.8628,5.2719,1204.6314,1176.7686,0.0,0.0,0.0,1204.6314000000002,5.2719,1209.9033000000002,1250.9052
2696,0.2988,0.013,0.3117,0.0561,0.9586140519730512,0.04170676932948348,17.1108,7.8454,1192.11,1174.9992,0.0,0.0,0.0,1192.1100000000004,7.8454000000000015,1199.9554000000003,1280.9525
2697,0.3123,0.0001,0.3124,0.0562,0.9996798975672215,0.0003201024327784891,17.1108,0.0615,168.1101,150.9993,0.0,0.0,0.0,168.11009999999996,0.061500000000000006,168.17159999999996,171.6688
2698,0.4128,0.0094,0.4222,0.076,0.9777356702984367,0.02226432970156324,23.1147,5.6682,1229.1155,1206.0008,0.0,0.0,0.0,1229.1154999999999,5.6682,1234.7837,1277.7789
2699,0.4975,0.0001,0.4977,0.0896,0.9995981514968857,0.00020092425155716296,27.8628,0.0795,121.8625,93.9997,0.0,0.0,0.0,121.86250000000003,0.07949999999999999,121.94200000000002,127.4385
2700,0.4731,0.0002,0.4733,0.0852,0.999577435030636,0.0004225649693640397,26.1051,0.1438,141.1052,115.0001,0.0,0.0,0.0,141.10519999999997,0.14379999999999998,141.24899999999997,142.7512
2701,0.4409,0.0389,0.4798,0.0864,0.9189245518966236,0.0810754481033764,24.3285,25.4624,1332.8385,1308.51,0.0,0.0,0.0,1332.8385,25.4624,1358.3009,1399.2986
2702,0.3865,0.0015,0.388,0.0698,0.9961340206185567,0.003865979381443299,21.8064,0.9473,772.3647,750.5583,0.0,0.0,0.0,772.3647000000002,0.9473,773.3120000000002,842.815
2703,0.2132,0.0001,0.2133,0.0384,0.9995311767463667,0.00046882325363338024,11.9406,0.0354,31.9407,20.0001,0.0,0.0,0.0,31.9407,0.035399999999999994,31.9761,31.9805
2704,0.4752,0.0003,0.4756,0.0856,0.9991589571068125,0.0006307821698906643,26.418,0.1898,415.9877,389.5697,0.0,0.0,0.0,415.98769999999996,0.1898,416.17749999999995,431.6797
2705,0.3694,0.0105,0.3799,0.0684,0.9723611476704396,0.027638852329560412,20.5317,6.3477,1299.532,1279.0003,0.0,0.0,0.0,1299.5319999999995,6.347700000000001,1305.8796999999995,1354.8811
2706,0.1223,0.0024,0.1247,0.0224,0.9807538091419407,0.01924619085805934,6.6045,1.4662,1058.6044,1051.9999,0.0,0.0,0.0,1058.6043999999997,1.4662000000000002,1060.0705999999998,1077.0741
2707,0.4441,0.0047,0.4488,0.0808,0.9895276292335117,0.010472370766488414,24.3285,2.991,893.8472,869.5187,0.0,0.0,0.0,893.8471999999999,2.9910000000000005,896.8381999999999,930.838
2708,0.4265,0.0,0.4265,0.0768,1.0,0.0,23.8833,0.0209,35.8824,11.9991,0.0,0.0,0.0,35.882400000000004,0.0209,35.9033,35.9019
2709,0.271,0.0,0.271,0.0488,1.0,0.0,14.1288,0.0137,59.1289,45.0001,0.0,0.0,0.0,59.128900000000016,0.013699999999999999,59.142600000000016,59.1436
2710,0.5086,0.0003,0.5089,0.0916,0.9994104932206721,0.0005895067793279622,27.8628,0.1742,335.833,307.9702,0.0,0.0,0.0,335.833,0.1742,336.0072,354.0073
2711,0.4486,0.0,0.4486,0.0807,1.0,0.0,24.7527,0.0233,58.7529,34.0002,0.0,0.0,0.0,58.7529,0.0233,58.776199999999996,61.2762
2712,0.5899,0.0,0.5899,0.1062,1.0,0.0,30.5445,0.0159,64.5455,34.001,0.0,0.0,0.0,64.5455,0.0159,64.5614,66.0565
2713,0.5949,0.0119,0.6068,0.1092,0.9803889255108766,0.019611074489123272,33.5643,7.7738,1296.6009,1263.0366,0.0,0.0,0.0,1296.6009000000004,7.773800000000001,1304.3747000000003,1323.8727
2714,0.5855,0.0075,0.5929,0.1067,0.9875189745319616,0.012649687974363298,31.8423,4.7367,1183.5046,1151.6623,0.0,0.0,0.0,1183.5046,4.7367,1188.2413,1232.2381
2715,0.4902,0.0009,0.4911,0.0884,0.9981673793524741,0.0018326206475259622,27.8628,0.5725,759.567,731.7042,0.0,0.0,0.0,759.567,0.5725,760.1395,784.6388
2716,0.4312,0.038,0.4692,0.0845,0.9190110826939472,0.08098891730605286,24.3285,23.5077,1164.6609,1140.3324,0.0,0.0,0.0,1164.6609,23.507700000000003,1188.1686000000002,1247.1693
2717,0.3293,0.0004,0.3297,0.0593,0.9987867758568395,0.001213224143160449,18.1713,0.2333,615.2555,597.0842,0.0,0.0,0.0,615.2555000000002,0.2333,615.4888000000002,618.9894
2718,0.2411,0.0087,0.2498,0.045,0.9651721377101682,0.03482786228983186,13.209,5.2371,1327.34,1314.131,0.0,0.0,0.0,1327.3399999999995,5.2371,1332.5770999999995,1357.0809
2719,0.1299,0.0108,0.1407,0.0253,0.9232409381663113,0.0767590618336887,7.0644,7.0045,1309.0646,1302.0002,0.0,0.0,0.0,1309.0645999999995,7.0045,1316.0690999999995,1344.5701
2720,0.2116,0.0019,0.2136,0.0384,0.9906367041198502,0.008895131086142321,11.9406,1.198,810.3849,798.4443,0.0,0.0,0.0,810.3848999999998,1.198,811.5828999999998,849.582
2721,0.1821,0.0011,0.1833,0.033,0.9934533551554829,0.006001091107474087,9.9057,0.6855,696.4907,686.585,0.0,0.0,0.0,696.4907000000001,0.6855000000000001,697.1762000000001,777.1806
2722,0.4918,0.0002,0.4921,0.0886,0.9993903678114205,0.00040642145905303806,28.3836,0.1544,307.3255,278.9419,0.0,0.0,0.0,307.3255,0.15439999999999998,307.4799,320.983
2723,0.1308,0.0057,0.1365,0.0246,0.9582417582417582,0.041758241758241756,7.0644,3.6492,1134.9341,1127.8697,0.0,0.0,0.0,1134.9340999999995,3.6492,1138.5832999999996,1193.0791
2724,0.1214,0.0002,0.1216,0.0219,0.9983552631578947,0.0016447368421052633,6.6045,0.106,46.6041,39.9996,0.0,0.0,0.0,46.60410000000001,0.10599999999999998,46.71010000000001,50.7066
2725,0.3639,0.0036,0.3675,0.0661,0.990204081632653,0.009795918367346938,19.509,2.3127,901.8333,882.3243,0.0,0.0,0.0,901.8333000000001,2.3127,904.1460000000001,931.6471
2726,0.29,0.0,0.2901,0.0522,0.9996552912788692,0.0,14.9163,0.0302,61.9171,47.0008,0.0,0.0,0.0,61.9171,0.0302,61.9473,63.4492
2727,0.6532,0.0,0.6532,0.1176,1.0,0.0,37.1301,0.0214,42.1293,4.9992,0.0,0.0,0.0,42.12929999999999,0.0214,42.15069999999999,43.6515
2728,0.2271,0.0,0.2272,0.0409,0.9995598591549295,0.0,13.209,0.0234,256.5465,243.3375,0.0,0.0,0.0,256.5465,0.023399999999999994,256.56989999999996,261.0705
2729,0.5663,0.009,0.5752,0.1035,0.9845271210013908,0.015646731571627256,30.7986,5.5765,1057.7979,1026.9993,0.0,0.0,0.0,1057.7978999999998,5.576499999999999,1063.3743999999997,1110.379
2730,0.6273,0.003,0.6303,0.1134,0.9952403617325083,0.004759638267491671,34.3644,1.8705,1136.059,1101.6946,0.0,0.0,0.0,1136.0590000000004,1.8704999999999998,1137.9295000000004,1175.4285
2731,0.6492,0.0011,0.6503,0.117,0.9983084730124558,0.0016915269875442105,35.8239,0.6702,590.3919,554.568,0.0,0.0,0.0,590.3919000000002,0.6702000000000001,591.0621000000002,630.5583
2732,0.3748,0.0003,0.3751,0.0675,0.9992002132764597,0.0007997867235403892,20.5317,0.2007,306.5984,286.0667,0.0,0.0,0.0,306.5984000000001,0.20070000000000002,306.79910000000007,342.3005
2733,0.4158,0.0024,0.4182,0.0753,0.994261119081779,0.005738880918220946,23.1147,1.4987,901.5471,878.4324,0.0,0.0,0.0,901.5470999999999,1.4987,903.0457999999999,947.0482
2734,0.2382,0.0012,0.2394,0.0431,0.9949874686716792,0.005012531328320802,12.684,0.771,801.0441,788.3601,0.0,0.0,0.0,801.0441,0.7709999999999999,801.8150999999999,828.3158
2735,0.1506,0.0193,0.1699,0.0306,0.8864037669217187,0.11359623307828136,8.2509,11.5854,1284.251,1276.0001,0.0,0.0,0.0,1284.2510000000002,11.585400000000002,1295.8364000000001,1340.8359
2736,0.3633,0.0073,0.3705,0.0667,0.9805668016194332,0.01970310391363023,19.9017,4.6086,1120.902,1101.0003,0.0,0.0,0.0,1120.9019999999998,4.6086,1125.5105999999998,1157.5087
2737,0.3191,0.0003,0.3195,0.0575,0.9987480438184663,0.0009389671361502346,17.1108,0.2058,370.1321,353.0213,0.0,0.0,0.0,370.13210000000004,0.20579999999999998,370.33790000000005,391.8418
2738,0.1383,0.0005,0.1389,0.025,0.9956803455723543,0.003599712023038157,7.8036,0.3313,442.7881,434.9845,0.0,0.0,0.0,442.78810000000004,0.3313,443.11940000000004,456.6235
2739,0.5798,0.0,0.5798,0.1044,1.0,0.0,32.7096,0.0274,92.7087,59.9991,0.0,0.0,0.0,92.70869999999998,0.027400000000000004,92.73609999999998,94.7313
2740,0.585,0.0003,0.5853,0.1054,0.9994874423372628,0.0005125576627370578,33.0036,0.1925,398.7093,365.7057,0.0,0.0,0.0,398.7093,0.1925,398.9018,415.9024
2741,0.6549,0.0002,0.6551,0.1179,0.9996947030987636,0.0003052969012364525,35.1141,0.1474,353.7642,318.6501,0.0,0.0,0.0,353.7642,0.14739999999999998,353.9116,360.4105
2742,0.4128,0.0006,0.4133,0.0744,0.9987902250181466,0.0014517299782240503,23.1147,0.3673,617.26,594.1453,0.0,0.0,0.0,617.26,0.3672999999999999,617.6273,655.6277
2743,0.2568,0.0,0.2569,0.0462,0.9996107434799532,0.0,13.209,0.0237,45.2087,31.9997,0.0,0.0,0.0,45.2087,0.023699999999999995,45.2324,46.2282
2744,0.1799,0.0001,0.1801,0.0324,0.9988895058300944,0.000555247084952804,9.513,0.0901,212.4395,202.9265,0.0,0.0,0.0,212.4395,0.0901,212.52960000000002,220.5283
2745,0.5615,0.0314,0.593,0.1067,0.9468802698145026,0.052951096121416526,31.2144,19.4331,1151.2131,1119.9987,0.0,0.0,0.0,1151.2131000000002,19.4331,1170.6462000000001,1247.6443
2746,0.12,0.0001,0.12,0.0216,1.0,0.0008333333333333334,6.342,0.0417,86.3419,79.9999,0.0,0.0,0.0,86.34190000000002,0.0417,86.38360000000003,95.3872
2747,0.4246,0.0025,0.4271,0.0769,0.9941465698899555,0.005853430110044486,23.9547,1.4917,1081.7658,1057.8111,0.0,0.0,0.0,1081.7658000000001,1.4917000000000002,1083.2575000000002,1123.7588
2748,0.2909,0.0,0.2909,0.0524,1.0,0.0,15.2733,0.015,45.2727,29.9994,0.0,0.0,0.0,45.27270000000001,0.015,45.28770000000001,46.7863
2749,0.3123,0.0003,0.3127,0.0563,0.9987208186760475,0.0009593859929645027,17.1108,0.1917,526.1494,509.0386,0.0,0.0,0.0,526.1494,0.19169999999999998,526.3411,530.3429
2750,0.358,0.0001,0.3581,0.0645,0.9997207483943032,0.0002792516056967328,19.9017,0.0817,76.902,57.0003,0.0,0.0,0.0,76.90199999999999,0.08170000000000002,76.98369999999998,86.485
2751,0.3818,0.0,0.3818,0.0687,1.0,0.0,22.9089,0.0179,22.909,0.0001,0.0,0.0,0.0,22.909000000000006,0.0179,22.926900000000007,25.9232
2752,0.513,0.0,0.513,0.0923,1.0,0.0,27.3126,0.022,44.3115,16.9989,0.0,0.0,0.0,44.3115,0.022,44.3335,44.3346
2753,0.5616,0.0135,0.5751,0.1035,0.9765258215962442,0.02347417840375587,30.5445,8.5014,1216.545,1186.0005,0.0,0.0,0.0,1216.545,8.501399999999999,1225.0464000000002,1267.0447
2754,0.3587,0.0009,0.3596,0.0647,0.9974972191323694,0.002502780867630701,19.509,0.5483,407.7702,388.2612,0.0,0.0,0.0,407.77019999999993,0.5483,408.3184999999999,469.8219
2755,0.2276,0.0001,0.2277,0.041,0.9995608256477821,0.0004391743522178305,12.3774,0.0868,114.3759,101.9985,0.0,0.0,0.0,114.37589999999997,0.08680000000000003,114.46269999999997,125.4655
2756,0.2885,0.0048,0.2934,0.0528,0.9832992501704158,0.016359918200408996,15.9222,2.9529,813.5799,797.6577,0.0,0.0,0.0,813.5799,2.9529,816.5328,844.0302
2757,0.2598,0.0003,0.2601,0.0468,0.9988465974625144,0.0011534025374855823,14.1288,0.1914,409.1289,395.0001,0.0,0.0,0.0,409.12889999999993,0.19140000000000001,409.3202999999999,414.823
2758,0.3387,0.0001,0.3388,0.061,0.9997048406139315,0.000295159386068477,17.661,0.062,74.6611,57.0001,0.0,0.0,0.0,74.66109999999996,0.06199999999999999,74.72309999999996,75.722
2759,0.4328,0.0003,0.4331,0.078,0.9993073193257909,0.0006926806742091896,23.8833,0.1594,338.7597,314.8764,0.0,0.0,0.0,338.75969999999995,0.1594,338.91909999999996,343.9156
2760,0.5878,0.0038,0.5917,0.1065,0.993408822038195,0.0064221733986817645,32.4387,2.3971,1053.396,1020.9573,0.0,0.0,0.0,1053.3959999999997,2.3971,1055.7930999999996,1109.2906
2761,0.2211,0.0002,0.2213,0.0398,0.9990962494351558,0.0009037505648441031,11.9406,0.1374,86.9409,75.0003,0.0,0.0,0.0,86.94090000000003,0.1374,87.07830000000003,93.5806
2762,0.2571,0.0002,0.2573,0.0463,0.9992226972405753,0.0007773027594247961,13.6878,0.1047,313.1543,299.4665,0.0,0.0,0.0,313.1542999999999,0.10469999999999999,313.2589999999999,331.2554
2763,0.2557,0.0002,0.2559,0.0461,0.9992184447049628,0.0007815552950371238,14.5362,0.1207,263.6049,249.0687,0.0,0.0,0.0,263.60490000000004,0.1207,263.72560000000004,275.7269
2764,0.5622,0.0013,0.5635,0.1014,0.9976929902395741,0.0023070097604259094,30.7986,0.8148,519.0238,488.2252,0.0,0.0,0.0,519.0238,0.8148,519.8386,572.3353
2765,0.297,0.0,0.297,0.0535,1.0,0.0,16.5102,0.0121,33.5109,17.0007,0.0,0.0,0.0,33.5109,0.012099999999999998,33.522999999999996,33.5278
2766,0.3078,0.015,0.3228,0.0581,0.9535315985130113,0.04646840148698885,16.5018,9.7109,1292.5019,1276.0001,0.0,0.0,0.0,1292.5019000000002,9.710899999999999,1302.2128000000002,1338.7104
2767,0.2903,0.0369,0.3272,0.0589,0.8872249388753056,0.11277506112469439,16.5018,23.8077,1312.502,1296.0002,0.0,0.0,0.0,1312.5020000000004,23.807700000000004,1336.3097000000005,1367.8098
2768,0.4233,0.0005,0.4238,0.0763,0.9988201982067013,0.0011798017932987258,23.8833,0.3106,367.2111,343.3278,0.0,0.0,0.0,367.21109999999993,0.3106,367.52169999999995,383.5251
2769,0.4486,0.0001,0.4487,0.0808,0.9997771339425006,0.00022286605749944285,24.7527,0.0706,57.7528,33.0001,0.0,0.0,0.0,57.75279999999999,0.0706,57.82339999999999,62.82
2770,0.4696,0.0035,0.4731,0.0852,0.9926019868949482,0.007398013105051786,26.1051,2.1074,760.2842,734.1791,0.0,0.0,0.0,760.2842000000002,2.1074,762.3916000000002,823.8946
2771,0.2585,0.0002,0.2586,0.0466,0.9996133023975252,0.0007733952049497294,14.9163,0.1147,74.917,60.0007,0.0,0.0,0.0,74.91700000000002,0.1147,75.03170000000001,75.5274
2772,0.4374,0.0,0.4375,0.0787,0.9997714285714286,0.0,25.4394,0.0273,40.4401,15.0007,0.0,0.0,0.0,40.440099999999994,0.027300000000000005,40.46739999999999,46.4683
2773,0.1782,0.0,0.1782,0.0321,1.0,0.0,9.9057,0.0217,86.9062,77.0005,0.0,0.0,0.0,86.90619999999998,0.0217,86.92789999999998,94.4257
2774,0.3643,0.0004,0.3647,0.0656,0.9989032081162599,0.0010967918837400603,19.8135,0.2265,348.3622,328.5487,0.0,0.0,0.0,348.3621999999999,0.2265,348.5886999999999,365.59
2775,0.3409,0.0275,0.3684,0.0663,0.9253528773072747,0.0746471226927253,19.0911,17.0375,1261.0412,1241.9501,0.0,0.0,0.0,1261.0412000000003,17.0375,1278.0787000000003,1339.5762
2776,0.4025,0.0122,0.4147,0.0746,0.9705811429949361,0.029418857005063904,22.3755,7.473,1056.2981,1033.9226,0.0,0.0,0.0,1056.2980999999997,7.473,1063.7710999999997,1111.2758
2777,0.1956,0.0,0.1956,0.0352,1.0,0.0,10.2669,0.0137,10.2661,0.0,0.0,0.0,0.0,10.266099999999996,0.0137,10.279799999999996,12.2775
2778,0.2442,0.0001,0.2443,0.044,0.9995906672124437,0.0004093327875562833,14.5362,0.0549,48.5369,34.0007,0.0,0.0,0.0,48.5369,0.0549,48.591800000000006,53.0884
2779,0.2341,0.0001,0.2342,0.0422,0.9995730145175065,0.00042698548249359527,13.209,0.05,66.2088,52.9998,0.0,0.0,0.0,66.20880000000001,0.049999999999999996,66.25880000000001,70.2577
2780,0.3485,0.0005,0.349,0.0628,0.998567335243553,0.0014326647564469916,19.0911,0.3036,371.7213,352.6302,0.0,0.0,0.0,371.72130000000004,0.30360000000000004,372.02490000000006,407.5257
2781,0.3793,0.0,0.3793,0.0683,1.0,0.0,20.6283,0.0198,29.6273,8.999,0.0,0.0,0.0,29.627299999999995,0.0198,29.647099999999995,31.1507
2782,0.4151,0.0009,0.416,0.0749,0.9978365384615385,0.0021634615384615386,22.9089,0.5811,575.9092,553.0003,0.0,0.0,0.0,575.9092,0.5811000000000001,576.4903,590.4911
2783,0.3475,0.0042,0.3517,0.0633,0.9880580039806652,0.011941996019334659,19.9017,2.6726,938.6953,918.7936,0.0,0.0,0.0,938.6953000000002,2.6725999999999996,941.3679000000002,987.363
2784,0.3701,0.0005,0.3705,0.0667,0.9989203778677462,0.001349527665317139,20.2734,0.2944,382.0919,361.8185,0.0,0.0,0.0,382.0919,0.29440000000000005,382.3863,397.8855
2785,0.1434,0.0153,0.1587,0.0286,0.9035916824196597,0.09640831758034026,7.6356,9.8795,1212.6367,1205.0011,0.0,0.0,0.0,1212.6367000000005,9.8795,1222.5162000000005,1257.0199
2786,0.1346,0.0003,0.1349,0.0243,0.9977761304670126,0.002223869532987398,7.2681,0.2251,417.0432,409.7751,0.0,0.0,0.0,417.04319999999996,0.22510000000000002,417.26829999999995,427.2636
2787,0.2429,0.0026,0.2455,0.0442,0.9894093686354379,0.010590631364562118,13.209,1.6377,1094.8168,1081.6078,0.0,0.0,0.0,1094.8167999999998,1.6377,1096.4544999999998,1131.9547
2788,0.2726,0.0,0.2727,0.0491,0.9996332966629997,0.0,15.855,0.0108,39.8543,23.9993,0.0,0.0,0.0,39.8543,0.010799999999999999,39.865100000000005,40.867
2789,0.5878,0.0156,0.6034,0.1086,0.9741465031488232,0.025853496851176664,32.4387,9.7203,1260.463,1228.0243,0.0,0.0,0.0,1260.4629999999997,9.720300000000002,1270.1832999999997,1327.1838
2790,0.3423,0.0175,0.3597,0.0648,0.95162635529608,0.048651654156241314,19.026,10.7783,1217.0255,1197.9995,0.0,0.0,0.0,1217.0254999999997,10.7783,1227.8037999999997,1293.8044
2791,0.2707,0.0225,0.2932,0.0528,0.9232605729877216,0.0767394270122783,15.2733,14.9375,1231.8676,1216.5943,0.0,0.0,0.0,1231.8676,14.937500000000002,1246.8051,1325.3021
2792,0.1432,0.0003,0.1435,0.0258,0.9979094076655053,0.0020905923344947735,7.9611,0.1595,335.079,327.1179,0.0,0.0,0.0,335.07899999999995,0.1595,335.23849999999993,345.7382
2793,0.3501,0.0078,0.3579,0.0644,0.9782062028499582,0.02179379715004191,19.9017,5.2265,1003.902,984.0003,0.0,0.0,0.0,1003.9020000000002,5.226500000000001,1009.1285000000001,1037.1318
2794,0.2221,0.0004,0.2225,0.04,0.9982022471910111,0.0017977528089887641,12.1653,0.2832,473.8182,461.6529,0.0,0.0,0.0,473.8182,0.2832,474.1014,511.1052
2795,0.4084,0.0002,0.4087,0.0736,0.9992659652556887,0.0004893564962074871,22.3755,0.1342,249.5079,227.1324,0.0,0.0,0.0,249.50789999999995,0.1342,249.64209999999994,264.6447
2796,0.124,0.0218,0.1458,0.0262,0.8504801097393689,0.14951989026063098,6.8439,13.6195,1254.5962,1247.7523,0.0,0.0,0.0,1254.5962000000002,13.619500000000002,1268.2157000000002,1299.7133
2797,0.4985,0.0017,0.5002,0.09,0.9966013594562175,0.003398640543782487,26.7267,1.045,547.0846,520.3579,0.0,0.0,0.0,547.0846,1.045,548.1296,573.6308
2798,0.1363,0.0002,0.1365,0.0246,0.9985347985347985,0.0014652014652014652,7.8036,0.1441,232.2561,224.4525,0.0,0.0,0.0,232.2561,0.14409999999999998,232.4002,240.9015
2799,0.2992,0.0042,0.3034,0.0546,0.986156888595913,0.013843111404087012,16.5102,2.614,1159.8879,1143.3777,0.0,0.0,0.0,1159.8879,2.6140000000000008,1162.5019,1215.0001
2800,0.5533,0.0292,0.5825,0.1048,0.9498712446351931,0.05012875536480687,31.2144,18.422,1243.2135,1211.9991,0.0,0.0,0.0,1243.2135,18.421999999999997,1261.6355,1324.6386
2801,0.3012,0.0001,0.3014,0.0542,0.9993364299933644,0.00033178500331785003,16.5018,0.0844,70.5021,54.0003,0.0,0.0,0.0,70.5021,0.08440000000000002,70.5865,70.5821
2802,0.5077,0.0,0.5077,0.0914,1.0,0.0,29.0745,0.0152,40.0743,10.9998,0.0,0.0,0.0,40.074300000000015,0.0152,40.089500000000015,40.5938
2803,0.1962,0.0003,0.1966,0.0354,0.9979654120040693,0.001525940996948118,10.5966,0.2204,402.2402,391.6436,0.0,0.0,0.0,402.2401999999999,0.22039999999999998,402.4605999999999,431.4595
2804,0.4986,0.0276,0.5262,0.0947,0.9475484606613455,0.052451539338654506,27.3126,17.0689,1242.3115,1214.9989,0.0,0.0,0.0,1242.3115,17.068900000000003,1259.3804,1315.8787
2805,0.1299,0.0024,0.1322,0.0238,0.9826021180030255,0.01815431164901664,7.0644,1.5549,784.0644,777.0,0.0,0.0,0.0,784.0644000000001,1.5549000000000004,785.6193000000001,815.1214
2806,0.173,0.0,0.173,0.0311,1.0,0.0,9.9057,0.0219,44.9064,35.0007,0.0,0.0,0.0,44.906400000000005,0.021900000000000003,44.92830000000001,44.9241
2807,0.2849,0.0009,0.2857,0.0514,0.9971998599929995,0.0031501575078753934,15.2733,0.5218,476.2726,460.9993,0.0,0.0,0.0,476.27259999999995,0.5217999999999999,476.79439999999994,508.7934
2808,0.129,0.0003,0.1293,0.0233,0.9976798143851509,0.002320185614849188,7.0644,0.1967,399.0654,392.001,0.0,0.0,0.0,399.0654000000001,0.1967,399.26210000000015,407.2602
2809,0.25,0.0002,0.2502,0.045,0.9992006394884093,0.0007993605115907275,14.5362,0.1222,249.3253,234.7891,0.0,0.0,0.0,249.32530000000003,0.12219999999999999,249.44750000000002,255.4444
2810,0.2982,0.0079,0.3061,0.0551,0.9741914407056519,0.025808559294348256,16.2204,5.2286,1137.583,1121.3626,0.0,0.0,0.0,1137.5830000000003,5.228600000000001,1142.8116000000002,1187.8102
2811,0.5574,0.0068,0.5642,0.1016,0.9879475363346331,0.01205246366536689,31.2144,4.2042,1012.9503,981.7359,0.0,0.0,0.0,1012.9503000000001,4.2042,1017.1545000000001,1067.1544
2812,0.354,0.0003,0.3543,0.0638,0.9991532599491956,0.000846740050804403,20.2734,0.1793,318.5767,298.3033,0.0,0.0,0.0,318.5767,0.17929999999999996,318.75600000000003,326.7525
2813,0.5178,0.0002,0.518,0.0932,0.9996138996138997,0.0003861003861003861,27.3756,0.0988,59.9018,32.5262,0.0,0.0,0.0,59.90180000000001,0.0988,60.000600000000006,67.0035
2814,0.2948,0.001,0.2958,0.0532,0.9966193373901284,0.0033806626098715348,16.5102,0.6006,580.3472,563.837,0.0,0.0,0.0,580.3471999999999,0.6005999999999999,580.9477999999999,656.4447
2815,0.1342,0.0008,0.135,0.0243,0.9940740740740741,0.005925925925925926,7.4592,0.5045,490.6458,483.1866,0.0,0.0,0.0,490.6458,0.5045000000000001,491.1503,523.1472
2816,0.5495,0.0002,0.5497,0.0989,0.9996361651810078,0.00036383481899217757,30.5445,0.1261,229.1959,198.6514,0.0,0.0,0.0,229.1959,0.12610000000000002,229.322,241.325
2817,0.5307,0.0014,0.5321,0.0958,0.9973689156173651,0.0026310843826348428,29.0745,0.8957,694.0507,664.9762,0.0,0.0,0.0,694.0507000000001,0.8957000000000002,694.9464000000002,724.9486
2818,0.3694,0.0012,0.3706,0.0667,0.9967620075553157,0.0032379924446842958,20.5317,0.7985,793.1167,772.585,0.0,0.0,0.0,793.1167,0.7984999999999999,793.9152,809.412
2819,0.6093,0.002,0.6113,0.11,0.9967282839849501,0.003271716015049894,32.4387,1.2925,734.5575,702.1188,0.0,0.0,0.0,734.5575000000002,1.2925000000000002,735.8500000000003,767.852
2820,0.4644,0.0008,0.4652,0.0837,0.9982803095442819,0.0017196904557179708,25.4394,0.4911,503.3183,477.8789,0.0,0.0,0.0,503.3183000000001,0.49110000000000004,503.8094000000001,521.3106
2821,0.4391,0.0001,0.4392,0.0791,0.9997723132969035,0.0002276867030965392,23.8833,0.0386,42.8824,18.9991,0.0,0.0,0.0,42.882400000000004,0.0386,42.92100000000001,43.42
2822,0.3036,0.0044,0.3079,0.0554,0.9860344267619356,0.014290354011042547,16.5102,2.8163,991.5108,975.0006,0.0,0.0,0.0,991.5108,2.8163,994.3271,1045.3291
2823,0.1404,0.0001,0.1405,0.0253,0.9992882562277579,0.0007117437722419928,7.2681,0.0661,144.9069,137.6388,0.0,0.0,0.0,144.9069,0.06609999999999999,144.973,147.4705
2824,0.523,0.0001,0.5231,0.0942,0.9998088319632957,0.00019116803670426305,29.0745,0.0601,156.5739,127.4994,0.0,0.0,0.0,156.5739,0.06010000000000001,156.63400000000001,160.1382
2825,0.414,0.0011,0.4151,0.0747,0.9973500361358708,0.0026499638641291254,22.197,0.6922,498.1896,475.9926,0.0,0.0,0.0,498.1896000000001,0.6921999999999999,498.8818000000001,565.3791
2826,0.6112,0.032,0.6431,0.1158,0.950396516871404,0.04975897994091121,33.0036,20.5311,946.0039,913.0003,0.0,0.0,0.0,946.0038999999999,20.5311,966.535,1090.0314
2827,0.1459,0.0168,0.1627,0.0293,0.8967424708051628,0.1032575291948371,8.1102,10.1925,1195.5928,1187.4826,0.0,0.0,0.0,1195.5927999999994,10.1925,1205.7852999999996,1249.2887
2828,0.2299,0.0012,0.2311,0.0416,0.9948074426655127,0.005192557334487234,12.684,0.7644,630.2786,617.5946,0.0,0.0,0.0,630.2786000000002,0.7644,631.0430000000002,668.5431
2829,0.6613,0.0092,0.6705,0.1207,0.9862788963460105,0.01372110365398956,36.4938,5.7936,1148.4935,1111.9997,0.0,0.0,0.0,1148.4935000000005,5.793600000000001,1154.2871000000005,1206.2894
2830,0.1459,0.0085,0.1544,0.0278,0.9449481865284973,0.05505181347150259,8.1102,5.1692,1191.3204,1183.2102,0.0,0.0,0.0,1191.3203999999996,5.169200000000001,1196.4895999999997,1239.9908
2831,0.5181,0.0011,0.5192,0.0935,0.9978813559322034,0.00211864406779661,28.3836,0.6805,512.4816,484.098,0.0,0.0,0.0,512.4816,0.6805,513.1621,527.1668
2832,0.5031,0.001,0.5041,0.0907,0.9980162666137671,0.0019837333862328904,28.3836,0.6776,528.0481,499.6645,0.0,0.0,0.0,528.0480999999997,0.6776000000000001,528.7256999999997,548.2245
2833,0.4913,0.0079,0.4993,0.0899,0.9839775685960345,0.015822151011415982,27.3126,4.7384,1149.3121,1121.9995,0.0,0.0,0.0,1149.3121,4.7384,1154.0505,1184.0529
2834,0.1976,0.0015,0.1991,0.0358,0.9924660974384731,0.007533902561526871,10.9032,0.8959,794.9575,784.0543,0.0,0.0,0.0,794.9574999999998,0.8959,795.8533999999997,830.8519
2835,0.4377,0.0348,0.4724,0.085,0.926545300592718,0.07366638441998306,24.3285,21.9146,1217.329,1193.0005,0.0,0.0,0.0,1217.329,21.914600000000004,1239.2436,1273.2388
2836,0.3936,0.0038,0.3975,0.0715,0.990188679245283,0.009559748427672956,22.3755,2.2079,863.8541,841.4786,0.0,0.0,0.0,863.8541000000001,2.2079,866.0620000000001,908.0668
2837,0.2615,0.0061,0.2676,0.0482,0.977204783258595,0.022795216741405083,14.5362,3.8861,1104.537,1090.0008,0.0,0.0,0.0,1104.5369999999998,3.8861,1108.4230999999997,1161.4196
2838,0.2137,0.0279,0.2416,0.0435,0.8845198675496688,0.11548013245033113,11.7054,17.0835,1230.7052,1218.9998,0.0,0.0,0.0,1230.7051999999996,17.0835,1247.7886999999996,1279.2839
2839,0.4505,0.0018,0.4524,0.0814,0.9958001768346596,0.003978779840848806,24.3285,1.1926,843.3291,819.0006,0.0,0.0,0.0,843.3290999999999,1.1926,844.5216999999999,863.521
2840,0.495,0.0001,0.4951,0.0891,0.9997980206018986,0.00020197939810139367,27.3126,0.079,150.2369,122.9243,0.0,0.0,0.0,150.2369,0.07899999999999999,150.3159,161.8146
2841,0.1861,0.0048,0.1908,0.0343,0.9753668763102725,0.025157232704402514,10.2669,3.0631,1137.2657,1126.9988,0.0,0.0,0.0,1137.2657000000002,3.0631,1140.3288000000002,1174.3274
2842,0.425,0.0181,0.443,0.0797,0.9593679458239277,0.04085778781038375,23.1147,11.7152,1256.1155,1233.0008,0.0,0.0,0.0,1256.1154999999999,11.715200000000003,1267.8307,1300.3276
2843,0.2096,0.0001,0.2096,0.0377,1.0,0.00047709923664122136,12.3774,0.0399,187.548,175.1706,0.0,0.0,0.0,187.54800000000006,0.03990000000000001,187.58790000000005,195.0831
2844,0.2164,0.0001,0.2165,0.039,0.9995381062355658,0.0004618937644341802,11.9406,0.0692,174.3901,162.4495,0.0,0.0,0.0,174.39010000000002,0.0692,174.4593,183.9633
2845,0.3177,0.0056,0.3233,0.0582,0.9826786266625426,0.01732137333745747,17.661,3.4813,1038.6612,1021.0002,0.0,0.0,0.0,1038.6611999999998,3.481300000000001,1042.1424999999997,1100.1389
2846,0.4505,0.0041,0.4546,0.0818,0.9909810822701276,0.009018917729872416,24.3285,2.6455,913.2365,888.908,0.0,0.0,0.0,913.2365,2.6455,915.882,942.8853
2847,0.4564,0.0009,0.4572,0.0823,0.9982502187226596,0.001968503937007874,25.368,0.5383,566.9716,541.6036,0.0,0.0,0.0,566.9715999999999,0.5383,567.5098999999999,608.0051
2848,0.3149,0.0,0.3149,0.0567,1.0,0.0,18.1713,0.0162,30.1714,12.0001,0.0,0.0,0.0,30.171400000000002,0.0162,30.187600000000003,30.1915
2849,0.4396,0.0001,0.4397,0.0791,0.9997725722083238,0.00022742779167614284,25.368,0.0715,203.2358,177.8678,0.0,0.0,0.0,203.2358,0.0715,203.3073,208.8027
2850,0.1394,0.0004,0.1398,0.0252,0.9971387696709584,0.002861230329041488,7.6356,0.2602,434.3272,426.6916,0.0,0.0,0.0,434.32720000000006,0.26020000000000004,434.58740000000006,450.0883
2851,0.397,0.0,0.397,0.0715,1.0,0.0,22.9089,0.0164,211.3717,188.4628,0.0,0.0,0.0,211.3717,0.0164,211.3881,215.3852
2852,0.1865,0.0,0.1865,0.0336,1.0,0.0,11.1888,0.0161,30.1883,18.9995,0.0,0.0,0.0,30.1883,0.0161,30.204400000000003,30.2023
2853,0.3995,0.0004,0.3999,0.072,0.9989997499374845,0.001000250062515629,23.4108,0.2746,185.2619,161.8511,0.0,0.0,0.0,185.26190000000003,0.2746,185.53650000000002,193.5409
2854,0.5288,0.0122,0.5411,0.0974,0.977268527074478,0.02254666420255036,29.8347,8.1853,1191.4106,1161.5759,0.0,0.0,0.0,1191.4105999999995,8.1853,1199.5958999999996,1261.5967
2855,0.1299,0.0001,0.13,0.0234,0.9992307692307691,0.0007692307692307692,7.0644,0.059,266.4507,259.3863,0.0,0.0,0.0,266.4507000000001,0.059,266.5097000000001,279.5086
2856,0.2028,0.0004,0.2032,0.0366,0.9980314960629922,0.001968503937007874,11.1888,0.2529,238.567,227.3782,0.0,0.0,0.0,238.56700000000004,0.2529,238.81990000000005,253.3201
2857,0.3742,0.0,0.3742,0.0674,1.0,0.0,19.509,0.0211,210.8013,191.2923,0.0,0.0,0.0,210.80130000000003,0.0211,210.82240000000002,217.3186
2858,0.1806,0.0,0.1807,0.0325,0.9994465965688988,0.0,10.2669,0.0248,218.8244,208.5575,0.0,0.0,0.0,218.8244,0.024800000000000003,218.8492,228.3538
2859,0.4394,0.0,0.4394,0.0791,1.0,0.0,22.9089,0.0206,235.9459,213.037,0.0,0.0,0.0,235.94590000000002,0.0206,235.96650000000002,236.9677
2860,0.4311,0.0,0.4311,0.0776,1.0,0.0,23.1147,0.0113,122.7873,99.6726,0.0,0.0,0.0,122.78730000000002,0.0113,122.79860000000002,127.7981
2861,0.3841,0.0007,0.3848,0.0693,0.9981808731808732,0.0018191268191268192,21.1932,0.4536,495.135,473.9418,0.0,0.0,0.0,495.13500000000016,0.45359999999999995,495.58860000000016,518.5875
2862,0.2596,0.0,0.2596,0.0467,1.0,0.0,14.5362,0.0161,214.2509,199.7147,0.0,0.0,0.0,214.25089999999994,0.0161,214.26699999999994,216.2701
2863,0.2137,0.0062,0.2198,0.0396,0.9722474977252048,0.028207461328480437,11.7054,3.8782,1136.2493,1124.5439,0.0,0.0,0.0,1136.2492999999997,3.878199999999999,1140.1274999999998,1190.6308
2864,0.1362,0.0133,0.1495,0.0269,0.9110367892976589,0.08896321070234113,7.4592,8.3974,1099.6738,1092.2146,0.0,0.0,0.0,1099.6737999999998,8.3974,1108.0711999999999,1193.5707
2865,0.3729,0.0001,0.373,0.0671,0.9997319034852548,0.00026809651474530834,22.197,0.0428,46.7645,24.5675,0.0,0.0,0.0,46.764500000000005,0.0428,46.807300000000005,46.8032
2866,0.5884,0.0002,0.5886,0.106,0.999660210669385,0.0003397893306150187,32.7096,0.123,204.4728,171.7632,0.0,0.0,0.0,204.47280000000006,0.12300000000000003,204.59580000000005,217.5944
2867,0.1947,0.0129,0.2076,0.0374,0.9378612716763006,0.06213872832369942,10.9032,7.9176,1136.9168,1126.0136,0.0,0.0,0.0,1136.9167999999997,7.917599999999999,1144.8343999999997,1197.8381
2868,0.4341,0.0006,0.4347,0.0783,0.9986197377501725,0.0013802622498274672,23.9547,0.3897,449.7295,425.7748,0.0,0.0,0.0,449.7295,0.3897,450.1192,465.119
2869,0.1333,0.0001,0.1334,0.024,0.9992503748125938,0.0007496251874062969,7.6356,0.0725,127.0705,119.4349,0.0,0.0,0.0,127.07050000000002,0.07250000000000001,127.14300000000003,129.646
2870,0.2227,0.001,0.2237,0.0403,0.9955297273133661,0.004470272686633884,11.9406,0.6411,447.1253,435.1847,0.0,0.0,0.0,447.1253,0.6411,447.7664,476.2632
2871,0.1404,0.0141,0.1545,0.0278,0.9087378640776699,0.0912621359223301,7.8036,8.9212,1034.8034,1026.9998,0.0,0.0,0.0,1034.8033999999998,8.921199999999999,1043.7245999999998,1094.7231
2872,0.2788,0.0004,0.2792,0.0503,0.998567335243553,0.0014326647564469914,15.2733,0.2569,334.7644,319.4911,0.0,0.0,0.0,334.7643999999999,0.2569,335.0212999999999,349.5213
2873,0.4718,0.0025,0.4743,0.0854,0.9947290744254691,0.005270925574530887,26.418,1.5741,864.0123,837.5943,0.0,0.0,0.0,864.0123000000001,1.5740999999999998,865.5864000000001,894.0837
2874,0.2044,0.0314,0.2357,0.0424,0.8672040729741196,0.1332201951633432,11.7054,20.0056,1215.705,1203.9996,0.0,0.0,0.0,1215.7049999999997,20.0056,1235.7105999999997,1265.7126
2875,0.4409,0.0017,0.4426,0.0797,0.9961590600994126,0.0038409399005874378,24.3285,1.1685,826.1944,801.8659,0.0,0.0,0.0,826.1944,1.1685,827.3629,851.8586
2876,0.2281,0.0,0.2281,0.0411,1.0,0.0,13.6878,0.0125,13.6882,0.0004,0.0,0.0,0.0,13.6882,0.012499999999999997,13.7007,13.7042
2877,0.3165,0.0001,0.3166,0.057,0.9996841440303222,0.00031585596967782694,16.5018,0.0421,198.2329,181.7311,0.0,0.0,0.0,198.23289999999997,0.0421,198.27499999999998,209.7791
2878,0.5391,0.0001,0.5393,0.0971,0.9996291488967181,0.00018542555164101615,31.8423,0.0853,157.7423,125.9,0.0,0.0,0.0,157.7423,0.0853,157.8276,162.8308
2879,0.523,0.024,0.547,0.0985,0.9561243144424131,0.043875685557586835,29.0745,14.7786,1102.0742,1072.9997,0.0,0.0,0.0,1102.0741999999996,14.778599999999999,1116.8527999999997,1156.3542
2880,0.3848,0.0002,0.3851,0.0693,0.9992209815632302,0.0005193456245131135,22.9089,0.1402,44.4594,21.5505,0.0,0.0,0.0,44.45939999999999,0.14019999999999996,44.59959999999999,46.603
2881,0.129,0.0214,0.1503,0.0271,0.8582834331337326,0.1423819028609448,7.0644,13.0576,1175.0644,1168.0,0.0,0.0,0.0,1175.0643999999995,13.0576,1188.1219999999996,1239.1221
2882,0.209,0.0067,0.2157,0.0388,0.9689383402874362,0.031061659712563746,11.7054,4.5162,1128.705,1116.9996,0.0,0.0,0.0,1128.7049999999995,4.5162,1133.2211999999995,1183.7214
2883,0.5386,0.0046,0.5433,0.0978,0.9913491625253082,0.008466777102889747,28.8792,2.8204,795.5823,766.7031,0.0,0.0,0.0,795.5822999999998,2.8204000000000002,798.4026999999998,849.3997
2884,0.3484,0.0064,0.3547,0.0639,0.9822385114180997,0.01804341697208909,19.509,3.9803,888.2913,868.7823,0.0,0.0,0.0,888.2912999999999,3.9802999999999997,892.2715999999998,952.2742
2885,0.4246,0.0001,0.4247,0.0764,0.9997645396750646,0.0002354603249352484,23.9547,0.0497,211.6294,187.6747,0.0,0.0,0.0,211.62940000000003,0.0497,211.67910000000003,223.1803
2886,0.3101,0.0121,0.3222,0.058,0.9624456859093731,0.03755431409062694,17.1108,7.3898,948.8688,931.758,0.0,0.0,0.0,948.8688,7.389800000000002,956.2586,1025.7581
2887,0.2828,0.0034,0.2862,0.0515,0.9881201956673654,0.01187980433263452,15.2733,2.0961,988.2725,972.9992,0.0,0.0,0.0,988.2725000000003,2.0961000000000003,990.3686000000002,1013.3706
2888,0.4415,0.0003,0.4419,0.0795,0.9990948178320886,0.000678886625933469,24.7254,0.2221,313.7258,289.0004,0.0,0.0,0.0,313.7258,0.22210000000000002,313.9479,326.9459
2889,0.3953,0.0002,0.3954,0.0712,0.9997470915528579,0.0005058168942842691,21.1932,0.1076,202.2636,181.0704,0.0,0.0,0.0,202.2636,0.1076,202.3712,205.371
2890,0.3121,0.0003,0.3124,0.0562,0.9990396927016645,0.0009603072983354672,16.5018,0.1613,250.0506,233.5488,0.0,0.0,0.0,250.05059999999995,0.16130000000000003,250.21189999999996,258.2122
2891,0.2211,0.0033,0.2244,0.0404,0.9852941176470589,0.014705882352941178,11.9406,2.063,747.9409,736.0003,0.0,0.0,0.0,747.9408999999997,2.0629999999999997,750.0038999999997,789.0005
2892,0.4005,0.0,0.4006,0.0721,0.9997503744383425,0.0,23.1147,0.0267,192.3704,169.2557,0.0,0.0,0.0,192.37039999999996,0.026699999999999998,192.39709999999997,199.3935
2893,0.4009,0.0274,0.4283,0.0771,0.9360261498949334,0.06397385010506654,21.8064,16.7955,1141.8057,1119.9993,0.0,0.0,0.0,1141.8056999999997,16.7955,1158.6011999999996,1220.1042
2894,0.4525,0.0001,0.4526,0.0815,0.9997790543526293,0.0002209456473707468,26.7267,0.0341,190.4133,163.6866,0.0,0.0,0.0,190.41329999999996,0.034100000000000005,190.44739999999996,192.4451
2895,0.4613,0.0012,0.4625,0.0832,0.9974054054054053,0.002594594594594594,26.418,0.7434,792.7629,766.3449,0.0,0.0,0.0,792.7629000000001,0.7434000000000001,793.5063,818.5016
2896,0.2282,0.0041,0.2323,0.0418,0.9823504089539388,0.01764959104606113,12.684,2.4911,1050.6839,1037.9999,0.0,0.0,0.0,1050.6839000000002,2.4911,1053.1750000000002,1079.1737
2897,0.6038,0.0066,0.6104,0.1099,0.9891874180865006,0.010812581913499344,33.5643,4.0456,912.0205,878.4562,0.0,0.0,0.0,912.0205,4.0456,916.0661,957.5655
2898,0.354,0.0352,0.3892,0.0701,0.9095580678314491,0.09044193216855088,20.2734,20.9297,1152.2743,1132.0009,0.0,0.0,0.0,1152.2743000000003,20.9297,1173.2040000000002,1233.2036
2899,0.2642,0.0001,0.2644,0.0476,0.9992435703479575,0.00037821482602118004,15.6072,0.0741,180.2477,164.6405,0.0,0.0,0.0,180.2477,0.07409999999999999,180.3218,181.8208
2900,0.3528,0.0022,0.355,0.0639,0.9938028169014085,0.00619718309859155,19.9017,1.3275,833.0375,813.1358,0.0,0.0,0.0,833.0375000000003,1.3275,834.3650000000002,857.3611
2901,0.2188,0.0036,0.2225,0.04,0.983370786516854,0.016179775280898874,12.1653,2.2427,942.104,929.9387,0.0,0.0,0.0,942.1039999999999,2.2427,944.3466999999999,976.3421
2902,0.5754,0.0,0.5755,0.1036,0.9998262380538662,0.0,32.7096,0.0288,215.7145,183.0049,0.0,0.0,0.0,215.71450000000002,0.0288,215.7433,218.2443
2903,0.1343,0.0322,0.1666,0.03,0.8061224489795918,0.19327731092436976,7.6356,20.0861,1091.6361,1084.0005,0.0,0.0,0.0,1091.6361,20.0861,1111.7222,1163.7261
2904,0.2598,0.0008,0.2605,0.0469,0.9973128598848368,0.003071017274472169,14.1288,0.4701,349.9493,335.8205,0.0,0.0,0.0,349.9493,0.4701,350.4194,369.4153
2905,0.6565,0.0018,0.6583,0.1185,0.9972656843384475,0.0027343156615524835,36.4938,1.232,649.5501,613.0563,0.0,0.0,0.0,649.5500999999999,1.2320000000000002,650.7820999999999,677.2832
2906,0.5378,0.0001,0.5379,0.0968,0.9998140918386316,0.00018590816136828406,30.7986,0.0633,191.363,160.5644,0.0,0.0,0.0,191.363,0.06330000000000001,191.4263,205.4233
2907,0.6057,0.0064,0.6121,0.1102,0.9895441921254697,0.010455807874530307,32.7096,3.889,1014.7089,981.9993,0.0,0.0,0.0,1014.7089,3.889,1018.5979,1048.1002
2908,0.523,0.014,0.537,0.0967,0.9739292364990689,0.0260707635009311,29.0745,8.7427,1113.0745,1084.0,0.0,0.0,0.0,1113.0744999999995,8.7427,1121.8171999999995,1150.8212
2909,0.4857,0.0006,0.4863,0.0875,0.9987661937075879,0.0012338062924120911,26.418,0.36,328.2531,301.8351,0.0,0.0,0.0,328.2530999999999,0.36,328.6130999999999,339.6145
2910,0.7023,0.0011,0.7034,0.1266,0.9984361671879443,0.0015638328120557293,37.1301,0.6811,382.9531,345.823,0.0,0.0,0.0,382.9531,0.6810999999999999,383.6342,437.6341
2911,0.1271,0.0192,0.1463,0.0263,0.8687628161312371,0.1312371838687628,7.0644,11.7397,1163.0646,1156.0002,0.0,0.0,0.0,1163.0645999999997,11.739699999999997,1174.8042999999998,1210.8052
2912,0.1394,0.007,0.1464,0.0263,0.9521857923497268,0.04781420765027322,7.6356,4.4644,1097.6362,1090.0006,0.0,0.0,0.0,1097.6362,4.4644,1102.1006,1153.5979
2913,0.3101,0.022,0.3321,0.0598,0.9337548931044866,0.0662451068955134,17.1108,14.1827,1194.1101,1176.9993,0.0,0.0,0.0,1194.1101000000003,14.1827,1208.2928000000004,1235.2908
2914,0.2596,0.0063,0.2659,0.0479,0.9763068822865738,0.0236931177134261,14.5362,3.9795,1028.5373,1014.0011,0.0,0.0,0.0,1028.5373,3.9794999999999994,1032.5167999999999,1087.0137
2915,0.4677,0.0007,0.4684,0.0843,0.9985055508112725,0.0014944491887275834,24.7254,0.4314,410.7255,386.0001,0.0,0.0,0.0,410.72549999999995,0.43140000000000006,411.15689999999995,427.1602
2916,0.3381,0.0,0.3381,0.0609,1.0,0.0,19.8135,0.0116,155.1781,135.3646,0.0,0.0,0.0,155.1781,0.011600000000000001,155.1897,157.1848
2917,0.4475,0.0066,0.4542,0.0818,0.9852487890797006,0.01453104359313078,25.4394,4.2232,941.4399,916.0005,0.0,0.0,0.0,941.4399,4.2232,945.6631,998.6649
2918,0.2707,0.0284,0.2991,0.0538,0.9050484787696423,0.09495152123035776,15.2733,17.6285,859.2728,843.9995,0.0,0.0,0.0,859.2728000000001,17.628500000000003,876.9013000000001,946.9008
2919,0.2132,0.0005,0.2138,0.0385,0.9971936389148738,0.002338634237605239,11.9406,0.35,345.5569,333.6163,0.0,0.0,0.0,345.55690000000004,0.35000000000000003,345.90690000000006,384.9077
2920,0.2762,0.0152,0.2914,0.0525,0.9478380233356212,0.05216197666437886,14.9163,9.5104,1198.9169,1184.0006,0.0,0.0,0.0,1198.9169,9.510399999999999,1208.4272999999998,1223.9313
2921,0.221,0.0023,0.2233,0.0402,0.9896999552171966,0.010300044782803403,12.3774,1.4064,601.656,589.2786,0.0,0.0,0.0,601.656,1.4064,603.0623999999999,638.0601
2922,0.4304,0.0018,0.4322,0.0778,0.995835261453031,0.0041647385469689956,23.4108,1.1827,547.9784,524.5676,0.0,0.0,0.0,547.9783999999999,1.1826999999999999,549.1610999999998,608.6591
2923,0.3993,0.0021,0.4014,0.0722,0.9947683109118087,0.00523168908819133,22.197,1.3058,765.3787,743.1817,0.0,0.0,0.0,765.3787000000001,1.3057999999999998,766.6845000000001,811.6864
2924,0.4489,0.0002,0.4491,0.0808,0.9995546648853263,0.00044533511467379205,26.1051,0.132,155.3909,129.2858,0.0,0.0,0.0,155.39089999999996,0.132,155.52289999999996,164.0226
2925,0.5247,0.0001,0.5249,0.0945,0.9996189750428653,0.00019051247856734615,28.539,0.0868,161.1016,132.5626,0.0,0.0,0.0,161.10160000000005,0.08680000000000002,161.18840000000006,168.1888
2926,0.5233,0.0046,0.5279,0.095,0.9912862284523584,0.008713771547641597,28.8792,2.8227,687.8784,658.9992,0.0,0.0,0.0,687.8783999999998,2.8227,690.7010999999999,730.7061
2927,0.1214,0.0087,0.1301,0.0234,0.9331283627978478,0.0668716372021522,6.6045,5.5036,1169.6043,1162.9998,0.0,0.0,0.0,1169.6042999999997,5.5036000000000005,1175.1078999999997,1208.6115
2928,0.2673,0.0281,0.2954,0.0532,0.9048747461069735,0.09512525389302641,14.5362,17.1654,1062.5372,1048.001,0.0,0.0,0.0,1062.5371999999998,17.165399999999998,1079.7025999999998,1140.7053
2929,0.5921,0.0019,0.594,0.1069,0.9968013468013468,0.003198653198653199,32.4387,1.2596,595.4387,563.0,0.0,0.0,0.0,595.4387000000003,1.2596,596.6983000000002,628.1964
2930,0.4328,0.008,0.4408,0.0793,0.9818511796733213,0.018148820326678767,23.8833,5.0112,916.2404,892.3571,0.0,0.0,0.0,916.2404,5.0112000000000005,921.2516,965.2562
2931,0.2231,0.0001,0.2233,0.0402,0.9991043439319302,0.00044782803403493063,12.684,0.0855,122.656,109.972,0.0,0.0,0.0,122.65599999999999,0.08549999999999999,122.74149999999999,129.2369
2932,0.2542,0.0033,0.2575,0.0463,0.9871844660194173,0.012815533980582524,14.1288,2.0459,815.8444,801.7156,0.0,0.0,0.0,815.8444000000002,2.0459,817.8903000000001,870.8897
2933,0.2392,0.0,0.2393,0.0431,0.9995821145006267,0.0,14.1288,0.026,164.0059,149.8771,0.0,0.0,0.0,164.00589999999997,0.026,164.03189999999998,168.5276
2934,0.5485,0.0009,0.5495,0.0989,0.9981801637852593,0.001637852593266606,29.8347,0.5865,481.5126,451.6779,0.0,0.0,0.0,481.5126,0.5865,482.0991,500.5979
2935,0.4214,0.0027,0.4242,0.0763,0.9933993399339933,0.006364922206506365,23.9547,1.7216,739.4747,715.52,0.0,0.0,0.0,739.4747000000001,1.7216,741.1963000000001,792.6914
2936,0.4273,0.0019,0.4292,0.0773,0.9955731593662628,0.004426840633737186,23.4108,1.1429,654.5703,631.1595,0.0,0.0,0.0,654.5702999999999,1.1429,655.7131999999999,677.7157
2937,0.5181,0.0,0.5181,0.0933,1.0,0.0,28.3836,0.0198,161.7918,133.4082,0.0,0.0,0.0,161.79179999999997,0.019799999999999998,161.81159999999997,162.3149
2938,0.3865,0.0251,0.4116,0.0741,0.9390184645286686,0.06098153547133139,21.8064,14.8969,1037.8055,1015.9991,0.0,0.0,0.0,1037.8055000000002,14.8969,1052.7024000000001,1097.1988
2939,0.2906,0.0071,0.2977,0.0536,0.9761504870675176,0.023849512932482365,15.9222,4.309,981.3112,965.389,0.0,0.0,0.0,981.3112,4.309,985.6202,1016.1181
2940,0.1517,0.001,0.1527,0.0275,0.9934512115258677,0.006548788474132285,8.2509,0.5973,386.1986,377.9477,0.0,0.0,0.0,386.19859999999994,0.5972999999999999,386.79589999999996,406.8007
2941,0.2442,0.0,0.2442,0.044,1.0,0.0,14.5362,0.0147,81.4397,66.9035,0.0,0.0,0.0,81.4397,0.014700000000000001,81.4544,81.9534
2942,0.6007,0.0001,0.6008,0.1081,0.9998335552596538,0.00016644474034620507,32.4387,0.039,148.7475,116.3088,0.0,0.0,0.0,148.74750000000003,0.039,148.78650000000002,149.2839
2943,0.577,0.0348,0.6119,0.1101,0.9429645366890014,0.05687203791469194,31.8423,20.9757,1096.8427,1065.0004,0.0,0.0,0.0,1096.8427,20.975700000000003,1117.8183999999999,1183.8154
2944,0.4543,0.0109,0.4651,0.0837,0.9767791872715544,0.02343582025370888,25.4394,7.1274,1086.0392,1060.5998,0.0,0.0,0.0,1086.0391999999995,7.1274,1093.1665999999996,1154.6635
2945,0.4391,0.0081,0.4473,0.0805,0.981667784484686,0.018108651911468814,23.8833,5.0704,1031.0358,1007.1525,0.0,0.0,0.0,1031.0357999999999,5.070399999999999,1036.1062,1082.6075
2946,0.5384,0.0026,0.541,0.0974,0.9951940850277263,0.004805914972273567,29.0745,1.7004,939.9592,910.8847,0.0,0.0,0.0,939.9592000000001,1.7004000000000004,941.6596000000001,974.1591
2947,0.5106,0.0101,0.5207,0.0937,0.9806030343768005,0.019396965623199536,28.3836,6.1925,1024.7705,996.3869,0.0,0.0,0.0,1024.7704999999999,6.192500000000001,1030.963,1063.459
2948,0.4409,0.0001,0.441,0.0794,0.9997732426303855,0.00022675736961451248,24.3285,0.0818,180.5471,156.2186,0.0,0.0,0.0,180.54710000000003,0.0818,180.62890000000002,184.1315
2949,0.3554,0.0,0.3554,0.064,1.0,0.0,19.9017,0.0303,132.2967,112.395,0.0,0.0,0.0,132.2967,0.030299999999999997,132.327,133.3241
2950,0.461,0.0115,0.4725,0.0851,0.9756613756613758,0.02433862433862434,25.4394,7.1289,1148.4403,1123.0009,0.0,0.0,0.0,1148.4402999999995,7.1289,1155.5691999999995,1182.07
2951,0.4961,0.0013,0.4974,0.0895,0.9973864093285082,0.002613590671491757,27.3756,0.8251,590.3759,563.0003,0.0,0.0,0.0,590.3758999999998,0.8251000000000001,591.2009999999998,613.6991
2952,0.5836,0.0175,0.601,0.1082,0.9710482529118137,0.029118136439267892,32.4387,11.0491,1074.4387,1042.0,0.0,0.0,0.0,1074.4386999999995,11.049100000000005,1085.4877999999994,1134.9847
2953,0.5083,0.0056,0.514,0.0925,0.9889105058365758,0.010894941634241245,28.2576,3.5734,1011.9151,983.6575,0.0,0.0,0.0,1011.9150999999999,3.5734,1015.4884999999999,1034.4881
2954,0.1298,0.0031,0.1329,0.0239,0.9766741911211437,0.023325808878856283,7.2681,2.001,716.2685,709.0004,0.0,0.0,0.0,716.2684999999999,2.001,718.2694999999999,768.2701
2955,0.4119,0.0,0.4119,0.0742,1.0,0.0,24.3285,0.0202,98.1718,73.8433,0.0,0.0,0.0,98.1718,0.0202,98.19200000000001,100.1931
2956,0.1443,0.0335,0.1778,0.032,0.811586051743532,0.18841394825646793,7.9611,20.6657,1002.9607,994.9996,0.0,0.0,0.0,1002.9607,20.6657,1023.6264,1113.1233
2957,0.5406,0.0,0.5407,0.0973,0.9998150545589052,0.0,28.3836,0.02,125.2446,96.861,0.0,0.0,0.0,125.2446,0.019999999999999997,125.2646,134.7636
2958,0.4644,0.0236,0.4879,0.0878,0.9518343922935028,0.04837056773929084,25.4394,14.8382,1105.4403,1080.0009,0.0,0.0,0.0,1105.4402999999998,14.838199999999999,1120.2784999999997,1163.7827
2959,0.55,0.0099,0.5599,0.1008,0.982318271119843,0.017681728880157174,30.7986,6.1369,942.798,911.9994,0.0,0.0,0.0,942.798,6.1369,948.9349,998.4387
2960,0.4335,0.008,0.4415,0.0795,0.9818799546998868,0.01812004530011325,23.4108,4.9029,960.7454,937.3346,0.0,0.0,0.0,960.7454,4.902900000000001,965.6483000000001,1005.1504
2961,0.1107,0.0073,0.1181,0.0212,0.9373412362404743,0.06181202370872142,6.342,4.6848,992.3417,985.9997,0.0,0.0,0.0,992.3417000000001,4.6848,997.0265,1078.5277
2962,0.1724,0.0019,0.1743,0.0314,0.9890992541594951,0.010900745840504876,9.513,1.2151,769.4228,759.9098,0.0,0.0,0.0,769.4227999999999,1.2150999999999998,770.6379,814.6381
2963,0.4576,0.0065,0.4642,0.0835,0.985781990521327,0.014002585092632485,25.4394,3.9536,956.7812,931.3418,0.0,0.0,0.0,956.7812,3.9535999999999993,960.7348000000001,998.7312
2964,0.2121,0.0005,0.2127,0.0383,0.997179125528914,0.002350728725905031,11.4555,0.3293,395.2214,383.7659,0.0,0.0,0.0,395.2213999999999,0.3293,395.5506999999999,404.5511
2965,0.5668,0.0226,0.5894,0.1061,0.9616559212758736,0.03834407872412623,32.7096,14.1807,1113.7087,1080.9991,0.0,0.0,0.0,1113.7087000000001,14.1807,1127.8894,1170.8897
2966,0.5106,0.0036,0.5142,0.0926,0.9929988331388566,0.007001166861143524,28.3836,2.1237,815.6013,787.2177,0.0,0.0,0.0,815.6012999999998,2.1236999999999995,817.7249999999998,839.2265
2967,0.3813,0.0,0.3813,0.0686,1.0,0.0,21.1932,0.0238,114.75,93.5568,0.0,0.0,0.0,114.75000000000003,0.0238,114.77380000000002,117.7773
2968,0.1441,0.0001,0.1441,0.0259,1.0,0.0006939625260235947,8.2509,0.0442,105.4865,97.2356,0.0,0.0,0.0,105.48649999999998,0.044199999999999996,105.53069999999998,105.5257
2969,0.6806,0.002,0.6827,0.1229,0.996923978321371,0.0029295444558371177,36.4938,1.3166,542.6623,506.1685,0.0,0.0,0.0,542.6623,1.3166,543.9789,610.9837
2970,0.6155,0.0012,0.6168,0.111,0.9978923476005188,0.0019455252918287936,33.0036,0.7403,442.0038,409.0002,0.0,0.0,0.0,442.0038,0.7402999999999998,442.7441,466.248
2971,0.3484,0.001,0.3493,0.0629,0.9974234182651016,0.0028628685943315204,19.509,0.5623,310.5084,290.9994,0.0,0.0,0.0,310.50839999999994,0.5623,311.07069999999993,343.0699
2972,0.1116,0.0011,0.1126,0.0203,0.9911190053285968,0.009769094138543518,6.342,0.649,375.3417,368.9997,0.0,0.0,0.0,375.34170000000006,0.6489999999999998,375.99070000000006,422.9927
2973,0.2604,0.0314,0.2919,0.0525,0.8920863309352519,0.10757108598835217,14.9163,18.7089,1018.917,1004.0007,0.0,0.0,0.0,1018.9169999999999,18.708900000000003,1037.6259,1085.1259
2974,0.4242,0.0005,0.4248,0.0765,0.998587570621469,0.0011770244821092278,23.4108,0.321,214.4103,190.9995,0.0,0.0,0.0,214.41030000000003,0.32099999999999995,214.73130000000003,223.7343
2975,0.4975,0.0042,0.5018,0.0903,0.9914308489438023,0.008369868473495416,27.8628,2.6128,858.8627,830.9999,0.0,0.0,0.0,858.8627000000001,2.6128,861.4755000000001,914.4801
2976,0.4396,0.0005,0.4401,0.0792,0.998863894569416,0.0011361054305839581,25.368,0.3164,268.6814,243.3134,0.0,0.0,0.0,268.6814,0.31639999999999996,268.9978,282.498
2977,0.2245,0.0,0.2245,0.0404,1.0,0.0,11.7054,0.0173,125.8077,114.1023,0.0,0.0,0.0,125.80770000000001,0.0173,125.82500000000002,127.3274
2978,0.1133,0.0086,0.1219,0.0219,0.9294503691550452,0.07054963084495489,6.342,5.4567,1100.3417,1093.9997,0.0,0.0,0.0,1100.3416999999997,5.456699999999999,1105.7983999999997,1154.7999
2979,0.4151,0.0018,0.4169,0.075,0.9956824178460063,0.004317582153993763,22.9089,1.1228,666.9089,644.0,0.0,0.0,0.0,666.9089000000002,1.1228000000000002,668.0317000000002,692.0268
2980,0.616,0.0001,0.6161,0.1109,0.9998376886869015,0.000162311313098523,35.8239,0.0802,134.8236,98.9997,0.0,0.0,0.0,134.82360000000003,0.08020000000000001,134.90380000000002,137.4051
2981,0.1322,0.001,0.1332,0.024,0.9924924924924925,0.007507507507507507,7.4592,0.6211,469.4583,461.9991,0.0,0.0,0.0,469.45830000000007,0.6211,470.0794000000001,494.0757
2982,0.3121,0.0003,0.3124,0.0562,0.9990396927016645,0.0009603072983354672,16.5018,0.1804,161.5019,145.0001,0.0,0.0,0.0,161.50189999999995,0.1804,161.68229999999994,164.1794
2983,0.178,0.0003,0.1783,0.0321,0.9983174425126192,0.0016825574873808188,10.5966,0.2118,197.0074,186.4108,0.0,0.0,0.0,197.00740000000005,0.21180000000000002,197.21920000000006,210.2169
2984,0.2894,0.0153,0.3047,0.0548,0.9497866754184443,0.05021332458155562,15.855,9.9777,1096.8544,1080.9994,0.0,0.0,0.0,1096.8544000000002,9.9777,1106.8321,1153.835
2985,0.4233,0.0076,0.4309,0.0776,0.982362497099095,0.017637502900905083,23.8833,4.7649,999.8824,975.9991,0.0,0.0,0.0,999.8823999999998,4.7649,1004.6472999999999,1047.1435
2986,0.2376,0.0196,0.2573,0.0463,0.9234356781966577,0.07617567042363001,13.209,12.3651,1080.2088,1066.9998,0.0,0.0,0.0,1080.2087999999997,12.3651,1092.5738999999996,1141.0734
2987,0.2137,0.0002,0.2139,0.0385,0.9990649836372136,0.0009350163627863488,11.7054,0.1414,198.7051,186.9997,0.0,0.0,0.0,198.70510000000002,0.1414,198.84650000000002,200.8417
2988,0.5233,0.0022,0.5255,0.0946,0.99581351094196,0.004186489058039962,28.8792,1.3694,560.8783,531.9991,0.0,0.0,0.0,560.8782999999999,1.3694,562.2476999999999,600.7432
2989,0.4961,0.0108,0.5069,0.0912,0.9786940224896429,0.021305977510357073,27.3756,6.8584,1009.376,982.0004,0.0,0.0,0.0,1009.376,6.8584,1016.2343999999999,1065.2308
2990,0.4879,0.0016,0.4894,0.0881,0.9969350224765018,0.0032693093583980384,26.7267,0.9803,586.7275,560.0008,0.0,0.0,0.0,586.7274999999998,0.9803000000000002,587.7077999999999,620.7124
2991,0.1298,0.0014,0.1312,0.0236,0.9893292682926829,0.010670731707317072,7.2681,0.9306,538.2684,531.0003,0.0,0.0,0.0,538.2684,0.9306000000000002,539.1990000000001,565.1947
2992,0.55,0.0003,0.5503,0.099,0.9994548428130111,0.0005451571869889151,30.7986,0.1728,303.1537,272.3551,0.0,0.0,0.0,303.1537,0.1728,303.3265,334.8252
2993,0.1648,0.0002,0.1651,0.0297,0.9981829194427619,0.0012113870381586919,9.513,0.1437,232.0371,222.5241,0.0,0.0,0.0,232.0371,0.1437,232.1808,254.6809
2994,0.6082,0.0,0.6083,0.1095,0.9998356074305441,0.0,36.4938,0.0223,57.4935,20.9997,0.0,0.0,0.0,57.4935,0.022299999999999997,57.5158,58.5124
2995,0.5894,0.0024,0.5918,0.1065,0.9959445758702264,0.004055424129773572,33.0036,1.5965,525.5172,492.5136,0.0,0.0,0.0,525.5171999999999,1.5965,527.1136999999999,583.1161
2996,0.4415,0.02,0.4615,0.0831,0.9566630552546045,0.04333694474539545,24.7254,12.922,1093.7256,1069.0002,0.0,0.0,0.0,1093.7256000000002,12.922,1106.6476000000002,1143.1488
2997,0.4473,0.0001,0.4474,0.0805,0.9997764863656682,0.00022351363433169424,24.3285,0.0726,111.0741,86.7456,0.0,0.0,0.0,111.07410000000003,0.07259999999999998,111.14670000000002,121.6489
2998,0.453,0.0087,0.4617,0.0831,0.981156595191683,0.018843404808317088,25.368,5.3195,1033.3673,1007.9993,0.0,0.0,0.0,1033.3673000000003,5.3195,1038.6868000000004,1102.1891
2999,0.3561,0.0004,0.3565,0.0642,0.9988779803646565,0.0011220196353436186,19.0911,0.2721,114.7745,95.6834,0.0,0.0,0.0,114.77449999999997,0.2721,115.04659999999997,134.0424
