job_id,energy_qpu_kwh,energy_cpu_kwh,energy_total_kwh,cost_energy_total,phi_qpu,phi_cpu,qpu_time_s,cpu_time_s,qpu_phase_s,qpu_idle_s,qpu_wait_s,cpu_wait_s,wait_total_s,qpu_turn_s,cpu_turn_s,turn_total_s,job_turnaround_s
0,0.3197,0.0001,0.3199,0.0576,0.9993748046264457,0.00031259768677711783,16.983,0.089,16.9829,0.0,0.0,0.0,0.0,16.9829,0.089,17.0719,17.0751
1,0.2384,0.0135,0.2519,0.0453,0.946407304485907,0.05359269551409289,13.0914,8.7459,50.0907,36.9993,0.0,0.0,0.0,50.0907,8.745899999999999,58.8366,61.8394
2,0.1948,0.0173,0.2121,0.0382,0.9184347006129184,0.08156529938708156,10.6092,10.4053,96.6084,85.9992,0.0,0.0,0.0,96.6084,10.4053,107.0137,108.5183
3,0.2269,0.0097,0.2366,0.0426,0.9590025359256128,0.040997464074387154,12.7854,6.3957,23.7862,11.0008,0.0,0.0,0.0,23.7862,6.395700000000001,30.181900000000002,30.6775
4,0.3485,0.0,0.3486,0.0627,0.999713138267355,0.0,20.5326,0.0257,20.5321,0.0,0.0,0.0,0.0,20.532099999999996,0.025699999999999997,20.557799999999997,20.5581
5,0.4411,0.0012,0.4423,0.0796,0.9972869093375536,0.002713090662446303,24.2208,0.8132,46.2213,22.0005,0.0,0.0,0.0,46.2213,0.8132,47.0345,47.0313
6,0.3247,0.0318,0.3565,0.0642,0.9107994389901823,0.08920056100981769,17.6814,22.0067,96.6811,78.9997,0.0,0.0,0.0,96.6811,22.0067,118.6878,126.6924
7,0.5434,0.0,0.5435,0.0978,0.9998160073597057,0.0,30.0978,0.027,30.0985,0.0007,0.0,0.0,0.0,30.098499999999998,0.027,30.1255,30.1243
8,0.2131,0.0002,0.2132,0.0384,0.9995309568480301,0.0009380863039399625,12.1104,0.0957,12.1105,0.0001,0.0,0.0,0.0,12.110500000000002,0.09570000000000001,12.206200000000003,12.2022
9,0.3054,0.0002,0.3056,0.055,0.99934554973822,0.0006544502617801048,17.0586,0.1333,19.0588,2.0002,0.0,0.0,0.0,19.0588,0.1333,19.1921,19.1917
10,0.3205,0.0024,0.3229,0.0581,0.9925673583152679,0.007432641684732114,17.5986,1.4819,153.5989,136.0003,0.0,0.0,0.0,153.5989,1.4819000000000002,155.08079999999998,157.5785
11,0.5046,0.0096,0.5142,0.0926,0.9813302217036174,0.01866977829638273,27.2484,6.2134,166.2486,139.0002,0.0,0.0,0.0,166.2486,6.213400000000001,172.46200000000002,179.4612
12,0.4207,0.0014,0.4221,0.076,0.9966832504145938,0.003316749585406302,22.9086,0.8883,70.9091,48.0005,0.0,0.0,0.0,70.90910000000001,0.8883000000000001,71.79740000000001,73.8021
13,0.5105,0.0049,0.5154,0.0928,0.9904928211098176,0.009507178890182382,28.0368,3.009,131.0361,102.9993,0.0,0.0,0.0,131.0361,3.009,134.0451,141.0402
14,0.2687,0.0045,0.2732,0.0492,0.983528550512445,0.016471449487554905,15.138,3.0827,79.1381,64.0001,0.0,0.0,0.0,79.1381,3.0827,82.2208,85.216
15,0.4766,0.0023,0.4789,0.0862,0.9951973272081855,0.004802672791814575,26.3988,1.4521,151.398,124.9992,0.0,0.0,0.0,151.398,1.4521,152.8501,154.8529
16,0.4403,0.0001,0.4404,0.0793,0.9997729336966394,0.00022706630336058128,22.644,0.079,25.6437,2.9997,0.0,0.0,0.0,25.6437,0.079,25.7227,25.7204
17,0.3561,0.0016,0.3577,0.0644,0.9955269779144534,0.004473022085546547,20.0664,1.0367,62.0659,41.9995,0.0,0.0,0.0,62.0659,1.0367,63.1026,63.601
18,0.3602,0.0017,0.3619,0.0651,0.9953025697706549,0.004697430229345123,21.2166,1.0603,44.2166,23.0,0.0,0.0,0.0,44.2166,1.0602999999999998,45.2769,47.2794
19,0.4599,0.0039,0.4638,0.0835,0.9915912031047865,0.008408796895213453,25.4736,2.5599,137.4741,112.0005,0.0,0.0,0.0,137.4741,2.5599000000000003,140.034,144.5316
20,0.3548,0.0007,0.3555,0.064,0.9980309423347399,0.001969057665260197,18.6912,0.4246,28.6905,9.9993,0.0,0.0,0.0,28.690499999999993,0.42460000000000003,29.115099999999995,29.1132
21,0.3547,0.0077,0.3623,0.0652,0.979022909191278,0.021253105161468396,19.8126,4.5953,161.8132,142.0006,0.0,0.0,0.0,161.8132,4.595300000000001,166.4085,170.4111
22,0.1788,0.0001,0.1789,0.0322,0.999441028507546,0.0005589714924538849,9.819,0.0588,9.8178,0.0,0.0,0.0,0.0,9.817800000000002,0.0588,9.876600000000002,9.8792
23,0.3455,0.0,0.3455,0.0622,1.0,0.0,19.8126,0.0202,19.8128,0.0002,0.0,0.0,0.0,19.812800000000003,0.020199999999999996,19.833000000000002,19.8316
24,0.2599,0.0,0.2599,0.0468,1.0,0.0,14.1516,0.0096,17.1522,3.0006,0.0,0.0,0.0,17.1522,0.009600000000000001,17.1618,17.1608
25,0.2112,0.0001,0.2113,0.038,0.9995267392333176,0.00047326076668244207,12.1104,0.0508,24.1105,12.0001,0.0,0.0,0.0,24.1105,0.0508,24.161299999999997,24.1639
26,0.2261,0.0003,0.2264,0.0408,0.9986749116607774,0.0013250883392226147,12.1104,0.1975,15.1105,3.0001,0.0,0.0,0.0,15.110500000000002,0.19749999999999998,15.308000000000002,15.3052
27,0.2044,0.0075,0.2119,0.0381,0.9646059462010382,0.03539405379896177,11.322,4.7603,198.3218,186.9998,0.0,0.0,0.0,198.3218,4.760299999999999,203.0821,212.584
28,0.3106,0.0248,0.3354,0.0604,0.9260584376863447,0.07394156231365534,17.0586,15.9487,180.0591,163.0005,0.0,0.0,0.0,180.05909999999997,15.9487,196.00779999999997,200.5051
29,0.2359,0.0,0.2359,0.0425,1.0,0.0,14.1516,0.0199,15.1526,1.001,0.0,0.0,0.0,15.152600000000001,0.0199,15.172500000000001,15.1708
30,0.1233,0.0161,0.1394,0.0251,0.8845050215208036,0.11549497847919656,7.0722,9.7344,77.0722,70.0,0.0,0.0,0.0,77.07220000000001,9.734399999999999,86.8066,90.8105
31,0.5004,0.0046,0.505,0.0909,0.9908910891089108,0.009108910891089108,27.2484,2.9719,162.2486,135.0002,0.0,0.0,0.0,162.2486,2.9719,165.22050000000002,169.217
32,0.2879,0.0016,0.2895,0.0521,0.9944732297063904,0.0055267702936096725,16.3638,1.0543,82.3637,65.9999,0.0,0.0,0.0,82.36370000000001,1.0543,83.418,87.9146
33,0.3437,0.0002,0.3439,0.0619,0.9994184355917418,0.0005815644082582147,20.0664,0.1275,20.066,0.0,0.0,0.0,0.0,20.065999999999995,0.12749999999999997,20.193499999999997,20.1915
34,0.4878,0.0025,0.4903,0.0883,0.9949010809708342,0.005098919029165817,27.2484,1.5969,133.2486,106.0002,0.0,0.0,0.0,133.2486,1.5969000000000002,134.84550000000002,140.848
35,0.1472,0.0085,0.1557,0.028,0.945407835581246,0.054592164418754016,8.154,5.2893,123.154,115.0,0.0,0.0,0.0,123.154,5.289300000000001,128.4433,133.9483
36,0.3519,0.0,0.3519,0.0634,1.0,0.0,18.6912,0.0289,19.691,0.9998,0.0,0.0,0.0,19.691,0.028900000000000002,19.7199,19.721
37,0.1697,0.0001,0.1698,0.0306,0.9994110718492343,0.0005889281507656066,9.819,0.063,10.8183,0.9993,0.0,0.0,0.0,10.8183,0.063,10.881300000000001,10.8795
38,0.1702,0.0022,0.1724,0.031,0.9872389791183295,0.012761020881670535,9.3456,1.4845,121.3452,111.9996,0.0,0.0,0.0,121.3452,1.4845,122.8297,125.3324
39,0.2956,0.0,0.2957,0.0532,0.9996618194115656,0.0,15.5754,0.012,15.5755,0.0001,0.0,0.0,0.0,15.575499999999998,0.012,15.587499999999999,15.592
40,0.4848,0.001,0.4858,0.0874,0.9979415397282833,0.0020584602717167557,26.3988,0.6168,47.3987,20.9999,0.0,0.0,0.0,47.39869999999999,0.6167999999999999,48.01549999999999,49.0184
41,0.1732,0.0232,0.1964,0.0354,0.8818737270875764,0.11812627291242363,9.5904,14.2867,214.5897,204.9993,0.0,0.0,0.0,214.5897,14.2867,228.8764,236.8767
42,0.1542,0.0006,0.1548,0.0279,0.996124031007752,0.003875968992248062,9.0828,0.3699,37.0828,28.0,0.0,0.0,0.0,37.0828,0.3699,37.4527,37.9497
43,0.302,0.0002,0.3022,0.0544,0.9993381866313699,0.0006618133686300463,16.308,0.1393,36.3078,19.9998,0.0,0.0,0.0,36.3078,0.13929999999999998,36.4471,36.4449
44,0.2245,0.0002,0.2247,0.0404,0.9991099243435692,0.0008900756564307966,11.7324,0.1001,13.7327,2.0003,0.0,0.0,0.0,13.732700000000001,0.1001,13.8328,13.8355
45,0.1222,0.0001,0.1224,0.022,0.9983660130718955,0.0008169934640522876,7.0722,0.0848,9.0722,2.0,0.0,0.0,0.0,9.072200000000002,0.08479999999999999,9.157000000000002,9.1607
46,0.5108,0.0152,0.526,0.0947,0.9711026615969582,0.028897338403041824,28.2888,9.19,182.2889,154.0001,0.0,0.0,0.0,182.2889,9.190000000000001,191.4789,196.9751
47,0.1732,0.0112,0.1843,0.0332,0.9397721106890938,0.060770482908301685,9.5904,7.1237,189.5897,179.9993,0.0,0.0,0.0,189.58970000000002,7.1236999999999995,196.71340000000004,202.2136
48,0.2275,0.0001,0.2276,0.041,0.999560632688928,0.00043936731107205627,13.6476,0.0729,14.6467,0.9991,0.0,0.0,0.0,14.646700000000003,0.07289999999999999,14.719600000000003,14.7187
49,0.4848,0.0102,0.495,0.0891,0.9793939393939394,0.020606060606060607,26.181,6.8851,409.1816,383.0006,0.0,0.0,0.0,409.18160000000006,6.8851,416.0667000000001,426.5694
50,0.2596,0.0004,0.26,0.0468,0.9984615384615384,0.0015384615384615385,13.9032,0.2335,21.9026,7.9994,0.0,0.0,0.0,21.902600000000003,0.23349999999999999,22.136100000000003,23.6401
51,0.2575,0.0001,0.2575,0.0464,1.0,0.0003883495145631068,13.9032,0.0379,17.9027,3.9995,0.0,0.0,0.0,17.902700000000003,0.0379,17.940600000000003,17.9382
52,0.4364,0.0,0.4364,0.0785,1.0,0.0,25.4736,0.019,29.474,4.0004,0.0,0.0,0.0,29.473999999999997,0.019,29.492999999999995,29.4943
53,0.4934,0.0075,0.501,0.0902,0.9848303393213573,0.014970059880239521,27.8046,4.544,176.8046,149.0,0.0,0.0,0.0,176.8046,4.544,181.3486,197.8526
54,0.5639,0.0,0.5639,0.1015,1.0,0.0,30.7062,0.0174,32.7058,1.9996,0.0,0.0,0.0,32.705799999999996,0.017400000000000002,32.7232,32.7273
55,0.4687,0.0034,0.472,0.085,0.9930084745762713,0.007203389830508475,26.181,2.0944,96.1816,70.0006,0.0,0.0,0.0,96.1816,2.0944000000000003,98.27600000000001,100.7763
56,0.1599,0.0042,0.1641,0.0295,0.9744058500914076,0.02559414990859232,8.4906,2.5719,212.4912,204.0006,0.0,0.0,0.0,212.4912,2.5719,215.0631,231.0585
57,0.3259,0.0002,0.3261,0.0587,0.9993866911990188,0.0006133088009812941,17.5986,0.1475,17.5987,0.0001,0.0,0.0,0.0,17.598699999999997,0.1475,17.746199999999998,17.7449
58,0.2555,0.004,0.2595,0.0467,0.9845857418111753,0.015414258188824663,14.1516,2.5416,166.1522,152.0006,0.0,0.0,0.0,166.15220000000002,2.5416000000000003,168.6938,176.6926
59,0.5063,0.0257,0.532,0.0958,0.9516917293233081,0.04830827067669173,27.8046,16.0081,248.8046,221.0,0.0,0.0,0.0,248.8046,16.0081,264.8127,271.81
60,0.4807,0.0006,0.4813,0.0866,0.9987533762725951,0.0012466237274049447,24.921,0.4087,40.921,16.0,0.0,0.0,0.0,40.92100000000001,0.4087,41.32970000000001,42.3314
61,0.5249,0.0001,0.525,0.0945,0.9998095238095238,0.00019047619047619048,30.0978,0.0616,30.0984,0.0006,0.0,0.0,0.0,30.098399999999998,0.061599999999999995,30.159999999999997,30.158
62,0.3859,0.0225,0.4084,0.0735,0.9449069539666994,0.05509304603330069,21.1932,14.3055,323.1936,302.0004,0.0,0.0,0.0,323.1936,14.3055,337.4991,346.5024
63,0.5806,0.0,0.5806,0.1045,1.0,0.0,30.0978,0.0262,34.0987,4.0009,0.0,0.0,0.0,34.098699999999994,0.0262,34.1249,34.1272
64,0.3728,0.0001,0.373,0.0671,0.9994638069705094,0.00026809651474530834,21.1932,0.0825,29.1932,8.0,0.0,0.0,0.0,29.193199999999997,0.08249999999999999,29.275699999999997,29.7802
65,0.2844,0.0,0.2844,0.0512,1.0,0.0,16.308,0.0165,19.3077,2.9997,0.0,0.0,0.0,19.307699999999997,0.0165,19.324199999999998,19.3233
66,0.3138,0.0339,0.3477,0.0626,0.9025021570319242,0.09749784296807593,17.6814,20.3892,494.6803,476.9989,0.0,0.0,0.0,494.6803,20.3892,515.0695,532.069
67,0.3623,0.0028,0.3651,0.0657,0.9923308682552726,0.0076691317447274724,20.0664,1.779,117.066,96.9996,0.0,0.0,0.0,117.066,1.779,118.845,124.8464
68,0.3577,0.0001,0.3579,0.0644,0.9994411846884605,0.0002794076557697681,19.8126,0.0773,19.8127,0.0001,0.0,0.0,0.0,19.8127,0.0773,19.89,19.886
69,0.3739,0.0043,0.3782,0.0681,0.988630354309889,0.011369645690111053,20.5326,2.8063,157.5321,136.9995,0.0,0.0,0.0,157.5321,2.8062999999999994,160.3384,165.8418
70,0.1832,0.0004,0.1836,0.033,0.9978213507625272,0.0021786492374727667,10.2348,0.246,17.2352,7.0004,0.0,0.0,0.0,17.2352,0.24600000000000005,17.481199999999998,17.9781
71,0.1626,0.0055,0.1681,0.0303,0.9672813801308745,0.03271861986912552,9.0828,3.3559,282.0828,273.0,0.0,0.0,0.0,282.0828,3.3559,285.43870000000004,292.4435
72,0.5307,0.0,0.5308,0.0955,0.9998116051243404,0.0,30.7062,0.0179,30.7058,0.0,0.0,0.0,0.0,30.705799999999996,0.0179,30.723699999999997,30.7188
73,0.3119,0.0001,0.312,0.0562,0.9996794871794872,0.0003205128205128205,16.983,0.0846,16.9825,0.0,0.0,0.0,0.0,16.9825,0.08460000000000002,17.067100000000003,17.0718
74,0.4499,0.0001,0.45,0.081,0.9997777777777778,0.00022222222222222223,25.5726,0.0599,25.5724,0.0,0.0,0.0,0.0,25.572400000000002,0.0599,25.6323,25.6372
75,0.4155,0.0001,0.4155,0.0748,1.0,0.00024067388688327318,23.4108,0.0327,23.4101,0.0,0.0,0.0,0.0,23.410099999999996,0.0327,23.442799999999995,23.4398
76,0.4886,0.0124,0.5009,0.0902,0.9754442004392093,0.02475544020762627,27.2934,8.0779,145.294,118.0006,0.0,0.0,0.0,145.294,8.0779,153.3719,159.8727
77,0.2577,0.002,0.2597,0.0468,0.9922988063149788,0.007701193685021179,14.1516,1.3011,66.1521,52.0005,0.0,0.0,0.0,66.15209999999999,1.3011,67.4532,75.9563
78,0.1834,0.0035,0.1869,0.0336,0.9812734082397003,0.018726591760299626,10.6092,2.2239,69.6082,58.999,0.0,0.0,0.0,69.6082,2.2239,71.8321,75.8276
79,0.1067,0.0021,0.1088,0.0196,0.9806985294117648,0.019301470588235295,6.2298,1.3945,42.2304,36.0006,0.0,0.0,0.0,42.2304,1.3945,43.624900000000004,51.1264
80,0.5016,0.0004,0.502,0.0904,0.9992031872509961,0.0007968127490039841,30.0978,0.2437,42.0987,12.0009,0.0,0.0,0.0,42.0987,0.24370000000000003,42.3424,42.3391
81,0.1746,0.0103,0.1849,0.0333,0.9442942130881558,0.05570578691184424,9.5904,7.0495,173.5894,163.999,0.0,0.0,0.0,173.5894,7.0495,180.6389,191.141
82,0.4492,0.0005,0.4498,0.081,0.9986660738105825,0.0011116051578479325,24.462,0.318,42.4619,17.9999,0.0,0.0,0.0,42.4619,0.318,42.7799,42.7777
83,0.3576,0.0238,0.3814,0.0686,0.9375983219716831,0.06240167802831673,19.6362,15.1966,219.6365,200.0003,0.0,0.0,0.0,219.6365,15.1966,234.8331,245.3298
84,0.3392,0.0,0.3392,0.0611,1.0,0.0,18.1656,0.0264,23.1659,5.0003,0.0,0.0,0.0,23.1659,0.0264,23.1923,23.1876
85,0.5046,0.0,0.5046,0.0908,1.0,0.0,27.2484,0.0225,27.2489,0.0005,0.0,0.0,0.0,27.248900000000003,0.022500000000000003,27.271400000000003,27.2758
86,0.2995,0.0172,0.3167,0.057,0.9456899273760657,0.05431007262393433,16.308,10.96,205.3079,188.9999,0.0,0.0,0.0,205.30790000000002,10.959999999999999,216.26790000000003,229.2682
87,0.4193,0.0,0.4194,0.0755,0.9997615641392466,0.0,22.644,0.0189,22.6437,0.0,0.0,0.0,0.0,22.6437,0.0189,22.662599999999998,22.6589
88,0.2812,0.0,0.2812,0.0506,1.0,0.0,15.5754,0.0138,18.5756,3.0002,0.0,0.0,0.0,18.5756,0.0138,18.5894,18.5884
89,0.1023,0.0001,0.1024,0.0184,0.9990234375,0.0009765625,5.8662,0.0479,9.8663,4.0001,0.0,0.0,0.0,9.866300000000003,0.0479,9.914200000000003,9.9152
90,0.4962,0.0023,0.4985,0.0897,0.9953861584754262,0.004613841524573721,27.2484,1.4486,78.2488,51.0004,0.0,0.0,0.0,78.24880000000002,1.4486,79.69740000000002,86.197
91,0.3374,0.0001,0.3375,0.0608,0.9997037037037035,0.0002962962962962963,19.179,0.0586,28.1793,9.0003,0.0,0.0,0.0,28.1793,0.0586,28.2379,28.241
92,0.1141,0.0003,0.1144,0.0206,0.9973776223776223,0.002622377622377622,6.5448,0.1839,40.5455,34.0007,0.0,0.0,0.0,40.545500000000004,0.1839,40.729400000000005,40.7287
93,0.1223,0.0001,0.1224,0.022,0.9991830065359478,0.0008169934640522876,6.3936,0.0559,10.3931,3.9995,0.0,0.0,0.0,10.3931,0.0559,10.449,10.4512
94,0.3552,0.0006,0.3558,0.064,0.9983136593591906,0.0016863406408094434,19.179,0.3774,47.1791,28.0001,0.0,0.0,0.0,47.179100000000005,0.3774,47.55650000000001,48.059
95,0.4685,0.001,0.4695,0.0845,0.997870074547391,0.002129925452609159,26.3988,0.628,67.3987,40.9999,0.0,0.0,0.0,67.39869999999999,0.628,68.02669999999999,69.5271
96,0.2082,0.0176,0.2258,0.0406,0.9220549158547386,0.0779450841452613,11.7324,10.9066,251.7326,240.0002,0.0,0.0,0.0,251.73260000000005,10.9066,262.6392000000001,269.6409
97,0.4523,0.0,0.4523,0.0814,1.0,0.0,24.2208,0.024,27.2211,3.0003,0.0,0.0,0.0,27.221100000000003,0.024000000000000004,27.245100000000004,27.2425
98,0.3604,0.0005,0.3609,0.065,0.998614574674425,0.0013854253255749516,20.853,0.2899,40.8534,20.0004,0.0,0.0,0.0,40.8534,0.28990000000000005,41.1433,41.1417
99,0.4469,0.0151,0.4621,0.0832,0.9671066868643151,0.032676909759792254,24.7536,9.2032,445.7529,420.9993,0.0,0.0,0.0,445.75290000000007,9.2032,454.95610000000005,461.4572
100,0.302,0.0,0.302,0.0544,1.0,0.0,16.308,0.0203,16.3072,0.0,0.0,0.0,0.0,16.3072,0.0203,16.3275,16.3265
101,0.4727,0.0104,0.4832,0.087,0.9782698675496688,0.02152317880794702,26.181,6.4572,534.1818,508.0008,0.0,0.0,0.0,534.1818,6.4572,540.6389999999999,554.6375
102,0.1754,0.0004,0.1758,0.0316,0.9977246871444823,0.0022753128555176336,10.4274,0.2274,11.4271,0.9997,0.0,0.0,0.0,11.4271,0.2274,11.654499999999999,11.6496
103,0.2149,0.0007,0.2156,0.0388,0.9967532467532467,0.0032467532467532465,12.1104,0.4256,73.1106,61.0002,0.0,0.0,0.0,73.11059999999999,0.4256,73.5362,74.0343
104,0.2348,0.0051,0.2399,0.0432,0.9787411421425595,0.0212588578574406,12.7854,3.213,138.786,126.0006,0.0,0.0,0.0,138.786,3.2129999999999996,141.999,151.5017
105,0.2577,0.0001,0.2578,0.0464,0.9996121024049651,0.00038789759503491083,14.1516,0.0392,32.1522,18.0006,0.0,0.0,0.0,32.1522,0.0392,32.1914,32.6943
106,0.3827,0.0097,0.3924,0.0706,0.9752803261977573,0.02471967380224261,21.1932,6.1269,137.1934,116.0002,0.0,0.0,0.0,137.1934,6.1269,143.3203,154.3225
107,0.349,0.0106,0.3597,0.0647,0.9702529886016124,0.029469001946066165,18.6912,6.8544,402.6906,383.9994,0.0,0.0,0.0,402.6906,6.854400000000001,409.545,416.546
108,0.0998,0.0001,0.0999,0.018,0.998998998998999,0.001001001001001001,5.436,0.0438,11.436,6.0,0.0,0.0,0.0,11.436,0.043800000000000006,11.4798,11.4826
109,0.2436,0.0004,0.244,0.0439,0.9983606557377049,0.0016393442622950822,13.3776,0.2624,13.3771,0.0,0.0,0.0,0.0,13.377099999999999,0.2624,13.639499999999998,13.6411
110,0.1521,0.0,0.1521,0.0274,1.0,0.0,8.8002,0.0213,16.7992,7.999,0.0,0.0,0.0,16.7992,0.0213,16.8205,16.8231
111,0.5481,0.0027,0.5508,0.0991,0.9950980392156864,0.004901960784313726,30.0978,1.6989,220.0983,190.0005,0.0,0.0,0.0,220.09830000000002,1.6989,221.79720000000003,228.2948
112,0.3676,0.0179,0.3855,0.0694,0.9535667963683527,0.046433203631647206,20.5326,11.5466,149.5322,128.9996,0.0,0.0,0.0,149.5322,11.546600000000002,161.0788,172.081
113,0.45,0.0059,0.4558,0.0821,0.9872751206669592,0.012944273804300133,24.921,3.9206,449.9209,424.9999,0.0,0.0,0.0,449.9209,3.9206000000000003,453.8415,461.34
114,0.403,0.0001,0.4031,0.0726,0.9997519225998511,0.00024807740014884643,22.9086,0.0646,22.9092,0.0006,0.0,0.0,0.0,22.9092,0.0646,22.973799999999997,22.9689
115,0.1112,0.0105,0.1217,0.0219,0.9137222678718159,0.08627773212818406,6.0552,6.2552,297.0553,291.0001,0.0,0.0,0.0,297.0553,6.255199999999999,303.3105,311.3097
116,0.4849,0.0002,0.4851,0.0873,0.9995877138734282,0.0004122861265718409,27.8046,0.1299,42.8046,15.0,0.0,0.0,0.0,42.8046,0.1299,42.9345,43.933
117,0.3178,0.0177,0.3355,0.0604,0.9472429210134128,0.05275707898658718,17.5986,10.665,181.5988,164.0002,0.0,0.0,0.0,181.59879999999998,10.665,192.26379999999997,200.7661
118,0.1864,0.0015,0.1879,0.0338,0.9920170303352848,0.007982969664715274,10.2348,0.9845,120.2353,110.0005,0.0,0.0,0.0,120.2353,0.9845,121.21979999999999,129.7227
119,0.1112,0.0185,0.1297,0.0233,0.8573631457208942,0.1426368542791056,6.0552,11.3272,201.0554,195.0002,0.0,0.0,0.0,201.05539999999996,11.327200000000001,212.38259999999997,229.3787
120,0.4006,0.0016,0.4022,0.0724,0.9960218796618598,0.003978120338140229,22.3758,0.9918,135.3758,113.0,0.0,0.0,0.0,135.37579999999997,0.9918,136.36759999999998,138.8666
121,0.1927,0.0004,0.1931,0.0348,0.997928534438115,0.002071465561885034,10.2348,0.2386,10.2354,0.0006,0.0,0.0,0.0,10.235399999999998,0.2386,10.473999999999998,10.4739
122,0.5639,0.0017,0.5656,0.1018,0.996994342291372,0.0030056577086280054,30.7062,1.08,100.7058,69.9996,0.0,0.0,0.0,100.70579999999998,1.0799999999999998,101.78579999999998,104.7869
123,0.1858,0.0057,0.1915,0.0345,0.9702349869451696,0.029765013054830286,10.0332,3.6312,480.0328,469.9996,0.0,0.0,0.0,480.03279999999995,3.6312,483.66399999999993,498.6676
124,0.4202,0.0019,0.422,0.076,0.9957345971563982,0.004502369668246446,23.8824,1.2168,99.8823,75.9999,0.0,0.0,0.0,99.88230000000001,1.2167999999999999,101.09910000000002,104.1032
125,0.1266,0.001,0.1276,0.023,0.9921630094043887,0.007836990595611286,6.9516,0.6013,15.9511,8.9995,0.0,0.0,0.0,15.9511,0.6013000000000001,16.5524,19.0517
126,0.4696,0.0014,0.471,0.0848,0.997027600849257,0.0029723991507431,25.5726,0.9102,78.5724,52.9998,0.0,0.0,0.0,78.57239999999999,0.9101999999999999,79.48259999999999,81.9846
127,0.1796,0.0235,0.2031,0.0366,0.8842934515017233,0.1157065484982767,10.0332,14.7258,139.0329,128.9997,0.0,0.0,0.0,139.0329,14.7258,153.7587,161.2543
128,0.501,0.0,0.501,0.0902,1.0,0.0,26.181,0.0141,26.1818,0.0008,0.0,0.0,0.0,26.181799999999996,0.014099999999999998,26.195899999999995,26.199
129,0.5744,0.0073,0.5817,0.1047,0.9874505758982294,0.012549424101770672,31.2804,4.6558,216.2803,184.9999,0.0,0.0,0.0,216.28029999999998,4.655800000000001,220.93609999999998,221.9348
130,0.4411,0.0001,0.4412,0.0794,0.9997733454215776,0.00022665457842248416,24.2208,0.0883,29.2209,5.0001,0.0,0.0,0.0,29.220900000000004,0.08829999999999999,29.309200000000004,29.3122
131,0.1075,0.0,0.1076,0.0194,0.9990706319702602,0.0,6.3936,0.0133,6.3932,0.0,0.0,0.0,0.0,6.3932,0.013300000000000001,6.4065,6.4019
132,0.0923,0.0001,0.0924,0.0166,0.9989177489177489,0.0010822510822510823,5.436,0.0658,6.436,1.0,0.0,0.0,0.0,6.436,0.0658,6.5018,6.4971
133,0.4075,0.0139,0.4213,0.0758,0.967244244006646,0.03299311654403038,22.3758,8.3715,160.3758,138.0,0.0,0.0,0.0,160.37579999999997,8.371500000000001,168.74729999999997,173.2483
134,0.303,0.0,0.3031,0.0546,0.9996700758825471,0.0,17.3772,0.0325,19.378,2.0008,0.0,0.0,0.0,19.377999999999997,0.032499999999999994,19.410499999999995,20.9152
135,0.1867,0.0264,0.2131,0.0384,0.8761145002346316,0.12388549976536836,10.4274,16.403,697.4269,686.9995,0.0,0.0,0.0,697.4268999999999,16.403,713.8299,733.8298
136,0.2415,0.006,0.2476,0.0446,0.9753634894991923,0.024232633279483037,13.3776,3.9525,206.3771,192.9995,0.0,0.0,0.0,206.3771,3.9525,210.3296,218.33
137,0.2243,0.0001,0.2243,0.0404,1.0,0.0004458314757021846,12.1104,0.0508,21.1105,9.0001,0.0,0.0,0.0,21.1105,0.050800000000000005,21.161299999999997,21.1584
138,0.3829,0.0004,0.3834,0.069,0.9986958789775691,0.0010432968179447052,20.853,0.2726,69.8533,49.0003,0.0,0.0,0.0,69.85330000000002,0.2726,70.12590000000002,70.6232
139,0.4172,0.0017,0.4188,0.0754,0.9961795606494747,0.004059216809933142,22.9086,1.0413,136.9091,114.0005,0.0,0.0,0.0,136.9091,1.0413,137.9504,140.4526
140,0.257,0.0003,0.2573,0.0463,0.9988340458608629,0.001165954139137194,15.138,0.1902,30.1383,15.0003,0.0,0.0,0.0,30.138300000000005,0.1902,30.328500000000005,30.3312
141,0.3592,0.0001,0.3593,0.0647,0.9997216810464793,0.00027831895352073476,20.0664,0.0611,29.066,8.9996,0.0,0.0,0.0,29.065999999999995,0.0611,29.127099999999995,29.1222
142,0.3862,0.0083,0.3945,0.071,0.9789607097591888,0.02103929024081115,20.853,5.1581,436.8535,416.0005,0.0,0.0,0.0,436.8535,5.1581,442.0116,453.5081
143,0.4139,0.0002,0.4141,0.0745,0.9995170248732189,0.0004829751267809708,21.8052,0.1041,40.8058,19.0006,0.0,0.0,0.0,40.805800000000005,0.10409999999999998,40.90990000000001,40.9124
144,0.4844,0.0025,0.4868,0.0876,0.9950698438783895,0.005135579293344289,27.2934,1.6491,152.2938,125.0004,0.0,0.0,0.0,152.2938,1.6491,153.9429,158.4438
145,0.1047,0.0003,0.1049,0.0189,0.9980934223069591,0.002859866539561487,6.0552,0.1832,7.0552,1.0,0.0,0.0,0.0,7.055200000000001,0.18319999999999997,7.238400000000001,7.2363
146,0.1827,0.0007,0.1834,0.033,0.9961832061068702,0.003816793893129771,10.0332,0.4704,84.0327,73.9995,0.0,0.0,0.0,84.0327,0.4704,84.5031,85.999
147,0.2576,0.0008,0.2584,0.0465,0.9969040247678018,0.003095975232198142,14.1444,0.5531,114.1446,100.0002,0.0,0.0,0.0,114.1446,0.5530999999999999,114.6977,114.7025
148,0.315,0.0044,0.3194,0.0575,0.9862241703193487,0.013775829680651221,17.5986,2.7875,140.599,123.0004,0.0,0.0,0.0,140.599,2.7875,143.38649999999998,155.3817
149,0.515,0.0002,0.5152,0.0927,0.999611801242236,0.0003881987577639752,28.7694,0.1074,44.7688,15.9994,0.0,0.0,0.0,44.7688,0.1074,44.8762,45.3759
150,0.4617,0.0214,0.4832,0.087,0.9555049668874172,0.04428807947019867,25.5726,12.5316,835.5726,810.0,0.0,0.0,0.0,835.5726000000001,12.5316,848.1042000000001,861.6063
151,0.2995,0.0002,0.2997,0.0539,0.9993326659993326,0.000667334000667334,16.308,0.1568,51.3074,34.9994,0.0,0.0,0.0,51.3074,0.1568,51.4642,51.4628
152,0.4499,0.0,0.4499,0.081,1.0,0.0,25.5726,0.0154,45.5725,19.9999,0.0,0.0,0.0,45.57249999999999,0.015400000000000002,45.58789999999999,45.589
153,0.3463,0.0016,0.3479,0.0626,0.9954009772923255,0.00459902270767462,19.179,0.9747,224.1793,205.0003,0.0,0.0,0.0,224.1793,0.9747000000000001,225.15400000000002,225.6497
154,0.3364,0.0003,0.3367,0.0606,0.9991089991089991,0.0008910008910008909,18.1656,0.1635,27.1657,9.0001,0.0,0.0,0.0,27.1657,0.16349999999999998,27.3292,28.8274
155,0.3173,0.0003,0.3175,0.0572,0.9993700787401576,0.0009448818897637794,18.6912,0.1726,26.6906,7.9994,0.0,0.0,0.0,26.690599999999996,0.1726,26.863199999999996,26.8587
156,0.1295,0.0001,0.1296,0.0233,0.9992283950617284,0.000771604938271605,6.8238,0.0655,9.8234,2.9996,0.0,0.0,0.0,9.8234,0.0655,9.8889,9.8846
157,0.1947,0.0008,0.1955,0.0352,0.9959079283887469,0.004092071611253197,10.4274,0.5081,102.4272,91.9998,0.0,0.0,0.0,102.4272,0.5081,102.9353,103.439
158,0.3788,0.0007,0.3795,0.0683,0.9981554677206852,0.001844532279314888,19.6362,0.4755,66.6365,47.0003,0.0,0.0,0.0,66.6365,0.4755,67.112,70.1102
159,0.4423,0.0011,0.4433,0.0798,0.9977441912925784,0.0024813895781637717,24.921,0.6761,127.9209,102.9999,0.0,0.0,0.0,127.92090000000002,0.6761000000000001,128.597,131.5932
160,0.4355,0.0002,0.4357,0.0784,0.9995409685563461,0.00045903144365389036,24.7536,0.1583,40.7531,15.9995,0.0,0.0,0.0,40.753099999999996,0.1583,40.91139999999999,40.9102
161,0.404,0.0002,0.4042,0.0728,0.9995051954477981,0.0004948045522018803,22.3758,0.1124,30.3758,8.0,0.0,0.0,0.0,30.375799999999998,0.11240000000000001,30.4882,30.4908
162,0.3802,0.0228,0.403,0.0725,0.9434243176178659,0.05657568238213399,21.8052,14.5865,848.806,827.0008,0.0,0.0,0.0,848.806,14.5865,863.3925,875.8904
163,0.2118,0.0158,0.2277,0.041,0.9301712779973649,0.06938954765041722,11.7324,10.1697,303.7325,292.0001,0.0,0.0,0.0,303.73249999999996,10.169699999999999,313.90219999999994,323.9021
164,0.176,0.0002,0.1761,0.0317,0.9994321408290743,0.001135718341851221,9.3456,0.1173,20.3452,10.9996,0.0,0.0,0.0,20.345200000000002,0.11729999999999999,20.462500000000002,20.4657
165,0.5105,0.0,0.5106,0.0919,0.9998041519780648,0.0,28.0368,0.0102,28.0363,0.0,0.0,0.0,0.0,28.0363,0.0102,28.0465,28.0444
166,0.1659,0.0022,0.1681,0.0303,0.9869125520523497,0.013087447947650209,9.3456,1.4168,189.3454,179.9998,0.0,0.0,0.0,189.3454,1.4168,190.7622,200.2588
167,0.1724,0.0002,0.1726,0.0311,0.9988412514484356,0.0011587485515643105,9.0828,0.0945,16.0828,7.0,0.0,0.0,0.0,16.0828,0.0945,16.1773,16.1733
168,0.3608,0.0088,0.3696,0.0665,0.9761904761904763,0.02380952380952381,19.8126,5.4054,493.8131,474.0005,0.0,0.0,0.0,493.8131000000001,5.4054,499.21850000000006,509.2179
169,0.3404,0.0004,0.3407,0.0613,0.999119459935427,0.0011740534194305842,19.179,0.2348,36.1792,17.0002,0.0,0.0,0.0,36.1792,0.2348,36.414,37.4188
170,0.5004,0.0027,0.503,0.0905,0.9948310139165009,0.005367793240556661,27.2484,1.6734,232.2486,205.0002,0.0,0.0,0.0,232.24860000000004,1.6734000000000002,233.92200000000003,239.9248
171,0.2919,0.0083,0.3002,0.054,0.9723517654896735,0.02764823451032645,16.308,5.0968,379.3077,362.9997,0.0,0.0,0.0,379.3077,5.096800000000001,384.4045,397.9066
172,0.3638,0.0,0.3639,0.0655,0.9997251992305579,0.0,19.8126,0.0178,49.8132,30.0006,0.0,0.0,0.0,49.8132,0.0178,49.831,49.8355
173,0.4461,0.0007,0.4468,0.0804,0.9984333034914952,0.001566696508504924,24.921,0.4414,90.921,66.0,0.0,0.0,0.0,90.92099999999999,0.4414,91.3624,92.3601
174,0.2955,0.0008,0.2963,0.0533,0.9973000337495781,0.0026999662504218697,16.3638,0.4988,99.3637,82.9999,0.0,0.0,0.0,99.36370000000001,0.4988000000000001,99.86250000000001,103.3607
175,0.3003,0.0001,0.3004,0.0541,0.9996671105193077,0.00033288948069241014,17.3772,0.0672,24.3775,7.0003,0.0,0.0,0.0,24.377499999999994,0.06720000000000001,24.444699999999994,24.443
176,0.094,0.0001,0.094,0.0169,1.0,0.0010638297872340426,5.436,0.034,12.4359,6.9999,0.0,0.0,0.0,12.435899999999997,0.034,12.469899999999997,12.4738
177,0.2812,0.012,0.2932,0.0528,0.9590723055934516,0.04092769440654843,15.5754,7.6528,650.5756,635.0002,0.0,0.0,0.0,650.5756,7.652800000000001,658.2284,675.7301
178,0.4962,0.0,0.4962,0.0893,1.0,0.0,27.2484,0.0229,34.2487,7.0003,0.0,0.0,0.0,34.24870000000001,0.0229,34.27160000000001,34.2699
179,0.2404,0.0125,0.2529,0.0455,0.9505733491498616,0.04942665085013839,13.0914,7.7894,792.0906,778.9992,0.0,0.0,0.0,792.0906,7.7894000000000005,799.88,819.8827
180,0.4794,0.0006,0.48,0.0864,0.99875,0.00125,27.2484,0.3564,90.2485,63.0001,0.0,0.0,0.0,90.2485,0.3564,90.6049,92.602
181,0.4639,0.0186,0.4825,0.0868,0.9614507772020725,0.03854922279792746,25.4736,11.3705,598.4741,573.0005,0.0,0.0,0.0,598.4741,11.3705,609.8446,631.8494
182,0.3001,0.0004,0.3005,0.0541,0.9986688851913477,0.0013311148086522463,17.0586,0.2511,20.0588,3.0002,0.0,0.0,0.0,20.0588,0.2511,20.309900000000003,20.305
183,0.5648,0.0001,0.5648,0.1017,1.0,0.00017705382436260624,31.2804,0.0372,35.28,3.9996,0.0,0.0,0.0,35.28,0.0372,35.3172,35.3168
184,0.2861,0.0007,0.2868,0.0516,0.9975592747559275,0.0024407252440725243,15.9822,0.4388,54.9826,39.0004,0.0,0.0,0.0,54.9826,0.4388,55.4214,57.9198
185,0.1626,0.001,0.1636,0.0294,0.9938875305623471,0.006112469437652812,9.0828,0.648,119.0828,110.0,0.0,0.0,0.0,119.08279999999998,0.648,119.73079999999997,121.2282
186,0.5239,0.0008,0.5247,0.0944,0.9984753192300362,0.0015246807699637887,28.7694,0.5001,106.7687,77.9993,0.0,0.0,0.0,106.7687,0.5001,107.2688,109.2643
187,0.3404,0.0014,0.3418,0.0615,0.9959040374488004,0.004095962551199532,19.179,0.8804,74.1798,55.0008,0.0,0.0,0.0,74.1798,0.8804000000000001,75.0602,79.0597
188,0.1916,0.0018,0.1933,0.0348,0.991205380237972,0.009311950336264873,10.6092,1.1693,465.6082,454.999,0.0,0.0,0.0,465.60819999999995,1.1693,466.7775,472.2799
189,0.2836,0.0001,0.2837,0.0511,0.9996475149806133,0.00035248501938667606,15.5754,0.0317,21.5754,6.0,0.0,0.0,0.0,21.575400000000002,0.0317,21.607100000000003,22.1113
190,0.1548,0.0005,0.1554,0.028,0.996138996138996,0.0032175032175032173,8.8002,0.3551,28.7995,19.9993,0.0,0.0,0.0,28.799500000000002,0.3551,29.154600000000002,29.1528
191,0.363,0.0006,0.3636,0.0654,0.9983498349834984,0.0016501650165016502,21.1932,0.3722,51.1933,30.0001,0.0,0.0,0.0,51.1933,0.37220000000000003,51.5655,52.5605
192,0.5452,0.0003,0.5455,0.0982,0.9994500458295142,0.0005499541704857929,28.0368,0.2076,86.036,57.9992,0.0,0.0,0.0,86.036,0.2076,86.2436,86.2421
193,0.4546,0.0138,0.4684,0.0843,0.970538001707942,0.029461998292058072,24.7536,8.5638,391.7526,366.999,0.0,0.0,0.0,391.7526,8.5638,400.3164,416.8162
194,0.1589,0.0078,0.1667,0.03,0.9532093581283745,0.046790641871625675,8.8002,4.8638,997.7995,988.9993,0.0,0.0,0.0,997.7995000000001,4.8638,1002.6633,1025.163
195,0.1546,0.0085,0.1631,0.0294,0.9478847332924586,0.052115266707541394,8.4906,5.1111,440.491,432.0004,0.0,0.0,0.0,440.491,5.1111,445.6021,452.1041
196,0.2062,0.0009,0.2071,0.0373,0.9956542732979237,0.0043457267020762915,11.322,0.5748,74.322,63.0,0.0,0.0,0.0,74.322,0.5748,74.8968,79.3964
197,0.2344,0.013,0.2473,0.0445,0.9478366356651841,0.052567731500202185,13.0914,8.2343,291.0909,277.9995,0.0,0.0,0.0,291.09090000000003,8.234300000000001,299.32520000000005,314.324
198,0.2788,0.0184,0.2972,0.0535,0.9380888290713324,0.06191117092866756,15.5754,11.4312,244.5755,229.0001,0.0,0.0,0.0,244.57549999999998,11.431199999999999,256.00669999999997,279.0046
199,0.3106,0.0243,0.3349,0.0603,0.9274410271722903,0.07255897282770976,17.0586,15.6599,263.059,246.0004,0.0,0.0,0.0,263.059,15.659900000000002,278.7189,293.2206
200,0.271,0.0,0.271,0.0488,1.0,0.0,15.138,0.0111,28.1381,13.0001,0.0,0.0,0.0,28.1381,0.0111,28.1492,28.1483
201,0.262,0.0001,0.2621,0.0472,0.9996184662342618,0.00038153376573826786,15.5754,0.0916,21.5757,6.0003,0.0,0.0,0.0,21.575700000000005,0.0916,21.667300000000004,21.6722
202,0.4622,0.0001,0.4623,0.0832,0.99978369024443,0.00021630975556997622,24.7536,0.0374,39.7529,14.9993,0.0,0.0,0.0,39.752900000000004,0.0374,39.7903,39.7905
203,0.5239,0.0007,0.5246,0.0944,0.9986656500190623,0.0013343499809378575,28.7694,0.4247,82.7692,53.9998,0.0,0.0,0.0,82.76919999999998,0.4247,83.19389999999999,86.697
204,0.2836,0.0028,0.2865,0.0516,0.9898778359511345,0.009773123909249564,15.9822,1.7975,400.9825,385.0003,0.0,0.0,0.0,400.9825000000001,1.7974999999999999,402.7800000000001,412.2831
205,0.1659,0.0012,0.1671,0.0301,0.992818671454219,0.007181328545780969,9.3456,0.745,346.3453,336.9997,0.0,0.0,0.0,346.34530000000007,0.7449999999999999,347.09030000000007,350.5865
206,0.4054,0.014,0.4194,0.0755,0.9666189794945159,0.03338102050548403,22.644,8.9606,436.6436,413.9996,0.0,0.0,0.0,436.6436,8.9606,445.6042,467.1079
207,0.1019,0.0003,0.1022,0.0184,0.9970645792563602,0.0029354207436399216,6.0552,0.1897,6.0555,0.0003,0.0,0.0,0.0,6.0555,0.18969999999999998,6.2452000000000005,6.2423
208,0.4191,0.0034,0.4224,0.076,0.9921874999999999,0.008049242424242424,23.4108,2.1244,128.4103,104.9995,0.0,0.0,0.0,128.4103,2.1244,130.53470000000002,137.5331
209,0.3859,0.0013,0.3872,0.0697,0.9966425619834711,0.0033574380165289257,21.744,0.8697,90.7434,68.9994,0.0,0.0,0.0,90.7434,0.8697,91.61309999999999,97.6102
210,0.3435,0.0,0.3436,0.0618,0.9997089639115251,0.0,19.026,0.0199,21.0256,1.9996,0.0,0.0,0.0,21.025599999999997,0.0199,21.045499999999997,21.049
211,0.1086,0.0001,0.1088,0.0196,0.9981617647058825,0.0009191176470588236,5.8662,0.0766,20.8662,15.0,0.0,0.0,0.0,20.8662,0.07659999999999999,20.9428,21.4413
212,0.3827,0.0185,0.4012,0.0722,0.9538883349950149,0.04611166500498504,21.1932,11.3545,697.1933,676.0001,0.0,0.0,0.0,697.1933,11.354500000000002,708.5478,733.5503
213,0.3122,0.0265,0.3388,0.061,0.921487603305785,0.07821723730814639,16.722,16.1777,462.7212,445.9992,0.0,0.0,0.0,462.7212,16.1777,478.8989,489.3946
214,0.2047,0.0001,0.2048,0.0369,0.9995117187499999,0.00048828125,10.6092,0.0698,15.6083,4.9991,0.0,0.0,0.0,15.6083,0.0698,15.6781,15.6736
215,0.1915,0.0001,0.1916,0.0345,0.9994780793319415,0.0005219206680584552,10.4274,0.0794,15.4267,4.9993,0.0,0.0,0.0,15.4267,0.07939999999999998,15.5061,15.5091
216,0.1032,0.0005,0.1037,0.0187,0.9951783992285439,0.0048216007714561235,5.8662,0.3206,21.8662,16.0,0.0,0.0,0.0,21.866200000000006,0.32060000000000005,22.186800000000005,23.6844
217,0.2812,0.0004,0.2815,0.0507,0.9989342806394317,0.0014209591474245117,15.9822,0.2379,39.9828,24.0006,0.0,0.0,0.0,39.982800000000005,0.2379,40.22070000000001,42.7163
218,0.3829,0.0076,0.3905,0.0703,0.9805377720870678,0.019462227912932138,20.853,4.8448,545.8534,525.0004,0.0,0.0,0.0,545.8534,4.8448,550.6981999999999,557.7022
219,0.3111,0.0001,0.3112,0.056,0.9996786632390746,0.0003213367609254499,17.6814,0.0695,24.6809,6.9995,0.0,0.0,0.0,24.680899999999998,0.0695,24.7504,24.7455
220,0.3716,0.0111,0.3827,0.0689,0.9709955578782336,0.029004442121766397,20.0664,6.9883,338.0658,317.9994,0.0,0.0,0.0,338.0658,6.988300000000001,345.0541,359.5564
221,0.3433,0.0212,0.3645,0.0656,0.9418381344307271,0.058161865569272976,19.179,13.4444,589.1792,570.0002,0.0,0.0,0.0,589.1792,13.4444,602.6236,626.6281
222,0.1832,0.0132,0.1964,0.0354,0.9327902240325866,0.06720977596741344,10.2348,8.465,281.235,271.0002,0.0,0.0,0.0,281.235,8.465000000000002,289.7,292.7002
223,0.2271,0.0004,0.2275,0.041,0.9982417582417582,0.0017582417582417582,13.3776,0.2864,34.3773,20.9997,0.0,0.0,0.0,34.377300000000005,0.2864,34.663700000000006,34.6655
224,0.2288,0.0241,0.2529,0.0455,0.9047054171609331,0.09529458283906682,12.4596,14.9901,705.4605,693.0009,0.0,0.0,0.0,705.4605,14.9901,720.4506,741.4554
225,0.1948,0.0082,0.203,0.0365,0.9596059113300492,0.04039408866995074,10.6092,4.9846,141.6084,130.9992,0.0,0.0,0.0,141.60840000000002,4.9846,146.59300000000002,152.0947
226,0.2149,0.0,0.215,0.0387,0.9995348837209302,0.0,12.1104,0.0251,19.1106,7.0002,0.0,0.0,0.0,19.110599999999998,0.025099999999999997,19.135699999999996,19.1367
227,0.1765,0.0002,0.1767,0.0318,0.9988681380871534,0.0011318619128466328,10.0332,0.1313,17.0328,6.9996,0.0,0.0,0.0,17.0328,0.1313,17.1641,17.6673
228,0.4848,0.0168,0.5016,0.0903,0.9665071770334928,0.03349282296650717,26.3988,11.0603,471.3984,444.9996,0.0,0.0,0.0,471.39840000000004,11.060300000000002,482.4587,516.9622
229,0.4023,0.0002,0.4025,0.0724,0.9995031055900621,0.0004968944099378882,20.853,0.1358,31.8535,11.0005,0.0,0.0,0.0,31.8535,0.1358,31.9893,31.9856
230,0.2323,0.0004,0.2327,0.0419,0.9982810485603782,0.001718951439621831,13.0914,0.2358,27.0907,13.9993,0.0,0.0,0.0,27.0907,0.2358,27.3265,27.8281
231,0.1559,0.0,0.1559,0.0281,1.0,0.0,8.4906,0.0098,8.4909,0.0003,0.0,0.0,0.0,8.4909,0.009800000000000001,8.5007,8.5054
232,0.302,0.0142,0.3162,0.0569,0.9550917141049968,0.04490828589500317,16.308,9.416,606.3076,589.9996,0.0,0.0,0.0,606.3075999999999,9.416,615.7235999999999,626.2207
233,0.304,0.0004,0.3044,0.0548,0.9986859395532194,0.001314060446780552,16.983,0.252,33.9829,16.9999,0.0,0.0,0.0,33.9829,0.25200000000000006,34.2349,36.7335
234,0.4275,0.0035,0.431,0.0776,0.9918793503480279,0.008120649651972157,23.8824,2.1948,422.8822,398.9998,0.0,0.0,0.0,422.8822,2.1948,425.077,430.0778
235,0.1963,0.0077,0.204,0.0367,0.9622549019607843,0.03774509803921569,10.872,4.9908,359.8719,348.9999,0.0,0.0,0.0,359.8719,4.9908,364.86269999999996,380.3632
236,0.471,0.0001,0.471,0.0848,1.0,0.0002123142250530786,24.2208,0.0487,31.2211,7.0003,0.0,0.0,0.0,31.2211,0.0487,31.2698,31.2693
237,0.4298,0.0,0.4298,0.0774,1.0,0.0,22.644,0.0183,22.6437,0.0,0.0,0.0,0.0,22.6437,0.018299999999999997,22.662,22.6653
238,0.5845,0.0017,0.5862,0.1055,0.9970999658819515,0.002900034118048447,31.8258,1.1192,136.8249,104.9991,0.0,0.0,0.0,136.8249,1.1191999999999998,137.94410000000002,139.4488
239,0.1041,0.0001,0.1042,0.0188,0.9990403071017274,0.0009596928982725529,5.8662,0.0829,5.8665,0.0003,0.0,0.0,0.0,5.8665,0.0829,5.949400000000001,6.9472
240,0.2733,0.0001,0.2734,0.0492,0.9996342355523044,0.00036576444769568405,15.138,0.0483,15.1381,0.0001,0.0,0.0,0.0,15.138099999999998,0.048299999999999996,15.186399999999997,16.1832
241,0.1612,0.0006,0.1618,0.0291,0.996291718170581,0.0037082818294190355,9.0828,0.4016,97.0828,88.0,0.0,0.0,0.0,97.08279999999999,0.4016,97.4844,99.986
242,0.1086,0.0061,0.1147,0.0206,0.946817785527463,0.05318221447253706,6.2298,3.8227,375.2302,369.0004,0.0,0.0,0.0,375.23019999999997,3.8227,379.05289999999997,383.5566
243,0.3728,0.0,0.3729,0.0671,0.9997318315902387,0.0,21.1932,0.0113,27.1934,6.0002,0.0,0.0,0.0,27.193399999999997,0.0113,27.204699999999995,27.2039
244,0.1833,0.0008,0.1842,0.0331,0.9951140065146579,0.004343105320304018,9.819,0.5052,33.8186,23.9996,0.0,0.0,0.0,33.818599999999996,0.5052,34.3238,35.8252
245,0.251,0.0033,0.2543,0.0458,0.987023200943767,0.012976799056232795,14.1444,2.0259,405.1447,391.0003,0.0,0.0,0.0,405.14469999999994,2.0259,407.1705999999999,412.6707
246,0.223,0.0014,0.2244,0.0404,0.9937611408199645,0.006238859180035651,12.4596,0.8558,178.4607,166.0011,0.0,0.0,0.0,178.46069999999997,0.8558000000000001,179.31649999999996,181.3206
247,0.5461,0.022,0.5681,0.1023,0.9612744235169864,0.03872557648301355,28.7694,14.6747,509.7689,480.9995,0.0,0.0,0.0,509.7689,14.6747,524.4436,537.4477
248,0.251,0.0004,0.2514,0.0453,0.9984089101034208,0.0015910898965791568,13.9032,0.2497,27.902,13.9988,0.0,0.0,0.0,27.902000000000005,0.2497,28.151700000000005,28.1511
249,0.2205,0.0047,0.2253,0.0405,0.9786950732356857,0.020861074123391034,12.1104,3.0534,452.1104,440.0,0.0,0.0,0.0,452.11039999999997,3.0534000000000003,455.1638,465.1679
250,0.2283,0.0016,0.2299,0.0414,0.9930404523705959,0.00695954762940409,13.0914,1.017,194.0911,180.9997,0.0,0.0,0.0,194.09109999999998,1.017,195.10809999999998,198.6112
251,0.1947,0.0151,0.2098,0.0378,0.9280266920877027,0.07197330791229743,10.4274,9.5473,1459.4269,1448.9995,0.0,0.0,0.0,1459.4269,9.5473,1468.9741999999999,1485.473
252,0.1204,0.0003,0.1207,0.0217,0.9975144987572493,0.002485501242750621,6.3936,0.1991,21.3931,14.9995,0.0,0.0,0.0,21.3931,0.19910000000000003,21.592200000000002,22.5957
253,0.3224,0.0011,0.3235,0.0582,0.9965996908809892,0.0034003091190108192,18.1656,0.7448,304.1656,286.0,0.0,0.0,0.0,304.16560000000004,0.7448,304.91040000000004,308.4058
254,0.4126,0.0005,0.413,0.0743,0.9990314769975788,0.0012106537530266344,24.7536,0.3112,25.7531,0.9995,0.0,0.0,0.0,25.7531,0.3111999999999999,26.0643,26.5687
255,0.5746,0.0009,0.5756,0.1036,0.998262682418346,0.0015635858234885336,31.8258,0.6308,77.8253,45.9995,0.0,0.0,0.0,77.8253,0.6307999999999999,78.45609999999999,80.4588
256,0.131,0.0037,0.1347,0.0242,0.9725315515961397,0.027468448403860434,7.0722,2.3911,842.0723,835.0001,0.0,0.0,0.0,842.0723,2.3911,844.4634000000001,855.4595
257,0.2648,0.0051,0.2699,0.0486,0.9811041126343091,0.018895887365691,14.6664,3.0866,710.6659,695.9995,0.0,0.0,0.0,710.6659,3.0866,713.7524999999999,728.7549
258,0.4123,0.0072,0.4195,0.0755,0.9828367103694875,0.017163289630512515,22.644,4.6881,618.6436,595.9996,0.0,0.0,0.0,618.6436,4.6881,623.3317,641.8334
259,0.3375,0.0008,0.3383,0.0609,0.9976352349985221,0.0023647650014779783,20.0664,0.4905,30.0658,9.9994,0.0,0.0,0.0,30.065799999999992,0.4905,30.556299999999993,31.0555
260,0.1187,0.0015,0.1202,0.0216,0.9875207986688852,0.012479201331114808,6.6888,0.9889,74.6887,67.9999,0.0,0.0,0.0,74.68870000000001,0.9889,75.67760000000001,78.6821
261,0.513,0.0002,0.5132,0.0924,0.9996102883865939,0.0003897116134060795,27.2484,0.1104,40.2487,13.0003,0.0,0.0,0.0,40.2487,0.11039999999999998,40.3591,40.3634
262,0.2713,0.0,0.2713,0.0488,1.0,0.0,15.9822,0.0122,20.9831,5.0009,0.0,0.0,0.0,20.983100000000004,0.012199999999999999,20.995300000000004,20.9913
263,0.3892,0.015,0.4042,0.0728,0.962889658584859,0.03711034141514102,21.744,9.8039,949.7434,927.9994,0.0,0.0,0.0,949.7434,9.803899999999999,959.5473,990.549
264,0.5108,0.0009,0.5117,0.0921,0.9982411569278874,0.0017588430721125657,28.2888,0.6182,162.2889,134.0001,0.0,0.0,0.0,162.28889999999998,0.6182,162.90709999999999,164.4029
265,0.4006,0.0055,0.4061,0.0731,0.9864565377985718,0.013543462201428219,22.3758,3.3214,464.3758,442.0,0.0,0.0,0.0,464.3758,3.3214,467.6972,479.6996
266,0.4849,0.0009,0.4858,0.0874,0.9981473857554549,0.0018526142445450802,27.8046,0.5439,171.8046,144.0,0.0,0.0,0.0,171.8046,0.5439,172.3485,175.3456
267,0.2664,0.0,0.2665,0.048,0.999624765478424,0.0,14.1516,0.0099,14.1522,0.0006,0.0,0.0,0.0,14.1522,0.0099,14.1621,15.6589
268,0.1943,0.0001,0.1943,0.035,1.0,0.000514668039114771,10.2348,0.0318,15.2351,5.0003,0.0,0.0,0.0,15.2351,0.0318,15.2669,16.2703
269,0.2576,0.0295,0.287,0.0517,0.8975609756097561,0.10278745644599303,14.1444,18.4589,672.1444,658.0,0.0,0.0,0.0,672.1443999999999,18.4589,690.6032999999999,708.603
270,0.1796,0.0004,0.1801,0.0324,0.997223764575236,0.002220988339811216,10.0332,0.2738,55.0328,44.9996,0.0,0.0,0.0,55.032799999999995,0.27380000000000004,55.306599999999996,55.8069
271,0.2616,0.0,0.2617,0.0471,0.9996178830722201,0.0,15.138,0.0187,15.138,0.0,0.0,0.0,0.0,15.137999999999998,0.0187,15.156699999999999,15.6613
272,0.3375,0.0,0.3375,0.0607,1.0,0.0,18.6912,0.0129,31.691,12.9998,0.0,0.0,0.0,31.691,0.012900000000000002,31.703899999999997,32.2086
273,0.1899,0.0005,0.1904,0.0343,0.9973739495798319,0.002626050420168067,10.6092,0.321,50.6081,39.9989,0.0,0.0,0.0,50.60809999999999,0.32100000000000006,50.92909999999999,51.4319
274,0.2803,0.0056,0.286,0.0515,0.9800699300699302,0.019580419580419582,15.138,3.7043,738.1382,723.0002,0.0,0.0,0.0,738.1382,3.7043,741.8425,757.8435
275,0.1115,0.0107,0.1222,0.022,0.9124386252045826,0.08756137479541734,6.2298,6.6047,870.2303,864.0005,0.0,0.0,0.0,870.2302999999999,6.6047,876.8349999999999,889.3304
276,0.3259,0.0049,0.3308,0.0595,0.9851874244256349,0.014812575574365175,17.5986,2.9938,482.5989,465.0003,0.0,0.0,0.0,482.5989,2.9938,485.59270000000004,494.0937
277,0.2433,0.0003,0.2435,0.0438,0.9991786447638603,0.0012320328542094455,13.59,0.1679,36.5898,22.9998,0.0,0.0,0.0,36.589800000000004,0.1679,36.75770000000001,37.7603
278,0.1059,0.0048,0.1107,0.0199,0.9566395663956638,0.043360433604336036,5.8662,3.066,457.8662,452.0,0.0,0.0,0.0,457.86620000000005,3.066,460.9322,467.4278
279,0.1818,0.0127,0.1946,0.035,0.934224049331963,0.06526207605344296,9.819,8.4959,676.8182,666.9992,0.0,0.0,0.0,676.8181999999999,8.4959,685.3140999999999,699.8165
280,0.2187,0.0048,0.2235,0.0402,0.978523489932886,0.021476510067114093,12.1104,2.8707,255.1105,243.0001,0.0,0.0,0.0,255.1105,2.8707000000000003,257.9812,266.4789
281,0.0978,0.0005,0.0984,0.0177,0.9939024390243902,0.00508130081300813,5.661,0.3242,18.661,13.0,0.0,0.0,0.0,18.661,0.32420000000000004,18.985200000000003,19.4815
282,0.3636,0.0001,0.3637,0.0655,0.9997250481165795,0.00027495188342040145,19.6362,0.0332,20.6363,1.0001,0.0,0.0,0.0,20.636300000000002,0.03319999999999999,20.669500000000003,21.6708
283,0.4379,0.0068,0.4447,0.08,0.9847087924443446,0.015291207555655498,24.462,4.3984,1119.4615,1094.9995,0.0,0.0,0.0,1119.4615,4.3984000000000005,1123.8599,1140.3605
284,0.466,0.0001,0.4662,0.0839,0.9995709995709996,0.0002145002145002145,24.7536,0.0723,30.7529,5.9993,0.0,0.0,0.0,30.752899999999997,0.0723,30.825199999999995,30.8222
285,0.1654,0.0078,0.1732,0.0312,0.9549653579676675,0.04503464203233256,9.0828,5.1228,1024.0829,1015.0001,0.0,0.0,0.0,1024.0829,5.122800000000001,1029.2057000000002,1046.2094
286,0.3009,0.0,0.3009,0.0542,1.0,0.0,15.9822,0.0131,19.9827,4.0005,0.0,0.0,0.0,19.9827,0.0131,19.995800000000003,19.9994
287,0.4207,0.0265,0.4472,0.0805,0.940742397137746,0.059257602862254025,22.9086,17.022,811.9088,789.0002,0.0,0.0,0.0,811.9087999999999,17.022,828.9308,844.4297
288,0.1115,0.0014,0.1129,0.0203,0.987599645704163,0.012400354295837024,6.3936,0.8629,202.3931,195.9995,0.0,0.0,0.0,202.3931,0.8629,203.256,209.2521
289,0.2415,0.0257,0.2672,0.0481,0.9038173652694611,0.09618263473053892,13.3776,16.7263,491.3767,477.9991,0.0,0.0,0.0,491.3767,16.726300000000002,508.103,524.1068
290,0.4298,0.0176,0.4474,0.0805,0.9606616003576218,0.03933839964237819,24.2208,11.1734,754.2212,730.0004,0.0,0.0,0.0,754.2212,11.173399999999999,765.3946,793.8971
291,0.132,0.0,0.132,0.0238,1.0,0.0,6.9516,0.0314,13.9511,6.9995,0.0,0.0,0.0,13.9511,0.0314,13.9825,13.9783
292,0.291,0.0004,0.2914,0.0524,0.9986273164035689,0.0013726835964310228,15.9822,0.2169,38.9825,23.0003,0.0,0.0,0.0,38.9825,0.21689999999999998,39.199400000000004,39.7016
293,0.3133,0.0016,0.3148,0.0567,0.9952350698856417,0.005082592121982211,17.0586,1.0566,302.0586,285.0,0.0,0.0,0.0,302.05859999999996,1.0566,303.11519999999996,308.1131
294,0.3929,0.0008,0.3937,0.0709,0.997967995935992,0.0020320040640081282,21.2166,0.4927,135.2167,114.0001,0.0,0.0,0.0,135.2167,0.4927,135.70940000000002,136.7087
295,0.291,0.0102,0.3012,0.0542,0.9661354581673305,0.03386454183266932,15.9822,6.5189,856.9827,841.0005,0.0,0.0,0.0,856.9827,6.5188999999999995,863.5016,891.5033
296,0.1187,0.025,0.1437,0.0259,0.826026443980515,0.17397355601948505,6.6888,15.6831,347.6884,340.9996,0.0,0.0,0.0,347.6884,15.6831,363.3715,382.8732
297,0.5192,0.0001,0.5193,0.0935,0.9998074330829964,0.0001925669170036588,27.8046,0.0706,40.8046,13.0,0.0,0.0,0.0,40.80459999999999,0.0706,40.87519999999999,40.8762
298,0.2281,0.0,0.2282,0.0411,0.9995617879053462,0.0,11.7324,0.0268,18.7325,7.0001,0.0,0.0,0.0,18.7325,0.026799999999999997,18.759300000000003,18.7566
299,0.353,0.0121,0.3651,0.0657,0.9668583949602848,0.033141605039715145,20.0664,8.0329,729.0658,708.9994,0.0,0.0,0.0,729.0658,8.0329,737.0987,754.5942
300,0.3794,0.0114,0.3908,0.0703,0.9708290685772775,0.02917093142272262,21.1932,7.0307,437.1936,416.0004,0.0,0.0,0.0,437.1936,7.0306999999999995,444.2243,454.2194
301,0.4336,0.0047,0.4383,0.0789,0.9892767510837325,0.010723248916267396,24.2208,2.9587,187.2211,163.0003,0.0,0.0,0.0,187.22109999999998,2.9587000000000003,190.17979999999997,199.6751
302,0.4263,0.0164,0.4427,0.0797,0.9629545967924102,0.0370454032075898,23.4108,9.8244,581.41,557.9992,0.0,0.0,0.0,581.4100000000001,9.824399999999999,591.2344,607.2338
303,0.1192,0.0001,0.1193,0.0215,0.9991617770326907,0.0008382229673093043,6.2298,0.0524,11.2301,5.0003,0.0,0.0,0.0,11.2301,0.0524,11.2825,11.784
304,0.3733,0.0282,0.4015,0.0723,0.9297633872976339,0.07023661270236613,20.853,18.3923,1340.8534,1320.0004,0.0,0.0,0.0,1340.8534,18.3923,1359.2457,1392.7481
305,0.2112,0.0187,0.2299,0.0414,0.9186602870813397,0.0813397129186603,12.1104,11.5009,1022.1104,1010.0,0.0,0.0,0.0,1022.1104,11.5009,1033.6113,1061.1137
306,0.2693,0.0,0.2694,0.0485,0.9996288047512992,0.0,14.6664,0.0105,18.6655,3.9991,0.0,0.0,0.0,18.665499999999998,0.0105,18.676,18.6722
307,0.1154,0.0012,0.1166,0.021,0.9897084048027445,0.010291595197255574,6.3936,0.7823,197.3932,190.9996,0.0,0.0,0.0,197.39319999999998,0.7823000000000001,198.17549999999997,201.1755
308,0.5943,0.0005,0.5948,0.1071,0.9991593813046403,0.0008406186953597848,31.8258,0.3163,43.8251,11.9993,0.0,0.0,0.0,43.82509999999999,0.31629999999999997,44.14139999999999,45.1396
309,0.3633,0.0004,0.3637,0.0655,0.9989001924663183,0.0010998075336816058,20.4714,0.2377,22.4704,1.999,0.0,0.0,0.0,22.470399999999998,0.23770000000000002,22.708099999999998,23.2069
310,0.1812,0.0006,0.1818,0.0327,0.9966996699669968,0.0033003300330033004,10.872,0.3621,10.8717,0.0,0.0,0.0,0.0,10.871699999999997,0.36210000000000003,11.233799999999997,11.7292
311,0.1103,0.0003,0.1106,0.0199,0.9972875226039782,0.0027124773960216994,6.0552,0.2129,75.0552,69.0,0.0,0.0,0.0,75.05519999999999,0.2129,75.26809999999999,75.7659
312,0.3728,0.0264,0.3992,0.0719,0.9338677354709419,0.06613226452905811,20.4714,16.5193,976.4705,955.9991,0.0,0.0,0.0,976.4705000000001,16.5193,992.9898000000002,1006.4938
313,0.2935,0.0215,0.315,0.0567,0.9317460317460317,0.06825396825396825,15.9822,13.0657,1073.9829,1058.0007,0.0,0.0,0.0,1073.9829,13.0657,1087.0486,1128.0464
314,0.2064,0.0001,0.2065,0.0372,0.9995157384987894,0.0004842615012106538,11.7324,0.0447,12.7324,1.0,0.0,0.0,0.0,12.732399999999998,0.044700000000000004,12.777099999999999,12.7733
315,0.4228,0.0,0.4228,0.0761,1.0,0.0,22.644,0.0091,22.6436,0.0,0.0,0.0,0.0,22.6436,0.0091,22.6527,22.649
316,0.1266,0.0272,0.1538,0.0277,0.823146944083225,0.17685305591677503,7.0722,17.8344,714.0722,707.0,0.0,0.0,0.0,714.0722000000001,17.834400000000002,731.9066,765.9086
317,0.5063,0.0301,0.5364,0.0966,0.9438851603281133,0.05611483967188665,27.8046,18.2306,1073.8046,1046.0,0.0,0.0,0.0,1073.8046,18.2306,1092.0352,1109.5371
318,0.5592,0.0002,0.5593,0.1007,0.9998212050777758,0.00035758984444841767,30.7062,0.1171,41.706,10.9998,0.0,0.0,0.0,41.705999999999996,0.11710000000000001,41.8231,41.8186
319,0.4707,0.0068,0.4775,0.0859,0.985759162303665,0.014240837696335079,26.7552,4.41,830.7542,803.999,0.0,0.0,0.0,830.7542000000001,4.41,835.1642,855.6634
320,0.3903,0.0197,0.41,0.0738,0.9519512195121951,0.04804878048780488,21.8052,12.4632,876.8056,855.0004,0.0,0.0,0.0,876.8056000000001,12.463199999999999,889.2688000000002,907.2706
321,0.3463,0.0012,0.3475,0.0626,0.9965467625899281,0.003453237410071942,19.179,0.8,438.1793,419.0003,0.0,0.0,0.0,438.17929999999996,0.8,438.97929999999997,448.4752
322,0.2668,0.0006,0.2674,0.0481,0.9977561705310395,0.0022438294689603585,15.5754,0.3827,51.5757,36.0003,0.0,0.0,0.0,51.5757,0.38270000000000004,51.9584,52.4621
323,0.3285,0.0002,0.3287,0.0592,0.9993915424399149,0.0006084575600851841,19.179,0.1166,50.1796,31.0006,0.0,0.0,0.0,50.1796,0.11660000000000001,50.2962,51.798
324,0.4878,0.005,0.4928,0.0887,0.9898538961038961,0.010146103896103896,27.2484,3.3336,352.2488,325.0004,0.0,0.0,0.0,352.24879999999996,3.3336,355.58239999999995,370.0791
325,0.3759,0.0062,0.3821,0.0688,0.9837738811829364,0.016226118817063595,20.4714,4.0014,494.4704,473.999,0.0,0.0,0.0,494.4704,4.0014,498.4718,505.9706
326,0.4019,0.0003,0.4021,0.0724,0.9995026112907236,0.0007460830639144491,22.644,0.183,111.6436,88.9996,0.0,0.0,0.0,111.64359999999999,0.18299999999999997,111.8266,116.3219
327,0.4092,0.0006,0.4098,0.0738,0.9985358711566618,0.0014641288433382136,23.4648,0.3669,68.4654,45.0006,0.0,0.0,0.0,68.46539999999999,0.36689999999999995,68.83229999999999,69.836
328,0.2303,0.0008,0.2312,0.0416,0.9961072664359862,0.003460207612456748,13.0914,0.5122,110.0909,96.9995,0.0,0.0,0.0,110.09089999999999,0.5122,110.60309999999998,112.0996
329,0.3831,0.0004,0.3835,0.069,0.9989569752281616,0.0010430247718383311,21.2166,0.263,86.2169,65.0003,0.0,0.0,0.0,86.21690000000001,0.263,86.47990000000001,86.4799
330,0.1916,0.0278,0.2193,0.0395,0.873689010487916,0.12676698586411309,10.6092,16.3753,758.6086,747.9994,0.0,0.0,0.0,758.6085999999999,16.375299999999996,774.9839,795.4887
331,0.3761,0.0187,0.3948,0.0711,0.9526342451874367,0.047365754812563325,21.1932,12.2881,698.1933,677.0001,0.0,0.0,0.0,698.1933000000001,12.2881,710.4814000000001,739.9861
332,0.5106,0.001,0.5116,0.0921,0.9980453479280688,0.001954652071931196,27.8046,0.6231,90.8046,63.0,0.0,0.0,0.0,90.8046,0.6231,91.42769999999999,96.4312
333,0.3716,0.0001,0.3717,0.0669,0.9997309658326607,0.00026903416733925213,20.0664,0.0339,29.0657,8.9993,0.0,0.0,0.0,29.065699999999996,0.033900000000000007,29.099599999999995,29.0981
334,0.1673,0.0013,0.1686,0.0303,0.9922894424673785,0.007710557532621589,9.3456,0.7805,337.3453,327.9997,0.0,0.0,0.0,337.3453,0.7805,338.1258,341.1277
335,0.5364,0.0066,0.543,0.0977,0.9878453038674032,0.012154696132596685,29.4552,4.0637,533.4546,503.9994,0.0,0.0,0.0,533.4546,4.0637,537.5183000000001,562.0147
336,0.1788,0.0233,0.2021,0.0364,0.8847105393369619,0.1152894606630381,9.819,14.2422,1543.818,1533.999,0.0,0.0,0.0,1543.818,14.242200000000002,1558.0602,1599.0628
337,0.2077,0.0001,0.2078,0.0374,0.9995187680461982,0.0004812319538017324,12.4596,0.0916,48.46,36.0004,0.0,0.0,0.0,48.459999999999994,0.0916,48.55159999999999,48.551
338,0.1005,0.001,0.1014,0.0183,0.9911242603550297,0.009861932938856016,5.661,0.6277,231.6608,225.9998,0.0,0.0,0.0,231.66080000000005,0.6277,232.28850000000006,233.7854
339,0.1422,0.0037,0.1459,0.0263,0.9746401644962303,0.025359835503769707,8.154,2.3525,785.154,777.0,0.0,0.0,0.0,785.154,2.3525000000000005,787.5065,809.0033
340,0.1101,0.0001,0.1102,0.0198,0.999092558983666,0.0009074410163339383,6.5448,0.0588,12.5454,6.0006,0.0,0.0,0.0,12.545399999999999,0.0588,12.604199999999999,12.6001
341,0.4461,0.0,0.4462,0.0803,0.9997758852532497,0.0,24.921,0.0259,34.9209,9.9999,0.0,0.0,0.0,34.9209,0.0259,34.9468,34.9437
342,0.3572,0.0002,0.3574,0.0643,0.9994404029099049,0.0005595970900951316,20.853,0.1557,52.8535,32.0005,0.0,0.0,0.0,52.853500000000004,0.1557,53.00920000000001,53.0115
343,0.2869,0.0083,0.2952,0.0531,0.9718834688346882,0.028116531165311653,16.308,5.1858,443.3076,426.9996,0.0,0.0,0.0,443.30760000000004,5.1858,448.49340000000007,467.4981
344,0.3553,0.0005,0.3557,0.064,0.9988754568456564,0.0014056789429294349,19.026,0.3008,42.0252,22.9992,0.0,0.0,0.0,42.025200000000005,0.30079999999999996,42.32600000000001,44.824
345,0.1234,0.0002,0.1236,0.0222,0.9983818770226537,0.0016181229773462784,6.9516,0.1386,69.9512,62.9996,0.0,0.0,0.0,69.95120000000001,0.1386,70.08980000000001,70.0937
346,0.5149,0.0096,0.5245,0.0944,0.9816968541468066,0.018303145853193516,28.0368,6.3731,1181.0361,1152.9993,0.0,0.0,0.0,1181.0360999999998,6.3731,1187.4091999999998,1206.9125
347,0.4164,0.0,0.4164,0.075,1.0,0.0,24.7536,0.0196,27.7527,2.9991,0.0,0.0,0.0,27.7527,0.0196,27.7723,27.776
348,0.4932,0.0004,0.4936,0.0889,0.9991896272285252,0.0008103727714748785,28.0368,0.2409,140.0358,111.999,0.0,0.0,0.0,140.03580000000002,0.2409,140.27670000000003,140.7732
349,0.131,0.0325,0.1635,0.0294,0.8012232415902141,0.19877675840978593,7.0722,20.5719,950.0722,943.0,0.0,0.0,0.0,950.0722000000001,20.5719,970.6441000000001,1007.143
350,0.3443,0.0,0.3444,0.062,0.9997096399535425,0.0,20.4714,0.0144,20.4706,0.0,0.0,0.0,0.0,20.470599999999997,0.0144,20.484999999999996,20.4886
351,0.2671,0.0104,0.2775,0.0499,0.9625225225225225,0.03747747747747747,14.6664,6.2756,402.6656,387.9992,0.0,0.0,0.0,402.66560000000004,6.275600000000001,408.94120000000004,440.4364
352,0.4172,0.0226,0.4397,0.0792,0.9488287468728679,0.051398680918808275,22.9086,13.7615,860.9091,838.0005,0.0,0.0,0.0,860.9091000000001,13.761500000000002,874.6706,891.1745
353,0.5497,0.0,0.5497,0.099,1.0,0.0,30.7062,0.0287,39.706,8.9998,0.0,0.0,0.0,39.705999999999996,0.0287,39.7347,39.7372
354,0.3696,0.0,0.3696,0.0665,1.0,0.0,20.4714,0.0168,29.4709,8.9995,0.0,0.0,0.0,29.470899999999997,0.016799999999999995,29.487699999999997,29.4907
355,0.4933,0.0004,0.4937,0.0889,0.9991897913712781,0.0008102086287218959,28.2888,0.2483,105.289,77.0002,0.0,0.0,0.0,105.28900000000002,0.2483,105.53730000000002,109.0338
356,0.2395,0.0013,0.2408,0.0433,0.9946013289036545,0.005398671096345515,13.3776,0.8746,413.3774,399.9998,0.0,0.0,0.0,413.3774,0.8745999999999999,414.252,418.2493
357,0.1992,0.0001,0.1993,0.0359,0.9994982438534871,0.0005017561465127947,11.322,0.0801,11.3219,0.0,0.0,0.0,0.0,11.3219,0.0801,11.402,11.4049
358,0.3829,0.0001,0.383,0.0689,0.9997389033942559,0.0002610966057441253,20.853,0.04,30.8531,10.0001,0.0,0.0,0.0,30.8531,0.04,30.8931,30.8954
359,0.1187,0.0008,0.1195,0.0215,0.9933054393305439,0.006694560669456067,6.6888,0.5143,171.6883,164.9995,0.0,0.0,0.0,171.6883,0.5143,172.2026,175.1983
360,0.5599,0.0001,0.56,0.1008,0.9998214285714284,0.00017857142857142857,31.8258,0.0678,41.8251,9.9993,0.0,0.0,0.0,41.82509999999999,0.06780000000000001,41.89289999999999,42.3932
361,0.3005,0.0239,0.3244,0.0584,0.9263255240443895,0.07367447595561036,16.3638,14.7963,681.3637,664.9999,0.0,0.0,0.0,681.3636999999999,14.7963,696.1599999999999,727.6568
362,0.5054,0.0002,0.5057,0.091,0.9994067629029068,0.0003954913980620921,27.2934,0.142,37.294,10.0006,0.0,0.0,0.0,37.294000000000004,0.142,37.43600000000001,37.4312
363,0.3892,0.0099,0.3991,0.0718,0.9751941869205712,0.024805813079428717,21.1932,6.4459,991.1934,970.0002,0.0,0.0,0.0,991.1934000000001,6.445899999999999,997.6393000000002,1026.6351
364,0.3492,0.0098,0.359,0.0646,0.9727019498607243,0.027298050139275765,19.179,6.189,552.1794,533.0004,0.0,0.0,0.0,552.1794,6.189,558.3684,586.8712
365,0.1773,0.0004,0.1776,0.032,0.9983108108108109,0.0022522522522522522,9.819,0.2186,87.8182,77.9992,0.0,0.0,0.0,87.81820000000002,0.21860000000000002,88.03680000000001,90.5385
366,0.3823,0.0017,0.3839,0.0691,0.995832247981245,0.0044282365199270635,20.4714,1.0362,176.4706,155.9992,0.0,0.0,0.0,176.47060000000002,1.0362,177.50680000000003,179.5043
367,0.1834,0.0002,0.1836,0.033,0.9989106753812635,0.0010893246187363833,10.6092,0.1414,55.6083,44.9991,0.0,0.0,0.0,55.608299999999986,0.1414,55.74969999999998,56.7457
368,0.1929,0.017,0.2099,0.0378,0.9190090519294901,0.08099094807050977,10.872,10.5385,889.8716,878.9996,0.0,0.0,0.0,889.8716000000002,10.5385,900.4101000000002,917.4128
369,0.1422,0.0002,0.1424,0.0256,0.9985955056179775,0.001404494382022472,8.154,0.1388,118.1539,109.9999,0.0,0.0,0.0,118.15390000000001,0.13879999999999998,118.29270000000001,119.29
370,0.4155,0.0008,0.4162,0.0749,0.998318116290245,0.0019221528111484864,23.4108,0.4738,168.41,144.9992,0.0,0.0,0.0,168.40999999999997,0.4738,168.88379999999998,173.3844
371,0.322,0.0001,0.3221,0.058,0.9996895374107421,0.0003104625892579944,17.6814,0.0732,27.6804,9.999,0.0,0.0,0.0,27.6804,0.0732,27.7536,28.7521
372,0.4307,0.0003,0.4311,0.0776,0.9990721410345629,0.0006958942240779401,24.921,0.2052,60.9207,35.9997,0.0,0.0,0.0,60.9207,0.2052,61.125899999999994,61.1221
373,0.3926,0.001,0.3936,0.0708,0.9974593495934959,0.002540650406504065,21.744,0.5888,251.7437,229.9997,0.0,0.0,0.0,251.7437,0.5888,252.33249999999998,263.3367
374,0.442,0.0,0.442,0.0796,1.0,0.0,25.5726,0.0288,28.5724,2.9998,0.0,0.0,0.0,28.572400000000002,0.028799999999999996,28.601200000000002,28.6044
375,0.5364,0.003,0.5394,0.0971,0.9944382647385984,0.0055617352614015575,29.4552,1.9019,486.4545,456.9993,0.0,0.0,0.0,486.4545,1.9019,488.3564,495.3537
376,0.1222,0.0004,0.1227,0.0221,0.9959250203748982,0.0032599837000815,7.0722,0.2835,43.0722,36.0,0.0,0.0,0.0,43.0722,0.28350000000000003,43.3557,45.8507
377,0.3133,0.0034,0.3166,0.057,0.9895767530006319,0.010739102969046115,17.0586,2.0534,740.0589,723.0003,0.0,0.0,0.0,740.0589,2.0534,742.1123,753.6079
378,0.286,0.0,0.2861,0.0515,0.9996504718629848,0.0,15.5754,0.0268,29.5756,14.0002,0.0,0.0,0.0,29.5756,0.0268,29.602400000000003,29.6015
379,0.4492,0.0032,0.4524,0.0814,0.9929266136162687,0.007073386383731211,24.462,2.1047,1046.4615,1021.9995,0.0,0.0,0.0,1046.4615000000001,2.1047,1048.5662000000002,1066.5652
380,0.2896,0.0,0.2897,0.0521,0.9996548153261996,0.0,17.3772,0.0198,18.3781,1.0009,0.0,0.0,0.0,18.378099999999996,0.019800000000000005,18.397899999999996,18.4025
381,0.1135,0.0106,0.124,0.0223,0.9153225806451614,0.08548387096774193,6.3936,6.6109,535.3932,528.9996,0.0,0.0,0.0,535.3932000000001,6.610899999999999,542.0041000000001,569.5032
382,0.2553,0.0001,0.2554,0.046,0.9996084573218481,0.00039154267815191856,13.9032,0.0727,35.9023,21.9991,0.0,0.0,0.0,35.90229999999999,0.07270000000000001,35.97499999999999,36.4728
383,0.304,0.0,0.304,0.0547,1.0,0.0,16.983,0.0108,17.9828,0.9998,0.0,0.0,0.0,17.9828,0.0108,17.9936,17.9917
384,0.4318,0.0002,0.432,0.0778,0.9995370370370371,0.000462962962962963,24.3288,0.1397,48.3291,24.0003,0.0,0.0,0.0,48.32909999999999,0.1397,48.46879999999999,48.4678
385,0.4046,0.0,0.4047,0.0728,0.9997529033852236,0.0,23.4108,0.0144,25.4102,1.9994,0.0,0.0,0.0,25.410199999999996,0.0144,25.424599999999995,25.9292
386,0.2489,0.0008,0.2497,0.0449,0.9967961553864638,0.0032038446135362435,13.9032,0.5335,282.9021,268.9989,0.0,0.0,0.0,282.9021,0.5335000000000001,283.4356,290.435
387,0.2338,0.0002,0.234,0.0421,0.9991452991452991,0.0008547008547008547,13.6476,0.1352,24.6469,10.9993,0.0,0.0,0.0,24.6469,0.13520000000000001,24.7821,24.7848
388,0.4417,0.0005,0.4421,0.0796,0.9990952273241348,0.001130965844831486,24.462,0.3043,133.4611,108.9991,0.0,0.0,0.0,133.46110000000002,0.3043,133.76540000000003,134.7618
389,0.3197,0.0,0.3198,0.0576,0.9996873045653534,0.0,16.983,0.0239,16.9824,0.0,0.0,0.0,0.0,16.982400000000002,0.0239,17.006300000000003,17.0018
390,0.4149,0.0,0.4149,0.0747,1.0,0.0,24.2208,0.0203,33.2211,9.0003,0.0,0.0,0.0,33.2211,0.0203,33.2414,33.2412
391,0.1572,0.0005,0.1578,0.0284,0.9961977186311788,0.0031685678073510777,8.4906,0.3459,47.4916,39.001,0.0,0.0,0.0,47.491600000000005,0.34589999999999993,47.837500000000006,50.3375
392,0.3829,0.0008,0.3838,0.0691,0.997655028660761,0.002084418968212611,20.853,0.5497,113.8531,93.0001,0.0,0.0,0.0,113.85310000000001,0.5497000000000001,114.40280000000001,118.3998
393,0.4128,0.0001,0.4129,0.0743,0.9997578106078954,0.00024218939210462584,23.4648,0.0409,30.4651,7.0003,0.0,0.0,0.0,30.4651,0.0409,30.506,30.5061
394,0.297,0.0031,0.3001,0.054,0.9896701099633456,0.010329890036654448,16.308,2.0354,577.3073,560.9993,0.0,0.0,0.0,577.3073,2.0353999999999997,579.3427,593.3396
395,0.3252,0.0189,0.3441,0.0619,0.9450741063644289,0.05492589363557105,18.1656,11.15,808.1658,790.0002,0.0,0.0,0.0,808.1658,11.149999999999999,819.3158,854.3196
396,0.2245,0.0001,0.2247,0.0404,0.9991099243435692,0.0004450378282153983,11.7324,0.0925,55.7327,44.0003,0.0,0.0,0.0,55.73270000000001,0.09249999999999999,55.82520000000001,56.3264
397,0.2485,0.0008,0.2494,0.0449,0.9963913392141138,0.0032076984763432237,13.6476,0.5225,108.6469,94.9993,0.0,0.0,0.0,108.64690000000002,0.5225,109.16940000000001,111.6737
398,0.3788,0.0,0.3788,0.0682,1.0,0.0,19.6362,0.0149,20.6362,1.0,0.0,0.0,0.0,20.636200000000002,0.014900000000000002,20.651100000000003,20.6538
399,0.1523,0.0006,0.1528,0.0275,0.9967277486910995,0.003926701570680628,8.154,0.3572,22.1539,13.9999,0.0,0.0,0.0,22.1539,0.3572,22.5111,23.007
400,0.238,0.0003,0.2383,0.0429,0.9987410826689046,0.001258917331095258,13.6476,0.213,46.6466,32.999,0.0,0.0,0.0,46.6466,0.21299999999999997,46.8596,47.8605
401,0.1801,0.0001,0.1801,0.0324,1.0,0.000555247084952804,10.2348,0.0337,20.2354,10.0006,0.0,0.0,0.0,20.2354,0.033699999999999994,20.269099999999998,20.2729
402,0.3081,0.0,0.3081,0.0555,1.0,0.0,16.3638,0.0265,20.3635,3.9997,0.0,0.0,0.0,20.3635,0.026500000000000003,20.389999999999997,20.3918
403,0.1687,0.0011,0.1699,0.0306,0.9929370217775162,0.006474396703943497,9.3456,0.7486,435.3454,425.9998,0.0,0.0,0.0,435.3454,0.7486,436.094,440.5988
404,0.1447,0.0,0.1447,0.026,1.0,0.0,8.154,0.0081,8.1538,0.0,0.0,0.0,0.0,8.1538,0.008100000000000001,8.161900000000001,8.1572
405,0.5019,0.0001,0.502,0.0904,0.999800796812749,0.00019920318725099602,28.0368,0.0465,47.0361,18.9993,0.0,0.0,0.0,47.036100000000005,0.0465,47.082600000000006,47.0822
406,0.1851,0.0009,0.1859,0.0335,0.9956966110812263,0.004841312533620226,10.4274,0.5411,203.4268,192.9994,0.0,0.0,0.0,203.42680000000001,0.5411,203.96790000000001,212.468
407,0.4355,0.0014,0.4369,0.0786,0.9967956054016938,0.0032043945983062485,24.3288,0.8302,571.3289,547.0001,0.0,0.0,0.0,571.3288999999999,0.8302,572.1590999999999,587.1549
408,0.5052,0.0006,0.5058,0.091,0.9988137603795966,0.0011862396204033213,26.3988,0.3883,87.3985,60.9997,0.0,0.0,0.0,87.39849999999998,0.38830000000000003,87.78679999999999,88.2897
409,0.1849,0.0004,0.1852,0.0333,0.9983801295896328,0.0021598272138228943,9.819,0.2288,98.818,88.999,0.0,0.0,0.0,98.81800000000001,0.2288,99.04680000000002,104.0433
410,0.56,0.0017,0.5617,0.1011,0.996973473384369,0.0030265266156311197,31.2804,1.0627,237.2802,205.9998,0.0,0.0,0.0,237.28019999999998,1.0627,238.3429,241.342
411,0.1023,0.0002,0.1026,0.0185,0.9970760233918129,0.0019493177387914231,5.436,0.1393,170.4359,164.9999,0.0,0.0,0.0,170.43589999999998,0.13929999999999998,170.57519999999997,171.5742
412,0.3831,0.0009,0.384,0.0691,0.99765625,0.00234375,21.2166,0.5721,341.2166,320.0,0.0,0.0,0.0,341.2166,0.5721,341.7887,345.7909
413,0.1732,0.0,0.1732,0.0312,1.0,0.0,9.5904,0.014,10.5894,0.999,0.0,0.0,0.0,10.589400000000001,0.013999999999999999,10.6034,10.6072
414,0.2598,0.0072,0.2669,0.048,0.9733982765080552,0.02697639565380292,14.1444,4.6492,253.1444,239.0,0.0,0.0,0.0,253.14440000000002,4.6491999999999996,257.7936,268.2979
415,0.1997,0.0009,0.2006,0.0361,0.9955134596211366,0.00448654037886341,10.872,0.6188,190.8716,179.9996,0.0,0.0,0.0,190.8716,0.6188,191.4904,198.9896
416,0.2475,0.0011,0.2486,0.0447,0.995575221238938,0.004424778761061948,13.59,0.6573,255.5898,241.9998,0.0,0.0,0.0,255.5898,0.6573,256.2471,263.7474
417,0.3925,0.0003,0.3927,0.0707,0.9994907053730584,0.0007639419404125286,21.1932,0.1772,85.1934,64.0002,0.0,0.0,0.0,85.19340000000003,0.1772,85.37060000000002,85.3723
418,0.2575,0.0072,0.2646,0.0476,0.9731670445956161,0.027210884353741496,13.9032,4.6919,859.9024,845.9992,0.0,0.0,0.0,859.9024,4.6918999999999995,864.5943,876.0927
419,0.3834,0.0,0.3834,0.069,1.0,0.0,20.5326,0.0226,30.5319,9.9993,0.0,0.0,0.0,30.531899999999997,0.0226,30.554499999999997,30.5579
420,0.3274,0.0001,0.3275,0.0589,0.9996946564885496,0.0003053435114503817,17.6814,0.0402,26.6807,8.9993,0.0,0.0,0.0,26.680699999999998,0.04020000000000001,26.720899999999997,26.7216
421,0.2289,0.0027,0.2316,0.0417,0.9883419689119171,0.011658031088082901,12.7854,1.6846,323.786,311.0006,0.0,0.0,0.0,323.78600000000006,1.6845999999999999,325.47060000000005,339.9665
422,0.4807,0.0,0.4807,0.0865,1.0,0.0,26.3988,0.01,28.3985,1.9997,0.0,0.0,0.0,28.398499999999995,0.01,28.408499999999997,28.4121
423,0.4318,0.0036,0.4354,0.0784,0.9917317409278824,0.008268259072117593,24.3288,2.3475,420.329,396.0002,0.0,0.0,0.0,420.32900000000006,2.3474999999999997,422.6765000000001,430.1797
424,0.4109,0.0,0.411,0.074,0.9997566909975669,0.0,22.3758,0.0264,23.3758,1.0,0.0,0.0,0.0,23.375799999999998,0.0264,23.402199999999997,23.4003
425,0.198,0.0038,0.2018,0.0363,0.981169474727453,0.018830525272547076,10.872,2.4455,490.8718,479.9998,0.0,0.0,0.0,490.8718,2.4454999999999996,493.3173,508.8158
426,0.1843,0.0,0.1843,0.0332,1.0,0.0,10.0332,0.0168,10.0328,0.0,0.0,0.0,0.0,10.032799999999998,0.0168,10.049599999999998,10.0509
427,0.4678,0.0137,0.4815,0.0867,0.9715472481827622,0.0284527518172378,25.4736,8.5653,949.474,924.0004,0.0,0.0,0.0,949.474,8.565299999999999,958.0393,988.0381
428,0.1277,0.0016,0.1293,0.0233,0.9876256767208044,0.01237432327919567,6.9516,1.0382,369.951,362.9994,0.0,0.0,0.0,369.951,1.0382,370.98920000000004,380.9941
429,0.4848,0.0001,0.4849,0.0873,0.9997937719117344,0.00020622808826562179,26.181,0.0583,27.1819,1.0009,0.0,0.0,0.0,27.181899999999995,0.05829999999999999,27.240199999999994,27.2387
430,0.3797,0.0005,0.3802,0.0684,0.9986849026827985,0.001315097317201473,20.853,0.3084,185.8532,165.0002,0.0,0.0,0.0,185.85320000000002,0.3084,186.16160000000002,188.6625
431,0.21,0.0,0.2101,0.0378,0.9995240361732508,0.0,11.7324,0.0228,14.7326,3.0002,0.0,0.0,0.0,14.732600000000001,0.0228,14.755400000000002,14.7543
432,0.1166,0.0017,0.1183,0.0213,0.9856297548605241,0.014370245139475907,6.6888,1.0075,248.6885,241.9997,0.0,0.0,0.0,248.6885,1.0075,249.696,256.6923
433,0.3106,0.0315,0.3421,0.0616,0.9079216603332358,0.0920783396667641,17.0586,19.0093,494.0588,477.0002,0.0,0.0,0.0,494.0588,19.0093,513.0681000000001,544.0688
434,0.3485,0.0004,0.3489,0.0628,0.998853539696188,0.0011464603038119805,19.6362,0.2552,67.6363,48.0001,0.0,0.0,0.0,67.6363,0.25520000000000004,67.89150000000001,73.887
435,0.398,0.0001,0.3981,0.0717,0.9997488068324542,0.00025119316754584274,23.8824,0.0626,34.8824,11.0,0.0,0.0,0.0,34.882400000000004,0.0626,34.94500000000001,34.9459
436,0.1031,0.0159,0.119,0.0214,0.8663865546218488,0.13361344537815129,5.661,10.2137,519.6609,513.9999,0.0,0.0,0.0,519.6609,10.213700000000001,529.8746,543.379
437,0.3778,0.0001,0.3778,0.068,1.0,0.00026469031233456857,20.0664,0.035,20.0655,0.0,0.0,0.0,0.0,20.065499999999997,0.035,20.100499999999997,20.0965
438,0.4136,0.0003,0.414,0.0745,0.9990338164251209,0.0007246376811594203,22.9086,0.2078,113.9092,91.0006,0.0,0.0,0.0,113.90920000000001,0.2078,114.11700000000002,116.1141
439,0.4962,0.0012,0.4974,0.0895,0.9975874547647767,0.0024125452352231603,27.2484,0.7554,260.2484,233.0,0.0,0.0,0.0,260.2484,0.7554000000000001,261.0038,269.0081
440,0.4766,0.0,0.4767,0.0858,0.999790224459828,0.0,26.3988,0.0219,45.3984,18.9996,0.0,0.0,0.0,45.398399999999995,0.021900000000000003,45.4203,45.4245
441,0.1603,0.0006,0.1608,0.029,0.9968905472636815,0.003731343283582089,8.8002,0.3864,176.7993,167.9991,0.0,0.0,0.0,176.7993,0.3863999999999999,177.1857,184.1845
442,0.4469,0.0015,0.4485,0.0807,0.9964325529542921,0.0033444816053511705,24.7536,0.9974,218.7526,193.999,0.0,0.0,0.0,218.75260000000003,0.9974,219.75000000000003,225.2503
443,0.1115,0.0062,0.1177,0.0212,0.9473237043330501,0.05267629566694987,6.2298,3.9632,784.2301,778.0003,0.0,0.0,0.0,784.2301,3.9632,788.1933,804.6914
444,0.3983,0.0,0.3983,0.0717,1.0,0.0,23.4648,0.0106,26.4654,3.0006,0.0,0.0,0.0,26.465400000000002,0.0106,26.476000000000003,26.4746
445,0.2945,0.0038,0.2983,0.0537,0.9872611464968152,0.012738853503184712,16.308,2.3822,802.3078,785.9998,0.0,0.0,0.0,802.3078,2.3822,804.69,831.1892
446,0.1187,0.0241,0.1428,0.0257,0.8312324929971988,0.1687675070028011,6.6888,15.8774,1056.6885,1049.9997,0.0,0.0,0.0,1056.6885,15.8774,1072.5659,1099.5708
447,0.4848,0.0105,0.4953,0.0892,0.9788007268322229,0.021199273167777106,26.3988,6.3646,891.3986,864.9998,0.0,0.0,0.0,891.3986,6.364599999999999,897.7632,925.2633
448,0.297,0.0086,0.3055,0.055,0.972176759410802,0.028150572831423897,16.308,5.2402,1073.3074,1056.9994,0.0,0.0,0.0,1073.3074000000001,5.2402,1078.5476,1122.5498
449,0.4261,0.0024,0.4285,0.0771,0.9943990665110851,0.005600933488914819,24.2208,1.4493,704.2212,680.0004,0.0,0.0,0.0,704.2212,1.4493,705.6705,724.6665
450,0.1202,0.0069,0.1271,0.0229,0.945712037765539,0.05428796223446106,6.5448,4.0879,1045.5453,1039.0005,0.0,0.0,0.0,1045.5453000000002,4.0879,1049.6332000000002,1071.1306
451,0.3212,0.0004,0.3215,0.0579,0.9990668740279937,0.0012441679626749612,17.0586,0.2498,26.0588,9.0002,0.0,0.0,0.0,26.058800000000005,0.24980000000000002,26.308600000000006,26.8059
452,0.3633,0.0004,0.3637,0.0655,0.9989001924663183,0.0010998075336816058,20.4714,0.2493,105.4706,84.9992,0.0,0.0,0.0,105.47059999999999,0.2493,105.7199,107.7238
453,0.4341,0.004,0.4381,0.0789,0.9908696644601689,0.00913033553983109,24.462,2.354,529.4614,504.9994,0.0,0.0,0.0,529.4614,2.354,531.8154000000001,546.8176
454,0.1849,0.0004,0.1852,0.0333,0.9983801295896328,0.0021598272138228943,9.819,0.2351,107.818,97.999,0.0,0.0,0.0,107.81800000000001,0.2351,108.05310000000001,112.0563
455,0.4263,0.0041,0.4304,0.0775,0.9904739776951673,0.009526022304832715,22.644,2.3756,633.6435,610.9995,0.0,0.0,0.0,633.6435,2.3756000000000004,636.0191,652.0158
456,0.1103,0.0042,0.1145,0.0206,0.9633187772925763,0.03668122270742358,6.0552,2.7841,728.0552,722.0,0.0,0.0,0.0,728.0552,2.7841,730.8393,748.3394
457,0.4207,0.0001,0.4208,0.0757,0.9997623574144487,0.0002376425855513308,22.9086,0.058,26.9087,4.0001,0.0,0.0,0.0,26.9087,0.058,26.9667,26.9643
458,0.1974,0.0,0.1975,0.0355,0.9994936708860759,0.0,11.322,0.0182,27.3219,15.9999,0.0,0.0,0.0,27.321900000000003,0.0182,27.340100000000003,27.3364
459,0.5434,0.0016,0.545,0.0981,0.9970642201834862,0.0029357798165137615,30.0978,0.9988,398.0986,368.0008,0.0,0.0,0.0,398.0986,0.9988000000000001,399.0974,408.0967
460,0.4423,0.0002,0.4425,0.0796,0.9995480225988701,0.0004519774011299435,23.8824,0.1291,81.8822,57.9998,0.0,0.0,0.0,81.88220000000001,0.1291,82.0113,86.0094
461,0.1149,0.0,0.115,0.0207,0.9991304347826087,0.0,6.0552,0.0121,7.0552,1.0,0.0,0.0,0.0,7.055200000000001,0.0121,7.067300000000001,7.0723
462,0.2224,0.0024,0.2248,0.0405,0.98932384341637,0.010676156583629892,12.1104,1.5967,433.1106,421.0002,0.0,0.0,0.0,433.1106,1.5967,434.7073,457.2099
463,0.4072,0.0002,0.4073,0.0733,0.9997544807267371,0.0004910385465259023,21.8052,0.1002,100.8059,79.0007,0.0,0.0,0.0,100.8059,0.1002,100.9061,104.9061
464,0.3572,0.0002,0.3574,0.0643,0.9994404029099049,0.0005595970900951316,20.853,0.1382,77.8537,57.0007,0.0,0.0,0.0,77.85370000000002,0.13820000000000002,77.99190000000002,81.487
465,0.3992,0.0,0.3993,0.0719,0.9997495617330329,0.0,20.5326,0.0122,24.5321,3.9995,0.0,0.0,0.0,24.532099999999996,0.012199999999999999,24.544299999999996,24.5441
466,0.2263,0.0232,0.2495,0.0449,0.9070140280561122,0.09298597194388777,13.0914,15.1359,407.0911,393.9997,0.0,0.0,0.0,407.0911,15.135900000000003,422.227,473.2243
467,0.264,0.0181,0.282,0.0508,0.9361702127659576,0.06418439716312058,15.138,11.8687,1456.138,1441.0,0.0,0.0,0.0,1456.138,11.868699999999999,1468.0067,1490.0023
468,0.1867,0.0069,0.1935,0.0348,0.9648578811369509,0.03565891472868217,10.4274,4.6237,499.4266,488.9992,0.0,0.0,0.0,499.4266,4.623700000000001,504.0503,516.5516
469,0.2368,0.0004,0.2371,0.0427,0.9987347110923661,0.001687051876845213,12.7854,0.2257,90.7859,78.0005,0.0,0.0,0.0,90.78590000000001,0.2257,91.01160000000002,94.014
470,0.1858,0.0143,0.2001,0.036,0.928535732133933,0.07146426786606697,10.0332,8.7919,830.0331,819.9999,0.0,0.0,0.0,830.0331,8.791900000000002,838.825,869.3242
471,0.3329,0.0001,0.333,0.0599,0.9996996996996995,0.0003003003003003003,17.6814,0.0378,32.681,14.9996,0.0,0.0,0.0,32.681,0.03780000000000001,32.718799999999995,32.7219
472,0.5108,0.0042,0.5149,0.0927,0.9920372887939406,0.008156923674499902,28.2888,2.7669,415.2891,387.0003,0.0,0.0,0.0,415.28909999999996,2.7668999999999997,418.056,430.0537
473,0.3485,0.0033,0.3518,0.0633,0.9906196702671972,0.009380329732802728,19.6362,1.9939,442.6363,423.0001,0.0,0.0,0.0,442.6363,1.9938999999999998,444.6302,450.6345
474,0.3392,0.0003,0.3395,0.0611,0.9991163475699557,0.0008836524300441825,18.1656,0.1914,71.1658,53.0002,0.0,0.0,0.0,71.16579999999999,0.1914,71.35719999999999,74.859
475,0.1497,0.0002,0.1499,0.027,0.9986657771847898,0.0013342228152101402,8.154,0.1304,111.154,103.0,0.0,0.0,0.0,111.154,0.1304,111.28439999999999,115.2888
476,0.3336,0.0005,0.3341,0.0601,0.9985034420832086,0.0014965579167913797,18.1656,0.3139,318.1659,300.0003,0.0,0.0,0.0,318.1659,0.3139,318.4798,330.9833
477,0.4768,0.0059,0.4827,0.0869,0.9877770872177335,0.012222912782266417,26.181,3.8346,657.1815,631.0005,0.0,0.0,0.0,657.1814999999999,3.8346000000000005,661.0160999999999,680.5184
478,0.2716,0.0003,0.2719,0.0489,0.9988966531813168,0.0011033468186833395,14.6664,0.1758,132.6659,117.9995,0.0,0.0,0.0,132.66589999999997,0.1758,132.84169999999997,134.3458
479,0.1497,0.0074,0.1571,0.0283,0.9528962444302992,0.04710375556970083,8.154,4.6906,752.1539,743.9999,0.0,0.0,0.0,752.1539,4.6906,756.8445,795.3457
480,0.5696,0.0002,0.5698,0.1026,0.9996489996489997,0.00035100035100035104,31.2804,0.1246,84.2803,52.9999,0.0,0.0,0.0,84.28029999999998,0.1246,84.40489999999998,85.4024
481,0.1716,0.0,0.1716,0.0309,1.0,0.0,9.3456,0.0114,20.3452,10.9996,0.0,0.0,0.0,20.345200000000002,0.011399999999999999,20.3566,20.3577
482,0.3027,0.0018,0.3045,0.0548,0.994088669950739,0.005911330049261083,17.0586,1.1552,275.0592,258.0006,0.0,0.0,0.0,275.0592,1.1552000000000002,276.21439999999996,281.7173
483,0.2328,0.0125,0.2453,0.0441,0.9490419894007338,0.05095801059926621,12.7854,7.7295,765.7862,753.0008,0.0,0.0,0.0,765.7861999999999,7.7295,773.5156999999999,798.5185
484,0.1668,0.0003,0.1671,0.0301,0.9982046678635548,0.0017953321364452422,9.0828,0.1898,203.083,194.0002,0.0,0.0,0.0,203.083,0.1898,203.2728,205.2684
485,0.5648,0.0001,0.5649,0.1017,0.9998229775181449,0.00017702248185519562,31.8258,0.0678,53.8246,21.9988,0.0,0.0,0.0,53.824600000000004,0.0678,53.8924,54.3882
486,0.1096,0.0003,0.1099,0.0198,0.997270245677889,0.0027297543221110098,6.2298,0.2023,98.2303,92.0005,0.0,0.0,0.0,98.2303,0.2023,98.4326,99.9364
487,0.1277,0.0062,0.1339,0.0241,0.953696788648245,0.046303211351755046,7.0722,4.2233,412.0722,405.0,0.0,0.0,0.0,412.07219999999995,4.2233,416.29549999999995,429.2992
488,0.1939,0.0,0.194,0.0349,0.9994845360824741,0.0,11.322,0.0096,40.3219,28.9999,0.0,0.0,0.0,40.3219,0.0096,40.3315,40.3319
489,0.3818,0.0001,0.3819,0.0687,0.9997381513485204,0.0002618486514794449,22.9086,0.0585,35.9089,13.0003,0.0,0.0,0.0,35.9089,0.0585,35.967400000000005,35.9643
490,0.4796,0.0,0.4796,0.0863,1.0,0.0,25.4736,0.0225,34.4741,9.0005,0.0,0.0,0.0,34.4741,0.022500000000000003,34.4966,34.497
491,0.1149,0.0001,0.1151,0.0207,0.9982623805386621,0.0008688097306689836,6.0552,0.0922,38.0553,32.0001,0.0,0.0,0.0,38.055299999999995,0.09219999999999998,38.147499999999994,38.1459
492,0.4726,0.0006,0.4731,0.0852,0.9989431409849926,0.0012682308180088774,26.3988,0.3594,209.3981,182.9993,0.0,0.0,0.0,209.39809999999997,0.3594,209.75749999999996,221.2567
493,0.1222,0.0148,0.137,0.0247,0.891970802919708,0.10802919708029196,6.8238,10.0798,531.8236,524.9998,0.0,0.0,0.0,531.8235999999999,10.0798,541.9033999999999,562.3999
494,0.4768,0.0016,0.4783,0.0861,0.9968638929542128,0.0033451808488396406,26.181,0.9352,378.1817,352.0007,0.0,0.0,0.0,378.1817,0.9352,379.1169,388.6172
495,0.5455,0.0011,0.5465,0.0984,0.9981701738334858,0.0020128087831655993,31.2804,0.6709,177.2803,145.9999,0.0,0.0,0.0,177.28029999999998,0.6709,177.95119999999997,183.4509
496,0.4481,0.0044,0.4526,0.0815,0.9900574458683163,0.00972160848431286,25.4736,2.8105,804.4739,779.0003,0.0,0.0,0.0,804.4739000000001,2.8105,807.2844000000001,823.2854
497,0.3831,0.0034,0.3865,0.0696,0.9912031047865459,0.008796895213454075,21.2166,2.0927,680.2167,659.0001,0.0,0.0,0.0,680.2167000000001,2.0927000000000002,682.3094000000001,695.3134
498,0.188,0.0001,0.1881,0.0338,0.9994683678894206,0.000531632110579479,10.2348,0.0638,41.2352,31.0004,0.0,0.0,0.0,41.23519999999999,0.0638,41.29899999999999,42.7943
499,0.3492,0.0002,0.3494,0.0629,0.9994275901545507,0.0005724098454493418,19.179,0.1159,72.1794,53.0004,0.0,0.0,0.0,72.17940000000002,0.1159,72.29530000000001,72.7984
500,0.4717,0.0002,0.472,0.085,0.9993644067796611,0.0004237288135593221,27.2934,0.1391,81.2936,54.0002,0.0,0.0,0.0,81.2936,0.13909999999999997,81.4327,81.4348
501,0.2598,0.0076,0.2674,0.0481,0.9715781600598352,0.028421839940164544,14.1444,5.2057,921.1447,907.0003,0.0,0.0,0.0,921.1446999999998,5.205700000000001,926.3503999999998,946.3474
502,0.2861,0.0007,0.2868,0.0516,0.9975592747559275,0.0024407252440725243,15.9822,0.4631,328.9828,313.0006,0.0,0.0,0.0,328.9828,0.46310000000000007,329.4459,333.4508
503,0.1791,0.0001,0.1792,0.0322,0.9994419642857143,0.0005580357142857144,9.5904,0.0464,9.5898,0.0,0.0,0.0,0.0,9.5898,0.0464,9.6362,9.6381
504,0.3802,0.0002,0.3804,0.0685,0.9994742376445845,0.0005257623554153522,21.8052,0.0954,83.8057,62.0005,0.0,0.0,0.0,83.8057,0.09539999999999998,83.9011,83.9059
505,0.1963,0.0009,0.1972,0.0355,0.9954361054766735,0.004563894523326572,10.872,0.5893,463.8716,452.9996,0.0,0.0,0.0,463.87159999999994,0.5892999999999999,464.4608999999999,480.9619
506,0.1864,0.0008,0.1871,0.0337,0.996258685195083,0.004275788348476751,9.819,0.4517,333.8182,323.9992,0.0,0.0,0.0,333.81819999999993,0.4517,334.26989999999995,341.2663
507,0.1895,0.0069,0.1964,0.0354,0.964867617107943,0.03513238289205703,10.2348,4.2427,771.2352,761.0004,0.0,0.0,0.0,771.2352,4.2427,775.4779,797.9791
508,0.1454,0.0005,0.1459,0.0263,0.9965729952021933,0.003427004797806717,8.4906,0.3198,56.4913,48.0007,0.0,0.0,0.0,56.491299999999995,0.31980000000000003,56.811099999999996,65.3079
509,0.0982,0.0084,0.1066,0.0192,0.9212007504690432,0.07879924953095685,5.436,4.9546,841.4355,835.9995,0.0,0.0,0.0,841.4355,4.954600000000001,846.3901000000001,862.3897
510,0.3993,0.0001,0.3994,0.0719,0.999749624436655,0.00025037556334501755,21.744,0.0692,95.7436,73.9996,0.0,0.0,0.0,95.74359999999999,0.0692,95.81279999999998,98.3133
511,0.1788,0.0,0.1788,0.0322,1.0,0.0,9.819,0.0146,19.8179,9.9989,0.0,0.0,0.0,19.8179,0.014600000000000002,19.832500000000003,19.83
512,0.3771,0.0162,0.3932,0.0708,0.9590539165818922,0.041200406917599186,20.5326,10.22,483.5322,462.9996,0.0,0.0,0.0,483.5322,10.219999999999999,493.7522,536.2569
513,0.2618,0.0,0.2618,0.0471,1.0,0.0,13.9032,0.019,14.9023,0.9991,0.0,0.0,0.0,14.902299999999999,0.019000000000000003,14.921299999999999,14.9211
514,0.2693,0.0001,0.2694,0.0485,0.9996288047512992,0.00037119524870081667,14.6664,0.0465,37.666,22.9996,0.0,0.0,0.0,37.666,0.0465,37.7125,37.7081
515,0.3929,0.0,0.3929,0.0707,1.0,0.0,20.5326,0.0113,29.5321,8.9995,0.0,0.0,0.0,29.532099999999996,0.0113,29.543399999999995,29.547
516,0.1115,0.0,0.1115,0.0201,1.0,0.0,6.2298,0.0125,8.2302,2.0004,0.0,0.0,0.0,8.2302,0.0125,8.2427,8.2476
517,0.3185,0.0001,0.3186,0.0574,0.9996861268047709,0.00031387319522912746,17.0586,0.0589,35.0591,18.0005,0.0,0.0,0.0,35.059099999999994,0.05890000000000001,35.117999999999995,35.1155
518,0.1654,0.0105,0.1759,0.0317,0.9403069926094372,0.059693007390562824,9.0828,6.3521,414.0828,405.0,0.0,0.0,0.0,414.0828,6.3521,420.4349,430.9341
519,0.3667,0.0007,0.3673,0.0661,0.9983664579362919,0.0019057990743261638,19.6362,0.4244,229.6362,210.0,0.0,0.0,0.0,229.63620000000003,0.42440000000000005,230.06060000000002,237.0628
520,0.5019,0.0,0.5019,0.0903,1.0,0.0,28.0368,0.0268,54.0362,25.9994,0.0,0.0,0.0,54.036199999999994,0.026799999999999997,54.062999999999995,54.059
521,0.1135,0.0001,0.1136,0.0205,0.9991197183098591,0.0008802816901408451,6.6888,0.0642,10.6887,3.9999,0.0,0.0,0.0,10.6887,0.0642,10.7529,10.7565
522,0.1077,0.0,0.1077,0.0194,1.0,0.0,6.2298,0.0222,30.2301,24.0003,0.0,0.0,0.0,30.2301,0.022199999999999998,30.2523,30.2509
523,0.3765,0.0002,0.3767,0.0678,0.9994690735333157,0.0005309264666843643,20.853,0.1322,160.8535,140.0005,0.0,0.0,0.0,160.8535,0.13219999999999998,160.9857,161.4843
524,0.2374,0.0265,0.2639,0.0475,0.8995831754452444,0.10041682455475558,13.3776,17.4019,888.3773,874.9997,0.0,0.0,0.0,888.3773000000001,17.4019,905.7792000000001,933.2823
525,0.2598,0.0001,0.2599,0.0468,0.9996152366294727,0.0003847633705271258,14.1444,0.0682,20.1445,6.0001,0.0,0.0,0.0,20.1445,0.06820000000000001,20.2127,20.2167
526,0.2687,0.0188,0.2875,0.0517,0.934608695652174,0.0653913043478261,15.138,11.3989,996.1381,981.0001,0.0,0.0,0.0,996.1381,11.3989,1007.537,1040.5335
527,0.1904,0.0137,0.2042,0.0367,0.932419196865818,0.06709108716944173,10.0332,8.7222,783.0328,772.9996,0.0,0.0,0.0,783.0328,8.722199999999999,791.755,820.255
528,0.2243,0.0001,0.2243,0.0404,1.0,0.0004458314757021846,13.0914,0.0584,13.0909,0.0,0.0,0.0,0.0,13.090899999999998,0.058399999999999994,13.149299999999998,15.6446
529,0.5192,0.002,0.5212,0.0938,0.9961627014581734,0.0038372985418265544,27.8046,1.2663,326.8046,299.0,0.0,0.0,0.0,326.8046,1.2663000000000002,328.0709,335.0713
530,0.4238,0.0004,0.4243,0.0764,0.9988215884987037,0.0009427292010370022,23.8824,0.2691,258.8823,234.9999,0.0,0.0,0.0,258.8823,0.2691,259.15139999999997,260.6534
531,0.4237,0.0167,0.4404,0.0793,0.9620799273387829,0.03792007266121707,23.4648,11.3466,1004.4653,981.0005,0.0,0.0,0.0,1004.4652999999998,11.3466,1015.8118999999998,1045.3107
532,0.1913,0.0153,0.2066,0.0372,0.9259438528557599,0.07405614714424007,10.872,9.3401,764.8719,753.9999,0.0,0.0,0.0,764.8719000000001,9.340100000000001,774.2120000000001,793.7132
533,0.3929,0.0149,0.4078,0.0734,0.9634624816086318,0.03653751839136832,21.2166,9.8074,557.2166,536.0,0.0,0.0,0.0,557.2166000000002,9.807400000000001,567.0240000000002,590.5267
534,0.2443,0.0031,0.2474,0.0445,0.9874696847210993,0.012530315278900564,13.6476,1.9557,300.6472,286.9996,0.0,0.0,0.0,300.6472,1.9556999999999998,302.6029,308.105
535,0.3761,0.0002,0.3763,0.0677,0.9994685091682167,0.0005314908317831517,19.8126,0.1442,133.8129,114.0003,0.0,0.0,0.0,133.81289999999998,0.1442,133.9571,135.4561
536,0.1266,0.0042,0.1308,0.0235,0.9678899082568807,0.03211009174311926,7.0722,2.5538,403.0722,396.0,0.0,0.0,0.0,403.07219999999995,2.5538000000000003,405.626,415.6286
537,0.3308,0.0048,0.3356,0.0604,0.9856972586412395,0.014302741358760427,18.1656,3.0577,542.1659,524.0003,0.0,0.0,0.0,542.1659,3.0577,545.2235999999999,568.7259
538,0.3344,0.0,0.3345,0.0602,0.9997010463378175,0.0,19.179,0.0293,43.1792,24.0002,0.0,0.0,0.0,43.1792,0.029299999999999996,43.2085,43.2067
539,0.1698,0.0,0.1698,0.0306,1.0,0.0,8.8002,0.0202,20.7996,11.9994,0.0,0.0,0.0,20.799599999999998,0.020200000000000003,20.819799999999997,20.8204
540,0.2625,0.0001,0.2627,0.0473,0.9992386752950134,0.00038066235249333843,14.6664,0.0789,52.6658,37.9994,0.0,0.0,0.0,52.665800000000004,0.07889999999999998,52.7447,52.7421
541,0.0978,0.0034,0.1013,0.0182,0.9654491609081934,0.03356367226061204,5.661,2.2373,551.661,546.0,0.0,0.0,0.0,551.661,2.2373000000000003,553.8983,574.4029
542,0.1164,0.0058,0.1223,0.022,0.9517579721995094,0.047424366312346686,6.3936,3.6886,495.393,488.9994,0.0,0.0,0.0,495.39300000000003,3.6886,499.08160000000004,512.0807
543,0.0956,0.0004,0.0961,0.0173,0.9947970863683663,0.004162330905306972,5.436,0.2613,231.4358,225.9998,0.0,0.0,0.0,231.4358,0.26130000000000003,231.6971,236.2
544,0.1716,0.0204,0.1921,0.0346,0.8932847475273296,0.10619469026548674,9.3456,12.9774,981.3454,971.9998,0.0,0.0,0.0,981.3453999999999,12.977400000000001,994.3227999999999,1029.3202
545,0.2648,0.0021,0.2669,0.048,0.992131884600974,0.00786811539902585,14.6664,1.3753,492.6654,477.999,0.0,0.0,0.0,492.6654,1.3753,494.04069999999996,507.0442
546,0.2464,0.0034,0.2499,0.045,0.9859943977591036,0.013605442176870748,13.6476,2.1624,543.6471,529.9995,0.0,0.0,0.0,543.6471,2.1624000000000003,545.8095000000001,557.3115
547,0.396,0.0001,0.3961,0.0713,0.9997475385003787,0.00025246149962130775,21.744,0.0701,105.7435,83.9995,0.0,0.0,0.0,105.7435,0.0701,105.8136,106.3127
548,0.2897,0.0,0.2897,0.0521,1.0,0.0,15.138,0.0234,15.1383,0.0003,0.0,0.0,0.0,15.1383,0.0234,15.1617,15.1591
549,0.4312,0.002,0.4332,0.078,0.9953831948291784,0.0046168051708217915,23.8824,1.3077,578.8823,554.9999,0.0,0.0,0.0,578.8823,1.3077,580.1899999999999,594.6925
550,0.2558,0.0002,0.256,0.0461,0.99921875,0.00078125,14.6664,0.1637,126.6658,111.9994,0.0,0.0,0.0,126.66580000000002,0.1637,126.82950000000002,129.3298
551,0.1644,0.0057,0.1701,0.0306,0.9664902998236331,0.03350970017636684,9.3456,3.5557,807.3455,797.9999,0.0,0.0,0.0,807.3454999999999,3.5557000000000003,810.9011999999999,830.9036
552,0.2622,0.0001,0.2622,0.0472,1.0,0.00038138825324180017,13.59,0.0347,51.5896,37.9996,0.0,0.0,0.0,51.589600000000004,0.0347,51.624300000000005,51.6283
553,0.3251,0.0002,0.3253,0.0586,0.9993851829080849,0.0006148170919151553,16.722,0.1226,50.7214,33.9994,0.0,0.0,0.0,50.721399999999996,0.12259999999999999,50.843999999999994,51.3434
554,0.1548,0.0,0.1548,0.0279,1.0,0.0,8.8002,0.0122,10.7997,1.9995,0.0,0.0,0.0,10.799699999999998,0.012199999999999997,10.811899999999998,10.8074
555,0.4355,0.0083,0.4438,0.0799,0.9812978819287969,0.018702118071203245,24.7536,4.9618,681.753,656.9994,0.0,0.0,0.0,681.7529999999999,4.9618,686.7148,715.21
556,0.4606,0.0,0.4606,0.0829,1.0,0.0,26.181,0.0307,28.182,2.001,0.0,0.0,0.0,28.181999999999995,0.030699999999999998,28.212699999999995,28.2087
557,0.2886,0.0004,0.2889,0.052,0.9989615784008309,0.0013845621322256837,15.9822,0.22,90.9828,75.0006,0.0,0.0,0.0,90.98280000000001,0.22,91.20280000000001,92.7062
558,0.1266,0.0063,0.1329,0.0239,0.9525959367945824,0.04740406320541761,6.9516,4.2661,735.951,728.9994,0.0,0.0,0.0,735.951,4.266100000000001,740.2171000000001,757.7183
559,0.5527,0.0008,0.5535,0.0996,0.9985546522131887,0.0014453477868112015,30.0978,0.5185,360.0987,330.0009,0.0,0.0,0.0,360.09869999999995,0.5185000000000001,360.61719999999997,363.6171
560,0.4541,0.0,0.4542,0.0817,0.9997798326728313,0.0,27.2484,0.0124,37.2484,10.0,0.0,0.0,0.0,37.248400000000004,0.0124,37.2608,37.2559
561,0.4854,0.0001,0.4855,0.0874,0.9997940267765191,0.00020597322348094748,25.5726,0.0412,29.5725,3.9999,0.0,0.0,0.0,29.5725,0.0412,29.6137,29.6101
562,0.349,0.0004,0.3494,0.0629,0.9988551803091013,0.0011448196908986836,18.6912,0.2476,103.6905,84.9993,0.0,0.0,0.0,103.6905,0.2476,103.9381,107.4357
563,0.4441,0.0003,0.4444,0.08,0.9993249324932493,0.000675067506750675,26.3988,0.2021,55.3984,28.9996,0.0,0.0,0.0,55.398399999999995,0.20209999999999997,55.6005,56.5956
564,0.2559,0.0001,0.2559,0.0461,1.0,0.0003907776475185619,13.59,0.0334,54.5898,40.9998,0.0,0.0,0.0,54.589800000000004,0.0334,54.623200000000004,54.6222
565,0.4273,0.0189,0.4462,0.0803,0.9576423128641866,0.04235768713581354,23.4648,12.4664,2721.465,2698.0002,0.0,0.0,0.0,2721.465,12.4664,2733.9314,2772.9277
566,0.1843,0.0031,0.1874,0.0337,0.9834578441835644,0.01654215581643543,10.0332,1.9499,548.0329,537.9997,0.0,0.0,0.0,548.0329000000002,1.9499,549.9828000000001,563.4857
567,0.3027,0.001,0.3037,0.0547,0.9967072769180112,0.0032927230819888046,17.0586,0.5834,213.0588,196.0002,0.0,0.0,0.0,213.05879999999996,0.5834000000000001,213.64219999999997,217.6405
568,0.1559,0.0002,0.1562,0.0281,0.9980793854033291,0.0012804097311139564,8.4906,0.151,95.4913,87.0007,0.0,0.0,0.0,95.4913,0.15100000000000002,95.64229999999999,96.1393
569,0.5172,0.0,0.5172,0.0931,1.0,0.0,27.2484,0.0102,34.2486,7.0002,0.0,0.0,0.0,34.2486,0.010199999999999999,34.2588,35.2574
570,0.4758,0.0,0.4759,0.0857,0.9997898718218113,0.0,28.2888,0.0189,33.2889,5.0001,0.0,0.0,0.0,33.288900000000005,0.0189,33.30780000000001,33.3095
571,0.1931,0.0,0.1931,0.0348,1.0,0.0,10.4274,0.016,14.4272,3.9998,0.0,0.0,0.0,14.4272,0.016,14.4432,14.4457
572,0.3903,0.0013,0.3916,0.0705,0.9966802860061287,0.003319713993871297,21.8052,0.8077,369.8057,348.0005,0.0,0.0,0.0,369.8057,0.8077,370.6134,383.1144
573,0.221,0.0001,0.2211,0.0398,0.9995477159656264,0.00045228403437358667,12.7854,0.0536,75.7859,63.0005,0.0,0.0,0.0,75.7859,0.0536,75.8395,75.8411
574,0.1112,0.0001,0.1113,0.02,0.9991015274034142,0.0008984725965858042,6.0552,0.0889,76.0553,70.0001,0.0,0.0,0.0,76.05529999999999,0.08889999999999998,76.14419999999998,76.6432
575,0.1233,0.0006,0.1239,0.0223,0.9951573849878935,0.004842615012106537,7.0722,0.3709,51.0722,44.0,0.0,0.0,0.0,51.0722,0.37090000000000006,51.4431,52.9479
576,0.1883,0.0302,0.2185,0.0393,0.8617848970251716,0.1382151029748284,10.6092,19.0185,659.6086,648.9994,0.0,0.0,0.0,659.6086,19.018500000000003,678.6271,704.1316
577,0.1883,0.0019,0.1902,0.0342,0.9900105152471083,0.009989484752891693,10.4274,1.1722,233.4267,222.9993,0.0,0.0,0.0,233.42670000000004,1.1722000000000001,234.59890000000004,248.0977
578,0.562,0.0001,0.5621,0.1012,0.9998220957125067,0.0001779042874933286,30.0978,0.0692,38.0987,8.0009,0.0,0.0,0.0,38.098699999999994,0.06919999999999998,38.167899999999996,40.1635
579,0.3696,0.0254,0.395,0.0711,0.9356962025316455,0.06430379746835442,20.4714,16.2691,390.4701,369.9987,0.0,0.0,0.0,390.4701,16.2691,406.7392,425.2439
580,0.2168,0.0103,0.2271,0.0409,0.9546455306032584,0.04535446939674152,12.1104,6.692,533.1107,521.0003,0.0,0.0,0.0,533.1107,6.692,539.8027,563.3008
581,0.1144,0.0013,0.1157,0.0208,0.9887640449438203,0.011235955056179775,6.2298,0.8088,351.2302,345.0004,0.0,0.0,0.0,351.23019999999997,0.8088,352.039,358.0353
582,0.4508,0.0001,0.4508,0.0811,1.0,0.00022182786157941438,24.7536,0.0427,39.753,14.9994,0.0,0.0,0.0,39.753,0.0427,39.795700000000004,39.795
583,0.4149,0.0002,0.4151,0.0747,0.9995181883883401,0.000481811611659841,24.2208,0.1043,66.2209,42.0001,0.0,0.0,0.0,66.2209,0.1043,66.3252,66.3281
584,0.3435,0.0,0.3436,0.0618,0.9997089639115251,0.0,19.026,0.0184,40.0256,20.9996,0.0,0.0,0.0,40.025600000000004,0.0184,40.044000000000004,40.045
585,0.2707,0.0001,0.2707,0.0487,1.0,0.0003694126339120798,14.1444,0.0388,21.1446,7.0002,0.0,0.0,0.0,21.144600000000004,0.0388,21.183400000000002,21.6866
586,0.1022,0.0074,0.1096,0.0197,0.9324817518248175,0.06751824817518248,5.661,4.7976,644.6608,638.9998,0.0,0.0,0.0,644.6607999999999,4.7976,649.4583999999999,685.9538
587,0.1612,0.0052,0.1664,0.0299,0.9687500000000001,0.03125,9.0828,3.1341,622.0829,613.0001,0.0,0.0,0.0,622.0828999999999,3.1341,625.2169999999999,648.7173
588,0.251,0.0035,0.2545,0.0458,0.9862475442043221,0.0137524557956778,13.9032,2.1451,675.9022,661.999,0.0,0.0,0.0,675.9021999999999,2.1451,678.0472999999998,688.5462
589,0.4707,0.0247,0.4954,0.0892,0.9501412999596286,0.04985870004037141,26.7552,15.244,1768.7545,1741.9993,0.0,0.0,0.0,1768.7545,15.244000000000002,1783.9985,1827.5019
590,0.251,0.0336,0.2846,0.0512,0.8819395643007729,0.11806043569922697,14.1444,21.1178,1480.1445,1466.0001,0.0,0.0,0.0,1480.1445,21.117800000000003,1501.2623,1538.2585
591,0.3308,0.0116,0.3424,0.0616,0.9661214953271028,0.03387850467289719,18.1656,6.7334,1803.1661,1785.0005,0.0,0.0,0.0,1803.1661,6.7334000000000005,1809.8995,1821.8961
592,0.2391,0.0001,0.2391,0.043,1.0,0.0004182350480970305,13.59,0.0344,32.5898,18.9998,0.0,0.0,0.0,32.5898,0.0344,32.624199999999995,33.1216
593,0.2468,0.0006,0.2474,0.0445,0.9975747776879547,0.0024252223120452706,14.1516,0.3876,166.1524,152.0008,0.0,0.0,0.0,166.15240000000006,0.3876,166.54000000000005,172.0382
594,0.4889,0.0016,0.4905,0.0883,0.9967380224260959,0.0032619775739041795,26.181,1.0154,236.1818,210.0008,0.0,0.0,0.0,236.1818,1.0154,237.1972,246.1981
595,0.2787,0.0,0.2787,0.0502,1.0,0.0,15.9822,0.0136,21.9828,6.0006,0.0,0.0,0.0,21.9828,0.0136,21.9964,21.9957
596,0.4639,0.0005,0.4643,0.0836,0.9991384880465216,0.001076889941847943,25.4736,0.3083,205.4737,180.0001,0.0,0.0,0.0,205.47369999999998,0.3083,205.78199999999998,208.7842
597,0.2427,0.0001,0.2428,0.0437,0.9995881383855025,0.0004118616144975289,12.7854,0.0569,17.7862,5.0008,0.0,0.0,0.0,17.7862,0.05689999999999999,17.8431,17.8446
598,0.2114,0.0,0.2114,0.0381,1.0,0.0,11.322,0.0103,12.3219,0.9999,0.0,0.0,0.0,12.3219,0.010299999999999998,12.3322,12.3294
599,0.2538,0.0005,0.2542,0.0458,0.9984264358772622,0.001966955153422502,13.59,0.2936,170.5896,156.9996,0.0,0.0,0.0,170.5896,0.29359999999999997,170.8832,175.3864
600,0.12,0.0,0.1201,0.0216,0.9991673605328892,0.0,6.8238,0.0133,19.8236,12.9998,0.0,0.0,0.0,19.8236,0.0133,19.8369,19.8414
601,0.3097,0.0008,0.3104,0.0559,0.9977448453608246,0.002577319587628866,16.722,0.5027,173.7214,156.9994,0.0,0.0,0.0,173.7214,0.5027,174.2241,181.7205
602,0.5318,0.0235,0.5553,0.1,0.9576805330452008,0.042319466954799205,29.4552,14.8915,1028.4548,998.9996,0.0,0.0,0.0,1028.4548000000002,14.8915,1043.3463000000002,1069.8437
603,0.3896,0.0139,0.4036,0.0726,0.9653121902874132,0.034440039643211094,21.2166,8.7108,739.2167,718.0001,0.0,0.0,0.0,739.2167000000001,8.710799999999999,747.9275,759.4257
604,0.4442,0.001,0.4452,0.0801,0.9977538185085355,0.0022461814914645105,25.4736,0.6176,206.4739,181.0003,0.0,0.0,0.0,206.4739,0.6176,207.0915,214.5923
605,0.2883,0.0,0.2883,0.0519,1.0,0.0,16.983,0.0192,30.9827,13.9997,0.0,0.0,0.0,30.982700000000005,0.0192,31.001900000000006,31.0068
606,0.3066,0.0046,0.3112,0.056,0.9852185089974294,0.014781491002570694,16.983,2.7756,1776.9828,1759.9998,0.0,0.0,0.0,1776.9828000000002,2.7756000000000007,1779.7584000000002,1807.2561
607,0.4707,0.0033,0.474,0.0853,0.9930379746835444,0.006962025316455697,26.7552,2.0234,254.7543,227.9991,0.0,0.0,0.0,254.75430000000003,2.0233999999999996,256.77770000000004,273.7814
608,0.2555,0.0158,0.2713,0.0488,0.941761887209731,0.05823811279026908,14.1516,9.8214,1227.1521,1213.0005,0.0,0.0,0.0,1227.1521,9.8214,1236.9735,1251.9736
609,0.1781,0.0001,0.1782,0.0321,0.9994388327721662,0.0005611672278338945,10.0332,0.0615,30.033,19.9998,0.0,0.0,0.0,30.033000000000005,0.0615,30.094500000000004,30.0925
610,0.1068,0.0087,0.1155,0.0208,0.9246753246753247,0.07532467532467532,5.8662,5.4106,725.8662,720.0,0.0,0.0,0.0,725.8661999999999,5.4106000000000005,731.2768,759.2762
611,0.1141,0.0003,0.1145,0.0206,0.9965065502183406,0.002620087336244541,6.5448,0.2259,120.5453,114.0005,0.0,0.0,0.0,120.54530000000001,0.2259,120.77120000000001,121.2748
612,0.3252,0.0048,0.33,0.0594,0.9854545454545454,0.014545454545454544,18.1656,2.8799,618.1657,600.0001,0.0,0.0,0.0,618.1657,2.8799,621.0456,634.0499
613,0.3084,0.0005,0.3089,0.0556,0.9983813531887342,0.0016186468112657818,17.3772,0.3073,51.3782,34.001,0.0,0.0,0.0,51.37820000000001,0.3073000000000001,51.685500000000005,52.6902
614,0.1948,0.0,0.1949,0.0351,0.999486916367368,0.0,10.6092,0.0147,14.6083,3.9991,0.0,0.0,0.0,14.6083,0.0147,14.623,14.6276
615,0.3377,0.0,0.3377,0.0608,1.0,0.0,19.026,0.0093,19.0255,0.0,0.0,0.0,0.0,19.025499999999997,0.009300000000000001,19.034799999999997,19.5388
616,0.1572,0.0,0.1572,0.0283,1.0,0.0,9.3456,0.0241,14.3454,4.9998,0.0,0.0,0.0,14.345399999999998,0.0241,14.369499999999999,14.8677
617,0.3461,0.0028,0.3489,0.0628,0.9919747778733162,0.008025222126683863,18.6912,1.7667,499.6907,480.9995,0.0,0.0,0.0,499.6907000000001,1.7667,501.4574000000001,521.9545
618,0.163,0.0003,0.1633,0.0294,0.9981628903857931,0.0018371096142069808,8.8002,0.183,72.7995,63.9993,0.0,0.0,0.0,72.7995,0.18299999999999997,72.9825,74.4801
619,0.5894,0.0077,0.5971,0.1075,0.9871043376318875,0.012895662368112544,31.8258,4.8567,610.8251,578.9993,0.0,0.0,0.0,610.8251,4.8567,615.6818000000001,628.6849
620,0.3971,0.0013,0.3984,0.0717,0.9967369477911647,0.0032630522088353416,22.3758,0.8719,447.3759,425.0001,0.0,0.0,0.0,447.3759,0.8719000000000001,448.2478,458.7519
621,0.3548,0.0,0.3548,0.0639,1.0,0.0,18.6912,0.0244,21.691,2.9998,0.0,0.0,0.0,21.690999999999995,0.0244,21.715399999999995,21.7133
622,0.2648,0.0001,0.2649,0.0477,0.9996224990562474,0.00037750094375235937,14.6664,0.0418,14.6659,0.0,0.0,0.0,0.0,14.6659,0.0418,14.7077,14.7123
623,0.1192,0.0234,0.1426,0.0257,0.8359046283309958,0.1640953716690042,6.5448,14.6489,477.5452,471.0004,0.0,0.0,0.0,477.5452,14.648900000000001,492.19410000000005,520.6934
624,0.4485,0.0026,0.4511,0.0812,0.9942363112391931,0.005763688760806916,24.2208,1.5786,480.2208,456.0,0.0,0.0,0.0,480.22079999999994,1.5786,481.79939999999993,500.8006
625,0.4666,0.0132,0.4797,0.0863,0.9726912653741921,0.027517198248905566,26.7552,8.3165,759.7543,732.9991,0.0,0.0,0.0,759.7543000000001,8.3165,768.0708000000001,783.5675
626,0.198,0.0063,0.2042,0.0368,0.9696376101860922,0.030852105778648387,10.872,4.0781,1154.8716,1143.9996,0.0,0.0,0.0,1154.8716,4.0781,1158.9497,1179.9479
627,0.2446,0.007,0.2516,0.0453,0.9721780604133546,0.027821939586645472,13.9032,4.6823,850.9024,836.9992,0.0,0.0,0.0,850.9024000000001,4.682300000000001,855.5847000000001,872.0873
628,0.5402,0.0139,0.5541,0.0997,0.9749142754015521,0.02508572459844793,30.7062,8.622,1158.706,1127.9998,0.0,0.0,0.0,1158.7059999999997,8.622,1167.3279999999997,1201.8292
629,0.4417,0.0001,0.4418,0.0795,0.9997736532367586,0.00022634676324128565,24.462,0.0771,112.4617,87.9997,0.0,0.0,0.0,112.46170000000002,0.0771,112.53880000000002,112.5415
630,0.198,0.0,0.198,0.0356,1.0,0.0,10.872,0.008,27.8719,16.9999,0.0,0.0,0.0,27.871899999999997,0.008,27.879899999999996,28.8803
631,0.4717,0.0001,0.4719,0.0849,0.9995761813943632,0.00021190930281839374,25.4736,0.087,37.4738,12.0002,0.0,0.0,0.0,37.4738,0.087,37.5608,37.5563
632,0.2384,0.0001,0.2385,0.0429,0.99958071278826,0.00041928721174004196,12.4596,0.0503,20.4607,8.0011,0.0,0.0,0.0,20.4607,0.0503,20.511,20.5141
633,0.4808,0.0002,0.481,0.0866,0.9995841995841996,0.0004158004158004158,26.181,0.1278,54.1815,28.0005,0.0,0.0,0.0,54.1815,0.1278,54.3093,55.3055
634,0.2368,0.0111,0.2479,0.0446,0.9552238805970149,0.04477611940298507,12.7854,6.7723,835.7865,823.0011,0.0,0.0,0.0,835.7865,6.7723,842.5588,866.0578
635,0.2879,0.0058,0.2937,0.0529,0.9802519577800476,0.01974804221995233,16.3638,3.7203,882.3636,865.9998,0.0,0.0,0.0,882.3635999999999,3.7203000000000004,886.0838999999999,904.5836
636,0.4844,0.0066,0.491,0.0884,0.9865580448065173,0.013441955193482688,27.2934,4.3548,578.2941,551.0007,0.0,0.0,0.0,578.2941000000001,4.354799999999999,582.6489,598.1487
637,0.3196,0.0001,0.3197,0.0576,0.999687206756334,0.00031279324366593683,19.179,0.0518,33.1793,14.0003,0.0,0.0,0.0,33.179300000000005,0.0518,33.231100000000005,33.7347
638,0.357,0.0017,0.3587,0.0646,0.995260663507109,0.004739336492890995,20.4714,1.0674,413.4706,392.9992,0.0,0.0,0.0,413.4706,1.0674000000000001,414.538,425.5381
639,0.3892,0.0,0.3893,0.0701,0.999743128692525,0.0,21.744,0.0196,23.7436,1.9996,0.0,0.0,0.0,23.743599999999994,0.0196,23.763199999999994,23.7609
640,0.3364,0.0,0.3364,0.0606,1.0,0.0,18.1656,0.0238,21.1658,3.0002,0.0,0.0,0.0,21.165800000000004,0.0238,21.189600000000006,21.1868
641,0.2265,0.0,0.2265,0.0408,1.0,0.0,13.59,0.0176,13.5897,0.0,0.0,0.0,0.0,13.589699999999997,0.017599999999999998,13.607299999999997,14.1063
642,0.5845,0.0006,0.585,0.1053,0.9991452991452993,0.0010256410256410256,31.8258,0.3605,74.8251,42.9993,0.0,0.0,0.0,74.8251,0.36050000000000004,75.18560000000001,77.1901
643,0.4278,0.0002,0.4281,0.0771,0.9992992291520674,0.00046718056528848403,24.7536,0.1403,43.7527,18.9991,0.0,0.0,0.0,43.752700000000004,0.1403,43.89300000000001,43.8899
644,0.1068,0.0003,0.1071,0.0193,0.9971988795518207,0.0028011204481792713,5.8662,0.1742,121.8663,116.0001,0.0,0.0,0.0,121.86630000000002,0.1742,122.04050000000002,128.0372
645,0.1546,0.0006,0.1552,0.0279,0.9961340206185566,0.0038659793814432987,8.4906,0.3708,167.4912,159.0006,0.0,0.0,0.0,167.4912,0.3708,167.862,172.3614
646,0.2433,0.0022,0.2455,0.0442,0.9910386965376782,0.008961303462321792,13.59,1.3185,569.5897,555.9997,0.0,0.0,0.0,569.5897,1.3185,570.9082,578.9076
647,0.3797,0.0034,0.3832,0.069,0.990866388308977,0.008872651356993737,20.853,2.1505,762.8534,742.0004,0.0,0.0,0.0,762.8534,2.1504999999999996,765.0038999999999,779.0042
648,0.1575,0.0011,0.1586,0.0285,0.9930643127364439,0.0069356872635561164,8.8002,0.6731,198.7993,189.9991,0.0,0.0,0.0,198.7993,0.6731,199.4724,207.9716
649,0.1974,0.0,0.1974,0.0355,1.0,0.0,11.7324,0.0217,26.7328,15.0004,0.0,0.0,0.0,26.7328,0.021700000000000004,26.7545,26.7502
650,0.5019,0.0104,0.5123,0.0922,0.9796993948858091,0.020300605114190903,28.0368,6.7711,586.0357,557.9989,0.0,0.0,0.0,586.0357,6.771100000000001,592.8068000000001,609.307
651,0.1832,0.0274,0.2106,0.0379,0.8698955365622032,0.13010446343779677,10.2348,17.6423,675.2354,665.0006,0.0,0.0,0.0,675.2354,17.642300000000002,692.8777,725.3735
652,0.1883,0.0003,0.1885,0.0339,0.9989389920424403,0.0015915119363395225,10.6092,0.1514,54.6084,43.9992,0.0,0.0,0.0,54.6084,0.1514,54.759800000000006,57.2594
653,0.2205,0.0004,0.2209,0.0398,0.9981892258940697,0.0018107741059302852,12.1104,0.2257,38.1104,26.0,0.0,0.0,0.0,38.1104,0.2257,38.3361,38.3375
654,0.2082,0.0001,0.2084,0.0375,0.9990403071017274,0.00047984644913627643,11.7324,0.0895,22.7325,11.0001,0.0,0.0,0.0,22.732500000000005,0.0895,22.822000000000006,23.8206
655,0.3765,0.031,0.4076,0.0734,0.9236997055937193,0.0760549558390579,21.2166,19.4896,1814.2169,1793.0003,0.0,0.0,0.0,1814.2168999999997,19.4896,1833.7064999999998,1878.7064
656,0.1616,0.0096,0.1713,0.0308,0.9433741973146526,0.056042031523642725,8.8002,6.3543,641.7994,632.9992,0.0,0.0,0.0,641.7994,6.354299999999999,648.1537,661.1544
657,0.3045,0.0267,0.3312,0.0596,0.9193840579710145,0.08061594202898552,16.722,16.3593,1097.7218,1080.9998,0.0,0.0,0.0,1097.7218,16.3593,1114.0811,1139.0851
658,0.4224,0.0006,0.4229,0.0761,0.9988176873965476,0.0014187751241428233,24.2208,0.3492,162.2209,138.0001,0.0,0.0,0.0,162.22089999999997,0.34919999999999995,162.57009999999997,165.5693
659,0.5455,0.0001,0.5456,0.0982,0.999816715542522,0.0001832844574780059,29.4552,0.0577,82.4544,52.9992,0.0,0.0,0.0,82.45440000000002,0.057699999999999994,82.51210000000002,84.0098
660,0.4717,0.0069,0.4786,0.0861,0.9855829502716256,0.014417049728374424,27.2934,4.164,711.2937,684.0003,0.0,0.0,0.0,711.2937,4.164,715.4576999999999,731.9603
661,0.4766,0.0006,0.4772,0.0859,0.998742665549036,0.0012573344509639562,26.3988,0.3632,117.3986,90.9998,0.0,0.0,0.0,117.39859999999999,0.3632,117.7618,119.7578
662,0.1673,0.0027,0.17,0.0306,0.9841176470588234,0.01588235294117647,9.3456,1.6232,393.3453,383.9997,0.0,0.0,0.0,393.3453,1.6232,394.9685,402.4635
663,0.3138,0.0322,0.346,0.0623,0.9069364161849712,0.09306358381502891,17.6814,20.5443,1204.6806,1186.9992,0.0,0.0,0.0,1204.6805999999997,20.5443,1225.2248999999997,1251.7215
664,0.4831,0.0002,0.4833,0.087,0.999586178357128,0.00041382164287192223,26.7552,0.1418,92.7545,65.9993,0.0,0.0,0.0,92.75450000000002,0.1418,92.89630000000002,93.3972
665,0.3499,0.0002,0.3501,0.063,0.9994287346472436,0.0005712653527563553,20.0664,0.1191,36.0657,15.9993,0.0,0.0,0.0,36.06570000000001,0.1191,36.18480000000001,37.1847
666,0.223,0.0002,0.2232,0.0402,0.9991039426523297,0.0008960573476702509,13.3776,0.1257,15.3766,1.999,0.0,0.0,0.0,15.3766,0.1257,15.5023,15.9979
667,0.2693,0.0,0.2694,0.0485,0.9996288047512992,0.0,14.6664,0.0095,16.6659,1.9995,0.0,0.0,0.0,16.6659,0.0095,16.6754,16.6764
668,0.1818,0.0016,0.1834,0.033,0.9912758996728461,0.008724100327153763,10.4274,1.0385,478.4266,467.9992,0.0,0.0,0.0,478.4266,1.0385,479.4651,491.9612
669,0.4599,0.0049,0.4648,0.0837,0.9894578313253012,0.010542168674698794,25.4736,3.1062,630.474,605.0004,0.0,0.0,0.0,630.474,3.1062000000000003,633.5802,671.5835
670,0.1172,0.011,0.1282,0.0231,0.9141965678627144,0.08580343213728549,6.5448,6.8412,848.5453,842.0005,0.0,0.0,0.0,848.5453,6.8412,855.3865,873.3915
671,0.3485,0.0001,0.3486,0.0627,0.999713138267355,0.00028686173264486515,19.6362,0.06,39.6362,20.0,0.0,0.0,0.0,39.63619999999999,0.06,39.69619999999999,40.1946
672,0.132,0.0003,0.1322,0.0238,0.9984871406959153,0.00226928895612708,6.9516,0.1656,62.9512,55.9996,0.0,0.0,0.0,62.95120000000001,0.1656,63.116800000000005,64.117
673,0.4846,0.0,0.4846,0.0872,1.0,0.0,28.0368,0.0241,41.0357,12.9989,0.0,0.0,0.0,41.035700000000006,0.0241,41.0598,41.0636
674,0.1616,0.0044,0.166,0.0299,0.9734939759036144,0.02650602409638554,8.8002,2.897,748.7992,739.999,0.0,0.0,0.0,748.7991999999999,2.8970000000000002,751.6962,774.1987
675,0.2663,0.0003,0.2666,0.048,0.9988747186796698,0.0011252813203300824,15.138,0.189,57.138,42.0,0.0,0.0,0.0,57.138000000000005,0.189,57.327000000000005,59.83
676,0.5019,0.0,0.5019,0.0903,1.0,0.0,28.0368,0.0138,28.0364,0.0,0.0,0.0,0.0,28.0364,0.0138,28.0502,28.0476
677,0.2028,0.0,0.2028,0.0365,1.0,0.0,11.7324,0.0203,21.7326,10.0002,0.0,0.0,0.0,21.7326,0.0203,21.7529,21.7527
678,0.1638,0.0001,0.1639,0.0295,0.9993898718730935,0.0006101281269066505,8.4906,0.0714,30.4914,22.0008,0.0,0.0,0.0,30.4914,0.0714,30.5628,30.5628
679,0.1086,0.0086,0.1172,0.0211,0.9266211604095563,0.07337883959044368,5.8662,5.482,762.8662,757.0,0.0,0.0,0.0,762.8662,5.481999999999999,768.3482,787.3461
680,0.456,0.0022,0.4582,0.0825,0.9951986032300306,0.004801396769969446,25.4736,1.4426,424.474,399.0004,0.0,0.0,0.0,424.47400000000005,1.4425999999999999,425.9166000000001,438.419
681,0.3831,0.0142,0.3973,0.0715,0.9642587465391392,0.035741253460860815,21.2166,8.9531,635.2166,614.0,0.0,0.0,0.0,635.2166000000002,8.9531,644.1697000000001,657.6668
682,0.4469,0.0077,0.4547,0.0818,0.9828458324169783,0.01693424235759842,24.7536,4.9432,1051.7531,1026.9995,0.0,0.0,0.0,1051.7531,4.943200000000001,1056.6962999999998,1074.1992
683,0.4186,0.0,0.4187,0.0754,0.9997611655123,0.0,24.2208,0.0136,34.221,10.0002,0.0,0.0,0.0,34.221,0.0136,34.23459999999999,34.2384
684,0.453,0.001,0.454,0.0817,0.9977973568281938,0.002202643171806167,24.462,0.6072,264.4617,239.9997,0.0,0.0,0.0,264.4617,0.6072,265.0689,283.5666
685,0.2014,0.0,0.2014,0.0363,1.0,0.0,10.6092,0.0167,13.6087,2.9995,0.0,0.0,0.0,13.608699999999999,0.0167,13.625399999999999,13.6258
686,0.1788,0.0132,0.192,0.0346,0.9312499999999999,0.06874999999999999,9.819,8.0392,1192.8184,1182.9994,0.0,0.0,0.0,1192.8184,8.039200000000001,1200.8576,1223.3528
687,0.1812,0.0001,0.1813,0.0326,0.9994484280198567,0.0005515719801434088,10.0332,0.0634,23.0331,12.9999,0.0,0.0,0.0,23.0331,0.06340000000000001,23.096500000000002,23.0917
688,0.3925,0.009,0.4015,0.0723,0.9775840597758406,0.022415940224159398,21.1932,5.5671,657.1935,636.0003,0.0,0.0,0.0,657.1935000000001,5.5671,662.7606000000001,693.2573
689,0.1115,0.0003,0.1118,0.0201,0.9973166368515206,0.0026833631484794273,6.2298,0.1703,128.2302,122.0004,0.0,0.0,0.0,128.23020000000002,0.1703,128.40050000000002,128.8957
690,0.3929,0.0044,0.3973,0.0715,0.988925245406494,0.011074754593506167,21.2166,2.68,532.2166,511.0,0.0,0.0,0.0,532.2166000000001,2.6799999999999997,534.8966,546.4014
691,0.2532,0.003,0.2562,0.0461,0.9882903981264637,0.0117096018735363,14.1444,2.0722,509.1445,495.0001,0.0,0.0,0.0,509.1445,2.0722,511.2167,519.218
692,0.5195,0.0005,0.52,0.0936,0.9990384615384614,0.0009615384615384615,28.2888,0.3113,99.2891,71.0003,0.0,0.0,0.0,99.28910000000002,0.3113,99.60040000000002,100.103
693,0.398,0.0001,0.3981,0.0717,0.9997488068324542,0.00025119316754584274,23.8824,0.0378,23.882,0.0,0.0,0.0,0.0,23.881999999999998,0.03780000000000001,23.9198,23.919
694,0.1559,0.0009,0.1568,0.0282,0.9942602040816327,0.005739795918367347,8.4906,0.6083,150.4909,142.0003,0.0,0.0,0.0,150.49089999999998,0.6083,151.0992,163.0971
695,0.2485,0.0142,0.2627,0.0473,0.9459459459459459,0.05405405405405406,13.6476,8.7656,1700.6473,1686.9997,0.0,0.0,0.0,1700.6472999999999,8.7656,1709.4128999999998,1738.41
696,0.4299,0.0016,0.4315,0.0777,0.9962920046349942,0.0037079953650057938,23.4108,1.0103,293.4098,269.999,0.0,0.0,0.0,293.40979999999996,1.0103,294.42009999999993,305.4177
697,0.2382,0.0001,0.2383,0.0429,0.9995803608896349,0.000419639110365086,13.9032,0.0705,33.9024,19.9992,0.0,0.0,0.0,33.9024,0.07050000000000001,33.9729,33.9743
698,0.2131,0.0,0.2131,0.0384,1.0,0.0,12.1104,0.021,40.1105,28.0001,0.0,0.0,0.0,40.110499999999995,0.020999999999999998,40.131499999999996,41.1347
699,0.1218,0.0,0.1218,0.0219,1.0,0.0,6.6888,0.0194,31.6886,24.9998,0.0,0.0,0.0,31.688600000000005,0.019399999999999997,31.708000000000006,32.2124
700,0.4379,0.0078,0.4457,0.0802,0.9824994390845861,0.017500560915413955,24.462,5.125,1338.4616,1313.9996,0.0,0.0,0.0,1338.4616,5.125,1343.5866,1376.5897
701,0.5106,0.0057,0.5163,0.0929,0.9889599070307962,0.011040092969203953,28.7694,3.6897,1223.769,1194.9996,0.0,0.0,0.0,1223.7690000000002,3.6897,1227.4587000000001,1242.4539
702,0.1796,0.0001,0.1797,0.0323,0.9994435169727324,0.0005564830272676684,10.0332,0.0582,32.0329,21.9997,0.0,0.0,0.0,32.0329,0.0582,32.0911,32.093
703,0.2044,0.0037,0.2081,0.0375,0.9822200864968764,0.0177799135031235,11.322,2.3377,918.3219,906.9999,0.0,0.0,0.0,918.3218999999999,2.3377000000000003,920.6596,928.1609
704,0.3375,0.0007,0.3382,0.0609,0.9979302188054406,0.002069781194559432,18.6912,0.4291,327.6907,308.9995,0.0,0.0,0.0,327.69070000000005,0.42910000000000004,328.11980000000005,336.6155
705,0.2716,0.0002,0.2718,0.0489,0.9992641648270788,0.0007358351729212657,15.5754,0.1049,41.5754,26.0,0.0,0.0,0.0,41.5754,0.1049,41.6803,41.6772
706,0.2558,0.0097,0.2655,0.0478,0.9634651600753297,0.03653483992467043,14.6664,6.0517,926.6659,911.9995,0.0,0.0,0.0,926.6659,6.0517,932.7176,953.2147
707,0.2155,0.0184,0.2338,0.0421,0.9217279726261762,0.07869974337040204,11.7324,11.3894,749.7326,738.0002,0.0,0.0,0.0,749.7325999999999,11.3894,761.122,788.6222
708,0.2908,0.0001,0.2909,0.0524,0.9996562392574768,0.00034376074252320387,15.5754,0.0475,34.5754,19.0,0.0,0.0,0.0,34.575399999999995,0.0475,34.622899999999994,34.6188
709,0.5434,0.0026,0.546,0.0983,0.9952380952380951,0.0047619047619047615,30.0978,1.656,543.0987,513.0009,0.0,0.0,0.0,543.0987,1.6559999999999997,544.7547,559.7527
710,0.4423,0.0065,0.4487,0.0808,0.9857365723200358,0.014486293737463784,23.8824,4.2821,764.8824,741.0,0.0,0.0,0.0,764.8824000000001,4.2821,769.1645000000001,789.6672
711,0.1724,0.0001,0.1725,0.031,0.9994202898550725,0.0005797101449275363,9.0828,0.0529,18.083,9.0002,0.0,0.0,0.0,18.083,0.0529,18.1359,18.1398
712,0.1093,0.0014,0.1107,0.0199,0.9873532068654018,0.012646793134598011,6.0552,0.8405,167.0553,161.0001,0.0,0.0,0.0,167.0553,0.8405,167.89579999999998,179.8952
713,0.4172,0.0,0.4172,0.0751,1.0,0.0,22.9086,0.0298,24.9087,2.0001,0.0,0.0,0.0,24.9087,0.0298,24.9385,24.9339
714,0.456,0.0164,0.4724,0.085,0.9652836579170195,0.03471634208298053,25.4736,10.5971,1278.474,1253.0004,0.0,0.0,0.0,1278.4739999999997,10.5971,1289.0710999999997,1308.5719
715,0.2112,0.0215,0.2327,0.0419,0.9076063601203266,0.09239363987967339,12.1104,13.8278,964.1104,952.0,0.0,0.0,0.0,964.1104,13.8278,977.9382,1003.439
716,0.3644,0.0052,0.3696,0.0665,0.985930735930736,0.01406926406926407,20.5326,3.2623,1093.5322,1072.9996,0.0,0.0,0.0,1093.5321999999999,3.2623,1096.7945,1123.2915
717,0.3111,0.0,0.3111,0.056,1.0,0.0,17.3772,0.0173,31.3775,14.0003,0.0,0.0,0.0,31.377499999999998,0.0173,31.394799999999996,31.891
718,0.1717,0.0001,0.1718,0.0309,0.99941792782305,0.0005820721769499418,9.5904,0.0509,12.5896,2.9992,0.0,0.0,0.0,12.5896,0.0509,12.640500000000001,13.1404
719,0.3523,0.0005,0.3528,0.0635,0.9985827664399093,0.001417233560090703,19.026,0.3105,95.0257,75.9997,0.0,0.0,0.0,95.02570000000001,0.31049999999999994,95.33620000000002,99.3316
720,0.3138,0.0145,0.3283,0.0591,0.955833079500457,0.04416692049954311,17.3772,8.4726,849.3778,832.0006,0.0,0.0,0.0,849.3778000000001,8.4726,857.8504,890.3516
721,0.1899,0.0135,0.2034,0.0366,0.9336283185840709,0.06637168141592921,10.4274,8.8222,1109.4263,1098.9989,0.0,0.0,0.0,1109.4263,8.8222,1118.2485000000001,1132.7435
722,0.3276,0.0,0.3276,0.059,1.0,0.0,16.983,0.0179,17.9828,0.9998,0.0,0.0,0.0,17.9828,0.017899999999999996,18.000700000000002,18.5039
723,0.5434,0.0066,0.55,0.099,0.9879999999999999,0.011999999999999999,30.0978,4.2424,839.0986,809.0008,0.0,0.0,0.0,839.0986,4.2424,843.341,860.8412
724,0.2812,0.0,0.2812,0.0506,1.0,0.0,15.5754,0.012,27.5757,12.0003,0.0,0.0,0.0,27.5757,0.012,27.5877,28.0924
725,0.4349,0.0063,0.4412,0.0794,0.9857207615593836,0.014279238440616501,23.8824,4.0157,401.8822,377.9998,0.0,0.0,0.0,401.8822,4.0157,405.8979,421.8996
726,0.5273,0.0026,0.5299,0.0954,0.99509341385167,0.004906586148329873,29.4552,1.737,571.4546,541.9994,0.0,0.0,0.0,571.4546,1.737,573.1916,587.6887
727,0.1598,0.0218,0.1815,0.0327,0.8804407713498623,0.12011019283746557,9.0828,13.7846,1488.0829,1479.0001,0.0,0.0,0.0,1488.0828999999999,13.784600000000001,1501.8674999999998,1533.8704
728,0.0965,0.0042,0.1007,0.0181,0.9582919563058591,0.04170804369414101,5.436,2.5426,937.436,932.0,0.0,0.0,0.0,937.4359999999999,2.5425999999999997,939.9785999999999,967.4803
729,0.3463,0.0,0.3463,0.0623,1.0,0.0,19.179,0.0241,30.1794,11.0004,0.0,0.0,0.0,30.1794,0.024099999999999996,30.203500000000002,30.2013
730,0.2097,0.0003,0.21,0.0378,0.9985714285714286,0.0014285714285714286,10.872,0.165,51.8715,40.9995,0.0,0.0,0.0,51.8715,0.165,52.0365,54.0406
731,0.4105,0.0003,0.4108,0.0739,0.999269717624148,0.0007302823758519961,21.8052,0.1865,41.8055,20.0003,0.0,0.0,0.0,41.805499999999995,0.1865,41.992,44.4876
732,0.2621,0.0001,0.2622,0.0472,0.9996186117467583,0.00038138825324180017,14.1516,0.0725,16.152,2.0004,0.0,0.0,0.0,16.152,0.07250000000000001,16.224500000000003,17.2236
733,0.5574,0.0015,0.5589,0.1006,0.9973161567364467,0.0026838432635534087,30.0978,0.9572,428.0986,398.0008,0.0,0.0,0.0,428.09860000000003,0.9571999999999999,429.05580000000003,446.5584
734,0.5648,0.0,0.5648,0.1017,1.0,0.0,31.2804,0.0201,33.2803,1.9999,0.0,0.0,0.0,33.2803,0.020100000000000003,33.300399999999996,33.2978
735,0.2558,0.0006,0.2563,0.0461,0.9980491611392901,0.0023410066328521262,14.6664,0.346,101.6654,86.999,0.0,0.0,0.0,101.6654,0.346,102.01140000000001,104.5088
736,0.3045,0.0002,0.3047,0.0548,0.9993436166721364,0.0006563833278634722,16.722,0.1214,25.7214,8.9994,0.0,0.0,0.0,25.7214,0.12140000000000001,25.8428,26.3477
737,0.4006,0.0,0.4006,0.0721,1.0,0.0,22.3758,0.0134,28.3758,6.0,0.0,0.0,0.0,28.375799999999998,0.013399999999999999,28.3892,28.3881
738,0.3761,0.0025,0.3787,0.0682,0.9931344071824664,0.006601531555320835,21.1932,1.6232,476.1932,455.0,0.0,0.0,0.0,476.19319999999993,1.6232000000000002,477.81639999999993,489.8157
739,0.2328,0.0024,0.2352,0.0423,0.989795918367347,0.01020408163265306,12.7854,1.5425,389.7864,377.001,0.0,0.0,0.0,389.7864,1.5425,391.32890000000003,410.8296
740,0.4668,0.0,0.4668,0.084,1.0,0.0,27.2484,0.0263,31.2484,4.0,0.0,0.0,0.0,31.248399999999997,0.0263,31.274699999999996,31.2784
741,0.1786,0.0001,0.1787,0.0322,0.9994404029099049,0.0005595970900951316,10.4274,0.0353,39.4269,28.9995,0.0,0.0,0.0,39.4269,0.0353,39.4622,40.4585
742,0.1277,0.0272,0.1549,0.0279,0.8244028405422853,0.17559715945771465,7.0722,17.8484,452.0722,445.0,0.0,0.0,0.0,452.07219999999995,17.8484,469.9206,499.919
743,0.21,0.0024,0.2124,0.0382,0.9887005649717514,0.011299435028248586,11.7324,1.4467,741.7327,730.0003,0.0,0.0,0.0,741.7327,1.4466999999999999,743.1794,756.6825
744,0.4027,0.0002,0.403,0.0725,0.9992555831265508,0.0004962779156327543,21.2166,0.1534,28.2168,7.0002,0.0,0.0,0.0,28.2168,0.1534,28.3702,30.3731
745,0.4101,0.003,0.4131,0.0744,0.9927378358750908,0.0072621641249092225,22.9086,1.8345,466.9092,444.0006,0.0,0.0,0.0,466.9092,1.8344999999999998,468.7437,480.7418
746,0.4929,0.0005,0.4934,0.0888,0.9989866234292664,0.0010133765707336846,26.3988,0.3052,98.3986,71.9998,0.0,0.0,0.0,98.39859999999999,0.3052,98.70379999999999,102.2079
747,0.3925,0.0,0.3925,0.0706,1.0,0.0,21.1932,0.0117,58.1936,37.0004,0.0,0.0,0.0,58.1936,0.011700000000000002,58.2053,58.2063
748,0.446,0.0002,0.4462,0.0803,0.9995517705064993,0.00044822949350067237,23.8824,0.1301,40.8823,16.9999,0.0,0.0,0.0,40.8823,0.1301,41.0124,43.0127
749,0.1177,0.0,0.1178,0.0212,0.999151103565365,0.0,6.0552,0.0094,15.0552,9.0,0.0,0.0,0.0,15.055199999999997,0.0094,15.064599999999997,15.0621
750,0.5283,0.0,0.5284,0.0951,0.9998107494322483,0.0,28.7694,0.0244,63.769,34.9996,0.0,0.0,0.0,63.769,0.0244,63.7934,63.7931
751,0.5273,0.0004,0.5277,0.095,0.9992419935569453,0.000758006443054766,29.4552,0.2534,174.4549,144.9997,0.0,0.0,0.0,174.45490000000004,0.2534,174.70830000000004,178.207
752,0.1586,0.0001,0.1587,0.0286,0.9993698802772526,0.000630119722747322,8.154,0.0662,8.1538,0.0,0.0,0.0,0.0,8.1538,0.06620000000000001,8.22,8.2182
753,0.1156,0.0002,0.1158,0.0208,0.9982728842832469,0.0017271157167530226,6.6888,0.1202,8.6886,1.9998,0.0,0.0,0.0,8.688600000000001,0.12020000000000002,8.808800000000002,10.8097
754,0.1115,0.0013,0.1128,0.0203,0.9884751773049646,0.01152482269503546,6.2298,0.7755,68.2301,62.0003,0.0,0.0,0.0,68.2301,0.7755000000000001,69.00559999999999,73.002
755,0.3545,0.0232,0.3778,0.068,0.9383271572260454,0.061408152461619896,19.6362,14.604,1017.6364,998.0002,0.0,0.0,0.0,1017.6364000000001,14.604,1032.2404000000001,1073.2355
756,0.262,0.0002,0.2622,0.0472,0.9992372234935165,0.0007627765064836003,15.5754,0.1071,20.5756,5.0002,0.0,0.0,0.0,20.5756,0.1071,20.6827,22.1863
757,0.1788,0.0025,0.1813,0.0326,0.9862107004964148,0.013789299503585218,9.819,1.6353,411.8183,401.9993,0.0,0.0,0.0,411.8183,1.6353,413.4536,424.4541
758,0.4538,0.0002,0.454,0.0817,0.9995594713656387,0.0004405286343612335,24.921,0.115,51.9208,26.9998,0.0,0.0,0.0,51.92080000000001,0.115,52.03580000000001,53.5309
759,0.3492,0.0007,0.3499,0.063,0.9979994284081166,0.002000571591883395,19.179,0.4072,425.1791,406.0001,0.0,0.0,0.0,425.17909999999995,0.40719999999999995,425.58629999999994,427.5902
760,0.1712,0.0235,0.1947,0.035,0.8793014894709809,0.12069851052901899,9.819,15.2293,2651.8178,2641.9988,0.0,0.0,0.0,2651.8178,15.2293,2667.0471,2697.0428
761,0.274,0.0003,0.2743,0.0494,0.9989063069631792,0.001093693036820999,15.5754,0.1889,71.5756,56.0002,0.0,0.0,0.0,71.5756,0.18889999999999998,71.7645,74.2646
762,0.3205,0.0003,0.3208,0.0577,0.999064837905237,0.0009351620947630922,17.5986,0.1866,48.5988,31.0002,0.0,0.0,0.0,48.598800000000004,0.1866,48.7854,49.2881
763,0.1535,0.0005,0.154,0.0277,0.9967532467532467,0.003246753246753247,8.8002,0.3301,128.7997,119.9995,0.0,0.0,0.0,128.7997,0.3301,129.1298,133.6337
764,0.3685,0.0334,0.4019,0.0723,0.9168947499377955,0.08310525006220452,20.0664,19.815,808.0659,787.9995,0.0,0.0,0.0,808.0658999999999,19.815,827.8809,840.3793
765,0.2457,0.0001,0.2458,0.0442,0.999593165174939,0.00040683482506102527,13.3776,0.0552,34.3771,20.9995,0.0,0.0,0.0,34.3771,0.05519999999999999,34.4323,34.4338
766,0.1801,0.0004,0.1804,0.0325,0.9983370288248338,0.0022172949002217295,10.2348,0.2478,22.2351,12.0003,0.0,0.0,0.0,22.2351,0.24780000000000002,22.4829,26.4841
767,0.5318,0.0013,0.5332,0.096,0.9973743435858966,0.002438109527381845,29.4552,0.8263,384.4546,354.9994,0.0,0.0,0.0,384.4546,0.8262999999999999,385.28090000000003,395.7765
768,0.367,0.0001,0.3671,0.0661,0.9997275946608554,0.00027240533914464724,19.026,0.0767,47.0257,27.9997,0.0,0.0,0.0,47.0257,0.0767,47.1024,47.6072
769,0.4324,0.001,0.4335,0.078,0.9974625144175318,0.002306805074971165,25.4736,0.6481,198.474,173.0004,0.0,0.0,0.0,198.474,0.6480999999999999,199.1221,217.1259
770,0.5481,0.0229,0.571,0.1028,0.9598949211908933,0.04010507880910683,30.0978,14.1907,1212.0989,1182.0011,0.0,0.0,0.0,1212.0989,14.1907,1226.2896,1273.7938
771,0.3707,0.0002,0.3709,0.0668,0.9994607710973308,0.0005392289026691831,20.5326,0.0914,80.5323,59.9997,0.0,0.0,0.0,80.53229999999999,0.09139999999999998,80.62369999999999,81.1193
772,0.2987,0.0,0.2988,0.0538,0.999665327978581,0.0,17.5986,0.0219,17.5987,0.0001,0.0,0.0,0.0,17.598699999999997,0.0219,17.620599999999996,17.6191
773,0.3123,0.0197,0.332,0.0598,0.9406626506024096,0.059337349397590354,17.5986,12.3255,915.599,898.0004,0.0,0.0,0.0,915.5989999999999,12.3255,927.9245,964.927
774,0.1086,0.0051,0.1137,0.0205,0.9551451187335093,0.04485488126649077,5.8662,3.1734,437.8663,432.0001,0.0,0.0,0.0,437.8663000000001,3.1734,441.0397000000001,462.5382
775,0.4411,0.0026,0.4437,0.0799,0.994140184809556,0.005859815190443994,24.2208,1.5916,981.2209,957.0001,0.0,0.0,0.0,981.2208999999999,1.5916,982.8124999999999,1000.8168
776,0.1105,0.0003,0.1109,0.02,0.9963931469792606,0.0027051397655545534,6.3936,0.2115,59.3929,52.9993,0.0,0.0,0.0,59.392900000000004,0.21150000000000002,59.604400000000005,63.1057
777,0.5046,0.0004,0.505,0.0909,0.9992079207920793,0.0007920792079207921,29.4552,0.2527,126.4542,96.999,0.0,0.0,0.0,126.4542,0.2527,126.7069,126.7024
778,0.4393,0.0002,0.4395,0.0791,0.9995449374288965,0.0004550625711035268,24.3288,0.1481,72.3289,48.0001,0.0,0.0,0.0,72.32889999999999,0.14809999999999998,72.47699999999999,73.4745
779,0.3859,0.025,0.411,0.074,0.9389294403892945,0.060827250608272515,21.1932,14.5862,1012.1935,991.0003,0.0,0.0,0.0,1012.1935000000001,14.5862,1026.7797,1061.2755
780,0.3005,0.0002,0.3006,0.0541,0.9996673320026613,0.0006653359946773122,15.5754,0.0999,31.5754,16.0,0.0,0.0,0.0,31.5754,0.09989999999999999,31.6753,31.6733
781,0.3862,0.0001,0.3862,0.0695,1.0,0.00025893319523562924,20.853,0.0358,37.8533,17.0003,0.0,0.0,0.0,37.853300000000004,0.0358,37.889100000000006,38.887
782,0.1485,0.0009,0.1494,0.0269,0.9939759036144578,0.006024096385542168,8.154,0.5964,176.1539,167.9999,0.0,0.0,0.0,176.15390000000002,0.5963999999999999,176.7503,189.2524
783,0.4164,0.0001,0.4166,0.075,0.99951992318771,0.00024003840614498319,23.4648,0.0883,44.4654,21.0006,0.0,0.0,0.0,44.4654,0.0883,44.5537,44.5578
784,0.1299,0.0004,0.1303,0.0235,0.9969301611665387,0.0030698388334612432,7.0722,0.2828,88.0724,81.0002,0.0,0.0,0.0,88.07239999999999,0.28279999999999994,88.35519999999998,92.353
785,0.3707,0.0164,0.3872,0.0697,0.9573863636363636,0.04235537190082645,20.5326,10.7739,1401.532,1380.9994,0.0,0.0,0.0,1401.5319999999997,10.773900000000001,1412.3058999999996,1457.3037
786,0.3106,0.0001,0.3107,0.0559,0.9996781461216608,0.000321853878339234,17.0586,0.0349,37.0587,20.0001,0.0,0.0,0.0,37.05869999999999,0.0349,37.09359999999999,37.096
787,0.3164,0.014,0.3304,0.0595,0.9576271186440678,0.0423728813559322,17.3772,9.3984,496.378,479.0008,0.0,0.0,0.0,496.378,9.398399999999999,505.77639999999997,528.2783
788,0.298,0.0126,0.3106,0.0559,0.9594333547971667,0.04056664520283323,16.3638,7.7247,752.3634,735.9996,0.0,0.0,0.0,752.3634,7.7246999999999995,760.0880999999999,781.5922
789,0.2013,0.0002,0.2015,0.0363,0.9990074441687344,0.0009925558312655087,10.872,0.1399,123.8716,112.9996,0.0,0.0,0.0,123.8716,0.1399,124.0115,126.5115
790,0.2955,0.0002,0.2956,0.0532,0.999661705006766,0.0006765899864682003,16.3638,0.1134,75.3637,58.9999,0.0,0.0,0.0,75.36369999999998,0.11339999999999999,75.47709999999998,75.9757
791,0.2904,0.0115,0.3019,0.0543,0.9619079165286518,0.038092083471348126,16.3638,7.3722,975.3636,958.9998,0.0,0.0,0.0,975.3635999999999,7.3722,982.7357999999999,991.7342
792,0.3247,0.0031,0.3278,0.059,0.990543014032947,0.009456985967053081,17.6814,2.0898,816.6808,798.9994,0.0,0.0,0.0,816.6808,2.0898,818.7706,830.2734
793,0.4807,0.0012,0.4819,0.0867,0.997509856816767,0.0024901431832330357,26.3988,0.7344,232.3983,205.9995,0.0,0.0,0.0,232.39829999999998,0.7344,233.13269999999997,246.1344
794,0.1697,0.0,0.1697,0.0306,1.0,0.0,9.819,0.0158,21.8184,11.9994,0.0,0.0,0.0,21.818399999999997,0.015799999999999998,21.834199999999996,21.8348
795,0.3984,0.0001,0.3985,0.0717,0.9997490589711416,0.0002509410288582183,22.644,0.0815,23.6437,0.9997,0.0,0.0,0.0,23.6437,0.0815,23.725199999999997,25.7296
796,0.4696,0.0006,0.4703,0.0846,0.9985115883478631,0.0012757814161173718,25.5726,0.4314,262.5725,236.9999,0.0,0.0,0.0,262.5725,0.43140000000000006,263.0039,271.4996
797,0.4618,0.0001,0.4619,0.0831,0.9997835029227106,0.0002164970772894566,24.3288,0.0657,42.3289,18.0001,0.0,0.0,0.0,42.3289,0.06570000000000001,42.3946,42.3909
798,0.1672,0.0002,0.1674,0.0301,0.998805256869773,0.0011947431302270013,9.5904,0.1147,36.5897,26.9993,0.0,0.0,0.0,36.58969999999999,0.11470000000000001,36.70439999999999,37.7086
799,0.3174,0.0002,0.3176,0.0572,0.9993702770780857,0.0006297229219143578,16.722,0.148,66.7215,49.9995,0.0,0.0,0.0,66.72149999999999,0.148,66.86949999999999,67.3656
800,0.2517,0.0001,0.2518,0.0453,0.9996028594122317,0.0003971405877680699,13.59,0.0741,61.5898,47.9998,0.0,0.0,0.0,61.5898,0.0741,61.6639,63.1599
801,0.3375,0.005,0.3425,0.0617,0.9854014598540146,0.014598540145985401,18.6912,3.1175,2542.6907,2523.9995,0.0,0.0,0.0,2542.6906999999997,3.1174999999999997,2545.8081999999995,2562.3065
802,0.1032,0.0003,0.1035,0.0186,0.9971014492753624,0.002898550724637681,5.8662,0.1787,41.8663,36.0001,0.0,0.0,0.0,41.866299999999995,0.1787,42.044999999999995,45.0417
803,0.105,0.0024,0.1075,0.0193,0.9767441860465116,0.022325581395348834,5.8662,1.4543,689.8663,684.0001,0.0,0.0,0.0,689.8663000000001,1.4542999999999997,691.3206000000001,701.8174
804,0.4318,0.0235,0.4552,0.0819,0.9485940246045694,0.05162565905096661,24.3288,14.931,1043.329,1019.0002,0.0,0.0,0.0,1043.329,14.931,1058.26,1101.7603
805,0.2368,0.0064,0.2432,0.0438,0.9736842105263158,0.026315789473684213,12.7854,4.0962,415.7862,403.0008,0.0,0.0,0.0,415.7862,4.0962,419.8824,440.3872
806,0.2395,0.0015,0.241,0.0434,0.9937759336099585,0.006224066390041494,13.3776,1.003,93.3771,79.9995,0.0,0.0,0.0,93.3771,1.0030000000000001,94.3801,108.3756
807,0.2269,0.0026,0.2295,0.0413,0.9886710239651415,0.011328976034858386,12.7854,1.6202,423.7861,411.0007,0.0,0.0,0.0,423.78610000000003,1.6201999999999999,425.40630000000004,434.9108
808,0.262,0.0003,0.2623,0.0472,0.9988562714449105,0.001143728555089592,15.5754,0.1904,35.5755,20.0001,0.0,0.0,0.0,35.57549999999999,0.1904,35.76589999999999,39.7644
809,0.4246,0.0001,0.4246,0.0764,1.0,0.00023551577955723037,25.4736,0.0442,30.4739,5.0003,0.0,0.0,0.0,30.473899999999993,0.044199999999999996,30.518099999999993,30.5169
810,0.3196,0.0051,0.3247,0.0584,0.9842931937172775,0.015706806282722516,18.1656,3.0621,611.1657,593.0001,0.0,0.0,0.0,611.1656999999999,3.0621,614.2277999999999,638.2302
811,0.0956,0.0019,0.0975,0.0175,0.9805128205128205,0.019487179487179488,5.436,1.1483,531.4356,525.9996,0.0,0.0,0.0,531.4356,1.1482999999999999,532.5839,560.5886
812,0.3523,0.0009,0.3533,0.0636,0.9971695442966317,0.002547410133031418,19.026,0.5688,347.0257,327.9997,0.0,0.0,0.0,347.02570000000003,0.5688,347.59450000000004,356.5991
813,0.4933,0.0009,0.4942,0.0889,0.9981788749494133,0.001821125050586807,28.2888,0.5326,164.2892,136.0004,0.0,0.0,0.0,164.2892,0.5326,164.8218,174.3268
814,0.4807,0.0188,0.4996,0.0899,0.962169735788631,0.03763010408326661,26.3988,12.1831,518.3987,491.9999,0.0,0.0,0.0,518.3987,12.1831,530.5817999999999,588.0776
815,0.1612,0.0054,0.1666,0.03,0.9675870348139256,0.03241296518607443,9.0828,3.3479,979.0829,970.0001,0.0,0.0,0.0,979.0828999999999,3.3479000000000005,982.4307999999999,996.4282
816,0.3665,0.0001,0.3666,0.066,0.9997272231314784,0.0002727768685215494,20.4714,0.0717,24.4705,3.9991,0.0,0.0,0.0,24.470499999999998,0.0717,24.542199999999998,27.0378
817,0.1732,0.0015,0.1746,0.0314,0.9919816723940434,0.00859106529209622,9.5904,0.9549,271.5895,261.9991,0.0,0.0,0.0,271.5895,0.9549,272.5444,286.0432
818,0.2621,0.0,0.2621,0.0472,1.0,0.0,14.1516,0.021,18.152,4.0004,0.0,0.0,0.0,18.152,0.020999999999999998,18.173000000000002,18.6718
819,0.3926,0.0037,0.3963,0.0713,0.9906636386575827,0.009336361342417361,21.744,2.3607,829.7436,807.9996,0.0,0.0,0.0,829.7436,2.3607,832.1043,852.1089
820,0.2436,0.0,0.2437,0.0439,0.9995896594173164,0.0,13.3776,0.0299,13.3771,0.0,0.0,0.0,0.0,13.377099999999999,0.029899999999999996,13.406999999999998,14.4075
821,0.4307,0.0107,0.4414,0.0794,0.975758948799275,0.024241051200724964,24.921,6.9053,2463.9209,2438.9999,0.0,0.0,0.0,2463.9209,6.9053,2470.8262,2491.3258
822,0.4247,0.0,0.4247,0.0765,1.0,0.0,22.3758,0.0148,52.376,30.0002,0.0,0.0,0.0,52.37599999999999,0.0148,52.39079999999999,52.3935
823,0.4074,0.0003,0.4077,0.0734,0.9992641648270787,0.0007358351729212655,24.2208,0.1775,105.221,81.0002,0.0,0.0,0.0,105.221,0.1775,105.3985,108.8972
824,0.2968,0.0274,0.3241,0.0583,0.9157667386609072,0.08454180808392471,16.722,17.8867,1182.7215,1165.9995,0.0,0.0,0.0,1182.7215,17.886699999999998,1200.6082000000001,1238.111
825,0.1947,0.0004,0.1951,0.0351,0.9979497693490519,0.0020502306509482316,10.4274,0.2448,109.4272,98.9998,0.0,0.0,0.0,109.4272,0.24480000000000002,109.672,113.1719
826,0.4101,0.0256,0.4357,0.0784,0.9412439752123022,0.058756024787697966,22.9086,16.646,1539.9092,1517.0006,0.0,0.0,0.0,1539.9092,16.646,1556.5552,1582.0504
827,0.4492,0.0002,0.4495,0.0809,0.9993325917686318,0.0004449388209121246,24.462,0.1516,94.4613,69.9993,0.0,0.0,0.0,94.46130000000002,0.1516,94.61290000000002,101.1101
828,0.32,0.0009,0.3209,0.0578,0.9971953879713306,0.002804612028669367,16.722,0.5527,104.7217,87.9997,0.0,0.0,0.0,104.7217,0.5527,105.2744,110.277
829,0.1523,0.0002,0.1525,0.0274,0.9986885245901639,0.0013114754098360656,8.154,0.1446,62.1537,53.9997,0.0,0.0,0.0,62.153700000000015,0.1446,62.29830000000001,62.3007
830,0.2648,0.001,0.2658,0.0478,0.9962377727614747,0.0037622272385252073,14.6664,0.6472,309.6658,294.9994,0.0,0.0,0.0,309.6658,0.6472,310.313,325.8165
831,0.2467,0.0008,0.2476,0.0446,0.9963651050080776,0.0032310177705977385,13.9032,0.5428,128.9021,114.9989,0.0,0.0,0.0,128.90210000000002,0.5428000000000001,129.44490000000002,138.4492
832,0.21,0.0001,0.2101,0.0378,0.9995240361732508,0.00047596382674916705,11.7324,0.0495,34.7324,23.0,0.0,0.0,0.0,34.7324,0.049499999999999995,34.7819,37.286
833,0.4615,0.0231,0.4846,0.0872,0.9523318200577797,0.04766817994222039,24.921,14.0649,787.9209,762.9999,0.0,0.0,0.0,787.9209000000001,14.064899999999998,801.9858,818.4888
834,0.3119,0.0008,0.3127,0.0563,0.9974416373520948,0.0025583626479053407,16.983,0.5539,316.9828,299.9998,0.0,0.0,0.0,316.9828,0.5539,317.5367,330.0331
835,0.4546,0.0002,0.4548,0.0819,0.9995602462620933,0.00043975373790677223,24.7536,0.1497,75.7528,50.9992,0.0,0.0,0.0,75.75280000000001,0.1497,75.9025,81.9002
836,0.396,0.0016,0.3975,0.0716,0.9962264150943396,0.004025157232704402,22.9086,1.0027,508.9088,486.0002,0.0,0.0,0.0,508.9088,1.0027000000000001,509.9115,518.4148
837,0.5697,0.0009,0.5706,0.1027,0.998422712933754,0.0015772870662460567,31.8258,0.5507,159.8249,127.9991,0.0,0.0,0.0,159.8249,0.5507,160.37560000000002,168.8755
838,0.1112,0.0106,0.1218,0.0219,0.9129720853858784,0.0870279146141215,6.0552,6.6644,1567.0552,1561.0,0.0,0.0,0.0,1567.0551999999998,6.6644,1573.7195999999997,1607.2212
839,0.5181,0.0,0.5181,0.0933,1.0,0.0,27.2934,0.0151,29.2943,2.0009,0.0,0.0,0.0,29.294300000000003,0.0151,29.309400000000004,31.3045
840,0.5574,0.0062,0.5636,0.1014,0.9889992902767921,0.01100070972320795,30.0978,3.9131,769.0986,739.0008,0.0,0.0,0.0,769.0986,3.9131,773.0117,786.515
841,0.5686,0.0002,0.5688,0.1024,0.999648382559775,0.0003516174402250352,30.7062,0.1226,44.706,13.9998,0.0,0.0,0.0,44.705999999999996,0.12260000000000001,44.828599999999994,47.8243
842,0.1202,0.0017,0.1219,0.0219,0.9860541427399508,0.01394585726004922,6.5448,1.0517,437.5454,431.0006,0.0,0.0,0.0,437.5454,1.0516999999999999,438.59709999999995,449.0953
843,0.2261,0.001,0.2272,0.0409,0.9951584507042253,0.0044014084507042256,12.1104,0.6685,216.1104,204.0,0.0,0.0,0.0,216.11039999999997,0.6685000000000001,216.77889999999996,236.7762
844,0.4109,0.0012,0.4121,0.0742,0.997088085416161,0.0029119145838388738,22.3758,0.8149,467.3758,445.0,0.0,0.0,0.0,467.3758,0.8149000000000001,468.19070000000005,479.187
845,0.1255,0.0017,0.1272,0.0229,0.9866352201257861,0.013364779874213835,7.0722,1.0438,637.0722,630.0,0.0,0.0,0.0,637.0722000000001,1.0437999999999998,638.1160000000001,665.1203
846,0.3308,0.0104,0.3412,0.0614,0.9695193434935521,0.03048065650644783,18.1656,6.5036,1635.1658,1617.0002,0.0,0.0,0.0,1635.1658,6.5036,1641.6694,1669.1661
847,0.3034,0.0,0.3034,0.0546,1.0,0.0,15.9822,0.0266,16.9829,1.0007,0.0,0.0,0.0,16.9829,0.026600000000000002,17.0095,17.5116
848,0.5328,0.0012,0.5339,0.0961,0.9979396890803521,0.002247611912343135,28.7694,0.7443,388.769,359.9996,0.0,0.0,0.0,388.769,0.7443,389.5133,400.0156
849,0.4848,0.0004,0.4852,0.0873,0.9991755976916735,0.0008244023083264633,26.181,0.2203,158.1817,132.0007,0.0,0.0,0.0,158.1817,0.2203,158.40200000000002,166.8998
850,0.2757,0.0102,0.2859,0.0515,0.9643231899265478,0.03567681007345226,15.138,6.1409,797.1381,782.0001,0.0,0.0,0.0,797.1381000000001,6.140899999999999,803.2790000000001,820.2778
851,0.1014,0.0102,0.1116,0.0201,0.9086021505376344,0.0913978494623656,5.8662,6.4963,1066.8662,1061.0,0.0,0.0,0.0,1066.8662,6.4963,1073.3625,1102.8673
852,0.1643,0.0001,0.1645,0.0296,0.9987841945288753,0.0006079027355623101,8.8002,0.0847,45.7996,36.9994,0.0,0.0,0.0,45.7996,0.08470000000000001,45.884299999999996,46.8881
853,0.1288,0.0035,0.1323,0.0238,0.9735449735449735,0.026455026455026457,7.0722,2.2028,430.0722,423.0,0.0,0.0,0.0,430.07219999999995,2.2028000000000003,432.275,449.772
854,0.302,0.0005,0.3025,0.0544,0.9983471074380166,0.0016528925619834713,16.308,0.3212,151.3077,134.9997,0.0,0.0,0.0,151.3077,0.32119999999999993,151.62890000000002,165.6265
855,0.4459,0.0003,0.4463,0.0803,0.9991037418776608,0.0006721935917544253,25.5726,0.2202,153.5726,128.0,0.0,0.0,0.0,153.5726,0.2202,153.7928,156.2894
856,0.5046,0.0005,0.5051,0.0909,0.999010097010493,0.0009899029895070284,27.2484,0.3367,137.2485,110.0001,0.0,0.0,0.0,137.2485,0.33670000000000005,137.58520000000001,144.0872
857,0.3336,0.0056,0.3391,0.061,0.9837805956944854,0.016514302565614862,18.1656,3.4749,583.1658,565.0002,0.0,0.0,0.0,583.1658,3.4749,586.6407,607.1403
858,0.1113,0.0,0.1114,0.02,0.9991023339317774,0.0,5.8662,0.0196,20.8663,15.0001,0.0,0.0,0.0,20.866300000000003,0.0196,20.885900000000003,21.387
859,0.3205,0.0046,0.325,0.0585,0.9861538461538462,0.014153846153846152,17.5986,2.8691,553.5988,536.0002,0.0,0.0,0.0,553.5988,2.8691,556.4679,591.4656
860,0.4349,0.0018,0.4367,0.0786,0.9958781772383788,0.00412182276162125,23.8824,1.0786,340.8823,316.9999,0.0,0.0,0.0,340.8823,1.0786,341.9609,349.4608
861,0.5744,0.0004,0.5748,0.1035,0.9993041057759221,0.0006958942240779402,31.2804,0.2492,82.2802,50.9998,0.0,0.0,0.0,82.28019999999998,0.2492,82.52939999999998,84.0249
862,0.099,0.0029,0.1019,0.0183,0.971540726202159,0.028459273797841016,5.436,2.0092,447.4359,441.9999,0.0,0.0,0.0,447.4359,2.0092,449.4451,471.9448
863,0.3486,0.0004,0.349,0.0628,0.9988538681948426,0.0011461318051575933,19.8126,0.2602,101.8129,82.0003,0.0,0.0,0.0,101.81290000000001,0.26020000000000004,102.07310000000001,108.069
864,0.4082,0.0004,0.4086,0.0736,0.9990210474791972,0.0009789525208027412,23.4108,0.251,99.4098,75.999,0.0,0.0,0.0,99.40979999999999,0.251,99.6608,109.1649
865,0.3696,0.0,0.3696,0.0665,1.0,0.0,21.1932,0.0122,21.1934,0.0002,0.0,0.0,0.0,21.193399999999997,0.012199999999999999,21.205599999999997,21.2058
866,0.2027,0.0019,0.2046,0.0368,0.9907135874877809,0.009286412512218964,11.322,1.1636,737.322,726.0,0.0,0.0,0.0,737.322,1.1636,738.4856,751.4833
867,0.1485,0.0035,0.152,0.0274,0.9769736842105263,0.023026315789473686,8.154,2.1086,793.154,785.0,0.0,0.0,0.0,793.154,2.1086,795.2626,830.2657
868,0.4335,0.0017,0.4353,0.0784,0.9958649207443142,0.0039053526303698596,23.4108,1.1258,514.41,490.9992,0.0,0.0,0.0,514.4100000000001,1.1258000000000001,515.5358000000001,522.5371
869,0.3515,0.0008,0.3523,0.0634,0.9977292080613113,0.0022707919386886176,19.6362,0.4856,240.6363,221.0001,0.0,0.0,0.0,240.63629999999998,0.4855999999999999,241.12189999999998,254.622
870,0.4261,0.0026,0.4287,0.0772,0.993935152787497,0.006064847212502915,24.2208,1.6954,739.2208,715.0,0.0,0.0,0.0,739.2208,1.6953999999999998,740.9162,758.9132
871,0.1141,0.0,0.1142,0.0206,0.999124343257443,0.0,6.5448,0.0304,6.5455,0.0007,0.0,0.0,0.0,6.5455000000000005,0.0304,6.575900000000001,6.577
872,0.1096,0.0,0.1096,0.0197,1.0,0.0,6.2298,0.0142,6.2302,0.0004,0.0,0.0,0.0,6.2302,0.0142,6.2444,6.2454
873,0.1974,0.0178,0.2152,0.0387,0.9172862453531598,0.08271375464684015,11.322,10.5596,1546.3218,1534.9998,0.0,0.0,0.0,1546.3217999999997,10.5596,1556.8813999999998,1581.3834
874,0.3119,0.0093,0.3212,0.0578,0.9710460772104609,0.028953922789539226,16.983,6.0423,2368.9824,2351.9994,0.0,0.0,0.0,2368.9824,6.042300000000001,2375.0247,2400.0242
875,0.3769,0.0003,0.3772,0.0679,0.9992046659597031,0.0007953340402969247,21.8052,0.1871,58.8057,37.0005,0.0,0.0,0.0,58.8057,0.1871,58.9928,60.4958
876,0.2328,0.0,0.2328,0.0419,1.0,0.0,12.7854,0.0154,19.7862,7.0008,0.0,0.0,0.0,19.7862,0.0154,19.8016,19.7973
877,0.297,0.0155,0.3124,0.0562,0.9507042253521126,0.04961587708066581,16.308,9.8339,755.3075,738.9995,0.0,0.0,0.0,755.3075,9.8339,765.1414,784.1382
878,0.32,0.0002,0.3202,0.0576,0.999375390381012,0.0006246096189881325,16.722,0.1322,16.7215,0.0,0.0,0.0,0.0,16.7215,0.1322,16.8537,16.8501
879,0.5713,0.0002,0.5715,0.1029,0.9996500437445319,0.0003499562554680665,30.0978,0.1159,61.0984,31.0006,0.0,0.0,0.0,61.0984,0.11590000000000002,61.2143,62.2189
880,0.2355,0.0,0.2355,0.0424,1.0,0.0,12.1104,0.024,27.1106,15.0002,0.0,0.0,0.0,27.110599999999998,0.023999999999999997,27.1346,27.1374
881,0.2904,0.0028,0.2932,0.0528,0.990450204638472,0.009549795361527967,16.3638,1.8689,1003.3638,987.0,0.0,0.0,0.0,1003.3638000000001,1.8688999999999998,1005.2327000000001,1014.2336
882,0.3993,0.0017,0.401,0.0722,0.9957605985037405,0.004239401496259351,21.744,1.0881,744.7435,722.9995,0.0,0.0,0.0,744.7435,1.0881,745.8316000000001,769.3333
883,0.1103,0.0014,0.1117,0.0201,0.9874664279319606,0.012533572068039392,6.0552,0.8765,449.0553,443.0001,0.0,0.0,0.0,449.0553,0.8765000000000001,449.9318,456.9316
884,0.4719,0.0,0.4719,0.0849,1.0,0.0,24.462,0.0095,31.4616,6.9996,0.0,0.0,0.0,31.461600000000004,0.0095,31.471100000000003,31.4721
885,0.2422,0.0274,0.2696,0.0485,0.8983679525222552,0.1016320474777448,13.6476,16.9186,969.6471,955.9995,0.0,0.0,0.0,969.6470999999999,16.9186,986.5656999999999,1020.065
886,0.1849,0.024,0.2088,0.0376,0.8855363984674329,0.11494252873563218,9.819,14.2481,1556.818,1546.999,0.0,0.0,0.0,1556.8179999999998,14.2481,1571.0660999999998,1592.5696
887,0.4932,0.0,0.4933,0.0888,0.9997972836002433,0.0,28.0368,0.0247,35.036,6.9992,0.0,0.0,0.0,35.036,0.0247,35.060700000000004,35.0624
888,0.2812,0.0004,0.2816,0.0507,0.9985795454545454,0.0014204545454545455,15.5754,0.2348,86.5756,71.0002,0.0,0.0,0.0,86.57560000000001,0.2348,86.81040000000002,92.8062
889,0.2222,0.0001,0.2223,0.04,0.9995501574448943,0.000449842555105713,13.0914,0.0539,26.0909,12.9995,0.0,0.0,0.0,26.090899999999998,0.053899999999999997,26.144799999999996,26.645
890,0.2327,0.0024,0.2351,0.0423,0.9897915780518928,0.010208421948107187,12.4596,1.5073,724.4601,712.0005,0.0,0.0,0.0,724.4601,1.5073,725.9674,738.9638
891,0.4492,0.0004,0.4497,0.0809,0.9988881476539916,0.0008894818768067601,24.462,0.266,293.4614,268.9994,0.0,0.0,0.0,293.4614,0.26599999999999996,293.72740000000005,300.7248
892,0.1746,0.0059,0.1805,0.0325,0.9673130193905818,0.032686980609418284,9.5904,3.7016,1412.5894,1402.999,0.0,0.0,0.0,1412.5893999999998,3.7016,1416.291,1439.2912
893,0.3892,0.001,0.3902,0.0702,0.9974372116863147,0.00256278831368529,21.1932,0.6215,503.1933,482.0001,0.0,0.0,0.0,503.1933,0.6214999999999999,503.81480000000005,514.8138
894,0.3344,0.0249,0.3593,0.0647,0.930698580573337,0.06930141942666294,19.179,14.9054,853.1792,834.0002,0.0,0.0,0.0,853.1791999999999,14.905399999999998,868.0845999999999,881.0862
895,0.4335,0.0,0.4336,0.078,0.999769372693727,0.0,23.4108,0.0299,35.4099,11.9991,0.0,0.0,0.0,35.40990000000001,0.0299,35.439800000000005,36.9409
896,0.1161,0.0017,0.1178,0.0212,0.9855687606112054,0.014431239388794566,6.5448,1.0803,367.5454,361.0006,0.0,0.0,0.0,367.54540000000003,1.0803,368.62570000000005,380.6284
897,0.289,0.0005,0.2895,0.0521,0.998272884283247,0.0017271157167530226,16.722,0.2964,152.7215,135.9995,0.0,0.0,0.0,152.72150000000002,0.29640000000000005,153.01790000000003,157.5184
898,0.5181,0.0002,0.5183,0.0933,0.9996141230947329,0.0003858769052672198,27.2934,0.1302,68.2943,41.0009,0.0,0.0,0.0,68.2943,0.13019999999999998,68.42450000000001,72.4213
899,0.1494,0.0035,0.1529,0.0275,0.9771092217135382,0.02289077828646174,8.4906,2.1491,663.4909,655.0003,0.0,0.0,0.0,663.4909,2.1491000000000002,665.64,684.1391
900,0.2364,0.003,0.2394,0.0431,0.9874686716791979,0.012531328320802006,13.0914,1.8415,927.0907,913.9993,0.0,0.0,0.0,927.0907,1.8415,928.9322,946.432
901,0.3005,0.0027,0.3032,0.0546,0.9910949868073877,0.008905013192612136,16.3638,1.732,908.3637,891.9999,0.0,0.0,0.0,908.3636999999999,1.732,910.0956999999999,932.097
902,0.2308,0.0017,0.2325,0.0419,0.9926881720430107,0.0073118279569892464,12.7854,1.0813,545.7865,533.0011,0.0,0.0,0.0,545.7865,1.0813,546.8678000000001,563.8696
903,0.2757,0.0012,0.2769,0.0498,0.9956663055254605,0.004333694474539545,15.138,0.8035,416.1382,401.0002,0.0,0.0,0.0,416.1382,0.8034999999999999,416.94169999999997,430.9413
904,0.118,0.0001,0.1181,0.0213,0.9991532599491956,0.0008467400508044031,6.9516,0.0343,6.9509,0.0,0.0,0.0,0.0,6.9509,0.034300000000000004,6.9852,6.9813
905,0.502,0.0285,0.5305,0.0955,0.9462770970782282,0.05372290292177192,27.8046,18.0773,1212.8046,1185.0,0.0,0.0,0.0,1212.8046,18.0773,1230.8818999999999,1259.8869
906,0.5648,0.0136,0.5784,0.1041,0.9764868603042876,0.023513139695712306,31.2804,8.4075,1249.2803,1217.9999,0.0,0.0,0.0,1249.2803000000001,8.4075,1257.6878000000002,1287.1914
907,0.4423,0.0026,0.4449,0.0801,0.9941559901101371,0.00584400988986289,24.921,1.5836,1896.921,1872.0,0.0,0.0,0.0,1896.9209999999998,1.5836000000000001,1898.5045999999998,1920.5073
908,0.2733,0.0012,0.2745,0.0494,0.9956284153005464,0.004371584699453551,15.138,0.7183,247.1383,232.0003,0.0,0.0,0.0,247.13830000000002,0.7182999999999999,247.85660000000001,254.8554
909,0.1992,0.0005,0.1997,0.0359,0.9974962443665498,0.0025037556334501754,11.7324,0.338,188.7327,177.0003,0.0,0.0,0.0,188.7327,0.338,189.0707,196.5718
910,0.3317,0.0104,0.3421,0.0616,0.9695995323004969,0.030400467699503067,18.6912,6.4057,644.6907,625.9995,0.0,0.0,0.0,644.6907000000001,6.4056999999999995,651.0964000000001,679.5995
911,0.3196,0.0001,0.3197,0.0576,0.999687206756334,0.00031279324366593683,19.179,0.0558,36.1792,17.0002,0.0,0.0,0.0,36.1792,0.0558,36.235,36.2331
912,0.5806,0.0,0.5806,0.1045,1.0,0.0,30.0978,0.0126,32.0989,2.0011,0.0,0.0,0.0,32.09889999999999,0.012599999999999998,32.11149999999999,32.1152
913,0.4726,0.0005,0.4731,0.0852,0.9989431409849926,0.001056859015007398,26.3988,0.3401,113.3986,86.9998,0.0,0.0,0.0,113.39859999999999,0.34009999999999996,113.7387,121.2426
914,0.5109,0.0001,0.511,0.092,0.9998043052837574,0.00019569471624266145,30.0978,0.0676,33.0985,3.0007,0.0,0.0,0.0,33.098499999999994,0.06760000000000001,33.16609999999999,33.1688
915,0.2018,0.0,0.2019,0.0363,0.9995047052996533,0.0,12.1104,0.0222,18.1107,6.0003,0.0,0.0,0.0,18.110699999999998,0.022199999999999998,18.1329,18.6333
916,0.3929,0.0001,0.393,0.0707,0.9997455470737914,0.0002544529262086514,21.2166,0.0437,42.2168,21.0002,0.0,0.0,0.0,42.21679999999999,0.0437,42.26049999999999,42.2612
917,0.1931,0.0017,0.1948,0.0351,0.9912731006160164,0.008726899383983572,10.4274,1.0951,328.4271,317.9997,0.0,0.0,0.0,328.42710000000005,1.0951,329.52220000000005,342.5183
918,0.446,0.0009,0.4469,0.0804,0.9979861266502573,0.0020138733497426717,23.8824,0.5538,141.8823,117.9999,0.0,0.0,0.0,141.8823,0.5538000000000001,142.43609999999998,145.936
919,0.466,0.0,0.4661,0.0839,0.9997854537652865,0.0,24.7536,0.0191,41.753,16.9994,0.0,0.0,0.0,41.753,0.0191,41.7721,42.2679
920,0.264,0.0173,0.2813,0.0506,0.9384998222538216,0.061500177746178455,15.138,11.4727,844.1381,829.0001,0.0,0.0,0.0,844.1380999999999,11.472700000000001,855.6107999999999,873.1139
921,0.3404,0.0008,0.3411,0.0614,0.9979478158897683,0.0023453532688361184,19.179,0.4709,223.1793,204.0003,0.0,0.0,0.0,223.17929999999998,0.4709,223.65019999999998,232.1509
922,0.4542,0.0,0.4542,0.0818,1.0,0.0,26.7552,0.0181,47.7547,20.9995,0.0,0.0,0.0,47.7547,0.0181,47.7728,47.7751
923,0.5806,0.0002,0.5808,0.1045,0.9996556473829201,0.0003443526170798898,30.0978,0.1087,47.0982,17.0004,0.0,0.0,0.0,47.0982,0.10870000000000002,47.2069,49.705
924,0.315,0.002,0.317,0.0571,0.9936908517350158,0.006309148264984227,17.5986,1.2615,681.5988,664.0002,0.0,0.0,0.0,681.5988,1.2614999999999998,682.8602999999999,702.8602
925,0.2908,0.0002,0.291,0.0524,0.9993127147766324,0.0006872852233676976,15.5754,0.1108,88.5757,73.0003,0.0,0.0,0.0,88.57570000000001,0.11080000000000001,88.68650000000001,91.1908
926,0.2243,0.0015,0.2258,0.0406,0.9933569530558016,0.006643046944198406,13.0914,0.9171,559.0911,545.9997,0.0,0.0,0.0,559.0911000000001,0.9171,560.0082000000001,571.5076
927,0.2182,0.0001,0.2183,0.0393,0.9995419147961522,0.00045808520384791576,13.0914,0.0599,16.0909,2.9995,0.0,0.0,0.0,16.0909,0.0599,16.1508,16.147
928,0.2919,0.0044,0.2963,0.0533,0.9851501856226796,0.014849814377320284,16.308,2.6289,921.308,905.0,0.0,0.0,0.0,921.308,2.6289000000000002,923.9369,940.4356
929,0.3364,0.0007,0.3371,0.0607,0.9979234648472263,0.0020765351527736575,18.1656,0.4274,462.1659,444.0003,0.0,0.0,0.0,462.1659000000001,0.4274,462.59330000000006,468.0884
930,0.398,0.0001,0.3981,0.0717,0.9997488068324542,0.00025119316754584274,23.8824,0.0648,36.8824,13.0,0.0,0.0,0.0,36.882400000000004,0.0648,36.9472,37.4498
931,0.4066,0.0252,0.4318,0.0777,0.9416396479851783,0.058360352014821676,22.9086,16.0268,2140.9089,2118.0003,0.0,0.0,0.0,2140.9089,16.0268,2156.9357,2186.4308
932,0.1288,0.014,0.1428,0.0257,0.9019607843137254,0.09803921568627451,7.0722,8.4059,413.0723,406.0001,0.0,0.0,0.0,413.0722999999999,8.4059,421.4781999999999,452.9762
933,0.4299,0.0009,0.4309,0.0776,0.9976792759340914,0.002088651659317707,23.4108,0.6153,204.41,180.9992,0.0,0.0,0.0,204.41000000000003,0.6153000000000001,205.02530000000002,215.5228
934,0.2077,0.0,0.2077,0.0374,1.0,0.0,12.4596,0.0136,26.4602,14.0006,0.0,0.0,0.0,26.460199999999997,0.0136,26.473799999999997,26.4732
935,0.3716,0.0015,0.3731,0.0672,0.9959796301259716,0.004020369874028411,20.0664,0.9645,529.0656,508.9992,0.0,0.0,0.0,529.0655999999999,0.9644999999999999,530.0301,537.0286
936,0.3761,0.0215,0.3976,0.0716,0.9459255533199195,0.054074446680080476,21.1932,13.0539,1637.1934,1616.0002,0.0,0.0,0.0,1637.1934,13.053899999999999,1650.2473,1685.7467
937,0.3259,0.0001,0.326,0.0587,0.9996932515337423,0.00030674846625766873,19.026,0.0686,30.0252,10.9992,0.0,0.0,0.0,30.025199999999998,0.06860000000000001,30.093799999999998,30.0925
938,0.1575,0.0014,0.1589,0.0286,0.9911894273127753,0.008810572687224669,8.8002,0.8225,359.7997,350.9995,0.0,0.0,0.0,359.79970000000003,0.8225000000000001,360.6222,369.1189
939,0.4934,0.0273,0.5208,0.0937,0.9473886328725037,0.05241935483870967,27.8046,17.2674,1116.8046,1089.0,0.0,0.0,0.0,1116.8046000000002,17.2674,1134.0720000000001,1165.0725
940,0.2489,0.0269,0.2758,0.0496,0.9024655547498188,0.09753444525018129,13.9032,17.6172,846.9021,832.9989,0.0,0.0,0.0,846.9021,17.6172,864.5193,895.5145
941,0.322,0.0018,0.3238,0.0583,0.9944410129709699,0.005558987029030266,17.6814,1.0963,480.681,462.9996,0.0,0.0,0.0,480.681,1.0963,481.77729999999997,501.2806
942,0.1761,0.0034,0.1795,0.0323,0.9810584958217271,0.01894150417827298,9.5904,1.9924,256.5897,246.9993,0.0,0.0,0.0,256.5897,1.9923999999999997,258.58209999999997,276.0862
943,0.2412,0.0082,0.2494,0.0449,0.9671210906174819,0.03287890938251804,13.59,5.378,951.5899,937.9999,0.0,0.0,0.0,951.5899,5.378,956.9679,980.4712
944,0.4309,0.0025,0.4334,0.078,0.9942316566682049,0.005768343331795108,23.4648,1.5575,632.465,609.0002,0.0,0.0,0.0,632.465,1.5575,634.0225,651.0241
945,0.2945,0.0077,0.3022,0.0544,0.9745201853077431,0.025479814692256783,16.308,5.0508,1525.3077,1508.9997,0.0,0.0,0.0,1525.3077,5.050800000000001,1530.3585,1561.8615
946,0.2922,0.0001,0.2923,0.0526,0.9996578857338352,0.00034211426616489907,17.0586,0.0392,45.0587,28.0001,0.0,0.0,0.0,45.058699999999995,0.0392,45.097899999999996,47.5931
947,0.3598,0.0,0.3598,0.0648,1.0,0.0,21.1932,0.0266,22.1935,1.0003,0.0,0.0,0.0,22.193499999999997,0.026600000000000002,22.220099999999995,23.2182
948,0.5278,0.0001,0.5279,0.095,0.999810570183747,0.00018942981625307822,27.8046,0.0655,58.8046,31.0,0.0,0.0,0.0,58.80459999999999,0.0655,58.870099999999994,59.8733
949,0.4748,0.0271,0.5019,0.0904,0.9460051803148037,0.05399481968519625,26.7552,16.7623,1337.7541,1310.9989,0.0,0.0,0.0,1337.7541,16.762299999999996,1354.5164000000002,1380.5186
950,0.4657,0.0007,0.4663,0.0839,0.9987132747158481,0.0015011794981771391,25.5726,0.4085,254.5725,228.9999,0.0,0.0,0.0,254.5725,0.4085,254.981,263.9771
951,0.4848,0.0001,0.4849,0.0873,0.9997937719117344,0.00020622808826562179,26.3988,0.0916,58.3981,31.9993,0.0,0.0,0.0,58.3981,0.09160000000000001,58.4897,59.4897
952,0.1654,0.0001,0.1655,0.0298,0.9993957703927492,0.0006042296072507553,9.0828,0.0477,22.083,13.0002,0.0,0.0,0.0,22.083,0.0477,22.130699999999997,22.1325
953,0.2308,0.0,0.2309,0.0416,0.999566912083153,0.0,12.7854,0.028,57.7861,45.0007,0.0,0.0,0.0,57.7861,0.028,57.814099999999996,57.8158
954,0.1659,0.0204,0.1863,0.0335,0.8904991948470209,0.10950080515297908,9.3456,13.396,1541.3451,1531.9995,0.0,0.0,0.0,1541.3451,13.396,1554.7411,1592.7457
955,0.5402,0.0001,0.5403,0.0972,0.9998149176383491,0.00018508236165093466,30.7062,0.0383,87.7056,56.9994,0.0,0.0,0.0,87.7056,0.03830000000000001,87.74390000000001,88.742
956,0.328,0.0003,0.3283,0.0591,0.9990862016448372,0.0009137983551629606,18.1656,0.1835,219.1657,201.0001,0.0,0.0,0.0,219.1657,0.18350000000000002,219.3492,223.3512
957,0.2269,0.0002,0.2271,0.0409,0.9991193306913254,0.0008806693086745928,12.7854,0.1167,61.7864,49.001,0.0,0.0,0.0,61.7864,0.11670000000000001,61.9031,62.4055
958,0.1654,0.0092,0.1746,0.0314,0.9473081328751431,0.052691867124856816,9.0828,5.6178,731.0829,722.0001,0.0,0.0,0.0,731.0829,5.6178,736.7007,777.7031
959,0.3792,0.0002,0.3794,0.0683,0.9994728518713758,0.0005271481286241434,21.744,0.1588,64.7437,42.9997,0.0,0.0,0.0,64.74369999999999,0.1588,64.90249999999999,65.4049
960,0.5223,0.0004,0.5227,0.0941,0.9992347426822268,0.0007652573177731012,27.2934,0.2659,101.294,74.0006,0.0,0.0,0.0,101.29400000000001,0.26589999999999997,101.55990000000001,105.5593
961,0.4417,0.0142,0.4559,0.0821,0.9688528186005702,0.0311471813994297,24.462,9.3168,1014.4616,989.9996,0.0,0.0,0.0,1014.4616000000001,9.3168,1023.7784000000001,1062.7752
962,0.4492,0.0,0.4492,0.0809,1.0,0.0,24.462,0.0097,25.4615,0.9995,0.0,0.0,0.0,25.4615,0.009699999999999999,25.4712,25.975
963,0.4393,0.0123,0.4516,0.0813,0.9727635075287866,0.027236492471213465,24.3288,7.8361,1928.3291,1904.0003,0.0,0.0,0.0,1928.3291000000002,7.836099999999999,1936.1652000000001,1961.1655
964,0.4748,0.0016,0.4765,0.0858,0.9964323189926548,0.0033578174186778597,26.7552,1.0863,520.7543,493.9991,0.0,0.0,0.0,520.7543000000001,1.0863,521.8406000000001,530.8386
965,0.4312,0.0159,0.4471,0.0805,0.9644374860210244,0.03556251397897562,23.8824,10.5632,848.8824,825.0,0.0,0.0,0.0,848.8824,10.563200000000002,859.4456,882.9471
966,0.1211,0.0135,0.1346,0.0242,0.899702823179792,0.10029717682020803,6.8238,8.6197,1137.8236,1130.9998,0.0,0.0,0.0,1137.8236,8.6197,1146.4433,1185.939
967,0.5273,0.0002,0.5275,0.0949,0.9996208530805688,0.00037914691943127966,29.4552,0.1163,66.4547,36.9995,0.0,0.0,0.0,66.45470000000002,0.1163,66.57100000000001,66.5727
968,0.2956,0.0001,0.2957,0.0532,0.9996618194115656,0.00033818058843422386,15.5754,0.0535,80.5757,65.0003,0.0,0.0,0.0,80.5757,0.053500000000000006,80.6292,80.6307
969,0.5062,0.0114,0.5176,0.0932,0.9779752704791346,0.022024729520865535,28.0368,7.2061,552.0356,523.9988,0.0,0.0,0.0,552.0355999999999,7.206099999999999,559.2416999999999,582.7401
970,0.438,0.0001,0.4381,0.0789,0.9997717416115043,0.00022825838849577722,25.5726,0.0527,45.5726,20.0,0.0,0.0,0.0,45.572599999999994,0.0527,45.625299999999996,45.627
971,0.1927,0.0,0.1927,0.0347,1.0,0.0,10.2348,0.016,12.2353,2.0005,0.0,0.0,0.0,12.235299999999999,0.016,12.251299999999999,12.2552
972,0.4275,0.0038,0.4313,0.0776,0.9911894273127753,0.008810572687224669,23.8824,2.3602,762.8824,739.0,0.0,0.0,0.0,762.8824000000001,2.3602000000000003,765.2426,780.7404
973,0.2299,0.0003,0.2302,0.0414,0.9986967854039965,0.0013032145960034751,12.1104,0.188,170.1104,158.0,0.0,0.0,0.0,170.11039999999997,0.188,170.29839999999996,173.2956
974,0.5943,0.0036,0.5978,0.1076,0.994145199063232,0.006022080963532954,31.8258,2.29,477.8252,445.9994,0.0,0.0,0.0,477.8252,2.2899999999999996,480.1152,496.6159
975,0.4263,0.0,0.4263,0.0767,1.0,0.0,22.644,0.0088,22.6437,0.0,0.0,0.0,0.0,22.6437,0.0088,22.6525,22.6511
976,0.3463,0.0002,0.3465,0.0624,0.9994227994227994,0.0005772005772005773,19.179,0.1029,99.1794,80.0004,0.0,0.0,0.0,99.17940000000002,0.1029,99.28230000000002,101.2859
977,0.3096,0.0,0.3096,0.0557,1.0,0.0,17.5986,0.0207,30.5988,13.0002,0.0,0.0,0.0,30.598799999999997,0.0207,30.6195,30.6176
978,0.303,0.0017,0.3047,0.0548,0.9944207417131604,0.005579258286839513,17.3772,1.1079,464.3778,447.0006,0.0,0.0,0.0,464.37780000000004,1.1079,465.4857,468.4816
979,0.1022,0.0019,0.1041,0.0187,0.9817483189241114,0.01825168107588857,5.661,1.2136,602.661,597.0,0.0,0.0,0.0,602.6609999999998,1.2136,603.8745999999999,619.3707
980,0.2348,0.0,0.2348,0.0423,1.0,0.0,12.7854,0.03,12.7859,0.0005,0.0,0.0,0.0,12.785900000000002,0.03,12.815900000000001,13.318
981,0.5845,0.0135,0.598,0.1076,0.9774247491638797,0.022575250836120404,31.8258,8.3462,469.8249,437.9991,0.0,0.0,0.0,469.82490000000007,8.346200000000001,478.1711000000001,503.6664
982,0.428,0.0011,0.4291,0.0772,0.9974364949895129,0.0025635050104870663,24.3288,0.6808,340.3289,316.0001,0.0,0.0,0.0,340.32890000000003,0.6808000000000001,341.0097,346.0088
983,0.2995,0.0,0.2995,0.0539,1.0,0.0,16.308,0.0099,25.3077,8.9997,0.0,0.0,0.0,25.307699999999993,0.009899999999999999,25.31759999999999,25.8183
984,0.4643,0.0,0.4644,0.0836,0.9997846683893196,0.0,24.462,0.0185,26.4617,1.9997,0.0,0.0,0.0,26.4617,0.018500000000000003,26.4802,26.4849
985,0.4228,0.0004,0.4233,0.0762,0.9988188046302858,0.0009449562957713206,22.644,0.2862,285.6436,262.9996,0.0,0.0,0.0,285.6436,0.28619999999999995,285.9298,292.9274
986,0.4317,0.0003,0.432,0.0778,0.9993055555555556,0.0006944444444444444,24.7536,0.174,99.7531,74.9995,0.0,0.0,0.0,99.7531,0.17400000000000002,99.92710000000001,100.931
987,0.5105,0.0212,0.5317,0.0957,0.960127891668234,0.039872108331766035,28.0368,12.8407,2381.0358,2352.999,0.0,0.0,0.0,2381.0357999999997,12.8407,2393.8765,2450.3765
988,0.1761,0.0223,0.1984,0.0357,0.887600806451613,0.11239919354838711,9.5904,13.8653,501.5895,491.9991,0.0,0.0,0.0,501.58949999999993,13.8653,515.4548,539.4586
989,0.4109,0.0004,0.4113,0.074,0.9990274738633601,0.0009725261366399223,22.3758,0.2434,114.3759,92.0001,0.0,0.0,0.0,114.37589999999997,0.2434,114.61929999999997,117.6199
990,0.4348,0.0002,0.435,0.0783,0.9995402298850575,0.00045977011494252877,22.9086,0.1199,84.9087,62.0001,0.0,0.0,0.0,84.90870000000001,0.11990000000000002,85.02860000000001,87.5237
991,0.2093,0.0027,0.2121,0.0382,0.9867986798679869,0.01272984441301273,12.1104,1.5694,528.1104,516.0,0.0,0.0,0.0,528.1104,1.5694,529.6798,546.6776
992,0.3286,0.0,0.3286,0.0592,1.0,0.0,17.5986,0.0107,28.5992,11.0006,0.0,0.0,0.0,28.599199999999996,0.010700000000000001,28.609899999999996,28.6068
993,0.3707,0.0012,0.3719,0.0669,0.9967733261629469,0.003226673837052971,20.5326,0.7015,585.5321,564.9995,0.0,0.0,0.0,585.5320999999999,0.7015,586.2335999999999,592.2365
994,0.4072,0.0002,0.4074,0.0733,0.9995090819833088,0.0004909180166912126,21.8052,0.1194,63.8059,42.0007,0.0,0.0,0.0,63.8059,0.11939999999999999,63.9253,64.4285
995,0.2555,0.0084,0.264,0.0475,0.9678030303030303,0.031818181818181815,14.1516,5.4655,1293.1525,1279.0009,0.0,0.0,0.0,1293.1525,5.4655000000000005,1298.618,1337.1153
996,0.201,0.0002,0.2011,0.0362,0.9995027349577326,0.0009945300845350573,11.7324,0.095,43.7325,32.0001,0.0,0.0,0.0,43.7325,0.095,43.8275,43.8245
997,0.2506,0.0017,0.2523,0.0454,0.9932619896948076,0.006738010305192231,13.6476,1.0547,621.6468,607.9992,0.0,0.0,0.0,621.6468,1.0547,622.7015,642.6993
998,0.1696,0.0005,0.1701,0.0306,0.9970605526161082,0.0029394473838918285,9.0828,0.3319,230.0828,221.0,0.0,0.0,0.0,230.08280000000005,0.33190000000000003,230.41470000000004,235.9123
999,0.1673,0.0025,0.1698,0.0306,0.9852767962308598,0.014723203769140165,9.3456,1.6655,644.3456,635.0,0.0,0.0,0.0,644.3455999999999,1.6655,646.0110999999998,662.5099
1000,0.2879,0.0,0.2879,0.0518,1.0,0.0,16.3638,0.0167,35.3635,18.9997,0.0,0.0,0.0,35.3635,0.0167,35.3802,35.3836
1001,0.5406,0.0,0.5407,0.0973,0.9998150545589052,0.0,27.8046,0.0188,35.8046,8.0,0.0,0.0,0.0,35.8046,0.018799999999999997,35.8234,35.8248
1002,0.1134,0.0028,0.1163,0.0209,0.9750644883920895,0.02407566638005159,6.2298,1.8301,410.2301,404.0003,0.0,0.0,0.0,410.2301,1.8301000000000003,412.0602,429.0582
1003,0.1277,0.0021,0.1298,0.0234,0.9838212634822805,0.016178736517719568,7.0722,1.3152,367.0722,360.0,0.0,0.0,0.0,367.07219999999995,1.3152,368.38739999999996,377.3848
1004,0.1781,0.0065,0.1845,0.0332,0.9653116531165312,0.03523035230352303,10.0332,4.1436,831.0328,820.9996,0.0,0.0,0.0,831.0328000000002,4.1436,835.1764000000002,855.6722
1005,0.1788,0.0004,0.1792,0.0322,0.9977678571428571,0.0022321428571428575,9.819,0.2375,100.8182,90.9992,0.0,0.0,0.0,100.8182,0.2375,101.0557,104.0507
1006,0.0982,0.0004,0.0986,0.0177,0.9959432048681541,0.004056795131845843,5.436,0.2652,251.4359,245.9999,0.0,0.0,0.0,251.43589999999998,0.2652,251.70109999999997,256.706
1007,0.3825,0.0,0.3826,0.0689,0.9997386304234187,0.0,21.744,0.0172,59.7435,37.9995,0.0,0.0,0.0,59.7435,0.0172,59.7607,59.7563
1008,0.3676,0.0046,0.3722,0.067,0.9876410531972059,0.012358946802794197,20.5326,2.9533,1280.5319,1259.9993,0.0,0.0,0.0,1280.5319,2.9532999999999996,1283.4851999999998,1306.481
1009,0.5551,0.0282,0.5834,0.105,0.9514912581419267,0.048337332876242714,31.2804,17.8462,1877.28,1845.9996,0.0,0.0,0.0,1877.28,17.846200000000003,1895.1262,1946.1266
1010,0.2173,0.0,0.2173,0.0391,1.0,0.0,11.7324,0.0126,36.7325,25.0001,0.0,0.0,0.0,36.732499999999995,0.012599999999999998,36.745099999999994,36.744
1011,0.4976,0.0001,0.4977,0.0896,0.9997990757484428,0.00020092425155716296,28.0368,0.091,151.0362,122.9994,0.0,0.0,0.0,151.0362,0.09100000000000001,151.12720000000002,152.1291
1012,0.249,0.0,0.249,0.0448,1.0,0.0,14.1516,0.0224,22.152,8.0004,0.0,0.0,0.0,22.152,0.0224,22.174400000000002,22.1785
1013,0.1773,0.0029,0.1802,0.0324,0.983906770255272,0.01609322974472808,9.819,1.9308,577.8181,567.9991,0.0,0.0,0.0,577.8181,1.9308,579.7488999999999,597.7527
1014,0.1562,0.0012,0.1574,0.0283,0.9923761118170267,0.007623888182973315,8.8002,0.7709,222.7994,213.9992,0.0,0.0,0.0,222.7994,0.7709,223.5703,230.0707
1015,0.1932,0.0036,0.1968,0.0354,0.9817073170731708,0.018292682926829267,10.6092,2.1912,679.6084,668.9992,0.0,0.0,0.0,679.6083999999998,2.1911999999999994,681.7995999999998,685.7972
1016,0.283,0.0001,0.2831,0.051,0.9996467679265276,0.00035323207347227127,16.983,0.0432,17.9824,0.9994,0.0,0.0,0.0,17.9824,0.0432,18.025599999999997,18.0266
1017,0.1687,0.0266,0.1953,0.0352,0.8637992831541218,0.13620071684587812,9.5904,16.3245,2417.5897,2407.9993,0.0,0.0,0.0,2417.5897000000004,16.3245,2433.9142000000006,2465.4155
1018,0.1785,0.0001,0.1786,0.0321,0.9994400895856662,0.0005599104143337066,10.6092,0.0667,21.6085,10.9993,0.0,0.0,0.0,21.608500000000003,0.0667,21.675200000000004,21.674
1019,0.502,0.0079,0.5099,0.0918,0.9845067660325554,0.015493233967444599,28.2888,4.541,603.2891,575.0003,0.0,0.0,0.0,603.2891,4.541,607.8301,627.8323
1020,0.2283,0.0001,0.2283,0.0411,1.0,0.0004380201489268506,13.0914,0.0306,19.0907,5.9993,0.0,0.0,0.0,19.090699999999995,0.030600000000000002,19.121299999999994,19.6184
1021,0.1889,0.0002,0.1891,0.034,0.9989423585404549,0.0010576414595452142,10.0332,0.1337,97.0326,86.9994,0.0,0.0,0.0,97.0326,0.1337,97.1663,97.1618
1022,0.4379,0.0002,0.4381,0.0789,0.9995434832230085,0.00045651677699155445,24.462,0.1514,87.4617,62.9997,0.0,0.0,0.0,87.46170000000001,0.15139999999999998,87.6131,88.1118
1023,0.2764,0.0003,0.2767,0.0498,0.9989157932779182,0.0010842067220816769,15.5754,0.1966,189.5755,174.0001,0.0,0.0,0.0,189.5755,0.1966,189.7721,191.2743
1024,0.4878,0.0044,0.4921,0.0886,0.9912619386303597,0.008941272099166836,27.2484,2.7193,622.2485,595.0001,0.0,0.0,0.0,622.2485,2.7193,624.9678,650.4688
1025,0.3716,0.0,0.3716,0.0669,1.0,0.0,20.0664,0.0172,48.0658,27.9994,0.0,0.0,0.0,48.065799999999996,0.0172,48.083,48.0832
1026,0.1164,0.0063,0.1228,0.0221,0.9478827361563518,0.0513029315960912,6.3936,3.9832,1050.3931,1043.9995,0.0,0.0,0.0,1050.3931,3.9832,1054.3763,1074.3749
1027,0.163,0.0002,0.1631,0.0294,0.9993868792152054,0.0012262415695892092,8.8002,0.0954,12.7996,3.9994,0.0,0.0,0.0,12.7996,0.09539999999999998,12.895,12.8949
1028,0.2733,0.019,0.2923,0.0526,0.9349982894286691,0.06500171057133082,15.138,12.0973,1302.1381,1287.0001,0.0,0.0,0.0,1302.1381000000001,12.097299999999999,1314.2354,1348.7311
1029,0.2687,0.0013,0.2699,0.0486,0.9955539088551316,0.004816598740274176,15.138,0.7653,224.1385,209.0005,0.0,0.0,0.0,224.13850000000002,0.7653,224.90380000000002,230.906
1030,0.2096,0.0,0.2096,0.0377,1.0,0.0,12.4596,0.0265,33.4607,21.0011,0.0,0.0,0.0,33.4607,0.0265,33.4872,33.4858
1031,0.1255,0.0,0.1255,0.0226,1.0,0.0,7.0722,0.018,15.0723,8.0001,0.0,0.0,0.0,15.072300000000002,0.018,15.090300000000003,15.0889
1032,0.1086,0.0194,0.128,0.023,0.8484375,0.1515625,6.2298,12.7649,2011.2301,2005.0003,0.0,0.0,0.0,2011.2300999999998,12.764899999999999,2023.9949999999997,2069.4971
1033,0.3377,0.0001,0.3378,0.0608,0.9997039668442866,0.00029603315571343993,19.026,0.065,55.0258,35.9998,0.0,0.0,0.0,55.0258,0.065,55.090799999999994,56.5946
1034,0.3519,0.0007,0.3526,0.0635,0.9980147475893363,0.0019852524106636414,18.6912,0.4214,131.6909,112.9997,0.0,0.0,0.0,131.6909,0.4214,132.1123,137.1145
1035,0.3374,0.0002,0.3376,0.0608,0.9994075829383885,0.0005924170616113745,19.179,0.1114,43.1792,24.0002,0.0,0.0,0.0,43.1792,0.1114,43.290600000000005,45.2881
1036,0.497,0.0016,0.4986,0.0897,0.9967910148415564,0.0032089851584436425,27.2934,0.9649,253.2943,226.0009,0.0,0.0,0.0,253.29430000000002,0.9649,254.25920000000002,269.7543
1037,0.4607,0.0,0.4607,0.0829,1.0,0.0,23.8824,0.0184,25.8822,1.9998,0.0,0.0,0.0,25.882199999999997,0.0184,25.900599999999997,26.4015
1038,0.1285,0.0009,0.1294,0.0233,0.9930448222565689,0.006955177743431222,6.8238,0.5662,169.8236,162.9998,0.0,0.0,0.0,169.8236,0.5662,170.3898,172.8878
1039,0.1916,0.0001,0.1917,0.0345,0.9994783515910276,0.0005216484089723526,10.6092,0.0732,31.6087,20.9995,0.0,0.0,0.0,31.608700000000006,0.07320000000000002,31.681900000000006,32.1839
1040,0.4136,0.0124,0.426,0.0767,0.9708920187793428,0.029107981220657275,22.9086,8.1155,689.9092,667.0006,0.0,0.0,0.0,689.9091999999999,8.115499999999999,698.0246999999999,723.0284
1041,0.1974,0.0,0.1974,0.0355,1.0,0.0,11.7324,0.0117,29.7327,18.0003,0.0,0.0,0.0,29.732700000000005,0.0117,29.744400000000006,29.7397
1042,0.1234,0.0075,0.1308,0.0235,0.9434250764525993,0.0573394495412844,6.9516,4.7548,624.9511,617.9995,0.0,0.0,0.0,624.9511000000001,4.7548,629.7059000000002,646.2024
1043,0.3728,0.0017,0.3744,0.0674,0.9957264957264957,0.00454059829059829,20.4714,1.1211,550.4706,529.9992,0.0,0.0,0.0,550.4706000000001,1.1211000000000002,551.5917000000001,561.092
1044,0.2346,0.0002,0.2348,0.0423,0.9991482112436115,0.0008517887563884157,12.4596,0.1145,96.4606,84.001,0.0,0.0,0.0,96.4606,0.11449999999999999,96.5751,98.0785
1045,0.2114,0.0,0.2114,0.0381,1.0,0.0,11.322,0.0185,21.3219,9.9999,0.0,0.0,0.0,21.321900000000003,0.0185,21.340400000000002,21.3365
1046,0.4228,0.0001,0.4229,0.0761,0.9997635374793096,0.00023646252069047059,24.462,0.0796,52.461,27.999,0.0,0.0,0.0,52.461,0.0796,52.5406,53.5357
1047,0.1687,0.0278,0.1965,0.0354,0.8585241730279898,0.14147582697201017,9.5904,18.4722,1444.5896,1434.9992,0.0,0.0,0.0,1444.5896,18.4722,1463.0618,1501.0587
1048,0.249,0.0019,0.2508,0.0451,0.9928229665071769,0.007575757575757575,14.1516,1.1288,567.1521,553.0005,0.0,0.0,0.0,567.1520999999999,1.1288,568.2808999999999,589.2764
1049,0.1535,0.0001,0.1535,0.0276,1.0,0.0006514657980456026,8.8002,0.0418,37.7991,28.9989,0.0,0.0,0.0,37.799099999999996,0.0418,37.8409,37.8386
1050,0.3274,0.0037,0.3311,0.0596,0.9888251283600121,0.01117487163998792,17.6814,2.2914,368.6804,350.999,0.0,0.0,0.0,368.6804,2.2914,370.97180000000003,380.4749
1051,0.1687,0.0171,0.1858,0.0334,0.9079655543595263,0.09203444564047364,9.3456,11.5997,1007.3454,997.9998,0.0,0.0,0.0,1007.3453999999999,11.599699999999999,1018.9450999999999,1052.9402
1052,0.3019,0.0136,0.3155,0.0568,0.9568938193343899,0.04310618066561014,16.722,8.9829,2473.721,2456.999,0.0,0.0,0.0,2473.721,8.9829,2482.7039,2503.6997
1053,0.5943,0.0067,0.6009,0.1082,0.9890164752870695,0.011149941754035613,31.8258,4.3571,1434.8251,1402.9993,0.0,0.0,0.0,1434.8251,4.357099999999999,1439.1822,1447.1859
1054,0.3475,0.0002,0.3477,0.0626,0.9994247914869139,0.0005752085130859937,20.4714,0.1326,67.4701,46.9987,0.0,0.0,0.0,67.4701,0.1326,67.6027,69.1045
1055,0.4275,0.0015,0.429,0.0772,0.9965034965034965,0.0034965034965034965,23.8824,0.9174,448.8823,424.9999,0.0,0.0,0.0,448.8823,0.9173999999999999,449.7997,465.3031
1056,0.0987,0.0,0.0987,0.0178,1.0,0.0,5.661,0.0179,14.6609,8.9999,0.0,0.0,0.0,14.660900000000003,0.017899999999999996,14.678800000000003,15.1806
1057,0.5781,0.0027,0.5808,0.1045,0.9953512396694214,0.0046487603305785125,30.7062,1.7479,550.706,519.9998,0.0,0.0,0.0,550.706,1.7479,552.4539,566.4504
1058,0.2955,0.0122,0.3076,0.0554,0.9606631989596879,0.03966189856957088,16.3638,7.7231,639.3637,622.9999,0.0,0.0,0.0,639.3636999999999,7.7231000000000005,647.0867999999999,686.5843
1059,0.4172,0.012,0.4292,0.0773,0.9720410065237651,0.027958993476234855,22.9086,7.6798,787.9089,765.0003,0.0,0.0,0.0,787.9088999999999,7.6798,795.5886999999999,825.0863
1060,0.5096,0.0001,0.5097,0.0917,0.9998038061604866,0.00019619383951343926,27.2934,0.0396,43.2938,16.0004,0.0,0.0,0.0,43.293800000000005,0.039599999999999996,43.333400000000005,43.3359
1061,0.2884,0.0192,0.3077,0.0554,0.937276568085798,0.062398440038999026,15.5754,12.9373,2242.5758,2227.0004,0.0,0.0,0.0,2242.5758000000005,12.9373,2255.5131000000006,2299.5131
1062,0.4355,0.0072,0.4428,0.0797,0.9835140018066847,0.016260162601626015,24.3288,4.8374,775.3289,751.0001,0.0,0.0,0.0,775.3289,4.8374,780.1663,797.1658
1063,0.2168,0.0101,0.2269,0.0408,0.9554869986778316,0.04451300132216836,12.1104,6.2802,1847.1106,1835.0002,0.0,0.0,0.0,1847.1106,6.2802,1853.3908,1911.8859
1064,0.4872,0.0133,0.5005,0.0901,0.9734265734265736,0.026573426573426574,26.7552,8.5139,559.7542,532.999,0.0,0.0,0.0,559.7542000000001,8.5139,568.2681000000001,580.2651
1065,0.3665,0.0018,0.3682,0.0663,0.9953829440521454,0.004888647474198805,20.4714,1.0761,605.4706,584.9992,0.0,0.0,0.0,605.4706,1.0761000000000003,606.5467,615.5445
1066,0.1528,0.0001,0.1529,0.0275,0.9993459777632439,0.0006540222367560497,9.0828,0.0485,9.0829,0.0001,0.0,0.0,0.0,9.082900000000002,0.0485,9.131400000000003,10.6269
1067,0.2097,0.0001,0.2098,0.0378,0.9995233555767398,0.0004766444232602479,10.872,0.0793,32.8717,21.9997,0.0,0.0,0.0,32.8717,0.0793,32.951,33.9462
1068,0.4848,0.0024,0.4872,0.0877,0.9950738916256158,0.004926108374384236,26.3988,1.518,627.3982,600.9994,0.0,0.0,0.0,627.3982,1.5180000000000002,628.9162,643.4115
1069,0.1299,0.0269,0.1567,0.0282,0.8289725590299936,0.17166560306317805,7.0722,16.8629,1058.0723,1051.0001,0.0,0.0,0.0,1058.0723,16.8629,1074.9352000000001,1098.4397
1070,0.1233,0.0,0.1234,0.0222,0.9991896272285252,0.0,7.0722,0.0177,11.0722,4.0,0.0,0.0,0.0,11.072200000000002,0.0177,11.089900000000002,11.5868
1071,0.1951,0.0001,0.1952,0.0351,0.9994877049180327,0.0005122950819672131,10.0332,0.0488,10.0326,0.0,0.0,0.0,0.0,10.032599999999999,0.048799999999999996,10.081399999999999,10.0786
1072,0.5012,0.0121,0.5133,0.0924,0.9764270407169297,0.02357295928307033,27.2934,7.6012,1612.2939,1585.0005,0.0,0.0,0.0,1612.2939000000001,7.6012,1619.8951000000002,1654.8996
1073,0.3196,0.0001,0.3197,0.0575,0.999687206756334,0.00031279324366593683,18.1656,0.0486,45.1658,27.0002,0.0,0.0,0.0,45.165800000000004,0.0486,45.214400000000005,45.7127
1074,0.443,0.025,0.468,0.0842,0.9465811965811965,0.053418803418803416,24.3288,16.3594,1973.3291,1949.0003,0.0,0.0,0.0,1973.3291000000002,16.3594,1989.6885000000002,2023.1927
1075,0.2485,0.0001,0.2485,0.0447,1.0,0.0004024144869215292,13.0914,0.0355,17.0909,3.9995,0.0,0.0,0.0,17.090899999999998,0.0355,17.126399999999997,19.1235
1076,0.3394,0.0082,0.3476,0.0626,0.9764096662830839,0.023590333716915997,19.8126,5.2161,1241.8134,1222.0008,0.0,0.0,0.0,1241.8134,5.2161,1247.0295,1287.5311
1077,0.1277,0.0037,0.1314,0.0236,0.9718417047184172,0.028158295281582955,6.9516,2.2729,613.9511,606.9995,0.0,0.0,0.0,613.9511000000002,2.2729,616.2240000000003,635.2246
1078,0.298,0.0007,0.2987,0.0538,0.9976565115500501,0.002343488449949782,16.3638,0.4643,320.3636,303.9998,0.0,0.0,0.0,320.3636000000001,0.4643,320.82790000000006,324.3273
1079,0.555,0.0001,0.5551,0.0999,0.9998198522788687,0.0001801477211313277,31.8258,0.071,36.8255,4.9997,0.0,0.0,0.0,36.82549999999999,0.07100000000000001,36.89649999999999,37.3994
1080,0.1812,0.0264,0.2075,0.0374,0.8732530120481928,0.1272289156626506,10.0332,15.7335,2255.0331,2244.9999,0.0,0.0,0.0,2255.0331,15.7335,2270.7666,2295.7673
1081,0.3395,0.0,0.3395,0.0611,1.0,0.0,17.5986,0.0109,27.5988,10.0002,0.0,0.0,0.0,27.5988,0.010900000000000002,27.6097,27.613
1082,0.5182,0.0001,0.5183,0.0933,0.9998070615473664,0.0001929384526336099,29.4552,0.0607,31.4545,1.9993,0.0,0.0,0.0,31.454500000000003,0.060700000000000004,31.515200000000004,31.5151
1083,0.1093,0.0001,0.1094,0.0197,0.9990859232175503,0.0009140767824497259,6.0552,0.0537,20.0552,14.0,0.0,0.0,0.0,20.055200000000003,0.053700000000000005,20.108900000000002,20.1081
1084,0.4872,0.0002,0.4874,0.0877,0.9995896594173164,0.00041034058268362745,26.7552,0.144,188.7545,161.9993,0.0,0.0,0.0,188.7545,0.14400000000000002,188.8985,188.9017
1085,0.3831,0.0286,0.4117,0.0741,0.9305319407335438,0.06946805926645616,21.2166,17.3543,715.2166,694.0,0.0,0.0,0.0,715.2166000000002,17.3543,732.5709000000002,756.0723
1086,0.1651,0.0,0.1651,0.0297,1.0,0.0,8.4906,0.0099,24.4912,16.0006,0.0,0.0,0.0,24.4912,0.0099,24.501099999999997,24.5049
1087,0.2619,0.0067,0.2686,0.0484,0.9750558451228594,0.02494415487714073,14.1444,4.2614,1251.1445,1237.0001,0.0,0.0,0.0,1251.1444999999999,4.2614,1255.4059,1275.4099
1088,0.1746,0.0132,0.1878,0.0338,0.9297124600638978,0.07028753993610223,9.5904,8.3176,1656.5896,1646.9992,0.0,0.0,0.0,1656.5895999999998,8.3176,1664.9071999999999,1709.4079
1089,0.1144,0.0,0.1144,0.0206,1.0,0.0,6.2298,0.0148,10.2301,4.0003,0.0,0.0,0.0,10.2301,0.0148,10.2449,10.7413
1090,0.3937,0.0025,0.3962,0.0713,0.9936900555275113,0.0063099444724886425,21.8052,1.5842,622.8056,601.0004,0.0,0.0,0.0,622.8056,1.5842000000000003,624.3898,637.3893
1091,0.1321,0.0036,0.1357,0.0244,0.9734708916728078,0.02652910832719234,7.0722,2.2791,1268.0722,1261.0,0.0,0.0,0.0,1268.0722,2.2791,1270.3513,1292.8487
1092,0.1817,0.0003,0.182,0.0328,0.9983516483516484,0.0016483516483516484,9.3456,0.1789,127.3454,117.9998,0.0,0.0,0.0,127.3454,0.1789,127.5243,129.02
1093,0.5273,0.0059,0.5332,0.096,0.9889347336834208,0.011065266316579144,29.4552,3.6904,1089.4547,1059.9995,0.0,0.0,0.0,1089.4547,3.6904000000000003,1093.1451,1129.1461
1094,0.1866,0.0005,0.1872,0.0337,0.9967948717948717,0.002670940170940171,10.6092,0.3322,102.6082,91.999,0.0,0.0,0.0,102.6082,0.3321999999999999,102.9404,106.4356
1095,0.4123,0.0102,0.4226,0.0761,0.9756270705158543,0.024136299100804545,22.644,6.1833,796.6436,773.9996,0.0,0.0,0.0,796.6436000000001,6.1833,802.8269000000001,822.8291
1096,0.1603,0.0046,0.1648,0.0297,0.9726941747572815,0.0279126213592233,8.8002,2.6851,2128.7993,2119.9991,0.0,0.0,0.0,2128.7993,2.6851000000000003,2131.4844000000003,2148.98
1097,0.4089,0.0023,0.4111,0.074,0.9946485040136219,0.005594745803940647,22.644,1.5507,1929.6437,1906.9997,0.0,0.0,0.0,1929.6437000000003,1.5507,1931.1944000000003,1943.1935
1098,0.5409,0.0052,0.5462,0.0983,0.9902965946539729,0.009520322226290736,29.4552,3.3811,2028.4548,1998.9996,0.0,0.0,0.0,2028.4548,3.3811,2031.8359,2056.339
1099,0.0987,0.0,0.0987,0.0178,1.0,0.0,5.661,0.0183,11.6608,5.9998,0.0,0.0,0.0,11.6608,0.0183,11.6791,11.6815
1100,0.1916,0.0,0.1916,0.0345,1.0,0.0,10.6092,0.0187,16.6085,5.9993,0.0,0.0,0.0,16.608500000000003,0.018699999999999998,16.627200000000002,16.6229
1101,0.3545,0.0,0.3546,0.0638,0.9997179921037788,0.0,19.6362,0.0314,23.6365,4.0003,0.0,0.0,0.0,23.6365,0.0314,23.667900000000003,23.6682
1102,0.1359,0.0002,0.1361,0.0245,0.9985304922850845,0.0014695077149155034,8.154,0.1241,21.154,13.0,0.0,0.0,0.0,21.153999999999996,0.12410000000000002,21.278099999999995,21.28
1103,0.5592,0.0143,0.5734,0.1032,0.9752354377397977,0.024938960585978373,30.7062,8.8395,762.7058,731.9996,0.0,0.0,0.0,762.7058000000001,8.839500000000001,771.5453000000001,793.0492
1104,0.2693,0.0021,0.2714,0.0489,0.992262343404569,0.007737656595431098,14.6664,1.2512,343.6659,328.9995,0.0,0.0,0.0,343.6659,1.2511999999999999,344.9171,369.9219
1105,0.1154,0.0115,0.1269,0.0228,0.9093774625689519,0.09062253743104806,6.3936,7.368,968.3932,961.9996,0.0,0.0,0.0,968.3931999999999,7.367999999999999,975.7611999999999,1013.26
1106,0.298,0.0007,0.2987,0.0538,0.9976565115500501,0.002343488449949782,16.3638,0.4249,116.3635,99.9997,0.0,0.0,0.0,116.3635,0.42489999999999994,116.7884,121.2923
1107,0.4312,0.001,0.4322,0.0778,0.9976862563627952,0.002313743637204998,23.8824,0.5839,271.8824,248.0,0.0,0.0,0.0,271.88239999999996,0.5839000000000001,272.4663,278.4672
1108,0.1481,0.0005,0.1486,0.0267,0.9966352624495289,0.0033647375504710633,8.4906,0.3212,245.4916,237.001,0.0,0.0,0.0,245.4916,0.3212,245.8128,251.8082
1109,0.4055,0.0002,0.4057,0.073,0.9995070248952428,0.0004929751047572097,24.3288,0.1447,84.3289,60.0001,0.0,0.0,0.0,84.3289,0.1447,84.4736,84.4776
1110,0.2401,0.0,0.2401,0.0432,1.0,0.0,13.6476,0.0156,21.6469,7.9993,0.0,0.0,0.0,21.6469,0.0156,21.662499999999998,21.6619
1111,0.1277,0.0001,0.1278,0.023,0.9992175273865416,0.000782472613458529,7.0722,0.0836,16.0722,9.0,0.0,0.0,0.0,16.072200000000002,0.0836,16.155800000000003,17.151
1112,0.2446,0.0009,0.2455,0.0442,0.9963340122199593,0.0036659877800407333,13.9032,0.5933,219.9025,205.9993,0.0,0.0,0.0,219.9025,0.5933,220.4958,224.9957
1113,0.5037,0.0002,0.5039,0.0907,0.9996030958523517,0.00039690414764834294,26.7552,0.1181,109.7544,82.9992,0.0,0.0,0.0,109.7544,0.11809999999999998,109.8725,110.8712
1114,0.1161,0.0001,0.1163,0.0209,0.9982803095442819,0.0008598452278589854,6.5448,0.0658,19.5454,13.0006,0.0,0.0,0.0,19.5454,0.0658,19.6112,19.6113
1115,0.2118,0.0044,0.2163,0.0389,0.9791955617198336,0.02034211742949607,11.7324,2.817,1388.7325,1377.0001,0.0,0.0,0.0,1388.7325000000003,2.817,1391.5495000000003,1409.0492
1116,0.3106,0.0002,0.3108,0.056,0.9993564993564993,0.0006435006435006435,17.0586,0.1312,58.0589,41.0003,0.0,0.0,0.0,58.0589,0.13119999999999998,58.1901,58.6874
1117,0.3758,0.0038,0.3796,0.0683,0.9899894625922024,0.010010537407797683,21.744,2.3732,840.7436,818.9996,0.0,0.0,0.0,840.7435999999999,2.3731999999999998,843.1167999999999,861.1193
1118,0.1494,0.0001,0.1495,0.0269,0.9993311036789299,0.0006688963210702342,8.4906,0.078,21.491,13.0004,0.0,0.0,0.0,21.491,0.078,21.569,21.5696
1119,0.4955,0.0004,0.4959,0.0893,0.9991933857632587,0.0008066142367412785,26.7552,0.2736,96.7545,69.9993,0.0,0.0,0.0,96.75450000000001,0.27359999999999995,97.02810000000001,98.0291
1120,0.5937,0.0001,0.5938,0.1069,0.9998315931289997,0.0001684068710003368,31.2804,0.0318,42.28,10.9996,0.0,0.0,0.0,42.28,0.0318,42.3118,42.3099
1121,0.4164,0.0003,0.4167,0.075,0.9992800575953923,0.0007199424046076313,23.4648,0.1882,77.4649,54.0001,0.0,0.0,0.0,77.4649,0.1882,77.6531,78.1496
1122,0.5648,0.0002,0.565,0.1017,0.9996460176991151,0.0003539823008849558,31.8258,0.1503,78.8249,46.9991,0.0,0.0,0.0,78.82490000000001,0.1503,78.97520000000002,80.4714
1123,0.2929,0.0003,0.2933,0.0528,0.998636208660075,0.0010228435049437436,16.3638,0.2059,154.3636,137.9998,0.0,0.0,0.0,154.36360000000002,0.20590000000000003,154.56950000000003,158.5739
1124,0.3356,0.0001,0.3357,0.0604,0.9997021149836164,0.0002978850163836759,17.6814,0.0697,46.6804,28.999,0.0,0.0,0.0,46.68039999999999,0.06970000000000001,46.75009999999999,46.7455
1125,0.1125,0.0176,0.13,0.0234,0.8653846153846154,0.13538461538461538,6.2298,11.7219,1221.2301,1215.0003,0.0,0.0,0.0,1221.2301,11.721899999999998,1232.952,1262.9532
1126,0.4699,0.0001,0.4699,0.0846,1.0,0.00021281123643328368,24.7536,0.0335,37.7529,12.9993,0.0,0.0,0.0,37.7529,0.0335,37.78639999999999,37.7877
1127,0.4766,0.0042,0.4808,0.0865,0.9912645590682196,0.008735440931780365,26.3988,2.6965,1423.3982,1396.9994,0.0,0.0,0.0,1423.3982,2.6965000000000003,1426.0947,1444.5969
1128,0.1601,0.0001,0.1602,0.0288,0.9993757802746566,0.0006242197253433209,9.3456,0.0573,16.3453,6.9997,0.0,0.0,0.0,16.345299999999998,0.0573,16.4026,16.3979
1129,0.1174,0.0211,0.1385,0.0249,0.847653429602888,0.1523465703971119,6.3936,13.8403,1386.3931,1379.9995,0.0,0.0,0.0,1386.3931,13.840300000000001,1400.2334,1429.7297
1130,0.177,0.0001,0.1771,0.0319,0.9994353472614341,0.000564652738565782,10.4274,0.0327,11.4267,0.9993,0.0,0.0,0.0,11.4267,0.03269999999999999,11.4594,11.4551
1131,0.322,0.0019,0.3239,0.0583,0.994133991972831,0.005866008027168879,17.6814,1.2266,654.6806,636.9992,0.0,0.0,0.0,654.6806,1.2266,655.9072,666.4094
1132,0.4617,0.0,0.4618,0.0831,0.9997834560415765,0.0,25.5726,0.023,52.5725,26.9999,0.0,0.0,0.0,52.57249999999999,0.022999999999999996,52.595499999999994,52.5989
1133,0.4101,0.0249,0.435,0.0783,0.9427586206896552,0.05724137931034482,22.9086,15.4552,1367.9089,1345.0003,0.0,0.0,0.0,1367.9088999999997,15.455200000000001,1383.3640999999998,1398.8672
1134,0.4508,0.0001,0.4509,0.0812,0.9997782213351074,0.00022177866489243733,24.7536,0.079,49.753,24.9994,0.0,0.0,0.0,49.753,0.079,49.832,49.8326
1135,0.3926,0.0019,0.3945,0.071,0.9951837769328263,0.004816223067173637,21.744,1.2325,372.7433,350.9993,0.0,0.0,0.0,372.7433,1.2325,373.9758,392.4758
1136,0.1137,0.0001,0.1138,0.0205,0.9991212653778558,0.0008787346221441125,6.8238,0.065,6.8237,0.0,0.0,0.0,0.0,6.8237000000000005,0.065,6.888700000000001,6.8916
1137,0.2205,0.0011,0.2217,0.0399,0.9945872801082544,0.0049616599007668025,12.1104,0.7108,295.1106,283.0002,0.0,0.0,0.0,295.1106,0.7108,295.8214,314.3203
1138,0.2511,0.0,0.2512,0.0452,0.9996019108280255,0.0,14.1516,0.0178,18.1522,4.0006,0.0,0.0,0.0,18.1522,0.0178,18.17,18.175
1139,0.258,0.005,0.263,0.0473,0.9809885931558935,0.019011406844106463,14.6664,3.2335,1756.6657,1741.9993,0.0,0.0,0.0,1756.6657,3.2335000000000003,1759.8992,1794.3967
1140,0.2625,0.0006,0.2631,0.0474,0.9977194982896238,0.0022805017103762824,14.6664,0.3703,326.6656,311.9992,0.0,0.0,0.0,326.66560000000004,0.37029999999999996,327.0359,331.5351
1141,0.4075,0.0112,0.4187,0.0754,0.9732505373775973,0.026749462622402673,22.3758,7.1472,774.3758,752.0,0.0,0.0,0.0,774.3758,7.147200000000001,781.523,802.5264
1142,0.1048,0.0001,0.1049,0.0189,0.9990467111534796,0.0009532888465204958,6.2298,0.0569,45.2303,39.0005,0.0,0.0,0.0,45.2303,0.05689999999999999,45.2872,46.7841
1143,0.387,0.0001,0.3871,0.0697,0.9997416688194265,0.0002583311805734952,21.8052,0.0526,48.8057,27.0005,0.0,0.0,0.0,48.8057,0.0526,48.8583,51.8608
1144,0.328,0.0001,0.3281,0.0591,0.9996952148735142,0.0003047851264858275,18.1656,0.0954,74.1657,56.0001,0.0,0.0,0.0,74.16570000000002,0.09539999999999998,74.26110000000001,75.7657
1145,0.4955,0.0304,0.5258,0.0947,0.9423735260555344,0.05781666032712057,26.7552,19.2237,1237.7542,1210.999,0.0,0.0,0.0,1237.7542,19.2237,1256.9779,1286.4775
1146,0.4006,0.0028,0.4033,0.0726,0.993305231837342,0.006942722539052815,22.3758,1.7968,790.3758,768.0,0.0,0.0,0.0,790.3758,1.7968000000000002,792.1726,818.669
1147,0.4646,0.0014,0.466,0.0839,0.9969957081545064,0.003004291845493562,26.181,0.9185,669.1819,643.0009,0.0,0.0,0.0,669.1819,0.9184999999999999,670.1004,685.6015
1148,0.2467,0.0005,0.2472,0.0445,0.9979773462783171,0.0020226537216828477,14.1444,0.3305,84.1446,70.0002,0.0,0.0,0.0,84.14459999999998,0.33049999999999996,84.47509999999998,86.9746
1149,0.2932,0.0007,0.2939,0.0529,0.997618237495747,0.0023817625042531474,15.5754,0.4622,297.5755,282.0001,0.0,0.0,0.0,297.5755,0.4622,298.0377,304.5411
1150,0.4976,0.005,0.5026,0.0905,0.9900517309988061,0.00994826900119379,28.0368,3.1221,1228.0359,1199.9991,0.0,0.0,0.0,1228.0358999999999,3.1221,1231.158,1248.1564
1151,0.2424,0.0004,0.2428,0.0437,0.9983525535420099,0.0016474464579901156,13.0914,0.2346,111.0911,97.9997,0.0,0.0,0.0,111.09109999999998,0.23460000000000003,111.32569999999998,116.8238
1152,0.1812,0.0284,0.2096,0.0377,0.8645038167938931,0.13549618320610687,10.0332,17.7422,2265.0329,2254.9997,0.0,0.0,0.0,2265.0329,17.7422,2282.7751000000003,2315.278
1153,0.5136,0.0215,0.5352,0.0963,0.959641255605381,0.040171898355754854,29.4552,14.3816,2120.4546,2090.9994,0.0,0.0,0.0,2120.4545999999996,14.3816,2134.8361999999997,2178.8393
1154,0.1889,0.0002,0.1891,0.034,0.9989423585404549,0.0010576414595452142,10.0332,0.1111,87.0329,76.9997,0.0,0.0,0.0,87.0329,0.11109999999999999,87.14399999999999,87.6457
1155,0.5648,0.0005,0.5653,0.1018,0.9991155138864319,0.0008844861135680169,31.8258,0.2797,60.8248,28.999,0.0,0.0,0.0,60.8248,0.2797,61.1045,62.1026
1156,0.3547,0.0,0.3547,0.0638,1.0,0.0,19.8126,0.0096,32.8131,13.0005,0.0,0.0,0.0,32.813100000000006,0.0096,32.822700000000005,32.8208
1157,0.502,0.001,0.503,0.0905,0.9980119284294234,0.001988071570576541,27.8046,0.5969,274.8046,247.0,0.0,0.0,0.0,274.80459999999994,0.5969,275.40149999999994,283.3967
1158,0.1974,0.0001,0.1976,0.0356,0.9989878542510121,0.0005060728744939271,11.322,0.0747,12.3219,0.9999,0.0,0.0,0.0,12.3219,0.0747,12.3966,13.8974
1159,0.1084,0.0025,0.1109,0.02,0.9774571686203787,0.02254283137962128,6.0552,1.4675,729.0553,723.0001,0.0,0.0,0.0,729.0553,1.4675000000000002,730.5228,745.021
1160,0.1802,0.007,0.1872,0.0337,0.9626068376068376,0.03739316239316239,10.4274,4.4535,843.4267,832.9993,0.0,0.0,0.0,843.4267,4.4535,847.8802,881.8833
1161,0.1727,0.0001,0.1728,0.0311,0.9994212962962962,0.0005787037037037037,9.819,0.0643,25.8186,15.9996,0.0,0.0,0.0,25.818600000000004,0.0643,25.882900000000003,25.8801
1162,0.4101,0.0124,0.4225,0.076,0.9706508875739646,0.029349112426035502,22.9086,7.787,1935.9091,1913.0005,0.0,0.0,0.0,1935.9090999999999,7.787,1943.6961,1985.1976
1163,0.1125,0.0002,0.1126,0.0203,0.9991119005328597,0.0017761989342806395,6.3936,0.1088,25.3933,18.9997,0.0,0.0,0.0,25.3933,0.10880000000000001,25.5021,28.5009
1164,0.2787,0.0049,0.2836,0.051,0.982722143864598,0.017277856135401972,15.9822,3.0995,1580.9825,1565.0003,0.0,0.0,0.0,1580.9824999999998,3.0995,1584.0819999999999,1619.5831
1165,0.2445,0.0001,0.2445,0.044,1.0,0.00040899795501022495,14.1444,0.0378,15.1446,1.0002,0.0,0.0,0.0,15.1446,0.0378,15.182400000000001,15.681
1166,0.4046,0.0002,0.4048,0.0729,0.999505928853755,0.0004940711462450594,23.4108,0.1159,78.4101,54.9993,0.0,0.0,0.0,78.4101,0.11589999999999999,78.526,78.5286
1167,0.396,0.0,0.396,0.0713,1.0,0.0,22.9086,0.0134,42.9094,20.0008,0.0,0.0,0.0,42.909400000000005,0.0134,42.9228,42.9202
1168,0.4006,0.0126,0.4131,0.0744,0.9697409828128782,0.030501089324618733,22.3758,8.3625,1446.3758,1424.0,0.0,0.0,0.0,1446.3757999999998,8.3625,1454.7382999999998,1474.7409
1169,0.2576,0.0005,0.2581,0.0465,0.9980627663696242,0.0019372336303758234,14.1444,0.3115,93.1444,79.0,0.0,0.0,0.0,93.14439999999999,0.3115,93.45589999999999,95.96
1170,0.4717,0.0179,0.4896,0.0881,0.9634395424836601,0.03656045751633987,25.4736,10.7651,2219.4739,2194.0003,0.0,0.0,0.0,2219.4739,10.7651,2230.239,2265.2393
1171,0.1796,0.0038,0.1834,0.033,0.9792802617230099,0.020719738276990186,10.0332,2.285,456.0327,445.9995,0.0,0.0,0.0,456.0327,2.2849999999999997,458.3177,476.3176
1172,0.3499,0.0007,0.3506,0.0631,0.998003422703936,0.0019965772960638902,20.0664,0.4565,241.066,220.9996,0.0,0.0,0.0,241.06600000000003,0.45649999999999996,241.52250000000004,250.0258
1173,0.2942,0.025,0.3192,0.0575,0.9216791979949875,0.07832080200501254,16.722,16.4533,1413.7216,1396.9996,0.0,0.0,0.0,1413.7216,16.453300000000002,1430.1749,1470.1787
1174,0.3892,0.0001,0.3893,0.0701,0.999743128692525,0.0002568713074749551,21.744,0.0374,46.7436,24.9996,0.0,0.0,0.0,46.743599999999994,0.0374,46.78099999999999,48.2779
1175,0.3164,0.0128,0.3293,0.0593,0.9608259945338598,0.03887033100516247,17.3772,7.922,856.3779,839.0007,0.0,0.0,0.0,856.3779,7.922000000000001,864.2999,894.2981
1176,0.2498,0.0068,0.2566,0.0462,0.9734996102883866,0.026500389711613406,13.3776,4.3579,430.377,416.9994,0.0,0.0,0.0,430.37700000000007,4.3579,434.73490000000004,443.2347
1177,0.4886,0.0019,0.4905,0.0883,0.9961264016309888,0.0038735983690112133,27.2934,1.1334,413.294,386.0006,0.0,0.0,0.0,413.294,1.1334,414.4274,423.9269
1178,0.4454,0.0,0.4455,0.0802,0.9997755331088665,0.0,22.9086,0.0278,33.909,11.0004,0.0,0.0,0.0,33.909,0.027800000000000002,33.9368,33.9346
1179,0.4207,0.0024,0.4231,0.0762,0.9943275821318838,0.0056724178681162845,22.9086,1.5214,412.9088,390.0002,0.0,0.0,0.0,412.9087999999999,1.5214,414.43019999999996,435.4288
1180,0.2836,0.0,0.2836,0.0511,1.0,0.0,15.5754,0.0118,31.5755,16.0001,0.0,0.0,0.0,31.575500000000005,0.0118,31.587300000000006,31.5861
1181,0.3984,0.0085,0.4069,0.0732,0.9791103465224871,0.020889653477512905,22.644,5.5566,1447.6435,1424.9995,0.0,0.0,0.0,1447.6435,5.5565999999999995,1453.2000999999998,1500.1979
1182,0.2149,0.0004,0.2153,0.0388,0.9981421272642824,0.0018578727357176036,12.1104,0.2153,208.1106,196.0002,0.0,0.0,0.0,208.1106,0.21529999999999996,208.32590000000002,216.3249
1183,0.2269,0.0003,0.2272,0.0409,0.9986795774647886,0.0013204225352112674,12.4596,0.1792,82.4605,70.0009,0.0,0.0,0.0,82.4605,0.1792,82.63969999999999,83.6348
1184,0.3185,0.0002,0.3187,0.0574,0.9993724505804833,0.000627549419516787,17.0586,0.1354,108.0589,91.0003,0.0,0.0,0.0,108.05889999999998,0.1354,108.19429999999998,108.6933
1185,0.188,0.0001,0.188,0.0338,1.0,0.0005319148936170213,10.2348,0.0583,11.235,1.0002,0.0,0.0,0.0,11.235,0.0583,11.293299999999999,11.2912
1186,0.175,0.0067,0.1817,0.0327,0.9631260319207484,0.036873968079251515,10.0332,4.4932,855.0331,844.9999,0.0,0.0,0.0,855.0331000000001,4.4932,859.5263000000001,888.5275
1187,0.278,0.0006,0.2786,0.0501,0.9978463747307968,0.002153625269203158,15.138,0.3945,345.1383,330.0003,0.0,0.0,0.0,345.1383,0.39449999999999996,345.5328,353.0284
1188,0.4469,0.002,0.4489,0.0808,0.9955446647360214,0.0044553352639786145,24.7536,1.207,937.753,912.9994,0.0,0.0,0.0,937.7529999999999,1.2069999999999999,938.9599999999999,952.4606
1189,0.328,0.0013,0.3292,0.0593,0.9963547995139733,0.003948967193195626,18.1656,0.7934,323.1656,305.0,0.0,0.0,0.0,323.16560000000004,0.7934000000000001,323.95900000000006,332.4561
1190,0.1959,0.0001,0.1959,0.0353,1.0,0.0005104645227156713,10.2348,0.0337,14.2352,4.0004,0.0,0.0,0.0,14.235199999999999,0.0337,14.268899999999999,15.2726
1191,0.3727,0.0,0.3727,0.0671,1.0,0.0,19.6362,0.0149,28.6365,9.0003,0.0,0.0,0.0,28.636499999999998,0.014900000000000002,28.6514,29.1472
1192,0.3191,0.0035,0.3226,0.0581,0.9891506509609423,0.010849349039057658,17.3772,2.3317,1231.3777,1214.0005,0.0,0.0,0.0,1231.3777,2.3316999999999997,1233.7094,1247.7052
1193,0.5091,0.0,0.5091,0.0916,1.0,0.0,29.4552,0.0295,39.4547,9.9995,0.0,0.0,0.0,39.4547,0.029500000000000002,39.4842,39.4891
1194,0.3676,0.0011,0.3686,0.0664,0.9972870320130223,0.0029842647856755293,20.5326,0.6685,909.5322,888.9996,0.0,0.0,0.0,909.5322000000001,0.6685,910.2007000000001,934.7044
1195,0.1141,0.0063,0.1204,0.0217,0.9476744186046512,0.05232558139534884,6.5448,3.9279,995.5452,989.0004,0.0,0.0,0.0,995.5452,3.9279,999.4731,1031.4724
1196,0.4444,0.0129,0.4572,0.0823,0.9720034995625547,0.02821522309711286,23.4108,8.2684,1989.4098,1965.999,0.0,0.0,0.0,1989.4098,8.2684,1997.6781999999998,2024.6781
1197,0.1494,0.0,0.1494,0.0269,1.0,0.0,8.8002,0.0119,12.7994,3.9992,0.0,0.0,0.0,12.799399999999999,0.011899999999999999,12.8113,12.8139
1198,0.4976,0.003,0.5005,0.0901,0.9942057942057942,0.005994005994005995,28.0368,1.9032,785.0362,756.9994,0.0,0.0,0.0,785.0362,1.9032,786.9394,799.9363
1199,0.5648,0.0001,0.5649,0.1017,0.9998229775181449,0.00017702248185519562,31.8258,0.0708,56.8254,24.9996,0.0,0.0,0.0,56.825399999999995,0.0708,56.89619999999999,56.8982
1200,0.2454,0.0037,0.249,0.0448,0.9855421686746988,0.014859437751004017,13.59,2.2645,1682.5898,1668.9998,0.0,0.0,0.0,1682.5898000000002,2.2645,1684.8543000000002,1726.3516
1201,0.1154,0.0018,0.1173,0.0211,0.9838022165387894,0.015345268542199487,6.3936,1.1087,842.3933,835.9997,0.0,0.0,0.0,842.3933,1.1087,843.502,863.0049
1202,0.3001,0.0067,0.3068,0.0552,0.9781616688396348,0.021838331160365057,17.0586,4.0285,889.0589,872.0003,0.0,0.0,0.0,889.0589,4.028499999999999,893.0874,911.0868
1203,0.2387,0.0002,0.2389,0.043,0.9991628296358309,0.0008371703641691084,12.7854,0.1068,48.7862,36.0008,0.0,0.0,0.0,48.78619999999999,0.10680000000000002,48.89299999999999,48.8903
1204,0.1093,0.0006,0.1099,0.0198,0.9945404913557779,0.0054595086442220195,6.0552,0.3881,219.0552,213.0,0.0,0.0,0.0,219.05519999999999,0.38810000000000006,219.4433,228.4389
1205,0.387,0.0027,0.3897,0.0701,0.9930715935334874,0.006928406466512702,21.8052,1.651,885.8054,864.0002,0.0,0.0,0.0,885.8054,1.6510000000000002,887.4563999999999,908.9557
1206,0.2211,0.0058,0.2269,0.0408,0.9744380784486558,0.025561921551344204,12.4596,3.7065,1413.4609,1401.0013,0.0,0.0,0.0,1413.4608999999998,3.7065000000000006,1417.1673999999998,1438.6687
1207,0.2467,0.0077,0.2544,0.0458,0.9697327044025157,0.030267295597484277,13.9032,4.679,728.9026,714.9994,0.0,0.0,0.0,728.9025999999999,4.679000000000001,733.5815999999999,757.5784
1208,0.2391,0.0,0.2391,0.043,1.0,0.0,13.59,0.0311,46.5897,32.9997,0.0,0.0,0.0,46.5897,0.0311,46.6208,46.6224
1209,0.3654,0.0275,0.3929,0.0707,0.9300076355306693,0.06999236446933062,20.0664,16.9568,2091.0658,2070.9994,0.0,0.0,0.0,2091.0658,16.9568,2108.0226,2136.5262
1210,0.105,0.017,0.122,0.022,0.860655737704918,0.13934426229508198,5.8662,10.6338,664.8662,659.0,0.0,0.0,0.0,664.8662,10.6338,675.5,711.5047
1211,0.1626,0.0011,0.1637,0.0295,0.9932803909590714,0.006719609040928528,9.0828,0.7288,655.0831,646.0003,0.0,0.0,0.0,655.0831,0.7288,655.8118999999999,664.8154
1212,0.3867,0.0006,0.3873,0.0697,0.9984508133230054,0.0015491866769945777,22.3758,0.3797,288.3758,266.0,0.0,0.0,0.0,288.3758,0.37970000000000004,288.75550000000004,292.7529
1213,0.2288,0.0022,0.231,0.0416,0.9904761904761904,0.009523809523809525,12.4596,1.3857,791.4604,779.0008,0.0,0.0,0.0,791.4604,1.3857000000000002,792.8461000000001,818.3421
1214,0.479,0.0027,0.4817,0.0867,0.9943948515673655,0.0056051484326344195,26.7552,1.741,1439.754,1412.9988,0.0,0.0,0.0,1439.7540000000001,1.7409999999999997,1441.4950000000001,1461.9968
1215,0.4727,0.0,0.4728,0.0851,0.9997884940778342,0.0,26.181,0.0254,47.1813,21.0003,0.0,0.0,0.0,47.18129999999999,0.0254,47.20669999999999,47.2079
1216,0.1702,0.0063,0.1765,0.0318,0.9643059490084985,0.03569405099150142,9.5904,4.15,1620.5894,1610.999,0.0,0.0,0.0,1620.5893999999998,4.1499999999999995,1624.7394,1649.2411
1217,0.2519,0.0,0.2519,0.0453,1.0,0.0,13.3776,0.027,25.3771,11.9995,0.0,0.0,0.0,25.377100000000002,0.027,25.404100000000003,25.4083
1218,0.307,0.0,0.3071,0.0553,0.9996743731683491,0.0,16.308,0.0185,16.3077,0.0,0.0,0.0,0.0,16.3077,0.0185,16.3262,16.3263
1219,0.1154,0.0,0.1154,0.0208,1.0,0.0,6.2298,0.0114,9.2304,3.0006,0.0,0.0,0.0,9.2304,0.011399999999999999,9.2418,9.7408
1220,0.2457,0.0002,0.2459,0.0443,0.9991866612444082,0.0008133387555917039,13.3776,0.132,40.3769,26.9993,0.0,0.0,0.0,40.376900000000006,0.132,40.508900000000004,40.5049
1221,0.4459,0.0054,0.4513,0.0812,0.9880345668070021,0.011965433192998007,25.5726,3.4967,581.5724,555.9998,0.0,0.0,0.0,581.5724,3.4967000000000006,585.0691,600.5736
1222,0.5278,0.0001,0.5278,0.095,1.0,0.00018946570670708602,27.8046,0.0378,72.8046,45.0,0.0,0.0,0.0,72.80460000000001,0.03779999999999999,72.84240000000001,72.8409
1223,0.1883,0.0037,0.192,0.0346,0.9807291666666667,0.019270833333333334,10.6092,2.2579,489.6086,478.9994,0.0,0.0,0.0,489.6086,2.2579,491.86650000000003,515.8701
1224,0.2403,0.0004,0.2407,0.0433,0.9983381803074367,0.001661819692563357,12.4596,0.222,108.4603,96.0007,0.0,0.0,0.0,108.4603,0.22199999999999998,108.6823,108.6774
1225,0.2788,0.003,0.2818,0.0507,0.9893541518807665,0.0106458481192335,15.5754,1.867,628.5754,613.0,0.0,0.0,0.0,628.5754000000002,1.8670000000000002,630.4424000000001,644.447
1226,0.1212,0.0067,0.128,0.023,0.946875,0.05234375,6.9516,4.4371,1611.9513,1604.9997,0.0,0.0,0.0,1611.9512999999997,4.437099999999999,1616.3883999999998,1641.388
1227,0.2047,0.001,0.2057,0.037,0.9951385512882839,0.004861448711716091,10.872,0.641,263.8717,252.9997,0.0,0.0,0.0,263.8717,0.6409999999999999,264.5127,270.5093
1228,0.1182,0.0061,0.1242,0.0224,0.9516908212560387,0.04911433172302738,6.5448,3.8131,614.5453,608.0005,0.0,0.0,0.0,614.5453,3.8131,618.3584,638.861
1229,0.1485,0.0004,0.1489,0.0268,0.9973136333109469,0.002686366689053056,8.154,0.2581,279.1536,270.9996,0.0,0.0,0.0,279.1536,0.2581,279.4117,282.4094
1230,0.2047,0.0,0.2047,0.0368,1.0,0.0,10.872,0.0176,15.8718,4.9998,0.0,0.0,0.0,15.8718,0.0176,15.8894,15.8844
1231,0.3761,0.0046,0.3807,0.0685,0.9879169950091936,0.012083004990806409,21.1932,2.96,423.1935,402.0003,0.0,0.0,0.0,423.1935,2.96,426.15349999999995,458.1566
1232,0.1546,0.002,0.1566,0.0282,0.9872286079182631,0.01277139208173691,8.4906,1.3203,671.491,663.0004,0.0,0.0,0.0,671.491,1.3203,672.8113,692.3095
1233,0.4644,0.0003,0.4647,0.0836,0.999354422207876,0.0006455777921239509,26.3988,0.1828,96.3985,69.9997,0.0,0.0,0.0,96.39849999999998,0.1828,96.58129999999998,103.5846
1234,0.104,0.0006,0.1045,0.0188,0.9952153110047847,0.005741626794258373,5.661,0.3565,250.6608,244.9998,0.0,0.0,0.0,250.66080000000002,0.3565,251.01730000000003,255.5154
1235,0.42,0.0006,0.4206,0.0757,0.9985734664764622,0.0014265335235378032,23.4648,0.356,454.4654,431.0006,0.0,0.0,0.0,454.46540000000005,0.356,454.82140000000004,458.3226
1236,0.251,0.0001,0.2511,0.0452,0.9996017522899244,0.0003982477100756671,14.1444,0.0712,57.1447,43.0003,0.0,0.0,0.0,57.14470000000001,0.07120000000000001,57.215900000000005,57.2155
1237,0.3468,0.0004,0.3473,0.0625,0.9985603224877627,0.001151742009789807,20.0664,0.2637,70.0657,49.9993,0.0,0.0,0.0,70.06569999999999,0.2637,70.32939999999999,71.8317
1238,0.5149,0.0062,0.5211,0.0938,0.9881020917290347,0.011897908270965265,27.8046,4.0155,1318.8046,1291.0,0.0,0.0,0.0,1318.8046,4.015499999999999,1322.8201,1337.8226
1239,0.56,0.0002,0.5602,0.1008,0.9996429846483399,0.0003570153516601214,31.2804,0.1307,57.2802,25.9998,0.0,0.0,0.0,57.280199999999994,0.1307,57.41089999999999,59.9065
1240,0.5793,0.0,0.5793,0.1043,1.0,0.0,31.2804,0.0182,33.2801,1.9997,0.0,0.0,0.0,33.280100000000004,0.0182,33.298300000000005,33.2983
1241,0.1182,0.0002,0.1183,0.0213,0.9991546914623838,0.00169061707523246,6.5448,0.1068,66.5455,60.0007,0.0,0.0,0.0,66.54549999999999,0.1068,66.6523,69.6525
1242,0.2977,0.0,0.2977,0.0536,1.0,0.0,17.3772,0.0307,30.3782,13.001,0.0,0.0,0.0,30.3782,0.030699999999999998,30.4089,30.407
1243,0.0965,0.0001,0.0965,0.0174,1.0,0.0010362694300518134,5.436,0.0347,30.4358,24.9998,0.0,0.0,0.0,30.435799999999997,0.0347,30.470499999999998,30.4727
1244,0.2136,0.0091,0.2228,0.0401,0.9587073608617595,0.040843806104129264,11.7324,5.5682,1623.7325,1612.0001,0.0,0.0,0.0,1623.7325,5.568200000000001,1629.3007,1656.3037
1245,0.1141,0.0216,0.1357,0.0244,0.840825350036846,0.15917464996315403,6.5448,14.2067,1743.5452,1737.0004,0.0,0.0,0.0,1743.5451999999998,14.206700000000001,1757.7518999999998,1787.7558
1246,0.3192,0.0079,0.3272,0.0589,0.9755501222493888,0.02414425427872861,17.6814,5.1445,1093.6803,1075.9989,0.0,0.0,0.0,1093.6803,5.1445,1098.8248,1133.3291
1247,0.4273,0.0185,0.4458,0.0802,0.958501570210857,0.041498429789143115,23.4648,11.0084,1206.4653,1183.0005,0.0,0.0,0.0,1206.4652999999998,11.0084,1217.4736999999998,1261.97
1248,0.5046,0.0231,0.5277,0.095,0.9562251279135875,0.04377487208641274,27.2484,13.0086,2149.2485,2122.0001,0.0,0.0,0.0,2149.2485000000006,13.008600000000001,2162.2571000000007,2198.7532
1249,0.4687,0.0064,0.4751,0.0855,0.9865291517575246,0.013470848242475268,26.181,4.0468,1427.1814,1401.0004,0.0,0.0,0.0,1427.1814000000002,4.0468,1431.2282000000002,1468.2265
1250,0.4335,0.0004,0.4339,0.0781,0.9990781286010602,0.000921871398939848,23.4108,0.2289,35.41,11.9992,0.0,0.0,0.0,35.410000000000004,0.2289,35.63890000000001,37.1372
1251,0.3707,0.0164,0.3871,0.0697,0.9576336863859467,0.04236631361405322,20.5326,10.6842,898.5322,877.9996,0.0,0.0,0.0,898.5322000000001,10.6842,909.2164000000001,933.212
1252,0.1212,0.0005,0.1218,0.0219,0.9950738916256158,0.004105090311986864,6.9516,0.3351,129.9513,122.9997,0.0,0.0,0.0,129.9513,0.3351,130.28640000000001,131.2877
1253,0.5461,0.0,0.5461,0.0983,1.0,0.0,28.7694,0.0263,28.7691,0.0,0.0,0.0,0.0,28.7691,0.026299999999999997,28.7954,29.7947
1254,0.2716,0.0051,0.2767,0.0498,0.9815684857246115,0.01843151427538851,14.6664,3.0515,1133.666,1118.9996,0.0,0.0,0.0,1133.666,3.0515,1136.7175,1154.7183
1255,0.0996,0.0018,0.1014,0.0183,0.9822485207100591,0.01775147928994083,5.661,1.1692,361.6609,355.9999,0.0,0.0,0.0,361.6609,1.1691999999999998,362.8301,383.3322
1256,0.4603,0.0001,0.4604,0.0829,0.9997827975673328,0.0002172024326672459,26.3988,0.0459,77.3982,50.9994,0.0,0.0,0.0,77.3982,0.0459,77.4441,79.9481
1257,0.3685,0.004,0.3725,0.067,0.9892617449664429,0.010738255033557046,20.0664,2.4696,1128.066,1107.9996,0.0,0.0,0.0,1128.0660000000003,2.4696000000000002,1130.5356000000002,1159.0343
1258,0.4431,0.0161,0.4592,0.0827,0.9649390243902439,0.035060975609756094,24.7536,10.0678,2107.7531,2082.9995,0.0,0.0,0.0,2107.7531,10.067800000000002,2117.8208999999997,2142.8256
1259,0.2173,0.0003,0.2176,0.0392,0.9986213235294118,0.0013786764705882352,12.4596,0.2179,28.4604,16.0008,0.0,0.0,0.0,28.4604,0.21789999999999998,28.6783,32.6792
1260,0.297,0.0004,0.2974,0.0535,0.9986550100874243,0.0013449899125756557,16.308,0.2872,365.3077,348.9997,0.0,0.0,0.0,365.3077,0.2872,365.5949,373.0976
1261,0.1817,0.0,0.1818,0.0327,0.9994499449944995,0.0,9.3456,0.0266,9.3453,0.0,0.0,0.0,0.0,9.345299999999998,0.0266,9.371899999999998,9.3713
1262,0.2577,0.0001,0.2578,0.0464,0.9996121024049651,0.00038789759503491083,14.1516,0.0773,41.1524,27.0008,0.0,0.0,0.0,41.1524,0.0773,41.2297,43.2325
1263,0.203,0.0003,0.2033,0.0366,0.9985243482538121,0.0014756517461878994,10.6092,0.1602,15.6085,4.9993,0.0,0.0,0.0,15.6085,0.16019999999999998,15.768699999999999,15.77
1264,0.1428,0.0005,0.1433,0.0258,0.9965108164689462,0.0034891835310537334,8.4906,0.3031,124.4912,116.0006,0.0,0.0,0.0,124.49119999999999,0.3031,124.79429999999999,135.2965
1265,0.3983,0.0,0.3984,0.0717,0.9997489959839357,0.0,23.4648,0.0204,29.4649,6.0001,0.0,0.0,0.0,29.4649,0.020399999999999998,29.4853,29.4825
1266,0.4605,0.0001,0.4607,0.0829,0.9995658780117214,0.00021706099413935318,24.462,0.0745,24.4615,0.0,0.0,0.0,0.0,24.4615,0.0745,24.536,27.0355
1267,0.1255,0.0141,0.1397,0.0251,0.898353614889048,0.10093056549749464,7.0722,8.7289,995.0723,988.0001,0.0,0.0,0.0,995.0723,8.7289,1003.8012,1046.802
1268,0.3164,0.004,0.3204,0.0577,0.9875156054931336,0.012484394506866416,17.3772,2.4086,1388.3779,1371.0007,0.0,0.0,0.0,1388.3779000000002,2.4086000000000003,1390.7865000000002,1417.7894
1269,0.1651,0.0,0.1651,0.0297,1.0,0.0,8.4906,0.0093,14.4914,6.0008,0.0,0.0,0.0,14.491400000000002,0.0093,14.500700000000002,14.4982
1270,0.223,0.0001,0.2231,0.0402,0.9995517705064993,0.00044822949350067237,12.4596,0.0414,12.4602,0.0006,0.0,0.0,0.0,12.4602,0.041400000000000006,12.5016,13.0009
1271,0.4411,0.0001,0.4411,0.0794,1.0,0.00022670596236681027,24.2208,0.0494,80.221,56.0002,0.0,0.0,0.0,80.22099999999999,0.0494,80.2704,80.2751
1272,0.5388,0.0068,0.5456,0.0982,0.9875366568914955,0.012463343108504398,30.0978,4.1916,642.0986,612.0008,0.0,0.0,0.0,642.0986,4.1916,646.2902,671.2947
1273,0.4976,0.0,0.4976,0.0896,1.0,0.0,28.0368,0.0129,40.0359,11.9991,0.0,0.0,0.0,40.0359,0.0129,40.0488,40.0527
1274,0.3663,0.0002,0.3665,0.066,0.9994542974079127,0.0005457025920873125,21.1932,0.1044,67.1933,46.0001,0.0,0.0,0.0,67.19330000000001,0.10439999999999999,67.2977,67.8017
1275,0.1732,0.0002,0.1733,0.0312,0.9994229659549912,0.001154068090017311,9.5904,0.1144,147.5895,137.9991,0.0,0.0,0.0,147.58950000000002,0.11440000000000002,147.7039,149.2013
1276,0.4578,0.0004,0.4581,0.0825,0.9993451211525867,0.0008731717965509714,25.5726,0.2145,155.5723,129.9997,0.0,0.0,0.0,155.5723,0.21450000000000002,155.7868,159.2832
1277,0.4075,0.0002,0.4076,0.0734,0.9997546614327771,0.0004906771344455348,22.3758,0.1191,22.3758,0.0,0.0,0.0,0.0,22.375799999999998,0.1191,22.494899999999998,22.4977
1278,0.2353,0.0007,0.2361,0.0425,0.9966116052520119,0.002964845404489623,13.3776,0.4721,195.3771,181.9995,0.0,0.0,0.0,195.3771,0.4721000000000001,195.84920000000002,207.8522
1279,0.5594,0.0,0.5594,0.1007,1.0,0.0,28.7694,0.0129,33.7691,4.9997,0.0,0.0,0.0,33.7691,0.0129,33.782000000000004,33.7841
1280,0.1743,0.0239,0.1981,0.0357,0.8798586572438163,0.12064613831398284,9.819,14.3479,950.8182,940.9992,0.0,0.0,0.0,950.8181999999998,14.347900000000001,965.1660999999998,1009.1674
1281,0.2384,0.0032,0.2416,0.0435,0.9867549668874172,0.013245033112582781,13.0914,1.9944,1774.0911,1760.9997,0.0,0.0,0.0,1774.0911,1.9944,1776.0855000000001,1793.5834
1282,0.1834,0.0,0.1835,0.033,0.9994550408719347,0.0,10.4274,0.0169,38.4266,27.9992,0.0,0.0,0.0,38.42660000000001,0.0169,38.44350000000001,38.4472
1283,0.4878,0.0042,0.492,0.0886,0.9914634146341463,0.008536585365853657,27.2484,2.7462,826.2488,799.0004,0.0,0.0,0.0,826.2488,2.7462,828.995,855.9956
1284,0.2993,0.001,0.3003,0.0541,0.9966699966699967,0.00333000333000333,16.722,0.5651,191.7215,174.9995,0.0,0.0,0.0,191.7215,0.5651,192.2866,201.2911
1285,0.3778,0.0015,0.3793,0.0683,0.9960453466912734,0.003954653308726601,20.0664,0.9486,409.0657,388.9993,0.0,0.0,0.0,409.0657000000001,0.9486,410.0143000000001,426.5132
1286,0.2575,0.0023,0.2598,0.0468,0.9911470361816783,0.008852963818321787,13.9032,1.4587,1140.9025,1126.9993,0.0,0.0,0.0,1140.9025000000001,1.4587,1142.3612,1159.3582
1287,0.4355,0.0091,0.4446,0.08,0.97953216374269,0.020467836257309944,24.3288,5.3197,1184.329,1160.0002,0.0,0.0,0.0,1184.329,5.319700000000001,1189.6487,1204.6517
1288,0.2869,0.0004,0.2873,0.0517,0.9986077271145144,0.0013922728854855553,17.0586,0.2515,91.0588,74.0002,0.0,0.0,0.0,91.0588,0.25150000000000006,91.31030000000001,92.3087
1289,0.2496,0.0134,0.263,0.0473,0.9490494296577946,0.05095057034220532,13.59,8.8062,1947.5897,1933.9997,0.0,0.0,0.0,1947.5897,8.8062,1956.3959,1973.3939
1290,0.2935,0.0239,0.3174,0.0571,0.9247006931316949,0.07529930686830498,15.9822,15.0822,1536.9828,1521.0006,0.0,0.0,0.0,1536.9828,15.082199999999998,1552.065,1581.5684
1291,0.1573,0.0001,0.1574,0.0283,0.9993646759847521,0.0006353240152477764,8.154,0.0802,49.1538,40.9998,0.0,0.0,0.0,49.153800000000004,0.0802,49.234,49.2338
1292,0.2064,0.0002,0.2066,0.0372,0.9990319457889641,0.000968054211035818,10.872,0.1152,117.8717,106.9997,0.0,0.0,0.0,117.87169999999998,0.1152,117.98689999999998,126.4824
1293,0.2173,0.0002,0.2175,0.0392,0.999080459770115,0.0009195402298850575,11.7324,0.1481,47.7326,36.0002,0.0,0.0,0.0,47.732600000000005,0.14809999999999998,47.880700000000004,51.3758
1294,0.1791,0.011,0.1901,0.0342,0.9421357180431352,0.057864281956864806,9.5904,7.0139,674.5897,664.9993,0.0,0.0,0.0,674.5897,7.0139000000000005,681.6036,720.1059
1295,0.217,0.0,0.2171,0.0391,0.9995393827729158,0.0,12.7854,0.0154,17.7863,5.0009,0.0,0.0,0.0,17.7863,0.015399999999999999,17.8017,17.8058
1296,0.2489,0.0066,0.2555,0.046,0.9741682974559687,0.02583170254403131,13.9032,3.9642,768.9026,754.9994,0.0,0.0,0.0,768.9025999999999,3.9641999999999995,772.8667999999999,793.8663
1297,0.5235,0.0,0.5235,0.0942,1.0,0.0,27.8046,0.0185,27.8046,0.0,0.0,0.0,0.0,27.804599999999997,0.0185,27.823099999999997,27.8189
1298,0.443,0.0064,0.4494,0.0809,0.9857587894971073,0.014241210502892745,24.3288,4.1813,804.3291,780.0003,0.0,0.0,0.0,804.3290999999999,4.1813,808.5103999999999,829.0096
1299,0.1866,0.0001,0.1867,0.0336,0.9994643813604712,0.0005356186395286556,10.6092,0.0369,49.6082,38.999,0.0,0.0,0.0,49.6082,0.036899999999999995,49.6451,50.6442
1300,0.4552,0.0,0.4552,0.0819,1.0,0.0,23.4108,0.0178,24.41,0.9992,0.0,0.0,0.0,24.409999999999997,0.0178,24.427799999999998,24.4231
1301,0.1951,0.0,0.1951,0.0351,1.0,0.0,10.0332,0.014,10.0329,0.0,0.0,0.0,0.0,10.032899999999998,0.014,10.046899999999997,10.0475
1302,0.2485,0.0,0.2486,0.0447,0.999597747385358,0.0,13.6476,0.0302,60.6472,46.9996,0.0,0.0,0.0,60.647200000000005,0.0302,60.677400000000006,61.1759
1303,0.4878,0.0093,0.497,0.0895,0.9814889336016097,0.018712273641851105,27.2484,6.1178,2065.2486,2038.0002,0.0,0.0,0.0,2065.2486000000004,6.1178,2071.3664000000003,2136.3653
1304,0.1106,0.0029,0.1135,0.0204,0.9744493392070485,0.02555066079295154,6.2298,1.8181,190.2301,184.0003,0.0,0.0,0.0,190.23010000000002,1.8181,192.0482,206.5438
1305,0.1562,0.0019,0.1581,0.0285,0.9879822896900696,0.012017710309930424,8.8002,1.2332,1345.7996,1336.9994,0.0,0.0,0.0,1345.7996,1.2331999999999999,1347.0328,1363.0288
1306,0.2886,0.0054,0.294,0.0529,0.9816326530612246,0.018367346938775512,15.9822,3.4577,1447.9825,1432.0003,0.0,0.0,0.0,1447.9825,3.4576999999999996,1451.4402,1478.4416
1307,0.531,0.0001,0.5311,0.0956,0.9998117115420825,0.00018828845791752966,31.2804,0.0368,37.2802,5.9998,0.0,0.0,0.0,37.2802,0.0368,37.317,37.3191
1308,0.45,0.0024,0.4524,0.0814,0.9946949602122016,0.005305039787798407,24.921,1.6304,1127.9208,1102.9998,0.0,0.0,0.0,1127.9208,1.6304,1129.5512,1152.0515
1309,0.4336,0.0013,0.4349,0.0783,0.9970108070820878,0.0029891929179121637,24.2208,0.7686,941.2212,917.0004,0.0,0.0,0.0,941.2212,0.7686,941.9898,956.4947
1310,0.5061,0.0002,0.5063,0.0911,0.999604977286194,0.00039502271380604387,28.7694,0.1115,141.7692,112.9998,0.0,0.0,0.0,141.76919999999998,0.11150000000000002,141.8807,143.8856
1311,0.3138,0.0064,0.3202,0.0576,0.9800124921923798,0.01998750780762024,17.3772,4.1808,660.3778,643.0006,0.0,0.0,0.0,660.3778000000002,4.1808000000000005,664.5586000000002,683.5599
1312,0.4976,0.0194,0.5169,0.093,0.9626620236022441,0.0375314374153608,28.0368,12.4863,1480.0361,1451.9993,0.0,0.0,0.0,1480.0361000000003,12.4863,1492.5224000000003,1520.5259
1313,0.2489,0.0149,0.2637,0.0475,0.9438756162305652,0.0565036025786879,13.9032,9.2774,1417.9023,1403.9991,0.0,0.0,0.0,1417.9023000000002,9.2774,1427.1797000000001,1451.1777
1314,0.2648,0.0013,0.2661,0.0479,0.9951146185644494,0.004885381435550545,14.6664,0.792,490.666,475.9996,0.0,0.0,0.0,490.66599999999994,0.792,491.4579999999999,507.9586
1315,0.2593,0.0,0.2593,0.0467,1.0,0.0,15.138,0.0219,38.138,23.0,0.0,0.0,0.0,38.138000000000005,0.021899999999999996,38.15990000000001,38.1572
1316,0.3974,0.0001,0.3975,0.0716,0.9997484276729559,0.00025157232704402514,23.4108,0.0636,59.4102,35.9994,0.0,0.0,0.0,59.4102,0.0636,59.473800000000004,59.475
1317,0.1164,0.0,0.1165,0.021,0.9991416309012875,0.0,6.3936,0.0305,9.3927,2.9991,0.0,0.0,0.0,9.392700000000001,0.030499999999999996,9.423200000000001,9.4198
1318,0.3676,0.0001,0.3676,0.0662,1.0,0.0002720348204570185,20.5326,0.0418,51.532,30.9994,0.0,0.0,0.0,51.532,0.041800000000000004,51.5738,52.5688
1319,0.4228,0.0001,0.4229,0.0761,0.9997635374793096,0.00023646252069047059,22.644,0.0365,50.6437,27.9997,0.0,0.0,0.0,50.6437,0.036500000000000005,50.6802,51.1823
1320,0.2693,0.0003,0.2696,0.0485,0.998887240356083,0.0011127596439169138,14.6664,0.1568,39.6657,24.9993,0.0,0.0,0.0,39.6657,0.1568,39.8225,40.8266
1321,0.1244,0.0022,0.1266,0.0228,0.9826224328593998,0.01737756714060032,6.9516,1.3311,464.9511,457.9995,0.0,0.0,0.0,464.9511,1.3311,466.2822,488.2806
1322,0.3308,0.0001,0.3309,0.0596,0.9996977938954366,0.0003022061045633122,18.1656,0.0459,58.1659,40.0003,0.0,0.0,0.0,58.16589999999999,0.045899999999999996,58.2118,58.2162
1323,0.2046,0.0012,0.2058,0.037,0.9941690962099125,0.005830903790087463,11.7324,0.7546,468.7324,457.0,0.0,0.0,0.0,468.7323999999999,0.7546,469.4869999999999,479.4888
1324,0.4889,0.0034,0.4923,0.0886,0.9930936420881576,0.006906357911842372,26.181,2.0724,1244.1818,1218.0008,0.0,0.0,0.0,1244.1818,2.0724,1246.2542,1259.757
1325,0.2013,0.0001,0.2014,0.0363,0.999503475670308,0.0004965243296921549,10.872,0.0401,26.8718,15.9998,0.0,0.0,0.0,26.871799999999997,0.0401,26.911899999999996,26.9159
1326,0.2344,0.0031,0.2374,0.0427,0.987363100252738,0.013058129738837404,13.0914,1.9116,491.091,477.9996,0.0,0.0,0.0,491.09100000000007,1.9116000000000002,493.0026000000001,512.5072
1327,0.3232,0.0052,0.3284,0.0591,0.9841656516443361,0.015834348355663823,17.5986,3.1979,1295.599,1278.0004,0.0,0.0,0.0,1295.5989999999997,3.1978999999999997,1298.7968999999996,1317.7949
1328,0.1023,0.0,0.1023,0.0184,1.0,0.0,5.8662,0.0219,16.8663,11.0001,0.0,0.0,0.0,16.8663,0.0219,16.888199999999998,16.8843
1329,0.4423,0.0014,0.4437,0.0799,0.9968447148974533,0.003155285102546766,24.921,0.8606,347.9209,322.9999,0.0,0.0,0.0,347.9209000000001,0.8606,348.78150000000005,358.7821
1330,0.4678,0.0003,0.4681,0.0842,0.999359111301004,0.0006408886989959409,25.4736,0.1558,83.474,58.0004,0.0,0.0,0.0,83.474,0.15580000000000002,83.6298,86.1295
1331,0.3995,0.0234,0.4229,0.0761,0.94466777015843,0.055332229841570116,22.9086,15.3155,2156.9092,2134.0006,0.0,0.0,0.0,2156.9092,15.315500000000002,2172.2247,2206.7204
1332,0.1211,0.0143,0.1354,0.0244,0.8943870014771049,0.10561299852289513,6.8238,9.2642,770.8237,763.9999,0.0,0.0,0.0,770.8236999999999,9.2642,780.0878999999999,805.0851
1333,0.2046,0.0003,0.2049,0.0369,0.9985358711566618,0.0014641288433382136,11.7324,0.1848,147.7325,136.0001,0.0,0.0,0.0,147.73250000000002,0.18480000000000002,147.9173,150.4169
1334,0.4836,0.0,0.4836,0.087,1.0,0.0,27.2484,0.012,28.2486,1.0002,0.0,0.0,0.0,28.2486,0.011999999999999999,28.2606,28.2617
1335,0.2812,0.0003,0.2815,0.0507,0.9989342806394317,0.0010657193605683837,15.5754,0.2039,162.5755,147.0001,0.0,0.0,0.0,162.5755,0.2039,162.7794,167.2828
1336,0.4136,0.0016,0.4152,0.0747,0.9961464354527939,0.0038535645472061657,22.9086,0.9882,534.9091,512.0005,0.0,0.0,0.0,534.9091,0.9882000000000001,535.8973,547.8978
1337,0.4848,0.0001,0.4849,0.0873,0.9997937719117344,0.00020622808826562179,26.3988,0.0915,105.3983,78.9995,0.0,0.0,0.0,105.39829999999999,0.09150000000000001,105.48979999999999,107.494
1338,0.2271,0.0004,0.2275,0.0409,0.9982417582417582,0.0017582417582417582,13.3776,0.2533,104.3772,90.9996,0.0,0.0,0.0,104.37720000000002,0.2533,104.63050000000001,108.6305
1339,0.1559,0.0001,0.156,0.0281,0.9993589743589745,0.000641025641025641,8.4906,0.042,89.4912,81.0006,0.0,0.0,0.0,89.49119999999999,0.041999999999999996,89.5332,91.0328
1340,0.2532,0.0084,0.2616,0.0471,0.9678899082568807,0.03211009174311926,14.1444,5.2696,698.1445,684.0001,0.0,0.0,0.0,698.1444999999999,5.2696,703.4140999999998,725.9123
1341,0.1123,0.0,0.1123,0.0202,1.0,0.0,5.8662,0.0103,8.8662,3.0,0.0,0.0,0.0,8.866200000000001,0.010300000000000002,8.876500000000002,8.8769
1342,0.314,0.0006,0.3145,0.0566,0.9984101748807631,0.0019077901430842605,18.1656,0.3594,287.1659,269.0003,0.0,0.0,0.0,287.1659000000001,0.3594,287.5253000000001,291.0252
1343,0.5019,0.0001,0.502,0.0904,0.999800796812749,0.00019920318725099602,28.0368,0.0545,82.0359,53.9991,0.0,0.0,0.0,82.03589999999998,0.0545,82.09039999999999,82.5933
1344,0.2995,0.0022,0.3017,0.0543,0.9927079880676167,0.007292011932383162,16.308,1.4313,479.3077,462.9997,0.0,0.0,0.0,479.30769999999995,1.4313,480.739,497.238
1345,0.4996,0.0001,0.4997,0.0899,0.9997998799279568,0.00020012007204322596,26.7552,0.0671,122.7543,95.9991,0.0,0.0,0.0,122.75430000000003,0.0671,122.82140000000003,123.8242
1346,0.175,0.0009,0.1759,0.0317,0.9948834565093803,0.00511654349061967,10.0332,0.5877,191.0326,180.9994,0.0,0.0,0.0,191.0326,0.5877,191.62030000000001,197.123
1347,0.163,0.0001,0.163,0.0293,1.0,0.0006134969325153375,8.8002,0.048,33.7996,24.9994,0.0,0.0,0.0,33.7996,0.048,33.8476,33.8459
1348,0.3859,0.0068,0.3927,0.0707,0.9826839826839827,0.017316017316017316,21.744,4.291,1213.7432,1191.9992,0.0,0.0,0.0,1213.7432000000003,4.291,1218.0342000000003,1237.0303
1349,0.0948,0.0157,0.1105,0.0199,0.857918552036199,0.1420814479638009,5.436,10.0959,1704.436,1699.0,0.0,0.0,0.0,1704.4359999999997,10.0959,1714.5318999999997,1783.0318
1350,0.1585,0.0,0.1586,0.0285,0.9993694829760404,0.0,8.4906,0.0116,8.491,0.0004,0.0,0.0,0.0,8.491,0.011600000000000003,8.5026,8.4999
1351,0.2209,0.0001,0.221,0.0398,0.9995475113122172,0.00045248868778280545,11.7324,0.0822,93.7327,82.0003,0.0,0.0,0.0,93.7327,0.0822,93.8149,93.81
1352,0.097,0.0005,0.0975,0.0176,0.9948717948717949,0.005128205128205128,5.661,0.3454,401.6607,395.9997,0.0,0.0,0.0,401.6607,0.3454,402.0061,409.006
1353,0.2149,0.0051,0.22,0.0396,0.9768181818181818,0.023181818181818182,12.1104,3.1168,618.1106,606.0002,0.0,0.0,0.0,618.1106000000001,3.1168000000000005,621.2274000000001,645.2311
1354,0.5795,0.0001,0.5796,0.1043,0.9998274672187716,0.0001725327812284334,31.8258,0.0402,35.8252,3.9994,0.0,0.0,0.0,35.825199999999995,0.0402,35.865399999999994,35.8656
1355,0.3794,0.0052,0.3846,0.0692,0.9864794591783672,0.013520540821632865,21.1932,3.2283,1046.1933,1025.0001,0.0,0.0,0.0,1046.1933000000001,3.2283000000000004,1049.4216000000001,1070.4214
1356,0.4144,0.0251,0.4394,0.0791,0.9431042330450614,0.057123350022758305,22.3758,15.4217,1186.3758,1164.0,0.0,0.0,0.0,1186.3757999999998,15.4217,1201.7975,1229.7988
1357,0.4844,0.0067,0.4911,0.0884,0.9863571574017512,0.01364284259824883,27.2934,4.2726,594.2939,567.0005,0.0,0.0,0.0,594.2939,4.272600000000001,598.5665,620.0677
1358,0.1183,0.0004,0.1186,0.0213,0.9974704890387859,0.0033726812816188873,6.2298,0.2111,60.23,54.0002,0.0,0.0,0.0,60.230000000000004,0.2111,60.441100000000006,61.4452
1359,0.1507,0.0003,0.151,0.0272,0.9980132450331126,0.001986754966887417,8.4906,0.1728,78.4913,70.0007,0.0,0.0,0.0,78.4913,0.17279999999999998,78.66409999999999,85.1645
1360,0.251,0.0,0.2511,0.0452,0.9996017522899244,0.0,13.9032,0.0155,22.9026,8.9994,0.0,0.0,0.0,22.902600000000003,0.015499999999999998,22.918100000000003,22.9148
1361,0.3302,0.0002,0.3304,0.0595,0.9993946731234866,0.0006053268765133172,17.6814,0.1448,36.6807,18.9993,0.0,0.0,0.0,36.6807,0.14479999999999998,36.8255,41.826
1362,0.2436,0.0017,0.2453,0.0442,0.9930697105584999,0.006930289441500204,13.3776,1.0804,769.3773,755.9997,0.0,0.0,0.0,769.3773000000001,1.0804,770.4577000000002,778.4604
1363,0.4275,0.0271,0.4546,0.0818,0.940387153541575,0.05961284645842499,23.8824,16.2076,1173.8822,1149.9998,0.0,0.0,0.0,1173.8822,16.2076,1190.0898,1236.5924
1364,0.4577,0.0028,0.4604,0.0829,0.9941355343179844,0.006081668114682885,24.921,1.6466,1031.9209,1006.9999,0.0,0.0,0.0,1031.9209,1.6466,1033.5675,1055.0695
1365,0.5746,0.0001,0.5747,0.1035,0.9998259961719158,0.00017400382808421786,31.8258,0.0703,63.8251,31.9993,0.0,0.0,0.0,63.8251,0.0703,63.8954,64.3959
1366,0.1867,0.025,0.2117,0.0381,0.8819083608880491,0.11809163911195088,10.4274,15.8057,2111.4266,2100.9992,0.0,0.0,0.0,2111.4266000000002,15.8057,2127.2323,2163.7294
1367,0.5318,0.0214,0.5533,0.0996,0.9611422374841858,0.03867702873667088,29.4552,13.2049,751.4547,721.9995,0.0,0.0,0.0,751.4547,13.204899999999999,764.6596,807.1611
1368,0.42,0.002,0.4221,0.076,0.9950248756218906,0.0047382136934375745,23.4648,1.2397,969.4653,946.0005,0.0,0.0,0.0,969.4653000000001,1.2397,970.705,994.7083
1369,0.502,0.0297,0.5318,0.0957,0.9439638962015795,0.05584806318164723,27.8046,17.9265,2002.8047,1975.0001,0.0,0.0,0.0,2002.8047,17.9265,2020.7312,2053.2336
1370,0.3716,0.0,0.3716,0.0669,1.0,0.0,20.0664,0.0148,24.0655,3.9991,0.0,0.0,0.0,24.065499999999997,0.014799999999999999,24.080299999999998,24.0801
1371,0.2762,0.0003,0.2766,0.0498,0.9985538684020245,0.0010845986984815616,15.9822,0.1976,168.9828,153.0006,0.0,0.0,0.0,168.98280000000003,0.1976,169.18040000000002,173.176
1372,0.555,0.0001,0.5551,0.0999,0.9998198522788687,0.0001801477211313277,31.8258,0.0757,34.8253,2.9995,0.0,0.0,0.0,34.82529999999999,0.0757,34.90099999999999,35.9048
1373,0.322,0.0245,0.3465,0.0624,0.9292929292929294,0.07070707070707072,17.6814,15.5857,1956.6807,1938.9993,0.0,0.0,0.0,1956.6807000000001,15.585700000000001,1972.2664000000002,2012.7651
1374,0.2475,0.0021,0.2495,0.0449,0.9919839679358717,0.008416833667334669,13.59,1.3501,635.5895,621.9995,0.0,0.0,0.0,635.5895,1.3500999999999999,636.9396,659.4353
1375,0.3892,0.0004,0.3897,0.0701,0.9987169617654607,0.0010264305876315114,21.744,0.2693,449.7438,427.9998,0.0,0.0,0.0,449.7438,0.2693,450.0131,454.5084
1376,0.56,0.0254,0.5854,0.1054,0.9566108643662453,0.0433891356337547,31.2804,15.8641,1626.2804,1595.0,0.0,0.0,0.0,1626.2804,15.864099999999999,1642.1445,1690.1448
1377,0.5061,0.0,0.5062,0.0911,0.9998024496246543,0.0,28.7694,0.0145,37.7686,8.9992,0.0,0.0,0.0,37.768600000000006,0.014499999999999999,37.783100000000005,37.7828
1378,0.2836,0.0217,0.3053,0.055,0.9289223714379299,0.07107762856207009,15.9822,12.9218,1348.9829,1333.0007,0.0,0.0,0.0,1348.9829,12.921800000000001,1361.9047,1398.4075
1379,0.1575,0.0107,0.1682,0.0303,0.9363852556480381,0.06361474435196195,8.8002,6.4203,172.7996,163.9994,0.0,0.0,0.0,172.7996,6.4203,179.2199,193.7159
1380,0.1702,0.0027,0.1729,0.0311,0.9843840370156159,0.015615962984384038,9.5904,1.7454,639.5897,629.9993,0.0,0.0,0.0,639.5896999999999,1.7454,641.3350999999999,658.8315
1381,0.502,0.0018,0.5038,0.0907,0.9964271536323938,0.0035728463676061926,28.2888,1.1654,762.2888,734.0,0.0,0.0,0.0,762.2888,1.1653999999999998,763.4542,775.4575
1382,0.396,0.0001,0.396,0.0713,1.0,0.0002525252525252525,21.744,0.0389,29.7436,7.9996,0.0,0.0,0.0,29.743599999999997,0.0389,29.7825,30.2802
1383,0.1134,0.0012,0.1146,0.0206,0.9895287958115184,0.010471204188481674,6.2298,0.7963,484.23,478.0002,0.0,0.0,0.0,484.23,0.7963000000000001,485.0263,499.5311
1384,0.119,0.0001,0.1191,0.0214,0.9991603694374475,0.000839630562552477,7.0722,0.0847,20.0722,13.0,0.0,0.0,0.0,20.072200000000002,0.08469999999999998,20.156900000000004,20.1569
1385,0.4055,0.0,0.4055,0.073,1.0,0.0,24.3288,0.0198,24.3291,0.0003,0.0,0.0,0.0,24.3291,0.019799999999999998,24.3489,24.3473
1386,0.4136,0.0031,0.4167,0.075,0.9925605951523878,0.007439404847612191,22.9086,1.958,1119.9092,1097.0006,0.0,0.0,0.0,1119.9091999999998,1.958,1121.8672,1135.3628
1387,0.3455,0.0005,0.346,0.0623,0.9985549132947977,0.0014450867052023123,19.8126,0.3446,202.8129,183.0003,0.0,0.0,0.0,202.81289999999998,0.34459999999999996,203.1575,207.654
1388,0.5544,0.0038,0.5582,0.1005,0.9931924041562163,0.0068075958437835895,30.7062,2.4234,1618.7059,1587.9997,0.0,0.0,0.0,1618.7059,2.4234000000000004,1621.1292999999998,1645.6301
1389,0.2044,0.0077,0.2122,0.0382,0.9632422243166824,0.03628652214891612,11.322,4.8425,1969.3219,1957.9999,0.0,0.0,0.0,1969.3219,4.8425,1974.1644,2015.666
1390,0.4123,0.0149,0.4272,0.0769,0.9651217228464419,0.03487827715355805,22.644,9.4956,2002.6434,1979.9994,0.0,0.0,0.0,2002.6434,9.495600000000001,2012.139,2059.1439
1391,0.2569,0.0001,0.2571,0.0463,0.9992220925709842,0.00038895371450797355,13.6476,0.0654,44.6471,30.9995,0.0,0.0,0.0,44.64710000000001,0.0654,44.712500000000006,45.7114
1392,0.1106,0.0002,0.1108,0.0199,0.9981949458483755,0.0018050541516245488,6.2298,0.1199,35.2301,29.0003,0.0,0.0,0.0,35.2301,0.11989999999999999,35.35,40.3482
1393,0.4808,0.0123,0.4931,0.0888,0.9750557696207667,0.024944230379233424,26.181,7.6665,793.1817,767.0007,0.0,0.0,0.0,793.1817000000001,7.666500000000001,800.8482000000001,824.852
1394,0.5019,0.0007,0.5025,0.0905,0.9988059701492539,0.0013930348258706469,28.0368,0.4218,162.036,133.9992,0.0,0.0,0.0,162.03600000000003,0.4218,162.45780000000002,176.4538
1395,0.3797,0.0282,0.408,0.0734,0.9306372549019608,0.06911764705882353,20.853,17.5253,1651.8533,1631.0003,0.0,0.0,0.0,1651.8533,17.5253,1669.3786,1719.3776
1396,0.3433,0.0099,0.3532,0.0636,0.9719705549263873,0.028029445073612685,19.179,6.2367,1524.1791,1505.0001,0.0,0.0,0.0,1524.1790999999998,6.236700000000001,1530.4157999999998,1554.9156
1397,0.4872,0.0,0.4872,0.0877,1.0,0.0,26.7552,0.0134,27.7541,0.9989,0.0,0.0,0.0,27.754099999999998,0.013400000000000002,27.7675,28.2653
1398,0.2046,0.0,0.2046,0.0368,1.0,0.0,11.7324,0.0222,21.7325,10.0001,0.0,0.0,0.0,21.7325,0.0222,21.754700000000003,21.7521
1399,0.1992,0.0,0.1992,0.0359,1.0,0.0,11.7324,0.012,12.7326,1.0002,0.0,0.0,0.0,12.732600000000001,0.012,12.744600000000002,12.742
1400,0.3957,0.0006,0.3963,0.0713,0.9984859954579864,0.001514004542013626,21.1932,0.3822,307.1935,286.0003,0.0,0.0,0.0,307.1935,0.38220000000000004,307.5757,312.0805
1401,0.4748,0.0015,0.4763,0.0857,0.9968507243334033,0.003149275666596683,26.7552,0.9393,470.7542,443.999,0.0,0.0,0.0,470.7542000000001,0.9393,471.6935000000001,498.1961
1402,0.56,0.0009,0.5608,0.1009,0.9985734664764624,0.0016048502139800287,31.2804,0.5671,168.2803,136.9999,0.0,0.0,0.0,168.28029999999998,0.5671,168.8474,170.8464
1403,0.3404,0.0002,0.3405,0.0613,0.999706314243759,0.0005873715124816446,18.6912,0.0948,38.6906,19.9994,0.0,0.0,0.0,38.6906,0.0948,38.7854,41.2846
1404,0.3696,0.0,0.3696,0.0665,1.0,0.0,21.1932,0.0118,37.1935,16.0003,0.0,0.0,0.0,37.19349999999999,0.011799999999999998,37.205299999999994,37.2087
1405,0.1858,0.0007,0.1865,0.0336,0.9962466487935656,0.0037533512064343165,10.0332,0.4736,296.0328,285.9996,0.0,0.0,0.0,296.03279999999995,0.4736,296.5063999999999,308.5083
1406,0.5195,0.0002,0.5197,0.0936,0.9996151625938039,0.00038483740619588223,28.2888,0.1451,80.289,52.0002,0.0,0.0,0.0,80.28900000000002,0.14509999999999998,80.43410000000002,84.4362
1407,0.1827,0.0259,0.2086,0.0375,0.8758389261744967,0.12416107382550334,10.0332,16.5575,1145.0332,1135.0,0.0,0.0,0.0,1145.0331999999999,16.5575,1161.5906999999997,1211.0944
1408,0.5551,0.0072,0.5624,0.1012,0.9870199146514936,0.012802275960170697,31.2804,4.5098,1375.28,1343.9996,0.0,0.0,0.0,1375.2800000000002,4.5098,1379.7898000000002,1395.2853
1409,0.1974,0.0003,0.1977,0.0356,0.9984825493171472,0.0015174506828528073,11.322,0.1713,220.3218,208.9998,0.0,0.0,0.0,220.3218,0.17129999999999998,220.4931,229.4899
1410,0.1134,0.0065,0.12,0.0216,0.9450000000000001,0.05416666666666667,6.2298,3.8957,1220.2302,1214.0004,0.0,0.0,0.0,1220.2302,3.8956999999999997,1224.1259,1256.1259
1411,0.3798,0.0002,0.38,0.0684,0.9994736842105264,0.0005263157894736842,21.2166,0.1415,62.2166,41.0,0.0,0.0,0.0,62.21659999999999,0.14150000000000001,62.35809999999999,63.3537
1412,0.2011,0.0002,0.2014,0.0362,0.9985104270109235,0.0009930486593843098,10.4274,0.1408,11.4274,1.0,0.0,0.0,0.0,11.427399999999999,0.1408,11.5682,11.568
1413,0.5149,0.0004,0.5153,0.0928,0.9992237531535029,0.0007762468464971862,28.0368,0.2556,139.0359,110.9991,0.0,0.0,0.0,139.0359,0.2556,139.29149999999998,139.7933
1414,0.3455,0.0,0.3455,0.0622,1.0,0.0,19.8126,0.0089,21.8134,2.0008,0.0,0.0,0.0,21.8134,0.0089,21.822300000000002,21.8183
1415,0.2861,0.0001,0.2862,0.0515,0.9996505939902167,0.00034940600978336826,15.9822,0.0527,53.9826,38.0004,0.0,0.0,0.0,53.982600000000005,0.052700000000000004,54.03530000000001,56.5332
1416,0.5403,0.0001,0.5404,0.0973,0.9998149518874908,0.00018504811250925242,31.8258,0.0792,54.825,22.9992,0.0,0.0,0.0,54.824999999999996,0.0792,54.904199999999996,55.4018
1417,0.4831,0.016,0.4991,0.0898,0.9679422961330394,0.03205770386696053,26.7552,9.5002,1337.7544,1310.9992,0.0,0.0,0.0,1337.7544,9.500199999999998,1347.2546,1376.752
1418,0.3864,0.0005,0.3868,0.0696,0.9989658738366082,0.0012926577042399175,21.2166,0.3006,255.2168,234.0002,0.0,0.0,0.0,255.2168,0.3006,255.5174,257.5214
1419,0.2013,0.0079,0.2093,0.0377,0.9617773530817009,0.03774486383182035,10.872,5.0307,1839.8714,1828.9994,0.0,0.0,0.0,1839.8714,5.0307,1844.9021,1881.901
1420,0.2349,0.0001,0.2349,0.0423,1.0,0.0004257130693912303,13.59,0.0347,22.5897,8.9997,0.0,0.0,0.0,22.589699999999997,0.0347,22.624399999999998,24.6279
1421,0.1773,0.0001,0.1774,0.0319,0.9994363021420519,0.0005636978579481398,9.819,0.0558,35.8182,25.9992,0.0,0.0,0.0,35.818200000000004,0.055799999999999995,35.874,36.375
1422,0.5413,0.0,0.5414,0.0974,0.999815293683044,0.0,28.2888,0.0214,29.2888,1.0,0.0,0.0,0.0,29.288800000000002,0.0214,29.310200000000002,29.3136
1423,0.1687,0.0026,0.1713,0.0308,0.9848219497956799,0.015178050204319905,9.3456,1.6176,975.3455,965.9999,0.0,0.0,0.0,975.3455,1.6176000000000001,976.9631,996.9673
1424,0.3014,0.0006,0.302,0.0544,0.9980132450331126,0.001986754966887417,16.983,0.3654,379.9826,362.9996,0.0,0.0,0.0,379.98259999999993,0.36539999999999995,380.34799999999996,392.8476
1425,0.3633,0.001,0.3643,0.0656,0.9972550096074664,0.002744990392533626,20.4714,0.6071,208.4707,187.9993,0.0,0.0,0.0,208.47070000000002,0.6071,209.07780000000002,213.0791
1426,0.2283,0.0,0.2283,0.0411,1.0,0.0,13.0914,0.0247,24.091,10.9996,0.0,0.0,0.0,24.090999999999994,0.0247,24.115699999999993,24.1113
1427,0.479,0.0065,0.4855,0.0874,0.9866117404737385,0.013388259526261586,26.7552,4.1286,740.7545,713.9993,0.0,0.0,0.0,740.7545,4.1286,744.8831,779.8806
1428,0.4523,0.0,0.4523,0.0814,1.0,0.0,24.2208,0.0119,36.221,12.0002,0.0,0.0,0.0,36.22099999999999,0.011899999999999999,36.23289999999999,36.7318
1429,0.2935,0.0004,0.2939,0.0529,0.9986389928547125,0.001361007145287513,15.9822,0.2352,287.9829,272.0007,0.0,0.0,0.0,287.98290000000003,0.23520000000000002,288.21810000000005,291.7195
1430,0.2633,0.0001,0.2634,0.0474,0.9996203492786635,0.0003796507213363705,13.6476,0.0619,22.6469,8.9993,0.0,0.0,0.0,22.6469,0.061900000000000004,22.7088,22.7109
1431,0.3836,0.0055,0.3891,0.07,0.9858648162426111,0.014135183757388845,21.8052,3.6917,917.8058,896.0006,0.0,0.0,0.0,917.8058,3.6917,921.4975,946.4936
1432,0.4298,0.0011,0.431,0.0776,0.997215777262181,0.002552204176334107,24.2208,0.745,501.2211,477.0003,0.0,0.0,0.0,501.2211,0.745,501.9661,517.9622
1433,0.1626,0.0006,0.1632,0.0294,0.9963235294117646,0.0036764705882352936,9.0828,0.3714,295.0828,286.0,0.0,0.0,0.0,295.0828,0.37140000000000006,295.4542,302.4586
1434,0.4578,0.0025,0.4603,0.0829,0.9945687595046708,0.005431240495329133,25.5726,1.5633,664.5723,638.9997,0.0,0.0,0.0,664.5723,1.5633,666.1356000000001,677.1339
1435,0.3364,0.0001,0.3365,0.0606,0.9997028231797919,0.00029717682020802375,19.6362,0.0562,21.6363,2.0001,0.0,0.0,0.0,21.636300000000002,0.0562,21.692500000000003,21.6883
1436,0.5697,0.0318,0.6015,0.1083,0.9471321695760597,0.05286783042394015,31.8258,20.1852,1634.8248,1602.999,0.0,0.0,0.0,1634.8248,20.185200000000002,1655.01,1687.5115
1437,0.2118,0.0024,0.2143,0.0386,0.9883341110592627,0.011199253383107793,11.7324,1.4797,1440.7328,1429.0004,0.0,0.0,0.0,1440.7328,1.4797,1442.2125,1464.2125
1438,0.2475,0.0038,0.2512,0.0452,0.9852707006369428,0.015127388535031849,13.59,2.3267,1168.5894,1154.9994,0.0,0.0,0.0,1168.5893999999998,2.3267,1170.9161,1190.9164
1439,0.1727,0.0015,0.1743,0.0314,0.9908204245553642,0.008605851979345954,9.819,1.0004,720.8179,710.9989,0.0,0.0,0.0,720.8178999999999,1.0004,721.8182999999999,733.8186
1440,0.4164,0.0005,0.417,0.0751,0.9985611510791367,0.0011990407673860913,23.4648,0.3462,256.4653,233.0005,0.0,0.0,0.0,256.46530000000007,0.3462,256.8115000000001,269.3155
1441,0.298,0.0015,0.2995,0.0539,0.994991652754591,0.005008347245409015,16.3638,0.9498,594.3634,577.9996,0.0,0.0,0.0,594.3634,0.9498000000000001,595.3131999999999,615.81
1442,0.1223,0.0,0.1224,0.022,0.9991830065359478,0.0,6.3936,0.0269,10.3934,3.9998,0.0,0.0,0.0,10.3934,0.026899999999999997,10.4203,10.4241
1443,0.3971,0.0025,0.3996,0.0719,0.9937437437437437,0.006256256256256257,21.8052,1.6198,653.806,632.0008,0.0,0.0,0.0,653.806,1.6198000000000001,655.4258000000001,672.4303
1444,0.3633,0.0001,0.3634,0.0654,0.999724821133737,0.000275178866263071,20.4714,0.0326,41.4706,20.9992,0.0,0.0,0.0,41.4706,0.0326,41.5032,41.5071
1445,0.4238,0.0256,0.4495,0.0809,0.942825361512792,0.05695216907675195,23.8824,15.5744,1859.8824,1836.0,0.0,0.0,0.0,1859.8824,15.5744,1875.4568,1907.4544
1446,0.4615,0.0057,0.4672,0.0841,0.9877996575342466,0.012200342465753425,24.921,3.7902,1457.9209,1432.9999,0.0,0.0,0.0,1457.9208999999998,3.7901999999999996,1461.7110999999998,1494.7079
1447,0.4657,0.0109,0.4766,0.0858,0.9771296684851027,0.022870331514897188,25.5726,7.3054,796.5722,770.9996,0.0,0.0,0.0,796.5722000000001,7.305400000000001,803.8776,832.8764
1448,0.1132,0.0002,0.1134,0.0204,0.9982363315696648,0.0017636684303350971,5.8662,0.1588,264.8662,259.0,0.0,0.0,0.0,264.86619999999994,0.15879999999999997,265.0249999999999,269.0202
1449,0.1773,0.0023,0.1796,0.0323,0.9871937639198218,0.012806236080178173,9.819,1.4498,742.818,732.999,0.0,0.0,0.0,742.8179999999999,1.4498,744.2677999999999,774.2644
1450,0.4639,0.01,0.4739,0.0853,0.9788985017936274,0.021101498206372655,25.4736,6.0632,1055.474,1030.0004,0.0,0.0,0.0,1055.474,6.0632,1061.5372,1117.0389
1451,0.1716,0.0002,0.1718,0.0309,0.9988358556461001,0.0011641443538998836,9.3456,0.1004,54.3454,44.9998,0.0,0.0,0.0,54.345400000000005,0.1004,54.445800000000006,55.4468
1452,0.1125,0.0002,0.1126,0.0203,0.9991119005328597,0.0017761989342806395,6.2298,0.1038,56.2302,50.0004,0.0,0.0,0.0,56.230199999999996,0.10380000000000002,56.333999999999996,59.8323
1453,0.3938,0.0,0.3938,0.0709,1.0,0.0,23.4108,0.0157,23.4104,0.0,0.0,0.0,0.0,23.410399999999996,0.0157,23.426099999999995,23.4236
1454,0.1285,0.0036,0.1321,0.0238,0.9727479182437548,0.02725208175624527,6.8238,2.3953,1463.8233,1456.9995,0.0,0.0,0.0,1463.8233000000002,2.3952999999999998,1466.2186000000002,1480.2145
1455,0.4202,0.0001,0.4203,0.0756,0.9997620747085415,0.00023792529145848205,24.7536,0.0323,27.7529,2.9993,0.0,0.0,0.0,27.7529,0.032299999999999995,27.7852,29.2831
1456,0.4977,0.0082,0.5059,0.0911,0.9837912630954734,0.016208736904526587,28.2888,5.0943,916.2889,888.0001,0.0,0.0,0.0,916.2888999999999,5.0943000000000005,921.3831999999999,949.3792
1457,0.4202,0.0005,0.4207,0.0757,0.9988115046351319,0.001188495364868077,24.7536,0.2944,112.7525,87.9989,0.0,0.0,0.0,112.75250000000001,0.2944,113.04690000000001,113.5509
1458,0.1306,0.0001,0.1306,0.0235,1.0,0.0007656967840735069,6.8238,0.0342,19.8236,12.9998,0.0,0.0,0.0,19.823600000000003,0.0342,19.8578,19.8538
1459,0.1086,0.0003,0.1089,0.0196,0.997245179063361,0.002754820936639118,5.8662,0.1932,229.8662,224.0,0.0,0.0,0.0,229.8662,0.19319999999999998,230.05939999999998,235.5603
1460,0.3553,0.001,0.3562,0.0641,0.9974733295901179,0.002807411566535654,19.026,0.6153,303.0259,283.9999,0.0,0.0,0.0,303.02590000000004,0.6153,303.6412,322.6392
1461,0.3005,0.0033,0.3038,0.0547,0.9891375905200789,0.010862409479921,16.3638,2.0465,771.3636,754.9998,0.0,0.0,0.0,771.3635999999999,2.0465,773.4100999999999,790.915
1462,0.304,0.0137,0.3177,0.0572,0.9568775574441297,0.04312244255587032,16.983,8.9041,1854.9826,1837.9996,0.0,0.0,0.0,1854.9825999999998,8.9041,1863.8866999999998,1906.8839
1463,0.322,0.0171,0.3391,0.061,0.9495723975228546,0.05042760247714539,17.6814,10.1744,1770.6804,1752.999,0.0,0.0,0.0,1770.6804,10.174399999999999,1780.8548,1821.8582
1464,0.1932,0.0326,0.2258,0.0406,0.8556244464127547,0.14437555358724533,10.6092,20.8658,1743.6081,1732.9989,0.0,0.0,0.0,1743.6081000000001,20.865800000000004,1764.4739000000002,1832.9692
1465,0.1179,0.0002,0.1181,0.0213,0.9983065198983913,0.0016934801016088063,6.8238,0.1256,35.8236,28.9998,0.0,0.0,0.0,35.823600000000006,0.1256,35.949200000000005,38.9463
1466,0.2489,0.0009,0.2497,0.045,0.9967961553864638,0.003604325190228274,13.9032,0.5292,333.9024,319.9992,0.0,0.0,0.0,333.9024,0.5292,334.4316,343.4355
1467,0.3252,0.002,0.3271,0.0589,0.9941913787832467,0.006114338122898196,18.1656,1.2849,753.166,735.0004,0.0,0.0,0.0,753.1659999999999,1.2849000000000002,754.4508999999999,763.4524
1468,0.4082,0.0002,0.4085,0.0735,0.9992656058751531,0.0004895960832313342,23.4108,0.1276,113.41,89.9992,0.0,0.0,0.0,113.41,0.1276,113.5376,114.5336
1469,0.373,0.0001,0.3731,0.0672,0.9997319753417314,0.0002680246582685607,19.8126,0.0392,19.8133,0.0007,0.0,0.0,0.0,19.8133,0.0392,19.852500000000003,20.3564
1470,0.2436,0.0149,0.2585,0.0465,0.9423597678916829,0.057640232108317216,13.3776,9.409,1538.3771,1524.9995,0.0,0.0,0.0,1538.3771000000002,9.409,1547.7861000000003,1576.2876
1471,0.304,0.0046,0.3086,0.0556,0.9850939727802981,0.01490602721970188,16.983,2.8075,513.9828,496.9998,0.0,0.0,0.0,513.9828,2.8075,516.7903,535.7901
1472,0.3218,0.0008,0.3226,0.0581,0.9975201487910724,0.0024798512089274647,17.3772,0.5248,79.3777,62.0005,0.0,0.0,0.0,79.3777,0.5248,79.9025,86.4043
1473,0.4748,0.003,0.4778,0.086,0.9937212222687317,0.006278777731268313,26.7552,1.9927,819.7548,792.9996,0.0,0.0,0.0,819.7548000000002,1.9927000000000001,821.7475000000002,839.2497
1474,0.5696,0.0001,0.5697,0.1025,0.9998244690187819,0.000175530981218185,31.2804,0.034,33.2803,1.9999,0.0,0.0,0.0,33.2803,0.033999999999999996,33.314299999999996,33.3153
1475,0.4318,0.0072,0.4389,0.079,0.9838231943495102,0.016404647983595352,24.3288,4.6403,1071.329,1047.0002,0.0,0.0,0.0,1071.329,4.640300000000001,1075.9693,1116.4671
1476,0.2374,0.0015,0.239,0.043,0.9933054393305439,0.0062761506276150635,13.3776,0.9204,1031.3772,1017.9996,0.0,0.0,0.0,1031.3772000000001,0.9204,1032.2976,1045.2959
1477,0.1144,0.005,0.1194,0.0215,0.9581239530988275,0.041876046901172526,6.2298,2.9619,1775.2302,1769.0004,0.0,0.0,0.0,1775.2302,2.9619000000000004,1778.1921,1796.6947
1478,0.3598,0.0001,0.3599,0.0648,0.999722145040289,0.0002778549597110309,21.1932,0.091,49.1935,28.0003,0.0,0.0,0.0,49.1935,0.091,49.2845,51.2819
1479,0.2663,0.0,0.2663,0.0479,1.0,0.0,14.1444,0.0179,16.1444,2.0,0.0,0.0,0.0,16.1444,0.0179,16.162300000000002,16.1604
1480,0.5497,0.0018,0.5515,0.0993,0.9967361740707161,0.0032638259292837716,30.7062,1.0619,764.7061,733.9999,0.0,0.0,0.0,764.7061000000002,1.0619,765.7680000000003,789.2652
1481,0.3896,0.0069,0.3965,0.0714,0.9825977301387137,0.017402269861286252,21.2166,4.4056,615.2169,594.0003,0.0,0.0,0.0,615.2169000000001,4.4056,619.6225000000002,645.1268
1482,0.4393,0.0039,0.4432,0.0798,0.9912003610108304,0.008799638989169675,24.3288,2.4388,1331.3292,1307.0004,0.0,0.0,0.0,1331.3291999999997,2.4388,1333.7679999999996,1354.7682
1483,0.1249,0.0008,0.1257,0.0226,0.9936356404136834,0.006364359586316627,6.6888,0.522,358.6886,351.9998,0.0,0.0,0.0,358.6886,0.522,359.2106,368.2092
1484,0.291,0.0109,0.3019,0.0543,0.9638953295793309,0.036104670420669095,15.9822,7.2274,1323.9826,1308.0004,0.0,0.0,0.0,1323.9825999999998,7.2274,1331.2099999999998,1358.7074
1485,0.129,0.0001,0.1291,0.0232,0.9992254066615028,0.000774593338497289,6.6888,0.0625,6.6886,0.0,0.0,0.0,0.0,6.688599999999999,0.06249999999999999,6.751099999999999,6.7544
1486,0.2112,0.0011,0.2123,0.0382,0.994818652849741,0.0051813471502590676,12.1104,0.7399,466.1105,454.0001,0.0,0.0,0.0,466.1105,0.7399,466.8504,481.3465
1487,0.1164,0.0053,0.1217,0.0219,0.9564502875924404,0.043549712407559574,6.3936,3.5316,1889.3929,1882.9993,0.0,0.0,0.0,1889.3929,3.5316,1892.9245,1922.9282
1488,0.3395,0.0,0.3395,0.0611,1.0,0.0,17.5986,0.0213,18.599,1.0004,0.0,0.0,0.0,18.598999999999997,0.0213,18.620299999999997,20.124
1489,0.5295,0.0004,0.5299,0.0954,0.9992451405925645,0.0007548594074353652,30.0978,0.2425,162.0985,132.0007,0.0,0.0,0.0,162.09850000000003,0.2425,162.34100000000004,166.3372
1490,0.3859,0.0007,0.3866,0.0696,0.9981893429901708,0.0018106570098292809,21.1932,0.4373,310.1938,289.0006,0.0,0.0,0.0,310.19379999999995,0.4373,310.63109999999995,323.6307
1491,0.5697,0.0118,0.5815,0.1047,0.9797076526225279,0.020292347377472052,31.8258,8.0817,1589.8252,1557.9994,0.0,0.0,0.0,1589.8252000000002,8.081700000000001,1597.9069000000002,1632.9036
1492,0.3071,0.0017,0.3088,0.0556,0.9944948186528496,0.005505181347150259,16.722,1.0515,494.7217,477.9997,0.0,0.0,0.0,494.72169999999994,1.0514999999999999,495.7731999999999,508.7725
1493,0.3302,0.0,0.3302,0.0594,1.0,0.0,16.983,0.0105,19.9827,2.9997,0.0,0.0,0.0,19.982699999999998,0.0105,19.993199999999998,19.9961
1494,0.2879,0.0001,0.288,0.0518,0.9996527777777778,0.0003472222222222223,16.3638,0.05,35.3638,19.0,0.0,0.0,0.0,35.363800000000005,0.049999999999999996,35.4138,35.4091
1495,0.188,0.0032,0.1912,0.0344,0.9832635983263598,0.016736401673640166,10.2348,2.1061,1051.2353,1041.0005,0.0,0.0,0.0,1051.2353,2.1061,1053.3414,1081.3364
1496,0.5889,0.0035,0.5924,0.1066,0.9940918298446995,0.005908170155300472,31.2804,2.2079,1739.2802,1707.9998,0.0,0.0,0.0,1739.2802,2.2079000000000004,1741.4881,1761.4836
1497,0.5019,0.0103,0.5122,0.0922,0.9798906677079267,0.02010933229207341,28.0368,6.5265,1660.0361,1631.9993,0.0,0.0,0.0,1660.0360999999998,6.5264999999999995,1666.5625999999997,1721.0577
1498,0.1858,0.007,0.1928,0.0347,0.9636929460580913,0.03630705394190872,10.0332,4.2188,1187.0331,1176.9999,0.0,0.0,0.0,1187.0330999999996,4.2188,1191.2518999999998,1203.2553
1499,0.2211,0.0,0.2211,0.0398,1.0,0.0,12.4596,0.0124,29.4599,17.0003,0.0,0.0,0.0,29.4599,0.0124,29.4723,29.4732
1500,0.4349,0.0061,0.4409,0.0794,0.9863914719891131,0.01383533681106827,23.8824,3.8826,1024.8823,1000.9999,0.0,0.0,0.0,1024.8823,3.8826000000000005,1028.7649,1045.7663
1501,0.1182,0.0206,0.1388,0.025,0.8515850144092219,0.1484149855907781,6.5448,12.5427,888.5458,882.001,0.0,0.0,0.0,888.5458,12.542700000000002,901.0885,921.585
1502,0.1866,0.0145,0.2011,0.0362,0.9278965688712083,0.07210343112879165,10.6092,9.037,1796.608,1785.9988,0.0,0.0,0.0,1796.6080000000002,9.036999999999999,1805.6450000000002,1845.1415
1503,0.2466,0.0,0.2467,0.0444,0.9995946493717066,0.0,12.7854,0.014,21.7861,9.0007,0.0,0.0,0.0,21.7861,0.014,21.8001,21.8048
1504,0.384,0.0001,0.384,0.0691,1.0,0.00026041666666666666,20.0664,0.0359,24.0653,3.9989,0.0,0.0,0.0,24.065299999999997,0.0359,24.1012,24.1045
1505,0.3364,0.0,0.3364,0.0606,1.0,0.0,18.1656,0.025,26.1658,8.0002,0.0,0.0,0.0,26.1658,0.025,26.1908,26.1884
1506,0.4227,0.0016,0.4243,0.0764,0.996229083195852,0.0037709168041480086,23.4108,1.0364,567.41,543.9992,0.0,0.0,0.0,567.4100000000001,1.0364,568.4464,591.9426
1507,0.3633,0.0004,0.3637,0.0655,0.9989001924663183,0.0010998075336816058,20.4714,0.2849,223.4707,202.9993,0.0,0.0,0.0,223.47070000000002,0.28490000000000004,223.75560000000002,230.2575
1508,0.4934,0.0018,0.4952,0.0891,0.9963651050080776,0.0036348949919224557,27.8046,1.0713,537.8046,510.0,0.0,0.0,0.0,537.8045999999999,1.0713000000000001,538.8758999999999,547.88
1509,0.1146,0.0,0.1146,0.0206,1.0,0.0,6.6888,0.0183,11.6885,4.9997,0.0,0.0,0.0,11.688500000000001,0.0183,11.706800000000001,11.7079
1510,0.3463,0.0022,0.3485,0.0627,0.993687230989957,0.006312769010043042,19.179,1.4376,667.1792,648.0002,0.0,0.0,0.0,667.1792,1.4376,668.6168,687.1179
1511,0.4101,0.0107,0.4208,0.0757,0.9745722433460077,0.025427756653992394,22.9086,6.9718,1224.909,1202.0004,0.0,0.0,0.0,1224.9089999999999,6.971800000000001,1231.8808,1271.885
1512,0.4417,0.0009,0.4426,0.0797,0.9979665612291008,0.002033438770899232,24.462,0.5977,569.4615,544.9995,0.0,0.0,0.0,569.4615000000001,0.5977,570.0592000000001,596.5626
1513,0.4846,0.0002,0.4848,0.0873,0.9995874587458745,0.00041254125412541255,24.921,0.1145,61.9208,36.9998,0.0,0.0,0.0,61.9208,0.11449999999999998,62.0353,62.0306
1514,0.5943,0.0156,0.6099,0.1098,0.9744220363994098,0.02557796360059026,31.8258,9.0428,1745.8252,1713.9994,0.0,0.0,0.0,1745.8252000000002,9.042800000000002,1754.8680000000002,1795.8684
1515,0.2391,0.0008,0.2399,0.0432,0.9966652771988329,0.003334722801167153,13.59,0.5451,445.5899,431.9999,0.0,0.0,0.0,445.5899,0.5450999999999999,446.135,466.6376
1516,0.1758,0.0008,0.1766,0.0318,0.9954699886749717,0.004530011325028313,9.819,0.5139,558.8186,548.9996,0.0,0.0,0.0,558.8186,0.5139,559.3325,567.8304
1517,0.5149,0.0019,0.5168,0.093,0.9963235294117647,0.0036764705882352936,27.8046,1.2231,661.8046,634.0,0.0,0.0,0.0,661.8046,1.2231000000000003,663.0277000000001,690.5242
1518,0.4373,0.0098,0.4471,0.0805,0.978080966226795,0.021919033773205098,24.2208,5.8818,1669.2209,1645.0001,0.0,0.0,0.0,1669.2209000000003,5.8818,1675.1027000000004,1706.1075
1519,0.4889,0.0027,0.4916,0.0885,0.9945077298616762,0.005492270138323841,28.0368,1.7975,506.0358,477.999,0.0,0.0,0.0,506.0358,1.7975,507.8333,526.8369
1520,0.289,0.0004,0.2894,0.0521,0.9986178299930891,0.0013821700069108502,16.722,0.2206,221.7217,204.9997,0.0,0.0,0.0,221.72170000000003,0.22059999999999996,221.94230000000002,226.4382
1521,0.1192,0.0008,0.12,0.0216,0.9933333333333334,0.006666666666666667,6.5448,0.4863,607.5453,601.0005,0.0,0.0,0.0,607.5453,0.4863,608.0316,621.5335
1522,0.1059,0.0092,0.1152,0.0207,0.9192708333333333,0.07986111111111112,5.8662,6.0559,1864.8663,1859.0001,0.0,0.0,0.0,1864.8663000000001,6.0559,1870.9222000000002,1914.9182
1523,0.3728,0.0299,0.4027,0.0725,0.9257511795381177,0.07424882046188229,20.4714,18.8857,1792.4704,1771.999,0.0,0.0,0.0,1792.4704,18.8857,1811.3561,1847.8559
1524,0.1174,0.0008,0.1182,0.0213,0.9932318104906938,0.006768189509306261,6.3936,0.4973,335.3931,328.9995,0.0,0.0,0.0,335.3931,0.49729999999999996,335.8904,344.3935
1525,0.1013,0.0153,0.1166,0.021,0.8687821612349915,0.1312178387650086,5.661,9.801,1878.6609,1872.9999,0.0,0.0,0.0,1878.6608999999999,9.801,1888.4618999999998,1916.4654
1526,0.3926,0.0004,0.393,0.0707,0.9989821882951654,0.0010178117048346056,21.744,0.2323,538.7436,516.9996,0.0,0.0,0.0,538.7435999999999,0.2323,538.9758999999999,554.479
1527,0.5182,0.0008,0.519,0.0934,0.9984585741811175,0.0015414258188824663,29.4552,0.466,159.4547,129.9995,0.0,0.0,0.0,159.45470000000003,0.466,159.92070000000004,169.422
1528,0.5194,0.0007,0.5201,0.0936,0.9986541049798116,0.0013458950201884253,28.7694,0.4449,430.7691,401.9997,0.0,0.0,0.0,430.7691,0.44489999999999996,431.214,439.2092
1529,0.4699,0.0001,0.4699,0.0846,1.0,0.00021281123643328368,24.7536,0.0337,27.7532,2.9996,0.0,0.0,0.0,27.7532,0.033699999999999994,27.7869,28.2846
1530,0.2945,0.0163,0.3107,0.0559,0.9478596717090441,0.052462182169295137,16.308,10.5678,1664.3075,1647.9995,0.0,0.0,0.0,1664.3075000000001,10.567800000000002,1674.8753000000002,1730.8746
1531,0.3138,0.0039,0.3176,0.0572,0.9880352644836273,0.012279596977329974,17.3772,2.5107,1044.3781,1027.0009,0.0,0.0,0.0,1044.3781,2.5107,1046.8888,1068.8908
1532,0.4373,0.0189,0.4562,0.0821,0.9585708022797019,0.041429197720298114,24.2208,12.5511,1698.2211,1674.0003,0.0,0.0,0.0,1698.2211,12.551099999999998,1710.7721999999999,1753.7726
1533,0.1816,0.0031,0.1847,0.0333,0.9832160259880889,0.016783974011911205,10.2348,2.0651,1669.2351,1659.0003,0.0,0.0,0.0,1669.2351,2.0651,1671.3002000000001,1692.7972
1534,0.1154,0.0058,0.1213,0.0218,0.9513602638087386,0.047815333882934866,6.3936,3.6893,1206.3931,1199.9995,0.0,0.0,0.0,1206.3931,3.6893000000000002,1210.0824,1238.5792
1535,0.3936,0.0002,0.3938,0.0709,0.9994921279837482,0.0005078720162519046,22.3758,0.0998,64.3758,42.0,0.0,0.0,0.0,64.3758,0.09980000000000001,64.4756,64.9736
1536,0.163,0.0055,0.1684,0.0303,0.9679334916864609,0.032660332541567694,9.3456,3.5351,1463.3456,1454.0,0.0,0.0,0.0,1463.3455999999999,3.5351,1466.8807,1493.8818
1537,0.3739,0.0088,0.3827,0.0689,0.977005487326888,0.0229945126731121,20.5326,5.7179,1826.5323,1805.9997,0.0,0.0,0.0,1826.5323,5.7179,1832.2502000000002,1872.2475
1538,0.4522,0.0003,0.4525,0.0814,0.9993370165745856,0.0006629834254143646,26.3988,0.1654,164.3984,137.9996,0.0,0.0,0.0,164.39839999999998,0.1654,164.5638,167.0658
1539,0.203,0.0157,0.2187,0.0394,0.928212162780064,0.07178783721993598,10.872,9.3571,1695.8719,1684.9999,0.0,0.0,0.0,1695.8719,9.3571,1705.229,1747.7261
1540,0.131,0.0001,0.1311,0.0236,0.9992372234935165,0.0007627765064836003,7.0722,0.0814,13.0722,6.0,0.0,0.0,0.0,13.072200000000002,0.08140000000000001,13.153600000000003,13.6581
1541,0.1309,0.0005,0.1314,0.0236,0.9961948249619482,0.0038051750380517506,6.9516,0.2886,173.9509,166.9993,0.0,0.0,0.0,173.9509,0.2886,174.2395,176.2366
1542,0.3182,0.0001,0.3183,0.0573,0.9996858309770655,0.00031416902293433867,16.3638,0.0519,16.3634,0.0,0.0,0.0,0.0,16.363400000000002,0.0519,16.415300000000002,16.9188
1543,0.555,0.0004,0.5554,0.1,0.9992797983435363,0.0007202016564638099,31.8258,0.2614,134.8251,102.9993,0.0,0.0,0.0,134.82510000000002,0.2614,135.08650000000003,138.0822
1544,0.1761,0.0013,0.1775,0.0319,0.9921126760563381,0.007323943661971831,9.5904,0.8696,391.5895,381.9991,0.0,0.0,0.0,391.5895,0.8696,392.4591,401.4634
1545,0.2323,0.0108,0.2431,0.0438,0.9555738379267791,0.0444261620732209,13.0914,7.0681,827.0911,813.9997,0.0,0.0,0.0,827.0911000000001,7.068100000000001,834.1592,874.1548
1546,0.104,0.0001,0.104,0.0187,1.0,0.0009615384615384616,5.661,0.0407,23.6609,17.9999,0.0,0.0,0.0,23.660899999999998,0.04069999999999999,23.7016,23.7027
1547,0.2995,0.0071,0.3066,0.0552,0.9768427919112851,0.02315720808871494,16.308,4.4144,1956.3075,1939.9995,0.0,0.0,0.0,1956.3074999999997,4.4144000000000005,1960.7218999999996,1986.7179
1548,0.3106,0.0061,0.3167,0.057,0.9807388695926744,0.019261130407325546,17.0586,3.8366,1511.0587,1494.0001,0.0,0.0,0.0,1511.0586999999998,3.8366,1514.8953,1539.8966
1549,0.2433,0.0005,0.2438,0.0439,0.9979491386382281,0.002050861361771944,13.59,0.3115,267.5899,253.9999,0.0,0.0,0.0,267.5899,0.3115,267.9014,269.9037
1550,0.4227,0.0039,0.4266,0.0768,0.9908579465541492,0.009142053445850914,23.4108,2.412,913.4102,889.9994,0.0,0.0,0.0,913.4102,2.412,915.8222000000001,936.3178
1551,0.328,0.0003,0.3283,0.0591,0.9990862016448372,0.0009137983551629606,18.1656,0.202,290.1659,272.0003,0.0,0.0,0.0,290.1659,0.20199999999999999,290.3679,293.367
1552,0.3641,0.0002,0.3643,0.0656,0.9994510019214932,0.0005489980785067252,19.026,0.141,139.0256,119.9996,0.0,0.0,0.0,139.0256,0.14100000000000001,139.1666,141.1653
1553,0.1177,0.0137,0.1313,0.0236,0.8964204112718964,0.10434120335110435,6.6888,8.368,1341.6885,1334.9997,0.0,0.0,0.0,1341.6885,8.368,1350.0565,1400.0543
1554,0.1056,0.0007,0.1063,0.0191,0.993414863593603,0.006585136406396989,6.0552,0.4447,708.0552,702.0,0.0,0.0,0.0,708.0552,0.4447,708.4999,722.4976
1555,0.5409,0.0063,0.5472,0.0985,0.9884868421052632,0.011513157894736841,29.4552,3.7153,1643.4547,1613.9995,0.0,0.0,0.0,1643.4547,3.7153,1647.17,1678.6672
1556,0.3463,0.0105,0.3567,0.0642,0.9708438463694982,0.02943650126156434,19.179,6.8171,1789.179,1770.0,0.0,0.0,0.0,1789.1789999999996,6.8171,1795.9960999999996,1826.4913
1557,0.4355,0.0,0.4355,0.0784,1.0,0.0,24.7536,0.0195,29.7528,4.9992,0.0,0.0,0.0,29.7528,0.019500000000000003,29.7723,29.7704
1558,0.1626,0.0012,0.1638,0.0295,0.9926739926739926,0.007326007326007325,9.0828,0.7819,471.0828,462.0,0.0,0.0,0.0,471.0828,0.7819,471.8647,488.369
1559,0.3119,0.0,0.3119,0.0561,1.0,0.0,16.983,0.0203,51.9826,34.9996,0.0,0.0,0.0,51.982600000000005,0.020300000000000002,52.002900000000004,53.9998
1560,0.3014,0.0035,0.3049,0.0549,0.988520826500492,0.011479173499508036,16.983,2.2834,1527.9827,1510.9997,0.0,0.0,0.0,1527.9827,2.2834000000000003,1530.2661,1565.7675
1561,0.225,0.0196,0.2446,0.044,0.919869174161897,0.08013082583810302,12.4596,12.2347,1942.4604,1930.0008,0.0,0.0,0.0,1942.4603999999997,12.234699999999998,1954.6950999999997,1980.6906
1562,0.4123,0.0088,0.4211,0.0758,0.9791023509855142,0.02089764901448587,22.644,5.6127,1887.6438,1864.9998,0.0,0.0,0.0,1887.6438,5.6127,1893.2565,1915.7602
1563,0.4154,0.0,0.4154,0.0748,1.0,0.0,24.921,0.0131,24.921,0.0,0.0,0.0,0.0,24.921,0.013099999999999999,24.9341,24.9316
1564,0.4766,0.0081,0.4847,0.0873,0.983288632143594,0.016711367856406024,26.3988,5.1466,1342.3986,1315.9998,0.0,0.0,0.0,1342.3986,5.146599999999999,1347.5452,1382.0423
1565,0.3057,0.0008,0.3065,0.0552,0.9973898858075042,0.0026101141924959217,17.3772,0.502,71.378,54.0008,0.0,0.0,0.0,71.37800000000001,0.502,71.88000000000001,73.8848
1566,0.4763,0.0,0.4763,0.0857,1.0,0.0,27.8046,0.0165,27.8047,0.0001,0.0,0.0,0.0,27.804699999999997,0.016499999999999997,27.821199999999997,27.8247
1567,0.1507,0.0,0.1508,0.0271,0.9993368700265253,0.0,8.8002,0.0122,8.7991,0.0,0.0,0.0,0.0,8.7991,0.012199999999999999,8.8113,10.3106
1568,0.2467,0.0166,0.2633,0.0474,0.9369540448157996,0.06304595518420053,13.9032,9.9674,1122.9021,1108.9989,0.0,0.0,0.0,1122.9021000000002,9.967400000000001,1132.8695000000002,1172.8731
1569,0.315,0.0001,0.3151,0.0567,0.999682640431609,0.000317359568390987,17.5986,0.0493,24.5987,7.0001,0.0,0.0,0.0,24.5987,0.0493,24.648,25.1519
1570,0.2761,0.0,0.2761,0.0497,1.0,0.0,14.6664,0.0104,22.6659,7.9995,0.0,0.0,0.0,22.6659,0.0104,22.6763,22.6766
1571,0.2844,0.0041,0.2885,0.0519,0.9857885615251301,0.01421143847487002,16.308,2.6177,1763.308,1747.0,0.0,0.0,0.0,1763.3079999999998,2.6176999999999997,1765.9256999999998,1792.4271
1572,0.3765,0.0002,0.3768,0.0678,0.9992038216560509,0.0005307855626326964,21.2166,0.1447,115.2169,94.0003,0.0,0.0,0.0,115.21690000000001,0.1447,115.36160000000001,116.8595
1573,0.1761,0.0004,0.1765,0.0318,0.9977337110481588,0.00226628895184136,9.5904,0.2354,257.5897,247.9993,0.0,0.0,0.0,257.5897,0.23540000000000003,257.8251,267.3222
1574,0.2955,0.0007,0.2961,0.0533,0.9979736575481256,0.0023640661938534283,16.3638,0.4441,447.3637,430.9999,0.0,0.0,0.0,447.3637000000001,0.4441,447.8078000000001,458.8053
1575,0.127,0.0,0.127,0.0229,1.0,0.0,6.6888,0.0295,16.6884,9.9996,0.0,0.0,0.0,16.6884,0.0295,16.7179,16.7181
1576,0.3159,0.0139,0.3298,0.0594,0.9578532443905399,0.04214675560946028,17.0586,8.2145,1653.0587,1636.0001,0.0,0.0,0.0,1653.0586999999998,8.214500000000001,1661.2731999999999,1691.2712
1577,0.1796,0.0,0.1796,0.0323,1.0,0.0,10.0332,0.0195,24.0329,13.9997,0.0,0.0,0.0,24.0329,0.019499999999999997,24.052400000000002,24.0488
1578,0.3701,0.0009,0.371,0.0668,0.9975741239892183,0.002425876010781671,20.853,0.5874,204.8532,184.0002,0.0,0.0,0.0,204.85320000000002,0.5874,205.44060000000002,213.944
1579,0.4038,0.0001,0.4039,0.0727,0.9997524139638525,0.0002475860361475613,21.8052,0.0495,52.8055,31.0003,0.0,0.0,0.0,52.805499999999995,0.049499999999999995,52.855,52.8575
1580,0.2599,0.0001,0.26,0.0468,0.9996153846153847,0.0003846153846153846,14.1516,0.052,119.1521,105.0005,0.0,0.0,0.0,119.1521,0.052,119.20410000000001,119.2001
1581,0.2919,0.0072,0.2992,0.0539,0.9756016042780747,0.02406417112299465,16.308,4.4923,1837.3075,1820.9995,0.0,0.0,0.0,1837.3075,4.4923,1841.7997999999998,1870.8021
1582,0.273,0.0001,0.2731,0.0492,0.9996338337605273,0.00036616623947272064,14.1516,0.0727,58.1524,44.0008,0.0,0.0,0.0,58.1524,0.0727,58.2251,58.7269
1583,0.3286,0.0098,0.3384,0.0609,0.9710401891252955,0.028959810874704492,17.5986,6.0384,1696.5989,1679.0003,0.0,0.0,0.0,1696.5989,6.038400000000001,1702.6372999999999,1718.1398
1584,0.4675,0.0002,0.4678,0.0842,0.9993587002992733,0.0004275331338178709,27.2934,0.1475,61.2943,34.0009,0.0,0.0,0.0,61.2943,0.1475,61.4418,64.4449
1585,0.1154,0.01,0.1254,0.0226,0.9202551834130781,0.07974481658692184,6.3936,6.2955,831.3933,824.9997,0.0,0.0,0.0,831.3933,6.295499999999999,837.6887999999999,868.1914
1586,0.3831,0.0004,0.3835,0.069,0.9989569752281616,0.0010430247718383311,21.2166,0.2535,92.2169,71.0003,0.0,0.0,0.0,92.2169,0.2535,92.4704,99.4723
1587,0.4886,0.0142,0.5028,0.0905,0.9717581543357199,0.028241845664280032,27.2934,8.8599,1689.2942,1662.0008,0.0,0.0,0.0,1689.2941999999998,8.859900000000001,1698.1540999999997,1730.6544
1588,0.3582,0.0006,0.3588,0.0646,0.9983277591973244,0.001672240802675585,19.026,0.3523,417.0257,397.9997,0.0,0.0,0.0,417.02570000000003,0.35229999999999995,417.37800000000004,437.3783
1589,0.2788,0.0205,0.2993,0.0539,0.9315068493150684,0.0684931506849315,15.5754,13.2695,1906.5756,1891.0002,0.0,0.0,0.0,1906.5756,13.269499999999999,1919.8451,1939.3418
1590,0.1992,0.0005,0.1997,0.0359,0.9974962443665498,0.0025037556334501754,11.322,0.3379,122.3219,110.9999,0.0,0.0,0.0,122.3219,0.3379,122.6598,125.6576
1591,0.1249,0.0,0.1249,0.0225,1.0,0.0,6.6888,0.0306,28.6888,22.0,0.0,0.0,0.0,28.688800000000004,0.0306,28.719400000000004,28.7182
1592,0.5182,0.0048,0.523,0.0941,0.9908221797323136,0.009177820267686423,29.4552,3.1532,931.4539,901.9987,0.0,0.0,0.0,931.4539000000001,3.1532,934.6071000000001,969.1099
1593,0.1249,0.0007,0.1256,0.0226,0.9944267515923567,0.005573248407643313,6.6888,0.4366,349.6886,342.9998,0.0,0.0,0.0,349.6886,0.43659999999999993,350.1252,357.1249
1594,0.3532,0.0001,0.3533,0.0636,0.9997169544296632,0.00028304557033682426,18.1656,0.0524,26.1656,8.0,0.0,0.0,0.0,26.165599999999998,0.0524,26.217999999999996,26.7193
1595,0.3859,0.0,0.386,0.0695,0.9997409326424871,0.0,21.1932,0.0229,26.1933,5.0001,0.0,0.0,0.0,26.193299999999994,0.0229,26.216199999999994,26.2171
1596,0.5544,0.0032,0.5576,0.1004,0.994261119081779,0.005738880918220947,30.7062,1.9946,519.7059,488.9997,0.0,0.0,0.0,519.7059000000002,1.9946,521.7005000000001,535.7024
1597,0.453,0.0005,0.4535,0.0816,0.9988974641675854,0.0011025358324145535,24.462,0.3272,409.4616,384.9996,0.0,0.0,0.0,409.4616,0.32720000000000005,409.7888,425.7859
1598,0.2861,0.0007,0.2868,0.0516,0.9975592747559275,0.0024407252440725243,15.9822,0.4301,341.9827,326.0005,0.0,0.0,0.0,341.98269999999997,0.43010000000000004,342.41279999999995,354.9173
1599,0.1299,0.0016,0.1315,0.0237,0.9878326996197717,0.012167300380228136,7.0722,0.9848,520.0722,513.0,0.0,0.0,0.0,520.0722,0.9848,521.0569999999999,536.0594
1600,0.5551,0.0009,0.556,0.1001,0.9983812949640287,0.0016187050359712228,31.2804,0.5927,430.2802,398.9998,0.0,0.0,0.0,430.2801999999999,0.5927,430.8728999999999,444.3767
1601,0.1472,0.0001,0.1473,0.0265,0.9993211133740666,0.0006788866259334692,8.154,0.0742,88.154,80.0,0.0,0.0,0.0,88.15400000000001,0.0742,88.22820000000002,90.7293
1602,0.1197,0.0034,0.1231,0.0222,0.9723801787164906,0.02761982128350934,6.6888,2.0409,664.6887,657.9999,0.0,0.0,0.0,664.6886999999999,2.0409,666.7295999999999,681.7322
1603,0.4088,0.0082,0.417,0.0751,0.9803357314148682,0.019664268585131896,22.644,5.3621,1027.6436,1004.9996,0.0,0.0,0.0,1027.6436,5.362100000000001,1033.0057000000002,1075.5048
1604,0.3302,0.0,0.3303,0.0594,0.9996972449288526,0.0,16.983,0.0191,16.9828,0.0,0.0,0.0,0.0,16.9828,0.0191,17.001900000000003,17.0024
1605,0.3232,0.017,0.3401,0.0612,0.9503087327256688,0.049985298441634816,17.5986,11.0789,1780.599,1763.0004,0.0,0.0,0.0,1780.5990000000002,11.078899999999999,1791.6779000000001,1819.1798
1606,0.4878,0.0222,0.51,0.0918,0.9564705882352941,0.043529411764705886,27.2484,14.2811,1539.249,1512.0006,0.0,0.0,0.0,1539.2489999999998,14.2811,1553.5300999999997,1575.0285
1607,0.198,0.0071,0.2051,0.0369,0.9653827401267675,0.034617259873232574,10.872,4.4729,1843.872,1833.0,0.0,0.0,0.0,1843.8720000000005,4.472900000000001,1848.3449000000005,1889.3486
1608,0.442,0.0003,0.4423,0.0796,0.9993217273343884,0.0006782726656115758,25.5726,0.2053,131.5726,106.0,0.0,0.0,0.0,131.5726,0.2053,131.7779,140.2786
1609,0.3435,0.0009,0.3444,0.062,0.9973867595818816,0.002613240418118467,19.026,0.5659,1255.0257,1235.9997,0.0,0.0,0.0,1255.0257000000001,0.5659,1255.5916000000002,1261.5919
1610,0.203,0.0019,0.2049,0.0369,0.9907271839921914,0.009272816007808687,10.872,1.2069,887.8718,876.9998,0.0,0.0,0.0,887.8717999999999,1.2068999999999999,889.0786999999999,908.5769
1611,0.3097,0.0121,0.3218,0.0579,0.9623990055935363,0.037600994406463646,16.722,7.4374,1733.7215,1716.9995,0.0,0.0,0.0,1733.7215,7.4374,1741.1589000000001,1779.1609
1612,0.4136,0.0015,0.4151,0.0747,0.9963864129125511,0.0036135870874488074,22.9086,0.8962,428.9092,406.0006,0.0,0.0,0.0,428.9092,0.8962,429.8054,440.8027
1613,0.2427,0.023,0.2656,0.0478,0.9137801204819277,0.08659638554216867,12.7854,13.6353,1846.7862,1834.0008,0.0,0.0,0.0,1846.7862,13.635299999999999,1860.4215,1922.9252
1614,0.3182,0.0,0.3182,0.0573,1.0,0.0,16.3638,0.0167,28.3635,11.9997,0.0,0.0,0.0,28.3635,0.0167,28.3802,28.3771
1615,0.3581,0.0,0.3581,0.0645,1.0,0.0,20.5326,0.0215,33.5323,12.9997,0.0,0.0,0.0,33.5323,0.0215,33.5538,33.5497
1616,0.5388,0.0145,0.5533,0.0996,0.9737936020242182,0.026206397975781674,30.0978,9.1233,1861.0982,1831.0004,0.0,0.0,0.0,1861.0982,9.123299999999999,1870.2214999999999,1891.2231
1617,0.1084,0.0226,0.131,0.0236,0.8274809160305343,0.17251908396946564,6.0552,13.7465,1839.0556,1833.0004,0.0,0.0,0.0,1839.0556000000001,13.746499999999997,1852.8021,1887.8065
1618,0.1277,0.0334,0.1611,0.029,0.7926753569211671,0.20732464307883303,7.0722,21.355,1725.0722,1718.0,0.0,0.0,0.0,1725.0722,21.355000000000008,1746.4272,1774.9251
1619,0.3634,0.0001,0.3635,0.0654,0.9997248968363136,0.00027510316368638244,21.2166,0.0684,21.2167,0.0001,0.0,0.0,0.0,21.2167,0.06839999999999999,21.2851,21.7886
1620,0.4237,0.0192,0.4429,0.0797,0.9566493565138857,0.04335064348611424,23.4648,12.2494,1285.4652,1262.0004,0.0,0.0,0.0,1285.4651999999999,12.249400000000001,1297.7145999999998,1354.7142
1621,0.3336,0.0001,0.3337,0.0601,0.9997003296373989,0.00029967036260113877,18.1656,0.0527,35.1658,17.0002,0.0,0.0,0.0,35.165800000000004,0.0527,35.218500000000006,36.2204
1622,0.3638,0.0002,0.3641,0.0655,0.9991760505355672,0.0005492996429552322,19.8126,0.1376,145.8133,126.0007,0.0,0.0,0.0,145.8133,0.1376,145.9509,149.9492
1623,0.2993,0.0034,0.3027,0.0545,0.9887677568549719,0.01123224314502808,16.722,2.1306,888.7216,871.9996,0.0,0.0,0.0,888.7216000000001,2.1306,890.8522,926.8532
1624,0.353,0.0003,0.3534,0.0636,0.9988681380871534,0.0008488964346349745,20.0664,0.2207,254.066,233.9996,0.0,0.0,0.0,254.06600000000003,0.2207,254.28670000000002,258.2838
1625,0.5118,0.0,0.5118,0.0921,1.0,0.0,30.7062,0.0296,30.7059,0.0,0.0,0.0,0.0,30.705899999999996,0.0296,30.735499999999995,30.739
1626,0.5108,0.0006,0.5113,0.092,0.9990221005280658,0.001173479366321142,28.2888,0.3256,166.2888,138.0,0.0,0.0,0.0,166.28879999999998,0.3256,166.6144,174.1162
1627,0.2844,0.0067,0.2911,0.0524,0.9769838543455855,0.02301614565441429,16.308,4.412,1444.3076,1427.9996,0.0,0.0,0.0,1444.3075999999999,4.412,1448.7196,1496.2215
1628,0.2433,0.002,0.2453,0.0441,0.9918467183041174,0.008153281695882593,13.59,1.1926,1048.5898,1034.9998,0.0,0.0,0.0,1048.5898,1.1925999999999999,1049.7824,1072.2845
1629,0.4617,0.0117,0.4735,0.0852,0.9750791974656812,0.02470960929250264,25.5726,7.4856,1841.5723,1815.9997,0.0,0.0,0.0,1841.5723,7.485600000000001,1849.0579,1882.5588
1630,0.4928,0.0001,0.4928,0.0887,1.0,0.00020292207792207794,27.2934,0.0309,50.2938,23.0004,0.0,0.0,0.0,50.293800000000005,0.0309,50.32470000000001,51.8254
1631,0.1285,0.0208,0.1493,0.0269,0.8606831882116545,0.13931681178834562,6.8238,13.9868,1594.8234,1587.9996,0.0,0.0,0.0,1594.8234,13.9868,1608.8102,1647.8109
1632,0.456,0.0077,0.4637,0.0835,0.983394436057796,0.016605563942204013,25.4736,4.6039,1373.474,1348.0004,0.0,0.0,0.0,1373.474,4.603899999999999,1378.0779,1425.0786
1633,0.4006,0.0029,0.4034,0.0726,0.9930589985126426,0.007188894397620228,22.3758,1.8865,763.3759,741.0001,0.0,0.0,0.0,763.3759,1.8865,765.2624,780.7578
1634,0.3758,0.0002,0.3759,0.0677,0.999733971801011,0.0005320563979781857,19.6362,0.1079,81.6365,62.0003,0.0,0.0,0.0,81.6365,0.1079,81.7444,81.7448
1635,0.3601,0.0033,0.3634,0.0654,0.9909190974133186,0.009080902586681342,20.4714,2.0197,1208.4711,1187.9997,0.0,0.0,0.0,1208.4711000000002,2.0197,1210.4908000000003,1224.9874
1636,0.1895,0.0,0.1896,0.0341,0.9994725738396625,0.0,10.2348,0.0191,27.2351,17.0003,0.0,0.0,0.0,27.2351,0.0191,27.2542,29.2508
1637,0.2454,0.0001,0.2454,0.0442,1.0,0.0004074979625101875,13.59,0.0324,21.5899,7.9999,0.0,0.0,0.0,21.589899999999997,0.0324,21.622299999999996,24.6198
1638,0.1447,0.0072,0.1519,0.0273,0.9526003949967082,0.047399605003291635,8.154,4.5401,1276.1536,1267.9996,0.0,0.0,0.0,1276.1536,4.540099999999999,1280.6937,1331.1898
1639,0.3014,0.0076,0.309,0.0556,0.9754045307443365,0.02459546925566343,16.983,4.6365,1711.9824,1694.9994,0.0,0.0,0.0,1711.9823999999999,4.6365,1716.6189,1754.6154
1640,0.1266,0.0275,0.1541,0.0277,0.8215444516547696,0.1784555483452304,7.0722,18.0755,1675.0722,1668.0,0.0,0.0,0.0,1675.0722,18.075499999999998,1693.1477,1729.1466
1641,0.2977,0.0,0.2977,0.0536,1.0,0.0,17.3772,0.0301,19.3782,2.001,0.0,0.0,0.0,19.3782,0.0301,19.4083,20.4055
1642,0.5599,0.0084,0.5683,0.1023,0.9852190744325179,0.014780925567481963,31.8258,5.2615,1115.8254,1083.9996,0.0,0.0,0.0,1115.8254000000002,5.261500000000001,1121.0869000000002,1160.5855
1643,0.4808,0.0,0.4808,0.0865,1.0,0.0,26.181,0.0118,31.182,5.001,0.0,0.0,0.0,31.182,0.011800000000000001,31.1938,31.1956
1644,0.3552,0.0002,0.3553,0.064,0.9997185477061639,0.0005629045876723895,19.179,0.1131,87.1792,68.0002,0.0,0.0,0.0,87.17920000000001,0.1131,87.29230000000001,90.2923
1645,0.1843,0.0289,0.2131,0.0384,0.8648521820741435,0.1356170811825434,10.0332,18.3357,1537.033,1526.9998,0.0,0.0,0.0,1537.0329999999997,18.3357,1555.3686999999998,1575.3652
1646,0.3111,0.0219,0.333,0.0599,0.9342342342342341,0.06576576576576576,17.3772,14.1715,1798.3778,1781.0006,0.0,0.0,0.0,1798.3778000000002,14.171500000000002,1812.5493000000001,1863.5539
1647,0.5012,0.0,0.5013,0.0902,0.9998005186515061,0.0,27.2934,0.0309,60.294,33.0006,0.0,0.0,0.0,60.294000000000004,0.030899999999999997,60.32490000000001,60.3255
1648,0.1086,0.0,0.1087,0.0196,0.9990800367985281,0.0,5.8662,0.012,17.8663,12.0001,0.0,0.0,0.0,17.866300000000003,0.012,17.878300000000003,18.8804
1649,0.2467,0.0001,0.2468,0.0444,0.9995948136142626,0.00040518638573743926,14.1444,0.0843,30.1446,16.0002,0.0,0.0,0.0,30.144600000000004,0.0843,30.228900000000003,30.2273
1650,0.2693,0.0001,0.2694,0.0485,0.9996288047512992,0.00037119524870081667,14.6664,0.0505,35.6659,20.9995,0.0,0.0,0.0,35.6659,0.050499999999999996,35.7164,35.7153
1651,0.2886,0.0,0.2886,0.0519,1.0,0.0,15.9822,0.0137,44.9824,29.0002,0.0,0.0,0.0,44.9824,0.0137,44.9961,44.9919
1652,0.3224,0.0,0.3224,0.058,1.0,0.0,16.983,0.0211,18.9828,1.9998,0.0,0.0,0.0,18.982799999999997,0.021099999999999997,19.003899999999998,20.0008
1653,0.1698,0.0001,0.1698,0.0306,1.0,0.0005889281507656066,8.8002,0.036,8.8,0.0,0.0,0.0,0.0,8.799999999999999,0.036,8.835999999999999,9.3396
1654,0.1832,0.0008,0.184,0.0331,0.9956521739130435,0.004347826086956522,10.2348,0.5342,501.2351,491.0003,0.0,0.0,0.0,501.23510000000005,0.5342,501.76930000000004,510.7721
1655,0.2894,0.0003,0.2897,0.0521,0.9989644459785985,0.0010355540214014496,16.308,0.1626,119.3074,102.9994,0.0,0.0,0.0,119.30740000000002,0.1626,119.47000000000001,122.4744
1656,0.1589,0.0048,0.1637,0.0295,0.9706780696395846,0.029321930360415388,8.8002,3.0079,1357.7997,1348.9995,0.0,0.0,0.0,1357.7997000000003,3.0078999999999994,1360.8076000000003,1385.8051
1657,0.3896,0.0005,0.3901,0.0702,0.9987182773647783,0.001281722635221738,21.2166,0.3152,191.2168,170.0002,0.0,0.0,0.0,191.2168,0.3152,191.532,195.0274
1658,0.303,0.0004,0.3034,0.0546,0.9986816084377059,0.0013183915622940014,17.3772,0.2472,98.3779,81.0007,0.0,0.0,0.0,98.37790000000001,0.24719999999999998,98.62510000000002,103.1273
1659,0.3133,0.0002,0.3135,0.0564,0.9993620414673047,0.0006379585326953748,17.0586,0.1347,153.0589,136.0003,0.0,0.0,0.0,153.0589,0.1347,153.1936,156.1897
1660,0.0956,0.0039,0.0996,0.0179,0.9598393574297189,0.0391566265060241,5.436,2.3758,1364.436,1359.0,0.0,0.0,0.0,1364.436,2.3758,1366.8118,1410.8138
1661,0.387,0.0061,0.393,0.0707,0.9847328244274809,0.015521628498727735,21.8052,3.7316,1674.8059,1653.0007,0.0,0.0,0.0,1674.8058999999998,3.7316,1678.5375,1697.5334
1662,0.4393,0.0019,0.4412,0.0794,0.9956935630099729,0.0043064369900271985,24.7536,1.1222,634.753,609.9994,0.0,0.0,0.0,634.7529999999999,1.1222,635.8752,652.3798
1663,0.2929,0.0029,0.2958,0.0533,0.9901960784313725,0.00980392156862745,16.3638,1.929,578.3638,562.0,0.0,0.0,0.0,578.3637999999999,1.9289999999999998,580.2927999999998,611.2927
1664,0.1233,0.0017,0.1251,0.0225,0.985611510791367,0.013589128697042367,7.0722,1.1272,502.0723,495.0001,0.0,0.0,0.0,502.0722999999999,1.1272,503.19949999999994,520.6991
1665,0.1654,0.0013,0.1667,0.03,0.9922015596880625,0.007798440311937613,9.0828,0.8077,328.083,319.0002,0.0,0.0,0.0,328.08299999999997,0.8077,328.8907,343.3949
1666,0.5091,0.0001,0.5092,0.0917,0.9998036135113905,0.00019638648860958367,29.4552,0.0627,35.4549,5.9997,0.0,0.0,0.0,35.45490000000001,0.0627,35.51760000000001,35.519
1667,0.2761,0.0,0.2761,0.0497,1.0,0.0,14.6664,0.0083,19.666,4.9996,0.0,0.0,0.0,19.665999999999997,0.0083,19.674299999999995,19.6739
1668,0.266,0.0,0.2661,0.0479,0.9996242014280347,0.0,13.9032,0.0154,14.9021,0.9989,0.0,0.0,0.0,14.902099999999997,0.0154,14.917499999999997,14.92
1669,0.198,0.0154,0.2134,0.0384,0.9278350515463918,0.07216494845360824,10.872,10.2922,1674.8717,1663.9997,0.0,0.0,0.0,1674.8717000000001,10.292200000000001,1685.1639000000002,1768.1593
1670,0.1113,0.0001,0.1115,0.0201,0.9982062780269058,0.0008968609865470852,5.8662,0.0793,84.8663,79.0001,0.0,0.0,0.0,84.8663,0.07930000000000001,84.9456,86.9471
1671,0.4082,0.0065,0.4147,0.0747,0.9843260188087775,0.01567398119122257,23.4108,3.9448,1628.4099,1604.9991,0.0,0.0,0.0,1628.4098999999999,3.9448,1632.3546999999999,1674.3558
1672,0.5746,0.0246,0.5992,0.1079,0.9589452603471296,0.0410547396528705,31.8258,15.8989,1302.8252,1270.9994,0.0,0.0,0.0,1302.8252,15.8989,1318.7241,1349.7212
1673,0.4228,0.0001,0.4229,0.0761,0.9997635374793096,0.00023646252069047059,24.462,0.069,60.4616,35.9996,0.0,0.0,0.0,60.461600000000004,0.069,60.53060000000001,60.5267
1674,0.2716,0.0025,0.2741,0.0493,0.990879241152864,0.009120758847136081,14.6664,1.5589,1145.6657,1130.9993,0.0,0.0,0.0,1145.6656999999998,1.5589000000000002,1147.2245999999998,1171.7252
1675,0.2935,0.0007,0.2942,0.053,0.9976206662134601,0.0023793337865397686,15.9822,0.4474,336.9829,321.0007,0.0,0.0,0.0,336.9829,0.4474,337.4303,348.9321
1676,0.188,0.0002,0.1882,0.0339,0.9989373007438894,0.0010626992561105207,10.2348,0.1297,92.2351,82.0003,0.0,0.0,0.0,92.23510000000002,0.1297,92.36480000000002,93.8664
1677,0.1197,0.0,0.1198,0.0216,0.9991652754590985,0.0,6.6888,0.017,16.6886,9.9998,0.0,0.0,0.0,16.6886,0.016999999999999998,16.7056,16.7023
1678,0.3925,0.0014,0.3939,0.0709,0.9964457984259966,0.003554201574003554,21.1932,0.8874,483.1935,462.0003,0.0,0.0,0.0,483.1935,0.8874,484.0809,506.5789
1679,0.4109,0.022,0.4329,0.0779,0.9491799491799492,0.05082005082005082,22.3758,14.2297,1540.3758,1518.0,0.0,0.0,0.0,1540.3757999999998,14.229700000000001,1554.6055,1605.1099
1680,0.0982,0.0009,0.0991,0.0178,0.9909182643794148,0.009081735620585268,5.436,0.5806,1374.4358,1368.9998,0.0,0.0,0.0,1374.4357999999997,0.5806,1375.0163999999997,1393.5137
1681,0.3864,0.0005,0.3868,0.0696,0.9989658738366082,0.0012926577042399175,21.2166,0.3104,220.2167,199.0001,0.0,0.0,0.0,220.2167,0.31039999999999995,220.5271,223.0231
1682,0.401,0.0,0.401,0.0722,1.0,0.0,23.4108,0.0154,31.41,7.9992,0.0,0.0,0.0,31.409999999999993,0.0154,31.425399999999993,31.4249
1683,0.1974,0.0001,0.1975,0.0356,0.9994936708860759,0.0005063291139240507,10.2348,0.0617,41.235,31.0002,0.0,0.0,0.0,41.23500000000001,0.06169999999999999,41.29670000000001,42.7967
1684,0.1022,0.0023,0.1045,0.0188,0.9779904306220096,0.02200956937799043,5.661,1.4625,742.661,737.0,0.0,0.0,0.0,742.6609999999998,1.4625,744.1234999999998,763.6195
1685,0.3056,0.0,0.3056,0.055,1.0,0.0,18.1656,0.0214,29.1656,11.0,0.0,0.0,0.0,29.165599999999998,0.021400000000000002,29.186999999999998,29.1846
1686,0.4101,0.0004,0.4105,0.0739,0.9990255785627284,0.0009744214372716201,22.9086,0.221,248.909,226.0004,0.0,0.0,0.0,248.909,0.22100000000000003,249.13,251.628
1687,0.5149,0.0003,0.5152,0.0927,0.9994177018633541,0.0005822981366459626,28.0368,0.2053,146.0364,117.9996,0.0,0.0,0.0,146.0364,0.20529999999999998,146.24169999999998,149.2399
1688,0.4913,0.0032,0.4945,0.089,0.9935288169868555,0.006471183013144591,26.7552,2.079,1052.7544,1025.9992,0.0,0.0,0.0,1052.7544,2.079,1054.8334,1077.8325
1689,0.1222,0.0005,0.1226,0.0221,0.9967373572593801,0.004078303425774877,6.8238,0.2899,124.8235,117.9997,0.0,0.0,0.0,124.82350000000002,0.28990000000000005,125.11340000000003,129.1129
1690,0.2303,0.0127,0.243,0.0437,0.9477366255144033,0.05226337448559671,13.0914,7.9982,662.0912,648.9998,0.0,0.0,0.0,662.0912000000001,7.998200000000001,670.0894000000001,707.5894
1691,0.4831,0.0026,0.4857,0.0874,0.9946469013794522,0.0053530986205476624,26.7552,1.6049,1353.7543,1326.9991,0.0,0.0,0.0,1353.7543,1.6049,1355.3592,1367.8576
1692,0.4355,0.0138,0.4493,0.0809,0.9692855553082573,0.030714444691742712,24.7536,8.9476,1463.753,1438.9994,0.0,0.0,0.0,1463.7529999999997,8.947600000000001,1472.7005999999997,1510.2042
1693,0.1939,0.0002,0.1941,0.0349,0.9989696032972695,0.0010303967027305513,11.322,0.1018,56.3219,44.9999,0.0,0.0,0.0,56.3219,0.1018,56.4237,56.4254
1694,0.3492,0.0245,0.3738,0.0673,0.9341894060995184,0.06554307116104868,19.179,15.8542,1496.1793,1477.0003,0.0,0.0,0.0,1496.1792999999998,15.854199999999999,1512.0334999999998,1545.0336
1695,0.1115,0.0094,0.1209,0.0218,0.9222497932175352,0.07775020678246486,6.2298,5.9903,853.2304,847.0006,0.0,0.0,0.0,853.2303999999999,5.9903,859.2207,887.2166
1696,0.4228,0.0001,0.4229,0.0761,0.9997635374793096,0.00023646252069047059,21.744,0.0408,26.7433,4.9993,0.0,0.0,0.0,26.743299999999998,0.040799999999999996,26.7841,26.787
1697,0.2622,0.0,0.2622,0.0472,1.0,0.0,13.59,0.0175,39.5898,25.9998,0.0,0.0,0.0,39.5898,0.0175,39.607299999999995,39.6102
1698,0.3669,0.0005,0.3673,0.0661,0.9989109719575279,0.001361285053090117,20.853,0.2951,63.8538,43.0008,0.0,0.0,0.0,63.85379999999999,0.2951,64.1489,69.6454
1699,0.3178,0.0,0.3178,0.0572,1.0,0.0,17.5986,0.0204,23.5992,6.0006,0.0,0.0,0.0,23.599199999999996,0.020399999999999998,23.619599999999995,23.6147
1700,0.3508,0.0001,0.3508,0.0631,1.0,0.00028506271379703536,20.853,0.041,22.8533,2.0003,0.0,0.0,0.0,22.8533,0.04099999999999999,22.8943,22.8905
1701,0.1788,0.0002,0.179,0.0322,0.9988826815642458,0.00111731843575419,9.3456,0.1015,122.3452,112.9996,0.0,0.0,0.0,122.3452,0.1015,122.4467,124.4486
1702,0.2671,0.0024,0.2695,0.0485,0.9910946196660482,0.008905380333951761,14.6664,1.5825,1148.6659,1133.9995,0.0,0.0,0.0,1148.6659000000002,1.5825,1150.2484000000002,1167.2447
1703,0.1151,0.0004,0.1155,0.0208,0.9965367965367964,0.003463203463203463,6.5448,0.2375,103.5456,97.0008,0.0,0.0,0.0,103.5456,0.23750000000000002,103.78309999999999,113.2869
1704,0.303,0.0057,0.3087,0.0556,0.9815354713313897,0.018464528668610303,16.3638,3.8553,1119.3637,1102.9999,0.0,0.0,0.0,1119.3637,3.8552999999999997,1123.219,1140.7206
1705,0.3106,0.0071,0.3178,0.0572,0.9773442416614222,0.022341095028319696,17.0586,4.2564,1556.0586,1539.0,0.0,0.0,0.0,1556.0585999999998,4.2564,1560.3149999999998,1590.8186
1706,0.2956,0.0001,0.2957,0.0532,0.9996618194115656,0.00033818058843422386,15.5754,0.0534,68.5755,53.0001,0.0,0.0,0.0,68.5755,0.0534,68.6289,70.1254
1707,0.1083,0.0003,0.1086,0.0195,0.9972375690607734,0.0027624309392265192,5.661,0.159,120.6609,114.9999,0.0,0.0,0.0,120.66089999999997,0.159,120.81989999999998,125.8206
1708,0.1244,0.0015,0.1259,0.0227,0.9880857823669578,0.011914217633042096,6.9516,0.878,378.9515,371.9999,0.0,0.0,0.0,378.9515,0.878,379.8295,399.3331
1709,0.3902,0.0268,0.417,0.0751,0.9357314148681055,0.06426858513189448,22.3758,16.7882,1736.3758,1714.0,0.0,0.0,0.0,1736.3758,16.7882,1753.164,1795.6647
1710,0.3005,0.0,0.3005,0.0541,1.0,0.0,15.5754,0.024,22.5755,7.0001,0.0,0.0,0.0,22.575500000000005,0.024,22.599500000000006,24.1035
1711,0.4164,0.001,0.4175,0.0751,0.9973652694610778,0.0023952095808383233,23.4648,0.6802,827.4653,804.0005,0.0,0.0,0.0,827.4652999999998,0.6802,828.1454999999999,845.6483
1712,0.2533,0.0064,0.2598,0.0468,0.9749807544264821,0.024634334103156276,14.1516,3.9633,1795.1521,1781.0005,0.0,0.0,0.0,1795.1521,3.9633000000000003,1799.1154,1807.6109
1713,0.3465,0.013,0.3595,0.0647,0.9638386648122392,0.03616133518776078,19.026,8.5838,1639.0259,1619.9999,0.0,0.0,0.0,1639.0259000000003,8.583800000000002,1647.6097000000004,1692.1054
1714,0.373,0.0173,0.3903,0.0702,0.9556751217012555,0.044324878298744555,19.8126,11.8404,1690.8129,1671.0003,0.0,0.0,0.0,1690.8129,11.840400000000002,1702.6533,1742.6507
1715,0.5592,0.0,0.5592,0.1007,1.0,0.0,30.7062,0.0277,37.7059,6.9997,0.0,0.0,0.0,37.7059,0.0277,37.7336,37.7346
1716,0.2525,0.0,0.2526,0.0455,0.9996041171813144,0.0,13.0914,0.0286,32.0909,18.9995,0.0,0.0,0.0,32.0909,0.028599999999999993,32.119499999999995,32.1213
1717,0.3929,0.0001,0.393,0.0707,0.9997455470737914,0.0002544529262086514,20.5326,0.0777,38.5321,17.9995,0.0,0.0,0.0,38.5321,0.0777,38.6098,41.1053
1718,0.2047,0.0002,0.2049,0.0369,0.9990239141044411,0.0009760858955588092,10.872,0.1368,156.8719,145.9999,0.0,0.0,0.0,156.8719,0.1368,157.0087,161.0137
1719,0.1935,0.0001,0.1936,0.0349,0.9994834710743802,0.0005165289256198347,10.0332,0.0593,27.0327,16.9995,0.0,0.0,0.0,27.032700000000002,0.0593,27.092000000000002,27.0934
1720,0.2364,0.0065,0.2429,0.0437,0.9732400164676821,0.026759983532317823,13.0914,3.8658,1505.0911,1491.9997,0.0,0.0,0.0,1505.0911,3.8658000000000006,1508.9569000000001,1535.9535
1721,0.285,0.0,0.285,0.0513,1.0,0.0,15.138,0.0241,23.1382,8.0002,0.0,0.0,0.0,23.138199999999998,0.0241,23.1623,23.1574
1722,0.2209,0.0001,0.221,0.0398,0.9995475113122172,0.00045248868778280545,11.7324,0.0407,49.7327,38.0003,0.0,0.0,0.0,49.7327,0.04069999999999999,49.7734,49.7714
1723,0.1727,0.0255,0.1983,0.0357,0.8709026727181038,0.1285930408472012,9.819,15.8913,1505.8186,1495.9996,0.0,0.0,0.0,1505.8186,15.891300000000001,1521.7099,1560.7105
1724,0.3926,0.0,0.3926,0.0707,1.0,0.0,20.853,0.0176,25.8537,5.0007,0.0,0.0,0.0,25.8537,0.017599999999999998,25.8713,25.8745
1725,0.4312,0.0004,0.4316,0.0777,0.9990732159406859,0.0009267840593141799,23.8824,0.274,273.8823,249.9999,0.0,0.0,0.0,273.8823,0.274,274.1563,275.1575
1726,0.3552,0.0007,0.3559,0.0641,0.998033155380725,0.001966844619275077,19.179,0.4657,309.1791,290.0001,0.0,0.0,0.0,309.1791,0.46569999999999995,309.64480000000003,324.1421
1727,0.3191,0.0017,0.3208,0.0577,0.9947007481296759,0.00529925187032419,17.3772,1.049,866.3778,849.0006,0.0,0.0,0.0,866.3778000000002,1.049,867.4268000000002,885.9221
1728,0.2559,0.0001,0.2559,0.0461,1.0,0.0003907776475185619,13.59,0.0355,46.5897,32.9997,0.0,0.0,0.0,46.58970000000001,0.0355,46.62520000000001,49.623
1729,0.4038,0.0002,0.404,0.0727,0.9995049504950494,0.0004950495049504951,21.8052,0.1083,145.8058,124.0006,0.0,0.0,0.0,145.8058,0.1083,145.91410000000002,149.915
1730,0.4727,0.0004,0.4731,0.0852,0.999154512787994,0.0008454872120059184,26.181,0.2314,112.1816,86.0006,0.0,0.0,0.0,112.18159999999999,0.2314,112.41299999999998,126.4171
1731,0.3374,0.0014,0.3388,0.061,0.9958677685950413,0.004132231404958678,19.179,0.8923,1293.1794,1274.0004,0.0,0.0,0.0,1293.1794,0.8923,1294.0717,1314.0756
1732,0.4027,0.0001,0.4027,0.0725,1.0,0.00024832381425378696,21.744,0.0368,73.7436,51.9996,0.0,0.0,0.0,73.74359999999999,0.0368,73.78039999999999,74.2759
1733,0.3577,0.0001,0.3578,0.0644,0.9997205142537731,0.00027948574622694243,19.8126,0.0414,26.813,7.0004,0.0,0.0,0.0,26.813,0.0414,26.8544,26.8514
1734,0.3252,0.0011,0.3263,0.0587,0.9966288691388293,0.0033711308611707024,18.1656,0.7241,1474.1659,1456.0003,0.0,0.0,0.0,1474.1658999999997,0.7241,1474.8899999999996,1484.3886
1735,0.4803,0.0001,0.4803,0.0865,1.0,0.00020820320632937748,28.0368,0.0514,51.0358,22.999,0.0,0.0,0.0,51.035799999999995,0.0514,51.087199999999996,51.091
1736,0.1904,0.0001,0.1905,0.0343,0.999475065616798,0.0005249343832020997,11.322,0.0443,17.3218,5.9998,0.0,0.0,0.0,17.321800000000003,0.0443,17.366100000000003,19.3671
1737,0.322,0.0002,0.3222,0.058,0.9993792675356922,0.0006207324643078834,17.6814,0.1483,70.6811,52.9997,0.0,0.0,0.0,70.68109999999999,0.1483,70.82939999999999,76.3316
1738,0.4846,0.0,0.4846,0.0872,1.0,0.0,28.0368,0.0256,47.0357,18.9989,0.0,0.0,0.0,47.0357,0.025600000000000005,47.061299999999996,48.0622
1739,0.4707,0.003,0.4737,0.0853,0.9936668777707409,0.006333122229259025,26.7552,1.9171,873.7548,846.9996,0.0,0.0,0.0,873.7548000000002,1.9171,875.6719000000002,899.1705
1740,0.5845,0.0001,0.5846,0.1052,0.9998289428669176,0.00017105713308244953,31.8258,0.0755,72.8251,40.9993,0.0,0.0,0.0,72.82510000000002,0.0755,72.90060000000003,72.8966
1741,0.1913,0.0005,0.1917,0.0345,0.9979134063641105,0.002608242044861763,10.872,0.2954,119.8717,108.9997,0.0,0.0,0.0,119.87169999999999,0.2954,120.16709999999999,126.6645
1742,0.4191,0.0019,0.4209,0.0758,0.9957234497505345,0.004514136374435733,23.4108,1.1214,737.4097,713.9989,0.0,0.0,0.0,737.4097000000002,1.1214000000000002,738.5311000000002,754.0331
1743,0.2475,0.0137,0.2612,0.047,0.9475497702909648,0.05245022970903523,13.59,8.4787,1548.5895,1534.9995,0.0,0.0,0.0,1548.5895,8.4787,1557.0682,1621.0698
1744,0.2082,0.0042,0.2124,0.0382,0.9802259887005649,0.019774011299435026,11.7324,2.6861,1011.7326,1000.0002,0.0,0.0,0.0,1011.7326,2.6861000000000006,1014.4187000000001,1046.9173
1745,0.177,0.0002,0.1772,0.0319,0.9988713318284425,0.0011286681715575622,10.4274,0.1364,75.4271,64.9997,0.0,0.0,0.0,75.42710000000001,0.13640000000000002,75.5635,78.0594
1746,0.6041,0.0002,0.6043,0.1088,0.9996690385570082,0.0003309614429918915,31.8258,0.1539,60.8256,28.9998,0.0,0.0,0.0,60.825599999999994,0.1539,60.979499999999994,65.9771
1747,0.1832,0.0027,0.186,0.0335,0.9849462365591398,0.014516129032258065,10.2348,1.8115,1190.2348,1180.0,0.0,0.0,0.0,1190.2348000000002,1.8115,1192.0463000000002,1228.5462
1748,0.428,0.0002,0.4282,0.0771,0.9995329285380663,0.00046707146193367583,24.3288,0.1332,150.329,126.0002,0.0,0.0,0.0,150.32899999999998,0.1332,150.46219999999997,151.4604
1749,0.4962,0.0003,0.4965,0.0894,0.9993957703927492,0.0006042296072507553,27.2484,0.1885,286.2488,259.0004,0.0,0.0,0.0,286.2488,0.1885,286.4373,289.9342
1750,0.424,0.0,0.424,0.0763,1.0,0.0,21.8052,0.0142,30.8058,9.0006,0.0,0.0,0.0,30.8058,0.0142,30.82,30.817
1751,0.6188,0.0001,0.619,0.1114,0.9996768982229403,0.00016155088852988692,31.8258,0.078,41.8255,9.9997,0.0,0.0,0.0,41.82549999999999,0.078,41.903499999999994,43.9018
1752,0.1659,0.0205,0.1864,0.0336,0.8900214592274677,0.10997854077253219,9.3456,12.9485,1624.3455,1614.9999,0.0,0.0,0.0,1624.3455,12.9485,1637.2939999999999,1701.2911
1753,0.3465,0.0,0.3465,0.0624,1.0,0.0,19.026,0.0195,19.0255,0.0,0.0,0.0,0.0,19.025499999999997,0.0195,19.044999999999998,20.5445
1754,0.2812,0.0007,0.2819,0.0507,0.9975168499467897,0.0024831500532103584,15.5754,0.4305,305.5755,290.0001,0.0,0.0,0.0,305.57550000000003,0.4305,306.00600000000003,328.5063
1755,0.497,0.0034,0.5004,0.0901,0.9932054356514789,0.006794564348521184,27.2934,2.2989,1504.2935,1477.0001,0.0,0.0,0.0,1504.2935,2.2988999999999997,1506.5924,1524.096
1756,0.4417,0.0,0.4417,0.0795,1.0,0.0,24.462,0.0161,30.4619,5.9999,0.0,0.0,0.0,30.4619,0.0161,30.478,30.4767
1757,0.4393,0.0276,0.4669,0.084,0.9408866995073892,0.05911330049261084,24.7536,16.8483,782.7531,757.9995,0.0,0.0,0.0,782.7531000000001,16.848300000000002,799.6014000000001,848.6012
1758,0.2269,0.0001,0.227,0.0409,0.9995594713656387,0.0004405286343612335,12.4596,0.0488,16.4601,4.0005,0.0,0.0,0.0,16.4601,0.0488,16.5089,16.5051
1759,0.0973,0.0009,0.0982,0.0177,0.9908350305498982,0.009164969450101833,5.436,0.5517,842.4359,836.9999,0.0,0.0,0.0,842.4359,0.5517,842.9875999999999,862.9852
1760,0.3224,0.0048,0.3271,0.0589,0.9856313054111893,0.01467441149495567,18.1656,3.01,975.1659,957.0003,0.0,0.0,0.0,975.1659,3.0100000000000002,978.1759,1020.6747
1761,0.2648,0.0227,0.2875,0.0517,0.9210434782608695,0.07895652173913044,14.6664,14.0081,1643.6657,1628.9993,0.0,0.0,0.0,1643.6656999999998,14.0081,1657.6737999999998,1704.6722
1762,0.4364,0.0,0.4364,0.0785,1.0,0.0,25.4736,0.0106,32.4738,7.0002,0.0,0.0,0.0,32.4738,0.0106,32.484399999999994,32.4795
1763,0.4101,0.0017,0.4118,0.0741,0.9958717824186499,0.004128217581350169,22.9086,1.0537,764.909,742.0004,0.0,0.0,0.0,764.9089999999999,1.0537,765.9626999999999,783.4625
1764,0.289,0.0,0.289,0.052,1.0,0.0,16.722,0.0145,27.7215,10.9995,0.0,0.0,0.0,27.721499999999995,0.014499999999999999,27.735999999999997,29.2311
1765,0.1533,0.0002,0.1536,0.0276,0.998046875,0.0013020833333333335,8.4906,0.1612,70.4913,62.0007,0.0,0.0,0.0,70.4913,0.1612,70.65249999999999,73.1489
1766,0.1239,0.0013,0.1252,0.0225,0.9896166134185302,0.010383386581469648,6.6888,0.8469,585.6885,578.9997,0.0,0.0,0.0,585.6885,0.8469,586.5354,603.0358
1767,0.2788,0.0099,0.2888,0.052,0.9653739612188366,0.034279778393351806,15.5754,6.487,1268.5755,1253.0001,0.0,0.0,0.0,1268.5755,6.487,1275.0625,1316.0635
1768,0.1717,0.0063,0.178,0.032,0.9646067415730337,0.03539325842696629,9.5904,3.9537,1212.5896,1202.9992,0.0,0.0,0.0,1212.5896,3.9537,1216.5433,1229.5477
1769,0.5318,0.0008,0.5327,0.0959,0.9983104937112823,0.0015017833677492024,29.4552,0.5107,440.4549,410.9997,0.0,0.0,0.0,440.45489999999995,0.5107,440.96559999999994,455.9694
1770,0.2886,0.0226,0.3112,0.056,0.9273778920308485,0.07262210796915167,15.9822,14.5005,1658.9826,1643.0004,0.0,0.0,0.0,1658.9825999999998,14.5005,1673.4831,1719.9793
1771,0.3259,0.0,0.326,0.0587,0.9996932515337423,0.0,18.6912,0.0254,35.691,16.9998,0.0,0.0,0.0,35.691,0.0254,35.7164,37.2116
1772,0.4275,0.0036,0.4311,0.0776,0.9916492693110648,0.008350730688935283,23.8824,2.2275,1188.8822,1164.9998,0.0,0.0,0.0,1188.8822,2.2275000000000005,1191.1097,1199.6079
1773,0.3455,0.0007,0.3462,0.0623,0.9979780473714615,0.002021952628538417,19.6362,0.4662,621.6363,602.0001,0.0,0.0,0.0,621.6363000000001,0.46619999999999995,622.1025000000001,644.6044
1774,0.5192,0.0,0.5192,0.0935,1.0,0.0,28.0368,0.0217,28.0362,0.0,0.0,0.0,0.0,28.0362,0.021700000000000004,28.0579,28.0567
1775,0.3443,0.0004,0.3448,0.0621,0.9985498839907193,0.0011600928074245941,20.4714,0.2792,126.4706,105.9992,0.0,0.0,0.0,126.4706,0.2792,126.74980000000001,132.2486
1776,0.2457,0.0062,0.2519,0.0453,0.9753870583564906,0.02461294164350933,13.3776,3.9013,1476.3773,1462.9997,0.0,0.0,0.0,1476.3773,3.9013,1480.2786,1507.78
1777,0.3552,0.0065,0.3617,0.0651,0.9820293060547415,0.0179706939452585,19.179,3.9749,1407.1796,1388.0006,0.0,0.0,0.0,1407.1796,3.9749000000000003,1411.1544999999999,1435.1509
1778,0.5012,0.0005,0.5017,0.0903,0.9990033884791707,0.0009966115208291807,27.2934,0.2861,67.2937,40.0003,0.0,0.0,0.0,67.2937,0.2861,67.5798,71.0838
1779,0.4278,0.0007,0.4284,0.0771,0.9985994397759104,0.0016339869281045752,22.9086,0.4289,313.9089,291.0003,0.0,0.0,0.0,313.9089,0.4289,314.3378,327.3392
1780,0.2904,0.0001,0.2905,0.0523,0.9996557659208262,0.00034423407917383823,16.3638,0.0618,64.3638,48.0,0.0,0.0,0.0,64.3638,0.061799999999999994,64.4256,65.4288
1781,0.45,0.0001,0.4501,0.081,0.9997778271495223,0.00022217285047767163,26.7552,0.0615,41.7543,14.9991,0.0,0.0,0.0,41.7543,0.061500000000000006,41.8158,43.3183
1782,0.2303,0.0213,0.2516,0.0453,0.915341812400636,0.08465818759936407,13.0914,13.335,1634.0913,1620.9999,0.0,0.0,0.0,1634.0913,13.335,1647.4263,1702.4216
1783,0.4678,0.0172,0.485,0.0873,0.9645360824742268,0.0354639175257732,25.4736,10.4322,1691.474,1666.0004,0.0,0.0,0.0,1691.474,10.4322,1701.9062,1727.9014
1784,0.3014,0.0012,0.3026,0.0545,0.9960343688037013,0.0039656311962987445,16.983,0.713,647.9829,630.9999,0.0,0.0,0.0,647.9829,0.7129999999999999,648.6958999999999,671.1962
1785,0.1435,0.0045,0.148,0.0266,0.9695945945945945,0.030405405405405404,8.154,3.0121,1295.1539,1286.9999,0.0,0.0,0.0,1295.1538999999998,3.0121,1298.1659999999997,1318.1674
1786,0.1806,0.0,0.1806,0.0325,1.0,0.0,9.5904,0.0277,23.59,13.9996,0.0,0.0,0.0,23.59,0.0277,23.6177,23.6139
1787,0.492,0.0051,0.4971,0.0895,0.9897404948702474,0.010259505129752567,27.2484,3.3015,1092.2486,1065.0002,0.0,0.0,0.0,1092.2486,3.3015000000000003,1095.5501,1121.5461
1788,0.1177,0.0301,0.1478,0.0266,0.7963464140730718,0.20365358592692828,6.6888,18.0079,1530.6884,1523.9996,0.0,0.0,0.0,1530.6884,18.0079,1548.6963,1576.1999
1789,0.4934,0.0019,0.4953,0.0892,0.9961639410458308,0.00383605895416919,27.8046,1.1212,451.8046,424.0,0.0,0.0,0.0,451.8046,1.1212,452.9258,468.9295
1790,0.473,0.0001,0.4731,0.0852,0.9997886281969984,0.0002113718030014796,24.921,0.0526,45.921,21.0,0.0,0.0,0.0,45.92100000000001,0.0526,45.973600000000005,45.9747
1791,0.4615,0.0003,0.4618,0.0831,0.9993503681247294,0.00064963187527068,24.921,0.2182,164.9208,139.9998,0.0,0.0,0.0,164.9208,0.21819999999999998,165.139,170.142
1792,0.3771,0.0081,0.3851,0.0693,0.9792261750194754,0.021033497792781096,20.5326,4.8877,1426.5324,1405.9998,0.0,0.0,0.0,1426.5323999999996,4.887700000000001,1431.4200999999996,1486.9205
1793,0.3463,0.0056,0.3519,0.0633,0.9840863881784598,0.015913611821540212,19.179,3.5051,1409.1794,1390.0004,0.0,0.0,0.0,1409.1793999999998,3.5051000000000005,1412.6844999999998,1447.185
1794,0.4454,0.0002,0.4456,0.0802,0.9995511669658887,0.0004488330341113106,24.462,0.1303,271.4615,246.9995,0.0,0.0,0.0,271.4615,0.1303,271.5918,273.0897
1795,0.4687,0.0006,0.4693,0.0845,0.9987215001065417,0.001278499893458342,26.181,0.3966,534.1819,508.0009,0.0,0.0,0.0,534.1819,0.39660000000000006,534.5785000000001,542.5745
1796,0.5151,0.0005,0.5156,0.0928,0.9990302560124128,0.0009697439875872771,28.2888,0.3075,192.2891,164.0003,0.0,0.0,0.0,192.2891,0.3075,192.5966,196.0979
1797,0.3728,0.007,0.3797,0.0684,0.9818277587569134,0.018435607058203848,20.4714,4.1384,1467.4711,1446.9997,0.0,0.0,0.0,1467.4711,4.1384,1471.6095,1485.1132
1798,0.3733,0.001,0.3743,0.0674,0.9973283462463265,0.0026716537536735237,20.853,0.5948,756.8534,736.0004,0.0,0.0,0.0,756.8534,0.5948,757.4481999999999,767.9475
1799,0.3224,0.0001,0.3225,0.0581,0.9996899224806202,0.000310077519379845,18.1656,0.0806,86.1658,68.0002,0.0,0.0,0.0,86.1658,0.0806,86.24640000000001,86.2424
1800,0.2693,0.004,0.2733,0.0492,0.9853640687888767,0.01463593121112331,14.6664,2.4553,795.6657,780.9993,0.0,0.0,0.0,795.6657,2.4553,798.121,835.6236
1801,0.1832,0.0134,0.1967,0.0354,0.9313675648195221,0.0681240467717336,10.2348,8.9548,1381.2351,1371.0003,0.0,0.0,0.0,1381.2351000000003,8.9548,1390.1899000000003,1428.1906
1802,0.3392,0.0094,0.3486,0.0628,0.9730349971313826,0.026965002868617326,18.1656,5.8163,1595.1659,1577.0003,0.0,0.0,0.0,1595.1659,5.8163,1600.9822,1645.9866
1803,0.3171,0.0001,0.3172,0.0571,0.9996847414880202,0.0003152585119798235,16.308,0.0383,16.3078,0.0,0.0,0.0,0.0,16.3078,0.0383,16.3461,16.3423
1804,0.2933,0.0001,0.2934,0.0528,0.9996591683708248,0.00034083162917518747,17.5986,0.0429,30.5988,13.0002,0.0,0.0,0.0,30.598799999999997,0.0429,30.641699999999997,30.6461
1805,0.3576,0.0002,0.3577,0.0644,0.9997204361196532,0.0005591277606933184,19.6362,0.1036,160.6362,141.0,0.0,0.0,0.0,160.6362,0.1036,160.7398,163.2435
1806,0.1758,0.0008,0.1766,0.0318,0.9954699886749717,0.004530011325028313,9.819,0.5362,382.8183,372.9993,0.0,0.0,0.0,382.8183,0.5362,383.35450000000003,394.856
1807,0.1164,0.0274,0.1439,0.0259,0.8088950660180682,0.19041000694927032,6.3936,17.6426,1663.3928,1656.9992,0.0,0.0,0.0,1663.3928,17.6426,1681.0354,1712.0348
1808,0.513,0.0091,0.5221,0.094,0.9825703888144034,0.01742961118559663,27.2484,5.8163,1547.2488,1520.0004,0.0,0.0,0.0,1547.2487999999998,5.8163,1553.0650999999998,1587.0688
1809,0.3765,0.0148,0.3913,0.0704,0.9621773575261948,0.03782264247380527,20.853,8.959,1238.8536,1218.0006,0.0,0.0,0.0,1238.8536,8.959000000000001,1247.8126,1291.313
1810,0.1658,0.0193,0.1851,0.0333,0.895732036736899,0.10426796326310105,9.5904,12.4646,1515.5898,1505.9994,0.0,0.0,0.0,1515.5897999999997,12.4646,1528.0543999999998,1574.0526
1811,0.203,0.0001,0.2031,0.0366,0.999507631708518,0.0004923682914820286,10.6092,0.0434,11.6084,0.9992,0.0,0.0,0.0,11.6084,0.0434,11.6518,12.1506
1812,0.1472,0.0009,0.1481,0.0267,0.9939230249831195,0.006076975016880486,8.154,0.572,585.1539,576.9999,0.0,0.0,0.0,585.1539,0.572,585.7259,600.7221
1813,0.2424,0.0001,0.2425,0.0437,0.9995876288659794,0.0004123711340206186,14.1516,0.0801,184.1522,170.0006,0.0,0.0,0.0,184.15220000000005,0.0801,184.23230000000004,186.2362
1814,0.3949,0.0048,0.3997,0.0719,0.9879909932449337,0.012009006755066299,22.644,2.8393,1497.6437,1474.9997,0.0,0.0,0.0,1497.6437,2.8392999999999997,1500.4830000000002,1529.9837
1815,0.2404,0.0271,0.2676,0.0482,0.898355754857997,0.10127055306427503,13.0914,18.0507,1277.0909,1263.9995,0.0,0.0,0.0,1277.0909000000001,18.050700000000003,1295.1416000000002,1331.6438
1816,0.4538,0.0006,0.4544,0.0818,0.9986795774647886,0.0013204225352112674,24.921,0.377,472.9207,447.9997,0.0,0.0,0.0,472.9207,0.377,473.2977,485.8012
1817,0.4417,0.0062,0.4479,0.0806,0.9861576244697476,0.013842375530252287,24.462,3.85,1326.4615,1301.9995,0.0,0.0,0.0,1326.4615,3.85,1330.3114999999998,1355.3161
1818,0.1816,0.0004,0.182,0.0328,0.9978021978021979,0.002197802197802198,10.2348,0.2455,207.2354,197.0006,0.0,0.0,0.0,207.2354,0.2455,207.4809,211.9781
1819,0.2836,0.0045,0.2881,0.0519,0.984380423464075,0.015619576535925024,15.5754,2.8854,1268.5754,1253.0,0.0,0.0,0.0,1268.5754000000002,2.8854,1271.4608,1282.4646
1820,0.163,0.0173,0.1803,0.0324,0.904048807542984,0.09595119245701608,8.8002,10.6464,1647.7993,1638.9991,0.0,0.0,0.0,1647.7993000000004,10.6464,1658.4457000000004,1697.4448
1821,0.1827,0.026,0.2087,0.0376,0.8754192620987064,0.12458073790129372,10.0332,15.9141,1610.0328,1599.9996,0.0,0.0,0.0,1610.0328,15.9141,1625.9469,1653.4465
1822,0.4639,0.0005,0.4644,0.0836,0.9989233419465977,0.0010766580534022395,25.4736,0.308,468.474,443.0004,0.0,0.0,0.0,468.47400000000005,0.308,468.78200000000004,478.2804
1823,0.1851,0.0229,0.2079,0.0374,0.8903318903318903,0.11014911014911015,10.4274,14.3119,1510.4267,1499.9993,0.0,0.0,0.0,1510.4267000000002,14.311899999999998,1524.7386000000001,1566.2384
1824,0.4006,0.0058,0.4063,0.0731,0.9859709574206252,0.014275166133398966,22.3758,3.5912,1194.3758,1172.0,0.0,0.0,0.0,1194.3757999999998,3.5912,1197.9669999999999,1236.9659
1825,0.5282,0.0077,0.5359,0.0965,0.9856316476954655,0.014368352304534428,28.2888,4.7456,1473.2891,1445.0003,0.0,0.0,0.0,1473.2891,4.7456000000000005,1478.0347,1495.035
1826,0.5012,0.0008,0.502,0.0904,0.998406374501992,0.0015936254980079682,27.2934,0.4737,333.2939,306.0005,0.0,0.0,0.0,333.2939,0.47370000000000007,333.7676,349.2674
1827,0.1743,0.0002,0.1744,0.0314,0.9994266055045872,0.0011467889908256881,9.819,0.1185,48.8186,38.9996,0.0,0.0,0.0,48.818599999999996,0.1185,48.937099999999994,48.9324
1828,0.4393,0.0,0.4393,0.0791,1.0,0.0,24.3288,0.0178,29.329,5.0002,0.0,0.0,0.0,29.329,0.0178,29.3468,29.3426
1829,0.4657,0.0052,0.4709,0.0848,0.9889573157782969,0.011042684221703122,25.5726,3.3668,1293.5723,1267.9997,0.0,0.0,0.0,1293.5722999999998,3.3668000000000005,1296.9390999999998,1323.9411
1830,0.4485,0.0045,0.4531,0.0816,0.9898477157360406,0.009931582432134186,24.2208,2.9241,1127.2211,1103.0003,0.0,0.0,0.0,1127.2211,2.9240999999999997,1130.1452,1170.6422
1831,0.3492,0.0047,0.354,0.0637,0.9864406779661018,0.013276836158192092,19.179,3.0861,1209.179,1190.0,0.0,0.0,0.0,1209.1789999999996,3.0861,1212.2650999999996,1244.7648
1832,0.4123,0.0047,0.4171,0.0751,0.9884919683529129,0.011268280987772716,22.644,2.9123,902.6439,879.9999,0.0,0.0,0.0,902.6439000000003,2.9123,905.5562000000002,941.0566
1833,0.4393,0.0126,0.4519,0.0813,0.9721177251604337,0.027882274839566276,24.3288,8.2389,1618.329,1594.0002,0.0,0.0,0.0,1618.3289999999997,8.238900000000001,1626.5678999999998,1678.0662
1834,0.2205,0.0001,0.2206,0.0397,0.9995466908431551,0.0004533091568449683,12.1104,0.0453,23.1105,11.0001,0.0,0.0,0.0,23.1105,0.04529999999999999,23.1558,23.1522
1835,0.3761,0.0013,0.3774,0.0679,0.99655537890832,0.003444621091679915,21.1932,0.8229,626.1933,605.0001,0.0,0.0,0.0,626.1933000000001,0.8229000000000001,627.0162000000001,653.521
1836,0.1192,0.0057,0.1249,0.0225,0.9543634907926342,0.045636509207365894,6.5448,3.6325,1477.5455,1471.0007,0.0,0.0,0.0,1477.5455,3.6325,1481.1779999999999,1501.1766
1837,0.1065,0.0,0.1065,0.0192,1.0,0.0,6.0552,0.0115,6.0552,0.0,0.0,0.0,0.0,6.0552,0.011500000000000002,6.0667,6.5626
1838,0.2955,0.003,0.2984,0.0537,0.9902815013404825,0.010053619302949061,16.3638,1.9116,1385.3638,1369.0,0.0,0.0,0.0,1385.3638,1.9116,1387.2754,1409.2776
1839,0.3827,0.02,0.4027,0.0725,0.9503352371492426,0.04966476285075739,21.1932,12.4402,1674.1936,1653.0004,0.0,0.0,0.0,1674.1936,12.4402,1686.6338,1710.636
1840,0.3081,0.0124,0.3205,0.0577,0.9613104524180967,0.03868954758190327,16.3638,7.5106,1381.3636,1364.9998,0.0,0.0,0.0,1381.3636000000001,7.5106,1388.8742000000002,1427.3701
1841,0.3218,0.0001,0.3219,0.0579,0.9996893445169306,0.00031065548306927616,17.3772,0.0761,47.3779,30.0007,0.0,0.0,0.0,47.3779,0.0761,47.45399999999999,47.9557
1842,0.3131,0.0002,0.3133,0.0564,0.9993616342164059,0.0006383657835939994,16.3638,0.1231,36.3635,19.9997,0.0,0.0,0.0,36.3635,0.1231,36.4866,37.9904
1843,0.3066,0.0081,0.3148,0.0567,0.973951715374841,0.025730622617534938,16.983,4.986,1383.9825,1366.9995,0.0,0.0,0.0,1383.9825,4.986,1388.9685000000002,1403.9636
1844,0.5202,0.0001,0.5203,0.0937,0.999807803190467,0.00019219680953296177,30.0978,0.0553,55.0986,25.0008,0.0,0.0,0.0,55.0986,0.055299999999999995,55.1539,56.6505
1845,0.0987,0.0001,0.0988,0.0178,0.9989878542510121,0.0010121457489878543,5.661,0.0739,31.6608,25.9998,0.0,0.0,0.0,31.660799999999995,0.07390000000000001,31.734699999999993,37.2387
1846,0.3081,0.0007,0.3088,0.0556,0.9977331606217615,0.0022668393782383418,16.3638,0.4458,527.3635,510.9997,0.0,0.0,0.0,527.3635,0.4458,527.8093,543.3141
1847,0.304,0.008,0.312,0.0562,0.9743589743589743,0.02564102564102564,16.983,4.9291,1587.9826,1570.9996,0.0,0.0,0.0,1587.9826000000003,4.929100000000001,1592.9117000000003,1636.4074
1848,0.4844,0.0036,0.488,0.0878,0.9926229508196721,0.007377049180327869,27.2934,2.2571,1355.2938,1328.0004,0.0,0.0,0.0,1355.2938,2.2571000000000003,1357.5509,1390.0527
1849,0.4055,0.0,0.4055,0.073,1.0,0.0,20.853,0.0185,21.8534,1.0004,0.0,0.0,0.0,21.8534,0.0185,21.8719,21.8677
1850,0.4373,0.0,0.4373,0.0787,1.0,0.0,24.2208,0.0142,30.221,6.0002,0.0,0.0,0.0,30.221000000000004,0.014199999999999999,30.235200000000003,30.2304
1851,0.164,0.0013,0.1653,0.0298,0.9921355111917726,0.007864488808227465,9.0828,0.8301,542.083,533.0002,0.0,0.0,0.0,542.083,0.8301000000000001,542.9131,569.4158
1852,0.3794,0.0006,0.38,0.0684,0.998421052631579,0.0015789473684210524,21.1932,0.3478,673.1934,652.0002,0.0,0.0,0.0,673.1934000000001,0.34780000000000005,673.5412000000001,679.0382
1853,0.3308,0.0209,0.3517,0.0633,0.9405743531418822,0.05942564685811771,18.1656,13.0558,1507.1659,1489.0003,0.0,0.0,0.0,1507.1659,13.0558,1520.2217,1564.2239
1854,0.4533,0.0005,0.4538,0.0817,0.99889819303658,0.0011018069634200088,23.8824,0.3104,155.8822,131.9998,0.0,0.0,0.0,155.88219999999998,0.3104,156.19259999999997,160.6967
1855,0.5194,0.0024,0.5218,0.0939,0.9954005366040627,0.00459946339593714,28.7694,1.5946,1142.7689,1113.9995,0.0,0.0,0.0,1142.7689,1.5946,1144.3635,1171.3633
1856,0.4275,0.0124,0.44,0.0792,0.9715909090909091,0.02818181818181818,23.8824,8.3854,1454.8822,1430.9998,0.0,0.0,0.0,1454.8822,8.3854,1463.2676,1514.2647
1857,0.5194,0.0,0.5195,0.0935,0.9998075072184793,0.0,28.7694,0.0265,37.7687,8.9993,0.0,0.0,0.0,37.7687,0.0265,37.7952,38.2958
1858,0.3106,0.0145,0.3251,0.0585,0.9553983389726237,0.04460166102737619,17.0586,9.2253,1515.0589,1498.0003,0.0,0.0,0.0,1515.0588999999998,9.225299999999999,1524.2841999999998,1563.2873
1859,0.5697,0.0009,0.5706,0.1027,0.998422712933754,0.0015772870662460567,31.8258,0.5424,229.8249,197.9991,0.0,0.0,0.0,229.8249,0.5423999999999999,230.3673,236.3627
1860,0.3066,0.0003,0.307,0.0553,0.9986970684039087,0.0009771986970684037,16.983,0.194,179.9825,162.9995,0.0,0.0,0.0,179.9825,0.19399999999999998,180.17649999999998,181.6722
1861,0.3697,0.0,0.3697,0.0665,1.0,0.0,19.6362,0.0121,31.6364,12.0002,0.0,0.0,0.0,31.636400000000002,0.0121,31.648500000000002,31.6445
1862,0.5574,0.0004,0.5578,0.1004,0.9992828970957334,0.0007171029042667623,30.0978,0.2521,326.0985,296.0007,0.0,0.0,0.0,326.09849999999994,0.2521,326.35059999999993,327.853
1863,0.1916,0.0083,0.1998,0.036,0.9589589589589589,0.04154154154154154,10.6092,5.189,1337.6084,1326.9992,0.0,0.0,0.0,1337.6084,5.189,1342.7974000000002,1380.7925
1864,0.4228,0.0003,0.4231,0.0762,0.9992909477664855,0.0007090522335145356,22.644,0.1737,531.6434,508.9994,0.0,0.0,0.0,531.6434,0.1737,531.8171000000001,537.8159
1865,0.2308,0.003,0.2338,0.0421,0.9871685201026519,0.01283147989734816,12.7854,1.8213,1059.7857,1047.0003,0.0,0.0,0.0,1059.7857,1.8213,1061.607,1087.1061
1866,0.2415,0.0,0.2416,0.0435,0.9995860927152317,0.0,13.3776,0.027,28.3772,14.9996,0.0,0.0,0.0,28.377200000000002,0.027,28.404200000000003,28.4072
1867,0.3325,0.0003,0.3328,0.0599,0.9990985576923078,0.0009014423076923076,17.3772,0.1719,114.378,97.0008,0.0,0.0,0.0,114.37800000000001,0.1719,114.54990000000001,116.0476
1868,0.5307,0.0,0.5307,0.0955,1.0,0.0,27.2934,0.018,31.2943,4.0009,0.0,0.0,0.0,31.294300000000003,0.018,31.312300000000004,31.3108
1869,0.3009,0.0044,0.3053,0.0549,0.9855879462823451,0.014412053717654767,15.9822,2.7173,1257.9826,1242.0004,0.0,0.0,0.0,1257.9825999999998,2.7173000000000003,1260.6998999999998,1286.1974
1870,0.3173,0.0001,0.3174,0.0571,0.9996849401386264,0.000315059861373661,18.6912,0.054,57.6909,38.9997,0.0,0.0,0.0,57.690900000000006,0.05399999999999999,57.74490000000001,58.2465
1871,0.2344,0.0003,0.2347,0.0422,0.9987217724755006,0.0012782275244993609,13.0914,0.2204,127.091,113.9996,0.0,0.0,0.0,127.09099999999998,0.22039999999999998,127.31139999999998,129.3081
1872,0.2112,0.0003,0.2115,0.0381,0.9985815602836879,0.0014184397163120566,12.1104,0.1979,56.1105,44.0001,0.0,0.0,0.0,56.11050000000001,0.1979,56.308400000000006,63.304
1873,0.4496,0.0001,0.4497,0.0809,0.9997776295307983,0.00022237046920169003,23.8824,0.0322,26.8823,2.9999,0.0,0.0,0.0,26.882299999999997,0.0322,26.914499999999997,27.4111
1874,0.2112,0.0002,0.2113,0.038,0.9995267392333176,0.0009465215333648841,12.1104,0.1046,162.1105,150.0001,0.0,0.0,0.0,162.1105,0.10459999999999998,162.2151,163.7157
1875,0.3138,0.0147,0.3285,0.0591,0.9552511415525115,0.04474885844748858,17.3772,9.5068,1346.3778,1329.0006,0.0,0.0,0.0,1346.3778,9.5068,1355.8846,1375.8849
1876,0.2532,0.0036,0.2568,0.0462,0.985981308411215,0.014018691588785048,14.1444,2.345,865.1444,851.0,0.0,0.0,0.0,865.1443999999999,2.3449999999999998,867.4893999999999,880.9864
1877,0.4707,0.0009,0.4716,0.0849,0.9980916030534351,0.0019083969465648854,26.7552,0.5877,524.7545,497.9993,0.0,0.0,0.0,524.7545,0.5877000000000001,525.3422,537.3448
1878,0.1095,0.0001,0.1096,0.0197,0.9990875912408759,0.0009124087591240876,6.3936,0.061,101.3931,94.9995,0.0,0.0,0.0,101.39309999999998,0.061,101.45409999999998,102.4547
1879,0.5326,0.0371,0.5697,0.1025,0.9348780059680534,0.06512199403194664,28.2888,21.9912,1304.2889,1276.0001,0.0,0.0,0.0,1304.2889,21.991200000000003,1326.2801,1373.2833
1880,0.1909,0.0002,0.1911,0.0344,0.998953427524856,0.0010465724751439038,9.819,0.1163,50.8182,40.9992,0.0,0.0,0.0,50.81819999999999,0.1163,50.93449999999999,52.4393
1881,0.1599,0.0003,0.1601,0.0288,0.9987507807620237,0.0018738288569643971,8.4906,0.1697,147.4915,139.0009,0.0,0.0,0.0,147.4915,0.1697,147.6612,154.1649
1882,0.3123,0.0014,0.3138,0.0565,0.9952198852772467,0.004461440407903122,17.5986,0.9125,580.5991,563.0005,0.0,0.0,0.0,580.5991000000001,0.9125,581.5116000000002,612.0146
1883,0.4521,0.0005,0.4526,0.0815,0.9988952717631463,0.001104728236853734,25.4736,0.3306,453.4738,428.0002,0.0,0.0,0.0,453.4738,0.3306,453.8044,472.302
1884,0.2787,0.0223,0.301,0.0542,0.9259136212624585,0.07408637873754154,15.9822,13.5138,1312.9828,1297.0006,0.0,0.0,0.0,1312.9827999999998,13.513800000000002,1326.4965999999997,1368.9994
1885,0.1255,0.0001,0.1256,0.0226,0.999203821656051,0.0007961783439490447,6.9516,0.0828,35.9509,28.9993,0.0,0.0,0.0,35.9509,0.08280000000000001,36.033699999999996,38.0365
1886,0.3696,0.0004,0.37,0.0666,0.9989189189189189,0.001081081081081081,20.4714,0.255,164.4708,143.9994,0.0,0.0,0.0,164.47080000000005,0.255,164.72580000000005,170.2216
1887,0.1603,0.0073,0.1675,0.0302,0.9570149253731343,0.0435820895522388,8.8002,4.7253,1426.7996,1417.9994,0.0,0.0,0.0,1426.7996,4.7253,1431.5249000000001,1464.0229
1888,0.4192,0.0,0.4192,0.0755,1.0,0.0,24.921,0.0123,46.9208,21.9998,0.0,0.0,0.0,46.9208,0.012299999999999998,46.9331,46.9339
1889,0.4578,0.0,0.4578,0.0824,1.0,0.0,25.5726,0.0313,37.5722,11.9996,0.0,0.0,0.0,37.572199999999995,0.0313,37.6035,37.6029
1890,0.4054,0.0009,0.4063,0.0731,0.9977848880137828,0.0022151119862170807,22.644,0.6062,1188.6436,1165.9996,0.0,0.0,0.0,1188.6436,0.6062,1189.2498,1219.2485
1891,0.2404,0.0296,0.27,0.0486,0.8903703703703704,0.10962962962962963,13.0914,18.2177,1476.0909,1462.9995,0.0,0.0,0.0,1476.0909000000001,18.2177,1494.3086,1554.3121
1892,0.2136,0.0,0.2137,0.0385,0.9995320542817033,0.0,11.7324,0.0122,15.7325,4.0001,0.0,0.0,0.0,15.732500000000002,0.012199999999999999,15.744700000000002,16.2491
1893,0.5876,0.0001,0.5877,0.1058,0.9998298451590948,0.00017015484090522376,30.7062,0.0718,63.7059,32.9997,0.0,0.0,0.0,63.7059,0.0718,63.7777,64.2747
1894,0.2131,0.017,0.23,0.0414,0.9265217391304348,0.07391304347826087,12.1104,10.2717,1483.1106,1471.0002,0.0,0.0,0.0,1483.1106,10.2717,1493.3823,1557.8806
1895,0.131,0.0001,0.131,0.0236,1.0,0.0007633587786259542,7.0722,0.0344,64.0723,57.0001,0.0,0.0,0.0,64.0723,0.0344,64.1067,65.1033
1896,0.4934,0.0159,0.5093,0.0917,0.9687806793638327,0.03121932063616729,27.8046,9.6689,1428.8047,1401.0001,0.0,0.0,0.0,1428.8046999999997,9.668899999999999,1438.4735999999996,1468.4776
1897,0.3608,0.0082,0.369,0.0664,0.9777777777777779,0.022222222222222223,19.8126,5.0925,1559.8129,1540.0003,0.0,0.0,0.0,1559.8129000000001,5.0925,1564.9054,1619.9056
1898,0.2929,0.0008,0.2937,0.0529,0.9972761321075927,0.002723867892407218,16.3638,0.4789,201.3637,184.9999,0.0,0.0,0.0,201.3637,0.47889999999999994,201.8426,209.3449
1899,0.2424,0.0132,0.2557,0.046,0.9479859210011733,0.05162299569808369,13.0914,8.2732,1507.0907,1493.9993,0.0,0.0,0.0,1507.0907,8.2732,1515.3639,1551.8633
1900,0.5544,0.0102,0.5646,0.1016,0.9819341126461212,0.018065887353878853,30.7062,6.5322,1480.7061,1449.9999,0.0,0.0,0.0,1480.7060999999999,6.5322,1487.2383,1515.2392
1901,0.3259,0.0006,0.3265,0.0588,0.9981623277182237,0.0018376722817764163,17.5986,0.3766,265.5988,248.0002,0.0,0.0,0.0,265.5988,0.3766,265.9754,280.4785
1902,0.1801,0.0002,0.1802,0.0324,0.9994450610432853,0.0011098779134295228,10.2348,0.1108,123.2353,113.0005,0.0,0.0,0.0,123.2353,0.11080000000000001,123.34609999999999,126.3455
1903,0.1697,0.0007,0.1704,0.0307,0.9958920187793426,0.004107981220657277,9.819,0.4574,451.8183,441.9993,0.0,0.0,0.0,451.81829999999997,0.4574000000000001,452.2757,468.2713
1904,0.3581,0.0005,0.3586,0.0645,0.9986056887897379,0.0013943112102621307,20.5326,0.3414,414.5322,393.9996,0.0,0.0,0.0,414.5322,0.3413999999999999,414.8736,421.3774
1905,0.3106,0.0,0.3107,0.0559,0.9996781461216608,0.0,16.3638,0.0297,43.3638,27.0,0.0,0.0,0.0,43.3638,0.0297,43.393499999999996,43.3893
1906,0.1182,0.0,0.1182,0.0213,1.0,0.0,6.5448,0.0162,12.5451,6.0003,0.0,0.0,0.0,12.545099999999998,0.0162,12.561299999999997,12.5649
1907,0.1106,0.0042,0.1148,0.0207,0.9634146341463415,0.036585365853658534,6.2298,2.6055,1392.2301,1386.0003,0.0,0.0,0.0,1392.2301,2.6055000000000006,1394.8355999999999,1426.3318
1908,0.4242,0.0007,0.425,0.0765,0.9981176470588236,0.0016470588235294118,22.9086,0.4425,628.9089,606.0003,0.0,0.0,0.0,628.9088999999999,0.4425,629.3513999999999,644.3503
1909,0.2344,0.0066,0.2409,0.0434,0.9730178497301785,0.0273972602739726,13.0914,4.1861,1480.0909,1466.9995,0.0,0.0,0.0,1480.0909000000001,4.1861,1484.277,1507.2759
1910,0.3247,0.0,0.3247,0.0585,1.0,0.0,17.6814,0.0188,28.6805,10.9991,0.0,0.0,0.0,28.6805,0.018800000000000004,28.699299999999997,28.6951
1911,0.3759,0.0,0.376,0.0677,0.9997340425531915,0.0,20.4714,0.0139,22.4707,1.9993,0.0,0.0,0.0,22.470699999999997,0.013900000000000001,22.484599999999997,23.4848
1912,0.4578,0.0024,0.4602,0.0828,0.9947848761408083,0.005215123859191656,25.5726,1.5069,1051.5724,1025.9998,0.0,0.0,0.0,1051.5723999999998,1.5069,1053.0792999999999,1072.5819
1913,0.1295,0.0004,0.1299,0.0234,0.9969207082371055,0.0030792917628945345,6.8238,0.2239,106.8234,99.9996,0.0,0.0,0.0,106.8234,0.2239,107.0473,111.0463
1914,0.3829,0.0298,0.4127,0.0743,0.927792585413133,0.07220741458686697,20.853,19.477,1478.8534,1458.0004,0.0,0.0,0.0,1478.8534,19.477,1498.3304,1538.3299
1915,0.2308,0.0232,0.254,0.0457,0.9086614173228347,0.09133858267716535,12.7854,14.7974,1466.7861,1454.0007,0.0,0.0,0.0,1466.7861,14.7974,1481.5835,1558.0836
1916,0.1031,0.0172,0.1203,0.0216,0.857024106400665,0.142975893599335,5.661,10.3983,1487.6609,1481.9999,0.0,0.0,0.0,1487.6609,10.398299999999999,1498.0592000000001,1539.561
1917,0.4516,0.0,0.4516,0.0813,1.0,0.0,23.4108,0.0152,32.4098,8.999,0.0,0.0,0.0,32.409800000000004,0.015199999999999998,32.425000000000004,32.4269
1918,0.3259,0.0008,0.3268,0.0588,0.9972460220318239,0.002447980416156671,18.6912,0.4898,1058.6907,1039.9995,0.0,0.0,0.0,1058.6906999999999,0.48980000000000007,1059.1805,1072.1764
1919,0.403,0.0004,0.4034,0.0726,0.9990084283589491,0.000991571641051066,22.9086,0.2447,276.9089,254.0003,0.0,0.0,0.0,276.9089,0.24470000000000003,277.15360000000004,283.6583
1920,0.1776,0.0053,0.1829,0.0329,0.9710224166211044,0.02897758337889557,9.5904,3.4635,1431.5897,1421.9993,0.0,0.0,0.0,1431.5897,3.4634999999999994,1435.0532,1461.5554
1921,0.1005,0.0,0.1005,0.0181,1.0,0.0,5.661,0.0195,5.6609,0.0,0.0,0.0,0.0,5.6609,0.0195,5.6804,6.1838
1922,0.3516,0.0001,0.3517,0.0633,0.9997156667614444,0.0002843332385555871,19.8126,0.0748,39.8131,20.0005,0.0,0.0,0.0,39.813100000000006,0.07479999999999999,39.88790000000001,39.8922
1923,0.3825,0.0037,0.3862,0.0695,0.9904194717762818,0.009580528223718281,21.744,2.3601,1077.7432,1055.9992,0.0,0.0,0.0,1077.7432000000001,2.3601000000000005,1080.1033000000002,1104.0996
1924,0.373,0.0006,0.3736,0.0672,0.9983940042826552,0.0016059957173447537,19.8126,0.3379,371.8128,352.0002,0.0,0.0,0.0,371.81280000000004,0.33790000000000003,372.15070000000003,383.153
1925,0.2454,0.0043,0.2496,0.0449,0.983173076923077,0.017227564102564104,13.59,2.4901,836.5898,822.9998,0.0,0.0,0.0,836.5898,2.4900999999999995,839.0799,878.5768
1926,0.2211,0.0025,0.2236,0.0402,0.988819320214669,0.011180679785330949,12.4596,1.5583,1195.4604,1183.0008,0.0,0.0,0.0,1195.4604,1.5583000000000002,1197.0186999999999,1229.515
1927,0.2693,0.0076,0.2769,0.0498,0.9725532683279162,0.027446731672083786,14.6664,4.9166,1511.6658,1496.9994,0.0,0.0,0.0,1511.6658000000002,4.916600000000001,1516.5824000000002,1542.5826
1928,0.1638,0.0,0.1638,0.0295,1.0,0.0,8.4906,0.0119,10.4909,2.0003,0.0,0.0,0.0,10.4909,0.011899999999999999,10.5028,10.4996
1929,0.45,0.0004,0.4503,0.0811,0.999333777481679,0.0008882966910948258,24.921,0.2225,272.921,248.0,0.0,0.0,0.0,272.921,0.22249999999999998,273.1435,277.1459
1930,0.1301,0.0,0.1301,0.0234,1.0,0.0,6.6888,0.0281,6.6886,0.0,0.0,0.0,0.0,6.688599999999999,0.0281,6.7166999999999994,6.7193
1931,0.1791,0.0004,0.1795,0.0323,0.9977715877437326,0.0022284122562674096,9.5904,0.2488,168.5893,158.9989,0.0,0.0,0.0,168.5893,0.2488,168.8381,174.3418
1932,0.4624,0.0001,0.4625,0.0833,0.9997837837837837,0.00021621621621621621,26.7552,0.057,61.7545,34.9993,0.0,0.0,0.0,61.7545,0.056999999999999995,61.8115,62.8154
1933,0.4538,0.0014,0.4552,0.0819,0.9969244288224955,0.0030755711775043936,24.921,0.7946,793.9208,768.9998,0.0,0.0,0.0,793.9208000000001,0.7946000000000001,794.7154,813.2119
1934,0.4379,0.0,0.4379,0.0788,1.0,0.0,24.462,0.0185,29.4613,4.9993,0.0,0.0,0.0,29.4613,0.0185,29.4798,29.4819
1935,0.2575,0.0034,0.2609,0.047,0.9869681870448447,0.01303181295515523,13.9032,2.1418,799.9027,785.9995,0.0,0.0,0.0,799.9027,2.1418,802.0445,830.5404
1936,0.2173,0.0001,0.2174,0.0391,0.999540018399264,0.00045998160073597056,11.7324,0.0835,140.7326,129.0002,0.0,0.0,0.0,140.73260000000002,0.08349999999999999,140.8161,147.3207
1937,0.4977,0.0001,0.4978,0.0896,0.9997991161108878,0.0002008838891120932,27.8046,0.0343,65.8046,38.0,0.0,0.0,0.0,65.80460000000001,0.034300000000000004,65.83890000000001,65.8427
1938,0.1075,0.0091,0.1166,0.021,0.9219554030874786,0.07804459691252144,6.0552,5.6871,1164.0553,1158.0001,0.0,0.0,0.0,1164.0552999999998,5.6871,1169.7423999999999,1203.2456
1939,0.3106,0.0001,0.3107,0.0559,0.9996781461216608,0.000321853878339234,17.0586,0.0648,44.0588,27.0002,0.0,0.0,0.0,44.0588,0.0648,44.123599999999996,46.1215
1940,0.3611,0.0001,0.3612,0.065,0.9997231450719821,0.0002768549280177187,19.179,0.0614,78.1791,59.0001,0.0,0.0,0.0,78.1791,0.0614,78.24050000000001,79.7444
1941,0.1255,0.0002,0.1257,0.0226,0.9984089101034208,0.0015910898965791568,7.0722,0.1334,145.0723,138.0001,0.0,0.0,0.0,145.07229999999998,0.1334,145.20569999999998,153.2081
1942,0.1702,0.0003,0.1705,0.0307,0.998240469208211,0.001759530791788856,9.3456,0.2059,199.3452,189.9996,0.0,0.0,0.0,199.3452,0.2059,199.55110000000002,208.547
1943,0.4715,0.0001,0.4715,0.0849,1.0,0.00021208907741251327,28.2888,0.0394,39.2889,11.0001,0.0,0.0,0.0,39.28890000000001,0.0394,39.32830000000001,39.3276
1944,0.3071,0.0103,0.3174,0.0571,0.9675488342785128,0.03245116572148708,16.722,6.4653,1030.7216,1013.9996,0.0,0.0,0.0,1030.7216,6.465299999999999,1037.1869000000002,1071.6903
1945,0.1497,0.0009,0.1506,0.0271,0.99402390438247,0.0059760956175298795,8.154,0.5644,625.1537,616.9997,0.0,0.0,0.0,625.1537,0.5644,625.7180999999999,651.2201
1946,0.2733,0.01,0.2833,0.051,0.9647017296152488,0.03529827038475115,15.138,6.4764,1278.1382,1263.0002,0.0,0.0,0.0,1278.1381999999999,6.4764,1284.6145999999999,1341.6194
1947,0.3081,0.0062,0.3143,0.0566,0.980273623926185,0.019726376073814826,16.3638,4.0839,545.3637,528.9999,0.0,0.0,0.0,545.3637,4.083900000000001,549.4476,596.4512
1948,0.3056,0.0004,0.306,0.0551,0.9986928104575163,0.0013071895424836603,18.1656,0.2335,134.1658,116.0002,0.0,0.0,0.0,134.1658,0.23349999999999999,134.39929999999998,139.9043
1949,0.223,0.0107,0.2337,0.0421,0.9542148053059478,0.045785194694052206,12.4596,7.1592,1085.4603,1073.0007,0.0,0.0,0.0,1085.4603,7.159199999999999,1092.6195,1147.117
1950,0.4886,0.0317,0.5203,0.0937,0.9390736113780511,0.06092638862194887,27.2934,19.2173,1362.2945,1335.0011,0.0,0.0,0.0,1362.2945,19.2173,1381.5118,1420.0095
1951,0.4155,0.0002,0.4157,0.0748,0.9995188838104402,0.0004811161895597787,23.4108,0.1248,100.4104,76.9996,0.0,0.0,0.0,100.4104,0.12480000000000001,100.53519999999999,102.5371
1952,0.188,0.0004,0.1883,0.0339,0.9984067976633033,0.0021242697822623476,10.2348,0.2444,115.2353,105.0005,0.0,0.0,0.0,115.23530000000002,0.2444,115.47970000000002,125.4843
1953,0.3192,0.0002,0.3195,0.0575,0.9990610328638497,0.0006259780907668232,17.6814,0.1469,165.6806,147.9992,0.0,0.0,0.0,165.6806,0.14689999999999998,165.8275,168.8272
1954,0.4538,0.0,0.4539,0.0817,0.999779687155761,0.0,24.921,0.0276,41.921,17.0,0.0,0.0,0.0,41.92100000000001,0.0276,41.948600000000006,42.4501
1955,0.403,0.0018,0.4048,0.0729,0.9955533596837945,0.004446640316205534,22.9086,1.0638,1034.909,1012.0004,0.0,0.0,0.0,1034.9089999999999,1.0638,1035.9727999999998,1070.4774
1956,0.1638,0.0,0.1638,0.0295,1.0,0.0,8.4906,0.0098,47.4913,39.0007,0.0,0.0,0.0,47.4913,0.0098,47.5011,47.502
1957,0.3971,0.0012,0.3982,0.0717,0.9972375690607735,0.003013561024610748,21.8052,0.7353,719.8057,698.0005,0.0,0.0,0.0,719.8056999999999,0.7353000000000001,720.5409999999999,749.0391
1958,0.1179,0.0,0.1179,0.0212,1.0,0.0,7.0722,0.0168,8.0723,1.0001,0.0,0.0,0.0,8.0723,0.0168,8.0891,8.0891
1959,0.1932,0.0015,0.1947,0.0351,0.9922958397534669,0.007704160246533128,10.6092,0.9821,704.6088,693.9996,0.0,0.0,0.0,704.6088,0.9821,705.5908999999999,719.0915
1960,0.2192,0.0003,0.2195,0.0395,0.9986332574031891,0.0013667425968109338,12.4596,0.2184,398.4603,386.0007,0.0,0.0,0.0,398.4603000000001,0.21839999999999998,398.67870000000005,410.6821
1961,0.4136,0.0125,0.4261,0.0767,0.9706641633419386,0.02933583665806149,22.9086,7.6498,1029.909,1007.0004,0.0,0.0,0.0,1029.9089999999999,7.649800000000001,1037.5587999999998,1056.0578
1962,0.1913,0.001,0.1923,0.0346,0.9947997919916797,0.005200208008320333,10.872,0.6566,733.8716,722.9996,0.0,0.0,0.0,733.8716000000001,0.6566000000000001,734.5282000000001,751.0237
1963,0.2909,0.0001,0.291,0.0524,0.9996563573883162,0.0003436426116838488,16.983,0.0397,56.9828,39.9998,0.0,0.0,0.0,56.982800000000005,0.0397,57.02250000000001,57.0229
1964,0.1548,0.0005,0.1553,0.0279,0.9967804249839021,0.0032195750160978753,8.154,0.3175,382.154,374.0,0.0,0.0,0.0,382.154,0.31749999999999995,382.4715,390.9694
1965,0.4726,0.0157,0.4883,0.0879,0.9678476346508295,0.03215236534917059,26.3988,9.8382,1491.3981,1464.9993,0.0,0.0,0.0,1491.3980999999999,9.8382,1501.2362999999998,1547.2379
1966,0.1277,0.0246,0.1522,0.0274,0.8390275952693824,0.1616294349540079,6.9516,15.7202,1553.9515,1546.9999,0.0,0.0,0.0,1553.9515,15.7202,1569.6716999999999,1600.1733
1967,0.238,0.0002,0.2382,0.0429,0.9991603694374475,0.000839630562552477,13.6476,0.1286,110.6472,96.9996,0.0,0.0,0.0,110.64720000000003,0.1286,110.77580000000003,114.7784
1968,0.502,0.0063,0.5083,0.0915,0.9876057446389928,0.01239425536100728,27.8046,4.0035,1360.8046,1333.0,0.0,0.0,0.0,1360.8046,4.0035,1364.8081,1388.809
1969,0.1277,0.0002,0.1279,0.023,0.998436278342455,0.001563721657544957,7.0722,0.1422,103.0723,96.0001,0.0,0.0,0.0,103.0723,0.1422,103.2145,107.2153
1970,0.1022,0.0068,0.109,0.0196,0.9376146788990826,0.06238532110091743,5.661,4.318,1320.6607,1314.9997,0.0,0.0,0.0,1320.6607,4.3180000000000005,1324.9787,1368.9783
1971,0.238,0.0322,0.2702,0.0486,0.8808290155440415,0.11917098445595854,13.6476,20.1429,1459.6474,1445.9998,0.0,0.0,0.0,1459.6473999999998,20.1429,1479.7903,1537.7932
1972,0.4448,0.0,0.4448,0.0801,1.0,0.0,24.2208,0.0236,25.221,1.0002,0.0,0.0,0.0,25.221000000000004,0.0236,25.244600000000002,25.2487
1973,0.264,0.0,0.264,0.0475,1.0,0.0,15.138,0.0234,23.1381,8.0001,0.0,0.0,0.0,23.1381,0.0234,23.1615,23.1659
1974,0.1095,0.0001,0.1096,0.0197,0.9990875912408759,0.0009124087591240876,5.8662,0.037,36.8663,31.0001,0.0,0.0,0.0,36.866299999999995,0.037,36.903299999999994,40.4077
1975,0.3604,0.0,0.3604,0.0649,1.0,0.0,20.853,0.0168,42.8533,22.0003,0.0,0.0,0.0,42.853300000000004,0.0168,42.87010000000001,42.8653
1976,0.5063,0.036,0.5423,0.0976,0.9336160796607044,0.06638392033929559,27.8046,21.3304,1419.8046,1392.0,0.0,0.0,0.0,1419.8046,21.3304,1441.135,1472.1375
1977,0.3106,0.0004,0.3111,0.056,0.998392799742848,0.001285760205721633,17.0586,0.2658,117.0587,100.0001,0.0,0.0,0.0,117.05870000000002,0.26580000000000004,117.32450000000001,127.3284
1978,0.286,0.0239,0.31,0.0558,0.9225806451612902,0.07709677419354839,15.5754,14.5544,1523.5756,1508.0002,0.0,0.0,0.0,1523.5756,14.5544,1538.1299999999999,1580.1263
1979,0.1948,0.0016,0.1964,0.0354,0.9918533604887985,0.00814663951120163,10.6092,1.0472,1075.6083,1064.9991,0.0,0.0,0.0,1075.6083000000003,1.0472,1076.6555000000003,1096.6524
1980,0.2654,0.0001,0.2655,0.0478,0.9996233521657251,0.0003766478342749529,13.6476,0.072,13.6472,0.0,0.0,0.0,0.0,13.647200000000002,0.072,13.7192,13.7177
1981,0.3707,0.001,0.3717,0.0669,0.9973096583266075,0.002690341673392521,20.5326,0.642,1147.532,1126.9994,0.0,0.0,0.0,1147.532,0.642,1148.174,1168.1762
1982,0.1507,0.001,0.1517,0.0273,0.99340804218853,0.0065919578114700065,8.4906,0.6008,1013.491,1005.0004,0.0,0.0,0.0,1013.491,0.6008,1014.0918,1039.0902
1983,0.3667,0.0002,0.3669,0.066,0.9994548923412374,0.0005451076587626056,21.2166,0.1476,114.2166,93.0,0.0,0.0,0.0,114.2166,0.1476,114.3642,114.8662
1984,0.1533,0.0011,0.1544,0.0278,0.9928756476683936,0.007124352331606218,8.4906,0.641,1202.4916,1194.001,0.0,0.0,0.0,1202.4916,0.6409999999999999,1203.1326000000001,1215.128
1985,0.2205,0.0092,0.2297,0.0413,0.9599477579451459,0.04005224205485416,12.1104,5.7964,1343.1104,1331.0,0.0,0.0,0.0,1343.1104,5.796400000000001,1348.9068,1376.9043
1986,0.104,0.017,0.1209,0.0218,0.8602150537634409,0.14061207609594709,5.661,10.2268,1335.6609,1329.9999,0.0,0.0,0.0,1335.6609,10.2268,1345.8877,1406.386
1987,0.2344,0.0,0.2344,0.0422,1.0,0.0,13.0914,0.0161,13.0907,0.0,0.0,0.0,0.0,13.090699999999998,0.016100000000000003,13.106799999999998,13.1116
1988,0.1843,0.0004,0.1846,0.0332,0.9983748645720477,0.002166847237269773,10.0332,0.2479,194.0331,183.9999,0.0,0.0,0.0,194.03310000000002,0.2479,194.281,204.2769
1989,0.3005,0.013,0.3135,0.0564,0.9585326953748006,0.04146730462519936,16.3638,8.0246,1284.3636,1267.9998,0.0,0.0,0.0,1284.3636000000004,8.024600000000001,1292.3882000000003,1337.8906
1990,0.1125,0.0001,0.1126,0.0203,0.9991119005328597,0.0008880994671403197,6.2298,0.056,74.2307,68.0009,0.0,0.0,0.0,74.23070000000001,0.05600000000000001,74.28670000000001,77.2903
1991,0.406,0.0005,0.4065,0.0732,0.9987699876998771,0.0012300123001230013,21.744,0.3066,416.7436,394.9996,0.0,0.0,0.0,416.7436,0.3066,417.0502,436.0546
1992,0.258,0.0001,0.258,0.0464,1.0,0.0003875968992248062,13.59,0.0433,179.5896,165.9996,0.0,0.0,0.0,179.5896,0.04329999999999999,179.63289999999998,183.1308
1993,0.3937,0.0014,0.3951,0.0711,0.9964565932675272,0.0035434067324727914,21.8052,0.8762,648.8057,627.0005,0.0,0.0,0.0,648.8057000000001,0.8762000000000001,649.6819000000002,663.6819
1994,0.1341,0.0,0.1341,0.0241,1.0,0.0,6.9516,0.0289,39.9514,32.9998,0.0,0.0,0.0,39.9514,0.0289,39.9803,39.9772
1995,0.3924,0.0,0.3924,0.0706,1.0,0.0,22.9086,0.0161,37.9091,15.0005,0.0,0.0,0.0,37.909099999999995,0.0161,37.9252,37.9219
1996,0.1997,0.0,0.1998,0.036,0.9994994994994995,0.0,10.6092,0.0175,17.608,6.9988,0.0,0.0,0.0,17.608000000000008,0.017499999999999998,17.625500000000006,17.6294
1997,0.2307,0.0004,0.2311,0.0416,0.9982691475551708,0.0017308524448290785,12.4596,0.2269,230.4605,218.0009,0.0,0.0,0.0,230.46050000000002,0.2269,230.68740000000003,240.1912
1998,0.4006,0.0055,0.4061,0.0731,0.9864565377985718,0.013543462201428219,22.3758,3.5281,1264.3758,1242.0,0.0,0.0,0.0,1264.3757999999998,3.5280999999999993,1267.9038999999998,1288.9077
1999,0.2591,0.0,0.2591,0.0466,1.0,0.0,13.6476,0.0165,20.6469,6.9993,0.0,0.0,0.0,20.6469,0.016499999999999997,20.6634,20.6661
2000,0.2803,0.0086,0.2889,0.052,0.9702319141571478,0.029768085842852197,15.138,5.5704,1354.1381,1339.0001,0.0,0.0,0.0,1354.1381,5.5704,1359.7085,1387.7095
2001,0.2467,0.0,0.2467,0.0444,1.0,0.0,14.6664,0.0227,32.6659,17.9995,0.0,0.0,0.0,32.6659,0.022699999999999998,32.6886,32.6929
2002,0.2919,0.0001,0.292,0.0526,0.9996575342465753,0.0003424657534246576,16.308,0.0429,31.3075,14.9995,0.0,0.0,0.0,31.307499999999997,0.0429,31.350399999999997,31.3473
2003,0.4508,0.0124,0.4632,0.0834,0.9732297063903281,0.02677029360967185,24.7536,7.8127,1388.7529,1363.9993,0.0,0.0,0.0,1388.7529,7.8126999999999995,1396.5656,1433.0702
2004,0.3701,0.0001,0.3701,0.0666,1.0,0.00027019724398811136,20.853,0.0326,20.8536,0.0006,0.0,0.0,0.0,20.8536,0.03259999999999999,20.8862,21.8868
2005,0.2131,0.0003,0.2134,0.0384,0.9985941893158389,0.0014058106841611994,12.1104,0.2032,240.1104,228.0,0.0,0.0,0.0,240.11039999999997,0.2032,240.31359999999998,241.809
2006,0.5202,0.0,0.5202,0.0936,1.0,0.0,30.0978,0.0155,32.0986,2.0008,0.0,0.0,0.0,32.0986,0.015499999999999998,32.1141,32.1163
2007,0.3515,0.0002,0.3517,0.0633,0.9994313335228887,0.0005686664771111743,19.6362,0.1198,65.6363,46.0001,0.0,0.0,0.0,65.6363,0.11979999999999999,65.7561,70.2608
2008,0.5106,0.0008,0.5113,0.092,0.9986309407392921,0.0015646391550948565,28.7694,0.4685,553.7692,524.9998,0.0,0.0,0.0,553.7692,0.46849999999999997,554.2376999999999,568.2366
2009,0.198,0.0155,0.2135,0.0384,0.927400468384075,0.07259953161592506,10.872,10.1021,1377.8718,1366.9998,0.0,0.0,0.0,1377.8718,10.1021,1387.9739,1441.4737
2010,0.4521,0.0023,0.4544,0.0818,0.9949383802816901,0.0050616197183098585,25.4736,1.3853,1061.474,1036.0004,0.0,0.0,0.0,1061.474,1.3853,1062.8592999999998,1079.3619
2011,0.1687,0.0001,0.1688,0.0304,0.9994075829383885,0.0005924170616113745,9.5904,0.0502,124.59,114.9996,0.0,0.0,0.0,124.59,0.0502,124.64020000000001,130.6433
2012,0.3463,0.0001,0.3463,0.0623,1.0,0.00028876696505919725,19.179,0.0318,67.1792,48.0002,0.0,0.0,0.0,67.17920000000001,0.031799999999999995,67.21100000000001,71.713
2013,0.3665,0.0119,0.3783,0.0681,0.9688078244779275,0.031456515992598466,20.4714,7.098,1442.4705,1421.9991,0.0,0.0,0.0,1442.4705,7.098,1449.5684999999999,1491.0707
2014,0.1603,0.0072,0.1675,0.0301,0.9570149253731343,0.04298507462686567,8.8002,4.6898,1310.7996,1301.9994,0.0,0.0,0.0,1310.7996,4.6898,1315.4894000000002,1350.9943
2015,0.4266,0.0001,0.4267,0.0768,0.9997656433091163,0.00023435669088352472,24.462,0.0773,64.4616,39.9996,0.0,0.0,0.0,64.4616,0.0773,64.5389,65.5357
2016,0.3739,0.0,0.3739,0.0673,1.0,0.0,20.5326,0.0116,21.5322,0.9996,0.0,0.0,0.0,21.532199999999996,0.0116,21.543799999999997,22.0416
2017,0.2757,0.0022,0.2779,0.05,0.9920834832673624,0.00791651673263764,15.138,1.3854,858.1381,843.0001,0.0,0.0,0.0,858.1381000000001,1.3854000000000002,859.5235000000001,893.522
2018,0.251,0.0002,0.2512,0.0452,0.999203821656051,0.0007961783439490447,13.9032,0.1311,73.9023,59.9991,0.0,0.0,0.0,73.9023,0.1311,74.0334,77.0308
2019,0.1084,0.0,0.1084,0.0195,1.0,0.0,6.0552,0.0201,7.0552,1.0,0.0,0.0,0.0,7.055200000000001,0.0201,7.075300000000001,7.0741
2020,0.5746,0.0007,0.5754,0.1036,0.9986096628432395,0.0012165450121654502,31.8258,0.509,701.825,669.9992,0.0,0.0,0.0,701.825,0.509,702.3340000000001,712.8359
2021,0.1192,0.0002,0.1194,0.0215,0.998324958123953,0.0016750418760469012,6.5448,0.1265,79.5453,73.0005,0.0,0.0,0.0,79.5453,0.1265,79.67179999999999,81.1685
2022,0.2648,0.004,0.2689,0.0484,0.9847526961695798,0.01487541837114169,14.6664,2.6877,1019.6658,1004.9994,0.0,0.0,0.0,1019.6658,2.6877000000000004,1022.3534999999999,1059.3584
2023,0.4962,0.0001,0.4963,0.0893,0.9997985089663509,0.00020149103364900262,27.2484,0.0494,51.2489,24.0005,0.0,0.0,0.0,51.2489,0.0494,51.2983,51.2987
2024,0.4584,0.0001,0.4585,0.0825,0.9997818974918211,0.00021810250817884405,24.7536,0.0802,86.7526,61.999,0.0,0.0,0.0,86.75260000000002,0.0802,86.83280000000002,87.8363
2025,0.5434,0.0007,0.5441,0.0979,0.9987134717882742,0.0012865282117257857,30.0978,0.4331,423.0985,393.0007,0.0,0.0,0.0,423.09850000000006,0.43310000000000004,423.5316000000001,435.5332
2026,0.3093,0.0036,0.3129,0.0563,0.9884947267497604,0.011505273250239692,16.983,2.2219,1053.9827,1036.9997,0.0,0.0,0.0,1053.9827,2.2218999999999998,1056.2046,1105.2084
2027,0.1773,0.0002,0.1775,0.0319,0.9988732394366199,0.0011267605633802818,9.819,0.1156,104.8181,94.9991,0.0,0.0,0.0,104.81810000000002,0.11560000000000001,104.93370000000002,108.9321
2028,0.2348,0.0016,0.2364,0.0425,0.9932318104906938,0.006768189509306261,12.7854,1.0019,950.7861,938.0007,0.0,0.0,0.0,950.7860999999999,1.0019,951.7879999999999,980.7873
2029,0.4892,0.0002,0.4894,0.0881,0.9995913363302003,0.0004086636697997548,27.8046,0.1564,232.8046,205.0,0.0,0.0,0.0,232.8046,0.15639999999999998,232.96099999999998,237.4643
2030,0.1867,0.0018,0.1885,0.0339,0.9904509283819629,0.009549071618037135,10.4274,1.1862,662.4269,651.9995,0.0,0.0,0.0,662.4268999999999,1.1862000000000001,663.6130999999999,690.109
2031,0.2131,0.0001,0.2131,0.0384,1.0,0.0004692632566870014,12.7854,0.0301,17.7861,5.0007,0.0,0.0,0.0,17.7861,0.030100000000000002,17.816200000000002,17.8162
2032,0.1562,0.0119,0.1681,0.0303,0.9292088042831648,0.07079119571683522,8.8002,7.5229,1286.7998,1277.9996,0.0,0.0,0.0,1286.7998000000002,7.522900000000001,1294.3227000000002,1326.3192
2033,0.4318,0.0001,0.4318,0.0777,1.0,0.0002315886984715146,24.3288,0.0316,26.329,2.0002,0.0,0.0,0.0,26.329,0.031599999999999996,26.3606,26.3633
2034,0.5019,0.0013,0.5032,0.0906,0.9974165341812401,0.0025834658187599362,28.0368,0.7861,504.036,475.9992,0.0,0.0,0.0,504.03600000000006,0.7861,504.82210000000003,520.8245
2035,0.4273,0.0021,0.4293,0.0773,0.9953412532028885,0.004891684136967155,23.4648,1.2719,1274.4648,1251.0,0.0,0.0,0.0,1274.4648,1.2718999999999998,1275.7367,1294.2353
2036,0.3111,0.0038,0.3149,0.0567,0.9879326770403302,0.012067322959669736,17.3772,2.3491,953.378,936.0008,0.0,0.0,0.0,953.3780000000002,2.3491000000000004,955.7271000000002,983.7291
2037,0.2923,0.0002,0.2925,0.0527,0.9993162393162394,0.0006837606837606839,17.3772,0.1443,114.3777,97.0005,0.0,0.0,0.0,114.3777,0.1443,114.522,115.5179
2038,0.4092,0.0046,0.4138,0.0745,0.9888835186080233,0.011116481391976801,23.4648,2.7214,1442.4651,1419.0003,0.0,0.0,0.0,1442.4651,2.7214,1445.1864999999998,1463.6848
2039,0.3894,0.0001,0.3895,0.0701,0.9997432605905007,0.00025673940949935817,20.853,0.0897,98.8534,78.0004,0.0,0.0,0.0,98.8534,0.0897,98.94309999999999,100.4385
2040,0.3759,0.0004,0.3764,0.0678,0.9986716259298618,0.0010626992561105207,20.4714,0.2746,326.4708,305.9994,0.0,0.0,0.0,326.47079999999994,0.27459999999999996,326.74539999999996,331.7499
2041,0.2523,0.0,0.2523,0.0454,1.0,0.0,15.138,0.0221,15.138,0.0,0.0,0.0,0.0,15.137999999999998,0.0221,15.160099999999998,15.164
2042,0.5273,0.0007,0.528,0.095,0.9986742424242424,0.0013257575757575756,29.4552,0.4439,258.4546,228.9994,0.0,0.0,0.0,258.4546,0.4439,258.8985,269.403
2043,0.3859,0.0006,0.3865,0.0696,0.9984476067270376,0.0015523932729624836,21.744,0.3704,676.7437,654.9997,0.0,0.0,0.0,676.7437,0.37040000000000006,677.1141,694.1164
2044,0.4119,0.0139,0.4258,0.0766,0.9673555659934241,0.03264443400657585,23.4108,9.1227,1391.4103,1367.9995,0.0,0.0,0.0,1391.4103,9.1227,1400.533,1442.5334
2045,0.2532,0.0253,0.2784,0.0501,0.9094827586206896,0.0908764367816092,13.9032,16.3979,1441.9021,1427.9989,0.0,0.0,0.0,1441.9021,16.397900000000003,1458.3,1493.7969
2046,0.4656,0.0,0.4656,0.0838,1.0,0.0,24.3288,0.0177,29.3291,5.0003,0.0,0.0,0.0,29.329100000000004,0.017699999999999997,29.346800000000005,29.3507
2047,0.4639,0.0012,0.4651,0.0837,0.9974199096968394,0.0025800903031606105,25.4736,0.7609,712.474,687.0004,0.0,0.0,0.0,712.474,0.7608999999999999,713.2349,730.2328
2048,0.5265,0.0,0.5265,0.0948,1.0,0.0,27.2934,0.0169,34.2937,7.0003,0.0,0.0,0.0,34.2937,0.016900000000000002,34.3106,34.3129
2049,0.2063,0.0001,0.2063,0.0371,1.0,0.0004847309743092584,10.6092,0.0367,21.6087,10.9995,0.0,0.0,0.0,21.6087,0.036699999999999997,21.6454,21.6479
2050,0.515,0.0014,0.5164,0.0929,0.9972889233152595,0.0027110766847405115,28.7694,0.8491,772.769,743.9996,0.0,0.0,0.0,772.769,0.8491,773.6181,789.1217
2051,0.2517,0.0,0.2517,0.0453,1.0,0.0,13.59,0.0221,58.5897,44.9997,0.0,0.0,0.0,58.58970000000001,0.0221,58.61180000000001,58.6074
2052,0.5149,0.0048,0.5196,0.0935,0.9909545804464974,0.009237875288683603,28.0368,3.1463,1302.0357,1273.9989,0.0,0.0,0.0,1302.0357,3.1462999999999997,1305.182,1322.1864
2053,0.2532,0.0002,0.2534,0.0456,0.9992107340173637,0.0007892659826361484,13.9032,0.1379,91.9025,77.9993,0.0,0.0,0.0,91.9025,0.1379,92.0404,92.0416
2054,0.4066,0.0016,0.4081,0.0735,0.9963244302866945,0.0039206076941926,22.9086,0.9304,876.909,854.0004,0.0,0.0,0.0,876.9089999999999,0.9304,877.8393999999998,900.3431
2055,0.2348,0.0,0.2348,0.0423,1.0,0.0,12.7854,0.0251,27.7862,15.0008,0.0,0.0,0.0,27.7862,0.025099999999999997,27.8113,27.8078
2056,0.1585,0.0,0.1586,0.0285,0.9993694829760404,0.0,8.4906,0.0132,19.491,11.0004,0.0,0.0,0.0,19.491,0.013200000000000002,19.5042,19.501
2057,0.3896,0.0322,0.4218,0.0759,0.923660502607871,0.07633949739212897,21.2166,19.9196,1458.2171,1437.0005,0.0,0.0,0.0,1458.2170999999998,19.9196,1478.1366999999998,1515.1327
2058,0.5544,0.0002,0.5546,0.0998,0.999639379733141,0.0003606202668589975,30.7062,0.1439,140.706,109.9998,0.0,0.0,0.0,140.706,0.1439,140.8499,142.3505
2059,0.3949,0.0002,0.3951,0.0711,0.9994937990382181,0.0005062009617818274,20.4714,0.1458,218.471,197.9996,0.0,0.0,0.0,218.47100000000003,0.1458,218.61680000000004,221.1206
2060,0.4336,0.0,0.4336,0.078,1.0,0.0,24.2208,0.0117,63.2213,39.0005,0.0,0.0,0.0,63.2213,0.0117,63.233,63.229
2061,0.1682,0.0002,0.1684,0.0303,0.998812351543943,0.0011876484560570072,9.819,0.1132,120.8184,110.9994,0.0,0.0,0.0,120.81840000000001,0.11320000000000001,120.93160000000002,124.4343
2062,0.3071,0.0,0.3071,0.0553,1.0,0.0,16.722,0.0315,51.7217,34.9997,0.0,0.0,0.0,51.7217,0.0315,51.7532,52.7525
2063,0.4379,0.0001,0.438,0.0788,0.9997716894977169,0.00022831050228310504,24.462,0.0405,80.4617,55.9997,0.0,0.0,0.0,80.46170000000001,0.0405,80.5022,80.9998
2064,0.4444,0.0004,0.4449,0.0801,0.9988761519442572,0.0008990784445942908,26.181,0.2709,78.1817,52.0007,0.0,0.0,0.0,78.18169999999999,0.27090000000000003,78.45259999999999,82.4562
2065,0.1177,0.0033,0.1209,0.0218,0.9735318444995865,0.02729528535980149,6.6888,2.1062,900.6886,893.9998,0.0,0.0,0.0,900.6886,2.1062000000000003,902.7947999999999,922.7956
2066,0.1717,0.0253,0.197,0.0355,0.8715736040609137,0.12842639593908628,9.5904,15.7912,1413.5897,1403.9993,0.0,0.0,0.0,1413.5896999999998,15.7912,1429.3808999999997,1509.3776
2067,0.3406,0.0002,0.3408,0.0614,0.9994131455399061,0.0005868544600938967,19.026,0.1533,229.0258,209.9998,0.0,0.0,0.0,229.02580000000006,0.1533,229.17910000000006,231.6811
2068,0.4082,0.003,0.4112,0.074,0.992704280155642,0.007295719844357977,23.4108,1.8157,916.4102,892.9994,0.0,0.0,0.0,916.4102,1.8157,918.2259,954.7234
2069,0.1234,0.0009,0.1242,0.0224,0.9935587761674718,0.007246376811594202,6.9516,0.5149,402.9512,395.9996,0.0,0.0,0.0,402.9512,0.5149,403.4661,415.4677
2070,0.5004,0.0193,0.5197,0.0935,0.9628631903020972,0.03713680969790264,27.2484,12.2418,1466.2484,1439.0,0.0,0.0,0.0,1466.2484,12.2418,1478.4902,1508.9918
2071,0.2506,0.0005,0.2511,0.0452,0.9980087614496217,0.0019912385503783356,13.6476,0.2701,243.647,229.9994,0.0,0.0,0.0,243.647,0.2701,243.9171,249.9149
2072,0.4237,0.0003,0.4239,0.0763,0.9995281906109932,0.0007077140835102618,23.4648,0.1779,291.465,268.0002,0.0,0.0,0.0,291.46500000000003,0.17789999999999997,291.64290000000005,296.6387
2073,0.396,0.0,0.396,0.0713,1.0,0.0,21.744,0.0099,24.7436,2.9996,0.0,0.0,0.0,24.743599999999997,0.009899999999999997,24.753499999999995,24.7493
2074,0.1895,0.0002,0.1897,0.0342,0.9989457037427517,0.0010542962572482868,10.2348,0.1319,156.2355,146.0007,0.0,0.0,0.0,156.23550000000003,0.13190000000000002,156.36740000000003,160.3659
2075,0.4263,0.0004,0.4267,0.0768,0.9990625732364659,0.0009374267635340989,23.4108,0.2272,203.4102,179.9994,0.0,0.0,0.0,203.4102,0.22719999999999999,203.6374,206.6402
2076,0.1883,0.0134,0.2017,0.0363,0.9335647000495786,0.06643529995042143,10.4274,8.2331,1230.427,1219.9996,0.0,0.0,0.0,1230.4270000000001,8.2331,1238.6601,1264.1584
2077,0.4237,0.0005,0.4242,0.0764,0.9988213107024988,0.0011786892975011785,23.4648,0.341,401.4651,378.0003,0.0,0.0,0.0,401.4651,0.34099999999999997,401.8061,415.8044
2078,0.4298,0.0002,0.43,0.0774,0.9995348837209302,0.00046511627906976747,22.644,0.0918,191.6434,168.9994,0.0,0.0,0.0,191.64340000000004,0.0918,191.73520000000005,197.2372
2079,0.3159,0.0009,0.3168,0.057,0.9971590909090908,0.0028409090909090906,17.0586,0.5868,579.0589,562.0003,0.0,0.0,0.0,579.0589,0.5868,579.6457,598.6495
2080,0.5318,0.0032,0.535,0.0963,0.9940186915887851,0.005981308411214953,29.4552,2.0212,969.4545,939.9993,0.0,0.0,0.0,969.4544999999999,2.0212,971.4757,1002.476
2081,0.3247,0.0038,0.3285,0.0591,0.9884322678843226,0.01156773211567732,17.6814,2.4032,629.6808,611.9994,0.0,0.0,0.0,629.6808000000001,2.4032,632.0840000000001,675.583
2082,0.4351,0.0,0.4351,0.0783,1.0,0.0,22.3758,0.0143,25.3758,3.0,0.0,0.0,0.0,25.375799999999998,0.0143,25.390099999999997,25.8915
2083,0.188,0.0002,0.1882,0.0339,0.9989373007438894,0.0010626992561105207,10.2348,0.1336,139.2353,129.0005,0.0,0.0,0.0,139.2353,0.1336,139.3689,143.3719
2084,0.1575,0.0052,0.1627,0.0293,0.968039336201598,0.03196066379840196,8.8002,3.149,961.7996,952.9994,0.0,0.0,0.0,961.7996,3.1489999999999996,964.9486,1001.9487
2085,0.2904,0.0002,0.2906,0.0523,0.9993117687543013,0.0006882312456985547,16.3638,0.1308,139.3635,122.9997,0.0,0.0,0.0,139.3635,0.1308,139.49429999999998,144.9941
2086,0.5106,0.0007,0.5113,0.092,0.9986309407392921,0.0013690592607079992,28.7694,0.4689,372.7689,343.9995,0.0,0.0,0.0,372.7689,0.4689,373.2378,384.7392
2087,0.492,0.0194,0.5114,0.092,0.9620649198279234,0.037935080172076655,27.2484,12.0878,1385.2485,1358.0001,0.0,0.0,0.0,1385.2485,12.0878,1397.3363,1427.3356
2088,0.4247,0.0,0.4248,0.0765,0.9997645951035782,0.0,22.3758,0.0156,22.3758,0.0,0.0,0.0,0.0,22.375799999999998,0.0156,22.391399999999997,22.394
2089,0.1879,0.0001,0.1879,0.0338,1.0,0.0005321979776476849,9.819,0.0314,21.8188,11.9998,0.0,0.0,0.0,21.8188,0.0314,21.8502,21.855
2090,0.4123,0.008,0.4204,0.0757,0.980732635585157,0.019029495718363463,22.644,5.0458,1342.6438,1319.9998,0.0,0.0,0.0,1342.6437999999998,5.0458,1347.6896,1389.6884
2091,0.4019,0.0001,0.402,0.0724,0.9997512437810944,0.0002487562189054726,23.4648,0.049,138.4652,115.0004,0.0,0.0,0.0,138.46519999999998,0.048999999999999995,138.5142,139.0138
2092,0.3097,0.0143,0.324,0.0583,0.955864197530864,0.0441358024691358,16.722,8.9578,1270.7217,1253.9997,0.0,0.0,0.0,1270.7217,8.9578,1279.6795,1326.6818
2093,0.3315,0.0001,0.3316,0.0597,0.9996984318455971,0.0003015681544028951,19.179,0.0502,112.1791,93.0001,0.0,0.0,0.0,112.1791,0.050199999999999995,112.22930000000001,113.2301
2094,0.21,0.0083,0.2184,0.0393,0.9615384615384615,0.038003663003663,11.7324,5.3624,1255.7325,1244.0001,0.0,0.0,0.0,1255.7325000000003,5.362399999999999,1261.0949000000003,1295.0903
2095,0.3317,0.0007,0.3324,0.0598,0.9978941034897715,0.0021058965102286405,18.6912,0.4599,501.6908,482.9996,0.0,0.0,0.0,501.6908000000001,0.4599,502.1507000000001,515.6516
2096,0.3827,0.0007,0.3833,0.069,0.9984346464909992,0.0018262457605009133,21.1932,0.4106,825.1933,804.0001,0.0,0.0,0.0,825.1933000000001,0.41059999999999997,825.6039000000002,831.6058
2097,0.2454,0.0009,0.2463,0.0443,0.9963459196102314,0.003654080389768575,13.59,0.5776,675.5895,661.9995,0.0,0.0,0.0,675.5895,0.5776,676.1671,700.6692
2098,0.2433,0.0074,0.2507,0.0451,0.9704826485839649,0.029517351416035106,13.59,4.7223,1390.5899,1376.9999,0.0,0.0,0.0,1390.5899000000002,4.722300000000001,1395.3122,1420.8147
2099,0.3747,0.0004,0.3751,0.0675,0.9989336177019461,0.0010663822980538525,20.0664,0.2305,210.0662,189.9998,0.0,0.0,0.0,210.0662,0.23049999999999998,210.29670000000002,219.7928
2100,0.3433,0.0002,0.3435,0.0618,0.9994177583697234,0.0005822416302765647,19.179,0.11,258.1794,239.0004,0.0,0.0,0.0,258.1794,0.11,258.2894,262.7902
2101,0.3636,0.0319,0.3956,0.0712,0.9191102123356926,0.08063700707785641,20.853,19.1894,1387.853,1367.0,0.0,0.0,0.0,1387.853,19.189400000000003,1407.0424,1441.0411
2102,0.4461,0.0012,0.4474,0.0805,0.9970943227536879,0.0026821636119803306,24.921,0.7727,735.921,711.0,0.0,0.0,0.0,735.921,0.7727,736.6937,751.6905
2103,0.1342,0.0001,0.1343,0.0242,0.9992553983618765,0.0007446016381236039,7.0722,0.0339,18.0722,11.0,0.0,0.0,0.0,18.072200000000002,0.0339,18.1061,18.1029
2104,0.1781,0.0016,0.1796,0.0323,0.9916481069042317,0.008908685968819599,10.0332,0.9961,516.0328,505.9996,0.0,0.0,0.0,516.0328000000001,0.9961000000000001,517.0289,532.0247
2105,0.2575,0.0036,0.261,0.047,0.9865900383141762,0.013793103448275862,13.9032,2.1766,1032.9025,1018.9993,0.0,0.0,0.0,1032.9025000000004,2.1766,1035.0791000000004,1070.5754
2106,0.1057,0.0,0.1057,0.019,1.0,0.0,5.436,0.0198,5.436,0.0,0.0,0.0,0.0,5.435999999999999,0.0198,5.455799999999999,6.9527
2107,0.4763,0.0,0.4763,0.0857,1.0,0.0,27.8046,0.0184,34.8046,7.0,0.0,0.0,0.0,34.80459999999999,0.018400000000000003,34.82299999999999,35.3236
2108,0.1864,0.0294,0.2157,0.0388,0.8641631896152063,0.13630041724617523,10.2348,18.7797,1210.235,1200.0002,0.0,0.0,0.0,1210.2350000000001,18.7797,1229.0147000000002,1280.0154
2109,0.3733,0.0069,0.3802,0.0684,0.9818516570226198,0.018148342977380327,20.853,4.4297,1302.8535,1282.0005,0.0,0.0,0.0,1302.8535,4.4297,1307.2831999999999,1337.7843
2110,0.1182,0.0058,0.1239,0.0223,0.953995157384988,0.04681194511702986,6.5448,3.52,1375.5452,1369.0004,0.0,0.0,0.0,1375.5452,3.5199999999999996,1379.0652,1400.5611
2111,0.1057,0.0,0.1057,0.019,1.0,0.0,5.436,0.0192,7.4356,1.9996,0.0,0.0,0.0,7.435599999999999,0.0192,7.454799999999999,7.9543
2112,0.4653,0.0,0.4654,0.0838,0.9997851310700473,0.0,24.921,0.025,39.9209,14.9999,0.0,0.0,0.0,39.9209,0.024999999999999998,39.9459,39.9461
2113,0.5318,0.0139,0.5457,0.0982,0.974528129008613,0.02547187099138721,29.4552,8.5243,875.4547,845.9995,0.0,0.0,0.0,875.4546999999999,8.524300000000002,883.9789999999999,938.4833
2114,0.5639,0.0001,0.564,0.1015,0.9998226950354611,0.00017730496453900713,30.7062,0.0366,30.7058,0.0,0.0,0.0,0.0,30.705799999999996,0.0366,30.742399999999996,30.7467
2115,0.1834,0.0017,0.1852,0.0333,0.990280777537797,0.009179265658747299,10.4274,1.0358,355.4267,344.9993,0.0,0.0,0.0,355.4267,1.0358,356.4625,377.9624
2116,0.2703,0.0001,0.2704,0.0487,0.999630177514793,0.00036982248520710064,13.9032,0.037,16.9025,2.9993,0.0,0.0,0.0,16.902500000000003,0.037,16.939500000000002,16.9438
2117,0.2412,0.0079,0.249,0.0448,0.9686746987951808,0.03172690763052209,13.59,4.911,1379.5899,1365.9999,0.0,0.0,0.0,1379.5899000000002,4.911,1384.5009000000002,1413.9974
2118,0.3576,0.0031,0.3607,0.0649,0.9914056002217908,0.008594399778209038,19.6362,1.9284,524.6363,505.0001,0.0,0.0,0.0,524.6363,1.9284,526.5647,555.5678
2119,0.4403,0.0001,0.4404,0.0793,0.9997729336966394,0.00022706630336058128,22.644,0.0416,62.6438,39.9998,0.0,0.0,0.0,62.64380000000001,0.0416,62.685400000000016,62.6831
2120,0.2424,0.0001,0.2426,0.0437,0.9991755976916735,0.00041220115416323167,13.9032,0.0652,29.9023,15.9991,0.0,0.0,0.0,29.902300000000007,0.06520000000000001,29.96750000000001,31.9688
2121,0.1131,0.0024,0.1154,0.0208,0.9800693240901214,0.020797227036395145,6.0552,1.5442,1039.0554,1033.0002,0.0,0.0,0.0,1039.0554,1.5442000000000002,1040.5996,1079.5983
2122,0.1148,0.0001,0.1149,0.0207,0.9991296779808528,0.0008703220191470844,6.8238,0.076,29.8235,22.9997,0.0,0.0,0.0,29.823500000000006,0.07600000000000001,29.899500000000007,29.8947
2123,0.3138,0.0035,0.3173,0.0571,0.9889694295619288,0.011030570438071225,17.6814,2.1003,1185.6805,1167.9991,0.0,0.0,0.0,1185.6804999999997,2.1003,1187.7807999999998,1211.2791
2124,0.4844,0.0004,0.4848,0.0873,0.9991749174917491,0.0008250825082508251,27.2934,0.258,160.2942,133.0008,0.0,0.0,0.0,160.29420000000002,0.258,160.55220000000003,164.5482
2125,0.1927,0.0001,0.1927,0.0347,1.0,0.0005189413596263622,10.2348,0.034,10.2352,0.0004,0.0,0.0,0.0,10.235199999999999,0.034,10.2692,10.7645
2126,0.4006,0.0,0.4006,0.0721,1.0,0.0,22.3758,0.027,34.3758,12.0,0.0,0.0,0.0,34.3758,0.027000000000000003,34.4028,34.407
2127,0.152,0.0082,0.1602,0.0288,0.9488139825218476,0.05118601747815231,8.4906,4.8779,1236.4914,1228.0008,0.0,0.0,0.0,1236.4913999999999,4.8779,1241.3692999999998,1283.8737
2128,0.157,0.0006,0.1576,0.0284,0.9961928934010152,0.0038071065989847713,9.0828,0.3818,402.0831,393.0003,0.0,0.0,0.0,402.08309999999994,0.38180000000000003,402.46489999999994,417.4609
2129,0.1533,0.0188,0.1721,0.031,0.8907611853573503,0.10923881464264963,8.4906,11.4846,1274.4913,1266.0007,0.0,0.0,0.0,1274.4913000000001,11.484599999999999,1285.9759000000001,1343.4738
2130,0.1057,0.0,0.1057,0.019,1.0,0.0,5.661,0.0103,7.6609,1.9999,0.0,0.0,0.0,7.6609,0.0103,7.6712,7.6748
2131,0.146,0.0072,0.1531,0.0276,0.9536250816459829,0.04702808621815806,8.154,4.5995,1241.1537,1232.9997,0.0,0.0,0.0,1241.1536999999998,4.599500000000001,1245.7531999999999,1272.2556
2132,0.4349,0.0258,0.4607,0.0829,0.9439982635120469,0.05600173648795311,23.8824,17.1,1274.8823,1250.9999,0.0,0.0,0.0,1274.8823,17.099999999999998,1291.9823,1328.4789
2133,0.4165,0.0001,0.4165,0.075,1.0,0.00024009603841536616,23.8824,0.0363,28.8824,5.0,0.0,0.0,0.0,28.882399999999997,0.0363,28.918699999999998,28.9156
2134,0.5455,0.0263,0.5718,0.1029,0.9540048968170689,0.045995103182931096,29.4552,18.1731,1224.4545,1194.9993,0.0,0.0,0.0,1224.4544999999998,18.173099999999998,1242.6275999999998,1288.6256
2135,0.1867,0.0128,0.1995,0.0359,0.9358395989974937,0.06416040100250626,10.4274,8.337,1227.4267,1216.9993,0.0,0.0,0.0,1227.4266999999998,8.337,1235.7636999999997,1283.2619
2136,0.099,0.0042,0.1032,0.0186,0.9593023255813954,0.04069767441860465,5.436,2.7565,1248.4358,1242.9998,0.0,0.0,0.0,1248.4358,2.7564999999999995,1251.1923,1287.6963
2137,0.0973,0.0035,0.1009,0.0182,0.9643211100099107,0.03468780971258672,5.436,2.2116,1168.4358,1162.9998,0.0,0.0,0.0,1168.4357999999997,2.2116,1170.6473999999998,1198.1504
2138,0.3663,0.0002,0.3665,0.066,0.9994542974079127,0.0005457025920873125,21.1932,0.1044,42.1933,21.0001,0.0,0.0,0.0,42.1933,0.10439999999999999,42.2977,42.7932
2139,0.3455,0.0,0.3455,0.0622,1.0,0.0,19.8126,0.0216,24.8131,5.0005,0.0,0.0,0.0,24.8131,0.0216,24.834699999999998,24.8308
2140,0.4006,0.0029,0.4035,0.0726,0.992812887236679,0.007187112763320941,22.3758,1.7752,926.3758,904.0,0.0,0.0,0.0,926.3758,1.7752,928.1510000000001,960.151
2141,0.1827,0.0138,0.1965,0.0354,0.9297709923664121,0.07022900763358778,10.0332,9.0335,1147.0328,1136.9996,0.0,0.0,0.0,1147.0328,9.0335,1156.0663,1195.0626
2142,0.3111,0.0035,0.3146,0.0566,0.9888747616020344,0.011125238397965672,17.3772,2.1922,1199.378,1182.0008,0.0,0.0,0.0,1199.3780000000002,2.1922,1201.5702,1214.5673
2143,0.3465,0.0009,0.3474,0.0625,0.9974093264248705,0.0025906735751295338,19.026,0.5761,1098.0257,1078.9997,0.0,0.0,0.0,1098.0257000000001,0.5760999999999998,1098.6018000000001,1123.6042
2144,0.1041,0.0006,0.1047,0.0188,0.994269340974212,0.0057306590257879654,5.8662,0.3707,541.8664,536.0002,0.0,0.0,0.0,541.8664,0.37070000000000003,542.2371,556.7365
2145,0.2812,0.0007,0.2819,0.0507,0.9975168499467897,0.0024831500532103584,15.9822,0.4338,529.9826,514.0004,0.0,0.0,0.0,529.9826,0.4338,530.4164000000001,541.9162
2146,0.3765,0.0277,0.4042,0.0728,0.9314695695200396,0.06853043047996041,20.853,17.5568,1411.8532,1391.0002,0.0,0.0,0.0,1411.8532,17.5568,1429.41,1449.4094
2147,0.4263,0.025,0.4513,0.0812,0.9446044759583426,0.05539552404165744,23.4108,15.9274,1368.4105,1344.9997,0.0,0.0,0.0,1368.4105000000002,15.9274,1384.3379000000002,1420.8392
2148,0.1761,0.0007,0.1769,0.0318,0.9954776710005653,0.00395703787450537,9.5904,0.4733,665.5896,655.9992,0.0,0.0,0.0,665.5895999999999,0.47330000000000005,666.0628999999999,670.0679
2149,0.3576,0.0,0.3576,0.0644,1.0,0.0,19.6362,0.0178,33.6363,14.0001,0.0,0.0,0.0,33.63629999999999,0.0178,33.65409999999999,33.6547
2150,0.5088,0.0013,0.5101,0.0918,0.9974514801019408,0.0025485198980592038,27.2484,0.8242,560.2489,533.0005,0.0,0.0,0.0,560.2489,0.8242,561.0731000000001,581.0736
2151,0.3252,0.0176,0.3428,0.0617,0.9486581096849475,0.05134189031505251,18.1656,10.8564,1282.1658,1264.0002,0.0,0.0,0.0,1282.1658,10.8564,1293.0221999999999,1350.0245
2152,0.2532,0.0039,0.2571,0.0463,0.984830805134189,0.015169194865810968,14.1444,2.3864,1164.1445,1150.0001,0.0,0.0,0.0,1164.1445,2.3864,1166.5309000000002,1175.0298
2153,0.3138,0.0,0.3138,0.0565,1.0,0.0,17.3772,0.0165,20.3779,3.0007,0.0,0.0,0.0,20.377899999999997,0.016499999999999997,20.394399999999997,20.3988
2154,0.2532,0.0079,0.261,0.047,0.9701149425287355,0.030268199233716476,13.9032,4.9822,1185.9023,1171.9991,0.0,0.0,0.0,1185.9023,4.982200000000001,1190.8845,1205.3889
2155,0.4499,0.0004,0.4503,0.081,0.9991117033089053,0.0008882966910948258,25.5726,0.2202,210.5722,184.9996,0.0,0.0,0.0,210.5722,0.22019999999999998,210.79240000000001,217.789
2156,0.3336,0.0001,0.3337,0.0601,0.9997003296373989,0.00029967036260113877,18.1656,0.0535,22.1657,4.0001,0.0,0.0,0.0,22.1657,0.0535,22.2192,22.2148
2157,0.2046,0.0002,0.2048,0.0369,0.9990234375,0.0009765625,11.7324,0.1512,209.7326,198.0002,0.0,0.0,0.0,209.73260000000002,0.15119999999999997,209.8838,215.8793
2158,0.1786,0.0001,0.1788,0.0322,0.9988814317673379,0.0005592841163310963,10.4274,0.0874,21.4267,10.9993,0.0,0.0,0.0,21.4267,0.0874,21.5141,22.0099
2159,0.1125,0.0026,0.115,0.0207,0.9782608695652174,0.02260869565217391,6.3936,1.5919,857.3933,850.9997,0.0,0.0,0.0,857.3933,1.5918999999999999,858.9852,885.9828
2160,0.104,0.0011,0.105,0.0189,0.9904761904761905,0.010476190476190477,5.661,0.6498,783.6608,777.9998,0.0,0.0,0.0,783.6607999999999,0.6497999999999999,784.3105999999999,802.3123
2161,0.4886,0.0,0.4886,0.088,1.0,0.0,27.2934,0.017,36.294,9.0006,0.0,0.0,0.0,36.294,0.017,36.311,38.8141
2162,0.4844,0.0016,0.486,0.0875,0.9967078189300411,0.003292181069958848,27.2934,1.0326,586.2941,559.0007,0.0,0.0,0.0,586.2941000000001,1.0326,587.3267000000001,610.8264
2163,0.099,0.0009,0.0999,0.018,0.990990990990991,0.009009009009009009,5.436,0.571,481.4359,475.9999,0.0,0.0,0.0,481.43590000000006,0.571,482.0069000000001,500.0075
2164,0.2454,0.0145,0.2599,0.0468,0.9442093112735667,0.055790688726433245,13.59,9.6819,1345.5892,1331.9992,0.0,0.0,0.0,1345.5892,9.681900000000002,1355.2711,1402.7668
2165,0.4128,0.0023,0.4151,0.0747,0.9944591664659118,0.0055408335340881715,23.4648,1.4818,1149.465,1126.0002,0.0,0.0,0.0,1149.465,1.4818,1150.9468,1183.9468
2166,0.1788,0.0014,0.1802,0.0324,0.9922308546059933,0.00776914539400666,9.819,0.8893,313.8184,303.9994,0.0,0.0,0.0,313.81839999999994,0.8893,314.70769999999993,332.2113
2167,0.2984,0.0,0.2985,0.0537,0.9996649916247906,0.0,15.9822,0.0134,20.9826,5.0004,0.0,0.0,0.0,20.9826,0.0134,20.996000000000002,20.9969
2168,0.2995,0.0005,0.2999,0.054,0.9986662220740247,0.0016672224074691564,16.308,0.277,457.3077,440.9997,0.0,0.0,0.0,457.3077,0.27699999999999997,457.5847,480.0872
2169,0.3191,0.002,0.3212,0.0578,0.9934620174346201,0.006226650062266501,17.3772,1.2514,990.378,973.0008,0.0,0.0,0.0,990.378,1.2514,991.6294,1007.1289
2170,0.4727,0.0004,0.4731,0.0852,0.999154512787994,0.0008454872120059184,26.181,0.2408,214.1818,188.0008,0.0,0.0,0.0,214.18179999999995,0.24080000000000001,214.42259999999996,217.4186
2171,0.471,0.0,0.471,0.0848,1.0,0.0,24.2208,0.026,42.2211,18.0003,0.0,0.0,0.0,42.2211,0.025999999999999995,42.2471,43.2509
2172,0.2828,0.0004,0.2832,0.051,0.9985875706214689,0.0014124293785310734,16.3638,0.2539,123.3635,106.9997,0.0,0.0,0.0,123.3635,0.25390000000000007,123.6174,127.1151
2173,0.4972,0.0001,0.4973,0.0895,0.9997989141363361,0.00020108586366378444,25.5726,0.0468,47.5724,21.9998,0.0,0.0,0.0,47.57239999999999,0.046799999999999994,47.619199999999985,48.12
2174,0.1375,0.0001,0.1376,0.0248,0.9992732558139535,0.0007267441860465116,7.0722,0.0344,8.0724,1.0002,0.0,0.0,0.0,8.0724,0.0344,8.1068,8.1019
2175,0.4696,0.0207,0.4904,0.0883,0.9575856443719413,0.042210440456769985,25.5726,13.034,1083.5724,1057.9998,0.0,0.0,0.0,1083.5724,13.033999999999999,1096.6064000000001,1165.1104
2176,0.2467,0.0033,0.25,0.045,0.9868,0.0132,13.9032,1.9858,1009.9025,995.9993,0.0,0.0,0.0,1009.9024999999999,1.9858,1011.8883,1045.8888
2177,0.2752,0.0,0.2752,0.0495,1.0,0.0,14.1516,0.0123,14.1522,0.0006,0.0,0.0,0.0,14.1522,0.0123,14.1645,14.1609
2178,0.3833,0.0003,0.3836,0.0691,0.9992179353493221,0.0007820646506777893,22.3758,0.2208,60.3758,38.0,0.0,0.0,0.0,60.3758,0.2208,60.596599999999995,68.6001
2179,0.2044,0.0006,0.205,0.0369,0.9970731707317073,0.002926829268292683,11.322,0.3365,650.3219,638.9999,0.0,0.0,0.0,650.3219,0.3365,650.6584,665.1538
2180,0.0965,0.001,0.0975,0.0175,0.9897435897435898,0.010256410256410256,5.436,0.622,668.436,663.0,0.0,0.0,0.0,668.4360000000001,0.6219999999999999,669.0580000000001,690.5565
2181,0.5239,0.0076,0.5314,0.0957,0.98588633797516,0.014301844185171246,28.2888,4.8117,1180.2889,1152.0001,0.0,0.0,0.0,1180.2889,4.8117,1185.1006,1208.5971
2182,0.2489,0.0136,0.2625,0.0473,0.9481904761904761,0.051809523809523805,13.9032,8.3395,1348.9025,1334.9993,0.0,0.0,0.0,1348.9025000000001,8.339500000000001,1357.2420000000002,1398.7464
2183,0.3274,0.0004,0.3279,0.059,0.9984751448612382,0.001219884111009454,17.6814,0.2821,57.6806,39.9992,0.0,0.0,0.0,57.6806,0.28209999999999996,57.9627,64.9663
2184,0.3983,0.0001,0.3984,0.0717,0.9997489959839357,0.00025100401606425706,23.4648,0.0578,72.4654,49.0006,0.0,0.0,0.0,72.46540000000002,0.057800000000000004,72.52320000000002,73.0238
2185,0.1253,0.0016,0.1269,0.0228,0.9873916469661149,0.012608353033884948,6.8238,0.9534,637.8234,630.9996,0.0,0.0,0.0,637.8234,0.9534,638.7768,661.28
2186,0.3903,0.0001,0.3904,0.0703,0.9997438524590163,0.00025614754098360657,21.8052,0.051,36.8058,15.0006,0.0,0.0,0.0,36.805800000000005,0.051000000000000004,36.85680000000001,36.8571
2187,0.5227,0.0131,0.5358,0.0964,0.9755505785740948,0.02444942142590519,29.4552,8.2059,1145.4546,1115.9994,0.0,0.0,0.0,1145.4546,8.2059,1153.6605,1181.6613
2188,0.3892,0.0002,0.3894,0.0701,0.9994863893168977,0.0005136106831022085,21.1932,0.0987,66.1935,45.0003,0.0,0.0,0.0,66.1935,0.0987,66.2922,67.7948
2189,0.3486,0.0002,0.3488,0.0628,0.9994266055045872,0.0005733944954128441,19.8126,0.151,339.8133,320.0007,0.0,0.0,0.0,339.8133,0.15100000000000002,339.96430000000004,344.462
2190,0.1929,0.0017,0.1947,0.035,0.9907550077041601,0.008731381612737545,10.872,1.0231,1056.8718,1045.9998,0.0,0.0,0.0,1056.8718000000001,1.0231,1057.8949000000002,1086.8959
2191,0.3794,0.0048,0.3842,0.0691,0.9875065070275899,0.012493492972410203,21.1932,3.1479,1096.1933,1075.0001,0.0,0.0,0.0,1096.1933000000001,3.1479,1099.3412,1139.342
2192,0.3336,0.0001,0.3337,0.0601,0.9997003296373989,0.00029967036260113877,18.1656,0.0459,100.1658,82.0002,0.0,0.0,0.0,100.1658,0.045899999999999996,100.21170000000001,100.216
2193,0.5194,0.0027,0.5221,0.094,0.9948285769009767,0.005171423099023176,28.7694,1.693,1122.7691,1093.9997,0.0,0.0,0.0,1122.7691000000002,1.693,1124.4621000000002,1147.9636
2194,0.4246,0.0001,0.4247,0.0764,0.9997645396750646,0.0002354603249352484,25.4736,0.0791,43.4737,18.0001,0.0,0.0,0.0,43.473699999999994,0.07909999999999999,43.55279999999999,45.0527
2195,0.1287,0.0229,0.1516,0.0273,0.8489445910290238,0.15105540897097625,6.9516,14.7866,1365.9509,1358.9993,0.0,0.0,0.0,1365.9508999999998,14.7866,1380.7374999999997,1400.7337
2196,0.2062,0.0151,0.2213,0.0398,0.9317668323542702,0.06823316764572979,11.322,9.6364,1286.3219,1274.9999,0.0,0.0,0.0,1286.3218999999997,9.636400000000002,1295.9582999999998,1337.9595
2197,0.3014,0.0017,0.3031,0.0546,0.9943912900032993,0.005608709996700759,16.983,1.0758,1181.9826,1164.9996,0.0,0.0,0.0,1181.9826,1.0757999999999999,1183.0584000000001,1218.5557
2198,0.3665,0.0038,0.3702,0.0666,0.9900054024851432,0.010264721772015128,20.4714,2.2008,1019.4705,998.9991,0.0,0.0,0.0,1019.4704999999999,2.2008,1021.6712999999999,1048.6663
2199,0.4736,0.0007,0.4743,0.0854,0.9985241408391314,0.0014758591608686484,25.5726,0.4809,291.5726,266.0,0.0,0.0,0.0,291.57259999999997,0.48090000000000005,292.0535,303.0524
2200,0.3859,0.0011,0.387,0.0697,0.9971576227390181,0.0028423772609819124,21.744,0.6812,526.7435,504.9995,0.0,0.0,0.0,526.7434999999999,0.6812,527.4246999999999,563.9217
2201,0.3084,0.0004,0.3088,0.0556,0.9987046632124352,0.0012953367875647669,17.3772,0.2416,181.3781,164.0009,0.0,0.0,0.0,181.37810000000002,0.2416,181.61970000000002,190.1208
2202,0.4262,0.0,0.4263,0.0767,0.9997654234107436,0.0,25.5726,0.03,29.5723,3.9997,0.0,0.0,0.0,29.572300000000002,0.03,29.602300000000003,29.6004
2203,0.3226,0.0001,0.3227,0.0581,0.9996901146575767,0.0003098853424233034,16.722,0.054,21.7213,4.9993,0.0,0.0,0.0,21.7213,0.054,21.775299999999998,21.7753
2204,0.3592,0.0009,0.3601,0.0648,0.9975006942515969,0.0024993057484032216,20.0664,0.5768,464.0657,443.9993,0.0,0.0,0.0,464.0657,0.5768,464.6425,482.1445
2205,0.291,0.0014,0.2924,0.0526,0.9952120383036935,0.0047879616963064295,15.9822,0.85,824.9828,809.0006,0.0,0.0,0.0,824.9828,0.85,825.8328,854.8321
2206,0.2555,0.0003,0.2558,0.046,0.9988272087568412,0.0011727912431587176,14.1516,0.1587,290.1521,276.0005,0.0,0.0,0.0,290.1521,0.1587,290.31080000000003,290.3124
2207,0.2663,0.0,0.2664,0.0479,0.9996246246246244,0.0,15.138,0.0259,64.1382,49.0002,0.0,0.0,0.0,64.1382,0.0259,64.16409999999999,65.164
2208,0.0978,0.0001,0.0978,0.0176,1.0,0.0010224948875255625,5.8662,0.0457,23.8664,18.0002,0.0,0.0,0.0,23.866400000000002,0.0457,23.912100000000002,24.4093
2209,0.1137,0.0,0.1138,0.0205,0.9991212653778558,0.0,6.8238,0.0314,27.8236,20.9998,0.0,0.0,0.0,27.823600000000003,0.0314,27.855000000000004,27.855
2210,0.3164,0.0039,0.3203,0.0577,0.987823915079613,0.012176084920387138,17.3772,2.3967,997.3779,980.0007,0.0,0.0,0.0,997.3779000000001,2.3967,999.7746000000001,1036.7713
2211,0.1758,0.0018,0.1776,0.032,0.9898648648648649,0.010135135135135134,9.819,1.1361,745.8181,735.9991,0.0,0.0,0.0,745.8180999999998,1.1361,746.9541999999999,766.4581
2212,0.4336,0.0213,0.4548,0.0819,0.9533861037818822,0.04683377308707124,24.2208,12.5198,1078.2211,1054.0003,0.0,0.0,0.0,1078.2211000000002,12.519800000000002,1090.7409000000002,1127.2449
2213,0.4419,0.0,0.442,0.0796,0.9997737556561086,0.0,22.9086,0.0269,50.9088,28.0002,0.0,0.0,0.0,50.90880000000001,0.0269,50.935700000000004,50.9349
2214,0.3232,0.0001,0.3233,0.0582,0.9996906897618312,0.0003093102381688834,17.5986,0.0476,17.5989,0.0003,0.0,0.0,0.0,17.598899999999997,0.0476,17.646499999999996,18.1457
2215,0.3765,0.0001,0.3766,0.0678,0.9997344662772172,0.00026553372278279345,21.2166,0.0393,49.2168,28.0002,0.0,0.0,0.0,49.21679999999999,0.0393,49.25609999999999,52.2594
2216,0.2149,0.0044,0.2194,0.0395,0.979489516864175,0.020054694621695533,12.1104,2.7153,1264.1104,1252.0,0.0,0.0,0.0,1264.1104,2.7153,1266.8257,1306.3288
2217,0.1106,0.0062,0.1167,0.021,0.9477292202227935,0.05312767780634105,6.2298,3.7397,1291.2303,1285.0005,0.0,0.0,0.0,1291.2303,3.7397,1294.97,1316.9668
2218,0.453,0.002,0.455,0.0819,0.9956043956043956,0.004395604395604396,24.462,1.1747,1130.4618,1105.9998,0.0,0.0,0.0,1130.4618,1.1746999999999999,1131.6365,1146.6373
2219,0.1589,0.001,0.1599,0.0288,0.993746091307067,0.006253908692933084,8.8002,0.6535,649.7992,640.999,0.0,0.0,0.0,649.7992,0.6535,650.4527,664.9524
2220,0.2955,0.0002,0.2956,0.0532,0.999661705006766,0.0006765899864682003,16.3638,0.1069,31.3636,14.9998,0.0,0.0,0.0,31.363599999999998,0.1069,31.470499999999998,34.9735
2221,0.5527,0.0,0.5527,0.0995,1.0,0.0,30.0978,0.0156,36.0985,6.0007,0.0,0.0,0.0,36.098499999999994,0.015600000000000001,36.11409999999999,36.1181
2222,0.2475,0.0037,0.2511,0.0452,0.985663082437276,0.014735165272799682,13.59,2.3035,971.5899,957.9999,0.0,0.0,0.0,971.5899,2.3035,973.8933999999999,1007.3978
2223,0.3056,0.0001,0.3057,0.055,0.9996728819103695,0.00032711808963035657,17.6814,0.0322,51.6803,33.9989,0.0,0.0,0.0,51.680299999999995,0.0322,51.7125,52.2093
2224,0.404,0.0001,0.4041,0.0727,0.9997525365008662,0.00024746349913387774,22.3758,0.0495,86.3758,64.0,0.0,0.0,0.0,86.37579999999998,0.049499999999999995,86.42529999999998,87.4296
2225,0.5194,0.0014,0.5208,0.0938,0.9973118279569891,0.0026881720430107525,28.7694,0.8532,613.7689,584.9995,0.0,0.0,0.0,613.7689,0.8532000000000001,614.6221,641.6209
2226,0.1084,0.0006,0.109,0.0196,0.9944954128440366,0.005504587155963302,6.0552,0.3767,403.0552,397.0,0.0,0.0,0.0,403.0552,0.3767,403.43190000000004,408.4307
2227,0.1946,0.0036,0.1982,0.0357,0.9818365287588295,0.018163471241170535,10.872,2.2976,1252.8717,1241.9997,0.0,0.0,0.0,1252.8717,2.2976,1255.1693,1273.67
2228,0.1086,0.0004,0.109,0.0196,0.9963302752293578,0.003669724770642202,6.2298,0.2271,286.23,280.0002,0.0,0.0,0.0,286.23,0.22710000000000002,286.4571,292.4582
2229,0.5744,0.0034,0.5778,0.104,0.9941156109380409,0.005884389061959155,31.2804,2.2309,1075.2801,1043.9997,0.0,0.0,0.0,1075.2801000000002,2.2309,1077.5110000000002,1114.0141
2230,0.3612,0.0011,0.3623,0.0652,0.9969638421197903,0.003036157880209771,20.5326,0.7201,505.5323,484.9997,0.0,0.0,0.0,505.53229999999996,0.7201000000000001,506.25239999999997,520.253
2231,0.4417,0.0009,0.4425,0.0797,0.9981920903954802,0.002033898305084746,24.462,0.5274,877.4614,852.9994,0.0,0.0,0.0,877.4614000000001,0.5274,877.9888000000001,892.4849
2232,0.4878,0.0012,0.489,0.088,0.9975460122699387,0.0024539877300613494,27.2484,0.7511,787.2486,760.0002,0.0,0.0,0.0,787.2485999999999,0.7511,787.9996999999998,804.9956
2233,0.1208,0.0015,0.1223,0.022,0.9877350776778414,0.012264922322158625,6.6888,0.9534,955.6885,948.9997,0.0,0.0,0.0,955.6885,0.9534,956.6419,977.64
2234,0.3014,0.0009,0.3023,0.0544,0.9970228250082699,0.002977174991730069,16.983,0.5854,577.9828,560.9998,0.0,0.0,0.0,577.9828,0.5854,578.5682,595.069
2235,0.4206,0.0002,0.4208,0.0757,0.9995247148288973,0.0004752851711026616,21.8052,0.104,121.8061,100.0009,0.0,0.0,0.0,121.8061,0.104,121.9101,121.9068
2236,0.3404,0.0007,0.3411,0.0614,0.9979478158897683,0.0020521841102316037,18.6912,0.4447,284.6909,265.9997,0.0,0.0,0.0,284.69090000000006,0.4447,285.13560000000007,297.6387
2237,0.4448,0.0204,0.4652,0.0837,0.9561478933791917,0.04385210662080826,24.2208,12.8028,1355.221,1331.0002,0.0,0.0,0.0,1355.221,12.8028,1368.0238,1383.5189
2238,0.5402,0.0072,0.5474,0.0985,0.9868469126781148,0.013153087321885276,30.7062,4.4683,1295.7059,1264.9997,0.0,0.0,0.0,1295.7058999999997,4.4683,1300.1741999999997,1319.6753
2239,0.4807,0.0006,0.4813,0.0866,0.9987533762725951,0.0012466237274049447,26.3988,0.3591,549.3986,522.9998,0.0,0.0,0.0,549.3986,0.3591,549.7577,564.7578
2240,0.4173,0.0001,0.4174,0.0751,0.9997604216578821,0.00023957834211787255,21.8052,0.0566,26.8057,5.0005,0.0,0.0,0.0,26.805700000000005,0.056600000000000004,26.862300000000005,26.8609
2241,0.4538,0.0014,0.4553,0.0819,0.9967054689215902,0.003074895673182517,24.921,0.8981,465.9209,440.9999,0.0,0.0,0.0,465.9209000000001,0.8981,466.8190000000001,477.3155
2242,0.1192,0.0,0.1192,0.0215,1.0,0.0,6.5448,0.028,20.5455,14.0007,0.0,0.0,0.0,20.5455,0.027999999999999997,20.5735,20.5764
2243,0.1899,0.0019,0.1918,0.0345,0.9900938477580814,0.009906152241918665,10.6092,1.2209,891.6084,880.9992,0.0,0.0,0.0,891.6084000000001,1.2208999999999999,892.8293000000001,903.8341
2244,0.251,0.0076,0.2586,0.0466,0.9706109822119103,0.029389017788089715,13.9032,4.8467,1091.9024,1077.9992,0.0,0.0,0.0,1091.9024000000002,4.846700000000001,1096.7491000000002,1130.7537
2245,0.1184,0.0222,0.1406,0.0253,0.8421052631578948,0.15789473684210525,6.3936,14.0071,1244.3931,1237.9995,0.0,0.0,0.0,1244.3931,14.0071,1258.4002,1316.3992
2246,0.3192,0.0067,0.3259,0.0587,0.9794415464866523,0.020558453513347653,17.6814,4.152,1220.6805,1202.9991,0.0,0.0,0.0,1220.6805,4.152,1224.8325,1271.8308
2247,0.2555,0.0151,0.2706,0.0487,0.9441980783444198,0.05580192165558019,14.1516,9.7675,1282.1522,1268.0006,0.0,0.0,0.0,1282.1522,9.7675,1291.9197,1329.4182
2248,0.2269,0.0012,0.2281,0.0411,0.9947391494958351,0.005260850504164839,12.4596,0.8242,756.4604,744.0008,0.0,0.0,0.0,756.4604,0.8242,757.2846000000001,766.7835
2249,0.4349,0.0004,0.4353,0.0784,0.9990810934987365,0.0009189065012634965,23.8824,0.2561,178.8821,154.9997,0.0,0.0,0.0,178.88209999999998,0.2561,179.13819999999998,185.1332
2250,0.2062,0.0082,0.2144,0.0386,0.9617537313432836,0.03824626865671642,11.322,5.6198,1170.3217,1158.9997,0.0,0.0,0.0,1170.3216999999997,5.6198000000000015,1175.9414999999997,1218.4396
2251,0.1575,0.0029,0.1604,0.0289,0.981920199501247,0.01807980049875312,8.8002,1.82,1109.7994,1100.9992,0.0,0.0,0.0,1109.7994,1.82,1111.6194,1126.1198
2252,0.2308,0.0057,0.2365,0.0426,0.9758985200845667,0.024101479915433405,12.7854,3.7718,747.7859,735.0005,0.0,0.0,0.0,747.7859000000001,3.7718,751.5577000000001,781.5625
2253,0.4403,0.0001,0.4404,0.0793,0.9997729336966394,0.00022706630336058128,25.4736,0.0444,50.4737,25.0001,0.0,0.0,0.0,50.473699999999994,0.0444,50.5181,50.5162
2254,0.423,0.0003,0.4234,0.0762,0.9990552668871043,0.0007085498346717052,24.921,0.205,243.9209,218.9999,0.0,0.0,0.0,243.92090000000002,0.20500000000000002,244.12590000000003,247.1309
2255,0.3027,0.0004,0.3032,0.0546,0.9983509234828496,0.0013192612137203166,17.0586,0.2827,159.0589,142.0003,0.0,0.0,0.0,159.05889999999997,0.28270000000000006,159.34159999999997,161.3462
2256,0.2364,0.0061,0.2424,0.0436,0.9752475247524752,0.025165016501650168,13.0914,3.8178,1119.0911,1105.9997,0.0,0.0,0.0,1119.0911,3.8178,1122.9089000000001,1142.4112
2257,0.4228,0.0148,0.4376,0.0788,0.9661791590493601,0.033820840950639856,22.644,9.6755,1171.6435,1148.9995,0.0,0.0,0.0,1171.6435000000004,9.6755,1181.3190000000004,1231.3147
2258,0.4505,0.0008,0.4513,0.0812,0.9982273432306671,0.001772656769333038,24.3288,0.466,590.329,566.0002,0.0,0.0,0.0,590.329,0.466,590.795,603.7959
2259,0.118,0.0,0.118,0.0212,1.0,0.0,6.9516,0.0198,19.9515,12.9999,0.0,0.0,0.0,19.951499999999996,0.019799999999999998,19.971299999999996,21.4666
2260,0.2382,0.0004,0.2386,0.0429,0.9983235540653813,0.0016764459346186086,13.9032,0.2847,85.9024,71.9992,0.0,0.0,0.0,85.9024,0.2847,86.1871,90.6903
2261,0.328,0.0042,0.3322,0.0598,0.9873570138470801,0.012642986152919927,18.1656,2.8028,1191.1658,1173.0002,0.0,0.0,0.0,1191.1658,2.8028,1193.9686,1215.9683
2262,0.3424,0.0001,0.3425,0.0617,0.9997080291970801,0.000291970802919708,19.6362,0.0593,42.6365,23.0003,0.0,0.0,0.0,42.6365,0.059300000000000005,42.6958,44.191
2263,0.5328,0.0007,0.5335,0.096,0.9986879100281164,0.0013120899718837863,28.7694,0.4626,557.7692,528.9998,0.0,0.0,0.0,557.7692,0.4626,558.2317999999999,571.2292
2264,0.5795,0.001,0.5805,0.1045,0.9982773471145564,0.0017226528854435831,31.8258,0.6074,663.8252,631.9994,0.0,0.0,0.0,663.8252,0.6074000000000002,664.4326,683.4287
2265,0.3164,0.0183,0.3348,0.0603,0.9450418160095581,0.05465949820788531,17.3772,10.8885,1143.378,1126.0008,0.0,0.0,0.0,1143.3780000000002,10.8885,1154.2665000000002,1215.7686
2266,0.3545,0.003,0.3575,0.0644,0.9916083916083916,0.008391608391608392,19.6362,1.884,901.6363,882.0001,0.0,0.0,0.0,901.6363000000001,1.8840000000000001,903.5203000000001,943.0223
2267,0.3644,0.0,0.3644,0.0656,1.0,0.0,20.5326,0.0218,35.5321,14.9995,0.0,0.0,0.0,35.5321,0.0218,35.5539,35.5574
2268,0.1827,0.0003,0.183,0.0329,0.9983606557377049,0.001639344262295082,10.0332,0.2229,159.0328,148.9996,0.0,0.0,0.0,159.0328,0.2229,159.25570000000002,166.2533
2269,0.5364,0.0061,0.5425,0.0977,0.9887557603686636,0.011244239631336406,29.4552,3.7942,949.4547,919.9995,0.0,0.0,0.0,949.4546999999999,3.7942,953.2488999999999,970.7502
2270,0.3083,0.0002,0.3086,0.0555,0.9990278677900195,0.0006480881399870384,17.6814,0.1587,161.6804,143.999,0.0,0.0,0.0,161.68040000000002,0.15870000000000004,161.83910000000003,167.3424
2271,0.3435,0.0002,0.3437,0.0619,0.9994180971777714,0.0005819028222286878,19.026,0.1279,174.0258,154.9998,0.0,0.0,0.0,174.0258,0.1279,174.15370000000001,180.6578
2272,0.2364,0.0113,0.2477,0.0446,0.9543802987484861,0.045619701251513926,13.0914,6.7549,1159.0908,1145.9994,0.0,0.0,0.0,1159.0908,6.754900000000001,1165.8456999999999,1198.3453
2273,0.3138,0.0009,0.3147,0.0566,0.9971401334604386,0.002859866539561487,17.3772,0.5648,645.3778,628.0006,0.0,0.0,0.0,645.3778000000002,0.5648000000000001,645.9426000000002,657.4432
2274,0.4727,0.0001,0.4728,0.0851,0.9997884940778342,0.00021150592216582066,26.181,0.065,74.1818,48.0008,0.0,0.0,0.0,74.1818,0.065,74.2468,75.7514
2275,0.3553,0.0001,0.3553,0.064,1.0,0.00028145229383619476,19.026,0.0347,59.0257,39.9997,0.0,0.0,0.0,59.02570000000001,0.0347,59.06040000000001,59.0585
2276,0.3829,0.0069,0.3899,0.0702,0.9820466786355475,0.017696845344960244,20.853,4.4564,1002.8533,982.0003,0.0,0.0,0.0,1002.8533,4.4564,1007.3097,1068.3126
2277,0.303,0.0243,0.3274,0.0589,0.9254734270006107,0.07422113622480146,16.3638,14.3191,1180.3637,1163.9999,0.0,0.0,0.0,1180.3637000000003,14.3191,1194.6828000000003,1245.6814
2278,0.3701,0.0039,0.374,0.0673,0.9895721925133689,0.010427807486631016,20.853,2.316,949.8533,929.0003,0.0,0.0,0.0,949.8533,2.3160000000000003,952.1693,988.6711
2279,0.4153,0.0,0.4153,0.0748,1.0,0.0,24.462,0.0179,28.4611,3.9991,0.0,0.0,0.0,28.4611,0.017900000000000003,28.479,28.4746
2280,0.4023,0.0002,0.4025,0.0724,0.9995031055900621,0.0004968944099378882,20.853,0.1426,50.8532,30.0002,0.0,0.0,0.0,50.8532,0.1426,50.9958,52.4914
2281,0.278,0.0026,0.2806,0.0505,0.9907341411261583,0.009265858873841766,15.138,1.598,1246.1381,1231.0001,0.0,0.0,0.0,1246.1381,1.598,1247.7360999999999,1268.7383
2282,0.2687,0.0001,0.2688,0.0484,0.9996279761904763,0.00037202380952380956,15.138,0.0913,46.1381,31.0001,0.0,0.0,0.0,46.1381,0.0913,46.2294,47.2262
2283,0.1182,0.0,0.1182,0.0213,1.0,0.0,6.5448,0.0157,9.5455,3.0007,0.0,0.0,0.0,9.545499999999999,0.0157,9.5612,9.559
2284,0.3676,0.002,0.3696,0.0665,0.9945887445887446,0.005411255411255412,20.5326,1.3781,1046.5325,1025.9999,0.0,0.0,0.0,1046.5324999999998,1.3780999999999999,1047.9105999999997,1068.91
2285,0.3792,0.002,0.3811,0.0686,0.9950144319076357,0.005247966413014957,21.744,1.1785,975.7434,953.9994,0.0,0.0,0.0,975.7434,1.1784999999999999,976.9218999999999,1006.421
2286,0.1507,0.0005,0.1512,0.0272,0.9966931216931217,0.003306878306878307,8.4906,0.3098,654.4913,646.0007,0.0,0.0,0.0,654.4913,0.3098,654.8011,661.2967
2287,0.1115,0.0001,0.1115,0.0201,1.0,0.0008968609865470852,6.6888,0.0313,6.6886,0.0,0.0,0.0,0.0,6.688599999999999,0.0313,6.719899999999999,6.7175
2288,0.1223,0.0004,0.1227,0.0221,0.9967400162999185,0.0032599837000815,6.9516,0.2609,136.9513,129.9997,0.0,0.0,0.0,136.95130000000003,0.2609,137.21220000000002,148.2159
2289,0.1946,0.0138,0.2084,0.0375,0.9337811900191938,0.06621880998080613,10.872,9.0055,1215.8717,1204.9997,0.0,0.0,0.0,1215.8717,9.005500000000001,1224.8772,1264.3771
2290,0.2812,0.0051,0.2863,0.0515,0.9821865176388404,0.017813482361159625,15.9822,3.3429,646.9827,631.0005,0.0,0.0,0.0,646.9827,3.3428999999999998,650.3256,683.3225
2291,0.3971,0.0,0.3971,0.0715,1.0,0.0,22.3758,0.0156,45.3758,23.0,0.0,0.0,0.0,45.3758,0.015600000000000001,45.3914,45.3937
2292,0.1803,0.0015,0.1818,0.0327,0.9917491749174917,0.008250825082508252,9.819,0.9613,957.818,947.999,0.0,0.0,0.0,957.818,0.9612999999999999,958.7793,974.781
2293,0.2446,0.0001,0.2447,0.044,0.9995913363302003,0.0004086636697997548,14.1516,0.0402,17.1526,3.001,0.0,0.0,0.0,17.1526,0.0402,17.1928,17.1906
2294,0.3499,0.0007,0.3506,0.0631,0.998003422703936,0.0019965772960638902,20.0664,0.4307,856.0657,835.9993,0.0,0.0,0.0,856.0657,0.43069999999999997,856.4964,869.4946
2295,0.5019,0.0093,0.5112,0.092,0.9818075117370892,0.018192488262910797,28.0368,5.8454,1006.0362,977.9994,0.0,0.0,0.0,1006.0361999999999,5.845399999999999,1011.8815999999999,1051.8842
2296,0.4355,0.0309,0.4664,0.084,0.9337478559176673,0.06625214408233276,24.3288,19.9097,1258.329,1234.0002,0.0,0.0,0.0,1258.329,19.9097,1278.2386999999999,1312.7353
2297,0.3669,0.0153,0.3822,0.0688,0.9599686028257457,0.040031397174254316,19.8126,9.2272,1181.8132,1162.0006,0.0,0.0,0.0,1181.8131999999998,9.227200000000002,1191.0403999999999,1241.5376
2298,0.4727,0.0,0.4727,0.0851,1.0,0.0,26.181,0.0144,28.1819,2.0009,0.0,0.0,0.0,28.181899999999995,0.014400000000000001,28.196299999999994,28.2008
2299,0.4752,0.0,0.4752,0.0855,1.0,0.0,27.2484,0.025,46.249,19.0006,0.0,0.0,0.0,46.249,0.024999999999999998,46.274,46.275
2300,0.2263,0.0003,0.2266,0.0408,0.9986760812003531,0.0013239187996469549,11.7324,0.1621,30.7326,19.0002,0.0,0.0,0.0,30.7326,0.1621,30.8947,36.8956
2301,0.1706,0.0,0.1706,0.0307,1.0,0.0,10.2348,0.0169,13.2352,3.0004,0.0,0.0,0.0,13.235199999999999,0.0169,13.252099999999999,13.251
2302,0.1765,0.0007,0.1772,0.0319,0.9960496613995485,0.0039503386004514675,10.0332,0.481,574.0328,563.9996,0.0,0.0,0.0,574.0328,0.4809999999999999,574.5138,593.5138
2303,0.114,0.0,0.114,0.0205,1.0,0.0,6.0552,0.0236,26.0552,20.0,0.0,0.0,0.0,26.0552,0.0236,26.078799999999998,26.0756
2304,0.3759,0.003,0.3789,0.0682,0.9920823436262867,0.00791765637371338,20.4714,1.8556,948.4707,927.9993,0.0,0.0,0.0,948.4707,1.8556,950.3263,977.8291
2305,0.4038,0.0001,0.4039,0.0727,0.9997524139638525,0.0002475860361475613,21.8052,0.0402,42.8057,21.0005,0.0,0.0,0.0,42.8057,0.0402,42.8459,42.8501
2306,0.457,0.0002,0.4572,0.0823,0.999562554680665,0.0004374453193350831,23.8824,0.1283,121.8823,97.9999,0.0,0.0,0.0,121.88230000000001,0.12830000000000003,122.01060000000001,122.0124
2307,0.3192,0.0134,0.3327,0.0599,0.9594229035166817,0.04027652539825669,17.6814,8.4767,1223.6805,1205.9991,0.0,0.0,0.0,1223.6805,8.4767,1232.1571999999999,1262.1608
2308,0.1867,0.0032,0.1899,0.0342,0.9831490258030542,0.01685097419694576,10.4274,2.0389,929.4266,918.9992,0.0,0.0,0.0,929.4266,2.0389,931.4655,959.4607
2309,0.2968,0.0032,0.3,0.054,0.9893333333333334,0.010666666666666668,16.722,1.9441,990.7214,973.9994,0.0,0.0,0.0,990.7214,1.9441,992.6655000000001,1017.1641
2310,0.1773,0.0055,0.1828,0.0329,0.9699124726477025,0.030087527352297593,9.819,3.5595,1041.8178,1031.9988,0.0,0.0,0.0,1041.8178,3.5595,1045.3773,1062.38
2311,0.1575,0.0011,0.1587,0.0286,0.9924385633270321,0.006931316950220542,8.8002,0.7142,830.7993,821.9991,0.0,0.0,0.0,830.7992999999999,0.7142,831.5134999999999,864.0125
2312,0.2995,0.0134,0.3129,0.0563,0.9571748162352188,0.04282518376478108,16.308,8.6484,1179.3074,1162.9994,0.0,0.0,0.0,1179.3073999999997,8.6484,1187.9557999999997,1224.9515
2313,0.2464,0.0271,0.2735,0.0492,0.9009140767824497,0.09908592321755026,13.6476,16.1496,1207.6471,1193.9995,0.0,0.0,0.0,1207.6471,16.1496,1223.7966999999999,1269.2953
2314,0.5278,0.0,0.5278,0.095,1.0,0.0,27.8046,0.0155,28.8046,1.0,0.0,0.0,0.0,28.8046,0.0155,28.8201,29.8176
2315,0.4109,0.0002,0.4111,0.074,0.9995135003648746,0.00048649963512527365,22.3758,0.1257,166.3758,144.0,0.0,0.0,0.0,166.37579999999997,0.1257,166.50149999999996,175.5054
2316,0.1131,0.0001,0.1132,0.0204,0.9991166077738517,0.00088339222614841,6.5448,0.0606,26.5456,20.0008,0.0,0.0,0.0,26.5456,0.060599999999999994,26.6062,26.605
2317,0.4101,0.0015,0.4116,0.0741,0.9963556851311953,0.0036443148688046646,22.9086,0.9654,882.9091,860.0005,0.0,0.0,0.0,882.9090999999999,0.9654,883.8744999999999,914.3792
2318,0.249,0.0023,0.2512,0.0452,0.9912420382165605,0.009156050955414014,14.1516,1.3837,1144.1522,1130.0006,0.0,0.0,0.0,1144.1522,1.3837,1145.5359,1162.0401
2319,0.2353,0.0006,0.236,0.0425,0.9970338983050848,0.002542372881355932,13.3776,0.4181,357.3772,343.9996,0.0,0.0,0.0,357.3772,0.4181,357.7953,361.7907
2320,0.3633,0.0316,0.395,0.0711,0.9197468354430379,0.08,20.4714,19.6942,1050.4702,1029.9988,0.0,0.0,0.0,1050.4701999999997,19.6942,1070.1643999999997,1102.6615
2321,0.4878,0.0194,0.5072,0.0913,0.9617507886435331,0.03824921135646688,27.2484,12.3531,1183.249,1156.0006,0.0,0.0,0.0,1183.2489999999998,12.3531,1195.6020999999998,1226.0978
2322,0.308,0.0018,0.3098,0.0558,0.9941897998708844,0.005810200129115558,17.0586,1.1104,885.0587,868.0001,0.0,0.0,0.0,885.0587,1.1104,886.1691000000001,914.6676
2323,0.1161,0.0006,0.1168,0.021,0.9940068493150684,0.005136986301369863,6.5448,0.4041,759.5456,753.0008,0.0,0.0,0.0,759.5456000000001,0.40409999999999996,759.9497000000001,776.951
2324,0.2415,0.0034,0.245,0.0441,0.9857142857142857,0.013877551020408163,13.3776,2.0212,1086.3774,1072.9998,0.0,0.0,0.0,1086.3773999999999,2.0212,1088.3985999999998,1099.3978
2325,0.5192,0.0002,0.5194,0.0935,0.9996149403157489,0.00038505968425105896,28.0368,0.1062,63.0363,34.9995,0.0,0.0,0.0,63.0363,0.1062,63.1425,67.1454
2326,0.1745,0.0011,0.1756,0.0316,0.9937357630979498,0.006264236902050114,9.3456,0.7435,529.3454,519.9998,0.0,0.0,0.0,529.3453999999999,0.7435,530.0889,555.5857
2327,0.5063,0.0072,0.5136,0.0924,0.9857866043613708,0.014018691588785048,27.8046,4.5398,980.8046,953.0,0.0,0.0,0.0,980.8046000000002,4.5398000000000005,985.3444000000002,1015.8415
2328,0.2943,0.0001,0.2944,0.053,0.9996603260869565,0.0003396739130434783,15.138,0.0416,44.1383,29.0003,0.0,0.0,0.0,44.138299999999994,0.04159999999999999,44.179899999999996,44.181
2329,0.5416,0.0,0.5417,0.0975,0.9998153959756323,0.0,28.7694,0.0149,57.7691,28.9997,0.0,0.0,0.0,57.769099999999995,0.014899999999999998,57.78399999999999,57.7817
2330,0.5062,0.0014,0.5076,0.0914,0.9972419227738375,0.002758077226162332,28.0368,0.8623,835.0363,806.9995,0.0,0.0,0.0,835.0363000000001,0.8623000000000001,835.8986000000001,853.3977
2331,0.1232,0.0008,0.124,0.0223,0.9935483870967742,0.0064516129032258064,6.8238,0.5031,283.8235,276.9997,0.0,0.0,0.0,283.8235,0.5031,284.32660000000004,302.3227
2332,0.2532,0.0294,0.2826,0.0509,0.8959660297239914,0.10403397027600848,14.1444,19.8119,1083.1444,1069.0,0.0,0.0,0.0,1083.1444000000001,19.8119,1102.9563,1155.9515
2333,0.4205,0.0017,0.4222,0.076,0.995973472288015,0.004026527711984841,24.3288,1.0685,747.3288,723.0,0.0,0.0,0.0,747.3287999999999,1.0685,748.3972999999999,770.3975
2334,0.1948,0.0148,0.2096,0.0377,0.9293893129770993,0.07061068702290077,10.6092,9.6703,1219.6083,1208.9991,0.0,0.0,0.0,1219.6083,9.670300000000001,1229.2786,1253.7761
2335,0.4481,0.0001,0.4482,0.0807,0.9997768853190541,0.00022311468094600627,26.3988,0.0477,73.3984,46.9996,0.0,0.0,0.0,73.3984,0.047700000000000006,73.4461,74.9506
2336,0.5599,0.0019,0.5618,0.1011,0.9966180135279459,0.003381986472054112,31.8258,1.19,437.8252,405.9994,0.0,0.0,0.0,437.8252,1.19,439.0152,457.0114
2337,0.1091,0.0,0.1091,0.0196,1.0,0.0,6.5448,0.0148,25.5453,19.0005,0.0,0.0,0.0,25.545300000000005,0.0148,25.560100000000006,26.0565
2338,0.3245,0.0,0.3245,0.0584,1.0,0.0,17.3772,0.0172,17.3774,0.0002,0.0,0.0,0.0,17.377399999999998,0.0172,17.394599999999997,17.3983
2339,0.2532,0.0274,0.2806,0.0505,0.9023521026372059,0.09764789736279401,13.9032,17.7454,1086.9023,1072.9991,0.0,0.0,0.0,1086.9023000000002,17.7454,1104.6477000000002,1136.1504
2340,0.4454,0.0,0.4455,0.0802,0.9997755331088665,0.0,22.9086,0.0259,26.9092,4.0006,0.0,0.0,0.0,26.9092,0.025899999999999996,26.9351,26.9334
2341,0.3924,0.0001,0.3925,0.0706,0.9997452229299363,0.00025477707006369424,22.9086,0.0321,36.909,14.0004,0.0,0.0,0.0,36.909,0.032100000000000004,36.9411,36.9362
2342,0.2348,0.0007,0.2354,0.0424,0.9974511469838573,0.002973661852166525,12.7854,0.4436,133.7861,121.0007,0.0,0.0,0.0,133.78609999999998,0.4436,134.22969999999998,140.7286
2343,0.4617,0.0217,0.4834,0.087,0.9551096400496484,0.04489035995035168,25.5726,13.5366,1120.5724,1094.9998,0.0,0.0,0.0,1120.5724,13.5366,1134.109,1155.6112
2344,0.4238,0.0299,0.4538,0.0817,0.9338915821947995,0.06588805641251654,23.8824,18.3086,1077.8824,1054.0,0.0,0.0,0.0,1077.8824,18.308600000000002,1096.191,1156.6914
2345,0.1992,0.0011,0.2003,0.0361,0.9945082376435346,0.0054917623564653024,11.322,0.7019,751.3218,739.9998,0.0,0.0,0.0,751.3218,0.7019,752.0237000000001,769.5249
2346,0.3802,0.0104,0.3906,0.0703,0.9733742959549411,0.026625704045058884,21.8052,6.5473,1147.8057,1126.0005,0.0,0.0,0.0,1147.8057,6.547300000000001,1154.3529999999998,1188.3539
2347,0.1948,0.0,0.1949,0.0351,0.999486916367368,0.0,10.6092,0.0233,65.6086,54.9994,0.0,0.0,0.0,65.6086,0.0233,65.6319,66.6305
2348,0.5295,0.0004,0.5299,0.0954,0.9992451405925645,0.0007548594074353652,30.0978,0.266,119.0989,89.0011,0.0,0.0,0.0,119.09890000000001,0.266,119.36490000000002,128.8689
2349,0.3027,0.0031,0.3058,0.055,0.9898626553302813,0.01013734466971877,17.0586,1.9239,968.0589,951.0003,0.0,0.0,0.0,968.0589,1.9239000000000002,969.9828,990.9806
2350,0.1187,0.0029,0.1216,0.0219,0.9761513157894737,0.023848684210526314,6.6888,1.8662,966.6887,959.9999,0.0,0.0,0.0,966.6886999999999,1.8661999999999999,968.5549,985.0509
2351,0.1773,0.0,0.1773,0.0319,1.0,0.0,9.819,0.0144,11.8183,1.9993,0.0,0.0,0.0,11.8183,0.0144,11.8327,11.8321
2352,0.4027,0.0145,0.4171,0.0751,0.9654759050587388,0.0347638456005754,21.744,9.1302,1015.7436,993.9996,0.0,0.0,0.0,1015.7436,9.1302,1024.8738,1063.3773
2353,0.3836,0.0202,0.4038,0.0727,0.9499752352649826,0.05002476473501733,21.8052,13.2236,947.8055,926.0003,0.0,0.0,0.0,947.8054999999999,13.223600000000001,961.0291,1022.0333
2354,0.5295,0.0296,0.5591,0.1006,0.9470577714183508,0.05294222858164908,30.0978,18.8583,1201.0985,1171.0007,0.0,0.0,0.0,1201.0985,18.8583,1219.9568000000002,1242.9569
2355,0.3406,0.0,0.3406,0.0613,1.0,0.0,19.026,0.0102,25.0255,5.9995,0.0,0.0,0.0,25.025499999999997,0.0102,25.0357,25.0334
2356,0.2532,0.0242,0.2774,0.0499,0.912761355443403,0.08723864455659698,13.9032,16.4763,1163.9024,1149.9992,0.0,0.0,0.0,1163.9024,16.4763,1180.3787,1220.3743
2357,0.104,0.0042,0.1081,0.0195,0.9620721554116558,0.03885291396854764,5.661,2.7196,1158.6608,1152.9998,0.0,0.0,0.0,1158.6608,2.7196,1161.3804,1178.8772
2358,0.236,0.0001,0.2361,0.0425,0.9995764506565014,0.0004235493434985176,13.9032,0.0367,49.9026,35.9994,0.0,0.0,0.0,49.90259999999999,0.036699999999999997,49.939299999999996,49.9349
2359,0.1803,0.0027,0.183,0.0329,0.9852459016393442,0.014754098360655738,9.819,1.6932,1003.8182,993.9992,0.0,0.0,0.0,1003.8181999999998,1.6932000000000003,1005.5113999999999,1020.0111
2360,0.4499,0.0056,0.4555,0.082,0.9877058177826564,0.012294182217343578,25.5726,3.4116,1107.5722,1081.9996,0.0,0.0,0.0,1107.5721999999998,3.4116,1110.9837999999997,1135.9804
2361,0.3121,0.0,0.3121,0.0562,1.0,0.0,16.308,0.0095,26.3078,9.9998,0.0,0.0,0.0,26.307799999999997,0.0095,26.317299999999996,26.8164
2362,0.4423,0.0012,0.4435,0.0798,0.9972942502818489,0.0027057497181510706,24.921,0.7852,587.9209,562.9999,0.0,0.0,0.0,587.9209000000001,0.7852,588.7061000000001,609.2065
2363,0.1598,0.0006,0.1604,0.0289,0.9962593516209477,0.003740648379052369,9.0828,0.3352,310.0828,301.0,0.0,0.0,0.0,310.08279999999996,0.33519999999999994,310.41799999999995,327.923
2364,0.3111,0.0018,0.3129,0.0563,0.9942473633748801,0.005752636625119846,17.3772,1.1761,775.3782,758.001,0.0,0.0,0.0,775.3782,1.1761000000000004,776.5543,799.0514
2365,0.3576,0.0013,0.3588,0.0646,0.9966555183946487,0.003623188405797101,19.6362,0.7765,802.6363,783.0001,0.0,0.0,0.0,802.6363000000001,0.7765,803.4128000000002,826.4098
2366,0.1211,0.0008,0.1219,0.0219,0.9934372436423298,0.006562756357670222,6.8238,0.4653,702.8235,695.9997,0.0,0.0,0.0,702.8235,0.4653,703.2887999999999,713.2878
2367,0.5592,0.0054,0.5645,0.1016,0.9906111603188663,0.009565987599645704,30.7062,3.6999,937.7058,906.9996,0.0,0.0,0.0,937.7058000000001,3.6999000000000004,941.4057,975.4035
2368,0.446,0.0004,0.4464,0.0804,0.9991039426523297,0.0008960573476702509,23.8824,0.2678,644.8823,620.9999,0.0,0.0,0.0,644.8823000000002,0.2678,645.1501000000002,655.6526
2369,0.104,0.0009,0.1049,0.0189,0.9914204003813155,0.008579599618684462,5.661,0.6062,751.661,746.0,0.0,0.0,0.0,751.661,0.6062,752.2671999999999,774.7698
2370,0.2784,0.0002,0.2786,0.0501,0.9992821249102655,0.0007178750897343862,14.6664,0.1059,82.6659,67.9995,0.0,0.0,0.0,82.66590000000001,0.1059,82.77180000000001,85.2676
2371,0.5192,0.0006,0.5198,0.0936,0.9988457098884186,0.0011542901115813773,28.0368,0.4097,632.0359,603.9991,0.0,0.0,0.0,632.0359,0.40970000000000006,632.4456,642.4503
2372,0.396,0.0005,0.3965,0.0714,0.9987389659520807,0.0012610340479192938,21.744,0.3087,235.7438,213.9998,0.0,0.0,0.0,235.74379999999996,0.3087,236.05249999999995,248.5488
2373,0.1013,0.002,0.1033,0.0186,0.9806389157792836,0.01936108422071636,5.661,1.222,836.6609,830.9999,0.0,0.0,0.0,836.6609,1.2220000000000002,837.8829,858.8813
2374,0.4119,0.0002,0.4121,0.0742,0.9995146809026935,0.000485319097306479,23.4108,0.1336,99.4099,75.9991,0.0,0.0,0.0,99.40990000000001,0.1336,99.54350000000001,107.5456
2375,0.4578,0.0007,0.4585,0.0825,0.998473282442748,0.0015267175572519084,25.5726,0.4288,674.5723,648.9997,0.0,0.0,0.0,674.5723,0.4287999999999999,675.0011000000001,691.0045
2376,0.3245,0.0,0.3245,0.0584,1.0,0.0,17.3772,0.0172,57.3777,40.0005,0.0,0.0,0.0,57.377700000000004,0.0172,57.39490000000001,59.3989
2377,0.4848,0.0023,0.4871,0.0877,0.9952781769657155,0.004721823034284541,26.3988,1.5354,836.3984,809.9996,0.0,0.0,0.0,836.3983999999999,1.5353999999999999,837.9337999999999,860.9354
2378,0.0931,0.0002,0.0933,0.0168,0.9978563772775992,0.002143622722400858,5.436,0.1377,11.436,6.0,0.0,0.0,0.0,11.435999999999998,0.13770000000000002,11.573699999999999,15.0743
2379,0.3665,0.007,0.3735,0.0672,0.9812583668005355,0.018741633199464525,20.4714,4.6378,924.4702,903.9988,0.0,0.0,0.0,924.4702,4.6377999999999995,929.108,966.6047
2380,0.2412,0.015,0.2561,0.0461,0.9418196017180789,0.05857087075361187,13.59,9.6389,1072.5898,1058.9998,0.0,0.0,0.0,1072.5898000000002,9.6389,1082.2287000000001,1136.7272
2381,0.2365,0.0002,0.2367,0.0426,0.9991550485847064,0.0008449514152936207,12.4596,0.1018,147.4604,135.0008,0.0,0.0,0.0,147.4604,0.10179999999999999,147.5622,152.0601
2382,0.1447,0.0041,0.1488,0.0268,0.9724462365591399,0.02755376344086022,8.154,2.5215,991.1538,982.9998,0.0,0.0,0.0,991.1538,2.5215000000000005,993.6753,1036.6794
2383,0.5806,0.0001,0.5807,0.1045,0.9998277940416739,0.0001722059583261581,30.0978,0.0534,129.0986,99.0008,0.0,0.0,0.0,129.0986,0.0534,129.15200000000002,135.6521
2384,0.1266,0.0135,0.1401,0.0252,0.9036402569593147,0.09635974304068522,6.9516,8.2597,1024.9515,1017.9999,0.0,0.0,0.0,1024.9515,8.2597,1033.2112,1068.2075
2385,0.3592,0.0008,0.36,0.0648,0.9977777777777779,0.0022222222222222222,20.0664,0.4842,628.0658,607.9994,0.0,0.0,0.0,628.0657999999999,0.4842,628.5499999999998,642.553
2386,0.396,0.0002,0.3962,0.0713,0.999495204442201,0.0005047955577990914,21.744,0.146,290.7435,268.9995,0.0,0.0,0.0,290.7435,0.146,290.8895,291.8898
2387,0.4037,0.0,0.4037,0.0727,1.0,0.0,24.2208,0.0247,24.2209,0.0001,0.0,0.0,0.0,24.2209,0.0247,24.2456,24.7409
2388,0.3019,0.0244,0.3263,0.0587,0.9252221881703954,0.07477781182960466,16.722,15.5477,1116.7218,1099.9998,0.0,0.0,0.0,1116.7218,15.5477,1132.2695,1167.7647
2389,0.1946,0.017,0.2116,0.0381,0.9196597353497163,0.08034026465028356,10.872,10.8496,1006.8719,995.9999,0.0,0.0,0.0,1006.8719,10.849599999999999,1017.7215,1053.7209
2390,0.4844,0.0009,0.4853,0.0874,0.9981454770245209,0.001854522975479085,27.2934,0.5807,316.294,289.0006,0.0,0.0,0.0,316.29400000000004,0.5807,316.8747,337.8748
2391,0.1562,0.0003,0.1564,0.0282,0.9987212276214833,0.0019181585677749357,8.8002,0.1609,8.7995,0.0,0.0,0.0,0.0,8.799499999999998,0.16090000000000002,8.960399999999998,8.9625
2392,0.2433,0.002,0.2453,0.0441,0.9918467183041174,0.008153281695882593,13.59,1.297,771.5898,757.9998,0.0,0.0,0.0,771.5898,1.297,772.8868,807.885
2393,0.2134,0.0004,0.2138,0.0385,0.9981290926099159,0.001870907390084191,12.4596,0.256,91.4601,79.0005,0.0,0.0,0.0,91.4601,0.256,91.7161,101.2169
2394,0.1716,0.0023,0.174,0.0313,0.9862068965517242,0.013218390804597703,9.3456,1.4654,822.3452,812.9996,0.0,0.0,0.0,822.3451999999999,1.4654,823.8105999999999,851.3106
2395,0.5046,0.0,0.5046,0.0908,1.0,0.0,29.4552,0.0269,29.4548,0.0,0.0,0.0,0.0,29.454800000000006,0.0269,29.481700000000007,31.9854
2396,0.2467,0.0005,0.2472,0.0445,0.9979773462783171,0.0020226537216828477,14.1444,0.3287,184.1446,170.0002,0.0,0.0,0.0,184.1446,0.3287,184.4733,188.4701
2397,0.3623,0.007,0.3693,0.0665,0.9810452206877877,0.018954779312212292,20.0664,4.3248,952.066,931.9996,0.0,0.0,0.0,952.066,4.3248,956.3908,982.8865
2398,0.1212,0.0004,0.1216,0.0219,0.9967105263157895,0.0032894736842105266,6.5448,0.2351,167.5458,161.001,0.0,0.0,0.0,167.54579999999999,0.2351,167.78089999999997,176.2822
2399,0.3165,0.0041,0.3207,0.0577,0.9869036482694107,0.012784533832241972,17.6814,2.4311,907.6808,889.9994,0.0,0.0,0.0,907.6808000000001,2.4311,910.1119000000001,924.1105
2400,0.182,0.0106,0.1926,0.0347,0.944963655244029,0.055036344755970926,9.5904,6.7191,933.5895,923.9991,0.0,0.0,0.0,933.5894999999999,6.719100000000001,940.3086,992.808
2401,0.1059,0.0019,0.1078,0.0194,0.9823747680890537,0.017625231910946195,5.8662,1.2719,937.8662,932.0,0.0,0.0,0.0,937.8661999999999,1.2718999999999998,939.1380999999999,966.6423
2402,0.3592,0.0117,0.3709,0.0668,0.9684551091938528,0.03154489080614721,20.0664,7.1833,1121.0659,1100.9995,0.0,0.0,0.0,1121.0659,7.1833,1128.2492,1172.7463
2403,0.3028,0.0,0.3028,0.0545,1.0,0.0,18.1656,0.0253,64.1657,46.0001,0.0,0.0,0.0,64.1657,0.0253,64.191,65.194
2404,0.42,0.0012,0.4212,0.0758,0.9971509971509971,0.0028490028490028487,23.4648,0.7496,831.465,808.0002,0.0,0.0,0.0,831.4650000000001,0.7496,832.2146000000001,843.7194
2405,0.3886,0.0001,0.3886,0.07,1.0,0.0002573340195573855,20.4714,0.0369,37.4707,16.9993,0.0,0.0,0.0,37.470699999999994,0.0369,37.5076,38.0119
2406,0.4109,0.0006,0.4115,0.0741,0.9985419198055894,0.0014580801944106925,22.3758,0.3918,796.3758,774.0,0.0,0.0,0.0,796.3758,0.39180000000000004,796.7676,819.2686
2407,0.5727,0.0001,0.5728,0.1031,0.9998254189944135,0.00017458100558659218,29.4552,0.0625,29.4546,0.0,0.0,0.0,0.0,29.4546,0.0625,29.5171,29.515
2408,0.0996,0.0003,0.0999,0.018,0.996996996996997,0.0030030030030030025,5.661,0.1682,67.6608,61.9998,0.0,0.0,0.0,67.66080000000001,0.1682,67.82900000000001,78.3291
2409,0.4962,0.0075,0.5037,0.0907,0.9851101846337105,0.014889815366289456,27.2484,4.6869,1026.2487,999.0003,0.0,0.0,0.0,1026.2487,4.6869000000000005,1030.9356,1068.4378
2410,0.4351,0.0002,0.4352,0.0783,0.9997702205882353,0.0004595588235294118,22.3758,0.1097,22.3758,0.0,0.0,0.0,0.0,22.375799999999998,0.1097,22.4855,24.9896
2411,0.5318,0.0037,0.5355,0.0964,0.9930905695611579,0.006909430438842204,29.4552,2.2203,800.4549,770.9997,0.0,0.0,0.0,800.4549,2.2203000000000004,802.6751999999999,822.6773
2412,0.3084,0.0019,0.3103,0.0559,0.9938768933290364,0.006123106670963583,17.3772,1.2165,653.3776,636.0004,0.0,0.0,0.0,653.3776,1.2165000000000001,654.5941,681.0931
2413,0.4368,0.0,0.4368,0.0786,1.0,0.0,22.644,0.0195,22.6438,0.0,0.0,0.0,0.0,22.6438,0.0195,22.6633,23.6584
2414,0.5017,0.0001,0.5018,0.0903,0.9998007174172977,0.00019928258270227183,28.7694,0.0611,68.7689,39.9995,0.0,0.0,0.0,68.7689,0.0611,68.83,69.3342
2415,0.1915,0.0004,0.1919,0.0345,0.9979155810317875,0.002084418968212611,10.4274,0.2535,261.4267,250.9993,0.0,0.0,0.0,261.42670000000004,0.25349999999999995,261.6802,272.1819
2416,0.3612,0.0001,0.3614,0.065,0.9994465965688988,0.00027670171555063645,20.5326,0.0917,86.5321,65.9995,0.0,0.0,0.0,86.5321,0.0917,86.6238,90.6262
2417,0.1712,0.0003,0.1716,0.0309,0.9976689976689976,0.001748251748251748,9.819,0.2244,255.8182,245.9992,0.0,0.0,0.0,255.81820000000002,0.22440000000000002,256.0426,262.0447
2418,0.2464,0.0029,0.2493,0.0449,0.9883674288006419,0.011632571199358203,13.6476,1.8686,775.6472,761.9996,0.0,0.0,0.0,775.6472,1.8686,777.5158,801.011
2419,0.3485,0.0107,0.3591,0.0646,0.9704817599554442,0.029796714007240325,19.6362,6.5613,940.6364,921.0002,0.0,0.0,0.0,940.6364000000001,6.5613,947.1977,976.6974
2420,0.1375,0.0001,0.1376,0.0248,0.9992732558139535,0.0007267441860465116,7.0722,0.0349,32.0723,25.0001,0.0,0.0,0.0,32.0723,0.0349,32.1072,32.107
2421,0.4552,0.0,0.4552,0.0819,1.0,0.0,23.4108,0.0142,29.4104,5.9996,0.0,0.0,0.0,29.410399999999996,0.014199999999999999,29.424599999999995,29.427
2422,0.4603,0.0,0.4604,0.0829,0.9997827975673328,0.0,26.3988,0.0119,43.3984,16.9996,0.0,0.0,0.0,43.398399999999995,0.011899999999999999,43.41029999999999,43.4138
2423,0.3315,0.0,0.3315,0.0597,1.0,0.0,19.179,0.0119,24.1793,5.0003,0.0,0.0,0.0,24.1793,0.011899999999999999,24.191200000000002,24.1942
2424,0.2114,0.0001,0.2115,0.0381,0.9995271867612293,0.0004728132387706856,11.322,0.0396,58.3219,46.9999,0.0,0.0,0.0,58.3219,0.0396,58.3615,60.3567
2425,0.3604,0.0008,0.3612,0.065,0.9977851605758582,0.0022148394241417496,20.853,0.4867,417.8531,397.0001,0.0,0.0,0.0,417.85310000000004,0.48669999999999997,418.3398,427.3394
2426,0.4004,0.0014,0.4018,0.0723,0.9965156794425086,0.003484320557491289,21.8052,0.8194,458.8056,437.0004,0.0,0.0,0.0,458.8056,0.8193999999999999,459.625,471.1209
2427,0.4886,0.026,0.5146,0.0926,0.9494753206373884,0.05052467936261174,27.2934,16.8801,1062.2943,1035.0009,0.0,0.0,0.0,1062.2942999999998,16.880100000000002,1079.1743999999999,1113.1753
2428,0.2575,0.0001,0.2576,0.0464,0.999611801242236,0.0003881987577639752,13.9032,0.0711,77.9023,63.9991,0.0,0.0,0.0,77.90229999999998,0.0711,77.97339999999998,80.4729
2429,0.4172,0.0016,0.4187,0.0754,0.9964174826844996,0.0038213518032003822,22.9086,0.9615,328.9088,306.0002,0.0,0.0,0.0,328.9088,0.9615,329.8703,346.3752
2430,0.2443,0.0005,0.2448,0.0441,0.9979575163398693,0.002042483660130719,13.6476,0.2873,152.6466,138.999,0.0,0.0,0.0,152.6466,0.28730000000000006,152.9339,152.936
2431,0.1843,0.0002,0.1845,0.0332,0.9989159891598915,0.001084010840108401,10.0332,0.1346,116.033,105.9998,0.0,0.0,0.0,116.03300000000002,0.1346,116.16760000000002,119.6726
2432,0.3552,0.0055,0.3607,0.0649,0.984751871361242,0.015248128638757968,19.179,3.4665,856.1792,837.0002,0.0,0.0,0.0,856.1792,3.466500000000001,859.6457,881.1504
2433,0.3739,0.0012,0.3751,0.0675,0.9968008531058385,0.003199146894161557,20.5326,0.792,754.5324,733.9998,0.0,0.0,0.0,754.5324,0.7919999999999999,755.3244000000001,775.8205
2434,0.1758,0.0031,0.1789,0.0322,0.9826718837339297,0.01732811626607043,9.819,1.9885,917.8182,907.9992,0.0,0.0,0.0,917.8181999999999,1.9885,919.8067,934.8041
2435,0.4552,0.0001,0.4553,0.0819,0.9997803645947727,0.00021963540522732265,23.4108,0.0331,31.4099,7.9991,0.0,0.0,0.0,31.409899999999997,0.033100000000000004,31.442999999999998,32.4473
2436,0.5239,0.0002,0.524,0.0943,0.9998091603053435,0.0003816793893129771,28.2888,0.1225,107.2891,79.0003,0.0,0.0,0.0,107.28910000000002,0.12250000000000001,107.41160000000002,107.9116
2437,0.4678,0.002,0.4698,0.0846,0.9957428693060877,0.004257130693912303,25.4736,1.2918,581.4739,556.0003,0.0,0.0,0.0,581.4739000000001,1.2918,582.7657,611.7647
2438,0.1849,0.0004,0.1853,0.0333,0.9978413383702106,0.0021586616297895305,9.819,0.252,417.8179,407.9989,0.0,0.0,0.0,417.8179,0.252,418.0699,426.0712
2439,0.1144,0.0059,0.1203,0.0217,0.9509559434746467,0.04904405652535328,6.2298,3.8173,973.23,967.0002,0.0,0.0,0.0,973.23,3.8173000000000004,977.0473000000001,1029.049
2440,0.5544,0.0001,0.5545,0.0998,0.999819657348963,0.00018034265103697027,30.7062,0.0336,66.7055,35.9993,0.0,0.0,0.0,66.7055,0.033600000000000005,66.73910000000001,68.2364
2441,0.4644,0.0002,0.4646,0.0836,0.9995695221696081,0.00043047783039173483,26.3988,0.1377,79.3983,52.9995,0.0,0.0,0.0,79.39829999999999,0.1377,79.53599999999999,82.031
2442,0.1974,0.0001,0.1975,0.0355,0.9994936708860759,0.0005063291139240507,11.322,0.0375,19.3217,7.9997,0.0,0.0,0.0,19.321700000000003,0.0375,19.359200000000005,19.3616
2443,0.1758,0.0131,0.1888,0.034,0.9311440677966103,0.06938559322033899,9.819,8.0551,1075.8183,1065.9993,0.0,0.0,0.0,1075.8183,8.0551,1083.8734,1126.8712
2444,0.4082,0.0001,0.4083,0.0735,0.9997550820475141,0.0002449179524859172,23.4108,0.0615,80.4101,56.9993,0.0,0.0,0.0,80.4101,0.0615,80.4716,80.969
2445,0.5696,0.0075,0.5771,0.1039,0.9870039854444638,0.012996014555536303,31.2804,4.7868,1042.2802,1010.9998,0.0,0.0,0.0,1042.2802000000001,4.7868,1047.0670000000002,1066.0642
2446,0.3146,0.0001,0.3146,0.0566,1.0,0.0003178639542275906,16.308,0.0384,41.3075,24.9995,0.0,0.0,0.0,41.3075,0.038400000000000004,41.3459,42.8459
2447,0.1599,0.0002,0.1601,0.0288,0.9987507807620237,0.001249219237976265,8.4906,0.1642,120.4911,112.0005,0.0,0.0,0.0,120.49109999999999,0.16419999999999998,120.65529999999998,124.1583
2448,0.175,0.0008,0.1757,0.0316,0.9960159362549801,0.004553215708594195,10.0332,0.477,600.0331,589.9999,0.0,0.0,0.0,600.0331,0.477,600.5101,617.5127
2449,0.2538,0.0,0.2538,0.0457,1.0,0.0,13.59,0.0175,33.5899,19.9999,0.0,0.0,0.0,33.5899,0.017499999999999998,33.6074,33.606
2450,0.1997,0.0004,0.2,0.036,0.9984999999999999,0.002,10.872,0.2459,337.8718,326.9998,0.0,0.0,0.0,337.87179999999995,0.24589999999999998,338.11769999999996,348.619
2451,0.5497,0.0004,0.5501,0.099,0.9992728594800944,0.0007271405199054717,30.7062,0.253,214.7057,183.9995,0.0,0.0,0.0,214.7057,0.253,214.9587,219.4631
2452,0.4928,0.0051,0.4979,0.0896,0.9897569793131151,0.010243020686884917,27.2934,3.3819,1047.2938,1020.0004,0.0,0.0,0.0,1047.2938,3.3819000000000004,1050.6757,1072.6797
2453,0.1812,0.0008,0.1819,0.0327,0.9961517317207257,0.0043980208905992305,10.0332,0.4582,545.0331,534.9999,0.0,0.0,0.0,545.0331000000001,0.45820000000000005,545.4913000000001,561.4879
2454,0.4393,0.0035,0.4428,0.0797,0.9920957542908763,0.007904245709123757,24.3288,2.2989,783.3289,759.0001,0.0,0.0,0.0,783.3289,2.2988999999999997,785.6278,808.1285
2455,0.1132,0.0001,0.1133,0.0204,0.999117387466902,0.00088261253309797,5.8662,0.0904,49.8663,44.0001,0.0,0.0,0.0,49.86629999999999,0.09040000000000001,49.95669999999999,50.4545
2456,0.2288,0.0045,0.2334,0.042,0.9802913453299058,0.019280205655526992,12.4596,3.0559,871.4604,859.0008,0.0,0.0,0.0,871.4603999999999,3.0559,874.5162999999999,904.5139
2457,0.3728,0.0101,0.383,0.0689,0.9733681462140993,0.026370757180156655,21.1932,6.1951,1092.1933,1071.0001,0.0,0.0,0.0,1092.1933000000001,6.1951,1098.3884,1116.8919
2458,0.3663,0.0,0.3663,0.0659,1.0,0.0,21.1932,0.0113,33.1933,12.0001,0.0,0.0,0.0,33.1933,0.011300000000000001,33.2046,33.2079
2459,0.5108,0.0021,0.5129,0.0923,0.9959056346266328,0.004094365373367128,28.2888,1.3212,638.2889,610.0001,0.0,0.0,0.0,638.2889,1.3212,639.6101,663.6126
2460,0.3212,0.0001,0.3213,0.0578,0.9996887643946468,0.0003112356053532524,17.0586,0.0682,74.0586,57.0,0.0,0.0,0.0,74.0586,0.0682,74.1268,74.1233
2461,0.555,0.0,0.555,0.0999,1.0,0.0,31.8258,0.0212,43.8254,11.9996,0.0,0.0,0.0,43.825399999999995,0.0212,43.846599999999995,43.8459
2462,0.1065,0.0005,0.107,0.0193,0.9953271028037383,0.004672897196261683,6.0552,0.3155,677.0552,671.0,0.0,0.0,0.0,677.0552,0.3155,677.3707,685.8659
2463,0.2869,0.0002,0.2871,0.0517,0.9993033786137233,0.0006966213862765587,16.308,0.1407,306.3078,289.9998,0.0,0.0,0.0,306.30780000000004,0.1407,306.4485,317.9483
2464,0.2149,0.0027,0.2177,0.0392,0.9871382636655949,0.01240238860817639,12.1104,1.6322,854.1105,842.0001,0.0,0.0,0.0,854.1105,1.6322000000000003,855.7427,900.7421
2465,0.2555,0.0001,0.2556,0.046,0.9996087636932708,0.0003912363067292645,14.1516,0.0816,87.1522,73.0006,0.0,0.0,0.0,87.1522,0.0816,87.23379999999999,87.2362
2466,0.2243,0.0066,0.2308,0.0416,0.9718370883882149,0.028596187175043326,13.0914,4.1821,874.0908,860.9994,0.0,0.0,0.0,874.0908000000001,4.1821,878.2729,902.7776
2467,0.4766,0.0023,0.4789,0.0862,0.9951973272081855,0.004802672791814575,26.3988,1.4193,747.398,720.9992,0.0,0.0,0.0,747.3979999999999,1.4193000000000002,748.8172999999999,763.3161
2468,0.1077,0.0006,0.1083,0.0195,0.9944598337950139,0.00554016620498615,5.8662,0.353,425.8663,420.0001,0.0,0.0,0.0,425.86629999999997,0.3529999999999999,426.2193,440.724
2469,0.6188,0.0001,0.6189,0.1114,0.9998384230085636,0.00016157699143641945,31.8258,0.0359,56.8254,24.9996,0.0,0.0,0.0,56.8254,0.0359,56.8613,58.3632
2470,0.5318,0.0053,0.5372,0.0967,0.9899478778853315,0.009865971705137751,29.4552,3.2231,910.4544,880.9992,0.0,0.0,0.0,910.4544,3.2230999999999996,913.6775,937.6799
2471,0.4685,0.0005,0.469,0.0844,0.9989339019189767,0.0010660980810234541,26.3988,0.3419,230.3984,203.9996,0.0,0.0,0.0,230.39839999999998,0.3419,230.7403,243.2394
2472,0.0996,0.0003,0.0999,0.018,0.996996996996997,0.0030030030030030025,5.8662,0.1948,41.8664,36.0002,0.0,0.0,0.0,41.8664,0.19480000000000003,42.0612,42.5563
2473,0.4707,0.0075,0.4782,0.0861,0.9843161856963614,0.015683814303638643,26.7552,4.4753,717.754,690.9988,0.0,0.0,0.0,717.754,4.4753,722.2293,749.2276
2474,0.5341,0.0015,0.5356,0.0964,0.9971994025392085,0.002800597460791636,30.0978,0.957,655.0986,625.0008,0.0,0.0,0.0,655.0986,0.9570000000000001,656.0556,700.0512
2475,0.5402,0.0,0.5402,0.0972,1.0,0.0,30.7062,0.0322,43.7058,12.9996,0.0,0.0,0.0,43.705799999999996,0.032200000000000006,43.738,44.7417
2476,0.4872,0.0067,0.4939,0.0889,0.9864345009111156,0.01356549908888439,26.7552,4.0561,940.7544,913.9992,0.0,0.0,0.0,940.7544,4.056100000000001,944.8105,976.8148
2477,0.4678,0.001,0.4688,0.0844,0.9978668941979523,0.0021331058020477816,25.4736,0.5907,635.4738,610.0002,0.0,0.0,0.0,635.4738000000001,0.5907,636.0645000000001,657.0644
2478,0.2554,0.0158,0.2712,0.0488,0.9417404129793511,0.05825958702064898,14.1444,10.3614,1019.1445,1005.0001,0.0,0.0,0.0,1019.1444999999999,10.3614,1029.5058999999999,1069.0012
2479,0.1192,0.0015,0.1207,0.0217,0.9875724937862469,0.012427506213753107,6.5448,0.8841,686.5456,680.0008,0.0,0.0,0.0,686.5456,0.8841,687.4297,709.4309
2480,0.5497,0.0149,0.5646,0.1016,0.973609635139922,0.026390364860077932,30.7062,9.4937,1070.7061,1039.9999,0.0,0.0,0.0,1070.7060999999999,9.493700000000002,1080.1997999999999,1094.6975
2481,0.4313,0.0004,0.4317,0.0777,0.999073430623118,0.0009265693768820941,22.9086,0.2371,437.9088,415.0002,0.0,0.0,0.0,437.9087999999999,0.2371,438.1458999999999,447.1478
2482,0.1651,0.0,0.1651,0.0297,1.0,0.0,8.4906,0.0213,35.4912,27.0006,0.0,0.0,0.0,35.49119999999999,0.0213,35.51249999999999,35.5158
2483,0.4468,0.0121,0.4588,0.0826,0.97384481255449,0.026373147340889275,24.3288,8.0189,914.3289,890.0001,0.0,0.0,0.0,914.3288999999999,8.0189,922.3477999999999,974.3519
2484,0.1521,0.01,0.1621,0.0292,0.9383096853793955,0.06169031462060457,8.8002,6.3758,975.7993,966.9991,0.0,0.0,0.0,975.7992999999999,6.3758,982.1750999999999,1027.6731
2485,0.4393,0.0294,0.4687,0.0844,0.9372733091529764,0.06272669084702368,24.7536,18.113,997.7529,972.9993,0.0,0.0,0.0,997.7529000000001,18.113,1015.8659,1053.3708
2486,0.5227,0.0009,0.5236,0.0943,0.998281130634072,0.0017188693659281895,29.4552,0.5537,613.455,583.9998,0.0,0.0,0.0,613.4549999999999,0.5537000000000001,614.0087,617.0075
2487,0.2693,0.0001,0.2694,0.0485,0.9996288047512992,0.00037119524870081667,14.6664,0.0496,98.666,83.9996,0.0,0.0,0.0,98.66600000000003,0.049600000000000005,98.71560000000002,99.2149
2488,0.5318,0.0034,0.5352,0.0963,0.9936472346786249,0.006352765321375187,29.4552,2.1545,816.4547,786.9995,0.0,0.0,0.0,816.4546999999999,2.1545,818.6091999999999,842.6085
2489,0.5062,0.0057,0.5119,0.0921,0.9888650126977925,0.011134987302207463,28.0368,3.491,926.0357,897.9989,0.0,0.0,0.0,926.0356999999999,3.491,929.5266999999999,967.5249
2490,0.3168,0.0012,0.3179,0.0572,0.9965397923875433,0.003774771940861906,18.1656,0.7227,714.1657,696.0001,0.0,0.0,0.0,714.1657,0.7227000000000001,714.8884,734.886
2491,0.2601,0.0001,0.2601,0.0468,1.0,0.00038446751249519417,13.59,0.0391,76.5896,62.9996,0.0,0.0,0.0,76.58959999999999,0.0391,76.6287,77.1304
2492,0.5696,0.0009,0.5705,0.1027,0.9984224364592462,0.0015775635407537247,31.2804,0.5586,445.2802,413.9998,0.0,0.0,0.0,445.2802,0.5586,445.8388,460.835
2493,0.4454,0.0018,0.4472,0.0805,0.995974955277281,0.004025044722719142,24.462,1.1595,887.4615,862.9995,0.0,0.0,0.0,887.4615,1.1594999999999998,888.621,909.6229
2494,0.0982,0.0161,0.1143,0.0206,0.8591426071741032,0.14085739282589677,5.436,10.1426,834.4359,828.9999,0.0,0.0,0.0,834.4359,10.142599999999998,844.5785,874.082
2495,0.1277,0.0077,0.1354,0.0244,0.9431314623338258,0.0568685376661743,7.0722,4.8986,865.0723,858.0001,0.0,0.0,0.0,865.0723,4.8986,869.9709,913.9667
2496,0.1112,0.0183,0.1295,0.0233,0.8586872586872586,0.1413127413127413,6.0552,10.6077,1000.0552,994.0,0.0,0.0,0.0,1000.0552,10.6077,1010.6629,1048.6615
2497,0.1584,0.0011,0.1595,0.0287,0.9931034482758622,0.006896551724137931,9.0828,0.6795,685.083,676.0002,0.0,0.0,0.0,685.0830000000001,0.6795000000000001,685.7625,703.2634
2498,0.3336,0.0026,0.3362,0.0605,0.992266508030934,0.007733491969066032,18.1656,1.691,711.1658,693.0002,0.0,0.0,0.0,711.1657999999999,1.691,712.8567999999999,731.3597
2499,0.4813,0.0001,0.4814,0.0867,0.9997922725384296,0.00020772746157041963,24.7536,0.0752,31.7529,6.9993,0.0,0.0,0.0,31.7529,0.07519999999999999,31.8281,31.83
2500,0.5326,0.0001,0.5327,0.0959,0.9998122770790314,0.0001877229209686503,28.2888,0.034,50.289,22.0002,0.0,0.0,0.0,50.289,0.034,50.323,51.819
2501,0.5239,0.0004,0.5243,0.0944,0.9992370780087737,0.0007629219912263971,28.7694,0.233,111.769,82.9996,0.0,0.0,0.0,111.76899999999999,0.233,112.002,113.0031
2502,0.4844,0.0117,0.4961,0.0893,0.976416045152187,0.023583954847812942,27.2934,7.3194,895.2939,868.0005,0.0,0.0,0.0,895.2939,7.319400000000001,902.6133,933.1148
2503,0.203,0.0,0.203,0.0365,1.0,0.0,10.6092,0.0176,14.6087,3.9995,0.0,0.0,0.0,14.608699999999999,0.0176,14.626299999999999,14.6281
2504,0.2118,0.0186,0.2304,0.0415,0.9192708333333333,0.08072916666666666,11.7324,12.3217,943.7327,932.0003,0.0,0.0,0.0,943.7326999999999,12.321700000000002,956.0543999999999,998.5497
2505,0.3604,0.0001,0.3605,0.0649,0.9997226074895978,0.0002773925104022192,20.853,0.0354,23.8535,3.0005,0.0,0.0,0.0,23.8535,0.0354,23.8889,23.8883
2506,0.4386,0.001,0.4396,0.0791,0.9977252047315741,0.002274795268425842,23.8824,0.6184,563.8823,539.9999,0.0,0.0,0.0,563.8823,0.6184000000000001,564.5006999999999,580.5036
2507,0.4207,0.0027,0.4234,0.0762,0.9936230514879547,0.006376948512045347,22.9086,1.7048,901.9092,879.0006,0.0,0.0,0.0,901.9091999999998,1.7048,903.6139999999998,916.1095
2508,0.4523,0.0113,0.4635,0.0834,0.9758360302049621,0.02437971952535059,24.2208,7.035,992.2208,968.0,0.0,0.0,0.0,992.2207999999998,7.035,999.2557999999998,1040.7541
2509,0.5388,0.0031,0.5419,0.0975,0.9942793873408377,0.0057206126591622065,30.0978,1.9599,814.0984,784.0006,0.0,0.0,0.0,814.0983999999999,1.9599,816.0582999999998,832.5541
2510,0.198,0.003,0.2009,0.0362,0.9855649576903933,0.014932802389248384,10.872,1.9153,891.872,881.0,0.0,0.0,0.0,891.8720000000001,1.9153000000000002,893.7873000000001,912.291
2511,0.5402,0.0002,0.5404,0.0973,0.9996299037749815,0.00037009622501850485,30.7062,0.1517,124.7059,93.9997,0.0,0.0,0.0,124.70589999999999,0.1517,124.85759999999999,127.3624
2512,0.1048,0.0159,0.1207,0.0217,0.8682684341342171,0.13173156586578294,5.661,10.1929,888.6609,882.9999,0.0,0.0,0.0,888.6609000000001,10.1929,898.8538000000001,942.3559
2513,0.4023,0.0003,0.4026,0.0725,0.9992548435171386,0.0007451564828614008,21.1932,0.1921,182.1933,161.0001,0.0,0.0,0.0,182.19330000000002,0.1921,182.38540000000003,188.3871
2514,0.5795,0.0008,0.5804,0.1045,0.9984493452791179,0.0013783597518952446,31.8258,0.5252,526.8252,494.9994,0.0,0.0,0.0,526.8252000000001,0.5252,527.3504000000001,532.8533
2515,0.387,0.0024,0.3893,0.0701,0.9940919599280761,0.006164911379398921,21.8052,1.5371,820.8058,799.0006,0.0,0.0,0.0,820.8058,1.5371,822.3429,836.3435
2516,0.3276,0.0,0.3276,0.059,1.0,0.0,16.983,0.0106,16.9826,0.0,0.0,0.0,0.0,16.9826,0.0106,16.9932,16.9922
2517,0.1521,0.0005,0.1526,0.0275,0.9967234600262124,0.00327653997378768,8.8002,0.2977,417.7993,408.9991,0.0,0.0,0.0,417.7993,0.29769999999999996,418.09700000000004,430.0952
2518,0.298,0.0,0.2981,0.0537,0.9996645420999665,0.0,15.5754,0.0229,19.5756,4.0002,0.0,0.0,0.0,19.5756,0.022899999999999997,19.5985,19.5971
2519,0.1277,0.0045,0.1322,0.0238,0.9659606656580938,0.034039334341906195,7.0722,2.863,694.0722,687.0,0.0,0.0,0.0,694.0722000000001,2.8630000000000004,696.9352000000001,715.4392
2520,0.5527,0.0009,0.5536,0.0996,0.9983742774566474,0.0016257225433526012,30.0978,0.5487,582.0985,552.0007,0.0,0.0,0.0,582.0985,0.5487,582.6472,593.643
2521,0.4808,0.0002,0.481,0.0866,0.9995841995841996,0.0004158004158004158,26.181,0.1339,76.1819,50.0009,0.0,0.0,0.0,76.18189999999998,0.13390000000000002,76.31579999999998,76.8139
2522,0.5449,0.0301,0.575,0.1035,0.9476521739130437,0.052347826086956525,30.7062,18.4711,948.706,917.9998,0.0,0.0,0.0,948.706,18.4711,967.1771,1006.6789
2523,0.3165,0.0001,0.3166,0.057,0.9996841440303222,0.00031585596967782694,17.6814,0.0359,63.6803,45.9989,0.0,0.0,0.0,63.68030000000001,0.035899999999999994,63.71620000000001,64.7162
2524,0.4066,0.0051,0.4117,0.0741,0.9876123390818558,0.012387660918144281,22.9086,3.1805,890.909,868.0004,0.0,0.0,0.0,890.909,3.1805000000000003,894.0895,942.5935
2525,0.4508,0.0082,0.459,0.0826,0.9821350762527232,0.01786492374727669,24.7536,5.0463,906.753,881.9994,0.0,0.0,0.0,906.7529999999998,5.0463000000000005,911.7992999999998,936.8031
2526,0.3138,0.0004,0.3142,0.0565,0.9987269255251434,0.0012730744748567792,17.3772,0.2739,154.3776,137.0004,0.0,0.0,0.0,154.3776,0.27390000000000003,154.6515,160.6546
2527,0.2328,0.023,0.2559,0.0461,0.9097303634232121,0.08987885892926924,12.7854,14.0492,973.786,961.0006,0.0,0.0,0.0,973.786,14.0492,987.8352,1017.3398
2528,0.3045,0.0062,0.3107,0.0559,0.9800450595429675,0.019954940457032506,16.722,3.8579,741.7214,724.9994,0.0,0.0,0.0,741.7213999999999,3.8579,745.5792999999999,773.0833
2529,0.2692,0.0,0.2692,0.0485,1.0,0.0,15.5754,0.0151,24.5757,9.0003,0.0,0.0,0.0,24.575700000000005,0.0151,24.590800000000005,24.5907
2530,0.1796,0.0009,0.1805,0.0325,0.9950138504155126,0.004986149584487534,10.0332,0.5712,427.0327,416.9995,0.0,0.0,0.0,427.0327,0.5712,427.60389999999995,438.6063
2531,0.1134,0.0109,0.1244,0.0224,0.9115755627009646,0.08762057877813505,6.2298,7.0276,958.23,952.0002,0.0,0.0,0.0,958.23,7.0276,965.2576,991.7532
2532,0.4955,0.0064,0.5018,0.0903,0.9874451972897568,0.012754085292945397,26.7552,3.8453,959.7542,932.999,0.0,0.0,0.0,959.7542,3.8452999999999995,963.5994999999999,979.101
2533,0.2569,0.0004,0.2574,0.0463,0.9980574980574981,0.001554001554001554,13.6476,0.2841,390.6471,376.9995,0.0,0.0,0.0,390.6471,0.28409999999999996,390.93120000000005,401.9342
2534,0.4237,0.0,0.4237,0.0763,1.0,0.0,23.4648,0.0221,67.4651,44.0003,0.0,0.0,0.0,67.4651,0.022099999999999998,67.4872,68.9921
2535,0.1773,0.0243,0.2016,0.0363,0.8794642857142858,0.12053571428571427,9.819,15.7228,907.8181,897.9991,0.0,0.0,0.0,907.8181,15.722800000000001,923.5409,945.5416
2536,0.297,0.0008,0.2977,0.0536,0.9976486395700368,0.0026872690628149142,16.308,0.5182,376.3075,359.9995,0.0,0.0,0.0,376.3075,0.5182,376.8257,397.3246
2537,0.3545,0.0025,0.3571,0.0643,0.9927191262951555,0.007000840100812098,19.6362,1.6229,791.6364,772.0002,0.0,0.0,0.0,791.6364000000001,1.6229,793.2593,828.7615
2538,0.1682,0.0,0.1682,0.0303,1.0,0.0,9.0828,0.0128,17.0829,8.0001,0.0,0.0,0.0,17.0829,0.012799999999999999,17.095699999999997,17.0938
2539,0.5449,0.0017,0.5467,0.0984,0.9967075178342786,0.00310956648984818,30.7062,1.04,615.7058,584.9996,0.0,0.0,0.0,615.7058000000002,1.04,616.7458000000001,643.2419
2540,0.5181,0.0002,0.5183,0.0933,0.9996141230947329,0.0003858769052672198,27.2934,0.1362,63.294,36.0006,0.0,0.0,0.0,63.294,0.1362,63.4302,63.4294
2541,0.5054,0.0031,0.5085,0.0915,0.9939036381514258,0.0060963618485742384,27.2934,1.9768,720.2939,693.0005,0.0,0.0,0.0,720.2939,1.9768,722.2707,743.7706
2542,0.1507,0.0045,0.1552,0.0279,0.9710051546391752,0.02899484536082474,8.4906,2.8302,869.4915,861.0009,0.0,0.0,0.0,869.4915000000001,2.8302000000000005,872.3217000000001,894.3196
2543,0.1019,0.0,0.1019,0.0183,1.0,0.0,6.0552,0.0243,18.0552,12.0,0.0,0.0,0.0,18.0552,0.024300000000000002,18.0795,18.0763
2544,0.286,0.0189,0.3049,0.0549,0.9380124631026565,0.06198753689734339,15.5754,11.5214,984.5754,969.0,0.0,0.0,0.0,984.5754000000001,11.5214,996.0968,1017.5993
2545,0.4165,0.0001,0.4165,0.075,1.0,0.00024009603841536616,23.8824,0.0363,68.8824,45.0,0.0,0.0,0.0,68.8824,0.0363,68.9187,70.9162
2546,0.4155,0.0064,0.4219,0.0759,0.9848305285612704,0.015169471438729558,23.4108,3.9575,774.4102,750.9994,0.0,0.0,0.0,774.4102,3.9575,778.3677,799.3702
2547,0.2485,0.0004,0.2489,0.0448,0.9983929288871032,0.0016070711128967456,13.6476,0.2519,231.6469,217.9993,0.0,0.0,0.0,231.64690000000002,0.2519,231.89880000000002,241.901
2548,0.2364,0.0231,0.2594,0.0467,0.9113338473400153,0.08905165767154972,13.0914,13.9364,880.091,866.9996,0.0,0.0,0.0,880.0910000000001,13.9364,894.0274000000002,938.5293
2549,0.4696,0.0213,0.491,0.0884,0.9564154786150714,0.04338085539714868,25.5726,13.5119,821.5725,795.9999,0.0,0.0,0.0,821.5725000000001,13.5119,835.0844000000001,891.0881
2550,0.1083,0.0001,0.1084,0.0195,0.9990774907749077,0.000922509225092251,5.661,0.0386,10.6609,4.9999,0.0,0.0,0.0,10.6609,0.0386,10.6995,11.6946
2551,0.1974,0.0003,0.1978,0.0356,0.9979777553083923,0.0015166835187057632,11.322,0.2079,442.3215,430.9995,0.0,0.0,0.0,442.32149999999996,0.20789999999999997,442.52939999999995,450.0251
2552,0.3492,0.0245,0.3737,0.0673,0.9344393898849346,0.06556061011506557,19.179,15.3749,865.1791,846.0001,0.0,0.0,0.0,865.1791000000001,15.374899999999998,880.5540000000001,909.5504
2553,0.2621,0.0,0.2621,0.0472,1.0,0.0,14.1516,0.0188,28.152,14.0004,0.0,0.0,0.0,28.152,0.0188,28.1708,28.1668
2554,0.3926,0.016,0.4086,0.0736,0.9608418991678903,0.03915810083210964,21.744,10.3014,928.7436,906.9996,0.0,0.0,0.0,928.7436,10.301400000000001,939.0450000000001,989.0417
2555,0.1616,0.0003,0.1619,0.0291,0.9981470043236567,0.0018529956763434219,8.8002,0.1701,63.7997,54.9995,0.0,0.0,0.0,63.799699999999994,0.17010000000000003,63.96979999999999,69.4687
2556,0.4748,0.0,0.4748,0.0855,1.0,0.0,26.7552,0.0159,29.7542,2.999,0.0,0.0,0.0,29.754199999999997,0.0159,29.770099999999996,29.7703
2557,0.1194,0.0214,0.1407,0.0253,0.8486140724946696,0.15209665955934612,6.3936,13.2869,871.3935,864.9999,0.0,0.0,0.0,871.3934999999999,13.286900000000001,884.6803999999998,941.178
2558,0.1801,0.0001,0.1802,0.0324,0.9994450610432853,0.0005549389567147614,10.6092,0.0741,77.6081,66.9989,0.0,0.0,0.0,77.6081,0.0741,77.6822,77.6809
2559,0.271,0.0003,0.2713,0.0488,0.9988942130482862,0.0011057869517139697,15.138,0.2013,157.1383,142.0003,0.0,0.0,0.0,157.13830000000002,0.20129999999999998,157.33960000000002,161.8372
2560,0.3707,0.0006,0.3714,0.0668,0.9981152396338179,0.001615508885298869,20.5326,0.3807,321.5321,300.9995,0.0,0.0,0.0,321.5321,0.3807,321.9128,335.4132
2561,0.2269,0.0,0.2269,0.0408,1.0,0.0,12.7854,0.015,16.7861,4.0007,0.0,0.0,0.0,16.7861,0.015,16.8011,17.305
2562,0.2167,0.0,0.2167,0.039,1.0,0.0,11.322,0.0203,20.3218,8.9998,0.0,0.0,0.0,20.321800000000003,0.020300000000000002,20.342100000000002,20.8454
2563,0.0987,0.0,0.0987,0.0178,1.0,0.0,5.661,0.0091,8.6609,2.9999,0.0,0.0,0.0,8.660900000000002,0.009099999999999999,8.670000000000002,8.6713
2564,0.1364,0.0001,0.1365,0.0246,0.9992673992673992,0.0007326007326007326,7.0722,0.0393,32.0722,25.0,0.0,0.0,0.0,32.0722,0.0393,32.1115,32.1068
2565,0.443,0.0004,0.4434,0.0798,0.9990978800180423,0.0009021199819576004,24.3288,0.2538,339.329,315.0002,0.0,0.0,0.0,339.329,0.25379999999999997,339.5828,345.0838
2566,0.3902,0.0,0.3902,0.0702,1.0,0.0,20.0664,0.0296,23.066,2.9996,0.0,0.0,0.0,23.065999999999995,0.029599999999999998,23.095599999999994,23.1004
2567,0.1673,0.0094,0.1767,0.0318,0.9468024900962083,0.05319750990379174,9.3456,6.1686,858.3453,848.9997,0.0,0.0,0.0,858.3453,6.1686000000000005,864.5138999999999,907.5168
2568,0.4707,0.0244,0.4951,0.0891,0.95071702686326,0.04928297313674006,26.7552,15.8975,977.7547,950.9995,0.0,0.0,0.0,977.7547000000002,15.8975,993.6522000000002,1018.1543
2569,0.3298,0.0,0.3299,0.0594,0.9996968778417701,0.0,17.3772,0.0302,40.378,23.0008,0.0,0.0,0.0,40.378,0.0302,40.4082,40.4125
2570,0.4807,0.0048,0.4855,0.0874,0.9901132852729145,0.009886714727085478,26.3988,2.8472,978.3984,951.9996,0.0,0.0,0.0,978.3984,2.8472,981.2456000000001,1002.7446
2571,0.5449,0.0142,0.5591,0.1006,0.974602038991236,0.025397961008764083,30.7062,8.737,810.7059,779.9997,0.0,0.0,0.0,810.7059,8.737,819.4429,852.9437
2572,0.3404,0.0103,0.3506,0.0631,0.9709070165430689,0.029378208784940102,19.179,6.8437,935.1796,916.0006,0.0,0.0,0.0,935.1796,6.8437,942.0233000000001,970.0245
2573,0.3463,0.0007,0.347,0.0625,0.9979827089337177,0.002017291066282421,19.179,0.4377,88.1792,69.0002,0.0,0.0,0.0,88.1792,0.43770000000000003,88.6169,101.6197
2574,0.1746,0.0002,0.1748,0.0315,0.9988558352402745,0.0011441647597254005,9.5904,0.1146,80.5897,70.9993,0.0,0.0,0.0,80.5897,0.1146,80.70429999999999,81.2076
2575,0.5192,0.0011,0.5203,0.0937,0.9978858350951374,0.0021141649048625794,28.0368,0.6959,397.036,368.9992,0.0,0.0,0.0,397.03599999999994,0.6959,397.73189999999994,436.7285
2576,0.3644,0.0014,0.3658,0.0658,0.996172772006561,0.0038272279934390375,20.5326,0.8567,602.5318,581.9992,0.0,0.0,0.0,602.5318000000001,0.8567000000000001,603.3885000000001,624.8928
2577,0.3667,0.0279,0.3945,0.071,0.929531051964512,0.07072243346007605,19.6362,17.5954,876.6363,857.0001,0.0,0.0,0.0,876.6363000000001,17.595399999999998,894.2317000000002,944.2289
2578,0.1059,0.004,0.1099,0.0198,0.9636032757051864,0.03639672429481347,5.8662,2.699,825.8665,820.0003,0.0,0.0,0.0,825.8665000000001,2.699,828.5655,863.5626
2579,0.3375,0.0003,0.3378,0.0608,0.9991119005328598,0.0008880994671403196,18.6912,0.1971,247.6906,228.9994,0.0,0.0,0.0,247.69060000000002,0.1971,247.88770000000002,264.889
2580,0.225,0.0006,0.2256,0.0406,0.9973404255319149,0.0026595744680851063,12.4596,0.4042,426.4605,414.0009,0.0,0.0,0.0,426.4605,0.4042,426.8647,442.8636
2581,0.1234,0.0001,0.1234,0.0222,1.0,0.0008103727714748785,6.9516,0.0324,16.9513,9.9997,0.0,0.0,0.0,16.951299999999996,0.0324,16.983699999999995,16.9788
2582,0.1523,0.0139,0.1662,0.0299,0.9163658243080626,0.08363417569193743,8.154,8.4819,916.1537,907.9997,0.0,0.0,0.0,916.1536999999998,8.4819,924.6355999999998,973.1404
2583,0.56,0.0,0.56,0.1008,1.0,0.0,31.2804,0.0276,59.28,27.9996,0.0,0.0,0.0,59.28,0.027599999999999996,59.3076,59.8032
2584,0.1812,0.0288,0.21,0.0378,0.8628571428571429,0.13714285714285715,10.0332,17.3277,947.0325,936.9993,0.0,0.0,0.0,947.0324999999999,17.3277,964.3602,991.8564
2585,0.2011,0.0,0.2012,0.0362,0.9995029821073559,0.0,10.4274,0.0184,12.4269,1.9995,0.0,0.0,0.0,12.4269,0.018400000000000003,12.4453,12.4452
2586,0.3733,0.0135,0.3868,0.0696,0.9650982419855223,0.03490175801447777,20.853,8.4526,906.8535,886.0005,0.0,0.0,0.0,906.8534999999999,8.4526,915.3060999999999,948.8072
2587,0.3759,0.0,0.376,0.0677,0.9997340425531915,0.0,20.4714,0.0155,33.4709,12.9995,0.0,0.0,0.0,33.4709,0.0155,33.4864,33.4826
2588,0.3522,0.0115,0.3637,0.0655,0.9683805334066538,0.03161946659334616,19.179,7.3016,846.1791,827.0001,0.0,0.0,0.0,846.1791000000001,7.3016,853.4807000000001,911.4779
2589,0.1115,0.0033,0.1148,0.0207,0.9712543554006969,0.028745644599303136,6.2298,1.9625,742.2301,736.0003,0.0,0.0,0.0,742.2301,1.9625,744.1926,770.1954
2590,0.4796,0.008,0.4876,0.0878,0.9835931091058245,0.016406890894175553,25.4736,4.9709,779.4738,754.0002,0.0,0.0,0.0,779.4738000000001,4.9709,784.4447000000001,820.4428
2591,0.4379,0.002,0.4399,0.0792,0.995453512161855,0.004546487838145033,24.462,1.3084,524.4616,499.9996,0.0,0.0,0.0,524.4616,1.3083999999999998,525.77,552.268
2592,0.3576,0.0003,0.3579,0.0644,0.9991617770326906,0.0008382229673093042,19.6362,0.2118,247.6365,228.0003,0.0,0.0,0.0,247.63649999999998,0.21180000000000004,247.8483,250.8506
2593,0.5639,0.0312,0.5951,0.1071,0.9475718366661066,0.05242816333389346,30.7062,19.3847,957.7059,926.9997,0.0,0.0,0.0,957.7059,19.3847,977.0906,994.0887
2594,0.3071,0.0001,0.3072,0.0553,0.9996744791666667,0.00032552083333333337,16.722,0.0623,70.7217,53.9997,0.0,0.0,0.0,70.72170000000001,0.062299999999999994,70.784,71.2855
2595,0.1672,0.0026,0.1698,0.0306,0.9846878680800941,0.015312131919905771,9.5904,1.7217,844.5896,834.9992,0.0,0.0,0.0,844.5896,1.7217,846.3113000000001,881.3112
2596,0.182,0.0002,0.1822,0.0328,0.9989023051591657,0.0010976948408342481,9.5904,0.1187,24.5899,14.9995,0.0,0.0,0.0,24.5899,0.1187,24.7086,27.7134
2597,0.314,0.0006,0.3145,0.0566,0.9984101748807631,0.0019077901430842605,18.1656,0.3748,382.166,364.0004,0.0,0.0,0.0,382.16600000000005,0.37479999999999997,382.54080000000005,397.5425
2598,0.3435,0.007,0.3505,0.0631,0.9800285306704709,0.019971469329529246,19.026,4.4707,883.0255,863.9995,0.0,0.0,0.0,883.0255,4.4707,887.4961999999999,932.5
2599,0.1103,0.0084,0.1187,0.0214,0.9292333614153327,0.07076663858466722,6.0552,5.3981,925.0553,919.0001,0.0,0.0,0.0,925.0553000000001,5.3980999999999995,930.4534000000001,960.955
2600,0.2546,0.0,0.2546,0.0458,1.0,0.0,13.0914,0.0277,38.0911,24.9997,0.0,0.0,0.0,38.0911,0.027700000000000002,38.1188,38.1164
2601,0.5318,0.0013,0.5332,0.096,0.9973743435858966,0.002438109527381845,29.4552,0.8465,519.4545,489.9993,0.0,0.0,0.0,519.4545,0.8465,520.301,528.7964
2602,0.1125,0.0004,0.1129,0.0203,0.9964570416297609,0.00354295837023915,6.3936,0.2368,90.3933,83.9997,0.0,0.0,0.0,90.3933,0.2368,90.6301,93.1268
2603,0.1287,0.0008,0.1295,0.0233,0.9938223938223939,0.006177606177606178,6.9516,0.5131,533.9512,526.9996,0.0,0.0,0.0,533.9512000000001,0.5131,534.4643000000001,553.4608
2604,0.3859,0.0197,0.4056,0.073,0.9514299802761341,0.048570019723865876,21.1932,12.4104,869.1933,848.0001,0.0,0.0,0.0,869.1933,12.4104,881.6037,940.6048
2605,0.4955,0.0126,0.5081,0.0915,0.975201731942531,0.024798268057469004,26.7552,7.6557,896.7544,869.9992,0.0,0.0,0.0,896.7544,7.6556999999999995,904.4101,937.915
2606,0.4275,0.0031,0.4307,0.0775,0.9925702345019735,0.007197585326213141,23.8824,1.8775,775.8824,752.0,0.0,0.0,0.0,775.8824,1.8775,777.7599,792.7642
2607,0.3765,0.0284,0.4049,0.0729,0.9298592244998766,0.0701407755001235,20.853,18.1995,924.8534,904.0004,0.0,0.0,0.0,924.8534,18.1995,943.0528999999999,969.0576
2608,0.3864,0.0069,0.3932,0.0708,0.982706002034588,0.017548321464903358,21.2166,4.5533,803.2168,782.0002,0.0,0.0,0.0,803.2168000000001,4.5533,807.7701000000002,862.274
2609,0.3553,0.0,0.3553,0.064,1.0,0.0,19.026,0.0154,36.0257,16.9997,0.0,0.0,0.0,36.0257,0.015399999999999999,36.0411,36.5388
2610,0.1274,0.003,0.1304,0.0235,0.9769938650306751,0.023006134969325156,6.8238,1.7777,600.8235,593.9997,0.0,0.0,0.0,600.8235,1.7776999999999998,602.6012,625.0978
2611,0.3633,0.0017,0.365,0.0657,0.9953424657534247,0.004657534246575342,20.4714,1.0769,618.4707,597.9993,0.0,0.0,0.0,618.4707,1.0769,619.5476,640.0442
2612,0.4615,0.0001,0.4616,0.0831,0.9997833622183709,0.00021663778162911613,24.921,0.0534,77.9209,52.9999,0.0,0.0,0.0,77.9209,0.0534,77.9743,81.4709
2613,0.3159,0.0004,0.3163,0.0569,0.9987353778058805,0.0012646221941195067,17.0586,0.2817,358.0589,341.0003,0.0,0.0,0.0,358.0589,0.28169999999999995,358.3406,372.3374
2614,0.2993,0.0067,0.3061,0.0551,0.9777850375694218,0.021888271806599153,16.722,4.1796,788.7214,771.9994,0.0,0.0,0.0,788.7213999999999,4.1796,792.901,816.8979
2615,0.401,0.0,0.4011,0.0722,0.99975068561456,0.0,23.4108,0.0311,24.4102,0.9994,0.0,0.0,0.0,24.410199999999996,0.031100000000000003,24.441299999999995,25.944
2616,0.4318,0.0233,0.4551,0.0819,0.948802460997583,0.05119753900241705,24.3288,14.9939,962.329,938.0002,0.0,0.0,0.0,962.3290000000001,14.9939,977.3229000000001,987.82
2617,0.4448,0.0012,0.446,0.0803,0.9973094170403587,0.0026905829596412553,24.2208,0.7566,490.221,466.0002,0.0,0.0,0.0,490.221,0.7565999999999999,490.9776,528.479
2618,0.2467,0.0016,0.2483,0.0447,0.9935561820378574,0.00644381796214257,14.1444,1.017,508.1444,494.0,0.0,0.0,0.0,508.14439999999996,1.0170000000000001,509.16139999999996,524.6655
2619,0.2263,0.0,0.2264,0.0407,0.9995583038869258,0.0,11.7324,0.0202,18.7327,7.0003,0.0,0.0,0.0,18.7327,0.0202,18.7529,19.2538
2620,0.1589,0.0012,0.1601,0.0288,0.9925046845721426,0.0074953154278575886,8.8002,0.7748,470.7997,461.9995,0.0,0.0,0.0,470.79970000000003,0.7747999999999999,471.57450000000006,496.576
2621,0.2475,0.0003,0.2477,0.0446,0.9991925716592652,0.0012111425111021395,13.59,0.1646,207.5899,193.9999,0.0,0.0,0.0,207.5899,0.16459999999999997,207.7545,214.7545
2622,0.1883,0.0009,0.1892,0.0341,0.9952431289640591,0.0047568710359408035,10.6092,0.5715,555.6085,544.9993,0.0,0.0,0.0,555.6084999999999,0.5714999999999999,556.18,569.179
2623,0.1668,0.002,0.1688,0.0304,0.9881516587677726,0.011848341232227487,9.0828,1.291,572.0832,563.0004,0.0,0.0,0.0,572.0832,1.2910000000000001,573.3742000000001,594.374
2624,0.2977,0.0009,0.2985,0.0537,0.9973199329983251,0.003015075376884422,17.3772,0.5666,498.3779,481.0007,0.0,0.0,0.0,498.37789999999995,0.5666,498.94449999999995,511.4407
2625,0.2467,0.0203,0.2669,0.048,0.9243162233046084,0.0760584488572499,14.1444,12.5215,836.1444,822.0,0.0,0.0,0.0,836.1443999999999,12.5215,848.6658999999999,893.666
2626,0.3131,0.0,0.3132,0.0564,0.9996807151979566,0.0,16.3638,0.0156,24.3637,7.9999,0.0,0.0,0.0,24.363699999999994,0.0156,24.379299999999994,24.3831
2627,0.4355,0.001,0.4365,0.0786,0.997709049255441,0.002290950744558992,24.7536,0.7057,476.7528,451.9992,0.0,0.0,0.0,476.7528,0.7057,477.45849999999996,487.4564
2628,0.1834,0.0,0.1835,0.033,0.9994550408719347,0.0,10.4274,0.017,34.4263,23.9989,0.0,0.0,0.0,34.42630000000001,0.017,34.443300000000015,34.4394
2629,0.5019,0.0011,0.503,0.0905,0.9978131212723659,0.002186878727634195,28.0368,0.7189,510.0358,481.999,0.0,0.0,0.0,510.0358,0.7189000000000001,510.7547,546.759
2630,0.2323,0.0007,0.233,0.0419,0.9969957081545064,0.003004291845493562,13.0914,0.4207,479.0911,465.9997,0.0,0.0,0.0,479.0911000000001,0.42069999999999996,479.5118000000001,495.5097
2631,0.3519,0.0002,0.3521,0.0634,0.9994319795512637,0.0005680204487361545,18.6912,0.1087,31.691,12.9998,0.0,0.0,0.0,31.691,0.1087,31.799699999999998,35.7994
2632,0.1559,0.0005,0.1564,0.0282,0.9968030690537084,0.00319693094629156,8.4906,0.3146,310.4911,302.0005,0.0,0.0,0.0,310.4911,0.3146,310.8057,324.3023
2633,0.2283,0.0012,0.2295,0.0413,0.9947712418300654,0.00522875816993464,13.0914,0.7622,637.0912,623.9998,0.0,0.0,0.0,637.0912000000001,0.7622,637.8534000000001,646.3538
2634,0.1059,0.0005,0.1065,0.0192,0.9943661971830986,0.004694835680751174,5.8662,0.3334,481.8663,476.0001,0.0,0.0,0.0,481.86629999999997,0.3334,482.19969999999995,497.2005
2635,0.5355,0.0019,0.5374,0.0967,0.9964644585039076,0.0035355414960922963,30.7062,1.1428,460.7056,429.9994,0.0,0.0,0.0,460.70559999999995,1.1428,461.84839999999997,486.3435
2636,0.4977,0.0037,0.5014,0.0903,0.9926206621459913,0.007379337854008777,28.2888,2.3942,741.2889,713.0001,0.0,0.0,0.0,741.2889,2.3942000000000005,743.6831,761.6858
2637,0.1266,0.0336,0.1602,0.0288,0.7902621722846441,0.2097378277153558,7.0722,20.1546,669.0723,662.0001,0.0,0.0,0.0,669.0723,20.154600000000002,689.2269,754.2279
2638,0.291,0.0243,0.3154,0.0568,0.9226379201014584,0.0770450221940393,15.9822,14.9692,920.9825,905.0003,0.0,0.0,0.0,920.9824999999998,14.969199999999997,935.9516999999998,957.45
2639,0.1827,0.0017,0.1844,0.0332,0.9907809110629067,0.009219088937093275,10.0332,1.139,553.0327,542.9995,0.0,0.0,0.0,553.0327,1.139,554.1717,575.1669
2640,0.1533,0.0037,0.157,0.0283,0.9764331210191082,0.02356687898089172,8.4906,2.413,819.4912,811.0006,0.0,0.0,0.0,819.4911999999999,2.4130000000000003,821.9042,858.9059
2641,0.2517,0.0148,0.2664,0.048,0.9448198198198197,0.05555555555555555,13.59,9.3246,929.5899,915.9999,0.0,0.0,0.0,929.5899,9.3246,938.9145,946.411
2642,0.3515,0.0001,0.3516,0.0633,0.9997155858930602,0.0002844141069397042,19.6362,0.0622,41.6363,22.0001,0.0,0.0,0.0,41.63629999999999,0.06219999999999999,41.69849999999999,43.697
2643,0.472,0.0,0.472,0.085,1.0,0.0,27.8046,0.0153,28.8046,1.0,0.0,0.0,0.0,28.8046,0.015300000000000001,28.8199,28.8226
2644,0.328,0.0219,0.3499,0.063,0.9374106887682195,0.0625893112317805,18.1656,13.6593,855.1659,837.0003,0.0,0.0,0.0,855.1659000000001,13.6593,868.8252000000001,910.33
2645,0.4748,0.0001,0.4749,0.0855,0.9997894293535481,0.00021057064645188463,26.7552,0.0581,73.7544,46.9992,0.0,0.0,0.0,73.7544,0.0581,73.8125,75.3157
2646,0.198,0.0154,0.2134,0.0384,0.9278350515463918,0.07216494845360824,10.872,9.7887,884.8715,873.9995,0.0,0.0,0.0,884.8715000000001,9.7887,894.6602,929.1575
2647,0.3218,0.0,0.3218,0.0579,1.0,0.0,17.3772,0.0172,30.378,13.0008,0.0,0.0,0.0,30.377999999999997,0.0172,30.395199999999996,30.3925
2648,0.4263,0.0002,0.4265,0.0768,0.9995310668229778,0.0004689331770222744,22.644,0.1378,310.6437,287.9997,0.0,0.0,0.0,310.64369999999997,0.1378,310.7815,316.7862
2649,0.4913,0.0026,0.494,0.0889,0.9945344129554656,0.005263157894736842,26.7552,1.6526,665.7549,638.9997,0.0,0.0,0.0,665.7549,1.6526,667.4075,683.9125
2650,0.2269,0.0028,0.2297,0.0413,0.9878101872006966,0.01218981279930344,12.7854,1.7958,572.786,560.0006,0.0,0.0,0.0,572.7860000000001,1.7957999999999998,574.5818,616.0805
2651,0.1758,0.0229,0.1987,0.0358,0.8847508807247108,0.11524911927528939,9.819,14.064,904.8182,894.9992,0.0,0.0,0.0,904.8182,14.064,918.8822,923.387
2652,0.4309,0.0006,0.4315,0.0777,0.9986095017381229,0.0013904982618771725,23.4648,0.3955,448.4655,425.0007,0.0,0.0,0.0,448.4655000000001,0.3955,448.8610000000001,461.3637
2653,0.3957,0.0006,0.3964,0.0713,0.998234106962664,0.0015136226034308778,21.1932,0.3872,439.1933,418.0001,0.0,0.0,0.0,439.1933,0.3872,439.58050000000003,450.0772
2654,0.1796,0.0036,0.1832,0.033,0.980349344978166,0.019650655021834062,10.0332,2.2928,669.0327,658.9995,0.0,0.0,0.0,669.0327,2.2928,671.3255,705.8281
2655,0.2988,0.0196,0.3184,0.0573,0.9384422110552764,0.061557788944723614,16.983,11.9103,881.9826,864.9996,0.0,0.0,0.0,881.9825999999998,11.9103,893.8928999999998,930.3944
2656,0.4066,0.0059,0.4125,0.0742,0.9856969696969697,0.014303030303030304,22.9086,3.7545,836.909,814.0004,0.0,0.0,0.0,836.909,3.7545,840.6635,868.1598
2657,0.1766,0.0001,0.1767,0.0318,0.9994340690435768,0.0005659309564233164,9.0828,0.0497,95.0828,86.0,0.0,0.0,0.0,95.08279999999999,0.049699999999999994,95.1325,95.1359
2658,0.4768,0.0065,0.4833,0.087,0.9865507966066626,0.01344920339333747,26.181,3.8918,777.1815,751.0005,0.0,0.0,0.0,777.1815000000001,3.8918,781.0733000000001,837.0727
2659,0.3729,0.0001,0.373,0.0671,0.9997319034852548,0.00026809651474530834,22.3758,0.0586,32.3758,10.0,0.0,0.0,0.0,32.3758,0.0586,32.4344,32.4323
2660,0.3665,0.0031,0.3696,0.0665,0.9916125541125541,0.008387445887445888,20.4714,2.0085,593.4705,572.9991,0.0,0.0,0.0,593.4705,2.0085,595.479,626.4756
2661,0.3515,0.0111,0.3626,0.0653,0.9693877551020408,0.030612244897959186,19.6362,7.2604,779.6365,760.0003,0.0,0.0,0.0,779.6365000000001,7.260400000000001,786.8969000000001,823.3976
2662,0.1057,0.0011,0.1068,0.0192,0.9897003745318351,0.010299625468164795,5.661,0.6823,395.6609,389.9999,0.0,0.0,0.0,395.6609000000001,0.6822999999999999,396.3432000000001,423.8412
2663,0.2155,0.0179,0.2334,0.042,0.9233076263924593,0.0766923736075407,11.7324,11.8612,799.7325,788.0001,0.0,0.0,0.0,799.7324999999998,11.8612,811.5936999999999,845.5889
2664,0.1015,0.0,0.1015,0.0183,1.0,0.0,5.436,0.0094,7.4359,1.9999,0.0,0.0,0.0,7.435899999999999,0.009400000000000002,7.4453,7.9475
2665,0.2488,0.0022,0.251,0.0452,0.9912350597609562,0.008764940239043825,14.1444,1.4274,491.1445,477.0001,0.0,0.0,0.0,491.14449999999994,1.4273999999999998,492.5718999999999,511.5732
2666,0.4403,0.0006,0.4408,0.0794,0.9988656987295825,0.0013611615245009072,25.4736,0.345,319.4741,294.0005,0.0,0.0,0.0,319.4741,0.34500000000000003,319.81910000000005,341.3185
2667,0.3212,0.0001,0.3213,0.0578,0.9996887643946468,0.0003112356053532524,17.0586,0.0556,41.0588,24.0002,0.0,0.0,0.0,41.058800000000005,0.055600000000000004,41.1144,41.619
2668,0.1255,0.0018,0.1273,0.0229,0.98586017282011,0.014139827179890024,6.9516,1.1571,502.9507,495.9991,0.0,0.0,0.0,502.9507000000001,1.1571000000000002,504.1078000000001,524.1062
2669,0.2648,0.0,0.2648,0.0477,1.0,0.0,14.6664,0.0113,29.6659,14.9995,0.0,0.0,0.0,29.6659,0.0113,29.6772,29.6805
2670,0.2854,0.0,0.2854,0.0514,1.0,0.0,16.3638,0.0279,38.3634,21.9996,0.0,0.0,0.0,38.36340000000001,0.027899999999999998,38.391300000000015,39.8927
2671,0.2532,0.0036,0.2568,0.0462,0.985981308411215,0.014018691588785048,13.9032,2.2678,671.9023,657.9991,0.0,0.0,0.0,671.9023,2.2678,674.1700999999999,694.6682
2672,0.1603,0.0108,0.1711,0.0308,0.9368790181180596,0.06312098188194039,8.8002,6.6801,727.7997,718.9995,0.0,0.0,0.0,727.7996999999998,6.6800999999999995,734.4797999999998,772.484
2673,0.4121,0.0001,0.4122,0.0742,0.9997573993207182,0.00024260067928190198,21.1932,0.0486,34.1935,13.0003,0.0,0.0,0.0,34.19349999999999,0.048600000000000004,34.24209999999999,35.247
2674,0.1172,0.0004,0.1176,0.0212,0.9965986394557823,0.0034013605442176874,6.5448,0.2634,365.5455,359.0007,0.0,0.0,0.0,365.54550000000006,0.2634,365.80890000000005,377.3081
2675,0.1125,0.0002,0.1127,0.0203,0.9982253771073648,0.001774622892635315,6.2298,0.1073,79.2301,73.0003,0.0,0.0,0.0,79.23010000000001,0.10729999999999998,79.3374,87.3325
2676,0.3404,0.0026,0.3429,0.0617,0.9927092446777486,0.00758238553514144,18.6912,1.5776,654.6909,635.9997,0.0,0.0,0.0,654.6909,1.5776000000000001,656.2685,668.2655
2677,0.1253,0.001,0.1263,0.0227,0.9920823436262867,0.007917656373713382,6.8238,0.5946,399.8236,392.9998,0.0,0.0,0.0,399.8236,0.5946,400.4182,411.4146
2678,0.1774,0.0,0.1774,0.0319,1.0,0.0,9.3456,0.0224,17.3455,7.9999,0.0,0.0,0.0,17.3455,0.0224,17.367900000000002,18.3649
2679,0.5307,0.0,0.5308,0.0955,0.9998116051243404,0.0,30.7062,0.0287,80.7059,49.9997,0.0,0.0,0.0,80.70589999999999,0.0287,80.73459999999999,81.7306
2680,0.3561,0.0065,0.3627,0.0653,0.9818031430934657,0.017921146953405017,20.0664,4.0526,727.0659,706.9995,0.0,0.0,0.0,727.0658999999998,4.0526,731.1184999999998,768.6176
2681,0.2739,0.0001,0.274,0.0493,0.9996350364963502,0.000364963503649635,14.6664,0.0792,126.6657,111.9993,0.0,0.0,0.0,126.66570000000002,0.0792,126.74490000000002,129.745
2682,0.1095,0.0,0.1095,0.0197,1.0,0.0,6.3936,0.0117,31.3931,24.9995,0.0,0.0,0.0,31.3931,0.011700000000000002,31.4048,31.4029
2683,0.2532,0.0068,0.2599,0.0468,0.9742208541746824,0.02616390919584455,13.9032,4.2232,779.9023,765.9991,0.0,0.0,0.0,779.9022999999999,4.2232,784.1254999999999,821.6259
2684,0.308,0.003,0.311,0.056,0.9903536977491961,0.00964630225080386,17.0586,1.8927,626.0586,609.0,0.0,0.0,0.0,626.0586000000001,1.8926999999999998,627.9513000000001,638.9493
2685,0.4568,0.0001,0.4569,0.0822,0.9997811337272926,0.00021886627270737582,24.462,0.0708,99.4614,74.9994,0.0,0.0,0.0,99.4614,0.0708,99.5322,99.532
2686,0.1075,0.0,0.1075,0.0193,1.0,0.0,5.661,0.0105,28.6608,22.9998,0.0,0.0,0.0,28.660799999999995,0.010499999999999999,28.671299999999995,28.6722
2687,0.2433,0.0034,0.2466,0.0444,0.9866180048661799,0.0137875101378751,13.59,2.2235,700.5898,686.9998,0.0,0.0,0.0,700.5898,2.2235000000000005,702.8132999999999,742.3091
2688,0.1288,0.0285,0.1573,0.0283,0.8188175460902734,0.18118245390972665,7.0722,18.4595,850.0722,843.0,0.0,0.0,0.0,850.0722000000001,18.4595,868.5317000000001,887.0267
2689,0.5744,0.0002,0.5747,0.1034,0.9994779885157474,0.0003480076561684357,31.2804,0.1575,218.2802,186.9998,0.0,0.0,0.0,218.28019999999995,0.1575,218.43769999999995,220.9359
2690,0.3029,0.0,0.3029,0.0545,1.0,0.0,15.5754,0.0274,17.5756,2.0002,0.0,0.0,0.0,17.5756,0.027400000000000004,17.603,18.1037
2691,0.4707,0.0029,0.4736,0.0853,0.9938766891891891,0.00612331081081081,26.7552,1.8747,626.7541,599.9989,0.0,0.0,0.0,626.7541000000001,1.8746999999999998,628.6288000000001,649.6257
2692,0.4673,0.0,0.4673,0.0841,1.0,0.0,28.0368,0.0224,32.0362,3.9994,0.0,0.0,0.0,32.0362,0.022399999999999996,32.0586,32.5599
2693,0.3902,0.0001,0.3903,0.0703,0.9997437868306431,0.00025621316935690495,22.3758,0.0608,61.3759,39.0001,0.0,0.0,0.0,61.375899999999994,0.06079999999999999,61.436699999999995,61.9349
2694,0.3592,0.0134,0.3726,0.0671,0.9640365002683844,0.035963499731615674,20.0664,7.8349,717.0655,696.9991,0.0,0.0,0.0,717.0654999999999,7.8349,724.9003999999999,773.9034
2695,0.4238,0.0068,0.4306,0.0775,0.9842080817464004,0.01579191825359963,23.8824,4.2984,781.8822,757.9998,0.0,0.0,0.0,781.8822000000001,4.2984,786.1806000000001,819.1825
2696,0.2739,0.0121,0.286,0.0515,0.9576923076923077,0.04230769230769231,14.6664,7.3269,860.6654,845.999,0.0,0.0,0.0,860.6654,7.3269,867.9923,882.4894
2697,0.2648,0.0001,0.2649,0.0477,0.9996224990562474,0.00037750094375235937,14.6664,0.0504,107.6656,92.9992,0.0,0.0,0.0,107.66560000000001,0.0504,107.71600000000001,110.2132
2698,0.3608,0.0088,0.3696,0.0665,0.9761904761904763,0.02380952380952381,19.8126,5.8175,819.8131,800.0005,0.0,0.0,0.0,819.8130999999998,5.817499999999999,825.6305999999998,848.1258
2699,0.4349,0.0001,0.435,0.0783,0.9997701149425288,0.00022988505747126439,23.8824,0.0639,30.8823,6.9999,0.0,0.0,0.0,30.882299999999997,0.0639,30.946199999999997,30.9427
2700,0.3936,0.0002,0.3938,0.0709,0.9994921279837482,0.0005078720162519046,22.3758,0.1078,294.3758,272.0,0.0,0.0,0.0,294.3758,0.1078,294.4836,297.4858
2701,0.3765,0.0245,0.401,0.0722,0.9389027431421446,0.06109725685785536,20.853,16.1008,791.8538,771.0008,0.0,0.0,0.0,791.8537999999999,16.100800000000003,807.9545999999999,844.9523
2702,0.3346,0.0013,0.3359,0.0605,0.9961298005358739,0.0038701994641262283,18.6912,0.8293,529.6902,510.999,0.0,0.0,0.0,529.6902000000001,0.8293,530.5195000000001,544.5225
2703,0.1943,0.0001,0.1943,0.035,1.0,0.000514668039114771,10.2348,0.0323,58.235,48.0002,0.0,0.0,0.0,58.235,0.0323,58.2673,58.7717
2704,0.3879,0.0002,0.3881,0.0699,0.9994846688997682,0.000515331100231899,22.644,0.1525,307.6435,284.9995,0.0,0.0,0.0,307.6435,0.1525,307.796,315.2982
2705,0.3123,0.0108,0.3231,0.0582,0.9665738161559889,0.033426183844011144,17.5986,6.6672,740.5988,723.0002,0.0,0.0,0.0,740.5988,6.6672,747.266,769.2674
2706,0.1022,0.0021,0.1043,0.0188,0.9798657718120805,0.020134228187919462,5.661,1.2329,674.6609,668.9999,0.0,0.0,0.0,674.6609,1.2328999999999999,675.8937999999999,696.3973
2707,0.3765,0.0037,0.3802,0.0684,0.9902682798527092,0.009731720147290901,20.853,2.2942,641.8534,621.0004,0.0,0.0,0.0,641.8534,2.2942000000000005,644.1476,659.1474
2708,0.3475,0.0,0.3475,0.0626,1.0,0.0,20.4714,0.0151,40.4704,19.999,0.0,0.0,0.0,40.4704,0.015099999999999999,40.485499999999995,41.4841
2709,0.2168,0.0,0.2168,0.039,1.0,0.0,12.1104,0.0109,22.1106,10.0002,0.0,0.0,0.0,22.110599999999998,0.010899999999999998,22.121499999999997,23.1225
2710,0.4275,0.0002,0.4277,0.077,0.9995323825111059,0.00046761748889408465,23.8824,0.1373,291.8824,268.0,0.0,0.0,0.0,291.88239999999996,0.1373,292.01969999999994,297.0198
2711,0.3634,0.0,0.3635,0.0654,0.9997248968363136,0.0,21.2166,0.0158,29.2167,8.0001,0.0,0.0,0.0,29.2167,0.015799999999999998,29.232499999999998,29.2325
2712,0.4768,0.0,0.4768,0.0858,1.0,0.0,26.181,0.0142,40.1816,14.0006,0.0,0.0,0.0,40.1816,0.014199999999999999,40.195800000000006,40.1909
2713,0.5106,0.0123,0.5229,0.0941,0.9764773379231211,0.023522662076878944,28.7694,7.4625,856.7689,827.9995,0.0,0.0,0.0,856.7689,7.4625,864.2314,880.7294
2714,0.4844,0.0076,0.492,0.0886,0.9845528455284553,0.015447154471544716,27.2934,4.5,790.2939,763.0005,0.0,0.0,0.0,790.2939,4.500000000000001,794.7939,819.2907
2715,0.4349,0.0008,0.4357,0.0784,0.9981638742253846,0.0018361257746155614,23.8824,0.5485,390.8823,366.9999,0.0,0.0,0.0,390.8823,0.5485,391.4308,402.4301
2716,0.3701,0.0314,0.4015,0.0723,0.9217932752179326,0.07820672478206724,20.853,19.2984,763.8536,743.0006,0.0,0.0,0.0,763.8536,19.298400000000004,783.152,829.1527
2717,0.2764,0.0004,0.2768,0.0498,0.9985549132947976,0.0014450867052023123,15.5754,0.2371,320.5756,305.0002,0.0,0.0,0.0,320.57560000000007,0.2371,320.81270000000006,326.3133
2718,0.1992,0.0082,0.2074,0.0373,0.9604628736740597,0.03953712632594022,11.322,5.1144,725.3217,713.9997,0.0,0.0,0.0,725.3217,5.1144,730.4361,770.9399
2719,0.1084,0.0091,0.1175,0.0211,0.9225531914893618,0.0774468085106383,6.0552,5.7865,853.0552,847.0,0.0,0.0,0.0,853.0552,5.786500000000001,858.8417000000001,862.8427
2720,0.1895,0.0013,0.1909,0.0344,0.9926663174436878,0.006809848088004191,10.2348,0.8342,439.2355,429.0007,0.0,0.0,0.0,439.2355,0.8341999999999999,440.0697,467.0688
2721,0.1546,0.001,0.1556,0.028,0.993573264781491,0.006426735218508998,8.4906,0.6128,385.4916,377.001,0.0,0.0,0.0,385.49159999999995,0.6127999999999999,386.10439999999994,401.6088
2722,0.4243,0.0002,0.4245,0.0764,0.9995288574793876,0.00047114252061248533,24.3288,0.1392,181.3289,157.0001,0.0,0.0,0.0,181.32889999999998,0.13920000000000002,181.46809999999996,185.9712
2723,0.1075,0.005,0.1124,0.0202,0.9564056939501779,0.04448398576512456,6.0552,2.9878,716.0553,710.0001,0.0,0.0,0.0,716.0553,2.9878,719.0431,744.5389
2724,0.1075,0.0001,0.1076,0.0194,0.9990706319702602,0.000929368029739777,5.661,0.0703,89.6608,83.9998,0.0,0.0,0.0,89.66080000000001,0.07029999999999999,89.73110000000001,91.7276
2725,0.2942,0.0029,0.2971,0.0535,0.9902389767754967,0.009761023224503534,16.722,1.9177,552.7217,535.9997,0.0,0.0,0.0,552.7217,1.9177,554.6394,575.1405
2726,0.2466,0.0,0.2467,0.0444,0.9995946493717066,0.0,12.7854,0.0305,36.7862,24.0008,0.0,0.0,0.0,36.786199999999994,0.0305,36.8167,37.8186
2727,0.5845,0.0,0.5845,0.1052,1.0,0.0,31.8258,0.0178,31.8253,0.0,0.0,0.0,0.0,31.825300000000002,0.017800000000000003,31.843100000000003,31.8439
2728,0.1922,0.0,0.1922,0.0346,1.0,0.0,11.322,0.0179,50.3219,38.9999,0.0,0.0,0.0,50.3219,0.017900000000000003,50.3398,51.3404
2729,0.4726,0.0096,0.4822,0.0868,0.9800912484446288,0.019908751555371213,26.3988,6.1747,757.3985,730.9997,0.0,0.0,0.0,757.3985,6.1747,763.5732,790.5778
2730,0.5455,0.0031,0.5486,0.0987,0.9943492526430915,0.005650747356908494,29.4552,2.064,650.4544,620.9992,0.0,0.0,0.0,650.4544,2.064,652.5183999999999,669.5174
2731,0.5544,0.0008,0.5552,0.0999,0.9985590778097982,0.001440922190201729,30.7062,0.5153,346.7059,315.9997,0.0,0.0,0.0,346.70589999999993,0.5153,347.22119999999995,356.7174
2732,0.3178,0.0003,0.318,0.0572,0.99937106918239,0.0009433962264150942,17.5986,0.1743,276.5991,259.0005,0.0,0.0,0.0,276.5991,0.17429999999999998,276.77340000000004,287.2748
2733,0.3608,0.0024,0.3631,0.0654,0.9936656568438448,0.006609749380335995,19.8126,1.4483,514.813,495.0004,0.0,0.0,0.0,514.8130000000001,1.4483,516.2613000000001,541.2637
2734,0.1997,0.001,0.2007,0.0361,0.9950174389636273,0.004982561036372696,10.872,0.6371,427.8719,416.9999,0.0,0.0,0.0,427.8719,0.6371,428.50899999999996,454.0097
2735,0.1255,0.0148,0.1403,0.0253,0.8945117605131859,0.10548823948681398,7.0722,9.115,780.0723,773.0001,0.0,0.0,0.0,780.0723,9.115,789.1873,805.6868
2736,0.2948,0.0064,0.3012,0.0542,0.9787516600265603,0.021248339973439574,17.0586,4.2393,641.0586,624.0,0.0,0.0,0.0,641.0586000000001,4.2393,645.2979,654.796
2737,0.2603,0.0003,0.2606,0.0469,0.998848810437452,0.001151189562547966,14.6664,0.1786,361.6656,346.9992,0.0,0.0,0.0,361.66560000000004,0.17859999999999998,361.84420000000006,367.3481
2738,0.1166,0.0004,0.1171,0.0211,0.9957301451750641,0.003415883859948762,6.6888,0.2598,264.6886,257.9998,0.0,0.0,0.0,264.6886,0.2598,264.9484,270.4525
2739,0.5105,0.0,0.5106,0.0919,0.9998041519780648,0.0,28.0368,0.0196,87.0361,58.9993,0.0,0.0,0.0,87.03609999999998,0.0196,87.05569999999997,87.0509
2740,0.4977,0.0003,0.4979,0.0896,0.9995983129142397,0.0006025306286402891,28.2888,0.1548,171.2891,143.0003,0.0,0.0,0.0,171.28909999999996,0.1548,171.44389999999996,172.4445
2741,0.562,0.0002,0.5622,0.1012,0.9996442547136251,0.0003557452863749555,30.0978,0.1204,70.0989,40.0011,0.0,0.0,0.0,70.0989,0.12040000000000001,70.2193,73.2182
2742,0.3424,0.0005,0.3429,0.0617,0.9985418489355498,0.0014581510644502771,19.8126,0.2728,386.8127,367.0001,0.0,0.0,0.0,386.81270000000006,0.27280000000000004,387.0855000000001,402.5859
2743,0.1887,0.0,0.1887,0.034,1.0,0.0,11.322,0.0196,16.3218,4.9998,0.0,0.0,0.0,16.3218,0.0196,16.3414,16.8372
2744,0.1523,0.0001,0.1524,0.0274,0.9993438320209973,0.0006561679790026247,8.154,0.0803,79.1539,70.9999,0.0,0.0,0.0,79.15390000000001,0.0803,79.2342,81.2329
2745,0.4748,0.03,0.5048,0.0909,0.9405705229793977,0.059429477020602216,26.7552,19.0267,804.7542,777.999,0.0,0.0,0.0,804.7542000000001,19.0267,823.7809000000001,838.779
2746,0.1023,0.0001,0.1024,0.0184,0.9990234375,0.0009765625,5.436,0.034,34.4357,28.9997,0.0,0.0,0.0,34.4357,0.034,34.469699999999996,34.4733
2747,0.3676,0.0023,0.3698,0.0666,0.994050838290968,0.006219578150351541,20.5326,1.4275,629.5319,608.9993,0.0,0.0,0.0,629.5319000000002,1.4275000000000002,630.9594000000002,657.4607
2748,0.2283,0.0,0.2283,0.0411,1.0,0.0,13.0914,0.0166,27.0907,13.9993,0.0,0.0,0.0,27.090699999999995,0.016600000000000004,27.107299999999995,27.1059
2749,0.2761,0.0003,0.2764,0.0498,0.9989146164978293,0.001085383502170767,14.6664,0.1971,281.6657,266.9993,0.0,0.0,0.0,281.66569999999996,0.1971,281.86279999999994,283.8646
2750,0.2975,0.0001,0.2976,0.0536,0.9996639784946237,0.0003360215053763441,17.0586,0.0719,149.0589,132.0003,0.0,0.0,0.0,149.0589,0.0719,149.1308,149.1321
2751,0.3606,0.0,0.3606,0.0649,1.0,0.0,19.6362,0.0114,27.6366,8.0004,0.0,0.0,0.0,27.6366,0.0114,27.648,29.1443
2752,0.4408,0.0,0.4408,0.0793,1.0,0.0,23.4108,0.016,30.4098,6.999,0.0,0.0,0.0,30.4098,0.016,30.4258,30.4269
2753,0.4727,0.0139,0.4866,0.0876,0.9714344430743939,0.028565556925606247,26.181,8.5731,819.1817,793.0007,0.0,0.0,0.0,819.1817000000001,8.5731,827.7548,843.2531
2754,0.2968,0.0007,0.2975,0.0535,0.9976470588235294,0.0023529411764705885,16.722,0.4419,400.7215,383.9995,0.0,0.0,0.0,400.7215,0.4419,401.16339999999997,414.1668
2755,0.1866,0.0001,0.1868,0.0336,0.9989293361884368,0.0005353319057815846,10.6092,0.0745,154.6079,143.9987,0.0,0.0,0.0,154.6079,0.07450000000000001,154.6824,156.1852
2756,0.2443,0.0037,0.248,0.0446,0.9850806451612902,0.014919354838709677,13.6476,2.2802,461.6472,447.9996,0.0,0.0,0.0,461.6472,2.2802,463.9274,489.4248
2757,0.2205,0.0003,0.2208,0.0397,0.9986413043478262,0.001358695652173913,12.1104,0.1822,249.1107,237.0003,0.0,0.0,0.0,249.11069999999998,0.1822,249.29289999999997,261.2956
2758,0.2733,0.0001,0.2734,0.0492,0.9996342355523044,0.00036576444769568405,15.138,0.041,142.1381,127.0001,0.0,0.0,0.0,142.1381,0.040999999999999995,142.1791,143.678
2759,0.3538,0.0002,0.3541,0.0637,0.9991527817000847,0.0005648121999435188,20.4714,0.1529,130.4705,109.9991,0.0,0.0,0.0,130.47050000000002,0.15289999999999998,130.6234,134.6199
2760,0.502,0.0038,0.5058,0.091,0.992487149070779,0.007512850929221036,27.8046,2.3462,546.8046,519.0,0.0,0.0,0.0,546.8046000000002,2.3461999999999996,549.1508000000001,567.6483
2761,0.1974,0.0002,0.1977,0.0356,0.9984825493171472,0.0010116337885685382,10.2348,0.1429,129.2354,119.0006,0.0,0.0,0.0,129.2354,0.14290000000000003,129.3783,131.3806
2762,0.2136,0.0001,0.2138,0.0385,0.999064546304958,0.00046772684752104777,11.7324,0.0776,205.7325,194.0001,0.0,0.0,0.0,205.73250000000004,0.07759999999999999,205.81010000000003,206.3065
2763,0.2192,0.0002,0.2194,0.0395,0.999088422971741,0.0009115770282588879,12.4596,0.0999,158.4602,146.0006,0.0,0.0,0.0,158.46020000000001,0.09989999999999999,158.5601,162.5614
2764,0.4807,0.0014,0.4821,0.0868,0.9970960381663556,0.002903961833644472,26.3988,0.8151,410.3987,383.9999,0.0,0.0,0.0,410.3987000000001,0.8151,411.21380000000005,443.2105
2765,0.2708,0.0,0.2708,0.0487,1.0,0.0,14.1516,0.0084,14.1524,0.0008,0.0,0.0,0.0,14.1524,0.008400000000000001,14.1608,15.1656
2766,0.2619,0.0147,0.2766,0.0498,0.9468546637744035,0.05314533622559652,14.1444,8.8169,817.1444,803.0,0.0,0.0,0.0,817.1443999999999,8.8169,825.9612999999999,839.9589
2767,0.2598,0.0273,0.2871,0.0517,0.9049111807732496,0.09508881922675026,14.1444,17.9765,695.1444,681.0,0.0,0.0,0.0,695.1443999999999,17.9765,713.1208999999999,737.121
2768,0.3412,0.0004,0.3416,0.0615,0.9988290398126464,0.00117096018735363,20.4714,0.2561,303.4706,282.9992,0.0,0.0,0.0,303.47059999999993,0.2561,303.72669999999994,305.2301
2769,0.3831,0.0001,0.3832,0.069,0.9997390396659708,0.0002609603340292276,21.2166,0.0789,89.2168,68.0002,0.0,0.0,0.0,89.2168,0.0789,89.29570000000001,89.7923
2770,0.4075,0.0023,0.4097,0.0737,0.994630217232121,0.005613863802782524,22.3758,1.4754,591.3758,569.0,0.0,0.0,0.0,591.3758,1.4754,592.8512000000001,606.8542
2771,0.2289,0.0002,0.2291,0.0412,0.9991270187690965,0.0008729812309035357,12.7854,0.1213,233.7861,221.0007,0.0,0.0,0.0,233.7861,0.12129999999999999,233.9074,237.4031
2772,0.4038,0.0,0.4038,0.0727,1.0,0.0,21.8052,0.0286,52.8061,31.0009,0.0,0.0,0.0,52.8061,0.0286,52.8347,52.8356
2773,0.1638,0.0,0.1638,0.0295,1.0,0.0,8.4906,0.024,82.4915,74.0009,0.0,0.0,0.0,82.4915,0.023999999999999997,82.5155,82.5133
2774,0.3119,0.0002,0.3121,0.0562,0.9993591797500802,0.0006408202499198976,16.983,0.1583,293.9827,276.9997,0.0,0.0,0.0,293.9826999999999,0.1583,294.1409999999999,297.6423
2775,0.298,0.0256,0.3236,0.0582,0.9208899876390605,0.07911001236093944,16.3638,15.9301,742.3635,725.9997,0.0,0.0,0.0,742.3634999999999,15.9301,758.2936,820.2911
2776,0.3463,0.0097,0.356,0.0641,0.972752808988764,0.027247191011235957,19.179,6.0459,724.1792,705.0002,0.0,0.0,0.0,724.1792,6.0459000000000005,730.2251,774.7298
2777,0.1657,0.0,0.1657,0.0298,1.0,0.0,8.8002,0.0114,42.7993,33.9991,0.0,0.0,0.0,42.799299999999995,0.0114,42.8107,42.8084
2778,0.2134,0.0001,0.2135,0.0384,0.9995316159250586,0.00046838407494145204,12.4596,0.0466,67.4607,55.0011,0.0,0.0,0.0,67.4607,0.0466,67.5073,70.0039
2779,0.2009,0.0001,0.201,0.0362,0.999502487562189,0.0004975124378109452,11.322,0.0419,79.3217,67.9997,0.0,0.0,0.0,79.3217,0.0419,79.3636,81.8625
2780,0.3056,0.0003,0.3059,0.0551,0.9990192873488067,0.0009807126511932004,16.3638,0.2191,254.3637,237.9999,0.0,0.0,0.0,254.36369999999997,0.21910000000000002,254.58279999999996,255.0836
2781,0.2947,0.0,0.2947,0.053,1.0,0.0,17.6814,0.0196,17.6806,0.0,0.0,0.0,0.0,17.6806,0.0196,17.7002,17.7038
2782,0.3697,0.0007,0.3704,0.0667,0.9981101511879049,0.0018898488120950322,19.6362,0.4111,467.6363,448.0001,0.0,0.0,0.0,467.6363,0.41109999999999997,468.0474,486.5482
2783,0.2975,0.0033,0.3007,0.0541,0.9893581642833388,0.010974393082806783,17.0586,2.0148,720.0588,703.0002,0.0,0.0,0.0,720.0588,2.0148,722.0736,735.0687
2784,0.3057,0.0005,0.3062,0.0551,0.9983670803396473,0.0016329196603527105,17.3772,0.3046,227.378,210.0008,0.0,0.0,0.0,227.378,0.3045999999999999,227.68259999999998,235.1818
2785,0.1182,0.0123,0.1305,0.0235,0.9057471264367816,0.09425287356321839,6.5448,7.7622,771.5454,765.0006,0.0,0.0,0.0,771.5454,7.7622,779.3076,797.3113
2786,0.1134,0.0003,0.1138,0.0205,0.9964850615114236,0.002636203866432337,6.2298,0.201,173.2301,167.0003,0.0,0.0,0.0,173.23010000000002,0.201,173.43110000000001,177.4264
2787,0.1992,0.0021,0.2013,0.0362,0.9895678092399403,0.010432190760059612,11.322,1.3455,494.3216,482.9996,0.0,0.0,0.0,494.3216,1.3455,495.6671,521.1673
2788,0.2496,0.0,0.2496,0.0449,1.0,0.0,13.59,0.0082,20.5898,6.9998,0.0,0.0,0.0,20.589799999999997,0.008199999999999999,20.597999999999995,21.0999
2789,0.502,0.0151,0.5171,0.0931,0.9707986849738929,0.029201315026107136,27.8046,9.1,647.8046,620.0,0.0,0.0,0.0,647.8046,9.1,656.9046000000001,676.9051
2790,0.2919,0.0154,0.3073,0.0553,0.949886104783599,0.05011389521640091,16.308,9.5491,713.3077,696.9997,0.0,0.0,0.0,713.3077,9.549100000000001,722.8567999999999,745.8574
2791,0.2303,0.0207,0.2511,0.0452,0.9171644763042613,0.08243727598566308,13.0914,13.4912,755.0906,741.9992,0.0,0.0,0.0,755.0906,13.491200000000001,768.5818,792.0788
2792,0.119,0.0002,0.1192,0.0215,0.9983221476510067,0.0016778523489932888,6.8238,0.1195,169.8237,162.9999,0.0,0.0,0.0,169.8237,0.11950000000000001,169.9432,172.4429
2793,0.3001,0.006,0.3061,0.0551,0.9803985625612545,0.019601437438745508,17.0586,3.8167,709.0588,692.0002,0.0,0.0,0.0,709.0588,3.8167,712.8755,729.8788
2794,0.1834,0.0005,0.1839,0.0331,0.9972811310494835,0.002718868950516585,10.4274,0.3001,227.4269,216.9995,0.0,0.0,0.0,227.42690000000002,0.30010000000000003,227.727,228.7308
2795,0.3729,0.0002,0.3731,0.0672,0.9994639506834629,0.0005360493165371214,19.179,0.1105,55.1793,36.0003,0.0,0.0,0.0,55.1793,0.11049999999999999,55.2898,55.2924
2796,0.1059,0.0182,0.1241,0.0223,0.8533440773569702,0.14665592264302982,5.8662,11.5903,764.8662,759.0,0.0,0.0,0.0,764.8662,11.590300000000001,776.4565,802.9541
2797,0.4101,0.0016,0.4117,0.0741,0.9961136750060724,0.0038863249939276173,22.9086,0.9529,369.9093,347.0007,0.0,0.0,0.0,369.90930000000003,0.9529,370.86220000000003,383.8634
2798,0.1249,0.0002,0.1251,0.0225,0.9984012789768186,0.001598721023181455,6.6888,0.1326,150.6886,143.9998,0.0,0.0,0.0,150.6886,0.1326,150.8212,153.3225
2799,0.2599,0.0044,0.2643,0.0476,0.9833522512296634,0.01664774877033674,14.1516,2.7075,645.1519,631.0003,0.0,0.0,0.0,645.1519000000001,2.7075000000000005,647.8594,685.8576
2800,0.4831,0.0233,0.5063,0.0911,0.9541773651984989,0.046020146158404114,26.7552,15.6599,694.7548,667.9996,0.0,0.0,0.0,694.7548,15.659899999999999,710.4147,758.4178
2801,0.2532,0.0001,0.2533,0.0456,0.9996052112120014,0.00039478878799842083,14.1444,0.0834,204.1444,190.0,0.0,0.0,0.0,204.14439999999996,0.0834,204.22779999999997,206.7234
2802,0.4269,0.0,0.4269,0.0768,1.0,0.0,24.921,0.0157,37.9209,12.9999,0.0,0.0,0.0,37.9209,0.0157,37.936600000000006,37.9409
2803,0.1668,0.0003,0.1671,0.0301,0.9982046678635548,0.0017953321364452422,9.0828,0.2031,258.0829,249.0001,0.0,0.0,0.0,258.08289999999994,0.2031,258.28599999999994,262.2849
2804,0.4046,0.022,0.4266,0.0768,0.9484294421003283,0.051570557899671826,23.4108,14.6188,747.4099,723.9991,0.0,0.0,0.0,747.4099000000001,14.6188,762.0287000000001,804.527
2805,0.1084,0.0029,0.1113,0.02,0.9739442946990117,0.02605570530098832,6.0552,1.8121,527.0553,521.0001,0.0,0.0,0.0,527.0553,1.8121000000000003,528.8674,555.3695
2806,0.1625,0.0,0.1625,0.0293,1.0,0.0,8.4906,0.0201,45.4912,37.0006,0.0,0.0,0.0,45.4912,0.020099999999999996,45.5113,46.5071
2807,0.2404,0.0007,0.2411,0.0434,0.997096640398175,0.0029033596018249687,13.0914,0.4507,346.0907,332.9993,0.0,0.0,0.0,346.09069999999997,0.45069999999999993,346.54139999999995,360.0404
2808,0.1047,0.0003,0.105,0.0189,0.9971428571428572,0.002857142857142857,6.0552,0.1957,277.0553,271.0001,0.0,0.0,0.0,277.05530000000005,0.1957,277.25100000000003,279.7491
2809,0.2403,0.0002,0.2405,0.0433,0.9991683991683993,0.0008316008316008316,12.4596,0.1019,115.4606,103.001,0.0,0.0,0.0,115.4606,0.10189999999999999,115.5625,119.0594
2810,0.2532,0.0078,0.261,0.047,0.9701149425287355,0.029885057471264364,13.9032,4.777,703.9026,689.9994,0.0,0.0,0.0,703.9025999999999,4.777,708.6795999999999,743.6782
2811,0.4872,0.0062,0.4934,0.0888,0.9874341305229023,0.012565869477097688,26.7552,3.8434,667.7544,640.9992,0.0,0.0,0.0,667.7544,3.8434,671.5978,706.5977
2812,0.3084,0.0002,0.3086,0.0555,0.999351911860013,0.0006480881399870384,17.3772,0.1335,196.3778,179.0006,0.0,0.0,0.0,196.37779999999998,0.13349999999999998,196.51129999999998,199.0078
2813,0.4164,0.0002,0.4166,0.075,0.99951992318771,0.00048007681228996637,23.4648,0.0907,203.465,180.0002,0.0,0.0,0.0,203.46500000000003,0.09070000000000002,203.55570000000003,204.5586
2814,0.2577,0.0011,0.2588,0.0466,0.9957496136012365,0.004250386398763525,14.1516,0.6536,362.1524,348.0008,0.0,0.0,0.0,362.1524,0.6536,362.806,386.3029
2815,0.1174,0.0007,0.1182,0.0213,0.9932318104906938,0.005922165820642978,6.3936,0.4581,326.3928,319.9992,0.0,0.0,0.0,326.3928,0.45809999999999995,326.8509,331.8478
2816,0.4848,0.0002,0.485,0.0873,0.9995876288659794,0.0004123711340206186,26.181,0.122,108.182,82.001,0.0,0.0,0.0,108.18199999999999,0.122,108.30399999999999,108.807
2817,0.4423,0.0013,0.4436,0.0798,0.9970694319206493,0.0029305680793507666,24.921,0.7989,414.921,390.0,0.0,0.0,0.0,414.92100000000005,0.7988999999999999,415.71990000000005,428.7221
2818,0.3205,0.0012,0.3217,0.0579,0.9962698165993162,0.003730183400683867,17.5986,0.7293,445.599,428.0004,0.0,0.0,0.0,445.59900000000005,0.7293,446.32830000000007,458.8251
2819,0.502,0.0017,0.5037,0.0907,0.996624975183641,0.0033750248163589435,27.8046,1.0851,415.8046,388.0,0.0,0.0,0.0,415.8046,1.0851,416.8897,435.3917
2820,0.387,0.0006,0.3876,0.0698,0.9984520123839009,0.001547987616099071,21.8052,0.3488,338.8056,317.0004,0.0,0.0,0.0,338.8056,0.3488,339.1544,346.6556
2821,0.3507,0.0001,0.3507,0.0631,1.0,0.00028514399771884804,20.4714,0.0384,45.4705,24.9991,0.0,0.0,0.0,45.4705,0.0384,45.508900000000004,45.5079
2822,0.2599,0.0048,0.2647,0.0477,0.9818662636947488,0.018133736305251228,14.1516,2.9168,556.1523,542.0007,0.0,0.0,0.0,556.1523,2.9168000000000003,559.0690999999999,585.5711
2823,0.1211,0.0001,0.1212,0.0218,0.9991749174917491,0.0008250825082508251,6.2298,0.0456,28.2303,22.0005,0.0,0.0,0.0,28.230299999999996,0.045599999999999995,28.275899999999996,28.7734
2824,0.4692,0.0001,0.4693,0.0845,0.9997869166844237,0.00021308331557639038,24.921,0.0517,61.9208,36.9998,0.0,0.0,0.0,61.9208,0.0517,61.9725,63.9767
2825,0.3406,0.001,0.3416,0.0615,0.997072599531616,0.0029274004683840747,19.026,0.6636,335.0256,315.9996,0.0,0.0,0.0,335.0256,0.6635999999999999,335.68919999999997,352.1865
2826,0.5282,0.0307,0.5589,0.1006,0.9450706745392736,0.05492932546072644,28.2888,19.1306,718.289,690.0002,0.0,0.0,0.0,718.289,19.130599999999998,737.4196,770.416
2827,0.1287,0.0114,0.1401,0.0252,0.9186295503211992,0.08137044967880086,6.9516,7.5094,719.9512,712.9996,0.0,0.0,0.0,719.9512,7.5094,727.4606,751.464
2828,0.1963,0.0008,0.1971,0.0355,0.9959411466260781,0.004058853373921868,10.872,0.4954,288.8718,277.9998,0.0,0.0,0.0,288.8718,0.4954,289.3672,299.8673
2829,0.56,0.0065,0.5665,0.102,0.9885260370697265,0.011473962930273609,31.2804,3.9619,626.2804,595.0,0.0,0.0,0.0,626.2803999999999,3.9619,630.2422999999999,657.2446
2830,0.1266,0.0069,0.1335,0.024,0.9483146067415729,0.051685393258426963,6.9516,4.5168,691.9511,684.9995,0.0,0.0,0.0,691.9511000000001,4.5168,696.4679000000001,715.4691
2831,0.4393,0.0009,0.4402,0.0792,0.9979554747841891,0.002044525215810995,24.3288,0.5666,288.329,264.0002,0.0,0.0,0.0,288.32900000000006,0.5666,288.89560000000006,300.9003
2832,0.428,0.0008,0.4288,0.0772,0.9981343283582089,0.0018656716417910447,24.3288,0.4926,330.3291,306.0003,0.0,0.0,0.0,330.3291,0.49260000000000004,330.82169999999996,341.3205
2833,0.4191,0.0067,0.4257,0.0766,0.9844961240310076,0.015738783180643645,23.4108,4.1757,589.4102,565.9994,0.0,0.0,0.0,589.4102,4.1757,593.5859,630.0883
2834,0.1673,0.0015,0.1688,0.0304,0.9911137440758294,0.008886255924170616,9.3456,0.9084,415.3455,405.9999,0.0,0.0,0.0,415.3455,0.9084,416.2539,431.2524
2835,0.3797,0.0299,0.4096,0.0737,0.9270019531249999,0.072998046875,20.853,19.0042,750.8535,730.0005,0.0,0.0,0.0,750.8534999999999,19.0042,769.8576999999999,782.3529
2836,0.3374,0.0029,0.3403,0.0613,0.9914781075521598,0.008521892447840141,19.179,1.7334,518.1793,499.0003,0.0,0.0,0.0,518.1793000000001,1.7334,519.9127000000001,528.9175
2837,0.2269,0.0062,0.2331,0.042,0.9734019734019733,0.026598026598026597,12.4596,3.8839,662.4602,650.0006,0.0,0.0,0.0,662.4602,3.8838999999999997,666.3441,700.3406
2838,0.1843,0.0258,0.21,0.0378,0.8776190476190476,0.12285714285714286,10.0332,15.1955,693.0329,682.9997,0.0,0.0,0.0,693.0329000000002,15.195500000000001,708.2284000000002,745.2236
2839,0.3862,0.0018,0.388,0.0698,0.995360824742268,0.004639175257731959,20.853,1.1442,490.8533,470.0003,0.0,0.0,0.0,490.8533,1.1441999999999999,491.9975,504.9968
2840,0.4155,0.0001,0.4156,0.0748,0.999759384023099,0.0002406159769008662,23.4108,0.0759,122.4099,98.9991,0.0,0.0,0.0,122.4099,0.0759,122.4858,122.9845
2841,0.1603,0.0037,0.1639,0.0295,0.9780353874313606,0.022574740695546068,8.8002,2.3184,658.7996,649.9994,0.0,0.0,0.0,658.7995999999998,2.3183999999999996,661.1179999999998,698.1166
2842,0.3638,0.0158,0.3797,0.0683,0.9581248353963656,0.04161179878851726,19.8126,9.4779,709.8132,690.0006,0.0,0.0,0.0,709.8131999999999,9.4779,719.2910999999999,743.288
2843,0.1768,0.0001,0.1769,0.0318,0.9994347088750707,0.0005652911249293387,10.6092,0.0347,16.6086,5.9994,0.0,0.0,0.0,16.608600000000003,0.034699999999999995,16.643300000000004,17.1385
2844,0.188,0.0001,0.1881,0.0338,0.9994683678894206,0.000531632110579479,10.2348,0.0668,56.235,46.0002,0.0,0.0,0.0,56.235,0.0668,56.3018,57.3058
2845,0.271,0.0052,0.2762,0.0497,0.9811730629978277,0.018826937002172337,15.138,3.2888,474.1381,459.0001,0.0,0.0,0.0,474.13810000000007,3.2888,477.42690000000005,509.4233
2846,0.3797,0.0037,0.3834,0.069,0.9903495044340114,0.009650495565988524,20.853,2.463,515.8536,495.0006,0.0,0.0,0.0,515.8536,2.463,518.3166,547.8199
2847,0.3993,0.0008,0.4001,0.072,0.9980004998750311,0.001999500124968758,21.744,0.5134,480.7435,458.9995,0.0,0.0,0.0,480.74350000000004,0.5134,481.25690000000003,493.2521
2848,0.2644,0.0,0.2644,0.0476,1.0,0.0,15.5754,0.0112,22.5755,7.0001,0.0,0.0,0.0,22.5755,0.0112,22.5867,22.5906
2849,0.3859,0.0001,0.386,0.0695,0.9997409326424871,0.00025906735751295336,21.744,0.0751,101.7438,79.9998,0.0,0.0,0.0,101.7438,0.07509999999999999,101.8189,103.3143
2850,0.1161,0.0004,0.1166,0.021,0.9957118353344768,0.0034305317324185253,6.5448,0.2687,147.5454,141.0006,0.0,0.0,0.0,147.54539999999997,0.2687,147.81409999999997,156.315
2851,0.3606,0.0,0.3606,0.0649,1.0,0.0,19.6362,0.0139,52.6363,33.0001,0.0,0.0,0.0,52.636300000000006,0.0139,52.650200000000005,52.6473
2852,0.1687,0.0,0.1687,0.0304,1.0,0.0,9.5904,0.0114,21.5897,11.9993,0.0,0.0,0.0,21.5897,0.0114,21.6011,21.599
2853,0.3654,0.0004,0.3658,0.0658,0.9989065062875888,0.0010934937124111536,20.0664,0.2251,239.0659,218.9995,0.0,0.0,0.0,239.06590000000003,0.22510000000000002,239.29100000000003,254.2954
2854,0.4499,0.0119,0.4618,0.0831,0.9742312689475965,0.02576873105240364,25.5726,7.3046,643.5726,618.0,0.0,0.0,0.0,643.5726,7.304600000000001,650.8772,698.878
2855,0.1177,0.0001,0.1178,0.0212,0.999151103565365,0.0008488964346349745,6.0552,0.0383,6.0552,0.0,0.0,0.0,0.0,6.0552,0.0383,6.093500000000001,6.5924
2856,0.1746,0.0004,0.175,0.0315,0.9977142857142858,0.002285714285714286,9.5904,0.2377,230.5898,220.9994,0.0,0.0,0.0,230.58980000000003,0.23770000000000002,230.82750000000001,242.3277
2857,0.3251,0.0,0.3252,0.0585,0.9996924969249693,0.0,16.722,0.0138,36.7211,19.9991,0.0,0.0,0.0,36.7211,0.0138,36.7349,36.7311
2858,0.1548,0.0,0.1549,0.0279,0.999354422207876,0.0,8.8002,0.0239,101.7993,92.9991,0.0,0.0,0.0,101.7993,0.0239,101.8232,101.8278
2859,0.3485,0.0,0.3485,0.0627,1.0,0.0,19.6362,0.0144,30.6364,11.0002,0.0,0.0,0.0,30.636400000000002,0.0144,30.6508,30.652
2860,0.3547,0.0,0.3547,0.0638,1.0,0.0,19.8126,0.0097,45.8128,26.0002,0.0,0.0,0.0,45.812799999999996,0.0097,45.8225,47.322
2861,0.328,0.0006,0.3286,0.0591,0.9981740718198417,0.001825928180158247,18.1656,0.3697,327.1659,309.0003,0.0,0.0,0.0,327.1659,0.3697,327.53560000000004,340.5345
2862,0.2327,0.0,0.2327,0.0419,1.0,0.0,12.4596,0.013,21.4603,9.0007,0.0,0.0,0.0,21.4603,0.013,21.473300000000002,21.4764
2863,0.1843,0.0062,0.1905,0.0343,0.9674540682414697,0.03254593175853018,10.0332,3.8594,566.033,555.9998,0.0,0.0,0.0,566.033,3.8594,569.8924000000001,602.3957
2864,0.1135,0.0101,0.1236,0.0222,0.9182847896440129,0.08171521035598706,6.3936,6.179,665.3933,658.9997,0.0,0.0,0.0,665.3933,6.179,671.5722999999999,713.5718
2865,0.3523,0.0001,0.3524,0.0634,0.9997162315550511,0.0002837684449489217,19.026,0.0332,81.0259,61.9999,0.0,0.0,0.0,81.02590000000001,0.0332,81.0591,81.055
2866,0.5192,0.0002,0.5194,0.0935,0.9996149403157489,0.00038505968425105896,28.0368,0.0958,123.0358,94.999,0.0,0.0,0.0,123.03579999999998,0.0958,123.13159999999998,123.1302
2867,0.1673,0.0119,0.1792,0.0323,0.93359375,0.06640625,9.3456,7.4586,685.3452,675.9996,0.0,0.0,0.0,685.3452000000001,7.458599999999999,692.8038000000001,717.3075
2868,0.3897,0.0006,0.3904,0.0703,0.9982069672131146,0.001536885245901639,20.5326,0.3801,251.5324,230.9998,0.0,0.0,0.0,251.53240000000002,0.3801,251.91250000000002,265.9123
2869,0.1131,0.0001,0.1132,0.0204,0.9991166077738517,0.00088339222614841,6.5448,0.0533,92.5453,86.0005,0.0,0.0,0.0,92.54530000000001,0.0533,92.5986,92.6016
2870,0.188,0.001,0.1889,0.034,0.9952355743779777,0.005293806246691371,10.2348,0.5725,302.2355,292.0007,0.0,0.0,0.0,302.2355,0.5725,302.808,311.3048
2871,0.1197,0.0131,0.1328,0.0239,0.901355421686747,0.09864457831325302,6.6888,8.6562,667.6886,660.9998,0.0,0.0,0.0,667.6886,8.6562,676.3448,706.8433
2872,0.2384,0.0004,0.2388,0.043,0.998324958123953,0.0016750418760469012,13.0914,0.2659,200.091,186.9996,0.0,0.0,0.0,200.091,0.2659,200.3569,205.3569
2873,0.4123,0.0025,0.4148,0.0747,0.9939729990356798,0.006027000964320154,22.644,1.486,559.6435,536.9995,0.0,0.0,0.0,559.6435000000001,1.4859999999999998,561.1295000000001,580.1268
2874,0.1827,0.0279,0.2106,0.0379,0.8675213675213674,0.13247863247863248,10.0332,17.9984,692.0331,681.9999,0.0,0.0,0.0,692.0331,17.9984,710.0314999999999,733.0335
2875,0.3733,0.0021,0.3754,0.0676,0.9944059669685669,0.005594033031433137,20.853,1.2654,408.8534,388.0004,0.0,0.0,0.0,408.8534,1.2654,410.1188,426.1145
2876,0.21,0.0,0.21,0.0378,1.0,0.0,11.7324,0.0094,11.7325,0.0001,0.0,0.0,0.0,11.732500000000002,0.0094,11.741900000000001,12.7454
2877,0.2728,0.0001,0.2729,0.0491,0.9996335654085746,0.0003664345914254306,14.1444,0.039,20.1444,6.0,0.0,0.0,0.0,20.144400000000005,0.039,20.183400000000006,20.1875
2878,0.4802,0.0001,0.4803,0.0864,0.9997917967936707,0.00020820320632937748,27.2934,0.0582,48.2941,21.0007,0.0,0.0,0.0,48.2941,0.058199999999999995,48.3523,48.3555
2879,0.45,0.0208,0.4708,0.0847,0.955819881053526,0.044180118946474084,24.921,13.1879,646.9208,621.9998,0.0,0.0,0.0,646.9208000000001,13.1879,660.1087000000001,701.6101
2880,0.3455,0.0002,0.3456,0.0622,0.999710648148148,0.0005787037037037037,19.6362,0.1143,46.6362,27.0,0.0,0.0,0.0,46.6362,0.11429999999999998,46.7505,47.2539
2881,0.1121,0.02,0.1321,0.0238,0.8485995457986375,0.1514004542013626,6.0552,11.9755,706.0552,700.0,0.0,0.0,0.0,706.0552000000001,11.9755,718.0307000000001,733.5308
2882,0.1796,0.0051,0.1847,0.0333,0.9723876556578235,0.027612344342176503,10.0332,3.2397,643.0331,632.9999,0.0,0.0,0.0,643.0331,3.2397,646.2728,677.273
2883,0.4393,0.0036,0.4429,0.0797,0.9918717543463536,0.008128245653646421,24.7536,2.2484,456.7527,431.9991,0.0,0.0,0.0,456.75269999999995,2.2483999999999997,459.00109999999995,482.9981
2884,0.3045,0.0068,0.3113,0.056,0.9781561194988756,0.021843880501124315,16.722,4.2028,577.7217,560.9997,0.0,0.0,0.0,577.7216999999999,4.202799999999999,581.9245,601.4271
2885,0.3739,0.0001,0.374,0.0673,0.9997326203208556,0.00026737967914438503,20.5326,0.0382,60.5323,39.9997,0.0,0.0,0.0,60.532300000000006,0.0382,60.57050000000001,61.0717
2886,0.2603,0.008,0.2683,0.0483,0.9701826313827805,0.029817368617219533,14.6664,5.0434,713.6657,698.9993,0.0,0.0,0.0,713.6657,5.0434,718.7091,722.7086
2887,0.2404,0.003,0.2434,0.0438,0.9876746096959736,0.012325390304026294,13.0914,1.8935,442.091,428.9996,0.0,0.0,0.0,442.09099999999995,1.8935000000000002,443.98449999999997,453.9865
2888,0.363,0.0003,0.3633,0.0654,0.9991742361684558,0.0008257638315441782,21.1932,0.1772,179.1935,158.0003,0.0,0.0,0.0,179.1935,0.1772,179.3707,180.8687
2889,0.3196,0.0001,0.3197,0.0575,0.999687206756334,0.00031279324366593683,18.1656,0.0886,67.166,49.0004,0.0,0.0,0.0,67.16600000000001,0.08860000000000001,67.25460000000001,67.2544
2890,0.2532,0.0002,0.2535,0.0456,0.9988165680473372,0.0007889546351084812,14.1444,0.1566,164.1445,150.0001,0.0,0.0,0.0,164.1445,0.1566,164.3011,168.3014
2891,0.1816,0.0033,0.185,0.0333,0.9816216216216217,0.01783783783783784,10.2348,2.1577,523.2351,513.0003,0.0,0.0,0.0,523.2351,2.1577,525.3928,543.8894
2892,0.3394,0.0,0.3394,0.0611,1.0,0.0,19.8126,0.0203,24.8128,5.0002,0.0,0.0,0.0,24.8128,0.0203,24.833099999999998,24.8295
2893,0.3404,0.0216,0.362,0.0652,0.9403314917127071,0.059668508287292824,18.6912,13.0463,677.6906,658.9994,0.0,0.0,0.0,677.6906000000001,13.0463,690.7369000000001,713.7399
2894,0.4454,0.0,0.4455,0.0802,0.9997755331088665,0.0,22.9086,0.0304,35.909,13.0004,0.0,0.0,0.0,35.909000000000006,0.030399999999999996,35.939400000000006,35.9371
2895,0.4089,0.0011,0.4099,0.0738,0.9975603805806295,0.002683581361307636,22.644,0.686,405.6435,382.9995,0.0,0.0,0.0,405.64349999999996,0.6859999999999999,406.32949999999994,415.3248
2896,0.1997,0.0044,0.204,0.0367,0.9789215686274509,0.021568627450980395,10.872,2.6293,562.8719,551.9999,0.0,0.0,0.0,562.8719000000001,2.6293,565.5012,578.9999
2897,0.5239,0.0059,0.5298,0.0954,0.9888637221593054,0.0111362778406946,28.7694,3.6024,668.7691,639.9997,0.0,0.0,0.0,668.7691,3.6024000000000003,672.3715,679.8709
2898,0.3057,0.0286,0.3343,0.0602,0.9144481005085254,0.08555189949147472,17.3772,17.3035,578.3781,561.0009,0.0,0.0,0.0,578.3781000000001,17.3035,595.6816000000001,646.1812
2899,0.2477,0.0001,0.2478,0.0446,0.9995964487489911,0.00040355125100887816,13.3776,0.0696,53.3769,39.9993,0.0,0.0,0.0,53.376900000000006,0.06960000000000001,53.44650000000001,54.9455
2900,0.308,0.0016,0.3096,0.0557,0.9948320413436693,0.00516795865633075,17.0586,1.0735,286.0587,269.0001,0.0,0.0,0.0,286.0587,1.0735,287.1322,302.1283
2901,0.1851,0.0033,0.1884,0.0339,0.9824840764331209,0.01751592356687898,10.4274,2.0326,601.4266,590.9992,0.0,0.0,0.0,601.4266,2.0326,603.4592,630.4546
2902,0.5149,0.0,0.5149,0.0927,1.0,0.0,28.0368,0.0214,44.0362,15.9994,0.0,0.0,0.0,44.03620000000001,0.0214,44.05760000000001,44.0586
2903,0.1192,0.0228,0.142,0.0256,0.83943661971831,0.16056338028169015,6.5448,13.9596,647.5455,641.0007,0.0,0.0,0.0,647.5455000000001,13.9596,661.5051000000001,715.509
2904,0.2261,0.0007,0.2268,0.0408,0.9969135802469136,0.0030864197530864196,12.1104,0.4156,266.1105,254.0001,0.0,0.0,0.0,266.1105,0.4156,266.5261,276.022
2905,0.5551,0.0019,0.557,0.1003,0.996588868940754,0.00341113105924596,31.2804,1.1185,312.2803,280.9999,0.0,0.0,0.0,312.28029999999995,1.1185,313.39879999999994,318.3999
2906,0.4644,0.0001,0.4645,0.0836,0.9997847147470398,0.00021528525296017221,26.3988,0.0378,52.3986,25.9998,0.0,0.0,0.0,52.398599999999995,0.0378,52.43639999999999,52.4334
2907,0.5062,0.0052,0.5114,0.0921,0.9898318341806805,0.010168165819319515,28.0368,3.2172,688.0363,659.9995,0.0,0.0,0.0,688.0363,3.2171999999999996,691.2535,704.2558
2908,0.45,0.01,0.4599,0.0828,0.9784735812133073,0.02174385736029572,24.921,6.2949,536.9207,511.9997,0.0,0.0,0.0,536.9207000000001,6.2949,543.2156000000001,577.2196
2909,0.4263,0.0005,0.4268,0.0768,0.9988284910965324,0.0011715089034676663,22.644,0.3286,215.6435,192.9995,0.0,0.0,0.0,215.64350000000005,0.3286,215.97210000000004,220.4735
2910,0.5795,0.0009,0.5804,0.1045,0.9984493452791179,0.00155065472088215,31.8258,0.5458,312.825,280.9992,0.0,0.0,0.0,312.825,0.5458,313.3708,326.8707
2911,0.1093,0.019,0.1283,0.0231,0.8519095869056897,0.1480904130943102,6.0552,12.4831,640.0553,634.0001,0.0,0.0,0.0,640.0553000000001,12.4831,652.5384000000001,685.5393
2912,0.1182,0.007,0.1251,0.0225,0.9448441247002399,0.05595523581135092,6.5448,4.3566,563.5452,557.0004,0.0,0.0,0.0,563.5452,4.3566,567.9018,597.3991
2913,0.2625,0.0169,0.2794,0.0503,0.9395132426628491,0.06048675733715104,14.6664,10.48,648.6658,633.9994,0.0,0.0,0.0,648.6658,10.480000000000002,659.1458,683.6438
2914,0.2173,0.0054,0.2227,0.0401,0.9757521329142343,0.024247867085765606,12.4596,3.3516,648.4602,636.0006,0.0,0.0,0.0,648.4602000000001,3.3515999999999995,651.8118000000001,674.8087
2915,0.3827,0.0006,0.3833,0.069,0.9984346464909992,0.0015653535090007827,21.1932,0.3749,257.1932,236.0,0.0,0.0,0.0,257.1932,0.3749,257.5681,263.5714
2916,0.3224,0.0,0.3224,0.058,1.0,0.0,16.983,0.0121,37.9825,20.9995,0.0,0.0,0.0,37.9825,0.0121,37.9946,37.9897
2917,0.3937,0.005,0.3987,0.0718,0.9874592425382493,0.01254075746175069,21.8052,3.0951,537.8058,516.0006,0.0,0.0,0.0,537.8058,3.0951,540.9009,581.9027
2918,0.2323,0.0202,0.2526,0.0455,0.9196357878068092,0.07996832937450514,13.0914,13.3418,623.0909,609.9995,0.0,0.0,0.0,623.0909000000001,13.341800000000001,636.4327000000002,665.9322
2919,0.1832,0.0005,0.1837,0.0331,0.9972781709308656,0.0027218290691344584,10.2348,0.2803,201.235,191.0002,0.0,0.0,0.0,201.23500000000004,0.28030000000000005,201.51530000000005,206.0161
2920,0.2289,0.0114,0.2403,0.0433,0.9525593008739075,0.04744069912609238,12.7854,6.9958,585.7861,573.0007,0.0,0.0,0.0,585.7860999999999,6.9958,592.7819,620.7859
2921,0.1883,0.002,0.1903,0.0343,0.9894902785076195,0.010509721492380452,10.6092,1.3076,338.6083,327.9991,0.0,0.0,0.0,338.6083,1.3075999999999999,339.91589999999997,363.4136
2922,0.3592,0.0018,0.361,0.065,0.9950138504155126,0.004986149584487534,20.0664,1.0912,221.0658,200.9994,0.0,0.0,0.0,221.06580000000002,1.0912000000000002,222.157,234.655
2923,0.3494,0.002,0.3514,0.0633,0.9943084803642572,0.005691519635742744,19.026,1.288,456.0258,436.9998,0.0,0.0,0.0,456.02580000000006,1.2879999999999998,457.31380000000007,478.3157
2924,0.3936,0.0002,0.3938,0.0709,0.9994921279837482,0.0005078720162519046,22.3758,0.0976,77.3758,55.0,0.0,0.0,0.0,77.3758,0.09759999999999999,77.4734,77.4731
2925,0.4454,0.0001,0.4456,0.0802,0.9995511669658887,0.0002244165170556553,24.462,0.0739,130.4615,105.9995,0.0,0.0,0.0,130.4615,0.0739,130.5354,131.0358
2926,0.4546,0.0042,0.4588,0.0826,0.9908456843940715,0.009154315605928508,24.7536,2.6088,560.7526,535.999,0.0,0.0,0.0,560.7526,2.6088000000000005,563.3614,592.3664
2927,0.1031,0.0091,0.1122,0.0202,0.9188948306595366,0.08110516934046347,5.661,5.6115,511.6607,505.9997,0.0,0.0,0.0,511.6607,5.6115,517.2722,551.2758
2928,0.2307,0.0223,0.2531,0.0456,0.9114974318451204,0.08810746740418807,12.4596,13.4852,662.4604,650.0008,0.0,0.0,0.0,662.4604000000002,13.4852,675.9456000000001,680.9483
2929,0.502,0.0022,0.5042,0.0908,0.9956366521221738,0.00436334787782626,27.8046,1.3326,321.8046,294.0,0.0,0.0,0.0,321.80459999999994,1.3326000000000002,323.13719999999995,333.1353
2930,0.3728,0.0075,0.3803,0.0685,0.9802787273205364,0.01972127267946358,20.4714,4.6584,563.4704,542.999,0.0,0.0,0.0,563.4703999999999,4.6584,568.1288,600.6334
2931,0.1929,0.0001,0.1931,0.0348,0.9989642672190574,0.0005178663904712585,10.872,0.0731,79.872,69.0,0.0,0.0,0.0,79.87199999999999,0.0731,79.94509999999998,83.4405
2932,0.2205,0.0025,0.223,0.0401,0.9887892376681614,0.011210762331838564,12.1104,1.5131,534.1104,522.0,0.0,0.0,0.0,534.1104,1.5131000000000001,535.6235,557.6229
2933,0.2168,0.0,0.2168,0.039,1.0,0.0,12.1104,0.0243,22.1105,10.0001,0.0,0.0,0.0,22.1105,0.024300000000000002,22.1348,22.6305
2934,0.4578,0.0006,0.4584,0.0825,0.9986910994764399,0.0013089005235602093,25.5726,0.4165,229.5726,204.0,0.0,0.0,0.0,229.5726,0.41650000000000004,229.9891,242.4879
2935,0.3612,0.002,0.3633,0.0654,0.9942196531791908,0.005505092210294523,20.5326,1.3218,494.5323,473.9997,0.0,0.0,0.0,494.53229999999996,1.3218,495.85409999999996,523.3492
2936,0.3654,0.0015,0.3669,0.066,0.9959116925592805,0.004088307440719542,20.0664,0.9846,298.0658,277.9994,0.0,0.0,0.0,298.0658000000001,0.9846,299.0504000000001,333.5529
2937,0.428,0.0,0.428,0.077,1.0,0.0,24.3288,0.0145,64.329,40.0002,0.0,0.0,0.0,64.329,0.014499999999999999,64.34349999999999,64.3468
2938,0.3461,0.0191,0.3652,0.0657,0.9476998904709748,0.05230010952902518,18.6912,11.7868,536.6907,517.9995,0.0,0.0,0.0,536.6907000000001,11.786800000000001,548.4775000000001,585.9739
2939,0.2485,0.0073,0.2558,0.046,0.9714620797498045,0.028537920250195463,13.6476,4.7011,535.6466,521.999,0.0,0.0,0.0,535.6466,4.7011,540.3477,568.8456
2940,0.1321,0.0009,0.133,0.0239,0.9932330827067668,0.006766917293233082,7.0722,0.5753,209.0724,202.0002,0.0,0.0,0.0,209.0724,0.5752999999999999,209.6477,219.6525
2941,0.2134,0.0,0.2134,0.0384,1.0,0.0,12.4596,0.012,12.4607,0.0011,0.0,0.0,0.0,12.4607,0.011999999999999999,12.4727,12.9717
2942,0.5063,0.0001,0.5064,0.0911,0.9998025276461295,0.00019747235387045816,27.8046,0.0325,37.8047,10.0001,0.0,0.0,0.0,37.8047,0.0325,37.837199999999996,38.3346
2943,0.4802,0.0261,0.5063,0.0911,0.9484495358483114,0.05155046415168873,27.2934,17.2935,616.2938,589.0004,0.0,0.0,0.0,616.2937999999999,17.293499999999998,633.5872999999999,660.0843
2944,0.3971,0.0111,0.4082,0.0735,0.9728074473297403,0.027192552670259676,21.8052,7.2501,573.8057,552.0005,0.0,0.0,0.0,573.8057,7.2501,581.0558,609.5527
2945,0.3759,0.0082,0.3841,0.0691,0.9786513928664411,0.02134860713355897,20.4714,4.8265,462.4707,441.9993,0.0,0.0,0.0,462.47069999999997,4.8265,467.2972,488.2985
2946,0.4307,0.0026,0.4334,0.078,0.9937701892016614,0.005999077065066912,24.921,1.6488,402.9209,377.9999,0.0,0.0,0.0,402.9209000000001,1.6488000000000003,404.56970000000007,415.5692
2947,0.4393,0.007,0.4463,0.0803,0.9843154828590636,0.01568451714093659,24.3288,4.4018,457.3288,433.0,0.0,0.0,0.0,457.3288,4.4018,461.7306,481.7266
2948,0.3733,0.0001,0.3734,0.0672,0.9997321906802357,0.0002678093197643278,20.853,0.0671,68.8534,48.0004,0.0,0.0,0.0,68.85340000000001,0.0671,68.9205,68.9231
2949,0.3212,0.0001,0.3212,0.0578,1.0,0.0003113325031133251,17.0586,0.0323,26.0587,9.0001,0.0,0.0,0.0,26.058700000000005,0.0323,26.091000000000005,26.0881
2950,0.3903,0.0119,0.4022,0.0724,0.970412729985082,0.029587270014917955,21.8052,7.5095,597.8055,576.0003,0.0,0.0,0.0,597.8054999999999,7.509500000000001,605.3149999999999,640.3158
2951,0.4273,0.001,0.4283,0.0771,0.9976651879523698,0.0023348120476301658,23.4648,0.6549,335.4651,312.0003,0.0,0.0,0.0,335.4651,0.6549,336.12,348.6181
2952,0.502,0.0143,0.5163,0.0929,0.9723029246562077,0.02769707534379237,27.8046,8.5966,541.8046,514.0,0.0,0.0,0.0,541.8046000000002,8.5966,550.4012000000001,591.8981
2953,0.4298,0.0058,0.4356,0.0784,0.9866850321395777,0.013314967860422406,24.2208,3.4803,561.2214,537.0006,0.0,0.0,0.0,561.2213999999999,3.4802999999999997,564.7016999999998,589.7013
2954,0.1115,0.0025,0.114,0.0205,0.9780701754385964,0.021929824561403508,6.2298,1.5467,340.23,334.0002,0.0,0.0,0.0,340.23,1.5467,341.7767,355.2773
2955,0.3604,0.0,0.3605,0.0649,0.9997226074895978,0.0,20.853,0.0178,23.8533,3.0003,0.0,0.0,0.0,23.8533,0.0178,23.871100000000002,24.3722
2956,0.1264,0.027,0.1534,0.0276,0.8239895697522817,0.17601043024771837,6.8238,17.8864,569.8235,562.9997,0.0,0.0,0.0,569.8235,17.8864,587.7099,604.7068
2957,0.413,0.0,0.413,0.0743,1.0,0.0,24.3288,0.017,30.3291,6.0003,0.0,0.0,0.0,30.329100000000004,0.017,30.346100000000003,30.3451
2958,0.3971,0.0248,0.4219,0.0759,0.941218298174923,0.05878170182507703,21.8052,15.3345,493.806,472.0008,0.0,0.0,0.0,493.80600000000004,15.3345,509.14050000000003,555.6447
2959,0.4848,0.0083,0.493,0.0887,0.983367139959432,0.016835699797160243,26.3988,5.3627,498.3984,471.9996,0.0,0.0,0.0,498.39840000000004,5.3627,503.76110000000006,533.7649
2960,0.3592,0.006,0.3652,0.0657,0.9835706462212486,0.01642935377875137,20.0664,3.654,550.0659,529.9995,0.0,0.0,0.0,550.0658999999999,3.654,553.7198999999999,572.722
2961,0.0965,0.0073,0.1037,0.0187,0.9305689488910318,0.0703953712632594,5.436,4.4864,462.436,457.0,0.0,0.0,0.0,462.4360000000001,4.4864,466.9224000000001,486.4236
2962,0.1472,0.0017,0.149,0.0268,0.9879194630872483,0.011409395973154362,8.154,1.1061,522.154,514.0,0.0,0.0,0.0,522.154,1.1061,523.2601,557.2603
2963,0.3971,0.0054,0.4025,0.0724,0.986583850931677,0.013416149068322981,21.8052,3.3754,446.8056,425.0004,0.0,0.0,0.0,446.8056,3.3754,450.18100000000004,469.6774
2964,0.1773,0.0003,0.1776,0.032,0.9983108108108109,0.001689189189189189,9.819,0.197,136.818,126.999,0.0,0.0,0.0,136.818,0.197,137.01500000000001,138.0154
2965,0.5235,0.0199,0.5434,0.0978,0.9633787265366213,0.03662127346337873,28.0368,12.6787,585.036,556.9992,0.0,0.0,0.0,585.0360000000001,12.678700000000001,597.7147000000001,614.215
2966,0.4243,0.0037,0.428,0.077,0.991355140186916,0.008644859813084113,24.3288,2.2631,321.3288,297.0,0.0,0.0,0.0,321.3288,2.2631,323.5919,342.0934
2967,0.3308,0.0,0.3308,0.0595,1.0,0.0,18.1656,0.0254,85.1659,67.0003,0.0,0.0,0.0,85.1659,0.0254,85.1913,86.1948
2968,0.1222,0.0,0.1223,0.022,0.9991823385118561,0.0,7.0722,0.0306,51.0722,44.0,0.0,0.0,0.0,51.072199999999995,0.0306,51.102799999999995,52.0978
2969,0.5793,0.0018,0.581,0.1046,0.9970740103270225,0.003098106712564544,31.2804,1.0992,302.2804,271.0,0.0,0.0,0.0,302.2804,1.0992000000000002,303.3796,327.8844
2970,0.5239,0.0009,0.5248,0.0945,0.9982850609756098,0.0017149390243902437,28.2888,0.5737,185.2891,157.0003,0.0,0.0,0.0,185.28909999999996,0.5737,185.86279999999996,193.3667
2971,0.2993,0.0009,0.3002,0.054,0.9970019986675549,0.0029980013324450365,16.722,0.5411,137.7215,120.9995,0.0,0.0,0.0,137.72150000000002,0.5411,138.26260000000002,152.7618
2972,0.099,0.0009,0.0999,0.018,0.990990990990991,0.009009009009009009,5.436,0.5677,273.4358,267.9998,0.0,0.0,0.0,273.4358000000001,0.5676999999999999,274.0035000000001,298.5055
2973,0.2269,0.0204,0.2473,0.0445,0.9175090982612212,0.08249090173877882,12.7854,13.0169,553.7862,541.0008,0.0,0.0,0.0,553.7862000000001,13.0169,566.8031000000001,601.8031
2974,0.353,0.0004,0.3534,0.0636,0.9988681380871534,0.0011318619128466328,20.0664,0.24,132.066,111.9996,0.0,0.0,0.0,132.06599999999997,0.24,132.30599999999998,141.309
2975,0.4423,0.0036,0.4459,0.0803,0.9919264409060328,0.008073559093967257,23.8824,2.2563,385.8823,361.9999,0.0,0.0,0.0,385.8823,2.2563000000000004,388.1386,411.6432
2976,0.3859,0.0004,0.3863,0.0695,0.9989645353352318,0.0010354646647683149,21.744,0.2345,178.7434,156.9994,0.0,0.0,0.0,178.74339999999998,0.23450000000000001,178.97789999999998,188.9781
2977,0.1765,0.0,0.1765,0.0318,1.0,0.0,10.0332,0.0151,15.033,4.9998,0.0,0.0,0.0,15.032999999999998,0.015099999999999999,15.048099999999998,15.5505
2978,0.099,0.0068,0.1058,0.019,0.9357277882797732,0.06427221172022683,5.436,4.4288,478.4359,472.9999,0.0,0.0,0.0,478.43590000000006,4.428800000000001,482.8647000000001,502.3662
2979,0.3545,0.0017,0.3562,0.0641,0.9952274003368893,0.004772599663110611,19.6362,1.0366,351.6362,332.0,0.0,0.0,0.0,351.6361999999999,1.0366,352.67279999999994,370.1679
2980,0.5923,0.0001,0.5924,0.1066,0.99983119513842,0.0001688048615800135,30.7062,0.0658,33.7059,2.9997,0.0,0.0,0.0,33.7059,0.0658,33.7717,36.273
2981,0.1105,0.0008,0.1113,0.02,0.9928122192273137,0.0071877807726864335,6.3936,0.4964,200.393,193.9994,0.0,0.0,0.0,200.39299999999997,0.4964,200.88939999999997,205.8857
2982,0.2685,0.0002,0.2687,0.0484,0.999255675474507,0.000744324525493115,14.1444,0.1511,82.1445,68.0001,0.0,0.0,0.0,82.1445,0.15109999999999998,82.2956,83.7927
2983,0.1668,0.0003,0.1671,0.0301,0.9982046678635548,0.0017953321364452422,9.0828,0.1914,131.0829,122.0001,0.0,0.0,0.0,131.08290000000002,0.1914,131.2743,137.272
2984,0.2391,0.015,0.254,0.0457,0.9413385826771654,0.05905511811023622,13.59,9.2894,570.5896,556.9996,0.0,0.0,0.0,570.5896,9.2894,579.879,609.3819
2985,0.3665,0.0086,0.3751,0.0675,0.9770727805918422,0.022927219408157826,20.4714,5.3016,452.4706,431.9992,0.0,0.0,0.0,452.4706,5.301599999999999,457.7722,479.7684
2986,0.2097,0.0149,0.2246,0.0404,0.933659839715049,0.06634016028495103,11.322,9.4525,481.3219,469.9999,0.0,0.0,0.0,481.3219,9.4525,490.7744,521.2739
2987,0.1781,0.0002,0.1783,0.0321,0.998878295008413,0.0011217049915872128,10.0332,0.1163,33.0328,22.9996,0.0,0.0,0.0,33.032799999999995,0.11630000000000001,33.1491,36.6443
2988,0.4508,0.0022,0.4529,0.0815,0.9953632148377124,0.004857584455729742,24.7536,1.3,224.7532,199.9996,0.0,0.0,0.0,224.7532,1.2999999999999998,226.0532,260.0487
2989,0.4345,0.0089,0.4434,0.0798,0.9799278304014434,0.020072169598556608,23.4648,5.4787,527.465,504.0002,0.0,0.0,0.0,527.465,5.4787,532.9437,565.4401
2990,0.4066,0.0016,0.4081,0.0735,0.9963244302866945,0.0039206076941926,22.9086,0.9281,250.909,228.0004,0.0,0.0,0.0,250.909,0.9280999999999999,251.8371,282.3417
2991,0.1106,0.0012,0.1118,0.0201,0.9892665474060823,0.01073345259391771,6.2298,0.8092,226.2303,220.0005,0.0,0.0,0.0,226.23030000000006,0.8092,227.03950000000006,257.5352
2992,0.4807,0.0003,0.4811,0.0866,0.9991685720224486,0.0006235709831635834,26.3988,0.1995,140.3986,113.9998,0.0,0.0,0.0,140.3986,0.19949999999999998,140.5981,142.0968
2993,0.1535,0.0002,0.1538,0.0277,0.9980494148244474,0.0013003901170351106,8.154,0.1487,86.1539,77.9999,0.0,0.0,0.0,86.15390000000001,0.1487,86.30260000000001,86.8027
2994,0.5696,0.0,0.5696,0.1025,1.0,0.0,31.2804,0.0155,65.2803,33.9999,0.0,0.0,0.0,65.2803,0.0155,65.2958,65.7924
2995,0.5108,0.0017,0.5125,0.0923,0.9966829268292684,0.0033170731707317072,28.2888,1.1437,240.2892,212.0004,0.0,0.0,0.0,240.2892,1.1437000000000002,241.4329,265.9353
2996,0.3827,0.0205,0.4031,0.0726,0.9493922103696353,0.05085586703051352,21.1932,12.5177,448.1932,427.0,0.0,0.0,0.0,448.1932,12.5177,460.7109,521.7121
2997,0.3765,0.0001,0.3766,0.0678,0.9997344662772172,0.00026553372278279345,20.853,0.0619,41.8535,21.0005,0.0,0.0,0.0,41.8535,0.061900000000000004,41.9154,43.4176
2998,0.4027,0.0075,0.4102,0.0738,0.9817162359824476,0.018283764017552412,21.744,4.8208,545.7432,523.9992,0.0,0.0,0.0,545.7431999999999,4.8208,550.5639999999999,586.5663
2999,0.2955,0.0004,0.2958,0.0532,0.9989858012170385,0.001352265043948614,16.3638,0.2365,104.3637,87.9999,0.0,0.0,0.0,104.3637,0.2365,104.6002,108.596
